:020000040200F8
:10000000C0040022515A000221590002091D0002B9
:10001000615A0002615A0002615A0002615A0002EC
:10002000000000000000000000000000615A000213
:10003000F104000200000000615A0002615A00024F
:10004000E936000219360002C137000249380002C1
:100050008942000271440002C1450002D9460002F3
:08006000E9490002C950000249
:10006800010000000000030041200002612000029E
:1000780000000000FFFFFFFF000000004C8F00029F
:0C00880000000000000000004009000023
:1000A00001460078002808BF7047B0B548F6F462F2
:1000B0004D1CC0F200221468214606F0CFF815F856
:1000C000010B08B12FF009C0BDE8B0407047D4D48F
:1000D00083B070B581B0044605A840F2F045C2F285
:1000E00000250EC005AB4FF48071284622460093D0
:1000F00007F069FA48F6F4612878C0F200210C682C
:1001000050B1013500BF00BF214606F0A7F815F831
:10011000010B08B12FF009C048F695000226C0F285
:100120000020451C0D2000BF214606F097F815F869
:10013000010B013EF8D101B0BDE8704003B070473B
:1001400082B080B582B08C460146CDE9042304AB71
:1001500000206246019300F007F802B0BDE880403D
:1001600002B07047D4D4D4D42DE9F04381B048F61E
:10017000F4660F46C0F20026984634689146DFE8E0
:1001800000F00233132348F2CF500626C0F20020BD
:10019000451C442000BF00BF214606F05FF815F85B
:1001A000010B013EF8D12EE048F60A000626C0F207
:1001B0000020451C572000BF214606F04FF815F8D7
:1001C000010B013EF8D11EE048F6B9200626C0F228
:1001D0000020451C452000BF214606F03FF815F8D9
:1001E000010B013EF8D10EE048F2B6500626C0F2EF
:1001F0000020451C492000BF214606F02FF815F8C5
:10020000010B013EF8D17FB1387848B17D1C00BFA9
:10021000214606F023F815F8010B08B12FF009C0AC
:100220002020214606F01AF848F699300426C0F23C
:100230000020451C3D2000BF214606F00FF815F8B0
:10024000010B013EF8D140F2F0474FF48071C2F249
:1002500000274A463846434607F0B5F940F2000009
:10026000C2F2002001783878D1B148B17D1C00BFBE
:10027000214605F0F3FF15F8010B08B12FF009C076
:1002800048F695000226C0F20020451C0D2000BF54
:10029000214605F0E3FF15F8010B013EF8D10BE014
:1002A00050B17D1C00BF00BF214605F0D7FF15F8F7
:1002B000010B08B12FF009C001B0BDE8F083D4D420
:1002C00082B080B582B08C460146CDE9042304ABF0
:1002D000032062460193FFF747FF02B0BDE880406C
:1002E00002B07047D4D4D4D480B500F02DFA40F2D7
:1002F000F85CEFF3118EC2F2002C002383F3128816
:10030000DCE90032C0185141013041F10001CCE973
:1003100000018EF3118880BD7047D4D4D4D4D4D4D6
:100320002DE9F0410020EFF3118880F3128800F0EE
:100330000FFA40F2F8570446C2F200270D463A7E03
:10034000012A0ED100F04CF958B300F001FA04462E
:100350000D4600F0F9F900196941441C41F100050E
:100360001FE0EFF3108672B600F03AF9B8B100F072
:100370003FF900F0E9F90022EFF3118382F31288CC
:10038000D7E9002580186941013041F10001C7E932
:10039000000183F3118800F0DBF904460D4686F373
:1003A0001088D7E900010019D7E902236941821AB0
:1003B00071EB030205DAD7E9020188F31188BDE881
:1003C000F081C7E9020188F31188BDE8F081D4D437
:1003D0002DE9F04381B040F2F857EFF31185C2F2F6
:1003E00000274FF0000989F31288387600F008F9E9
:1003F000804600F0FDF885F3118800F0A5F900F0C3
:100400009BF944F2402100EE100AC0F20F01B8EE51
:10041000400A9FED241A40F2F05688425FEA2F917D
:10042000797680EE012A797E81EE000A9FED1E1A10
:10043000C2F20026002944F6D351C1F2620102FE45
:10044000000AA0FB0101B6EE002AA0EE012A8809ED
:10045000BDEEC20A87ED040A7861EFF3118489F3D7
:100460001288C6F80090FFF75BFFBFF34F8FBFF312
:100470006F8F00BFBFF34F8FBFF36F8F0546FFF73E
:100480004FFF31682944401A306084F31188C7E96E
:100490000099C7E90299FFF73FFF404601B0BDE868
:1004A000F08300BF0024744900008047D4D4D4D422
:1004B0000120FFF78DBFD4D480B540F2F852C2F2CC
:1004C0000022537E012B0CD1126986464FEAE27C52
:1004D000A0FB02030EFB0C3301FB023150EA2F415B
:1004E00080BD50EA0F411269D31705F047FC80BD6B
:1004F00000F002B8D4D4D4D410B54EF63050CEF2B9
:1005000000000068800631D543F68044CEF2000436
:10051000206CB0F1FF3F04DC4FF000402060FFF79B
:10052000E3FED4F88001C0B202281FD321688907F6
:100530000AD50221216040F21861C2F20021D1E9FE
:1005400000230133C1E9002304280FD321680907E0
:100550000AD50821216040F21861C2F20021D1E9D8
:1005600002230133C1E90223062800D210BD21680D
:1005700089060AD52021216040F21861C2F20021CB
:10058000D1E904230133C1E90423062808BF10BDC3
:1005900008284FF0010C5CEA3C9E40F21861C2F260
:1005A00000210622F646183108E000BF00BF00BF58
:1005B00001320831BEF1010E00D1D7E70CFA02F387
:1005C000206C1842F4D02360D1E9000310F580308C
:1005D00043F10003C1E90003EAE7D4D4D4D4D4D46E
:1005E00043F6C040CEF200000068C00F7047D4D47C
:1005F00043F680404FF00041CEF2000001607047AA
:1006000043F60041CEF20001D1F80002420440F16D
:100610008E80F0B543F60463EFF3108CCEF2000346
:1006200072B64FF000461A6822F001021A600E629C
:100630000E661A6842F004021A60C1F880601A68F7
:1006400042F002021A60D1F80022D2B2022A54D338
:100650004FF600054FF60404CFF6FF75CFF6FF7492
:100660004FF0080E042A41F805E04FF01E050D5129
:100670004FF00304C1F880404FF002070F640C6094
:100680003BD34FF608041327CFF6FF74062A0F5109
:100690004FF60C04CFF6FF740D514FF00C04C1F867
:1006A0008040C1F840E00C6027D34FF610070325C7
:1006B000CFF6FF77062ACD514FF61407CFF6FF7716
:1006C0004FF01E05CD514FF03007C1F880704FF04C
:1006D00020050D640F6010D0082A4FF0010252EA85
:1006E000329E062400BF00BF02FA04F50134C1F8AF
:1006F00080500D640D600FF009C84EF6FC52CEF22A
:100700000002176847F0807747F4441717600E64BB
:100710000E601968002241F00101196041F20001E8
:10072000CEF200010A608CF31088BDE8F040C0F3FF
:1007300080307047D4D4D4D441F6B450C2F20020F3
:1007400000687047D4D4D4D44FF0FF3000217047F4
:1007500043F27C000021CEF2000000687047D4D440
:100760002DE9F04F87B090460E46814600204F6835
:1007700006AA752101238DF81800B8479DF81820A6
:1007800048F6175048F69551C0F20020C0F20021FB
:10079000FFF7D6FC41F25801484605F075FC706839
:1007A000002800F0B080B068002800F0AC80484617
:1007B00096E8BE00BEC040F6B83002F035F8002022
:1007C00089F81C004846C9F8208000F0A5F848F6D2
:1007D00017540546C0F2002448F65F61C0F20021BC
:1007E00020462A46FFF7ACFC484600F029F948F6B7
:1007F0005E4140EA0502C0F2002120460592FFF763
:100800009FFC484601F0B8F90DF11A070490032146
:10081000012248463B4601F047F89DF81A10039024
:1008200001223B4601F08F008DF81A000321484653
:1008300001F0A2F802900021012248463B4601F057
:1008400033F89DF81A10019001223B4601F0FD009B
:100850008DF81A000021484601F08EF807464846F8
:1008600001F0E2F90DF11B06804600210122484605
:10087000334601F019F89DF81B1004460122334657
:1008800041F008008DF81B000021484601F074F883
:1008900082460121484600F08FFE0DF1190683467D
:1008A000022101224846334600F0FEFF9DF8191050
:1008B00005460122334641F001008DF8190002215E
:1008C000484601F059F8DDE903211143029A11432A
:1008D000019A1143394341EA0801214341EA0A01DF
:1008E00041EA0B0129430843059940EA010448F213
:1008F000806148F61750C0F20021C0F20020224665
:10090000FFF71EFC01E04FF0FF34204607B0BDE8C2
:10091000F08FD4D4D4D4D4D42DE9F04381B036258B
:100920000446C0F201050DF1030700208DF8030015
:1009300005F14601012220463B4601F01DF806461E
:1009400005F14301012220463B4601F015F861699B
:1009500003296FD840EA06090420DFE801F0021AF3
:1009600019420DF10306012220462946334600F0C4
:100970009BFF9DF8031007460122334601F0F30068
:100980008DF803002046294600F0F6FF384323E0A7
:1009900000200DF103088DF803004FF00111012232
:1009A0002046434600F0E8FF013D0746012220466D
:1009B0002946434600F078FF9DF8031006460122C1
:1009C000434641F003008DF803002046294600F01D
:1009D000D3FF47EA0601084340EA090001B0BDE839
:1009E000F0830DF1030301222046294600F05CFF4D
:1009F0009DF8032040EA090648F6003048F64851C1
:100A0000C0F20020C0F20021FFF79AFB9DF803100E
:100A100030464D29E2D04D218DF803100DF103032E
:100A2000012206462046294600F0A6FF304301B0C9
:100A3000BDE8F0836FF00A0001B0BDE8F083D4D4C4
:100A40002DE9F04F81B040F204090DF10103C0F22D
:100A5000010901224946044641F2440500278DF868
:100A600001708DF8007000F01FFF616906460139C2
:100A700009F10108012906D86B46012220464146AA
:100A800000F012FF06438DF802700DF1020709F124
:100A90007801012220463B4604EB050A00F06CFF7A
:100AA00040EA060509F17501012220463B4600F0A7
:100AB00063FF054310208DF80200A9F10201012215
:100AC00020463B4600F058FF45EA00064FF4FA6026
:100AD00001F0AAFE48F6571548F20561C0F200255C
:100AE000C0F200212846FFF72BFB09F1710101221A
:100AF00020463B4600F0D8FE9DF8022048F695516E
:100B0000C0F200212846FFF71BFB48F2E8612846A7
:100B1000C0F20021FFF714FB0DF101030122204672
:100B2000494600F029FF616946EA000B01390129B5
:100B300007D86B4601222046414600F01DFF4BEAD4
:100B4000000B48F6571048F20A51C0F20020C0F2DC
:100B50000021FFF7F5FA2046FFF7DEFE804609F197
:100B600036010DF102030122204600F09DFE9DF8A2
:100B700002600746204600F0CBFD054600208AF8BB
:100B80000000AAF8020009F131010DF1030301226E
:100B9000204680EF7F0E8AED011F00F085FE28B908
:100BA0009DF8031001F010018AF8011048EA0B01CA
:100BB000102E41EA070118BF61F00B0129430843D9
:100BC00001B0BDE8F08FD4D42DE9F04F81B040F2F0
:100BD0001F0B0DF10203C0F2010B0122594604461E
:100BE00000F062FE9DF80280054608F00B01022924
:100BF00036D10BF102010DF101030122204600F074
:100C000053FE9DF80110064601F00F010539092930
:100C100006D848F6B860C0F2002050F8219003E0F2
:100C20004CF20049C0F209090DF1030A01222046E5
:100C30005946534600F038FE9DF80310074601223E
:100C4000534641F080008DF803002046594600F0DD
:100C500093FE46EA070108430543484601F0E4FDD8
:100C60000DF10206012220465946334600F01CFED3
:100C70009DF8021007460122334641F003008DF82B
:100C800002002046594600F077FE0646C82001F0D3
:100C9000CBFD5FEA88700AD141F247000444207816
:100CA00028B101F0B9FDC4F80900C4F80D1047EAF5
:100CB0000500304301B0BDE8F08FD4D4D4D4D4D4EF
:100CC00070B582B00446022504208DF80700204646
:100CD000C0F2010500F050FF06460DF107030122A6
:100CE0002046294600F048FE06430A2001F09CFDFC
:100CF0003046AEB99DF8071011F0040110D00DF187
:100D0000070600BF00BF00BF012220462946334628
:100D100000F0CAFD20B99DF8071011F00401F3D1CD
:100D20000546204600F080FF284302B070BDD4D4B1
:100D30002DE9F04182B040F221080DF10707C0F221
:100D400001080C46012241463B46054600F0ACFD39
:100D50009DF80710064601223B4601F0F00041468F
:100D600020438DF80700284600F006FE304302B00D
:100D7000BDE8F081D4D4D4D42DE9F04182B040F262
:100D800021080DF10707C0F201080C460122414677
:100D90003B46054600F088FD9DF8071006460122F7
:100DA0003B4601F09F00414620438DF8070028464E
:100DB00000F0E2FD304302B0BDE8F081D4D4D4D4D9
:100DC0002DE9F04F81B040F21F0B0DF10203C0F28C
:100DD000010B01225946044600F066FD9DF8028091
:100DE000054608F00B01022936D10BF102010DF185
:100DF00001030122204600F057FD9DF80110064630
:100E000001F00F010539092906D848F6B860C0F28B
:100E1000002050F8219003E04CF20049C0F209098B
:100E20000DF1030A012220465946534600F03CFDCD
:100E30009DF8031007460122534641F080008DF8CB
:100E400003002046594600F097FD46EA0701084393
:100E50000543484601F0E8FC0DF102060122204658
:100E60005946334600F020FD9DF802100746012246
:100E7000334641F00C008DF802002046594600F040
:100E80007BFD0646C82001F0CFFC18F00C0F0AD1FC
:100E900041F247000444207828B101F0BDFCC4F8B9
:100EA0000100C4F8051047EA0500304301B0BDE871
:100EB000F08FD4D4D4D4D4D42DE9F04182B040F210
:100EC00020080DF10707C0F201080C460122414637
:100ED0003B46054600F0E8FC9DF807100646012257
:100EE0003B4601F0F000414620438DF807002846BC
:100EF00000F042FD304302B0BDE8F081D4D4D4D438
:100F00002DE9F04182B040F220080DF10707C0F250
:100F100001080C46012241463B46054600F0C4FC50
:100F20009DF80710064601223B4601F09F0041460E
:100F300020438DF80700284600F01EFD304302B024
:100F4000BDE8F081D4D4D4D4F0B581B006260DF13B
:100F50000307C0F201060D46012231463B46044616
:100F600000F0A2FC9DF803102A786B7801F0F801DC
:100F70001143AA78054619433B4642EA01008DF821
:100F8000030001222046314600F0F6FC284301B060
:100F9000F0BDD4D4D4D4D4D42DE9F04381B040F200
:100FA0002B080DF10209C0F201080E46022241464B
:100FB0004B46044600F078FC9DF802100746727814
:100FC000B37801F0B1003178F578002918BF4030CE
:100FD000002A18BF0830002B9DF8031018BF0430FA
:100FE000002D327918BF40F00200737901F0F00152
:100FF000002A18BF0831002B5FEA0F92B3798DF8F1
:101000000200F0791144002B4FF0020218BF0231A8
:101010000028204618BF04318DF8031041464B4686
:1010200000F0AAFC40EA07052F21012220464B468A
:1010300000F03AFC9DF8021045EA0007307A727A17
:1010400001F00701B37A002818BF61F07F01002A80
:10105000F07A18BF4031002B327B18BF20310028B6
:10106000204618BF41F01001002A4FF0010218BFBE
:1010700041F008018DF802102F214B4600F07CFC56
:10108000384301B0BDE8F0832DE9F0438DB0092568
:101090000DF13303C0F20105012205F130010446D0
:1010A00000F002FC10B10DB0BDE8F0839DF83300F4
:1010B000C00703D100200DB0BDE8F0830DF1060399
:1010C00002222046294600F0EFFB41F245069DF83A
:1010D00006209DF807308146A15D0DF12D0704EB38
:1010E0000608102952EA038153EA02823B46D0B235
:1010F000062240EA0120ADF81A00A91C204600F0A3
:10110000D3FBA15D7A1D102907F104010AD1BDF8B6
:101110002D609DF82F709DF8303036BA4FEA164C8E
:10112000164607E0BDF82DC09DF82F309DF83070B1
:101130000E461146097849EA0009307843EA072249
:10114000ADF81020062240EA012005F108010DF15A
:101150002705ADF8120020462B46ADF80EC000F072
:10116000A3FB98F800106E1D102905F1040109D1A8
:10117000BDF827209DF829509DF82A7012BA130C4B
:10118000324607E0BDF827309DF829709DF82A50B7
:101190000A4631460978ADF814301378226A40EADD
:1011A0000900002A47EA0527ADF8167043EA012135
:1011B000ADF818103FF477AF02A9044608469047EF
:1011C00020460DB0BDE8F0832DE9F0410023136007
:1011D0000D78802D00F02B816BB2002B14D441F2DE
:1011E0004503402D00EB03044FF0010010D2AB0685
:1011F00037D4EB065FD40B56451C538213F180079E
:1012000069D00820106067E04FF0FF30BDE8F08142
:101210002378102B50EA009350EA1090CB5C085CC6
:1012200040EA0320D080207810284FF0030050EAD5
:10123000009350EA1090CB5C085C40EA03201081D8
:10124000207810284FF0050050EA009350EA1090E3
:10125000CB5C085C40EA032050810D780720AB0688
:10126000C7D523780F180630102B57EA079357EA93
:1012700017961B78367846EA032393812378102B40
:101280004FF0020353EA039653EA1393BE5DFB5CEF
:1012900043EA0623D3812378102B4FF0040353EA4B
:1012A000039653EA1393BE5DFB5C43EA0623138265
:1012B0000D78EB069FD523780F18851C102B57EA65
:1012C000079357EA17971B783F7847EA032353821F
:1012D000B3F5004F95D100200B7813F00C0F13D00D
:1012E00023784F190235102B57EA079357EA1797BF
:1012F0001B783F7847EA032393800B785F0703D579
:1013000040F0040010600B785F0644D5D788B7F52D
:10131000004F40D01789B7F5004F3CD05789B7F53B
:10132000004F38D0264656F80B3F776867EA03032C
:101330001BB940F0010010601BE01746884601F021
:101340006BFA3A46D6E900738C46C01B42F210771E
:101350006CEB0303C01B414673F1000009D308780E
:10136000400706D400204FF0FF33C6E90030106874
:10137000DFE70B781068C70718BF13F010070AD013
:101380004B5D4F191B0913757B781B095375BB788F
:101390001B0993750B789F0648D59789B7F5004FC1
:1013A00044D0D789B7F5004F40D0178AB7F5004F22
:1013B0003CD054F8037F666866EA07071FB940F01F
:1013C0000200106020E05B071ED40E46174601F0B5
:1013D00023FAD4E90023801A41F26F129941C0F236
:1013E0000102101A4FF0000070EB010109D24FF01A
:1013F000FF31C4E9001038683A4640F00200386016
:1014000001E03A463868314680070FD50878C006B3
:101410000CD5485D294400F00F00D075487800F0E5
:101420000F001076887800F00F00507600231846E1
:10143000BDE8F081D4D4D4D42DE9F04788B041F28E
:1014400046013A26C0F201060DF11F0310F8019083
:101450000122314604460025ADF81C5000F024FA64
:101460009DF81F1011F0060F00F0A08007462046DF
:1014700000F082FB40EA0705F11C07AB0222204680
:1014800000F012FA054304D0204600F0CDFB0543DE
:101490008CE040F24068C2F20028D8E90001013037
:1014A00041F10001C8E90001FEF73AFFFFF704F837
:1014B0001427BDF81C2040F24865B9F1000FC2F2B4
:1014C000002504F1240908BF10277A43C5E900016B
:1014D000711D20464B4600F0E7F98246FEF720FFDB
:1014E000FEF7EAFFD5E9002340F25065C2F200257D
:1014F000801A9941D5E900268018D8E90023714166
:1015000082F06402C5E900011A4313D1642200236A
:101510000026C8E9006604F031FC024648F6CB40DC
:1015200048F62451C0F20020C0F20021FEF708FE68
:10153000C5E90066BAF1000F0AD02046FFF7C0FBEC
:101540000546204600F070FB284340EA0A052DE0DE
:10155000BDF81C00C0B10025E846002607E000BF2A
:10156000BDF81C00013517FA86F685420CD219FA2F
:1015700086F120464246FFF727FE68B9216A002916
:10158000EED040468847EBE7204600F04DFB0028B0
:101590000BD4BDF81C5009E02046FFF791FB204614
:1015A00000F042FB4FF0FF3500E00546284608B04A
:1015B000BDE8F087D4D4D4D42DE9F04381B041F212
:1015C00047020D460446815400F0D6FA002D62D041
:1015D000012D40F0938040F228080DF10309C0F27C
:1015E0000108012208F10D07204639464B46012625
:1015F00000F05AF99DF80310054601224B4601F010
:101600009F00394640308DF80300204600F0B4F9C1
:1016100005430122204641464B4600F045F99DF81E
:101620000310054301224B4601F0FC004146023005
:101630008DF80300204600F09FF9054300210122A8
:1016400020464B4600F030F99DF803100543012277
:101650004B4641F001008DF803000021204600F0C8
:101660008BF905430121012220464B4600F01CF96D
:101670009DF80310054301224B4601F0D0000121E3
:1016800027308DF80300204600F076F945EA000780
:1016900008F1010526E040F228080DF10306C0F22A
:1016A00001080122204641463346012500F0FCF89E
:1016B0009DF8031007460122334641F001008DF8E2
:1016C00003002046414600F057F90743012101225B
:1016D0002046334600F0E8F89DF8036007430420F5
:1016E00060F302060DF103030122204629468DF81E
:1016F000036000F041F947EA000501E04FF0FF35D3
:10170000204600F091FA284301B0BDE8F083D4D41C
:1017100060B370B50446C06858B304F11802656838
:101720001F2101232046A84705460028E06818BF6E
:101730006FF00205F8B104F11902D4F804C02021B9
:1017400001232046E047E168002818BF6FF002053A
:1017500099B104F11A02D4F804C0212101232046D2
:10176000E047002818BF6FF0020008E06FF00A00A1
:1017700070476FF0040565F004056FF00400054341
:1017800004F11B0200212046002600F005F8284342
:10179000267770BDD4D4D4D42DE9F04182B09046E0
:1017A0000F4604460E0A8DF8056000F0E5F9002E9C
:1017B000064610D0206958B1A5680DF105027C21BC
:1017C00001232046A847002818BF6FF0020001E05F
:1017D0006FF00400064320698DF8067058B1A768C1
:1017E0000DF106027D2101232046B847002818BFCD
:1017F0006FF0020001E06FF0040006430A2001F0E0
:1018000013F8E06850B167687E2101232046424604
:10181000B847002818BF6FF0020001E06FF0040025
:1018200046EA00050A2000F0FFFF9DF80500A8B178
:10183000206900284FF000008DF806000BD0A76843
:101840000DF106027C2101232046B847002818BF6D
:101850006FF0020001E06FF004000543217F207E5D
:10186000012913D1216900F0EF008DF807002076DF
:1018700081B1A7680DF107021F2101232046B84757
:10188000217F002818BF6FF0020006E0C0F30010AF
:10189000013802E06FF0040001212843013921776B
:1018A00002B0BDE8F081D4D42DE9F04F85B0002816
:1018B000029142D01646002A42D0074640F21F0B42
:1018C00040F221091D4607F11A044FF0000AC0F248
:1018D000010BC0F20109DDF808801B30019007F10F
:1018E0001900049007F11800039008E001980078AF
:1018F0002870013E05F1010508F1010836D0D845F0
:1019000006DCB8F1000FF1D0D8450398EFD008E01D
:10191000C8452046EBD02020C0F201008045049845
:10192000E5D00298C0030ED41FFA88F138462A4643
:10193000FFF732FF4AEA000ADBE76FF00A0A15E018
:101940004FF0000A12E0F868864202D96FF00400F6
:101950000AE07C685FFA88F138462A463346A04799
:10196000002818BF6FF002004AEA000A504605B08E
:10197000BDE8F08FD4D4D4D42DE9F04F89B000283D
:1019800000F0D6800446002A00F0D5801F268B4642
:10199000C0F20106174698464FF0000A04F11B00FA
:1019A000039004F11A00069004F11900059004F167
:1019B0001800049001F48030079000910292019386
:1019C00012E000BF00BF00BFC0F300100138217F4C
:1019D00028434AEA000A01392177013F08F101084A
:1019E0000BF1010B00F0A080B34509DCBBF1000F47
:1019F00013D0B345049811D013E000BF00BF00BF5F
:101A00002120C0F201008345069807D02020C0F2B3
:101A100001008345059801D003E0039898F8001071
:101A2000017007980028D8D14FEA1B208DF82100BB
:101A3000204600F0A1F89DF8211081460029216977
:101A400012D061B1A5687921012320460DF1210250
:101A5000A847002818BF6FF00200216902E06FF06C
:101A60000400002149EA00098DF822B0C1B1A5683F
:101A70007A21012320460DF12202A847216900287E
:101A800018BF69F0020969B1A5687B2101232046CE
:101A90004246A8470546002818BF6FF0020503E03C
:101AA00069F004096FF004050A2000F0BDFE9DF8FE
:101AB000210098B1206900284FF000008DF8220025
:101AC0000FD0A5687921012320460DF12202A847F5
:101AD0000546002818BF6FF0020504E045EA090535
:101AE00001E06FF00405217F207E1F260129C0F24E
:101AF00001067FF469AF216900F0EF008DF8230043
:101B0000207671B1A6681F21012320460DF1230222
:101B1000B0471F260028C0F2010618BF6FF0020070
:101B200055E76FF0040052E7029ADDE9001307E081
:101B30006FF00A0A19E04FF0000A01F480300790B4
:101B4000079890B12069824202D96FF004000AE040
:101B50001646A768C9B220461A463346B847002839
:101B600018BF6FF002004AEA000A504609B0BDE80B
:101B7000F08FD4D4D4D4D4D470B12DE9F04782B04E
:101B8000017F0446007E51B1C0F3001001380131DD
:101B9000217702B0BDE8F0876FF00A007047216935
:101BA00040F010008DF80700207699B3A7680DF17A
:101BB00007021F2101232046B84720B16FF0020021
:101BC00002B0BDE8F08700F027FE44F24029054648
:101BD0000E464FF000080DF1070AC0F20F0900BFD2
:101BE000E068B8B167680021012320465246B84733
:101BF0000028E3D100F010FE401BB141B9EB00001A
:101C000078EB01000BD39DF807000007E8D5217F92
:101C10000020BCE76FF0040002B0BDE8F0876FF071
:101C2000030002B0BDE8F087D8B1027F017E012A2F
:101C30001AD110B582B0026901F0EF018DF80710DA
:101C40000176AAB1D0F808C00DF107021F210123C7
:101C50000446E04701462046002918BF6FF0020104
:101C600008E06FF00A007047C1F30011013904E089
:101C70006FF0040102B0BDE81040027F013A027724
:101C800008467047D4D4D4D410B540F25864A82183
:101C9000C2F20024204604F0F7F9032020616061BD
:101CA00048F61B3040F20071C0F20020A061C2F281
:101CB0000021E1614FF4806121620021A162616233
:101CC000E16240F6003220664FF0100E48F6E06008
:101CD000C2F200226266C4F868E02167E1666167CB
:101CE000BFF35F8FC0F200200F3000BF00BF00BF06
:101CF00010F8011904F8011B0FF007C0BFF35F8F44
:101D000010BDD4D4D4D4D4D470B548F6C95072B66A
:101D10004EF62856C0F20020CEF20006FEF7C0F9BB
:101D200048F69500C0F20020FEF7BAF97068002866
:101D300007D47068400010D548F68810C0F2002023
:101D400003E048F66C10C0F20020FEF7A9F948F64F
:101D50009500C0F20020FEF7A3F948F6B510EFF3A6
:101D60000884C0F20020FEF79BF948F69505C0F202
:101D700000252846FEF794F948F611002168C0F2C4
:101D80000020FEF7A5F948F69E306168C0F20020F9
:101D9000FEF79EF948F2C840A168C0F20020FEF7A5
:101DA00097F948F22B60E168C0F20020FEF790F945
:101DB00048F61D002169C0F20020FEF789F948F6B7
:101DC00029006169C0F20020FEF782F948F635006B
:101DD000A169C0F20020FEF77BF948F2D650E16914
:101DE000C0F20020FEF774F948F23760C0F200201C
:101DF000FEF756F92846FEF753F948F208703168A5
:101E0000C0F20020FEF764F948F67C4056F8241C26
:101E1000C0F20020FEF75CF948F2BD507168C0F2D4
:101E20000020FEF755F948F2E250C0F20020FEF71C
:101E300037F92846FEF734F948F6D610EFF3058156
:101E4000C0F20020FEF744F9306880010BD548F657
:101E5000E310C0F20020FEF723F948F69500C0F227
:101E60000020FEF71DF93068C0010BD548F6C020F0
:101E7000C0F20020FEF714F948F69500C0F20020E9
:101E8000FEF70EF93068C0022AD548F6AD40C0F220
:101E90000020FEF705F948F69500C0F20020FEF795
:101EA000FFF848F6E2302146C0F20020FEF710F9B4
:101EB00048F6A450EFF30A81C0F20020FEF708F9BB
:101EC00048F2E240EFF30981C0F20020FEF700F98A
:101ED00048F21A70EFF30B81C0F20020FEF7F8F819
:101EE000306800030BD548F63020C0F20020FEF722
:101EF000D7F848F69500C0F20020FEF7D1F8306818
:101F000040030BD548F6F850C0F20020FEF7C8F8A1
:101F100048F69500C0F20020FEF7C2F83068800352
:101F20000BD548F60120C0F20020FEF7B9F848F6BC
:101F30009500C0F20020FEF7B3F83068C0030BD55F
:101F400048F62430C0F20020FEF7AAF848F69500C3
:101F5000C0F20020FEF7A4F83068800515D548F6D9
:101F6000F130C0F20020FEF79BF848F69500C0F271
:101F70000020FEF795F83068000406D548F61740B3
:101F80003169C0F20020FEF7A3F83068C0050BD518
:101F900048F23B50C0F20020FEF782F848F6950068
:101FA000C0F20020FEF77CF800BE70BDD4D4D4D4BB
:101FB00080B540F240008021C2F2002004F064F8B5
:101FC00040F6103C49F2AC0040F61432C2F2002C4C
:101FD000C0F20020C2F200220023CCF80030D0E989
:101FE00000011360BDE8804000F0EEBFD4D4D4D42B
:101FF0000179042923D140F6143140F24003C2F2A2
:1020000000218068C2F200230A68985408680130F1
:1020100008600868802801D10020086040F6103070
:102020000968C2F200200268914208D101680131BA
:1020300001600168802918BF704700210160704766
:1020400049F2AC01C0F2002109684A6A1071486A7D
:10205000816C8900FCD500207047D4D4D4D4D4D46A
:102060002DE9F04182B040F6103640F61437C2F246
:102070000026C2F2002700BF30683968884201D1CB
:1020800000BFF9E730683968884213D23868316890
:10209000884240F240013068C2F200215FEA0F94AA
:1020A00001440DF10700224603F0F2FF306820449E
:1020B000306003E030683968884204D19DF8070039
:1020C00002B0BDE8F08130683968081A40F2400279
:1020D00010F1800530685FEA0F94C0F1800031682C
:1020E000C2F200221144A0421DD230680DF107084F
:1020F000C0F18002404603F0CBFF002D6FF07F005F
:1021000050EA0090316800220844316832603A6831
:10211000824252EA3084A8EB010040F24001803054
:10212000C2F20021BFE70DF10700224603F0B0FF25
:1021300030682044306030688028BFD10020B7E785
:1021400088B000200026FEF743F9FFF79DFDFFF75A
:102150002FFF48F6CF00C0F2002004F0AAF848F69E
:102160007740C0F2002004F0A4F848F64E2048F66C
:102170002F41C0F20020C0F2002104F085F849F29E
:102180002400C0F2002000F063FB49F26C00C0F2B2
:10219000002000F05DFB00F097FD48F61070C0F2E3
:1021A0000020D0E90041204602F072FB40F61831D1
:1021B00042F20952C2F2002140F6303542F2C940E3
:1021C000C0F200227E23C1E90223C2F2002542F2BE
:1021D0004952C0F20020C1E90060C0F20022284646
:1021E000C1E90436FEF7BCFA41F68A3003A9C2F20F
:1021F0000020ADF80C608DF80E6006702846FEF7E2
:10220000A3FE58B1024648F65B5048F22971C0F26D
:102210000020C0F20021FEF753F8D4E004968DF8B8
:102220001C60CDE9056601208DF8120040F63030C3
:10223000C2F2002004A9FEF7AFFE58B1024648F6EC
:102240005B5048F26051C0F20020C0F20021FEF75E
:1022500037F8B8E040F630300121C2F20020FFF735
:10226000ABF958B1024648F65B5048F66551C0F2EA
:102270000020C0F20021FEF723F8A4E040F6303041
:10228000C2F20020FEF71CFD58B1024648F65B5032
:1022900048F66021C0F20020C0F20021FEF710F8DD
:1022A00091E040F630304021C2F20020FEF764FD9C
:1022B00058B1024648F65B5048F25271C0F2002015
:1022C000C0F20021FDF7FCFF7DE040F63035002133
:1022D000C2F200252846FEF713FE58B1024648F622
:1022E0005B5048F61D11C0F20020C0F20021FDF73E
:1022F000E7FF68E041F6B0300121C2F200206E69CC
:1023000001700A212846FEF713FD002E024650B147
:1023100048F65B5048F63541C0F20020C0F200217B
:10232000FDF7CEFF4FE040F630300A21C2F2002028
:10233000FEF7C2FD58B1024648F65B5048F6D70199
:10234000C0F20020C0F20021FDF7BAFF3BE040F6EA
:102350003030C2F20020FEF737FC58B1024648F692
:102360005B5048F28551C0F20020C0F20021FDF719
:10237000A7FF28E040F63030C2F20020FEF720FD33
:1023800058B1024648F65B5048F67E61C0F2002024
:10239000C0F20021FDF794FF15E040F63030C2F2A4
:1023A0000020FEF771FE58B1024648F65B5048F631
:1023B000E641C0F20020C0F20021FDF781FF02E0FB
:1023C000204602F0ADFA48F6DC70C0F20020D0E9F9
:1023D0000041204602F04CFB30B1014648F6126045
:1023E000C0F2002003F050FF204602F00DFD30B196
:1023F000014648F6AA30C0F2002003F045FF48F637
:10240000587041F68839C0F2002041F6893B48F601
:10241000703648F6B35748F6802540F630380468E1
:10242000C2F200294FF0000AC2F2002BC0F20026CF
:10243000C0F20027C0F20025C2F2002800BF00BF92
:1024400001204FF47A7103F027FA99F8000001286F
:1024500012D14FF4857120460DF1070289F800A0D2
:1024600001F006FB9DF807004FF4857101285FEA33
:102470000F92204601F010FB9BF80000012812D1BA
:1024800004A803A902AA8BF800A000F0A5FB30461F
:1024900003F00FFF04993846DDE9023203F0F4FE41
:1024A000284603F006FF41F68A30C2F20020007889
:1024B0000128C5D141F68A30C2F2002080F800A080
:1024C0004046FEF7B9FFBBE710B582B0144649F2AB
:1024D0006C00C0F2002008229BB20093234600F05B
:1024E000C7F9044650B148F6FF0048F69801C0F21B
:1024F0000020C0F200212246FDF7E2FE204602B095
:1025000010BDD4D4D4D4D4D410B582B0144649F27A
:102510006C00C0F2002008229BB20093234600F01A
:102520006BFA044650B148F6895048F29A61C0F2FD
:102530000020C0F200212246FDF7C2FE204602B074
:1025400010BDD4D4D4D4D4D42DE9F0412DED028BD8
:1025500096B041F6903140F6FF73C2F2002141F689
:10256000B037C2F2002741F6AC340A68C2F2002448
:1025700001320A60EDEE103A41F6943371FE4D0FD0
:1025800098ED030FC2F200233F7871FE4D0F93EDDB
:10259000003F002F22EF400871FE4D0F83ED001F1A
:1025A00041F6A033C2F2002331FE4D8F98ED060FA5
:1025B00093ED003F22EF400871FE4D0F83ED001FA9
:1025C00018BF3227B0F91200BA42226810442060C6
:1025D00040F0D5800020086048F2CD70C0F20020A5
:1025E00003F067FE48F29440C0F2002003F061FE61
:1025F0004FF0030E41F6A03841F69436C2F200289F
:10260000C2F2002648F21F503146C5F2EB10424696
:102610000B68156853FB00F355FB00F51F1107EB22
:10262000D37341F8043B2B1103EBD57342F8043B01
:102630000FF013C0216851FB00F0011101EBD070C5
:10264000206048F6266096E80E00C0F2002003F0F5
:102650001BFE48F6493098E80E00C0F2002003F057
:1026600013FE48F2F1402168C0F2002003F00CFE96
:1026700048F6A720C0F2002003F01BFE4FF0030E27
:102680009FED410B04A89FED421B0AA910AA3346F7
:102690009FED412B45469FED423B00BF00BF00BF71
:1026A00053F8047B04EE107AB8EEC44B55F8047B63
:1026B00024EE004B24EE014BA2EC024B04EE107A08
:1026C000B8EEC44B24EE024BA1EC024B24EE034BBC
:1026D000A0EC024B0FF01DC094ED000A10A8B8EE5C
:1026E000C00BB6EE001BB3EE098B00EE018B90EC35
:1026F000060B53EC102B48F64100C0F200208DED84
:10270000001B8DED022B03F0BFFD0AA890EC060B19
:1027100053EC102B48F29C70C0F200208DED001B92
:102720008DED022B03F0B0FD04A890EC060B53ECEA
:10273000102B48F2B560C0F200208DED001B8DED2E
:10274000022B03F0A1FD53EC182B48F68E40C0F28B
:10275000002003F099FD48F25A600021C6E90011FB
:10276000C0F20020B160C8F80810C8E9001121606B
:1027700016B0BDEC028BBDE8F04103F09ABD16B077
:10278000BDEC028BBDE8F081000000000000203F9E
:1027900005A3923A019D2340000000000040AF3F96
:1027A00011DD52A246DF913F41F68A300121C2F28B
:1027B000002001707047D4D4007900B1704741F611
:1027C0008C304CF6CD42C2F20020CCF6CC420168EF
:1027D000013101604A43B2F1333F06D841F6883CEB
:1027E0000123C2F2002C8CF8003049F699134FEA0D
:1027F0007202C1F699139A4205D841F68932012333
:10280000C2F200221370B1F1704F18BF704700215F
:1028100001607047D4D4D4D480B5FDF781FDBDE804
:102820008040FDF749BED4D4012103F035B8D4D49B
:10283000022818BF704741F6844049F26831C2F25D
:102840000020C0F2002101F05FB8D4D4D4D4D4D495
:1028500010B5044640684068816807C9126890470F
:1028600094E8070012689047002010BDD4D4D4D457
:10287000B0B582B041F6B1359E46C2F20025DDF812
:1028800018C0082A4FF000022A7001D1012204E08A
:102890000B0A8DF80710022219465FFA8CF3846840
:1028A0008DF80610006842EA032324690DF1060141
:1028B0007246A04770B1044648F64D6048F6E021E4
:1028C000C0F20020C0F200212246FDF7F9FC2046AC
:1028D00002B0B0BD4FF2C024CFF6FC7400BF00BF01
:1028E0002878410713D4800713D40120012102F076
:1028F000D3FF0134F4D348F64D6048F28271C0F240
:102900000020C0F20021FDF7DBFC1424DFE70024E7
:10291000DDE748F64D6048F63F11C0F20020C0F2F6
:102920000021FDF7CDFC2878C0F34004CFE7D4D4D4
:10293000B0B582B041F6B1359E46C2F20025DDF851
:1029400018C0082A4FF000022A7001D1012204E0C9
:102950000B0A8DF80710022219464FF40073BCF1E0
:10296000080F08BF4FF4807384688DF80610134475
:10297000006824690DF106017246A04770B1044653
:1029800048F61E2048F6E021C0F20020C0F20021E7
:102990002246FDF795FC204602B0B0BD4FF2C024A0
:1029A000CFF6FC7400BF00BF2878410713D480071E
:1029B00013D40120012102F06FFF0134F4D348F653
:1029C0001E2048F28271C0F20020C0F20021FDF703
:1029D00077FC1424DFE70024DDE748F61E2048F6E4
:1029E0003F11C0F20020C0F20021FDF769FC2878F9
:1029F000C0F34004CFE7D4D4F0B581B041F6B1378D
:102A000041F6B236C2F200270446069D082AC2F2F9
:102A100000264FF00000387006D1802D06F101002D
:102A200031700ED37F2205E07F2D48BA308010D35D
:102A3000701C7E22194603F02BFBA16820688022BF
:102A40000FE019462A4603F023FBA16820686A1CA0
:102A500007E0B01C19462A4603F01AFBA16820685B
:102A6000AA1CCB6831469847044668B148F2B54085
:102A700048F6E021C0F20020C0F200212246FDF716
:102A80001FFC204601B0F0BD4FF2C024CFF6FC740D
:102A90003878410713D4800713D40120012102F0B4
:102AA000FBFE0134F4D348F2B54048F28271C0F223
:102AB0000020C0F20021FDF703FC1424E1E700240C
:102AC000DFE748F2B54048F63F11C0F20020C0F2FF
:102AD0000021FDF7F5FB3878C0F34004D1E7D4D4EA
:102AE000B0B541F6B135082AC2F200254FF0000218
:102AF000049C2A7041F6B232C2F2002205D1082CA1
:102B0000117009D1537002220EE0082C49BA1180CD
:102B100007D19370032207E059BAA2F801100322EB
:102B200002E059BA5180042281680068CB6841F6FE
:102B3000B231C2F20021984768B1044648F6B200AB
:102B400048F6E021C0F20020C0F200212246FDF745
:102B5000B7FB2046B0BD4FF2C024CFF6FC7400BFD7
:102B60002878410713D4800713D40120012102F0F3
:102B700093FE0134F4D348F6B20048F28271C0F2F9
:102B80000020C0F20021FDF79BFB1420B0BD002007
:102B9000B0BD48F6B20048F63F11C0F20020C0F2C6
:102BA0000021FDF78DFB2878C0F34000B0BDD4D4E0
:102BB000007A032888BF704741F6B13241F2040120
:102BC000C2F20022C000C0F2082121FA00F0117800
:102BD000084310707047D4D42DE9F04385B0064601
:102BE00049F2240014460D46C0F200200DF10B03FB
:102BF0001821082208270097FFF79AFE60B10746C0
:102C000048F6860048F67401C0F20020C0F20021A8
:102C10003A46FDF755FB53E09DF80B0040060BD4F8
:102C200048F6860048F6C501C0F20020C0F2002137
:102C3000FDF746FB122743E049F224000DF10B0398
:102C4000C0F200200021082209270097FFF710FE9C
:102C500048B1074648F6860048F2F671C0F20020F7
:102C6000C0F20021D4E79DF80B009DF80C109DF8F0
:102C70000D209DF811309DF80E7040F2000C0003FD
:102C8000CFF6F87C120340EA011E4CEA13189DF8B7
:102C90000F109DF8100042EA07199DF812709DF878
:102CA0001330090308EB0E0241EA001032604CEACF
:102CB000171100274CEA1312494429601044206080
:102CC000384605B0BDE8F083B0B582B049F22400C3
:102CD0000DF10703C0F200203921082208250095D4
:102CE000FFF726FEB0B1044648F2D44048F674011E
:102CF000C0F20020C0F200212246FDF7E1FA48F2BE
:102D0000757048F6F321C0F20020C0F20021FDF7F3
:102D1000D7FA5CE09DF80740102C4DD149F2240011
:102D20001C21C0F200200822802308250095FFF70F
:102D3000D7FEB8BB19204FF47A7102F0ADFD49F20D
:102D400024001A21C0F20020082264230095FFF716
:102D5000C7FE38BB49F224001B21C0F20020082224
:102D6000E02308250095FFF7BBFED8B949F22400FF
:102D70001C21C0F20020082202230095FFF7B0FEBC
:102D800080B90A204FF47A7102F086FD49F22400DE
:102D90001D21C0F200200822192308250095FFF705
:102DA0009FFEB8B1044648F2757048F60A11C0F2A9
:102DB0000020C0F2002107E048F2757048F6BF31EC
:102DC000C0F20020C0F200212246FDF779FA204629
:102DD00002B0B0BD0024FAE780B5FFF7B1F90020DA
:102DE00080BDD4D4D4D4D4D402460160486843F220
:102DF00021335060C3F22C23886890600869D06149
:102E0000C8681062002000211176D3607047D4D4C6
:102E100001464268002000235360CB607047D4D441
:102E200000F00AB8D4D4D4D400F03AB8D4D4D4D46E
:102E300000F066B8D4D4D4D42DE9F04104464068FB
:102E4000D0E90105A0421BD0A6688846A9681746AC
:102E5000327B28680B69B1689847002818BFBDE825
:102E6000F0816068002322464460A9682868D1F890
:102E700014C0F169E0473A46414608B1BDE8F08127
:102E8000207E002851EA108352EA1080C4E904032E
:102E9000AB682868D3F804C00023BDE8F041604760
:102EA0002DE9F04104464068D0E90105A0421BD05D
:102EB000A6688846A9681746327B28680B69B168FE
:102EC0009847002818BFBDE8F081606800232246BB
:102ED0004460A9682868D1F814C0F169E0473A460F
:102EE000414608B1BDE8F0810020C4E90400AB68A8
:102EF0002868D3F808C00023BDE8F0416047D4D467
:102F00002DE9F04381B0054640681C469146D0E962
:102F10000107A84217D0AE688846B9683868327B86
:102F20000B69B168984758B9686800232A4645601C
:102F3000B9683868D1F814C0F169E047414610B16A
:102F400001B0BDE8F083C4F30720C5E90409BA68FD
:102F500038680123D2F808C0E2B201B0BDE8F043FE
:102F60006047D4D4D4D4D4D470B584B00468007984
:102F7000616800F0FE02022A8868216A019113D17B
:102F8000616900268DF80C60A9B182680068002391
:102F900055682269A847C4E9046680B1E169032045
:102FA0008DF80C0049B90AE081680068C968884753
:102FB00003208DF80C00E16909B101A8884704B02D
:102FC00070BDD4D4D4D4D4D42DE9F0470D460978BB
:102FD00048F200020446C4F2350202EB01206062AE
:102FE000002020702562A2786969A162A969C4E9FC
:102FF0000B0122F00300D5F81C80411CA1706978F8
:1030000011B940F00200A07095F90B204EF20019A2
:10301000CEF200090126500902F01F034CF2003ADB
:10302000A97A09EB800006FA03F3C4F2000A4EF60F
:10303000185CC0F88030CEF2000CBFF34F8FBFF3A6
:103040006F8F5AF82230002A23F480334AF8223056
:103050004FEA01115AF8223004D409EB020383F835
:10306000001304E002F00F03634403F8041C41F66C
:1030700080510120C2F2002141F8224095F905203B
:10308000530902F01F06B0402E7909EB8303002A92
:10309000C3F880004FEA0613BFF34F8FBFF36F8F63
:1030A0005AF8220020F480304AF822005AF8220010
:1030B00004D409EB020080F8003304E002F00F00B2
:1030C000604400F8043C41F82240012695F90720AD
:1030D000500902F01F0306FA03F3AE7909EB8000F2
:1030E000002AC0F880304FEA0613BFF34F8FBFF3BA
:1030F0006F8F5AF8220020F480304AF822005AF8E4
:10310000220004D409EB020080F8003304E002F04E
:103110000F00604400F8043C41F82240012695F974
:103120000920500902F01F0306FA03F32E7A09EB77
:103130008000002AC0F880304FEA0613BFF34F8F9B
:10314000BFF36F8F5AF8220020F480304AF8220033
:103150005AF8220004D409EB020080F8003304E09E
:1031600002F00F00604400F8043C41F822400120C6
:10317000EFF3108680F3108828784FF0004121FA91
:1031800000F043F20401C4F220010A6822EA0000C0
:10319000086008681E20012102F07EFB86F310887B
:1031A0004FF48061606A4FF480428160E869E97899
:1031B0006E78437802EA8131077866F30921DA03F1
:1031C000437B92B207F0030703F00103114441EA85
:1031D0004352636A42EA0762416802F580525A61CB
:1031E000027802F0FE03022B07D14FF60471022A87
:1031F000CFF6007108BF203100E00968626A1161F2
:103200000C22017BAB78877862F39F014FF4407208
:10321000022B08BF4FF48072002B07F00103676A8E
:1032200018BF114341EA0371F960626A002191619C
:103230002A78092A04D8626A0023C1F61F735362F0
:10324000B0F80F20807B636A40EA022041F60172E9
:10325000C0F21F0210401863206AC4E90411C4E9D7
:103260000611C569A160687C50B34EF25400C4F2E7
:103270000100017801F00F01022901D801220BE0C1
:10328000CA1E052A06D249F2CC31C0F2002151F8FB
:10329000226003E00839102202FA01F6407800F0BB
:1032A0000F0002F0A9FA41F6B452697CC2F2002282
:1032B000B0FBF6F012685143B1FBF0F00130A060B2
:1032C000606AB8F80A101022A181C9F60752826616
:1032D000206A90F905104A0901F01F035AF82100ED
:1032E00020F480304AF821005AF8210009F5C07016
:1032F0000121BFF35F8F01FA03F340F8223049F850
:103300002230226A92F90B205AF8223023F48033BB
:103310004AF822305AF82230530902F01F02BFF354
:103320005F8F01FA02F240F8232049F82320226A35
:1033300092F907205AF8223023F480334AF82230D9
:103340005AF82230530902F01F02BFF35F8F01FACF
:1033500002F240F8232049F82320226A92F909203A
:103360005AF8223023F480334AF822305AF82230B7
:10337000530902F01F02BFF35F8F914040F8231002
:1033800049F8231040F21141606AC0F201018160E6
:10339000606A00BF00BF00BF017FC907FCD044F6D0
:1033A00042110020C5F243316160BDE8F087D4D4FA
:1033B00003460020C3E906127047D4D4D4D4D4D431
:1033C000D0F824C0DCF8083023F44013CCF80830DF
:1033D000D0F824C000BF00BFDCF848305B00FBD54C
:1033E000DCF8083023F01003CCF80830D0F824C003
:1033F0009CF81C30DB06FBD4C0E904120020DCF88A
:10340000081041F01011CCF808107047D4D4D4D46F
:103410002DE9F0410446406A4FF6EE728846866810
:10342000CFF6CE7232408260206A00222261C769E4
:10343000A260787C50B34EF25400C4F201000178CF
:1034400001F00F01022901D801220BE0CA1E052A52
:1034500006D249F2CC31C0F2002151F8225003E0EB
:103460000839102202FA01F5407800F00F0002F04E
:10347000C3F941F6B452797CC2F20022B0FBF5F0F8
:1034800012685143B1FBF0F00130A060606AD8F8D7
:10349000001026F4401201610020616A8A60BDE8D4
:1034A000F081D4D4D4D4D4D400204FF0FF32C1E979
:1034B00000227047D4D4D4D48A0703D40622C90783
:1034C00015D116E0426A936823F440139360426A70
:1034D000936C5B00FCD5936823F010039360426A01
:1034E000137FDB06FCD400224261C90701D0002211
:1034F000C26110467047D4D4844681620020CCE972
:103500000B327047D4D4D4D444F642124168C5F289
:10351000433291426DD1B0B5416A8A6822F44012BB
:103520008A60416A8A6822F010028A60416A00BF9C
:103530000A7FD206FCD4016A4EF2801CCEF2000C47
:10354000054691F907104A0901F01F03012101FA0C
:1035500003F34CF82230BFF34F8FBFF36F8F026A33
:1035600092F90920530902F01F0201FA02F24CF805
:103570002320BFF34F8FBFF36F8F426A936823F40A
:1035800080339360026A92F90520530902F01F020A
:1035900001FA02F24CF82320BFF34F8FBFF36F8F75
:1035A000026A92F90B20530902F01F0201FA02F29B
:1035B0004CF8232043F20402BFF34F8FBFF36F8F09
:1035C000EFF3108481F31088016AC4F220024FF0F7
:1035D000004C1E20097813682CFA01F11943116080
:1035E0001168012102F058F984F310880020686006
:1035F000B0BD07207047D4D40246C06908600020DF
:103600000021D1617047D4D406207047D4D4D4D4DB
:1036100006207047D4D4D4D4B0B584B04FF07041F4
:10362000EFF3038001EB00604CF200318015C4F22F
:103630000001425822F48032425041F680524158F3
:10364000C2F200221458206A00690028606902D082
:10365000E0B104B0B0BDC8B1A07800F0030002280A
:10366000206905D10088616A20F4DC40486002E0EE
:10367000616A00780871A078226900F0030160692E
:10368000401A6061114421610028E2D1616A02227E
:103690008D68A06862F3155510B102F03DF9616ABA
:1036A0008D60A06A00284FF000002061D1D0E06A50
:1036B00020B190E82E008DE82E0000E06846216AD7
:1036C000097801600021816080210171216BC16056
:1036D000A16A8847E06A00281CBF9DE82E002EC022
:1036E00004B0B0BDD4D4D4D410B586B04FF070417E
:1036F000EFF3038001EB00604CF200318015C4F25F
:103700000001425822F48032425041F68052415822
:10371000C2F200221458A07800F00302606A022A64
:1037200003D101686FF35F2100E00178E069019146
:10373000D0B1A06901A902F0ABFCA078D4E90612CF
:1037400000F003000144101AC4E9061034D1A06A45
:1037500090B3E06AE0B1D0E900C2D0E90231CDE92E
:103760000431CDE902C214E0A06A28B3E06A40B196
:10377000D0E900CED0E90223CDE90423CDE902CE81
:1037800000E002A8226A127881600260042106E04B
:1037900002A8216A0978016000218160012101717C
:1037A000216BC160A16A8847E06A28B102AC1ECCD7
:1037B000016042608360C46006B010BDD4D4D4D42C
:1037C000B0B584B04FF07041EFF3038001EB0060BF
:1037D00041F680528115C2F200224FF6EF730416B3
:1037E0005558CFF6CF73696A8A681A408A60A96A09
:1037F000E1B1E86A40B1D0E900C2D0E90231CDE9D7
:103800000231CDE900C200E06846296A097801600A
:103810000021816002210171296BC160A96A88477A
:10382000E86A00281CBF9DE82E002EC04CF2003034
:10383000C4F2000050F8241021F4803140F8241024
:1038400050F8240004B0B0BD70B584B04FF07041A2
:10385000EFF3038001EB006041F680528115C2F264
:1038600000225458A178636A01F00301022904D1AF
:10387000D3F800C06FF35F2C01E093F800C09A6C9E
:103880002025082105EAD2454FF0100E01EA126109
:103890001EEA126229440A4403D0996C090458BFF5
:1038A0004032996E051641F0C8519966A16AD9B1A6
:1038B000E06A40B1D0E900E3D0E90216CDE9021692
:1038C000CDE900E300E06846216A0978C0F808C045
:1038D00001600271216BC160A16A8847E06A00281B
:1038E0001CBF9DE84E004EC04CF20030C4F20000F8
:1038F00050F8251021F4803140F8251050F82500AB
:1039000004B070BDD4D4D4D480B545F25422C5F2ED
:103910004F020260084600F037F9002080BDD4D481
:103920000146002000220A607047D4D4D4D4D4D4F5
:1039300080B5084600F028F9002080BDD4D4D4D446
:1039400070B586B001A8049003A814460D46ADF8E2
:10395000081001920126ADF80C6000F07DF941F6E7
:103960007C50EFF31081C2F2002086F310880268C9
:103970003AB940F614520023C4F2400213704023B7
:10398000137002680132026081F31088E10340F68F
:1039900000014FEA1522C4F2400101D4EBB20CE061
:1039A00001EB8216EBB256F8235025F4803546F829
:1039B000235024F4803546F8235001EB8211012274
:1039C00041F82340EFF3108182F31088026812B1AE
:1039D0000268013A0260006838B940F614500022CB
:1039E000C4F2400002708022027081F3108800202F
:1039F00006B070BDD4D4D4D404200023C4F2400057
:103A0000CFF6FF7340EAD100C9B220F01B00006876
:103A100043EA104020FA01F1002001F00101117089
:103A20007047D4D4D4D4D4D410B56FF00100CBB245
:103A300000EAD11001210C2401FA03FE0101C4F2B5
:103A4000400444EA001C4FF48030012A625800FA16
:103A500003F004D122EA000040EA0E0203E022EA69
:103A60000E0141EA00020020CCF8002010BDD4D4A1
:103A70006FF03F00CBB200EA910040F6000100EB8E
:103A80008300C4F2400141580020C1F3400111708D
:103A90007047D4D4D4D4D4D410B5CBB2012098403C
:103AA0006FF0010E84B20EEAD110002A40F2080233
:103AB0004FF4803C4FEA0011C4F240024FF0000086
:103AC00008BF0CFA03F4545010BDD4D4D4D4D4D4C9
:103AD00080B56FF0010040F2000C00EAD110C4F292
:103AE000400C010103EA020E62EA03025CF80100E5
:103AF0004EEA000E002002EA0E024CF8012080BDC2
:103B00006FF0010000EAD11004210001C4F240016D
:103B100009580020090C11807047D4D4D4D4D4D4CF
:103B20006FF0010003EA020C00EAD11023EA02015F
:103B30000C230201C4F2400300204CEA01419950D9
:103B40007047D4D4D4D4D4D46FF00100042300EA55
:103B5000D110C4F240030101002059581180704770
:103B60006FF0010003EA020C00EAD11023EA02011F
:103B700008230201C4F2400300204CEA014199509D
:103B80007047D4D4D4D4D4D470B5044600F064F8CB
:103B900041F67C5CEFF31081C2F2002C012080F32F
:103BA0001088DCF8000038B940F614500022C4F246
:103BB0004000027040220270DCF800000130CCF8B6
:103BC000000081F31088208830B340F6000E0021F9
:103BD000C4F2400E08E000BF0EEB8010013140F847
:103BE00022302088814217D2606800EBC10250F871
:103BF00031309288D8034FEA1220D2B2ECD50EEBC6
:103C0000801555F8226026F4803645F8226023F4AA
:103C1000803645F82260DFE70120EFF3108180F362
:103C20001088DCF8000020B1DCF800000138CCF886
:103C30000000DCF8000010B181F3108870BD40F680
:103C400014500022C4F2400002708022027081F3FE
:103C5000108870BDD4D4D4D42DE9F04F81B004467F
:103C60000088002867D04EF64C4B0025C4F2010BAB
:103C70004FF0010A04E000BF2088013585425AD286
:103C800049F2144642F240080027C0F20026C4F26E
:103C900020080CE000BF00BF88F80000C820012108
:103CA00001F0FAFD013708F10208032FE4D0606843
:103CB00036F8021B00EBC50082888A42F2D1006808
:103CC0009BF8001000F0B8500AFA07F9B0F1807FB5
:103CD00009EA010018D158B9012001F091FE9BF8C2
:103CE000000040EA09008BF80000012001F05CFEB2
:103CF00098F900000028D5D498F8000040F0800022
:103D0000CAE700BF00BF00BF58B1012001F078FE34
:103D10009BF8000020EA09008BF80000012001F068
:103D200043FE98F90000B0F1FF3FBBDC98F80000BB
:103D300000F07F00B0E701B0BDE8F08FD4D4D4D458
:103D400070B50D4609784EF200020446C4F2250211
:103D500002EB012020612560A8686060287B20724A
:103D6000E8696063286AE0630020A063C4E9050095
:103D7000C4E9070084F8290084F82A0084F82B009D
:103D800084F82C000120EFF3108680F31088297846
:103D9000C1F10901884043F20401C4F220010A681C
:103DA00022EA0000086008681E20012101F074FD6D
:103DB00086F310882046294600F0C2F844F64311E5
:103DC0000020C5F24921E16070BDD4D4D4D4D4D44C
:103DD0009C46012380F82AC000F0AAB9D4D4D4D4D8
:103DE0009C46002380F82AC000F0A2B9D4D4D4D4D1
:103DF000B0B5044600690025C5712046216800F071
:103E00009FF894F82600216984F82800A069C4E985
:103E10000750002084F82C5084F82A50B322CA712D
:103E2000B0BDD4D4D4D4D4D40346002059601A727F
:103E30007047D4D4D4D4D4D4844641630020CCE990
:103E40000E327047D4D4D4D444F64312C068C5F2BD
:103E5000492290425FEA1F9200200A707047D4D432
:103E6000B0B5044600690025C5712046216800F000
:103E700067F894F82600A16984F828002069C4E94D
:103E80000751B32184F82C5084F82A50C1714EF2A6
:103E900080112069CEF20001C571E560206890F9BB
:103EA0001100430900F01F02012000FA02F241F85C
:103EB0002320BFF34F8FBFF36F8F226892F90E203C
:103EC000530902F01F0200FA02F241F82320BFF367
:103ED0004F8FBFF36F8F226892F91020530902F0C1
:103EE0001F0200FA02F241F82320BFF34F8FBFF305
:103EF0006F8F226892F90F20530902F01F0200FA17
:103F000002F241F8232043F20402BFF34F8FBFF3C4
:103F10006F8FEFF3108580F310882168C4F22002C0
:103F200009781368C1F10901884001211843106024
:103F300010681E2001F0B0FC85F310880020B0BD91
:103F4000F0B50269002313704023026913700269FF
:103F500013785B06FCD5C02313700268036908253B
:103F60004EF6185C526ACEF2000C127942F0E00272
:103F70001A7402680369526AD27842F0E0025A74F5
:103F800002680369526A927862F306159D700268AE
:103F90000569526A13785278012B5FEA1F9343EA4E
:103FA000420242F00402EA70026844F24025C0F284
:103FB0000F0503695268AA424FF0770208BF6FF0FD
:103FC00008025A71002302699371B3230269D37105
:103FD0004EF2001291F911404B7BCEF20002002C00
:103FE0004FEA031303D4151985F8003304E004F0F5
:103FF0000F05654405F8043C41F6805E4CF2003341
:10400000C2F2002EC4F2000301274EF8240053F838
:10401000245025F4803543F8245053F82450650982
:1040200004F01F04BFF35F8F02EB850607FA04F468
:10403000C6F8804142F8254091F90F404D7B002C95
:104040004FEA051503D4161986F8005304E004F06E
:104050000F06664406F8045C4EF8240053F824501A
:1040600025F4803543F8245053F82450650904F0B2
:104070001F04BFF35F8F02EB850607FA04F4C6F84E
:10408000804142F8254091F910404D7B002C4FEAC9
:10409000051503D4161986F8005304E004F00F0642
:1040A000664406F8045C4EF8240053F8245025F4C6
:1040B000803543F8245053F82450650904F01F0458
:1040C000BFF35F8F02EB850607FA04F4C6F8804160
:1040D00042F8254091F90E40497B002C4FEA01112E
:1040E00003D4171987F8001305E004F00F0505EB5A
:1040F0000C0707F8041C4EF8240004F01F0753F8BF
:104100002410012621F4803143F8241053F82410A0
:10411000610906FA07F7BFF35F8F02EB8103C3F86B
:10412000807142F821709F2100690170F0BDD4D4E4
:1041300090F808C0C0E90512BCF1010F09D190F850
:1041400004C04FF48071A0F8251043EA4C0180F8B8
:10415000241010B581B04EF2200180F82930C4F24D
:10416000010109680091009901F00F210091DDF82B
:1041700000E0DDF800C001690B7C90F82C40BCB970
:10418000CEF30322A2EB1C6203FA02F2042A09D343
:10419000920800BF00BF00BF91F90130002B04D589
:1041A000013AF9D1082001B010BD0022CA7182691C
:1041B0000021C0E9072190F8262080F8281080F817
:1041C000272080F82B1080F82D1080F82E1080F812
:1041D0002F1080F830100168496A0A784B7891F8FE
:1041E00005C08C79012A5FEA1F9242EA4302036903
:1041F00042EA0C1242EAC41242F00402DA70026986
:10420000137943F0100313710269137903F0F70374
:1042100013710269137903F0EF0313710269C9790D
:10422000137903F07F0343EAC111117101694A79DF
:1042300042F001024A71016891F90F1000290BD474
:1042400001F01F02012303FA02F24EF200134909A2
:10425000CEF2000343F8212001694A7A02F0F3020A
:104260004A720169BF22CA7190F82C1019B100215D
:1042700080F82C1002E0006902214170002001B09A
:1042800010BDD4D4D4D4D4D410B582B04FF0704182
:10429000EFF3038001EB00604CF200328015C4F2B2
:1042A0000002835823F4803383508058EFF3038057
:1042B00001EB006041F680518015C2F200210C58DC
:1042C00094F82D0078B1E069002800F0C8802168DA
:1042D000496AC97901293FD1A06B58B3D0E90012CE
:1042E000CDE9001227E0A069022804D820690179ED
:1042F00041F040010171E06901280ED12069017986
:1043000041F0100101712069017941F0080101714A
:104310002069017901F0EF0101712068406AC079DC
:1043200001287CD1A06B002868D0D0E90012CDE92B
:10433000001264E06846E16B016005210171616B68
:104340008847A06B00281CBFDDE90012C0E90012FD
:10435000002084F82B00E069012819D0022807D03A
:1043600003286FD12069017941F04001017169E0B2
:104370002069017941F0100101712069017941F052
:10438000080101712069017901F0EF01017159E023
:1043900094F82A0001284DD120684EF28013CEF205
:1043A000000390F90F00420900F01F01012000FAFC
:1043B00001F143F82210BFF34F8FBFF36F8F2169D4
:1043C000CA7942F08002CA7121690A7942F010026A
:1043D0000A7121690A7902F0F7020A7121690A79E2
:1043E00002F0EF020A71216904224A7021694A79B8
:1043F00002F0FE024A7184F82C0023E06846E16B6B
:10440000016005210171616B8847A06B00281CBF0A
:10441000DDE90012C0E90012002084F82B002069B9
:10442000C07C8DF800009DF80000012084F82D006C
:1044300002B010BD2069417A01F0F7014172206994
:1044400008214170D4E90401C07C226A8854D4E96F
:104450000701013801F10101C4E9070101D002B0EF
:1044600010BD2069017901F0BF01017102B010BDDA
:10447000B0B582B04FF07041EFF3038001EB006004
:104480004CF200358015C4F20005425922F4803206
:1044900042514059EFF3038001EB006041F6805137
:1044A0008015C2F200210C5894F82700D8B194F876
:1044B0002600032807D194F82800022803D194F895
:1044C0003000002843D0206994F82410817494F8B7
:1044D000280094F82710013084F82800481E84F83A
:1044E000270002B0B0BD94F8290080BB2068406A64
:1044F000C07901281CD194F82B00C8B9206AB8B142
:10450000A06B20B1D0E90012CDE9001200E06846AE
:10451000E16B016005210171616B8847A06B002888
:104520001CBFDDE90012C0E90012002084F82B0056
:10453000E06970B1D4E90401226A895C8174D4E92C
:104540000701013801F10101C4E9070101D002B0FE
:10455000B0BD2069C17901F07F01C17120696FF0A0
:10456000BE0100BF00BF00BF90F90720B2F1FF3FBE
:1045700003DC002901F10101F6D1206890F9100057
:1045800055F8201021F4803145F8201055F820000E
:10459000206890F9100000280BD44EF2802300F020
:1045A0001F014009CEF20003012202FA01F143F893
:1045B00020102069C17941F04001C17102B0B0BD45
:1045C00010B582B04FF07041EFF3038001EB006053
:1045D00041F680518015C2F200210C582068406AD3
:1045E000C079012817D1A06B20B1D0E90012CDE924
:1045F000001200E06846E16B016005210171616B0A
:104600008847A06B00281CBFDDE90012C0E900123A
:10461000002084F82B0094F82900012806D194F892
:104620002700012802D194F8300080B3E06970BB04
:1046300094F82A00012822D120684EF28013CEF28D
:104640000003012290F90F0000F01F01400902FA57
:1046500001F143F82010BFF34F8FBFF36F8F206934
:10466000C17941F08001C171206904214170206944
:10467000417901F0FE01417184F82C2007E02069A6
:10468000417A01F0F70141722069082141702069E7
:10469000C17901F0BF01C17120696FF0BE0100BF97
:1046A000C279520603D5002901F10101F8D14FF07A
:1046B0007041EFF3038001EB00604CF20031801594
:1046C000C4F20001425822F480324250405802B0F5
:1046D00010BDD4D4D4D4D4D470B582B04FF07041CE
:1046E000EFF3038001EB006041F680518015C2F2C8
:1046F00000210C5821694A7A4B7A02F01F0002F01F
:1047000003020F2803F0E0034B7201D83AB92DE001
:1047100021694B785B0658BF42F001021AB30125AC
:1047200084F82B5020690026C67120462168FFF7C7
:1047300007FC94F82600A16984F828002069C4E9E0
:104740000761B32184F82C6084F82A60C171A06BE2
:1047500020B1D0E90012CDE9001200E06846E16B1B
:104760000160057158E04A78520611D4010706D459
:1047700094F82C20012A31D110F004022ED0E069E7
:1047800010B994F82B00A8B3002919D4012138E0FE
:10479000012084F82B000820487020682369406AB3
:1047A00041790278807942EA011141EAC01040F073
:1047B0000200D8702069417941F00101417137E070
:1047C0000020A169C4E9070194F8261084F8281094
:1047D000012184F82C0084F82A000FE0400727D537
:1047E0002068406AC079012822D10421204600F0C7
:1047F00033F81DE094F8290080F003012069B3220A
:10480000C271A06B20B1D0E90023CDE9002300E004
:104810006846E26B02600171616B8847A06B0028FB
:104820001CBFDDE90012C0E90012002084F82B0053
:104830004FF07041EFF3038001EB00604CF2003168
:104840008015C4F20001425822F480324250405890
:1048500002B070BDD4D4D4D410B582B00446806BFD
:1048600020B1D0E90023CDE9002300E06846E26BE7
:1048700002600171616B8847A06B00281CBFDDE9F5
:104880000012C0E90012002084F82B0002B010BD15
:10489000F0B591F902304CF2003CC4F2000C037107
:1048A0004FF0000E3C245CF823704CF823E08B683A
:1048B0008360CB68C3600B78C325C0F240054371A9
:1048C00004EA930402461C4465F31F2449F600558C
:1048D000CFF6FF7504F805E00B794879CE78C00172
:1048E00040EA03103043605592F904004CF8207000
:1048F00092F9040000280CD44EF2004341F6805790
:104900004978CEF20003C2F200270901C15447F8EA
:10491000202044F255310020C0F249011160F0BD61
:1049200090F904004CF20031C4F200014EF2001C78
:10493000CEF2000C51F8202022F4803241F82020E1
:1049400051F82010410900F01F0001220CEB8103F7
:1049500002FA00F0BFF35F8FC3F880014CF821002A
:1049600000207047D4D4D4D490F904004EF28013C0
:10497000CEF20003012200F01F01400902FA01F10A
:1049800043F820100020BFF34F8FBFF36F8F7047A5
:1049900003460020C3E902127047D4D4D4D4D4D43F
:1049A000014690F90400002818D44EF2801C00F053
:1049B0001F024009CEF2000C012303FA02F24CF868
:1049C0002020BFF34F8FBFF36F8F91F9040041F6A2
:1049D0008052C2F20022002342F820300020002240
:1049E0000A607047D4D4D4D470B582B04FF070410F
:1049F000EFF3038001EB006141F680528815C2F2AB
:104A000000223C234CF200341058C4F200040D166E
:104A1000427903EA92031A44C323C0F2400363F3CA
:104A20001F2249F60053CFF6FF73D25C02F0030653
:104A3000032E07D054F8251021F4803144F82510B6
:104A400054F82510816829B14279C0680090684601
:104A500001928847032E07D154F8250020F48030B6
:104A600044F8250054F8250002B070BDD4D4D4D445
:104A70002DE9F04381B00D46097C044601220D2941
:104A80005FEA9F9002FA01F1E16065602074287C82
:104A900042F20001C4F2320100274FF0004801EB5E
:104AA0000020A06068696061A869E06143F6107049
:104AB000A761C4F23200EE690260EFF3108982F35D
:104AC0001088287C011F28FA00F006296FF0006189
:104AD00051EA30A043F21001C4F220010A681040EC
:104AE000086008681E20012100F0D6FE89F31088B6
:104AF0004FF42541A0684FF0060E0160A068C76220
:104B0000A068C763A0688764287A2978A268C0056E
:104B10000329696808BF00F58030D0620139A068B8
:104B2000C0F81080A068C0F81480A068C0F8188091
:104B3000A0684762A0688762A068B269C261A06885
:104B4000F2690262A0688166A06841666168D6F871
:104B500050C0C969F64601F1300207E000BF00BF4E
:104B600001370432BEF1010E00D112E091F8483055
:104B7000FB40DB07F4D03B46042F08BF0323032F81
:104B800008BF0423A06800EB83001368013BC364E3
:104B9000E6E7287C0D2802D8A06800214164A068BF
:104BA00000218163A068C0F88810306D40B996F884
:104BB000200096F82110400340EA41704CEA000CB6
:104BC00096F84800A16800284FF4A00008BF4FF4F1
:104BD000AA000864A068C0F834C041F6805C96F86A
:104BE000540096F85510A268C2F2002C4901D36A0D
:104BF00041EA001003211843D062A0680123016339
:104C0000A0680363D4E90201C1604EF2001095F977
:104C100012704CF20031CEF20000C4F20001002FFD
:104C20001AD46D7CC2192D0182F800534CF827402C
:104C300051F8272022F4803241F8272051F827200C
:104C40007A0907F01F07BFF35F8F00EB8205BB40B7
:104C5000C5F8803140F8223096F92830002B1DD459
:104C600096F82220C7180125120187F800234CF876
:104C7000234051F8232022F4803241F8232051F8B8
:104C800023205A0903F01F03BFF35F8F00EB820755
:104C900005FA03F3C7F8803140F8223096F929303D
:104CA000002B1DD496F82320C7180125120187F880
:104CB00000234CF8234051F8232022F4803241F89D
:104CC000232051F823205A0903F01F03BFF35F8FFD
:104CD00000EB820705FA03F3C7F8803140F8223071
:104CE00096F92A30002B1DD496F82420C7180125E8
:104CF000120187F800234CF8234051F8232022F4B6
:104D0000803241F8232051F823205A0903F01F0371
:104D1000BFF35F8F00EB820705FA03F3C7F880311A
:104D200040F8223096F92B30002B1DD496F8252020
:104D3000C7180125120187F800234CF8234051F8C9
:104D4000232022F4803241F8232051F823205A09ED
:104D500003F01F03BFF35F8F00EB820705FA03F335
:104D6000C7F8803140F8223096F92C30002B1DD442
:104D700096F82620C7180125120187F800234CF861
:104D8000234051F8232022F4803241F8232051F8A7
:104D900023205A0903F01F03BFF35F8F00EB820744
:104DA00005FA03F3C7F8803140F8223096F92D3028
:104DB000002B1DD496F82720C718120187F800236E
:104DC0004CF82340012751F8232022F4803241F887
:104DD000232051F82310590903F01F03BFF35F8FFD
:104DE00000EB810207FA03F3C2F8803140F821306A
:104DF00045F254010020C0F24701216001B0BDE836
:104E0000F083D4D4D4D4D4D4D0E9021200204A60A0
:104E10007047D4D4D4D4D4D4D0E9021200208A600C
:104E20007047D4D4D4D4D4D4D0E902120020CA60BC
:104E30007047D4D4D4D4D4D480B5D0E9011EC96984
:104E4000D1E901C3CA6843F00043CEF8143042F000
:104E5000004283689A614CF0004382681361826863
:104E60000B695362826800204969916280BDD4D485
:104E700081684FF000420A6181684A6181688A61F5
:104E8000002281684A62816800208A627047D4D417
:104E90008268013991668268D36ADB0703D1516663
:104EA000D0E90201C16000207047D4D4D4D4D4D456
:104EB00006207047D4D4D4D41346042A08BF032351
:104EC000032AA1F1010108BF0423806800EB8302DB
:104ED0000020D1647047D4D48268526E01328A6057
:104EE0008068D0F82CC04EF22000C4F201000368A4
:104EF000808843EA000200F00F00120703F00F025F
:104F000008D441F6B453C2F200231B6803FA00F040
:104F1000D0401EE070B500F0070E032541F6B456F0
:104F200005FA0EF44FF0010EC2F20026082838BF31
:104F30000EFA00F403F007001B0705FA00F03568CD
:104F400005FB04F358BF0EFA02F0B3FBF0F0BDE826
:104F50007040CCF3C352D0404860002001220A7058
:104F60007047D4D4D4D4D4D48268D26A02F0010277
:104F70000A7182680020926C0A607047D4D4D4D43D
:104F8000844641610020CCE906327047D4D4D4D4A1
:104F9000B0B543684EF2801E41F6805CCEF2000E42
:104FA00093F91210DB69C2F2002C00290ED44A09D1
:104FB00001F01F04012505FA04F44EF82240BFF366
:104FC0004F8FBFF36F8F00224CF8212093F92810E8
:104FD00000290ED44A0901F01F04012505FA04F442
:104FE0004EF82240BFF34F8FBFF36F8F00224CF873
:104FF000212093F9291000290ED44A0901F01F0439
:10500000012505FA04F44EF82240BFF34F8FBFF399
:105010006F8F00224CF8212093F92A1000290ED41A
:105020004A0901F01F04012505FA04F44EF8224054
:10503000BFF34F8FBFF36F8F00224CF8212093F9FD
:105040002B1000290ED44A0901F01F04012505FA8E
:1050500004F44EF82240BFF34F8FBFF36F8F00224E
:105060004CF8212093F92C1000290ED44A0901F0A4
:105070001F04012505FA04F44EF82240BFF34F8FB8
:10508000BFF36F8F00224CF8212093F92D100029D7
:105090000ED44A0901F01F03012404FA03F34EF869
:1050A0002230BFF34F8FBFF36F8F00224CF82120C7
:1050B000D0E90212002303608A60816800204B63FC
:1050C000B0BDD4D4D4D4D4D410B584B04FF0704192
:1050D000EFF3038001EB00614CF2003E8A15C4F24D
:1050E000000E41F6805452F80E30C2F2002423F430
:1050F000803342F80E3052F80E30A45862681378AC
:10510000012B40F0AE80D4E902300916D2694EF28C
:10511000802C98600023A068CEF2000C8364A06805
:10512000C364A068036501235EF8210020F4803089
:105130004EF821005EF82100480901F01F01BFF37D
:105140005F8F03FA01F14CF8201092F84830D8072D
:1051500017D092F92810002913D45EF821000123FA
:1051600020F480304EF821005EF82100480901F05B
:105170001F01BFF35F8F03FA01F14CF8201092F882
:105180004830980715D592F92910002911D45EF8F6
:105190002100012320F480304EF821005EF8210028
:1051A000BFF35F8F480901F01F0103FA01F14CF8CA
:1051B000201092F92A10002911D45EF82100012351
:1051C00020F480304EF821005EF82100BFF35F8F9D
:1051D000480901F01F0103FA01F14CF8201092F97F
:1051E0002B10002911D45EF82100012320F4803017
:1051F0004EF821005EF82100BFF35F8F480901F0EF
:105200001F0103FA01F14CF8201092F92C1000292B
:1052100011D45EF82100012320F480304EF82100E3
:105220005EF82100BFF35F8F480901F01F0103FA08
:1052300001F14CF8201092F92D10002911D45EF8DC
:105240002100012220F480304EF821005EF8210078
:10525000BFF35F8F480901F01F0102FA01F14CF81A
:1052600020106069A8B1A06930B10DF1040C90E87C
:105270000E008CE80E0000E001A8002101718160A1
:10528000E169016061698847A06910B101AB0ECB8B
:105290000EC004B010BDD4D44EF22401C4F20101FA
:1052A0008878098801F00F02A2F1080103293BD890
:1052B000DFE801F0022C101E40F2C041C2F20021D2
:1052C00051F820004AF6AB21CAF6AA21A0FB010141
:1052D000480830E040F2C041C2F2002151F82000FD
:1052E0004AF6AB21CAF6AA21A0FB0101C80822E0B8
:1052F00040F2C041C2F2002151F820004AF6AB2131
:10530000CAF6AA21A0FB0101080914E040F2C0413D
:10531000C2F2002151F820004AF6AB21CAF6AA21B8
:10532000A0FB0101880806E040F2C041C2F2002162
:1053300051F82000D04041F6B451C2F2002108607B
:105340007047D4D4D4D4D4D4D4D4D4D4D4D4D4D40E
:105350002DE9F0470FF278404EF2FA3840F2C0469D
:10536000C4F201084AF2015190ED001FC2F200267A
:105370000FF26C40CFF6FF714EF255050231A8F8DE
:10538000001086ED001F06F12003C4F2010590ED28
:10539000001F44F2553040F2AA21C1F2DE3043F63C
:1053A000000286ED041FC0F6E571C1F69C4207C3FA
:1053B00015F82F0C35F8311C01F00F02A2F108018D
:1053C00003292BD8DFE801F002200C164AF6AB21A6
:1053D00056F82000CAF6AA21A0FB0101480820E0E7
:1053E0004AF6AB2156F82000CAF6AA21A0FB01011B
:1053F000C80816E04AF6AB2156F82000CAF6AA21E2
:10540000A0FB010108090CE04AF6AB2156F8200088
:10541000CAF6AA21A0FB0101880802E056F8200084
:10542000D04041F6B45A4EF60044C2F2002AC4F20B
:1054300001040A214EF60147CAF800004FF65060F9
:10544000CFF6FF70C4F201072154092085F84D0002
:10545000207818B93878800700F0B081207850B9EA
:1054600001202070C820012100F016FA00BF00BF03
:1054700020780128FCD10020387020704AF20159B0
:10548000002005F8230C00BF15F8190C0007FBD508
:1054900042F602314EF61450C0F20101C5F8731005
:1054A00040F2834125F8071C002205F80B2C4FF62B
:1054B0000211C5F8571040F2415125F8091CCEF2EF
:1054C00000004EF20001BFF34F8FBFF36F8F0368F0
:1054D000CEF2010123F400330360C0F83C22BFF395
:1054E0004F8FBFF36F8F0A6822F440520A60BFF3F8
:1054F0004F8FBFF36F8F15F8412C02F0F802013285
:1055000005F8412C00BF00BF15F8412CD206FBD492
:105510000A6842F440520A60BFF34F8FBFF36F8FA7
:105520000168890312D4BFF34F8FBFF36F8F00213F
:10553000C0F83C12BFF34F8FBFF36F8F016841F487
:1055400000310160BFF34F8FBFF36F8F002005F86C
:105550002B0C00BF00BF00BF15F8190C8006FBD54F
:105560004CF200040020C4F213042070207820784C
:1055700020786068FA2807D0FA20C1F6006000BFE2
:1055800060606168FA29FBD1A0687D2808D07D2081
:10559000CEF2001000BF00BFA060A1687D29FBD142
:1055A00043F23240C3F2232045F8350C42F220107A
:1055B00025F8310C052005F82F0C15F82F0C35F8BF
:1055C000311C01F00F02A2F1080103292BD8DFE8FA
:1055D00001F002200C164AF6AB2156F82000CAF65C
:1055E000AA21A0FB0101480820E04AF6AB2156F8A9
:1055F0002000CAF6AA21A0FB0101C80816E04AF65D
:10560000AB2156F82000CAF6AA21A0FB0101080927
:105610000CE04AF6AB2156F82000CAF6AA21A0FBFE
:105620000101880802E056F82000D040CAF80000C6
:105630001E200121012700F02FF960686FF39F20E1
:10564000652828BF277015F82F0C35F8311C01F09C
:105650000F02A2F1080103292BD8DFE801F0022094
:105660000C164AF6AB2156F82000CAF6AA21A0FB78
:105670000101480820E04AF6AB2156F82000CAF69E
:10568000AA21A0FB0101C80816E04AF6AB2156F892
:105690002000CAF6AA21A0FB010108090CE04AF685
:1056A000AB2156F82000CAF6AA21A0FB0101880808
:1056B00002E056F82000D04042F20001CAF8000093
:1056C000C4F200010120A1F80090BFF35F8F0872BF
:1056D0004FF42540BFF35F8F088095F8850040F0B8
:1056E000400085F8850000BF95F98500B0F1FF3FC7
:1056F000FADC052085F87F00C72085F8850095F83D
:10570000850000F0BF0085F8850000BF00BF00BF26
:1057100095F985000028FBD4012005F8020CE87FEC
:1057200040F04000E87700BF95F91F00B0F1FF3F5F
:10573000FADC0720E8754A20E8770A20E87700BFFE
:1057400095F91F000028FBD4287840F0400028700D
:1057500095F90000B0F1FF3FFADC022005F8010CDA
:10576000CA202870287800F0BF00287000BF00BF52
:1057700095F900000028FBD495F8220040F0400085
:1057800085F8220000BF00BF95F92200B0F1FF3F6D
:10579000FADC0420A876CA2085F8220095F82200B9
:1057A00000F0BF0085F8220095F922000028FBD404
:1057B0004FF42540A8F80000BDE8F0874FF47A7058
:1057C00000F016F85AE600BF00BF00BF00BF00BFE0
:1057D000006CDC0200127A000080000000366E01CE
:1057E0000080000000CA9A3B0046C3230084D717FC
:1057F0007047D4D4D4D4D4D440F2C041C2F20021F2
:1058000051F820007047D4D4B0B542F22404C82027
:10581000C4F2200401210025257100F03DF8257017
:10582000207808B12FF005C0207840F002002070E9
:1058300020788007FCD4002004F8020C00BF00BFD1
:1058400014F8020C08B12FF005C84FF0030E002029
:1058500004F11C0100BF00BF11F8102002F07F020C
:1058600001F8102000BF00BF11F91020002AFBD45E
:1058700001300FF00FC8012000F0C2F84EF64C4185
:105880000120C4F2010100220A70BDE8B04000F01E
:105890008BB8D4D4D4D4D4D441F6B45241F200233A
:1058A000C2F20022C0F27A03484312689A420FD330
:1058B00044F23F21C0F20F0111444DF68362C4F25D
:1058C0001B32A1FB0212910CA0FB0101C9B11DE02A
:1058D0004CF60021C3F69A31B1FBF2F148F63812CA
:1058E000C0F24102904205D24FF47A725043B0FBAD
:1058F000F1F006E0B0FBF1F0904207D24FF47A717C
:105900004843002808BF704700F006B84FF0FF304A
:1059100000F002B8D4D4D4D401380028FCD17047A8
:10592000F0B581B04CF2201541F62857C4F20005BD
:105930000024C2F2002755F8200C296801EA00066D
:1059400006E000BF00BF00BF01340437152C09D0AA
:1059500026FA04F0C007F7D039680029F4D02046B1
:105960008847F1E745F8106C28683042FCD101B057
:10597000F0BDD4D4D4D4D4D480B54FF00A0E4CF2B8
:10598000003049F27431C4F20000C0F2002100BFBF
:1059900031F8022B002A18BF026004300FF009C052
:1059A00080BDD4D4D4D4D4D4EFF31081012282F3B7
:1059B000108841F6A852C2F2002232F8103023B10A
:1059C00032F81030013B22F8103032F8102012B1BA
:1059D00081F3108870474EF2FA3249F2D06CC4F26B
:1059E0000102C0F2002C13883CF8100043F4254358
:1059F00023EA0000108081F310887047D4D4D4D4F7
:105A000010B5EFF31081012282F3108841F6A852FD
:105A1000C2F2002232F8103083B94EF2FA3E49F257
:105A2000D06CC4F2010EC0F2002CBEF800403CF86D
:105A30001030234343F42543AEF8003032F81030E1
:105A4000013322F8103081F3108810BDD4D4D4D49F
:105A500000F00AF8FDF7C0F9FEE7D4D4D4D4D4D4CA
:105A600000BE7047D4D4D4D42DE9F04381B04EF6B3
:105A7000085840F20120CEF20008C0F20E004EF2AB
:105A80000004C8F80C00CEF20104BFF34F8FBFF33F
:105A90006F8F58F8081CC1F3035001285FEA1F926A
:105AA00011F00F0F5FEA0F911142216811D1022806
:105AB0000FD241F0040020604EF20800BFF34F8F78
:105AC000CEF20000BFF36F8F016841F480310160B6
:105AD00002E021F004002060BFF34F8FBFF36F8F0F
:105AE0004FF4700040F20001C8F880000020C0F2BE
:105AF0000021C8F80010FCF79BFEFFF729FC4EF2CE
:105B0000FA304AF20251C4F20100022201804EF63C
:105B1000B021C4F201010A704FF425410180012037
:105B2000FCF786FE40F2C000C2F2002080F30A8833
:105B30002068800724D5D8F80000B0F1007F1FD17D
:105B400020694FF40071C0F3C300626901FA00F3E9
:105B5000C2F3C30081400020DA08CB0801460746A3
:105B600042F007C000BF00BFE7E802010FF005C028
:105B70004FF0005243F005C0E2E802010FF005C00B
:105B800049F2A444C0F20024276897B160683E46F9
:105B9000051D05E000BF00BF013E05F10C0508D062
:105BA00068790028F8D155E90101091A00F06CFA6A
:105BB000F2E7D4F80890B9F1000F13D0E0684E4630
:105BC00000F1080504E000BF013E05F1100509D011
:105BD00068790028F8D155E902022968121A00F004
:105BE00057FAF1E7FFF758FBFFF70EFE0320FFF728
:105BF00007FF4FF00E0E40F63050C4F24000002177
:105C000020F8041B0FF005C04EF210150320C4F25B
:105C10000105FFF7C9FE0320FFF7F2FE44F204007E
:105C20000021C4F22000016041608160C160032056
:105C3000FFF7BAFED5F8C802800714D42878A0B1BF
:105C40000120FFF7DDFE00BF95F9000010F1410FC4
:105C5000FADC0020287000BF28783F28FCD80120FB
:105C6000FFF7A2FE01E0D5F8C802D5F8C802400748
:105C700015D42879A8B10120FFF7C2FE00BF00BFEC
:105C800095F9040010F1410FFADC0020287100BFE3
:105C900028793F28FCD80120FFF786FE01E0D5F8DF
:105CA000C8020220FCF7C4FDA7B160684FF48076FB
:105CB000051D05E000BF00BF013F05F10C0509D03F
:105CC0006879B6EB002FF7D155E90101091A00F008
:105CD000DBF9F1E7B9F1000F16D0E0684FF48075F9
:105CE00000F1080405E000BFB9F1010904F1100456
:105CF0000AD06079B5EB002FF6D154E90202216891
:105D0000121A00F0C5F9EFE741F6BC54C2F20024C4
:105D1000204600F080FA204600F095FABFF34F8F3E
:105D2000BFF36F8F0020C8F8480249F6702049F68B
:105D30007421C0F20020C0F20021BFF34F8F081A77
:105D4000BFF36F8F8410012C0BDB49F67025C0F276
:105D5000002500BF00BF00BF55F8040B8047013C81
:105D6000FAD1FFF709FE002001B0BDE8F04300F0D2
:105D700003B8D4D4D4D4D4D47047D4D440B584B0E8
:105D800002AE009600F004F8029A039B04B040BDF6
:105D9000B0B584B00D4602A980EAE57000911C46BA
:105DA00082EAE37285EAE571B0EBE57061EBE571DB
:105DB00083EAE373B2EBE47263EBE47300F017F889
:105DC000DDE90223DDF820C083EAE57382EAE572AB
:105DD000B2EBE57263EBE573CCE90023E21782EAEC
:105DE000E57250405140801A914104B0B0BD2DE998
:105DF000F04F099D844681B1C2B14BB3B1FA81F72E
:105E0000B3FA83F6F71B202F4FD3002D18BFC5E937
:105E100000C100200021BDE8F08FCBB30021002D90
:105E200064D00020C5E900C1BDE8F08F002B60D030
:105E3000002861D05F1E3B4200F08580B1FA81F7F7
:105E4000B3FA83F6F71B1F2FDFD207F1010C3CE0FA
:105E5000571E3A425DD0B1FA81F7B2FA82F6F71BCB
:105E600007F1210CBCF1200F24D0BCF11F0F79D811
:105E7000CCF1200620FA0CF721FA0CF901FA06F50C
:105E8000B0403D434FF0000ABCF1010F2CD07CE044
:105E9000B0FBF2FC002D1EBF0CFB12000021C5E977
:105EA000000100216046BDE8F08F07F1010CBCF154
:105EB000200F0AD14FF000094FF0200C0D464FF093
:105EC000000ABCF1010F0FD05FE0C7F11F0720FAF5
:105ED0000CF621FA0CF901FA07F5B84035434FF0FA
:105EE000000ABCF1010F50D100248FE00020BDE872
:105EF000F08F6046BDE8F08FB1FBF3FC002D1EBFB4
:105F00000CFB13100021C5E9001000216046BDE81C
:105F1000F08F002D1EBF00230740C5E90073012A42
:105F20000ED092FAA2F24F00B2FA82F202F01F03F0
:105F3000D140D8401F23934307FA03F343EA000CF0
:105F40006046BDE8F08F002D1CBF07EA0100C5E9DF
:105F500000C093FAA3F0B0FA80F021FA00F000211B
:105F6000BDE8F08FACF12007CCF140044FF0000900
:105F700020FA07F601FA04F52E4300FA04FA21FA92
:105F800007F53046BCF1010FAED02CF00107012619
:105F9000023F4FF0000B06EB570E4FEA490444EA6C
:105FA000D5746D0045EAD0754000E743E943891890
:105FB00043EB0708AF1A64EB0306B8F1000F56EA8B
:105FC000448457EA4585640044EAD5746D0045EA87
:105FD000D07540EADA70AE1A6FEA050164EB030788
:105FE00089184FEA40006FEA0401594157EA448991
:105FF00056EA4585CC0F4BEA4A010027A34640EA02
:10600000D170490041EAD87A0FF039C85FEACC7103
:106010001ED06F004FEA490147EAD07741EAD571B7
:10602000B7EB020C4FEA400061EB030EFD4352193F
:106030006FEA010653EB060240EADA705EEA418934
:106040005CEA4785D10F44EA4A0200270C46924693
:106050004FEADA7141EA400009994FEA4A02002901
:1060600018BFC1E9005940EA070122F001002043AE
:10607000BDE8F08F40B584B002AE0096FFF7B7FEE2
:10608000029A039B04B040BD0A46002100F076B896
:10609000844641EA000313F0030349D1403A23D375
:1060A0000B6803604B6843608B688360CB68C36098
:1060B0000B6903614B6943618B698361CB69C36180
:1060C0000B6A03624B6A43628B6A8362CB6AC36268
:1060D0000B6B03634B6B43638B6B8363CB6BC36350
:1060E00040304031403ADBD230320BD30B68036092
:1060F0004B6843608B688360CB68C360103010319D
:10610000103AF3D20C3205D351F8043B40F8043B6B
:10611000043AF9D2043208D0D2071CBF11F8013B6F
:1061200000F8013B01D30B8803806046704700BF35
:10613000082A13D38B07B1D010F00303AED0C3F1FC
:106140000403D21ADB071CBF11F8013B00F8013B26
:10615000A4D331F8023B20F8023B9FE7043AD9D39D
:10616000013A11F8013B00F8013BF9D20B780370BA
:106170004B7843708B7883706046704770B48407A7
:1061800046D0541E002A41D0CDB2034602E0621E22
:10619000E4B3144603F8015B9A07F8D1032C2ED917
:1061A000CDB245EA05250F2C45EA054519D9264605
:1061B00003F11002103E0F2E42F8105C42F80C5C06
:1061C00042F8085C42F8045C02F11002F2D8A4F133
:1061D000100222F00F0204F00F041032032C1344BB
:1061E0000DD91E462246121F032A46F8045BFAD830
:1061F000221F22F00302121D134404F003042CB1E9
:10620000C9B21C4403F8011BA342FBD170BC704708
:1062100014460346C2E710B540F2940140F2000272
:10622000C0F20021C0F200020446FFF731FF40F245
:10623000000040F20001C0F20000C0F20001204462
:10624000FFF722FF10BD40F20801C0F20001401A22
:1062500041F6B851C2F2002108607047B0B58A78A3
:1062600092070DD5C4B24A6820460D469047B0F15A
:10627000FF3F01DD2046B0BDA87840F00400A870C3
:106280004FF0FF342046B0BD83B080B581B0844666
:1062900003A80EC048F6F460C0F20020006803AA0C
:1062A0006146009200F028F801B0BDE8804003B0DC
:1062B000704770B5054648F6F460C0F200200468E7
:1062C000A078800714D56668287828B12146B047A1
:1062D00001350028F8D507E00A202146B047B0F183
:1062E000FF3FC4BF002070BDA07840F00400A07044
:1062F0004FF0FF3070BDD4D42DE9F04F99B08146F6
:1063000080781892800740F1B58518980027D9F851
:1063100004808A46179011A8821D0C92421E0530F7
:1063200010920E900D91514611F8010B252803D0C3
:106330008A4638B900F0A0BD9AF801500AF1020A65
:10634000252D06D14946C04701370028EBD500F07E
:106350008BBD002200244FF0000C4FF0000B04E036
:106360001AF8015B002D00F02D811FFA8BF61F2E0D
:1063700020D8A5F1200010281ED8DFE810F0150065
:106380001D001D0018001D001D001D0014001D0033
:106390001D001D0011001D00CC001D001D00C900C6
:1063A0004BF0020B00E0DBE74BF0040BD8E74BF0BF
:1063B000100BD5E77F2E0DD8A5F13000092840D865
:1063C000402E80F0A0800CEB8C014BF0200B00EBFA
:1063D000410CC5E7A5F14C002E2800F2F480DFE85F
:1063E00010F08F00F200F200F200F200F200F20072
:1063F000F200F200F200F200F200F200F200F2000D
:10640000F200F200F200F200F200F200F200F200FC
:10641000F200F200F200F200F200A400F2008F009D
:10642000F2009D00F200F200F200F200F200F20031
:10643000F2002F00F200F200F200F200F2002F0052
:106440008EE7A5F12400562800F2BD80DFE810F0A9
:106450008600BB00BB00BB00BB00BB007400BB00E0
:10646000BB00BB00A400BB00BB00BB00BB00BB006B
:10647000BB00BB00BB00BB00BB00BB00BB00BB0044
:10648000BB00BB00BB00BB00BB00BB00BB00BB0034
:10649000BB00BB00BB00BB00BB00BB00BB00BB0024
:1064A0005800BB00BB00BB00BB00BB00BB00BB0077
:1064B000BB00BB00BB00BB00BB00BB00BB00BB0004
:1064C000BB00BB00BB00BB00BB00BB00BB00BB00F4
:1064D000BB00BB00BB00BB006D00BB005800BB0095
:1064E0006600BB00BB00BB00BB00BB00BB00BB0029
:1064F0005700BB00BB00BB00BB00BB0057002FE731
:106500004BF4207B2CE704EB840100EB410427E7EC
:106510004BF0010B24E74BF0080B21E70BF0800058
:106520004BEA800040F0800B1AE70BF480704BEAD6
:10653000400040F4807B13E7002A7FF411AF1798E6
:106540003F2E00F104011791006832D8B0F1FF3FEF
:1065500032DD4BF0200B0022844601E712B318987D
:10656000402E179017A90D986546CDF83C90C1466E
:1065700090465CEA348200F083FC1798402E424635
:10658000C84600F1040117910068DDF83C9050EA1C
:10659000358C54EA3084E3E63F2E00F26D844BF0F4
:1065A000400BDDE6624600244FF0000C4FF0000B7C
:1065B000D6E600220446D3E64BF0280BC0F1000CCF
:1065C0000022CDE60025CDF83CC03AB1189817A9B5
:1065D00017900D9800F054FCDDF83CC0002C24EA24
:1065E000E47E45F0200048BF2BF0400B61281CBF23
:1065F000A0F16501022925D81799612801F1070149
:1066000021F0070101F108021792A0EB050291EDBC
:10661000000B0A9244D15FEA4B6058BF4FF0FF3E37
:1066200011A8D2B27146764600F0C8FD451C4BF465
:10663000C05B4FF0700C4FF0010EE8B28642D8BF3D
:10664000461E5CE0A5F16301122900F20A810823CD
:106650000026DFE811F035011300060106010601EE
:10666000060113000601060106010601060161018B
:106670005D01060106010D0106012E011FFA8BF1D5
:106680005FEA0B6000F10C811798021D17920068F9
:10669000CA0540F10C81890554BF00B240B206E141
:1066A0005FEA4B6158BF4FF0060E662809D0652897
:1066B0000FD14BF4805B76460EF101010023652477
:1066C00011E04BF4005B01226624112176467346EB
:1066D0000AE05FEA0E61A0F10204714676464FF0CF
:1066E000000308BF0121002211A8C9B2112928BF47
:1066F000112100F093FF05464FF0020EA446119BB6
:106700009DF84800A3F10A0111F1130F38BF4FF0B3
:10671000020EA3F16401089111F1C70F38BF4FF0C9
:10672000030E0F9CC1074FD15FEA8B716FD41FFA24
:106730008BF1202202EAC10211F0040F5FEA1F91DF
:1067400010F00C0F45D11BF4405F0493CDE90621F6
:1067500040F02B82012E4FF0010056EA80801FFA94
:106760008BF12A0600F06D810E9BEAB2134413F8F8
:10677000013C302B40F006826B1E1A0621D02E46BB
:106780000E9DDAB2154415F8015C302D40F0F98108
:10679000B31E1A0615D00E9DDAB2154415F8015C29
:1067A000302D40F0EE81F31E1A060AD00E9DDAB2AB
:1067B000154415F8015C302D40F0E381351F2A06A1
:1067C000D2D100250022DDE12D22002110F00C0F96
:1067D000B9D000294FF0030050EA1090844212DD36
:1067E0000A9E0D465FEA0B7117D4041B93462020C6
:1067F0004946C047002800F1378301370134F6D3FA
:1068000000245A460AE000240A9E49B10FE02B22D8
:10681000002110F00C0FDCD195E7241A294631B97C
:1068200010464946C047002800F11E8301379DF8F5
:10683000480048F61351C0F20021000748F6060050
:10684000C0F2002050EA51852878002800F0F98233
:10685000801B4946C0B2C047013701350028F3D537
:1068600002E3782840F09880C5F188032E4653E073
:106870001798011D1791006848F6AE61C0F200211B
:10688000002851EA00855FEA4B6058BF4FF0FF3E99
:106890002846714600F06AFEDDF83CC0064617E067
:1068A0001798890500F18680011D17910068C117AE
:1068B00088E04FF6EF700BEA000B0A2375262BE0F9
:1068C0001798012611AD011D179100688DF844003D
:1068D0005FEA0B700ED4B4450CD9202049466446BB
:1068E000C047002800F1C082A4F1010C0137B44573
:1068F000F3D8B4463744ACEB0604002E00F0A18276
:1069000015F8010B4946C047013E0028F5D5ABE21A
:106910004BF0100B102378264FF6F9700BEA0002AB
:106920005FEA0B600B960AD41798011D1791066851
:10693000D1050AD5900554BFB6B2F6B205E0179856
:1069400091050AD4011D17910668002156EA01003D
:1069500008BF2BF0160278D10FE00730154620F063
:1069600007000246416852F8086B17922A4656EA19
:10697000010008BF2BF0160267D100265FEA4B60CA
:1069800062D50021012C60DA4FF6E9700BEA0001B4
:106990000B9D480637D467E025204946C0470028AC
:1069A00000F1628228464946C047023700287FF539
:1069B000BAAC59E2073020F007010A46496852F89C
:1069C000080B179200295A46CDF82CE048BF42F434
:1069D000806250EA010322D080EAE17081EAE1732B
:1069E000B0EBE17063EBE17111AC22F010060A2309
:1069F000224600F06DFB3146061BDDF83CC0DDF899
:106A00002CE0480630D54FF6FE70764500EA0100CE
:106A10002BDA002D08BF21F01100714626E05FEA55
:106A20004B604FF0000040F19E810021012CDBDA29
:106A30004FF6EE70DDF83CC000EA0B00DDF82CE00C
:106A400014E0002500229EE0002111AC30461646DD
:106A50007546224600F03CFB3146AE46DDF83CC0B0
:106A6000061B0B9D4806CED4084631461FFA80FB14
:106A7000C0060AD440F206401BEA000F5FEA0F90FE
:106A800044185FEA0B7009D526E0002D4FF0010095
:106A900050EA009044185FEA0B701DD45FEACB7097
:106AA00008D0B646644505DA06EB0C00A0EB040EF0
:106AB000644611E064450FDACDF82CE02020494609
:106AC000C047002800F1D0810F9801340137A0425F
:106AD000F4D1DDF82CE004465FEACB601BD440F231
:106AE00006401BEA000F26D05FEA8B7075464FF018
:106AF0002B0058BF20205FEA4B51494648BF2D204C
:106B0000C047002800F1B0810137AE46F346754614
:106B1000B64514DC1CE030204946F346C047002847
:106B200000F1A28135B328464946C047002800F14C
:106B30009B810237DE46F3467546B64508DD3020B8
:106B40004946C047002800F18F81013DB542F6DC7F
:106B50000F985E45A0EB040456EACB800744002E54
:106B600000F06F8110984946805DC047013E0028C3
:106B7000F5D579E10137DE46F3467546B645DEDCEC
:106B8000E6E71D46049BC90652EA508113F1040F43
:106B900008DB834206DA4BF4005B8B4204DAD8430D
:106BA0000E1802E04E1E00E00026A3F57A711FFACF
:106BB0008BF4099424055FEA8B400395CDE9011C11
:106BC00005940CD411F5FA6F70464FF0050198BF8B
:106BD0000420002C58BF032101EB000C03E023EA42
:106BE000E37000F1010CDDF824B0002E079A4FF09D
:106BF00000050B96CBF3001182F0010251EA0690DA
:106C00000F9983186344CB1A53EAC5841BF0090F0C
:106C100011D10A9E84B1604475461044441A202064
:106C20004946C047002800F11F8101370134F6D3DF
:106C30000024AE4600E00A9E0798CDF800E0002848
:106C4000069805D14946C047002800F10D8101375B
:106C5000059800280ED530204946C047002800F18D
:106C60000381C6F178004946C0B2C047002800F150
:106C7000FB800237099800070AD44CB12744302022
:106C80004946C047002800F1EF80013CF7D10024BD
:106C90000998800427D49DF849004946C047002838
:106CA00000F1E2800B98012857DB2E204946C047AF
:106CB000002800F1D9800B98384400F1020B0398AA
:106CC000C5B20020471CAF4202D20C99085C00E01C
:106CD00030204946C047002800F1C6800B98B842D2
:106CE0003846EFD148E0049820EAE076851B0B98FF
:106CF000C0F1000B0398C0B20F90701C06D12E207B
:106D00004946C047002800F1AF8001373020002DF0
:106D100004D40F998D42BCBF0E98405D49465E4534
:106D200006DDC04701350137013E0028E5D59BE06F
:106D3000C047002800F198800999781CC90640F1E5
:106D40009180002E40F08C802E204946C047B0F143
:106D5000FF3F40F38980023773E00998C00604D4EE
:106D600007F1010B08E000213EE62E204946C0470E
:106D7000002879D407F1020B02984946801BC0B263
:106D8000C047002870D4049E2B204946002E48BFDF
:106D90002D20C047002E48BF7642002864D40198B9
:106DA00010F5FA6F15D844F6D3504946C1F2620087
:106DB000A6FB0005302000EB9510C0B2C0470028AC
:106DC00052D4A8094FF47A7100FB11620BF103054C
:106DD00006E008980BF10205324610F1C80F3BD8C7
:106DE00048F21F504946C5F2EB101746A2FB0006B9
:106DF000302000EB5610C0B2C047002834D47009D0
:106E0000642100FB117201354CF6CD404946CCF6A9
:106E1000CC401746A2FB0006302000EBD600C0B2E3
:106E2000C047002820D4F008013500EB8000A7EB14
:106E3000400202F130004946C0B2C047002813D4D6
:106E40006F1C012CFFF66FAA20204946C04701376E
:106E5000013C0028F5D507E000980228D4D2E8E7E5
:106E60000746EEE70746ECE799F8020040F0040019
:106E700089F802004FF0FF37384619B0BDE8F08FAF
:106E8000022AB8BF70472DE9F04F42F689084FF04B
:106E9000010CC0F2010804464FF0010E03E05F78D8
:106EA0009C1C252F29D1234613F8015B252D01D0E9
:106EB00025B90AE16778A31C252F1DD11C4614F8BB
:106EC000015B252D01D025B9FFE05F789C1C252FA3
:106ED00013D1234613F8015B252D01D025B9F4E029
:106EE0006778A31C252F07D11C4614F8015B252DBC
:106EF000D5D0002DD7D1E8E01C464FF0000A4FF066
:106F00000009002604E014F8017B002F00F0A9809E
:106F1000B346BAF11F0F0AD8A7F12005102D09D8E2
:106F20000CFA05F515EA080F40F07C8002E0BAF192
:106F30007F0F0AD8A7F13005092D3ED80BEB8B0344
:106F40004AF0200A05EB4306DDE7A7F14C052E2D9C
:106F500000F288805E46DFE815F067008500850056
:106F600085008500850085008500850085008500F9
:106F700085008500850085008500850085008500E9
:106F800085008500850085008500850085008500D9
:106F9000850077008500670085007000850085000A
:106FA000850085008500850085002F00850085000F
:106FB0008500850085002F00A5E7A7F12405562D43
:106FC00000F250800026DFE805F0334D4D4D4D4D69
:106FD000324D4D4D324D4D4D4D4D4D4D4D4D4D4D17
:106FE0004D4D4D4D4D4D4D4D4D4D4D4D4D4D4D4DD1
:106FF0004D4D2F4D4D4D4D4D4D4D4D4D4D4D4D4DDF
:107000004D4D4D4D4D4D4D4D4D4D4D4D4D4D3F4DBE
:107010002F4D384D4D4D4D4D4D4D2C4D4D4D4D4DF4
:107020002C00FFE75E466EE74AF4207AFAE76AE74B
:10703000B9F1000F0FD1D94665E70AF080034AEA9B
:10704000830343F0800AEDE70AF480734AEA4303BE
:1070500043F4807AE6E7F3457FF455AF6327F146C2
:1070600000E00027B9F1000F2FD0F14524D147F0FF
:107070002003612B1CBF653B022B05D80B6807332F
:1070800023F00703083313E0A7F16303102B0AD89A
:10709000DFE803F00C0909090909090909090909C7
:1070A000090909090C005FEA0A6309D40B68043373
:1070B0000EF1010E04460B609645FFF6F4AE04E0B7
:1070C0000B685FEA8A54DAD4F1E7BDE8F04F704705
:1070D0002DE9F04703F01F06984691468A4605467B
:1070E0002846514632460023FEF7C4FF044600FB03
:1070F00016500F46A0EB0801092888BF01F13700A0
:10710000303089F80000A81B7AF1000049D32046EE
:10711000394632460023FEF7ADFF054600FB164018
:107120008A46A0EB0801092888BF01F137003030FA
:1071300089F80100A01B77F1000036D3284651469C
:1071400032460023FEF796FF044600FB16500F461A
:10715000A0EB0801092888BF01F13700303089F819
:107160000200A81B7AF1000023D32046394632469C
:107170000023FEF77FFF054600FB16408A46A0EB82
:107180000801092888BF01F13700303089F8030071
:1071900009F10409A01B77F10000A1D24846BDE81F
:1071A000F08709F10100BDE8F08709F10200BDE8B0
:1071B000F08709F103094846BDE8F0872DE9F04F53
:1071C00085B05AEC103B4FEADA77CAF30A566FF3F0
:1071D0001F5A077153EA0A0408BF002E0ED040F26E
:1071E000FF75AE423CD10421002C18BF0821394460
:1071F00001710021084605B0BDE8F08F002700238B
:107200004FF0000A0029076037D40D2937D3190F32
:1072100000F1050B41EA0A110491190E4FEA1A54C4
:1072200041EA0A210391190D4FEA1A4641EA0A314F
:107230000291190C4FEA1A3841EA0A410191190BDF
:1072400041EA0A5C190A41EA0A6E190941EA0A7917
:107250004FEA1A1103F00F034FEA1A27009180E05A
:107260004FF60247002ECFF6FF771CBFA6F2FF377E
:107270000AF5801A00290760C7D5002146E03326A9
:10728000A6EB8105C5F1200613274FF0020CA7EBF2
:1072900081072CFA06F401264FF0000E002F58BF8C
:1072A0000CFA07F458BF06FA07FE06FA05F60CFAC0
:1072B00005F558BF002658BF0025D5F100094FF04D
:1072C000000868EB040C013D64F100041D4004EA71
:1072D0000A04751B7EEB040411D38C00C4F1340541
:1072E000D4F1140423FA05F7C5F120050AFA05F5CF
:1072F00045EA070558BF2AFA04F5EC0702D09B19A6
:107300004AEB0E0A03EA09030AEA0C0A1F0947EAD4
:107310000A791F0F1D0B47EA0A1704971F0E45EA4B
:107320000A5C47EA0A2703971F0D1D0A47EA0A3736
:1073300002971F0C45EA0A6E47EA0A4700F1050B5F
:1073400013F00F0301974FEA1A174FEA1A544FEA46
:107350001A464FEA1A384FEA1A25009700F0B4800F
:107360002F46991A092B88BF01F1270303F1300139
:10737000817409F00F030D219D1A092B88BF05F1B7
:1073800027030C2903F13003437498BF0C210EF03E
:107390000F039D1A092B88BF05F127030B2903F161
:1073A0003003037498BF0B210CF00F039D1A092BB7
:1073B00088BF05F127030A2903F13003C37398BF7F
:1073C0000A21019B3D4603F00F039F1A092B88BF3A
:1073D00007F12703092903F13003837398BF0921BB
:1073E000029B03F00F039F1A092B88BF07F12703A5
:1073F000082903F13003437398BF0821039B03F06E
:107400000F039F1A092B88BF07F12703072903F1F0
:107410003003037398BF0721049B03F00F039F1AE7
:10742000092B88BF07F12703062903F13003C37234
:1074300098BF06210AF00F039F1A092B88BF07F196
:107440002703052903F13003837298BF0521009BB0
:1074500003F00F039F1A092B88BF07F127030429A4
:1074600003F13003437298BF042105F00F039F1A04
:10747000092B88BF07F12703032903F130030372A7
:1074800098BF032108F00F039F1A092B88BF07F14B
:107490002703022903F13003C37106F00F0398BFDD
:1074A00002219A1A092B88BF02F1270303F1300247
:1074B0008271012998BF012104F130008BF800008E
:1074C000084605B0BDE8F08F19F00F0348D10C292C
:1074D00046D21EF00F0345D10B2943D21CF00F03F7
:1074E00042D10A2940D2019B13F00F037FF46DAF04
:1074F0000929BFF46AAF029B13F00F037FF473AF47
:107500000829BFF470AF039B13F00F037FF479AF2A
:107510000729BFF476AF049B13F00F037FF47FAF0E
:107520000629BFF47CAF1AF00F037FF485AF05295D
:10753000BFF482AF17F00F038CD104298AD215F063
:107540000F0394D1032992D218F00F039CD1022982
:107550009AD206F00F0353EA0107A2D10021ABE74C
:107560002F4609E72F4614E72F461FE7844639B315
:1075700070B500EB010C4B1EA1F1020ECC1E0022D7
:10758000855C85B1934219D085186E7876B19645A1
:1075900014D0AE786EB1944210D0EE7866B1043259
:1075A0009142EDD10AE000EB020C07E005F1010C7D
:1075B00004E005F1020C01E005F1030CBDE87040A8
:1075C000ACEB00007047B0B588B00C4647F20D61D7
:1075D000C0F20021002501914FF400310091011902
:1075E000CDE90655002C0490CDE9025518BF481E80
:1075F00048BF00200590114668461A46FEF77CFEFB
:10760000002C1CBF04990D7008B0B0BDD1E9042353
:107610009A421EBF531C0B61107070472DE9F04F4A
:10762000A1B056EC108BB246C6F30A546FF31F5A42
:10763000F50F58EA0A0708BF002C0ED040F2FF767B
:10764000B44215D10821002F08BF04210024294489
:107650000171204621B0BDE8F08FA91C01713021D5
:107660000124417100210160204621B0BDE8F08F66
:10767000A4F23549002CCDE9062308F00106049553
:10768000CDE9081006BF4FF6CC39CFF6FF790AF5E1
:10769000801A4FEA8A0242EA9870002F15905FEA3A
:1076A0000F90022C5FEA2F91B9F1000F40EA010719
:1076B0004FEA880014900596139749D4484600F085
:1076C00021FD0546B9F1030F88BF013D284600F0B2
:1076D00027FD0DF1580B04462846594600F00BFED5
:1076E0001AA81CA95A460297CDE90010A5EB09007B
:1076F0002044514600F17C034046AB4600F031FC8B
:107700008246152D5FD8149F4CF6CD46159D1EA8B8
:10771000CCF6CC460C4600903846294632464FF00F
:10772000CC3300F072FEDDE91E01820842EA81716D
:1077300020F0030008444042F8426AD13846294606
:1077400000F0F7FC58455FEA3F901290002087E078
:10775000C9F1000B584600F0DCFC044619F10100A9
:1077600018BF013CABEB040B584600F0D9FC16A93E
:10777000054658468B4600F03BFD1AA81CA95A4600
:107780000297CDE90010601B00F17D034046514691
:1077900000F0E7FB04EB090B8246012C1BD8089B89
:1077A000002E069D4CF6CD46CCF6CC4608D0DDE941
:1077B0001C0201381C9062F100001D900020139003
:1077C0000120129050E04CF6CD460020CDE9120089
:1077D000CCF6CC4646E0089B4CF6CD46069DCCF652
:1077E000CC463E2C25D84FF0FF30B4F1200200FAF1
:1077F00004F758BF0027149C58BF9040159A24EAFC
:10780000070722EA000038435FEA1F901290002029
:1078100011E0059888B91398C043C01965F10001BB
:1078200000F087FC58455FEA3F90139000201290CB
:1078300017E000201290139016E047F0020029464E
:1078400000F077FCDDE91C124B1E62F10005584583
:1078500053EA21801C9055EA22801D90002012904E
:1078600013902146089B069D002D0C934AD0BAF137
:107870000A0071F1000001D2012037E000274FF02B
:107880000A0C02204FF064094FF47A7842F2107E1D
:107890000A22A2FB0C4507EB870305EB4303BAEB77
:1078A000040471EB030320D3A2FB093407FB094452
:1078B000BAEB030371EB040314D3A2FB083407FBF8
:1078C0000844BAEB030371EB04030DD3A2FB0E23B0
:1078D000043007FB0E37BAEB020371EB0703D8D273
:1078E000013802E0013000E00230089B079A0BEB00
:1078F00002073844B0EBD27FB8BFD00F834253EABF
:10790000B0800C90CDF80CB00DF1680B1D9C16AD3D
:107910009BE8000B00201591149011900B902FE024
:107920001599504632464FF0CC3316AD4FEADB0482
:10793000009500F06AFD1498BB46129910F0FF0FF5
:10794000DDE916235FEA1F90014008EB88001291E1
:10795000404210994942B1EB400F13995FEA1F90E2
:1079600001401391D00840EA437101EB8000AAEB7B
:107970004000149011988A4601301190D808159053
:107980005846214632464FF0CC330095CDF834B0FE
:107990000E9400F03AFD4046494632464FF0CC3353
:1079A000DDE9164B0095CDE90F9800F02EFDDDE9DD
:1079B0001601E20842EA4B774FEAD109C00840EAD3
:1079C0004178B8EB070079EBDB00A9D31599BAF140
:1079D0000A0071F1000001D201203BE00A97002566
:1079E0000A2202204FF00A0C64274FF47A7EA2FB91
:1079F0000C3605EB850406EB4406BAEB030371EB8A
:107A0000060322D3A2FB073605FB0766BAEB030386
:107A100071EB060316D3A2FB0E3605FB0E66BAEB1E
:107A2000030371EB06030FD342F210740430A2FB80
:107A3000042305FB0435BAEB020371EB0503D6D230
:107A4000013802E0013000E002300A9F4CF6CD46DA
:107A5000CCF6CC460C9A4AEA010313435FEA1F9323
:107A6000904203DD13B901200B905AE71398C00729
:107A700071D0DDF8408032460F994FF0CC3316AD0F
:107A80000095404600F0C1FCDDE91610C8F1000386
:107A9000DDF848B0CA0842EA407404EB8202524260
:107AA000B3EB420F5FD1C208DDF84490DDF850C05F
:107AB000DDE90D01904632464FF0CC33CDF850C091
:107AC000009500F0A2FC1599324616984FF0CC3381
:107AD00012905046179F009500F097FC4CF6CD424F
:107AE00016A8009020464146CCF6CC424FF0CC334D
:107AF000DDE91665CDF83C8000F087FCF10841EA2D
:107B0000457E14980EEB8101A046ED0810F0FF0FA2
:107B1000AAEB410C5FEA1F90DDE916120BEA000B9D
:107B200012984CF6CD461595CB0843EA4274C0082E
:107B300004EB830340EA47705B4209F1010916AD8B
:107B4000F908C8F10007CCF6CC46D208F246B7EBEC
:107B5000430FAFD00CE00DF1400BD646DDF850C01E
:107B60009BE8000B04E0D646DDF84490DDF850C0F9
:107B7000159A8EEA08010F981346424011430B9A5A
:107B80005FEA0F911143CA07059900295FEA1F9127
:107B9000002A04BF139A11EA02010ED05FFA8CF199
:107BA00005295FEA0F92042962EA0B025FEA9F91BE
:107BB00042EA0E0202EA010C01E04FF0010C0398C8
:107BC00009EB00051EEB0C0043F10001B0F10A02C5
:107BD00071F1000201D2012338E0AE4600264FF0D9
:107BE0000A0802234FF0640B4FF47A7A42F21079BC
:107BF0000A25A5FB087206EB860402EB4402C41BAF
:107C000071EB02021DD3A5FB0B2406FB0B44821A69
:107C100071EB040212D3A5FB0A2406FB0A44821A64
:107C200071EB04020CD3A5FB0952043306FB0926B1
:107C3000421B71EB0602DCD2013B02E0013300E0A3
:107C400002334CF6CD467546CCF6CC460C9A9342A0
:107C50005FEADC82012A079A3AD1069F4FB12A4493
:107C60001A44012AD8BF0122089F974257EAB282DC
:107C70000C920C9A93422BDD05304CF6CD4741F126
:107C80000001CCF6CC474008013B40EAC170013509
:107C900010EB51024FEA510142F10002A2FB0776BC
:107CA00026F0030707EB96074FF0CC36D21B821A5B
:107CB0004CF6CD40CCF6CC4061F10001A2FB0007B0
:107CC00002FB06724CF6CD46CCF6CC4601FB0621F3
:107CD0000C9A934253EAB2822BB214B22344A3F11A
:107CE0000108012CC0F2348102F00303099ACDF897
:107CF0004880042C02F105091193149402D24FF02C
:107D0000000AA9E0E31A2244149C02F104084FF08F
:107D1000000A13936422002383460F46FEF7AAF954
:107D2000420800F0010042EAC17212EB510141F138
:107D30000001A1FB062323F0030202EB93020023C0
:107D4000891A4FF47A7240EA4100394640F0300017
:107D500015905846FEF78EF942084CF6CD4642EA99
:107D6000C172CCF6CC4612EB510100F0010041F19A
:107D700000024FEA5B0141EAC77111EB570343F17F
:107D80000003A3FB066525F0030606EB95069B1B87
:107D90006FF00206CB1A4CF6CD41CCF6CC41A3FBDA
:107DA000011C01EB8105ABEB450545F0300508F8FA
:107DB00004598AEA0605159E254409F805604CF623
:107DC000CD46CCF6CC46A2FB065626F0030505EBC5
:107DD0009606A2EB06024CF6CD46CCF6CC4640EA1F
:107DE00042006FF0030282EA0A0240F030002244AF
:107DF00009F802004FF0CC304FEA570203FB00C0F5
:107E000062F1000202FB06004A0801F0010142EAA9
:107E1000C07212EB500040F10000A0FB062323F0DB
:107E2000030202EB93020023801A42F2107241EA2D
:107E300040006FF0010181EA0A0140F03000214466
:107E400009F8010058463946FEF714F90AF1040A08
:107E5000139A52457FF45EAFDDF844E0DDF84880C8
:107E6000149CBEF1000F73D042084CF6CD4742EA95
:107E7000C172CCF6CC4712EB51036FEA0A0543F10D
:107E800000032544A3FB077626F0030707EB9607BC
:107E90004E08DB1BD31A4CF6CD42CCF6CC4266F131
:107EA000000CA3FB0227BEF1010F02EB8206A0EB40
:107EB000460646F0300609F8056049D04FF0CC364A
:107EC0004CF6CD4503FB06734CF6CD47CCF6CC47BC
:107ED000CCF6CC450CFB0733570802F0010247EA09
:107EE000C37717EB53034CF6CD4743F10003CCF6B1
:107EF000CC47BEF1020FA3FB077626F0030707EB82
:107F00009607A3EB070342EA4302A4EB0A0303EB41
:107F1000090642F0300206F8022C19D06422002330
:107F2000FEF7A8F8420800F0010042EAC17212EB25
:107F3000510141F10001A1FB052323F0030202EBF3
:107F40009302891A40EA410040F0300006F8030C21
:107F5000099804990171C0F80080204621B0BDE85D
:107F6000F08F2DE9F04F8BB0490041EAD0740593B2
:107F70001646D2E9002345002846214608AF00975F
:107F800000F043FAD6E90223834606A8894600900A
:107F900028462146DDE9087A00F037FA10EB070899
:107FA000DDE906234AEB010ADDE90801571C059CBF
:107FB00043F10005B8EB00007AEB0100A4F14104A5
:107FC00055EA338357EA328296E8830017EB0807B5
:107FD000F568049445EB0A0510EB0B0059EB010022
:107FE000009457F10000CDE9062345F10001571C2C
:107FF00043F10005B0EB080471EB0A04CDF80CB0B6
:1080000055EA338357EA3282CDF8089000F01BFA24
:10801000DDE91429169BC2E9000143B3D6E900C18A
:10802000D6E902560398B8EB0505DDE906236AEBAD
:1080300006066C1E66F10007B0EB0C000298DDF836
:1080400010B08841CDF800B054EA358057EA368147
:10805000571E63F10006B8EB00057AEB010557EAFD
:10806000328256EA338300F0EEF95F463EE0DDE906
:1080700006204FEA4804D6E900EC01900598D6E9BD
:108080000276A0F14005029800954FEA4A0503994F
:1080900045EAD87544EAD0744300E71B65EB060651
:1080A000B7F1010B43EAD17366F10000DEEB410149
:1080B00073EB0C0150EA36815BEA3780B4EB0803BE
:1080C000019F75EB0A035FEA2F937F0043EA4203A7
:1080D00047EAD2775A1E67F10006241A8D4152EA08
:1080E000338256EA378300F0AEF9049FDDE90623B8
:1080F000C9E9000140465146009700F0A4F90BB0D1
:10810000BDE8F08F43F24141C0F201014843800CC9
:10811000704742F6FB61C0F20B014843000D704707
:1081200049F24F31C0F212014843012101EBD04026
:1081300070472DE9F04F4CF6CD4E45F6294442F6F6
:10814000F50A47F6D50847F6916943F2343B0246F3
:108150000020CCF6CC4E4FF03333CCF28F24C8F64F
:108160005C7AC2F2E968C3F6FB29C3F2333BA2FB97
:108170000E5C4FF0CC3702FB07C7D5F1333501FB5E
:108180000E7773EB07072ED3A2FB047502FB0A558B
:10819000D7F1333701FB045573EB050722D3A2FB5C
:1081A000087540F63106C1F6AC4602FB0655D7F11C
:1081B000333701FB085573EB050716D3A2FB09758E
:1081C0004CF67066CDF28826043002FB065201FBA5
:1081D0000921B7EB0B0271F133323A46C7D30138AC
:1081E000BDE8F08F0130BDE8F08F0230BDE8F08FC0
:1081F0002DE9F04F87B005464EF64F40C4F6C460F7
:108200008B46A5FB0001C8081A2100FB01F649F2C4
:10821000E061C0F2002101EB0010B54209D190E805
:108220000E00C0688BE80E00CBF80C0007B0BDE86C
:10823000F08FD0E9009249F2B071C0F200210192B2
:10824000D0E90223A81B51F8307001EBC00044684C
:1082500004A800903846214600F0D7F8019B8246DA
:1082600002A888460090384621464A4600F0CDF8DC
:1082700081460191DDE90201002210EB0A0758EB6B
:10828000010842F10000012806D1DDE904010130B6
:10829000049041F1000005902846FFF741FF044695
:1082A0003046FFF73DFF0199241A48463A464346B7
:1082B000009400F0C8F86FF0030249F6800302EA68
:1082C0009502C0F200239A581E2303EA4503DA40C0
:1082D00002F003068019DDE9042341F10001CBE936
:1082E000000138464146009400F0ADF8CBE90201A8
:1082F00007B0BDE8F08F2DE9F04F87B08B464EF602
:108300004F4105461930C4F6C461A0FB0101C808FD
:108310001A2100FB01F649F6D801C0F2002101EB59
:108320000010AE4209D190E80E00C0688BE80E0044
:10833000CBF80C0007B0BDE8F08FD0E900A249F2FD
:10834000B071C0F200210192D0E90223701B51F8F4
:10835000307001EBC000446804A800903846214604
:1083600000F053F8804602A80090BAF1010201988B
:108370008946214660F10003384600F046F804467D
:108380008A46DDE90201002210EB080751EB0908DB
:1083900042F10000012806D1DDE90401013004901A
:1083A00041F1000005903046FFF7BAFE0646284628
:1083B000FFF7B6FE361A204651463A464346009627
:1083C00000F041F86FF0030249F6C81302EA950283
:1083D000C0F200239A581E2303EA4503DA4002F054
:1083E00003054019DDE9042341F10001013041F1A9
:1083F0000001CBE9000138464146009600F023F821
:10840000CBE9020107B0BDE8F08FF0B5A2FB01CEC9
:10841000A2FB0075A3FB011415EB0C05DDF814C0DD
:1084200051EB0E06294644F100043246E3FB0012EC
:10843000A3FB0003401956EB030044F10000CCE914
:1084400000203846F0BD10B5DDF808C0CCF1400E74
:10845000CEF1200420FA0CF003FA0EF322FA04F411
:108460002343DCF1200458BF02FA04F302FA0EF2AF
:1084700001FA04F440EA040058BF0022BCF12004D1
:1084800058BF21FA04F021FA0CF158BF0021104323
:10849000194310BD4F726967696E616C2064617425
:1084A000613A2035302074696D657320617665729C
:1084B0006167650D004932435F434F4D4D535F5730
:1084C000726974654D656D0052323A20203078250E
:1084D000303858004D4D43353630335F4765744969
:1084E00044005053503A202020203078253038580E
:1084F0000053656E736F722054656D7065726174A0
:108500007572653A2025640D0A0052652D636F6E01
:108510006669677572652073657269616C20696E42
:10852000746572666163652073696E636520697442
:108530002077617320726573657400436865636BAF
:108540006564204572726F723A20496E7374727559
:108550006374696F6E20427573204572726F72008A
:10856000696E765F696D755F7365745F636F6E6664
:1085700069675F696E74312829206661696C65647A
:108580003A20256400696E765F696D755F656E617E
:10859000626C655F616363656C5F6C6F775F6E6F64
:1085A0006973655F6D6F64652829206661696C6514
:1085B000643A20256400494E464F20200053434230
:1085C0002D3E484653523A203078253038580044E2
:1085D0004542554720005053523A203078253038D4
:1085E00058000D0A3D3D3D3D3D3D3D3D204F7468E9
:1085F0006572205265676973746572203D3D3D3D2B
:108600003D3D3D3D0054727920746F207265616478
:108610002057484F5F414D5F492061667465722065
:10862000736F66742072657365740052333A20204C
:10863000307825303858000D0A3D3D3D3D3D3D3DEB
:108640003D3D205343422052656769737465722033
:108650003D3D3D3D3D3D3D3D3D003D3D3D3D3D3D87
:108660003D3D3D3D3D3D3D3D3D3D3D3D3D3D3D3D3A
:108670003D3D3D3D3D3D3D3D3D3D3D3D3D3D0D0097
:10868000696E69745F68617264776172655F667252
:108690006F6D5F75693A202564004949435F5772E1
:1086A0006974654D656D6F7279206661696C65648A
:1086B0003A202575004779726F73636F70653A20B1
:1086C00020202058203D20252E34662C2059203D86
:1086D00020252E34662C205A203D20252E3466205D
:1086E0007261642F730D0A00526573746F72652096
:1086F000736C65772D7261746520636F6E66696750
:1087000075726174696F6E005343422D3E43534648
:10871000523A20307825303858005053504C494D4B
:108720003A2030782530385800696E765F696D756B
:108730005F7365745F70696E5F636F6E6669675FB4
:10874000696E74312829206661696C65643A202558
:108750006400696E765F696D755F7365745F6163F0
:1087600063656C5F6673722829206661696C656455
:108770003A202564004D4D43353630335F496E69EC
:10878000740054696D656F7574207768656E207725
:10879000616974204F5020646F6E65004779726F75
:1087A00073636F70653A2020202058203D20252ECD
:1087B00034662C2059203D20252E34662C205A204A
:1087C0003D20252E3466206470730D0A000D0A3D8D
:1087D0003D3D3D3D3D3D3D3D3D3D3D3D20494D55B2
:1087E0003432363730203D3D3D3D3D3D3D3D3D3D04
:1087F0003D3D3D3D0D0052656164206661696C65DB
:10880000643A20257500696E66005741524E20205B
:108810000052303A2020307825303858005231321A
:108820003A20307825303858004C523A20203078A1
:10883000253038580050433A2020307825303858B9
:1088400000416363656C65726174696F6E3A2058AC
:10885000203D20252E34662C2059203D20252E3405
:10886000662C205A203D20252E3466206D2F735E05
:10887000320D0A0052656164206661696C65643A74
:108880002030782575004D4D43353630335F4765D0
:108890007458595A000D0A004949435F5265616492
:1088A0004D656D6F7279206661696C65643A20254B
:1088B00075004932435F434F4D4D535F57726974A2
:1088C00065526567004E6F74207265616479001BA4
:1088D0005B324A1B5B4800696E765F696D755F733A
:1088E00065745F6779726F5F6672657175656E63D7
:1088F000792829206661696C65643A2025640069DD
:108900006D755265616452656700577269746520C0
:108910006661696C65643A203078257500696E7609
:108920005F696D755F7365745F6779726F5F66739A
:10893000722829206661696C65643A2025640045C7
:1089400072726F72207768656E2077616974204F4C
:108950005020646F6E6500696E765F696D755F6447
:1089600065766963655F72657365740048617264FA
:108970004661756C74206F63637572726564206202
:108980007920444542554700486172644661756CE0
:1089900074206F63637572726564206279206F74EE
:1089A00068657220657863657074696F6E20666FA4
:1089B00072636564003D3D3D3D3D3D3D3D3D3D2097
:1089C0004D535020537461636B20203D3D3D3D3D30
:1089D0003D3D3D3D3D00495053523A2030782530D1
:1089E000385800436865636B6564204572726F7226
:1089F0003A20446976696465204279205A65726F2D
:108A000000436865636B6564204572726F723A203B
:108A1000496E76616C6964205374617465004932F3
:108A2000435F434F4D4D535F52656164526567002C
:108A3000436865636B6564204572726F723A204EBD
:108A40006F20436F70726F636573736F720046536C
:108A5000502056657273696F6E3A2025730D0A00B7
:108A6000696E765F696D755F72657365745F66695F
:108A7000666F2829206661696C65643A2025640068
:108A80003D3D3D3D3D3D3D3D3D3D3D3D3D3D3D3D16
:108A90003D3D3D3D3D3D3D3D3D3D3D3D3D3D3D3D06
:108AA0003D3D3D3D3D0D00436F6E76657273696FD0
:108AB0006E20646174613A0D004552524F5220009D
:108AC000436865636B6564204572726F723A205526
:108AD0006E616C69676E65642041636365737300E2
:108AE0005772697465206661696C65643A203078F4
:108AF0002558004765744944206661696C656400C7
:108B0000636F6E6669677572655F73657269616CC4
:108B10005F696E74657266616365005465726D6944
:108B20006E616C00436865636B6564204572726FAB
:108B3000723A20556E646566696E656420496E738D
:108B40007472756374696F6E004779726F73636FC7
:108B500070653A2020202058203D2025642C205983
:108B6000203D2025642C205A203D2025640D0A003C
:108B70000D0A3D3D3D3D3D3D3D3D3D3D3D3D3D3D88
:108B8000204D4D4335363033203D3D3D3D3D3D3D4F
:108B90003D3D3D3D3D3D3D0D003D3D3E20005231C2
:108BA0003A2020307825303858004750545F5374AD
:108BB000617274206661696C65643A2025750049AC
:108BC00044206572726F722E204578706563743A26
:108BD00020307831302C20526561643A203078257D
:108BE00058004D53503A20202020307825303858F6
:108BF00000436865636B6564204572726F723A204A
:108C00005072656369736520646174612062757375
:108C1000206572726F72004246415220697320765D
:108C2000616C69643A203078253038580D0A003676
:108C30002E342E3000696E765F696D755F736574D2
:108C40005F616363656C5F6672657175656E63799C
:108C50002829206661696C65643A20256400696E84
:108C6000765F696D755F6465766963655F7265736C
:108C700065743A202564001B5B306D005343422D20
:108C80003E494353523A20307825303858005365D6
:108C90006E736F722054656D706572617475726564
:108CA0003A20252E346620E284830D0A004368654D
:108CB000636B6564204572726F723A20537461630E
:108CC0006B204F766572666C6F7700696E765F69B0
:108CD0006D755F6765745F646174615F66726F6D07
:108CE0005F6669666F00696E765F696D755F67655F
:108CF000745F646174615F66726F6D5F72656769EE
:108D000073746572732829206661696C65643A2002
:108D10002564006E616E00696E765F696D755F69CE
:108D20006E697400417665726167652074696D656E
:108D3000206F662072656164696E67204649464F00
:108D40003A20257520757300494E54465F434F4EB7
:108D5000464947313A203078255800696D75436F90
:108D60006E66696700696E765F696D755F636F6EC9
:108D70006669677572655F6669666F282920666136
:108D8000696C65643A20256400696D755772697471
:108D9000655265670057484F20414D20493A2030C1
:108DA000782558004D53504C494D3A2030782530A5
:108DB000385800783A2025642C20793A2025642CF4
:108DC000207A3A2025640D0A000D0A3D3D3D3D3DC7
:108DD0003D3D3D3D3D3D3D3D3D3D20496E20486191
:108DE00072644661756C74203D3D3D3D3D3D3D3DA9
:108DF0003D3D3D3D3D3D3D00436865636B65642001
:108E00004572726F723A20496E76616C69642050C7
:108E100043004750545F4F70656E206661696C6512
:108E2000643A20257500416363656C6572617469FD
:108E30006F6E3A2058203D2025642C2059203D207B
:108E400025642C205A203D2025640D0A0049324318
:108E50005F434F4D4D535F526561644D656D0063D7
:108E60006F6E6669677572655F73657269616C5F65
:108E7000696E746572666163653A20256400696E87
:108E8000765F696D755F656E61626C655F6779724B
:108E90006F5F6C6F775F6E6F6973655F6D6F646531
:108EA0002829206661696C65643A20256400286E73
:108EB000756C6C2900D4D4D471020000E204000067
:108EC000C40900008813000010270000204E000095
:108ED000409C0000803801000071020000E20400A4
:108EE00000000000000054545220524547474553AB
:108EF00000D4D4D40400002200D4D4D41F0C080021
:108F000003010000A927000200000000F88E000203
:108F1000341C0022FC8E00023C9400020101020F6E
:108F20000F00000000000000801A0600680000002A
:108F3000010F04050607000000000000000000000B
:108F4000692F0002000000001C8F0002441C002258
:108F5000248F00021C940002841C002268930002EB
:108F6000E09300020000000000000000000000008C
:108F700000000000000000000000000000000000F1
:108F8000000000000000FFFFFFFFFFFFDFDFDFDF6B
:108F9000DFDF000000000000000000000000000013
:108FA00000000000000000000000000000000000C1
:108FB00000000000000000000000000000000000B1
:108FC00040787D010000000020BCBE00000A0900BE
:108FD000B927000200000000648F00028C1C0022F0
:108FE000BC8F00025094000200000000000000004E
:108FF0003000000001000000000000000000000040
:1090000000000000692F00020000000000000000C6
:10901000FFFFFFFF14000022E88F000200000000A5
:10902000B12B0002AC1C00221090000288930002B9
:1090300000000000000000006800000001000000C7
:10904000000000000000000000000000692F000286
:109050000000000000000000FFFFFFFF14000022DE
:109060003090000200000000B12B0002D01C002252
:10907000589000028893000200010000280000229E
:109080000F00FFFF000000010100000009020000C6
:109090000C000C010C020C0300000000000000009A
:1090A000F11F00020000000078900002F41C002272
:1090B0008C900002A0930002040000000C0000004D
:1090C000040000000D000000104000000801000036
:1090D000040C00000A010000000C01150B01000047
:1090E000000C010B0C010000000C010B0D01000035
:1090F000000C010B0E010000000C010B0F01000021
:1091000000400000000200001040000001020000CA
:10911000000001050802000000040105090200002A
:10912000000801000A020000000801000B02000014
:10913000000001000C020000000001000D02000010
:10914000000001000E020000000001000F020000FC
:10915000000C010B00030000000C010B01030000D8
:10916000000C010B0203000010400000030300008C
:1091700000000114070400000000011408040000AE
:109180004004010709040000400401070A0400002C
:109190000000011F0B040000104000000C04000040
:1091A000000C010B03050000000C010B040500007E
:1091B000000C010B05050000000C010B060500006A
:1091C000000C010B07050000000C010B0805000056
:1091D000000C010B09050000000C010B0A05000042
:1091E000104000000D050000000C011C02060000EC
:1091F000000C011C03060000000C011C040600000A
:10920000000C011C05060000000C011C06060000F5
:10921000000C011C07060000000C010B08060000F2
:10922000000C010B09060000000C010B0A060000EF
:10923000000C010B0B060000000C010B0C060000DB
:10924000000C010B0D060000000C010B0E060000C7
:10925000050400000F060000000C010B0D080000C3
:10926000000001130E080000000001130F080000A9
:10927000000C010B000A0000000C010B010A0000A9
:10928000000C010B020A0000000C010B030A000095
:10929000000C010B040A0000000C010B050A000081
:1092A000000C010B060A0000000C010B080A00006C
:1092B000000C010B090A0000000C010B0A0A000057
:1092C000000C010B0B0A0000000C010B0C0A000043
:1092D000000C010B0D0A0000000C010B0E0A00002F
:1092E0000008010B0F0A0000000C011C000C00001C
:1092F000000C011C010C0000000C011C020C000001
:10930000000C011C030C0000000C011C040C0000EC
:109310000004011C050C00000004011C060C0000E8
:109320000004011C070C00000004011C080C0000D4
:10933000000C010B000D0000000C0115010D0000D8
:10934000000C0115020D0000000C0115030D0000BA
:10935000000C0115040D000000080115050D0000AA
:1093600010000115070D000056000000B890000223
:109370000000000003030403050306039C009D0096
:109380009E009F0020008701E92D0002112E00029F
:10939000212E0002292E0002312E000200000000C2
:1093A000C92F0002B1330002C133000211340002A0
:1093B000A9340002B9340002F93400020935000270
:1093C000F9350002093600021136000206000000DD
:1093D0000800000003000000050000000A00000073
:1093E00009390002213900023139000241390002F5
:1093F000F9390002293A0002713A0002993A000252
:10940000D13A0002013B0002213B0002493B00022D
:10941000613B0002020403040404D4D4413D000271
:10942000D13D0002E13D0002F13D0002293E000273
:10943000393E0002493E0002613E000291480002AE
:10944000214900026949000291490002A149000234
:10945000714A0002094E0002194E0002294E000214
:10946000394E0002714E0002914E0002B14E0002D0
:10947000B94E0002D94E0002694F0002814F00022E
:10948000914F0002000000680000006800000080AA
:10949000000000800000007000000070400000220A
:1094A000C00000220B000000BC9400021900000064
:1094B000409500020400000084940002000000684F
:1094C000000000680001000D000000680000006856
:1094D0000001000D00000080000000800001000875
:1094E0000000008000000080000100080000007003
:1094F000000000700001000A000000700000007011
:109500000001000A0000000000000000010000054A
:10951000000000200000002001000004C000002224
:10952000C000002200000003F0040022BC1D002245
:1095300000000003BC1D0022BC1D0022000000032F
:109540000000006800000068000000900001090DA4
:1095500000000068000000680000007800010B0DAA
:109560000000006800000068000000270001020DF4
:109570000000006800000068680000020001010DA2
:109580000000008000000080000000900001090839
:1095900000000080000000800000007800010B083F
:1095A0000000008000000080000000270001020889
:1095B0000000008000000080680000020001010837
:1095C0000000007000000070000000900001090A17
:1095D00000000070000000700000007800010B0A1D
:1095E0000000007000000070000000270001020A67
:1095F0000000007000000070680000020001010A15
:1096000000000000000000000000009001010905BA
:1096100000000000000000000000007801010B05C0
:10962000000000000000000000000027010002050B
:1096300000000000000000006800000201000105B9
:10964000000000200000002000000090010109043B
:1096500000000020000000200000007801010B0441
:10966000000000200000002000000027010002048C
:10967000000000200000002068000002010001043A
:1096800000000022000000220000009000010903F9
:1096900000000022000000220000007800010B03FF
:1096A000000000220000002200000027000002034A
:1096B000000000222C0000226800000200000103CC
:1096C000BC1D0022BC1D002294000002000001030A
:1096D00001000200080010002000D4D4D4D4D4D457
:1096E000000000000000000000000000000000106A
:1096F0000000000000000000B9340332B7F4AD14DC
:1097000010DB1AB30892540E0D307D951447BA1A27
:1097100066088F4D26ADC66DF598BF85E2B7451139
:10972000CA96853D92BD1DEBFCA11860DCEF521678
:109730003C92AE220BB8C1B4839D2D5B0562DA1C4E
:10974000304C7E8F4E8BB25B16F4529F8B56A51217
:10975000FBD4827643ED8AF08FE7F931156519184D
:1097600050F19BD94A13EEB4284CF0A686C1251FB0
:10977000035FC270CB9E4916E642889C44EB2014DE
:10978000B0650836AD6EA58585F0CA14E2FD031AF2
:109790000B899979D5B13D09D8DA973A35EBCF10D5
:1097A000AC363F5E73BB38CF3E6752FA44AFBA1552
:1097B00001000000000000000500000000000000A3
:1097C00019000000000000007D0000000000000003
:1097D0007102000000000000350C000000000000D5
:1097E000093D0000000000002D31010000000000D4
:1097F000E1F505000000000065CD1D00000000003F
:10980000F902950000000000DD0EE90200000000F2
:10981000514A8D0E000000009573C2480000000000
:10982000E941CC6B010000008D49FD1A07000000E2
:10983000C16FF28623000000C52EBCA2B10000005B
:10984000D9E9AC2D780300003D9160E45811000087
:1098500031D6E275BC560000F52E6E4DAEB101005A
:10986000C9EA268367780800ED95C28F055A2A0059
:10987000A1EDCCCE1BC2D30025A4000A8BCA2204C2
:1098800000000000000000000000000000000000D8
:109890000000004095596959555554551555555670
:1098A0000405154110545540455155444045504418
:1098B0005055554500400040400444966555565566
:1098C00045404554514115405591555555554051C8
:1098D00005010000D4D4D4D4010000000000000031
:1098E0000000000000000020345065C05FC9A6528F
:1098F000BB13CBAEC440C21806C8DF7100D5A87C2C
:10990000F56F0FDA58FC27136E4756357D24206516
:1099100002C7E768E48CA41DE9E60268D7CD396187
:109920007977FCC2405BEF16798CDE43FFA751F9D3
:1099300091F3B278F5BDBE11E857E9D6E8BEE87BF1
:10994000B054AC8F848D751BEA23A499E9F9D38BAD
:10995000B7A3714061DA3E15CEE33ECB73F94808F8
:109960008C97B427D51B7010A2BFEFB9EB853215C9
:109970004DB44DB49BBB6F1996B6076CF8E7EEADCE
:1099800036D9B4F59135AE13222218AF4E6A684D20
:1099900091DAAA3D4F40741E9FBD9EE006A1C0987B
:1099A00057C2A7FDA40E90170E7D497173E3208F57
:1099B000B220D87605143B12853D7434811343B030
:1099C000AD297A5F27F4351C544554544555050498
:1099D00000100410140440000000014055551541CA
:1099E0005404000044000100000000404100004415
:1099F0005044455054005555545565510040004061
:109A00000100000100050100115451515455550544
:109A10000015415000000440100104050000000042
:109A200000000406362E342E30004275696C742016
:109A3000776974682052656E65736173204164763E
:109A4000616E63656420466C657869626C6520535D
:109A50006F667477617265205061636B6167652022
:0E9A600076657273696F6E20362E342E3000DC
:049A7000B10400023B
:0200000402C92F
:04F04000FFFFFFFFD0
:04F04400EFFFFFFFDC
:04F0C000FFFFFFFD52
:04F0C400FFFFFFFF4C
:04F1200000000000EB
:04F1240000000000E7
:0400000502005A514A
:00000001FF
