:020000040200F8
:1000000080040122519A000221990002D17100025C
:10001000619A0002619A0002619A0002619A0002EC
:10002000000000000000000000000000619A0002D3
:10003000E16E000200000000619A0002619A000275
:10004000617F0002917E000239800002C1800002BF
:04005000D990000241
:10005400010000000000030081750002A175000288
:1000640000000000FF0303000103A00020000000C3
:100074000000000000000505000000F00000000082
:10008400000000000000000000000000FF03030067
:100094000103A0002000000000000000000005058E
:1000A400000000F00000000000000000000000005C
:1000B40000000000000018D800000000000000004C
:0F00C400000001004009000001000000000001E1
:0800D80001000000000000001F
:1000E00001460078002808BF7047B0B54DF6A4124D
:1000F0004D1CC0F20022146821460AF0DDF915F803
:10010000010B08B12FF009C0BDE8B0407047D4D44E
:1001100083B070B581B0044605A840F2B045C2F284
:1001200002250EC005AB4FF480712846224600938D
:100130000BF055FB4DF6A4112878C0F200210C6895
:1001400050B1013500BF00BF21460AF0B5F915F8DE
:10015000010B08B12FF009C04CF6AC500226C0F2DA
:100160000020451C0D2000BF21460AF0A5F915F816
:10017000010B013EF8D101B0BDE8704003B07047FB
:1001800082B080B582B08C460146CDE9042304AB31
:1001900000206246019300F007F802B0BDE88040FD
:1001A00002B07047D4D4D4D42DE9F04381B04DF6D9
:1001B000A4160F46C0F20026984634689146DFE840
:1001C00000F0023313234CF6DD000626C0F20020B7
:1001D000451C442000BF00BF21460AF06DF915F808
:1001E000010B013EF8D12EE04CF6D0400626C0F2BD
:1001F0000020451C572000BF21460AF05DF915F884
:10020000010B013EF8D11EE04DF219200626C0F286
:100210000020451C452000BF21460AF04DF915F885
:10022000010B013EF8D10EE04CF2A1700626C0F29F
:100230000020451C492000BF21460AF03DF915F871
:10024000010B013EF8D17FB1387848B17D1C00BF69
:1002500021460AF031F915F8010B08B12FF009C059
:10026000202021460AF028F94DF2CC300426C0F2B5
:100270000020451C3D2000BF21460AF01DF915F85D
:10028000010B013EF8D140F2B0474FF48071C2F249
:1002900002274A46384643460BF0A1FA40F20000D6
:1002A000C2F2002001783878D1B148B17D1C00BF7E
:1002B00021460AF001F915F8010B08B12FF009C029
:1002C0004CF6AC500226C0F20020451C0D2000BFA9
:1002D00021460AF0F1F815F8010B013EF8D10BE0C8
:1002E00050B17D1C00BF00BF21460AF0E5F815F8AB
:1002F000010B08B12FF009C001B0BDE8F083D4D4E0
:100300002DE9F04F81B02DED048B4EF61450CEF256
:1003100000000168C90304D44CF2E160C0F200207F
:1003200032E000210167BFF34F8F016843F6E077A9
:1003300021F480310160BFF34F8FC26EC2F34E31A2
:10034000D308C2F3C902561C9A074B0100BF00BF75
:1003500003EA070546F001E0154400BF00BF00BFF7
:10036000C0F8605205F140450FF007C00029A1F127
:100370000101A3F12003EBD1BFF34F8FBFF36F8FC8
:100380004DF2D770C0F200204AF2A456CAF2A55628
:1003900007F072F84FF0E0404FF00071FF224FF08D
:1003A000E04409F055FFBFF34F8FBFF36F8F00207C
:1003B000002100BF00BF00BF09B1802910D2082270
:1003C00042F001E04FF0FF3252000FF003C832401C
:1003D0000A4344F821200131B1F5000FECD110E0BF
:1003E000B0EBD13FB1FA81F203D1182A01D010222B
:1003F000E6E7A2F10903C2F12002072B38BF182259
:10040000DEE700214FF0E042002000BF00BF00BF48
:1004100008B1802814D2082343F001E04FF0FF33E5
:100420005B000FF003C8334052F8204043EA000558
:10043000AC4216D10130B0F5000FE9D137E000BF72
:10044000B1EBD03FB0FA80F303D1182B01D01023C9
:10045000E2E7A3F10907C3F12003072F38BF1823F0
:10046000DAE74FF0E04101EB80024CF69B104DF6CD
:100470002411C0F20020C0F200210AF033F84CF63B
:1004800035302946C0F2002022460AF02BF848F207
:100490001440C4F2260001684DF26250C0F2002000
:1004A0000AF020F84CF6FD20C0F2002071E04CF676
:1004B0000000C0F2002006F0DFFF3DA040F200087F
:1004C0004FF0000B4FF0E04A90ED009F4FF4805941
:1004D000C2F2000804244FF0E04549F001E04FEA81
:1004E0008B30414628EF580121EE402FA1EC103E01
:1004F00021EE440F0FF009C04FF4803228464146E8
:1005000009F0B0FE05F580304FF480414746524671
:100510003B682E689E4224D10435013902F1040261
:1005200007F10407F4D10BF1010B0AF5803ABBF592
:10053000007F0546D1D14CF66670C0F2002006F06F
:100540009BFF96204FF47A7109F0A6F900F038F875
:1005500096204FF47A7109F09FF903F06DF90020AD
:100560001AE04CF615044CF6E110C0F20024C0F27B
:100570000020214609F0B6FF4CF650303A68C0F230
:1005800000202146334609F0ADFF4CF6E470C0F27E
:10059000002006F071FF0120BDEC048B01B0BDE826
:1005A000F08F00BF00BF00BF00BF00BF00BF00BF93
:1005B0000000000001000000020000000300000035
:1005C0002DE9F04F81B02DED028B8AB040F2000191
:1005D0006FF0F040C7F201010A184FF6FE71CFF23A
:1005E000FF718A4208D84CF2A87040F20001C0F2B4
:1005F0000020C7F201010EE040F20002C7F2000243
:10060000104488420FD84CF2AC6040F20001C0F2B6
:100610000020C7F200010AB0BDEC028B01B0BDE8BA
:10062000F04F09F05FBF472009F006FF40F20005D8
:100630004FF48044C2F2000509F0D7FE013C45F8B2
:10064000040BF9D140F280454FF48044C2F20125F9
:1006500009F0CBFE013C45F8040BF9D140F28005CE
:100660004FF48044C2F2002509F0BFFE013C45F87A
:10067000040BF9D14EF20001CEF20101086820F01E
:1006800004000860BFF34F8FBFF36F8F08680190BD
:100690000198400700F1A3804EF68057CEF2000784
:1006A00057F86C0CC0032FD400207860BFF34F8F35
:1006B000396843F6E073C1F34E30CA08C1F3C9018B
:1006C0004E1C9107420100BF02EA030546F001E01B
:1006D0000D4400BF00BF00BFC7F8E05105F1404521
:1006E0000FF007C00028A0F10100A2F12002EBD119
:1006F000BFF34F8F57F86C0C40F4803047F86C0C08
:10070000BFF34F8FBFF36F8F4CF6E400C0F20020B1
:1007100006F0B2FE00207860BFF34F8F396843F6D1
:10072000E073C1F34E30CA08C1F3C9014E1C9107F2
:10073000420100BF00BF00BF02EA030546F001E02E
:100740000D4400BF00BF00BFC7F8E05105F14045B0
:100750000FF007C00028A0F10100A2F12002EBD1A8
:10076000BFF34F8FBFF36F8F06F0D2FA0DF1100A6F
:10077000CAE9000106F0CCFA06F096FB0DF120085C
:100780004FF4803EC8E9000140F2000040F2000151
:10079000C7F20100C2F2000111F8012B00F8012B91
:1007A0000FF007C006F0B4FA0DF10809C9E900011D
:1007B00006F0AEFA06F078FB0DF1180BCBE900015C
:1007C000D8E90001DBE900235940504008430CD12F
:1007D0004DF21A60C0F2002006F04EFE47E04CF2E7
:1007E000CE70C0F2002002F0CFBFDBE90001D8E9F3
:1007F0000023801A994109F029FB00EE100A9FEDB1
:100800009E1A81EE000A9FED9D1A4DF6391020EEDA
:10081000010A9FED9B1AC0F2002020EE010A20EE93
:10082000018A09F05FFED9E90001DAE90023821AA2
:100830004CF6AF5061EB0303C0F2002009F052FE0A
:10084000DBE90001D8E90023821A4CF6041061EBC1
:100850000303C0F2002009F045FEB7EEC80A4DF2CE
:100860002020C0F2002053EC102B09F03BFE4DF687
:10087000A410C0F200200468204609F017FE0020F2
:100880007860BFF34F8F396843F6E073C1F34E30A1
:10089000CA08C1F3C9014E1C9107420100BF00BF45
:1008A00002EA030546F001E00D4400BF00BF00BFAF
:1008B000C7F8E05105F140450FF007C00028A0F14E
:1008C0000100A2F12002EBD1BFF34F8FBFF36F8F76
:1008D00006F01EFACAE9000106F01AFA06F0E4FA78
:1008E000C8E900014FF4004E40F2000040F2000160
:1008F000C7F20100C2F2000131F8022B20F8022BEE
:100900000FF007C006F004FAC9E9000106F000FA8A
:1009100006F0CAFACBE90001D8E90001DBE90023BF
:1009200059405040084306D14DF21A60C0F20020F1
:1009300006F0A2FD41E0DBE90001D8E90023801ABE
:10094000994109F083FA00EE100A9FED4B1A81EEEF
:10095000000A9FED4A1A4CF6264020EE010A9FED50
:10096000481AC0F2002020EE010A20EE018A09F0A8
:10097000B9FDD9E90001DAE90023821A4CF6AF503B
:1009800061EB0303C0F2002009F0ACFDDBE90001DC
:10099000D8E90023821A4CF6041061EB0303C0F27D
:1009A000002009F09FFDB7EEC80A4DF22020C0F2EA
:1009B000002053EC102B09F095FD204609F076FD40
:1009C00000207860BFF34F8F396843F6E073C1F3BE
:1009D0004E30CA08C1F3C9014E1C9107420100BF45
:1009E00002EA030546F001E00D4400BF00BF00BF6E
:1009F000C7F8E05105F140450FF007C00028A0F10D
:100A00000100A2F12002EBD1BFF34F8FBFF36F8F34
:100A100006F07EF9CAE9000106F07AF906F044FA18
:100A2000C8E900014FF4804E40F2000040F200019E
:100A3000C7F20100C2F2000151F8042B40F8042B68
:100A40000FF007C006F064F9C9E9000106F060F98B
:100A500006F02AFACBE90001D8E90001DBE900231E
:100A60005940504008430DD14DF21A60C0F20020A9
:100A700006F002FD48E000BF0000804700247449F2
:100A80000000803ADBE90001D8E90023801A99418F
:100A900009F0DCF900EE100A1FED091A81EE000AD8
:100AA0001FED0A1A4DF2852020EE010A1FED0C1AE7
:100AB000C0F2002020EE010A20EE018A09F012FDAA
:100AC000D9E90001DAE90023821A4CF6AF5061EB54
:100AD0000303C0F2002009F005FDDBE90001D8E9BD
:100AE0000023821A4CF6041061EB0303C0F20020CD
:100AF00009F0F8FCB7EEC80A4DF22020C0F2002041
:100B000053EC102B09F0EEFC00207860BFF34F8F00
:100B1000396843F6E073C1F34E30CA08C1F3C90126
:100B20004E1C9107420100BF02EA030546F001E0B6
:100B30000D4400BF00BF00BFC7F8E05105F14045BC
:100B40000FF007C00028A0F10100A2F12002EBD1B4
:100B5000BFF34F8FBFF36F8F06F0DAF8CAE90001D9
:100B600006F0D6F806F0A0F9C8E900014FF4803E7F
:100B700040F2000040F20001C7F20000C2F20001A2
:100B800011F8012B00F8012B0FF007C006F0C0F898
:100B9000C9E9000106F0BCF806F086F9CBE90001CE
:100BA000D8E90001DBE9002359405040084306D151
:100BB0004DF21A60C0F2002006F05EFC41E0DBE975
:100BC0000001D8E90023801A994109F03FF900EEAD
:100BD000100A1FED571A81EE000A1FED581A4DF248
:100BE000814020EE010A1FED5A1AC0F2002020EECB
:100BF000010A20EE018A09F075FCD9E90001DAE961
:100C00000023821A4CF6AF5061EB0303C0F20020C0
:100C100009F068FCDBE90001D8E90023821A4CF6F0
:100C2000041061EB0303C0F2002009F05BFCB7EE97
:100C3000C80A4DF22020C0F2002053EC102B09F01E
:100C400051FC00207860BFF34F8F396843F6E073A2
:100C5000C1F34E30CA08C1F3C9014E1C91074201CD
:100C600002EA030546F001E00D4400BF00BF00BFEB
:100C7000C7F8E05105F140450FF007C00028A0F18A
:100C80000100A2F12002EBD1BFF34F8FBFF36F8FB2
:100C900006F03EF8CAE9000106F03AF806F004F959
:100CA000C8E900014FF4004E40F2000040F200019C
:100CB000C7F20000C2F2000131F8022B20F8022B2B
:100CC0000FF007C006F024F8C9E9000106F020F88B
:100CD00006F0EAF8CBE90001D8E90001DBE90023DE
:100CE00059405040084306D14DF21A60C0F200202E
:100CF00006F0C2FB41E0DBE90001D8E90023801ADD
:100D0000994109F0A3F800EE100A1FEDA51A81EE33
:100D1000000A1FEDA61A4CF67C0020EE010A1FED1A
:100D2000A81AC0F2002020EE010A20EE018A09F084
:100D3000D9FBD9E90001DAE90023821A4CF6AF5059
:100D400061EB0303C0F2002009F0CCFBDBE90001FA
:100D5000D8E90023821A4CF6041061EB0303C0F2B9
:100D6000002009F0BFFBB7EEC80A4DF22020C0F208
:100D7000002053EC102B09F0B5FB00207860BFF386
:100D80004F8F396843F6E073C1F34E30CA08C1F3A0
:100D9000C9014E1C9107420102EA030546F001E039
:100DA0000D4400BF00BF00BFC7F8E05105F140454A
:100DB0000FF007C00028A0F10100A2F12002EBD142
:100DC000BFF34F8FBFF36F8F05F0A2FFCAE9000199
:100DD00005F09EFF06F068F8C8E900014FF4804E68
:100DE00040F20004C2F2000440F20000C7F200002A
:100DF000214600BF00BF00BF51F8042B40F8042B70
:100E00000FF007C005F084FFC9E9000105F080FF7D
:100E100006F04AF8CBE90001D8E90001DBE900233C
:100E200059405040084306D14DF21A60C0F20020EC
:100E300006F022FB41E0DBE90001D8E90023801A3B
:100E4000994109F003F800EE100A9FED971A81EE20
:100E5000000A9FED961A4DF24B3020EE010A9FEDED
:100E6000941AC0F2002020EE010A20EE018A09F057
:100E700039FBD9E90001DAE90023821A4CF6AF50B8
:100E800061EB0303C0F2002009F02CFBDBE9000159
:100E9000D8E90023821A4CF6041061EB0303C0F278
:100EA000002009F01FFBB7EEC80A4DF22020C0F267
:100EB000002053EC102B09F015FB00207860BFF3E5
:100EC0004F8F396843F6E073C1F34E30CA08C1F35F
:100ED000C9014E1C9107420102EA030546F001E0F8
:100EE0000D4400BF00BF00BFC7F8E05105F1404509
:100EF0000FF007C00028A0F10100A2F12002EBD101
:100F0000BFF34F8FBFF36F8F05F002FF05F0CCFFEB
:100F1000C8E9000105F0FCFECAE900014FF4803E7B
:100F200040F2000040F28041C7F20100C2F201210C
:100F300011F8012B00F8012B0FF007C005F0E8FEB7
:100F4000C9E9000105F0E4FE05F0AEFFCBE90001C0
:100F5000D8E90001DBE9002359405040084306D19D
:100F60004DF21A60C0F2002006F086FA41E0DBE99B
:100F70000001D8E90023801A994108F067FF00EECC
:100F8000100A9FED491A81EE000A9FED481A4DF2B2
:100F9000A81020EE010A9FED461AC0F2002020EEB4
:100FA000010A20EE018A09F09DFAD9E90001DAE987
:100FB0000023821A4CF6AF5061EB0303C0F200200D
:100FC00009F090FADBE90001D8E90023821A4CF617
:100FD000041061EB0303C0F2002009F083FAB7EEBE
:100FE000C80A4DF22020C0F2002053EC102B09F06B
:100FF00079FA00207860BFF34F8F396843F6E073C9
:10100000C1F34E30CA08C1F3C9014E1C9107420119
:1010100002EA030546F001E00D4400BF00BF00BF37
:10102000C7F8E05105F140450FF007C00028A0F1D6
:101030000100A2F12002EBD1BFF34F8FBFF36F8FFE
:1010400005F066FE05F030FFC8E9000105F060FE1E
:10105000CAE900014FF4004E40F2000040F2804126
:10106000C7F20100C2F2012131F8022B20F8022B55
:101070000FF007C005F04CFEC9E9000105F048FE7D
:1010800005F012FFCBE90001D8E90001DBE90023FC
:101090005940504008430DD14DF21A60C0F2002073
:1010A00006F0EAF948E000BF0000804700247449D8
:1010B0000000803ADBE90001D8E90023801A994159
:1010C00008F0C4FE00EE100A1FED091A81EE000AB6
:1010D0001FED0A1A4DF2406020EE010A1FED0C1AB6
:1010E000C0F2002020EE010A20EE018A09F0FAF990
:1010F000D9E90001DAE90023821A4CF6AF5061EB1E
:101100000303C0F2002009F0EDF9DBE90001D8E9A2
:101110000023821A4CF6041061EB0303C0F2002096
:1011200009F0E0F9B7EEC80A4DF22020C0F2002025
:1011300053EC102B09F0D6F900207860BFF34F8FE5
:10114000396843F6E073C1F34E30CA08C1F3C901F0
:101150004E1C9107420100BF02EA030546F001E080
:101160000D4400BF00BF00BFC7F8E05105F1404586
:101170000FF007C00028A0F10100A2F12002EBD17E
:10118000BFF34F8FBFF36F8F05F0C2FD05F08CFEEC
:10119000C8E9000105F0BCFDCAE900014FF4804E2A
:1011A00040F2000040F28041C7F20100C2F201218A
:1011B00051F8042B40F8042B0FF007C005F0A8FDF0
:1011C000C9E9000105F0A4FD05F06EFECBE90001C0
:1011D000D8E90001DBE9002359405040084306D11B
:1011E0004DF21A60C0F2002006F046F941E0DBE95A
:1011F0000001D8E90023801A994108F027FE00EE8B
:10120000100A1FED571A81EE000A1FED581A4CF60E
:10121000492020EE010A1FED5A1AC0F2002020EEEC
:10122000010A20EE018A09F05DF9D9E90001DAE945
:101230000023821A4CF6AF5061EB0303C0F200208A
:1012400009F050F9DBE90001D8E90023821A4CF6D5
:10125000041061EB0303C0F2002009F043F9B7EE7C
:10126000C80A4DF22020C0F2002053EC102B09F0E8
:1012700039F900207860BFF34F8F396843F6E07387
:10128000C1F34E30CA08C1F3C9014E1C9107420197
:1012900002EA030546F001E00D4400BF00BF00BFB5
:1012A000C7F8E05105F140450FF007C00028A0F154
:1012B0000100A2F12002EBD1BFF34F8FBFF36F8F7C
:1012C00005F026FD05F0F0FDC8E9000105F020FD60
:1012D000CAE900014FF4803E40F2000040F2804134
:1012E000C7F20000C2F2012111F8012B00F8012B16
:1012F0000FF007C005F00CFDC9E9000105F008FD7D
:1013000005F0D2FDCBE90001D8E90001DBE90023BB
:1013100059405040084306D14DF21A60C0F20020F7
:1013200006F0AAF841E0DBE90001D8E90023801AC1
:10133000994108F08BFD00EE100A1FEDA51A81EE11
:10134000000A1FEDA61A4CF6B86020EE010A1FED48
:10135000A81AC0F2002020EE010A20EE018A09F04E
:10136000C1F8D9E90001DAE90023821A4CF6AF503E
:1013700061EB0303C0F2002009F0B4F8DBE90001DF
:10138000D8E90023821A4CF6041061EB0303C0F283
:10139000002009F0A7F8B7EEC80A4DF22020C0F2ED
:1013A000002053EC102B09F09DF800207860BFF36B
:1013B0004F8F396843F6E073C1F34E30CA08C1F36A
:1013C000C9014E1C9107420102EA030546F001E003
:1013D0000D4400BF00BF00BFC7F8E05105F1404514
:1013E0000FF007C00028A0F10100A2F12002EBD10C
:1013F000BFF34F8FBFF36F8F05F08AFC05F054FDEC
:10140000C8E9000105F084FCCAE900014FF4004E70
:1014100040F2000040F28041C7F20000C2F2012118
:1014200031F8022B20F8022B0FF007C005F070FCFA
:10143000C9E9000105F06CFC05F036FDCBE90001BF
:10144000D8E90001DBE9002359405040084306D1A8
:101450004DF21A60C0F2002006F00EF841E0DBE920
:101460000001D8E90023801A994108F0EFFC00EE52
:10147000100A9FED971A81EE000A9FED961A4DF221
:10148000D82020EE010A9FED941AC0F2002020EE31
:10149000010A20EE018A09F025F8D9E90001DAE90C
:1014A0000023821A4CF6AF5061EB0303C0F2002018
:1014B00009F018F8DBE90001D8E90023821A4CF69C
:1014C000041061EB0303C0F2002009F00BF8B7EE43
:1014D000C80A4DF22020C0F2002053EC102B09F076
:1014E00001F800207860BFF34F8F396843F6E0734E
:1014F000C1F34E30CA08C1F3C9014E1C9107420125
:1015000002EA030546F001E00D4400BF00BF00BF42
:10151000C7F8E05105F140450FF007C00028A0F1E1
:101520000100A2F12002EBD1BFF34F8FBFF36F8F09
:1015300005F0EEFB05F0B8FCC8E9000105F0E8FB9A
:10154000CAE900014FF4804E40F2804140F20000B1
:10155000C2F20121C7F2000051F8042B40F8042B1D
:101560000FF007C005F0D4FBC9E9000105F0D0FB7E
:1015700005F09AFCCBE90001D8E90001DBE9002382
:1015800059405040084306D14DF21A60C0F2002085
:1015900005F072FF41E0DBE90001D8E90023801A81
:1015A000994108F053FC00EE100A9FED491A81EEB4
:1015B000000A9FED481A4CF69C2020EE010A9FED90
:1015C000461AC0F2002020EE010A20EE018A08F03F
:1015D00089FFD9E90001DAE90023821A4CF6AF50FD
:1015E00061EB0303C0F2002008F07CFFDBE900019F
:1015F000D8E90023821A4CF6041061EB0303C0F211
:10160000002008F06FFFB7EEC80A4DF22020C0F2AC
:10161000002053EC102B08F065FF00207860BFF32A
:101620004F8F396843F6E073C1F34E30CA08C1F3F7
:10163000C9014E1C9107420102EA030546F001E090
:101640000D4400BF00BF00BFC7F8E05105F14045A1
:101650000FF007C00028A0F10100A2F12002EBD199
:10166000BFF34F8FBFF36F8F05F052FB05F01CFCEB
:10167000C8E9000105F04CFBCAE900014FF4803EC7
:1016800040F2000040F28001C7F20100C2F20021E6
:1016900011F8012B00F8012B0FF007C005F038FB03
:1016A000C9E9000105F034FB05F0FEFBCBE90001C0
:1016B000D8E90001DBE900235940504008430DD12F
:1016C0004DF21A60C0F2002005F0D6FE48E000BFDF
:1016D00000008047002474490000803ADBE90001E3
:1016E000D8E90023801A994108F0B0FB00EE100AF7
:1016F0001FED091A81EE000A1FED0A1A4CF60B7055
:1017000020EE010A1FED0C1AC0F2002020EE010AA3
:1017100020EE018A08F0E6FED9E90001DAE90023AB
:10172000821A4CF6AF5061EB0303C0F2002008F0C0
:10173000D9FEDBE90001D8E90023821A4CF6041037
:1017400061EB0303C0F2002008F0CCFEB7EEC80A3C
:101750004DF22020C0F2002053EC102B08F0C2FE06
:1017600000207860BFF34F8F396843F6E073C1F310
:101770004E30CA08C1F3C9014E1C9107420100BF97
:1017800002EA030546F001E00D4400BF00BF00BFC0
:10179000C7F8E05105F140450FF007C00028A0F15F
:1017A0000100A2F12002EBD1BFF34F8FBFF36F8F87
:1017B00005F0AEFA05F078FBC8E9000105F0A8FADB
:1017C000CAE900014FF4004E40F2000040F28001EF
:1017D000C7F20100C2F2002131F8022B20F8022BDF
:1017E0000FF007C005F094FAC9E9000105F090FA7E
:1017F00005F05AFBCBE90001D8E90001DBE9002341
:1018000059405040084306D14DF21A60C0F2002002
:1018100005F032FE41E0DBE90001D8E90023801A3F
:10182000994108F013FB00EE100A1FED571A81EEE4
:10183000000A1FED581A4CF6C35020EE010A1FEDA6
:101840005A1AC0F2002020EE010A20EE018A08F0A8
:1018500049FED9E90001DAE90023821A4CF6AF50BB
:1018600061EB0303C0F2002008F03CFEDBE900015D
:10187000D8E90023821A4CF6041061EB0303C0F28E
:10188000002008F02FFEB7EEC80A4DF22020C0F26B
:10189000002053EC102B08F025FE00207860BFF3E9
:1018A0004F8F396843F6E073C1F34E30CA08C1F375
:1018B000C9014E1C9107420102EA030546F001E00E
:1018C0000D4400BF00BF00BFC7F8E05105F140451F
:1018D0000FF007C00028A0F10100A2F12002EBD117
:1018E000BFF34F8FBFF36F8F05F012FA05F0DCFAEC
:1018F000C8E9000105F00CFACAE900014FF4804E76
:1019000040F2000140F28000C7F20101C2F2002063
:1019100050F8042B41F8042B0FF007C005F0F8F93C
:10192000C9E9000105F0F4F905F0BEFACBE90001C0
:10193000D8E90001DBE9002359405040084306D1B3
:101940004DF21A60C0F2002005F096FD41E0DBE99F
:101950000001D8E90023801A994108F077FA00EED7
:10196000100A1FEDA51A81EE000A1FEDA61A4DF20E
:10197000936020EE010A1FEDA81AC0F2002020EEAD
:10198000010A20EE018A08F0ADFDD9E90001DAE98B
:101990000023821A4CF6AF5061EB0303C0F2002023
:1019A00008F0A0FDDBE90001D8E90023821A4CF61B
:1019B000041061EB0303C0F2002008F093FDB7EEC2
:1019C000C80A4DF22020C0F2002053EC102B08F082
:1019D00089FD00207860BFF34F8F396843F6E073CC
:1019E000C1F34E30CA08C1F3C9014E1C9107420130
:1019F00002EA030546F001E00D4400BF00BF00BF4E
:101A0000C7F8E05105F140450FF007C00028A0F1EC
:101A10000100A2F12002EBD1BFF34F8FBFF36F8F14
:101A200005F076F905F040FAC8E9000105F070F913
:101A3000CAE900014FF4803E40F2000040F280010C
:101A4000C7F20000C2F2002111F8012B00F8012BAF
:101A50000FF007C005F05CF9C9E9000105F058F97D
:101A600005F022FACBE90001D8E90001DBE9002307
:101A700059405040084306D14DF21A60C0F2002090
:101A800005F0FAFC41E0DBE90001D8E90023801A07
:101A9000994108F0DBF900EE100A9FED971A81EEEC
:101AA000000A9FED961A4CF6794020EE010A9FED50
:101AB000941AC0F2002020EE010A20EE018A08F0FC
:101AC00011FDD9E90001DAE90023821A4CF6AF5082
:101AD00061EB0303C0F2002008F004FDDBE9000124
:101AE000D8E90023821A4CF6041061EB0303C0F21C
:101AF000002008F0F7FCB7EEC80A4DF22020C0F233
:101B0000002053EC102B08F0EDFC00207860BFF3B0
:101B10004F8F396843F6E073C1F34E30CA08C1F302
:101B2000C9014E1C9107420102EA030546F001E09B
:101B30000D4400BF00BF00BFC7F8E05105F14045AC
:101B40000FF007C00028A0F10100A2F12002EBD1A4
:101B5000BFF34F8FBFF36F8F05F0DAF805F0A4F9EC
:101B6000C8E9000105F0D4F8CAE900014FF4004EBD
:101B700040F2000040F28001C7F20000C2F20021F2
:101B800031F8022B20F8022B0FF007C005F0C0F847
:101B9000C9E9000105F0BCF805F086F9CBE90001C0
:101BA000D8E90001DBE9002359405040084306D141
:101BB0004DF21A60C0F2002005F05EFC41E0DBE966
:101BC0000001D8E90023801A994108F03FF900EE9E
:101BD000100A9FED491A81EE000A9FED481A4CF653
:101BE000295020EE010A9FED461AC0F2002020EE97
:101BF000010A20EE018A08F075FCD9E90001DAE952
:101C00000023821A4CF6AF5061EB0303C0F20020B0
:101C100008F068FCDBE90001D8E90023821A4CF6E1
:101C2000041061EB0303C0F2002008F05BFCB7EE88
:101C3000C80A4DF22020C0F2002053EC102B08F00F
:101C400051FC00207860BFF34F8F396843F6E07392
:101C5000C1F34E30CA08C1F3C9014E1C91074201BD
:101C600002EA030546F001E00D4400BF00BF00BFDB
:101C7000C7F8E05105F140450FF007C00028A0F17A
:101C80000100A2F12002EBD1BFF34F8FBFF36F8FA2
:101C900005F03EF805F008F9C8E9000105F038F84C
:101CA000CAE900014FF4804E40F2000040F280018A
:101CB000C7F20000C2F2002151F8042B40F8042BB7
:101CC0000FF007C005F024F8C9E9000105F020F87D
:101CD00005F0EAF8CBE90001D8E90001DBE90023CF
:101CE0005940504008430DD14DF21A60C0F2002017
:101CF00005F0C2FB48E000BF0000804700247449A3
:101D00000000803ADBE90001D8E90023801A9941FC
:101D100008F09CF800EE100A1FED091A81EE000A87
:101D20001FED0A1A4CF6917020EE010A1FED0C1AF5
:101D3000C0F2002020EE010A20EE018A08F0D2FB5A
:101D4000D9E90001DAE90023821A4CF6AF5061EBC1
:101D50000303C0F2002008F0C5FBDBE90001D8E96D
:101D60000023821A4CF6041061EB0303C0F200203A
:101D700008F0B8FBB7EEC80A4DF22020C0F20020F0
:101D800053EC102B08F0AEFB4CF61660C0F20020AE
:101D900005F072FBC8204FF47A7107F07DFD00203A
:101DA0007860BFF34F8F396843F6E073C1F34E306C
:101DB000CA08C1F3C9014E1C9107420100BF00BF10
:101DC00002EA030546F001E00D4400BF00BF00BF7A
:101DD000C7F8E05105F140450FF007C00028A0F119
:101DE0000100A2F12002EBD140F2B05840F26409A8
:101DF000C2F20228C2F20029BFF34F8FBFF36F8FE8
:101E0000002088F800000820A9F80C004FF480603A
:101E1000A9F80E0040F20000C7F20100C9F808005E
:101E200004F1006000F50030C9F80400D9F80000A2
:101E300040F04050C9F8000004F06AFF05F034F8A3
:101E400008AAC2E9000104F063FF4DF6D412CAE902
:101E50000001C0F20022D2E9004A2046514606F0B5
:101E600063FF2046494606F09FFF204606F0DCFF50
:101E70000121204606F0F4FF98F8000008B900BFE1
:101E8000FAE704F045FF02AEC6E9000104F040FFA6
:101E900005F00AF80DF1180BCBE90001204607F018
:101EA00007F808ADD5E90001DBE9002359405040AF
:101EB000084306D14DF21A60C0F2002005F0DCFAAA
:101EC00042E0DBE90001D5E90023801A994107F0DF
:101ED000BDFF00EE100A1FED781A81EE000A1FED1B
:101EE000791A4DF2110020EE010A1FED7B1AC0F2A3
:101EF000002020EE010A20EE018A08F0F3FA04AA7D
:101F0000D6E90001D2E90023821A4CF6AF5061EB0A
:101F10000303C0F2002008F0E5FADBE90001D5E98F
:101F20000023821A4CF6041061EB0303C0F2002078
:101F300008F0D8FAB7EEC80A4DF22020C0F200200F
:101F400053EC102B08F0CEFA00207860BFF34F8FCF
:101F5000396843F6E073C1F34E30CA08C1F3C901D2
:101F60004E1C9107420100BF02EA030546F001E062
:101F70000D4400BF00BF00BFC7F8E05105F1404568
:101F80000FF007C00028A0F10100A2F12002EBD160
:101F9000BFF34F8FBFF36F8F002088F80000082039
:101FA000A9F80C004FF48060A9F80E0040F2000080
:101FB000C7F20100C9F8080040F28040C2F20120D7
:101FC000C9F80400D9F8000040F04050C9F80000FA
:101FD00004F09EFE04F068FF08AAC2E9000104F0C4
:101FE00097FE04AAC2E900012046514606F09CFE75
:101FF0002046494606F0D8FE204606F015FF01218E
:10200000204606F02DFF00BF98F8000008B900BF79
:10201000FAE704F07DFE0DF10809C9E9000104F0BA
:1020200077FE04F041FF0DF1180ACAE900012046CD
:1020300006F03EFF0DF12008D8E90001DAE900239F
:1020400059405040084307D14DF21A60C0F20020B9
:1020500005F012FA04AC42E0DAE90001D8E9002305
:10206000801A994107F0F2FE00EE100A1FEDDE1A09
:1020700081EE000A1FEDDF1A4DF2D44020EE010A76
:102080001FEDE11AC0F2002020EE010A20EE018AC5
:1020900008F028FA04ACD9E90001D4E90023821A37
:1020A0004CF6AF5061EB0303C0F2002008F01AFABF
:1020B000DAE90001D8E90023821A4CF6041061EB3A
:1020C0000303C0F2002008F00DFAB7EEC80A4DF283
:1020D0002020C0F2002053EC102B08F003FAC82097
:1020E0004FF47A7107F0D8FB00207860BFF34F8F70
:1020F00057F86C0C43F6E07320F4803047F86C0C12
:10210000BFF34F8F3968C1F34E30CA08C1F3C9011C
:102110004E1C9107420100BF02EA030546F001E0B0
:102120000D4400BF00BF00BFC7F8F45105F14045A2
:102130000FF007C00028A0F10100A2F12002EBD1AE
:102140004EF20001BFF34F8FCEF20101BFF36F8F4C
:10215000086840F004000860BFF34F8FBFF36F8F33
:102160000868019057F86C0CC00331D400207860E7
:10217000BFF34F8F396843F6E073C1F34E30CA089E
:10218000C1F3C9014E1C9107420100BF00BF00BF4F
:1021900002EA030546F001E00D4400BF00BF00BFA6
:1021A000C7F8E05105F140450FF007C00028A0F145
:1021B0000100A2F12002EBD1BFF34F8F57F86C0C56
:1021C00040F4803047F86C0CBFF34F8FBFF36F8F34
:1021D0000198400705D44DF24A70C0F2002001F08A
:1021E000D3BA4CF25970C0F2002005F045F9002036
:1021F0007860BFF34F8F396843F6E073C1F34E3018
:10220000CA08C1F3C9014E1C9107420100BF00BFBB
:1022100002EA030546F001E00D4400BF00BF00BF25
:10222000C7F8E05105F140450FF007C00028A0F1C4
:102230000100A2F12002EBD1BFF34F8FBFF36F8FEC
:1022400004F066FDC4E9000104F062FD04F02CFE18
:10225000C8E900014FF4803E40F2000040F2000166
:10226000C7F20100C2F2000111F8012B00F8012BA6
:102270000FF007C004F04CFDC9E9000104F048FD6F
:1022800004F012FECAE90001D8E90001DAE90023EE
:1022900059405040084306D14DF21A60C0F2002068
:1022A00005F0EAF841E0DAE90001D8E90023801AF4
:1022B000994107F0CBFD00EE100A9FED971A81EED1
:1022C000000A9FED961A4DF6391020EE010A9FED97
:1022D000941AC0F2002020EE010A20EE018A08F0D4
:1022E00001F9D9E90001D4E90023821A4CF6AF5074
:1022F00061EB0303C0F2002008F0F4F8DAE9000112
:10230000D8E90023821A4CF6041061EB0303C0F2F3
:10231000002008F0E7F8B7EEC80A4DF22020C0F21E
:10232000002053EC102B08F0DDF800207860BFF39C
:102330004F8F396843F6E073C1F34E30CA08C1F3DA
:10234000C9014E1C9107420102EA030546F001E073
:102350000D4400BF00BF00BFC7F8E05105F1404584
:102360000FF007C00028A0F10100A2F12002EBD17C
:10237000BFF34F8FBFF36F8F04F0CAFCC4E90001B5
:1023800004F0C6FC04F090FDC8E900014FF4004ED3
:1023900040F2000040F20001C7F20100C2F2000169
:1023A00031F8022B20F8022B0FF007C004F0B0FC2C
:1023B000C9E9000104F0ACFC04F076FDCAE90001B3
:1023C000D8E90001DAE9002359405040084306D11A
:1023D0004DF21A60C0F2002005F04EF841E0DAE953
:1023E0000001D8E90023801A994107F02FFD00EE83
:1023F000100A9FED491A81EE000A9FED481A4CF62B
:10240000264020EE010A9FED461AC0F2002020EE81
:10241000010A20EE018A08F065F8D9E90001D4E943
:102420000023821A4CF6AF5061EB0303C0F2002088
:1024300008F058F8DAE90001D8E90023821A4CF6CE
:10244000041061EB0303C0F2002008F04BF8B7EE74
:10245000C80A4DF22020C0F2002053EC102B08F0E7
:1024600041F800207860BFF34F8F396843F6E0737E
:10247000C1F34E30CA08C1F3C9014E1C9107420195
:1024800002EA030546F001E00D4400BF00BF00BFB3
:10249000C7F8E05105F140450FF007C00028A0F152
:1024A0000100A2F12002EBD1BFF34F8FBFF36F8F7A
:1024B00004F02EFCC4E9000104F02AFC04F0F4FC52
:1024C000C8E900014FF4804E40F2000040F20001E4
:1024D000C7F20100C2F2000151F8042B40F8042BAE
:1024E0000FF007C004F014FCC9E9000104F010FC6F
:1024F00004F0DAFCCAE90001D8E90001DAE90023B6
:102500005940504008430DD14DF21A60C0F20020EE
:1025100004F0B2FF48E000BF000080470024744987
:102520000000803ADAE90001D8E90023801A9941D5
:1025300007F08CFC00EE100A1FED091A81EE000A6C
:102540001FED0A1A4DF2852020EE010A1FED0C1A2C
:10255000C0F2002020EE010A20EE018A07F0C2FF3F
:10256000D9E90001D4E90023821A4CF6AF5061EB9F
:102570000303C0F2002007F0B5FFDAE90001D8E953
:102580000023821A4CF6041061EB0303C0F2002012
:1025900007F0A8FFB7EEC80A4DF22020C0F20020D5
:1025A00053EC102B07F09EFF00207860BFF34F8F95
:1025B000396843F6E073C1F34E30CA08C1F3C9016C
:1025C0004E1C9107420100BF02EA030546F001E0FC
:1025D0000D4400BF00BF00BFC7F8E05105F1404502
:1025E0000FF007C00028A0F10100A2F12002EBD1FA
:1025F000BFF34F8FBFF36F8F04F08AFBC4E9000174
:1026000004F086FB04F050FCC8E900014FF4803E62
:1026100040F2000040F20001C7F20000C2F20001E7
:1026200011F8012B00F8012B0FF007C004F070FB2C
:10263000C9E9000104F06CFB04F036FCCAE90001B2
:10264000D8E90001DAE9002359405040084306D197
:102650004DF21A60C0F2002004F00EFF41E0DAE90A
:102660000001D8E90023801A994107F0EFFB00EE42
:10267000100A1FED571A81EE000A1FED581A4DF28D
:10268000814020EE010A1FED5A1AC0F2002020EE10
:10269000010A20EE018A07F025FFD9E90001D4E9FB
:1026A0000023821A4CF6AF5061EB0303C0F2002006
:1026B00007F018FFDAE90001D8E90023821A4CF686
:1026C000041061EB0303C0F2002007F00BFFB7EE2C
:1026D000C80A4DF22020C0F2002053EC102B07F066
:1026E00001FF00207860BFF34F8F396843F6E07335
:1026F000C1F34E30CA08C1F3C9014E1C9107420113
:1027000002EA030546F001E00D4400BF00BF00BF30
:10271000C7F8E05105F140450FF007C00028A0F1CF
:102720000100A2F12002EBD1BFF34F8FBFF36F8FF7
:1027300004F0EEFAC4E9000104F0EAFA04F0B4FB94
:10274000C8E900014FF4004E40F2000040F20001E1
:10275000C7F20000C2F2000131F8022B20F8022B70
:102760000FF007C004F0D4FAC9E9000104F0D0FA70
:1027700004F09AFBCAE90001D8E90001DAE9002374
:1027800059405040084306D14DF21A60C0F2002073
:1027900004F072FE41E0DAE90001D8E90023801A72
:1027A000994107F053FB00EE100A1FEDA51A81EEC8
:1027B000000A1FEDA61A4CF67C0020EE010A1FED60
:1027C000A81AC0F2002020EE010A20EE018A07F0CC
:1027D00089FED9E90001D4E90023821A4CF6AF50F2
:1027E00061EB0303C0F2002007F07CFEDAE9000190
:1027F000D8E90023821A4CF6041061EB0303C0F2FF
:10280000002007F06FFEB7EEC80A4DF22020C0F29C
:10281000002053EC102B07F065FE00207860BFF31A
:102820004F8F396843F6E073C1F34E30CA08C1F3E5
:10283000C9014E1C9107420102EA030546F001E07E
:102840000D4400BF00BF00BFC7F8E05105F140458F
:102850000FF007C00028A0F10100A2F12002EBD187
:10286000BFF34F8FBFF36F8F04F052FAC4E900013A
:1028700004F04EFA04F018FBC8E900014FF4804E52
:1028800040F2000040F20001C7F20000C2F2000175
:1028900051F8042B40F8042B0FF007C004F038FA6D
:1028A000C9E9000104F034FA04F0FEFACAE90001B3
:1028B000D8E90001DAE9002359405040084306D125
:1028C0004DF21A60C0F2002004F0D6FD41E0DAE9D2
:1028D0000001D8E90023801A994107F0B7FA00EE09
:1028E000100A9FED971A81EE000A9FED961A4DF29D
:1028F0004B3020EE010A9FED941AC0F2002020EE2A
:10290000010A20EE018A07F0EDFDD9E90001D4E9C2
:102910000023821A4CF6AF5061EB0303C0F2002093
:1029200007F0E0FDDAE90001D8E90023821A4CF64D
:10293000041061EB0303C0F2002007F0D3FDB7EEF3
:10294000C80A4DF22020C0F2002053EC102B07F0F3
:10295000C9FD00207860BFF34F8F396843F6E073FC
:10296000C1F34E30CA08C1F3C9014E1C91074201A0
:1029700002EA030546F001E00D4400BF00BF00BFBE
:10298000C7F8E05105F140450FF007C00028A0F15D
:102990000100A2F12002EBD1BFF34F8FBFF36F8F85
:1029A00004F0B6F904F080FAC8E9000104F0B0F9C7
:1029B000C4E900014FF4803E40F2000040F2804143
:1029C000C7F20100C2F2012111F8012B00F8012B1E
:1029D0000FF007C004F09CF9C9E9000104F098F970
:1029E00004F062FACAE90001D8E90001DAE900233B
:1029F00059405040084306D14DF21A60C0F2002001
:102A000004F03AFD41E0DAE90001D8E90023801A38
:102A1000994107F01BFA00EE100A9FED491A81EE6A
:102A2000000A9FED481A4DF2A81020EE010A9FED12
:102A3000461AC0F2002020EE010A20EE018A07F0BB
:102A400051FDD9E90001D4E90023821A4CF6AF50B8
:102A500061EB0303C0F2002007F044FDDAE9000156
:102A6000D8E90023821A4CF6041061EB0303C0F28C
:102A7000002007F037FDB7EEC80A4DF22020C0F263
:102A8000002053EC102B07F02DFD00207860BFF3E1
:102A90004F8F396843F6E073C1F34E30CA08C1F373
:102AA000C9014E1C9107420102EA030546F001E00C
:102AB0000D4400BF00BF00BFC7F8E05105F140451D
:102AC0000FF007C00028A0F10100A2F12002EBD115
:102AD000BFF34F8FBFF36F8F04F01AF904F0E4F9DE
:102AE000C8E9000104F014F9C4E900014FF4004EF4
:102AF00040F2000040F28041C7F20100C2F2012121
:102B000031F8022B20F8022B0FF007C004F000F977
:102B1000C9E9000104F0FCF804F0C6F9CAE90001B3
:102B2000D8E90001DAE900235940504008430DD1AB
:102B30004DF21A60C0F2002004F09EFC48E000BF95
:102B400000008047002474490000803ADAE900015F
:102B5000D8E90023801A994107F078F900EE100AAD
:102B60001FED091A81EE000A1FED0A1A4DF24060AE
:102B700020EE010A1FED0C1AC0F2002020EE010A1F
:102B800020EE018A07F0AEFCD9E90001D4E9002368
:102B9000821A4CF6AF5061EB0303C0F2002007F03D
:102BA000A1FCDAE90001D8E90023821A4CF60410EE
:102BB00061EB0303C0F2002007F094FCB7EEC80AF3
:102BC0004DF22020C0F2002053EC102B07F08AFCBD
:102BD00000207860BFF34F8F396843F6E073C1F38C
:102BE0004E30CA08C1F3C9014E1C9107420100BF13
:102BF00002EA030546F001E00D4400BF00BF00BF3C
:102C0000C7F8E05105F140450FF007C00028A0F1DA
:102C10000100A2F12002EBD1BFF34F8FBFF36F8F02
:102C200004F076F804F040F9C8E9000104F070F807
:102C3000C4E900014FF4804E40F2000040F28041B0
:102C4000C7F20100C2F2012151F8042B40F8042B15
:102C50000FF007C004F05CF8C9E9000104F058F86F
:102C600004F022F9CAE90001D8E90001DAE90023F9
:102C700059405040084306D14DF21A60C0F200207E
:102C800004F0FAFB41E0DAE90001D8E90023801AF8
:102C9000994107F0DBF800EE100A1FED571A81EE9C
:102CA000000A1FED581A4CF6492020EE010A1FEDCC
:102CB0005A1AC0F2002020EE010A20EE018A07F025
:102CC00011FCD9E90001D4E90023821A4CF6AF5077
:102CD00061EB0303C0F2002007F004FCDAE9000115
:102CE000D8E90023821A4CF6041061EB0303C0F20A
:102CF000002007F0F7FBB7EEC80A4DF22020C0F223
:102D0000002053EC102B07F0EDFB00207860BFF3A0
:102D10004F8F396843F6E073C1F34E30CA08C1F3F0
:102D2000C9014E1C9107420102EA030546F001E089
:102D30000D4400BF00BF00BFC7F8E05105F140459A
:102D40000FF007C00028A0F10100A2F12002EBD192
:102D5000BFF34F8FBFF36F8F03F0DAFF04F0A4F8D7
:102D6000C8E9000103F0D4FFC4E900014FF4803E3C
:102D700040F2000040F28041C7F20000C2F201219F
:102D800011F8012B00F8012B0FF007C003F0C0FF72
:102D9000C9E9000103F0BCFF04F086F8CAE90001AC
:102DA000D8E90001DAE9002359405040084306D130
:102DB0004DF21A60C0F2002004F05EFB41E0DAE957
:102DC0000001D8E90023801A994107F03FF800EE8E
:102DD000100A1FEDA51A81EE000A1FEDA61A4CF687
:102DE000B86020EE010A1FEDA81AC0F2002020EE04
:102DF000010A20EE018A07F075FBD9E90001D4E948
:102E00000023821A4CF6AF5061EB0303C0F200209E
:102E100007F068FBDAE90001D8E90023821A4CF6D2
:102E2000041061EB0303C0F2002007F05BFBB7EE78
:102E3000C80A4DF22020C0F2002053EC102B07F0FE
:102E400051FB00207860BFF34F8F396843F6E07381
:102E5000C1F34E30CA08C1F3C9014E1C91074201AB
:102E600002EA030546F001E00D4400BF00BF00BFC9
:102E7000C7F8E05105F140450FF007C00028A0F168
:102E80000100A2F12002EBD1BFF34F8FBFF36F8F90
:102E900003F03EFF04F008F8C8E9000103F038FF32
:102EA000C4E900014FF4004E40F2000040F28041BE
:102EB000C7F20000C2F2012131F8022B20F8022BE8
:102EC0000FF007C003F024FFC9E9000103F020FF61
:102ED00003F0EAFFCAE90001D8E90001DAE90023BA
:102EE00059405040084306D14DF21A60C0F200200C
:102EF00004F0C2FA41E0DAE90001D8E90023801ABF
:102F0000994106F0A3FF00EE100A9FED971A81EE9B
:102F1000000A9FED961A4DF2D82020EE010A9FED8F
:102F2000941AC0F2002020EE010A20EE018A07F078
:102F3000D9FAD9E90001D4E90023821A4CF6AF503E
:102F400061EB0303C0F2002007F0CCFADAE90001DC
:102F5000D8E90023821A4CF6041061EB0303C0F297
:102F6000002007F0BFFAB7EEC80A4DF22020C0F2E9
:102F7000002053EC102B07F0B5FA00207860BFF367
:102F80004F8F396843F6E073C1F34E30CA08C1F37E
:102F9000C9014E1C9107420102EA030546F001E017
:102FA0000D4400BF00BF00BFC7F8E05105F1404528
:102FB0000FF007C00028A0F10100A2F12002EBD120
:102FC000BFF34F8FBFF36F8F03F0A2FE03F06CFFD0
:102FD000C8E9000103F09CFEC4E900014FF4804EF3
:102FE00040F2000040F28041C7F20000C2F201212D
:102FF00051F8042B40F8042B0FF007C003F088FEB3
:10300000C9E9000103F084FE03F04EFFCAE90001A4
:10301000D8E90001DAE9002359405040084306D1BD
:103020004DF21A60C0F2002004F026FA41E0DAE91D
:103030000001D8E90023801A994106F007FF00EE4D
:10304000100A9FED491A81EE000A9FED481A4CF6CE
:103050009C2020EE010A9FED461AC0F2002020EECF
:10306000010A20EE018A07F03DFAD9E90001D4E90E
:103070000023821A4CF6AF5061EB0303C0F200202C
:1030800007F030FADAE90001D8E90023821A4CF699
:10309000041061EB0303C0F2002007F023FAB7EE3F
:1030A000C80A4DF22020C0F2002053EC102B07F08C
:1030B00019FA00207860BFF34F8F396843F6E07348
:1030C000C1F34E30CA08C1F3C9014E1C9107420139
:1030D00002EA030546F001E00D4400BF00BF00BF57
:1030E000C7F8E05105F140450FF007C00028A0F1F6
:1030F0000100A2F12002EBD1BFF34F8FBFF36F8F1E
:1031000003F006FE03F0D0FEC8E9000103F000FE64
:10311000C4E900014FF4803E40F2000040F280011B
:10312000C7F20100C2F2002111F8012B00F8012BB7
:103130000FF007C003F0ECFDC9E9000103F0E8FD62
:1031400003F0B2FECAE90001D8E90001DAE9002380
:103150005940504008430DD14DF21A60C0F2002092
:1031600004F08AF948E000BF000080470024744959
:103170000000803ADAE90001D8E90023801A994179
:1031800006F064FE00EE100A1FED091A81EE000A37
:103190001FED0A1A4CF60B7020EE010A1FED0C1AF7
:1031A000C0F2002020EE010A20EE018A07F09AF911
:1031B000D9E90001D4E90023821A4CF6AF5061EB43
:1031C0000303C0F2002007F08DF9DAE90001D8E925
:1031D0000023821A4CF6041061EB0303C0F20020B6
:1031E00007F080F9B7EEC80A4DF22020C0F20020A7
:1031F00053EC102B07F076F900207860BFF34F8F67
:10320000396843F6E073C1F34E30CA08C1F3C9010F
:103210004E1C9107420100BF02EA030546F001E09F
:103220000D4400BF00BF00BFC7F8E05105F14045A5
:103230000FF007C00028A0F10100A2F12002EBD19D
:10324000BFF34F8FBFF36F8F03F062FD03F02CFECF
:10325000C8E9000103F05CFDC4E900014FF4004E31
:1032600040F2000040F28001C7F20100C2F20021EA
:1032700031F8022B20F8022B0FF007C003F048FDB5
:10328000C9E9000103F044FD03F00EFECAE90001A4
:10329000D8E90001DAE9002359405040084306D13B
:1032A0004DF21A60C0F2002004F0E6F841E0DAE9DD
:1032B0000001D8E90023801A994106F0C7FD00EE0D
:1032C000100A1FED571A81EE000A1FED581A4CF62E
:1032D000C35020EE010A1FED5A1AC0F2002020EE62
:1032E000010A20EE018A07F0FDF8D9E90001D4E9CE
:1032F0000023821A4CF6AF5061EB0303C0F20020AA
:1033000007F0F0F8DAE90001D8E90023821A4CF658
:10331000041061EB0303C0F2002007F0E3F8B7EEFE
:10332000C80A4DF22020C0F2002053EC102B07F009
:10333000D9F800207860BFF34F8F396843F6E07307
:10334000C1F34E30CA08C1F3C9014E1C91074201B6
:1033500002EA030546F001E00D4400BF00BF00BFD4
:10336000C7F8E05105F140450FF007C00028A0F173
:103370000100A2F12002EBD1BFF34F8FBFF36F8F9B
:1033800003F0C6FC03F090FDC8E9000103F0C0FCA7
:10339000C4E900014FF4804E40F2000040F2800189
:1033A000C7F20100C2F2002151F8042B40F8042BAF
:1033B0000FF007C003F0ACFCC9E9000103F0A8FC62
:1033C00003F072FDCAE90001D8E90001DAE900233F
:1033D00059405040084306D14DF21A60C0F2002017
:1033E00004F04AF841E0DAE90001D8E90023801A44
:1033F000994106F02BFD00EE100A1FEDA51A81EE93
:10340000000A1FEDA61A4DF2936020EE010A1FED8F
:10341000A81AC0F2002020EE010A20EE018A07F06F
:1034200061F8D9E90001D4E90023821A4CF6AF50C3
:1034300061EB0303C0F2002007F054F8DAE9000161
:10344000D8E90023821A4CF6041061EB0303C0F2A2
:10345000002007F047F8B7EEC80A4DF22020C0F26E
:10346000002053EC102B07F03DF800207860BFF3EC
:103470004F8F396843F6E073C1F34E30CA08C1F389
:10348000C9014E1C9107420102EA030546F001E022
:103490000D4400BF00BF00BFC7F8E05105F1404533
:1034A0000FF007C00028A0F10100A2F12002EBD12B
:1034B000BFF34F8FBFF36F8F03F02AFC03F0F4FCD0
:1034C000C8E9000103F024FCC4E900014FF4803E88
:1034D00040F2000040F28001C7F20000C2F2002179
:1034E00011F8012B00F8012B0FF007C003F010FCBE
:1034F000C9E9000103F00CFC03F0D6FCCAE90001A5
:10350000D8E90001DAE9002359405040084306D1C8
:103510004DF21A60C0F2002003F0AEFF41E0DAE99C
:103520000001D8E90023801A994106F08FFC00EED3
:10353000100A9FEDBD1A81EE000A9FEDBC1A4CF6F1
:10354000794020EE010A9FEDBA1AC0F2002020EE69
:10355000010A20EE018A06F0C5FFD9E90001D4E98D
:103560000023821A4CF6AF5061EB0303C0F2002037
:1035700006F0B8FFDAE90001D8E90023821A4CF618
:10358000041061EB0303C0F2002006F0ABFFB7EEBE
:10359000C80A4DF22020C0F2002053EC102B06F098
:1035A000A1FF00207860BFF34F8F396843F6E073C6
:1035B000C1F34E30CA08C1F3C9014E1C9107420144
:1035C00002EA030546F001E00D4400BF00BF00BF62
:1035D000C7F8E05105F140450FF007C00028A0F101
:1035E0000100A2F12002EBD1BFF34F8FBFF36F8F29
:1035F00003F08EFB03F058FCC8E9000103F088FBE0
:10360000C4E900014FF4004E40F2000040F2800196
:10361000C7F20000C2F2002131F8022B20F8022B81
:103620000FF007C003F074FBC9E9000103F070FB61
:1036300003F03AFCCAE90001D8E90001DAE9002305
:1036400059405040084306D14DF21A60C0F20020A4
:1036500003F012FF41E0DAE90001D8E90023801A03
:10366000994106F0F3FB00EE100A9FED6F1A81EE10
:10367000000A9FED6E1A4CF6295020EE010A9FEDCC
:103680006C1AC0F2002020EE010A20EE018A06F03A
:1036900029FFD9E90001D4E90023821A4CF6AF5082
:1036A00061EB0303C0F2002006F01CFFDAE9000121
:1036B000D8E90023821A4CF6041061EB0303C0F230
:1036C000002006F00FFFB7EEC80A4DF22020C0F22E
:1036D000002053EC102B06F005FF00207860BFF3AC
:1036E0004F8F396843F6E073C1F34E30CA08C1F317
:1036F000C9014E1C9107420102EA030546F001E0B0
:103700000D4400BF00BF00BFC7F8E05105F14045C0
:103710000FF007C00028A0F10100A2F12002EBD1B8
:10372000BFF34F8FBFF36F8F03F0F2FA03F0BCFBD0
:10373000C8E9000103F0ECFAC4E900014FF4804E3F
:1037400040F2000040F28001C7F20000C2F2002106
:1037500051F8042B40F8042B0FF007C003F0D8FAFF
:10376000C9E9000103F0D4FA03F09EFBCAE90001A5
:10377000D8E90001DAE900235940504008430BD151
:103780004DF21A60C0F200200AB0BDEC028B01B00D
:10379000BDE8F04F03F070BEDAE90001D8E900237C
:1037A000801A994106F052FB00EE100A9FED1E1A96
:1037B00081EE000A9FED1D1A4CF6917020EE010A71
:1037C0009FED1B1AC0F2002020EE010A20EE018AB4
:1037D00006F088FED9E90001D4E90023821A4CF6EC
:1037E000AF5061EB0303C0F2002006F07BFEDAE984
:1037F0000001D8E90023821A4CF6041061EB0303A0
:10380000C0F2002006F06EFEB7EEC80A4DF220208E
:10381000C0F2002053EC102B0AB0BDEC028B01B0BB
:10382000BDE8F04F06F05EBE0000804700247449FA
:103830000000803AD4D4D4D42DE9F04F81B02DEDDE
:10384000028B8AB040F200016FF0F040C7F2010134
:103850000A184FF6FE71CFF2FF718A4208D84CF277
:10386000A87040F20001C0F20020C7F201010EE092
:1038700040F20002C7F20002104488420FD84CF216
:10388000AC6040F20001C0F20020C7F200010AB0B3
:10389000BDEC028B01B0BDE8F04F06F023BE4EF246
:1038A0000001CEF20101086820F004000860BFF3B7
:1038B0004F8FBFF36F8F086801900198400700F1A8
:1038C000A1804EF68057CEF2000757F86C0CC0036B
:1038D0002ED400207860BFF34F8F396843F6E07331
:1038E000C1F34E30CA08C1F3C9014E1C9107420111
:1038F00002EA030546F001E00D4400BF00BF00BF2F
:10390000C7F8E05105F140450FF007C00028A0F1CD
:103910000100A2F12002EBD1BFF34F8F57F86C0CDE
:1039200040F4803047F86C0CBFF34F8FBFF36F8FBC
:103930004CF6E400C0F2002003F09EFD0020786009
:10394000BFF34F8F396843F6E073C1F34E30CA08B6
:10395000C1F3C9014E1C9107420100BF00BF00BF67
:1039600002EA030546F001E00D4400BF00BF00BFBE
:10397000C7F8E05105F140450FF007C00028A0F15D
:103980000100A2F12002EBD1BFF34F8FBFF36F8F85
:1039900003F0BEF90DF1100ACAE9000103F0B8F90D
:1039A00003F082FA0DF120094FF4803EC9E90001CD
:1039B00040F2000040F20001C2F20000C7F2010133
:1039C00011F8012B00F8012B0FF007C003F0A0F94C
:1039D0000DF10808C8E9000103F09AF903F064FA50
:1039E00006ACC4E90001D9E90001D4E9002359403B
:1039F000504008430CD14DF21A60C0F2002003F091
:103A00003BFD47E04CF2CE70C0F2002003F004B959
:103A1000D4E90001D9E90023801A994106F016FA89
:103A200000EE100A9FED981A81EE000A9FED971A9A
:103A30004CF6D43020EE010A9FED951AC0F200201A
:103A400020EE010A20EE018A06F04CFDD8E90001C3
:103A5000DAE90023821A4CF6AF5061EB0303C0F29F
:103A6000002006F03FFDD4E90001D9E90023821AC5
:103A70004CF6041061EB0303C0F2002006F032FDA7
:103A8000B7EEC80A4DF22020C0F2002053EC102BF4
:103A900006F028FD00207860BFF34F8F396843F6A9
:103AA000E073C1F34E30CA08C1F3C9014E1C91073F
:103AB000420100BF00BF00BF02EA030546F001E07B
:103AC0000D4400BF00BF00BFC7F8E05105F14045FD
:103AD0000FF007C00028A0F10100A2F12002EBD1F5
:103AE000BFF34F8FBFF36F8F03F012F9CAE90001E4
:103AF00003F00EF903F0D8F9C9E900014FF4004EC4
:103B000040F2000040F20001C2F20000C7F20101E1
:103B100031F8022B20F8022B0FF007C003F0F8F861
:103B2000C8E9000103F0F4F803F0BEF9C4E90001AC
:103B3000D9E90001D4E9002359405040084306D197
:103B40004DF21A60C0F2002003F096FC41E0D4E987
:103B50000001D9E90023801A994106F077F900EEB7
:103B6000100A9FED491A81EE000A9FED481A4DF2A6
:103B7000817020EE010A9FED461AC0F2002020EE6F
:103B8000010A20EE018A06F0ADFCD8E90001DAE96D
:103B90000023821A4CF6AF5061EB0303C0F2002001
:103BA00006F0A0FCD4E90001D9E90023821A4CF602
:103BB000041061EB0303C0F2002006F093FCB7EEA3
:103BC000C80A4DF22020C0F2002053EC102B06F062
:103BD00089FC00207860BFF34F8F396843F6E073AB
:103BE000C1F34E30CA08C1F3C9014E1C910742010E
:103BF00002EA030546F001E00D4400BF00BF00BF2C
:103C0000C7F8E05105F140450FF007C00028A0F1CA
:103C10000100A2F12002EBD1BFF34F8FBFF36F8FF2
:103C200003F076F8CAE9000103F072F803F03CF9FA
:103C3000C9E900014FF4804E40F2000040F200015B
:103C4000C2F20000C7F2010151F8042B40F8042B26
:103C50000FF007C003F05CF8C8E9000103F058F862
:103C600003F022F9C4E90001D9E90001D4E90023F5
:103C70005940504008430DD14DF21A60C0F2002067
:103C800003F0FAFB48E000BF0000804700247449BD
:103C90000000803AD4E90001D9E90023801A994153
:103CA00006F0D4F800EE100A1FED091A81EE000AA2
:103CB0001FED0A1A4DF22F4020EE010A1FED0C1ADB
:103CC000C0F2002020EE010A20EE018A06F00AFC74
:103CD000D8E90001DAE90023821A4CF6AF5061EB13
:103CE0000303C0F2002006F0FDFBD4E90001D9E98E
:103CF0000023821A4CF6041061EB0303C0F200208B
:103D000006F0F0FBB7EEC80A4DF22020C0F200200A
:103D100053EC102B06F0E6FB00207860BFF34F8FCA
:103D2000396843F6E073C1F34E30CA08C1F3C901E4
:103D30004E1C9107420100BF02EA030546F001E074
:103D40000D4400BF00BF00BFC7F8E05105F140457A
:103D50000FF007C00028A0F10100A2F12002EBD172
:103D6000BFF34F8FBFF36F8F02F0D2FFCAE900019C
:103D700002F0CEFF03F098F8C9E900014FF4803E4D
:103D800040F2000040F20001C2F20000C7F2000160
:103D900011F8012B00F8012B0FF007C002F0B8FF5B
:103DA000C8E9000102F0B4FF03F07EF8C4E90001A5
:103DB000D9E90001D4E9002359405040084306D115
:103DC0004DF21A60C0F2002003F056FB41E0D4E946
:103DD0000001D9E90023801A994106F037F800EE76
:103DE000100A1FED571A81EE000A1FED581A4DF206
:103DF000E77020EE010A1FED5A1AC0F2002020EEF3
:103E0000010A20EE018A06F06DFBD8E90001DAE92B
:103E10000023821A4CF6AF5061EB0303C0F200207E
:103E200006F060FBD4E90001D9E90023821A4CF6C0
:103E3000041061EB0303C0F2002006F053FBB7EE61
:103E4000C80A4DF22020C0F2002053EC102B06F0DF
:103E500049FB00207860BFF34F8F396843F6E07369
:103E6000C1F34E30CA08C1F3C9014E1C910742018B
:103E700002EA030546F001E00D4400BF00BF00BFA9
:103E8000C7F8E05105F140450FF007C00028A0F148
:103E90000100A2F12002EBD1BFF34F8FBFF36F8F70
:103EA00002F036FFCAE9000102F032FF02F0FCFF27
:103EB000C9E900014FF4004E40F2000040F2000159
:103EC000C2F20000C7F2000131F8022B20F8022BE9
:103ED0000FF007C002F01CFFC8E9000102F018FF54
:103EE00002F0E2FFC4E90001D9E90001D4E90023AE
:103EF00059405040084306D14DF21A60C0F20020EC
:103F000003F0BAFA41E0D4E90001D9E90023801AAC
:103F1000994105F09BFF00EE100A1FEDA51A81EEF6
:103F2000000A1FEDA61A4CF6703020EE010A1FEDB4
:103F3000A81AC0F2002020EE010A20EE018A06F045
:103F4000D1FAD8E90001DAE90023821A4CF6AF5021
:103F500061EB0303C0F2002006F0C4FAD4E90001CB
:103F6000D9E90023821A4CF6041061EB0303C0F276
:103F7000002006F0B7FAB7EEC80A4DF22020C0F2D2
:103F8000002053EC102B06F0ADFA00207860BFF350
:103F90004F8F396843F6E073C1F34E30CA08C1F35E
:103FA000C9014E1C9107420102EA030546F001E0F7
:103FB0000D4400BF00BF00BFC7F8E05105F1404508
:103FC0000FF007C00028A0F10100A2F12002EBD100
:103FD000BFF34F8FBFF36F8F02F09AFECAE9000163
:103FE00002F096FE02F060FFC9E900014FF4804E36
:103FF00040F2000BC2F2000B40F20000C7F20000DA
:10400000594600BF00BF00BF50F8042B41F8042BF5
:104010000FF007C002F07CFEC8E9000102F078FE54
:1040200002F042FFC4E90001D9E90001D4E900230C
:1040300059405040084306D14DF21A60C0F20020AA
:1040400003F01AFA41E0D4E90001D9E90023801A0B
:10405000994105F0FBFE00EE100A9FED971A81EEE4
:10406000000A9FED961A4CF62A0020EE010A9FEDF9
:10407000941AC0F2002020EE010A20EE018A06F018
:1040800031FAD8E90001DAE90023821A4CF6AF5080
:1040900061EB0303C0F2002006F024FAD4E900012A
:1040A000D9E90023821A4CF6041061EB0303C0F235
:1040B000002006F017FAB7EEC80A4DF22020C0F231
:1040C000002053EC102B06F00DFA00207860BFF3AF
:1040D0004F8F396843F6E073C1F34E30CA08C1F31D
:1040E000C9014E1C9107420102EA030546F001E0B6
:1040F0000D4400BF00BF00BFC7F8E05105F14045C7
:104100000FF007C00028A0F10100A2F12002EBD1BE
:10411000BFF34F8FBFF36F8F02F0FAFD02F0C4FEC2
:10412000C9E9000102F0F4FDCAE900014FF4803E44
:1041300040F2804040F20001C2F20120C7F20101CA
:1041400011F8012B00F8012B0FF007C002F0E0FD81
:10415000C8E9000102F0DCFD02F0A6FEC4E900019E
:10416000D9E90001D4E9002359405040084306D161
:104170004DF21A60C0F2002003F07EF941E0D4E96C
:104180000001D9E90023801A994105F05FFE00EE95
:10419000100A9FED491A81EE000A9FED481A4DF270
:1041A000332020EE010A9FED461AC0F2002020EED7
:1041B000010A20EE018A06F095F9D8E90001DAE952
:1041C0000023821A4CF6AF5061EB0303C0F20020CB
:1041D00006F088F9D4E90001D9E90023821A4CF6E7
:1041E000041061EB0303C0F2002006F07BF9B7EE88
:1041F000C80A4DF22020C0F2002053EC102B06F02C
:1042000071F900207860BFF34F8F396843F6E0738F
:10421000C1F34E30CA08C1F3C9014E1C91074201D7
:1042200002EA030546F001E00D4400BF00BF00BFF5
:10423000C7F8E05105F140450FF007C00028A0F194
:104240000100A2F12002EBD1BFF34F8FBFF36F8FBC
:1042500002F05EFD02F028FEC9E9000102F058FDFF
:10426000CAE900014FF4004E40F2804040F20001E4
:10427000C2F20120C7F2010131F8022B20F8022B13
:104280000FF007C002F044FDC8E9000102F040FD54
:1042900002F00AFEC4E90001D9E90001D4E90023D3
:1042A0005940504008430DD14DF21A60C0F2002031
:1042B00003F0E2F848E000BF0000804700247449A2
:1042C0000000803AD4E90001D9E90023801A99411D
:1042D00005F0BCFD00EE100A1FED091A81EE000A80
:1042E0001FED0A1A4DF2F86020EE010A1FED0C1ABC
:1042F000C0F2002020EE010A20EE018A06F0F2F85A
:10430000D8E90001DAE90023821A4CF6AF5061EBDC
:104310000303C0F2002006F0E5F8D4E90001D9E972
:104320000023821A4CF6041061EB0303C0F2002054
:1043300006F0D8F8B7EEC80A4DF22020C0F20020EF
:1043400053EC102B06F0CEF800207860BFF34F8FAF
:10435000396843F6E073C1F34E30CA08C1F3C901AE
:104360004E1C9107420100BF02EA030546F001E03E
:104370000D4400BF00BF00BFC7F8E05105F1404544
:104380000FF007C00028A0F10100A2F12002EBD13C
:10439000BFF34F8FBFF36F8F02F0BAFC02F084FDC2
:1043A000C9E9000102F0B4FCCAE900014FF4804EF3
:1043B00040F2804040F20001C2F20120C7F2010148
:1043C00051F8042B40F8042B0FF007C002F0A0FCBA
:1043D000C8E9000102F09CFC02F066FDC4E900019E
:1043E000D9E90001D4E9002359405040084306D1DF
:1043F0004DF21A60C0F2002003F03EF841E0D4E92B
:104400000001D9E90023801A994105F01FFD00EE53
:10441000100A1FED571A81EE000A1FED581A4DF2CF
:10442000041020EE010A1FED5A1AC0F2002020EEFF
:10443000010A20EE018A06F055F8D8E90001DAE910
:104440000023821A4CF6AF5061EB0303C0F2002048
:1044500006F048F8D4E90001D9E90023821A4CF6A5
:10446000041061EB0303C0F2002006F03BF8B7EE46
:10447000C80A4DF22020C0F2002053EC102B06F0A9
:1044800031F800207860BFF34F8F396843F6E0734E
:10449000C1F34E30CA08C1F3C9014E1C9107420155
:1044A00002EA030546F001E00D4400BF00BF00BF73
:1044B000C7F8E05105F140450FF007C00028A0F112
:1044C0000100A2F12002EBD1BFF34F8FBFF36F8F3A
:1044D00002F01EFC02F0E8FCC9E9000102F018FC41
:1044E000CAE900014FF4803E40F2804040F20001F2
:1044F000C2F20120C7F2000111F8012B00F8012BD4
:104500000FF007C002F004FCC8E9000102F000FC53
:1045100002F0CAFCC4E90001D9E90001D4E9002392
:1045200059405040084306D14DF21A60C0F20020B5
:1045300002F0A2FF41E0D4E90001D9E90023801A8A
:10454000994105F083FC00EE100A1FEDA51A81EEDB
:10455000000A1FEDA61A4DF2D13020EE010A1FED20
:10456000A81AC0F2002020EE010A20EE018A05F010
:10457000B9FFD8E90001DAE90023821A4CF6AF50FE
:1045800061EB0303C0F2002005F0ACFFD4E90001A9
:10459000D9E90023821A4CF6041061EB0303C0F240
:1045A000002005F09FFFB7EEC80A4DF22020C0F2B0
:1045B000002053EC102B05F095FF00207860BFF32E
:1045C0004F8F396843F6E073C1F34E30CA08C1F328
:1045D000C9014E1C9107420102EA030546F001E0C1
:1045E0000D4400BF00BF00BFC7F8E05105F14045D2
:1045F0000FF007C00028A0F10100A2F12002EBD1CA
:10460000BFF34F8FBFF36F8F02F082FB02F04CFCC1
:10461000C9E9000102F07CFBCAE900014FF4004E39
:1046200040F2804040F20001C2F20120C7F20001D6
:1046300031F8022B20F8022B0FF007C002F068FBC4
:10464000C8E9000102F064FB02F02EFCC4E900019D
:10465000D9E90001D4E9002359405040084306D16C
:104660004DF21A60C0F2002002F006FF41E0D4E9EA
:104670000001D9E90023801A994105F0E7FB00EE1B
:10468000100A9FED971A81EE000A9FED961A4CF6DC
:10469000F71020EE010A9FED941AC0F2002020EEE0
:1046A000010A20EE018A05F01DFFD8E90001DAE9D0
:1046B0000023821A4CF6AF5061EB0303C0F20020D6
:1046C00005F010FFD4E90001D9E90023821A4CF665
:1046D000041061EB0303C0F2002005F003FFB7EE06
:1046E000C80A4DF22020C0F2002053EC102B05F038
:1046F000F9FE00207860BFF34F8F396843F6E0730E
:10470000C1F34E30CA08C1F3C9014E1C91074201E2
:1047100002EA030546F001E00D4400BF00BF00BF00
:10472000C7F8E05105F140450FF007C00028A0F19F
:104730000100A2F12002EBD1BFF34F8FBFF36F8FC7
:1047400002F0E6FA02F0B0FBC9E9000102F0E0FA7B
:10475000CAE900014FF4804E40F2804040F200016F
:10476000C2F20120C7F2000151F8042B40F8042BDB
:104770000FF007C002F0CCFAC8E9000102F0C8FA55
:1047800002F092FBC4E90001D9E90001D4E9002359
:1047900059405040084306D14DF21A60C0F2002043
:1047A00002F06AFE41E0D4E90001D9E90023801A51
:1047B000994105F04BFB00EE100A9FED491A81EE7E
:1047C000000A9FED481A4DF2715020EE010A9FED4C
:1047D000461AC0F2002020EE010A20EE018A05F000
:1047E00081FED8E90001DAE90023821A4CF6AF50C5
:1047F00061EB0303C0F2002005F074FED4E9000170
:10480000D9E90023821A4CF6041061EB0303C0F2CD
:10481000002005F067FEB7EEC80A4DF22020C0F276
:10482000002053EC102B05F05DFE00207860BFF3F4
:104830004F8F396843F6E073C1F34E30CA08C1F3B5
:10484000C9014E1C9107420102EA030546F001E04E
:104850000D4400BF00BF00BFC7F8E05105F140455F
:104860000FF007C00028A0F10100A2F12002EBD157
:10487000BFF34F8FBFF36F8F02F04AFA02F014FBC1
:10488000C9E9000102F044FACAE900014FF4005EF0
:1048900040F2804140F20000C2F20121C7F2000064
:1048A000F0E80223E1E802230FF007C002F030FA3B
:1048B000C8E9000102F02CFA02F0F6FAC4E900019E
:1048C000D9E90001D4E900235940504008430DD1F3
:1048D0004DF21A60C0F2002002F0CEFD48E000BFA9
:1048E00000008047002474490000803AD4E90001A8
:1048F000D9E90023801A994105F0A8FA00EE100AC0
:104900001FED091A81EE000A1FED0A1A4CF61A1063
:1049100020EE010A1FED0C1AC0F2002020EE010A61
:1049200020EE018A05F0DEFDD8E90001DAE9002376
:10493000821A4CF6AF5061EB0303C0F2002005F081
:10494000D1FDD4E90001D9E90023821A4CF6041004
:1049500061EB0303C0F2002005F0C4FDB7EEC80A06
:104960004DF22020C0F2002053EC102B05F0BAFDD0
:1049700000207860BFF34F8F396843F6E073C1F3CE
:104980004E30CA08C1F3C9014E1C9107420100BF55
:1049900002EA030546F001E00D4400BF00BF00BF7E
:1049A000C7F8E05105F140450FF007C00028A0F11D
:1049B0000100A2F12002EBD1BFF34F8FBFF36F8F45
:1049C00002F0A6F902F070FAC9E9000102F0A0F9BC
:1049D000CAE900014FF4803E40F2800040F200013D
:1049E000C2F20020C7F2010111F8012B00F8012BDF
:1049F0000FF007C002F08CF9C8E9000102F088F955
:104A000002F052FAC4E90001D9E90001D4E9002317
:104A100059405040084306D14DF21A60C0F20020C0
:104A200002F02AFD41E0D4E90001D9E90023801A0F
:104A3000994105F00BFA00EE100A1FED571A81EEAE
:104A4000000A1FED581A4DF2561020EE010A1FED14
:104A50005A1AC0F2002020EE010A20EE018A05F069
:104A600041FDD8E90001DAE90023821A4CF6AF5083
:104A700061EB0303C0F2002005F034FDD4E900012E
:104A8000D9E90023821A4CF6041061EB0303C0F24B
:104A9000002005F027FDB7EEC80A4DF22020C0F235
:104AA000002053EC102B05F01DFD00207860BFF3B3
:104AB0004F8F396843F6E073C1F34E30CA08C1F333
:104AC000C9014E1C9107420102EA030546F001E0CC
:104AD0000D4400BF00BF00BFC7F8E05105F14045DD
:104AE0000FF007C00028A0F10100A2F12002EBD1D5
:104AF000BFF34F8FBFF36F8F02F00AF902F0D4F9C2
:104B0000C9E9000102F004F9CAE900014FF4004EBE
:104B100040F2800040F20001C2F20020C7F2010121
:104B200031F8022B20F8022B0FF007C002F0F0F84A
:104B3000C8E9000102F0ECF802F0B6F9C4E900019E
:104B4000D9E90001D4E9002359405040084306D177
:104B50004DF21A60C0F2002002F08EFC41E0D4E970
:104B60000001D9E90023801A994105F06FF900EEA0
:104B7000100A1FEDA51A81EE000A1FEDA61A4CF2CD
:104B8000F86020EE010A1FEDA81AC0F2002020EE06
:104B9000010A20EE018A05F0A5FCD8E90001DAE956
:104BA0000023821A4CF6AF5061EB0303C0F20020E1
:104BB00005F098FCD4E90001D9E90023821A4CF6EB
:104BC000041061EB0303C0F2002005F08BFCB7EE8C
:104BD000C80A4DF22020C0F2002053EC102B05F043
:104BE00081FC00207860BFF34F8F396843F6E07393
:104BF000C1F34E30CA08C1F3C9014E1C91074201EE
:104C000002EA030546F001E00D4400BF00BF00BF0B
:104C1000C7F8E05105F140450FF007C00028A0F1AA
:104C20000100A2F12002EBD1BFF34F8FBFF36F8FD2
:104C300002F06EF802F038F9C9E9000102F068F8F4
:104C4000CAE900014FF4804E40F2000140F28000BA
:104C5000C7F20101C2F2002051F8042B40F8042BE6
:104C60000FF007C002F054F8C8E9000102F050F854
:104C700002F01AF9C4E90001D9E90001D4E90023DE
:104C800059405040084306D14DF21A60C0F200204E
:104C900002F0F2FB41E0D4E90001D9E90023801AD7
:104CA000994105F0D3F800EE100A9FED971A81EEB6
:104CB000000A9FED961A4CF6256020EE010A9FED42
:104CC000941AC0F2002020EE010A20EE018A05F0BD
:104CD00009FCD8E90001DAE90023821A4CF6AF504A
:104CE00061EB0303C0F2002005F0FCFBD4E90001F6
:104CF000D9E90023821A4CF6041061EB0303C0F2D9
:104D0000002005F0EFFBB7EEC80A4DF22020C0F2FC
:104D1000002053EC102B05F0E5FB00207860BFF37A
:104D20004F8F396843F6E073C1F34E30CA08C1F3C0
:104D3000C9014E1C9107420102EA030546F001E059
:104D40000D4400BF00BF00BFC7F8E05105F140456A
:104D50000FF007C00028A0F10100A2F12002EBD162
:104D6000BFF34F8FBFF36F8F01F0D2FF02F09CF8BB
:104D7000C9E9000101F0CCFFCAE900014FF4803E0F
:104D800040F2800040F20001C2F20020C7F20001B0
:104D900011F8012B00F8012B0FF007C001F0B8FF4C
:104DA000C8E9000101F0B4FF02F07EF8C4E9000197
:104DB000D9E90001D4E9002359405040084306D105
:104DC0004DF21A60C0F2002002F056FB41E0D4E937
:104DD0000001D9E90023801A994105F037F800EE67
:104DE000100A9FED491A81EE000A9FED481A4DF214
:104DF000C35020EE010A9FED461AC0F2002020EEBB
:104E0000010A20EE018A05F06DFBD8E90001DAE91C
:104E10000023821A4CF6AF5061EB0303C0F200206E
:104E200005F060FBD4E90001D9E90023821A4CF6B1
:104E3000041061EB0303C0F2002005F053FBB7EE52
:104E4000C80A4DF22020C0F2002053EC102B05F0D0
:104E500049FB00207860BFF34F8F396843F6E07359
:104E6000C1F34E30CA08C1F3C9014E1C910742017B
:104E700002EA030546F001E00D4400BF00BF00BF99
:104E8000C7F8E05105F140450FF007C00028A0F138
:104E90000100A2F12002EBD1BFF34F8FBFF36F8F60
:104EA00001F036FF02F000F8C9E9000101F030FF1F
:104EB000CAE900014FF4004E40F2800040F20001C8
:104EC000C2F20020C7F2000131F8022B20F8022BB9
:104ED0000FF007C001F01CFFC8E9000101F018FF46
:104EE00001F0E2FFC4E90001D9E90001D4E900239F
:104EF0005940504008430DD14DF21A60C0F20020D5
:104F000002F0BAFA48E000BF00008047002474496C
:104F10000000803AD4E90001D9E90023801A9941C0
:104F200004F094FF00EE100A1FED091A81EE000A4A
:104F30001FED0A1A4DF6890020EE010A1FED0C1A2A
:104F4000C0F2002020EE010A20EE018A05F0CAFA24
:104F5000D8E90001DAE90023821A4CF6AF5061EB80
:104F60000303C0F2002005F0BDFAD4E90001D9E93D
:104F70000023821A4CF6041061EB0303C0F20020F8
:104F800005F0B0FAB7EEC80A4DF22020C0F20020BA
:104F900053EC102B05F0A6FA00207860BFF34F8F7A
:104FA000396843F6E073C1F34E30CA08C1F3C90152
:104FB0004E1C9107420100BF02EA030546F001E0E2
:104FC0000D4400BF00BF00BFC7F8E05105F14045E8
:104FD0000FF007C00028A0F10100A2F12002EBD1E0
:104FE000BFF34F8FBFF36F8F01F092FE01F05CFFB4
:104FF000C9E9000101F08CFECAE900014FF4804EBE
:1050000040F2800040F20001C2F20020C7F200012D
:1050100051F8042B40F8042B0FF007C001F078FE84
:10502000C8E9000101F074FE01F03EFFC4E900018F
:10503000D9E90001D4E9002359405040084306D182
:105040004DF21A60C0F2002002F016FA41E0D4E9F5
:105050000001D9E90023801A994104F0F7FE00EE1F
:10506000100A1FED571A81EE000A1FED581A4CF670
:10507000D74020EE010A1FED5A1AC0F2002020EEA0
:10508000010A20EE018A05F02DFAD8E90001DAE9DB
:105090000023821A4CF6AF5061EB0303C0F20020EC
:1050A00005F020FAD4E90001D9E90023821A4CF670
:1050B000041061EB0303C0F2002005F013FAB7EE11
:1050C000C80A4DF22020C0F2002053EC102B05F04E
:1050D00009FAC8204FF47A7104F0DEFB4CF6166032
:1050E000C0F2002002F0C8F9C8204FF47A7104F031
:1050F000D3FB00207860BFF34F8F396843F6E0732D
:10510000C1F34E30CA08C1F3C9014E1C91074201D8
:1051100002EA030546F001E00D4400BF00BF00BFF6
:10512000C7F8E05105F140450FF007C00028A0F195
:105130000100A2F12002EBD140F2B05840F2640924
:10514000C2F20228C2F20029BFF34F8F0BF10061B7
:105150000020BFF36F8F88F800000820A9F80C002A
:105160004FF48060A9F80E0001F50030C9F808007E
:1051700040F20000C7F20100C9F80400D9F80000AD
:1051800040F04050C9F8000001F0C2FD01F08CFE73
:1051900008AAC2E9000101F0BBFD4DF6D412CAE92C
:1051A0000001C0F20022D2E9004B2046594603F02C
:1051B000BBFD2046494603F0F7FD204603F034FED0
:1051C0000121204603F04CFE98F8000008B900BF0A
:1051D000FAE701F09DFD02AEC6E9000101F098FD7D
:1051E00001F062FE0DF1180ACAE90001204603F041
:1051F0005FFE08ADD5E90001DAE9002359405040CF
:10520000084306D14DF21A60C0F2002002F034F9D2
:1052100042E0DAE90001D5E90023801A994104F05F
:1052200015FE00EE100A1FEDC81A81EE000A1FEDF0
:10523000C91A4DF6390020EE010A1FEDCB1AC0F253
:10524000002020EE010A20EE018A05F04BF904AAA5
:10525000D6E90001D2E90023821A4CF6AF5061EB87
:105260000303C0F2002005F03DF9DAE90001D5E9B9
:105270000023821A4CF6041061EB0303C0F20020F5
:1052800005F030F9B7EEC80A4DF22020C0F2002038
:1052900053EC102B05F026F900207860BFF34F8FF8
:1052A000396843F6E073C1F34E30CA08C1F3C9014F
:1052B0004E1C9107420100BF02EA030546F001E0DF
:1052C0000D4400BF00BF00BFC7F8E05105F14045E5
:1052D0000FF007C00028A0F10100A2F12002EBD1DD
:1052E000BFF34F8FBFF36F8F002088F800000820B6
:1052F000A9F80C004FF48060A9F80E0040F280403D
:10530000C2F20120C9F8080040F20000C7F2010013
:10531000C9F80400D9F8000040F04050C9F8000076
:1053200001F0F6FC01F0C0FD08AAC2E9000101F09D
:10533000EFFC04AAC2E900012046594603F0F4FC40
:105340002046494603F030FD204603F06DFD012163
:10535000204603F085FD00BF98F8000008B900BFA3
:10536000FAE701F0D5FC0DF10809C9E9000101F0E7
:10537000CFFC01F099FD0DF1180ACAE900012046A1
:1053800003F096FD0DF12008D8E90001DAE90023C9
:1053900059405040084307D14DF21A60C0F2002036
:1053A00002F06AF804AC42E0DAE90001D8E900232F
:1053B000801A994104F04AFD00EE100A9FEDDA1AB6
:1053C00081EE000A9FEDD91A4CF6776020EE010AB3
:1053D0009FEDD71AC0F2002020EE010A20EE018ACC
:1053E00005F080F804ACD9E90001D4E90023821A61
:1053F0004CF6AF5061EB0303C0F2002005F072F8E9
:10540000DAE90001D8E90023821A4CF6041061EBB6
:105410000303C0F2002005F065F8B7EEC80A4DF2AC
:105420002020C0F2002053EC102B05F05BF8002088
:105430007860BFF34F8F57F86C0C43F6E07320F49D
:10544000803047F86C0CBFF34F8F3968C1F34E3092
:10545000CA08C1F3C9014E1C9107420100BF00BF39
:1054600002EA030546F001E00D4400BF00BF00BFA3
:10547000C7F8F45105F140450FF007C00028A0F12E
:105480000100A2F12002EBD14EF20001BFF34F8FD9
:10549000CEF20101BFF36F8F086840F0040008608E
:1054A000BFF34F8FBFF36F8F0868019057F86C0CF4
:1054B000C00331D400207860BFF34F8F396843F6C2
:1054C000E073C1F34E30CA08C1F3C9014E1C910705
:1054D000420100BF00BF00BF02EA030546F001E041
:1054E0000D4400BF00BF00BFC7F8E05105F14045C3
:1054F0000FF007C00028A0F10100A2F12002EBD1BB
:10550000BFF34F8F57F86C0C40F4803047F86C0CA9
:10551000BFF34F8FBFF36F8F0198400705D44DF253
:105520004A70C0F2002001F077BB4CF25970C0F213
:10553000002001F0A1FF00207860BFF34F8F396891
:1055400043F6E073C1F34E30CA08C1F3C9014E1CE3
:105550009107420100BF00BF02EA030546F001E0E7
:105560000D4400BF00BF00BFC7F8E05105F1404542
:105570000FF007C00028A0F10100A2F12002EBD13A
:10558000BFF34F8FBFF36F8F01F0C2FBC4E900017F
:1055900001F0BEFB01F088FCC8E900014FF4803E39
:1055A00040F2000040F20001C2F20000C7F2010127
:1055B00011F8012B00F8012B0FF007C001F0A8FB38
:1055C000C9E9000101F0A4FB01F06EFCCAE9000189
:1055D000D8E90001DAE9002359405040084306D1D8
:1055E0004DF21A60C0F2002001F046FF41E0DAE916
:1055F0000001D8E90023801A994104F027FC00EE4D
:10560000100A9FED491A81EE000A9FED481A4CF6E8
:10561000D43020EE010A9FED461AC0F2002020EEA1
:10562000010A20EE018A04F05DFFD9E90001D4E906
:105630000023821A4CF6AF5061EB0303C0F2002046
:1056400004F050FFDAE90001D8E90023821A4CF691
:10565000041061EB0303C0F2002004F043FFB7EE37
:10566000C80A4DF22020C0F2002053EC102B04F0A9
:1056700039FF00207860BFF34F8F396843F6E0733D
:10568000C1F34E30CA08C1F3C9014E1C9107420153
:1056900002EA030546F001E00D4400BF00BF00BF71
:1056A000C7F8E05105F140450FF007C00028A0F110
:1056B0000100A2F12002EBD1BFF34F8FBFF36F8F38
:1056C00001F026FBC4E9000101F022FB01F0ECFB34
:1056D000C8E900014FF4004E40F2000040F2000122
:1056E000C2F20000C7F2010131F8022B20F8022BB0
:1056F0000FF007C001F00CFBC9E9000101F008FB45
:1057000001F0D2FBCAE90001D8E90001DAE900237F
:105710005940504008430DD14DF21A60C0F20020AC
:1057200001F0AAFE48E000BF000080470024744951
:105730000000803ADAE90001D8E90023801A994193
:1057400004F084FB00EE100A1FED091A81EE000A36
:105750001FED0A1A4DF2817020EE010A1FED0C1A9E
:10576000C0F2002020EE010A20EE018A04F0BAFE09
:10577000D9E90001D4E90023821A4CF6AF5061EB5D
:105780000303C0F2002004F0ADFEDAE90001D8E91D
:105790000023821A4CF6041061EB0303C0F20020D0
:1057A00004F0A0FEB7EEC80A4DF22020C0F200209F
:1057B00053EC102B04F096FE00207860BFF34F8F5F
:1057C000396843F6E073C1F34E30CA08C1F3C9012A
:1057D0004E1C9107420100BF02EA030546F001E0BA
:1057E0000D4400BF00BF00BFC7F8E05105F14045C0
:1057F0000FF007C00028A0F10100A2F12002EBD1B8
:10580000BFF34F8FBFF36F8F01F082FAC4E900013D
:1058100001F07EFA01F048FBC8E900014FF4804E28
:1058200040F2000040F20001C2F20000C7F20101A4
:1058300051F8042B40F8042B0FF007C001F068FA70
:10584000C9E9000101F064FA01F02EFBCAE9000188
:10585000D8E90001DAE9002359405040084306D155
:105860004DF21A60C0F2002001F006FE41E0DAE9D4
:105870000001D8E90023801A994104F0E7FA00EE0C
:10588000100A1FED571A81EE000A1FED581A4DF24B
:105890002F4020EE010A1FED5A1AC0F2002020EE20
:1058A000010A20EE018A04F01DFED9E90001D4E9C5
:1058B0000023821A4CF6AF5061EB0303C0F20020C4
:1058C00004F010FEDAE90001D8E90023821A4CF650
:1058D000041061EB0303C0F2002004F003FEB7EEF6
:1058E000C80A4DF22020C0F2002053EC102B04F027
:1058F000F9FD00207860BFF34F8F396843F6E073FD
:10590000C1F34E30CA08C1F3C9014E1C91074201D0
:1059100002EA030546F001E00D4400BF00BF00BFEE
:10592000C7F8E05105F140450FF007C00028A0F18D
:105930000100A2F12002EBD1BFF34F8FBFF36F8FB5
:1059400001F0E6F9C4E9000101F0E2F901F0ACFA76
:10595000C8E900014FF4803E40F2000040F200012F
:10596000C2F20000C7F2000111F8012B00F8012B70
:105970000FF007C001F0CCF9C9E9000101F0C8F946
:1059800001F092FACAE90001D8E90001DAE900233E
:1059900059405040084306D14DF21A60C0F2002031
:1059A00001F06AFD41E0DAE90001D8E90023801A3C
:1059B000994104F04BFA00EE100A1FEDA51A81EE92
:1059C000000A1FEDA61A4DF2E77020EE010A1FED46
:1059D000A81AC0F2002020EE010A20EE018A04F08D
:1059E00081FDD9E90001D4E90023821A4CF6AF50B9
:1059F00061EB0303C0F2002004F074FDDAE900015A
:105A0000D8E90023821A4CF6041061EB0303C0F2BC
:105A1000002004F067FDB7EEC80A4DF22020C0F266
:105A2000002053EC102B04F05DFD00207860BFF3E4
:105A30004F8F396843F6E073C1F34E30CA08C1F3A3
:105A4000C9014E1C9107420102EA030546F001E03C
:105A50000D4400BF00BF00BFC7F8E05105F140454D
:105A60000FF007C00028A0F10100A2F12002EBD145
:105A7000BFF34F8FBFF36F8F01F04AF9C4E9000104
:105A800001F046F901F010FAC8E900014FF4004EA8
:105A900040F2000040F20001C2F20000C7F2000133
:105AA00031F8022B20F8022B0FF007C001F030F97B
:105AB000C9E9000101F02CF901F0F6F9CAE9000189
:105AC000D8E90001DAE9002359405040084306D1E3
:105AD0004DF21A60C0F2002001F0CEFC41E0DAE99C
:105AE0000001D8E90023801A994104F0AFF900EED3
:105AF000100A9FED971A81EE000A9FED961A4CF658
:105B0000703020EE010A9FED941AC0F2002020EEC2
:105B1000010A20EE018A04F0E5FCD9E90001D4E98C
:105B20000023821A4CF6AF5061EB0303C0F2002051
:105B300004F0D8FCDAE90001D8E90023821A4CF617
:105B4000041061EB0303C0F2002004F0CBFCB7EEBD
:105B5000C80A4DF22020C0F2002053EC102B04F0B4
:105B6000C1FC00207860BFF34F8F396843F6E073C3
:105B7000C1F34E30CA08C1F3C9014E1C910742015E
:105B800002EA030546F001E00D4400BF00BF00BF7C
:105B9000C7F8E05105F140450FF007C00028A0F11B
:105BA0000100A2F12002EBD1BFF34F8FBFF36F8F43
:105BB00001F0AEF8C4E9000101F0AAF801F074F9AF
:105BC000C8E900014FF4804E40F2000040F20001AD
:105BD000C2F20000C7F2000151F8042B40F8042B78
:105BE0000FF007C001F094F8C9E9000101F090F846
:105BF00001F05AF9CAE90001D8E90001DAE9002305
:105C000059405040084306D14DF21A60C0F20020BE
:105C100001F032FC41E0DAE90001D8E90023801A02
:105C2000994104F013F900EE100A9FED491A81EE34
:105C3000000A9FED481A4CF62A0020EE010A9FED5B
:105C4000461AC0F2002020EE010A20EE018A04F07C
:105C500049FCD9E90001D4E90023821A4CF6AF507F
:105C600061EB0303C0F2002004F03CFCDAE9000120
:105C7000D8E90023821A4CF6041061EB0303C0F24A
:105C8000002004F02FFCB7EEC80A4DF22020C0F22D
:105C9000002053EC102B04F025FC00207860BFF3AB
:105CA0004F8F396843F6E073C1F34E30CA08C1F331
:105CB000C9014E1C9107420102EA030546F001E0CA
:105CC0000D4400BF00BF00BFC7F8E05105F14045DB
:105CD0000FF007C00028A0F10100A2F12002EBD1D3
:105CE000BFF34F8FBFF36F8F01F012F801F0DCF8B4
:105CF000C8E9000101F00CF8C4E900014FF4803E4E
:105D000040F2804040F20001C2F20120C7F20101DE
:105D100011F8012B00F8012B0FF007C000F0F8FF7D
:105D2000C9E9000100F0F4FF01F0BEF8CAE9000182
:105D3000D8E90001DAE900235940504008430DD169
:105D40004DF21A60C0F2002001F096FB48E000BF5F
:105D500000008047002474490000803ADAE900011D
:105D6000D8E90023801A994104F070F800EE100A77
:105D70001FED091A81EE000A1FED0A1A4DF23320B9
:105D800020EE010A1FED0C1AC0F2002020EE010ADD
:105D900020EE018A04F0A6FBD9E90001D4E9002332
:105DA000821A4CF6AF5061EB0303C0F2002004F0FE
:105DB00099FBDAE90001D8E90023821A4CF60410B5
:105DC00061EB0303C0F2002004F08CFBB7EEC80ABD
:105DD0004DF22020C0F2002053EC102B04F082FB87
:105DE00000207860BFF34F8F396843F6E073C1F34A
:105DF0004E30CA08C1F3C9014E1C9107420100BFD1
:105E000002EA030546F001E00D4400BF00BF00BFF9
:105E1000C7F8E05105F140450FF007C00028A0F198
:105E20000100A2F12002EBD1BFF34F8FBFF36F8FC0
:105E300000F06EFF01F038F8C8E9000100F068FFDB
:105E4000C4E900014FF4004E40F2804040F20001EE
:105E5000C2F20120C7F2010131F8022B20F8022B17
:105E60000FF007C000F054FFC9E9000100F050FF37
:105E700001F01AF8CAE90001D8E90001DAE90023C3
:105E800059405040084306D14DF21A60C0F200203C
:105E900001F0F2FA41E0DAE90001D8E90023801AC2
:105EA000994103F0D3FF00EE100A1FED571A81EE5F
:105EB000000A1FED581A4DF2F86020EE010A1FED9E
:105EC0005A1AC0F2002020EE010A20EE018A04F0E6
:105ED00009FBD9E90001D4E90023821A4CF6AF503E
:105EE00061EB0303C0F2002004F0FCFADAE90001E0
:105EF000D8E90023821A4CF6041061EB0303C0F2C8
:105F0000002004F0EFFAB7EEC80A4DF22020C0F2EC
:105F1000002053EC102B04F0E5FA00207860BFF36A
:105F20004F8F396843F6E073C1F34E30CA08C1F3AE
:105F3000C9014E1C9107420102EA030546F001E047
:105F40000D4400BF00BF00BFC7F8E05105F1404558
:105F50000FF007C00028A0F10100A2F12002EBD150
:105F6000BFF34F8FBFF36F8F00F0D2FE00F09CFFA6
:105F7000C8E9000100F0CCFEC4E900014FF4804EF6
:105F800040F2804040F20001C2F20120C7F201015C
:105F900051F8042B40F8042B0FF007C000F0B8FEB6
:105FA000C9E9000100F0B4FE00F07EFFCAE900017B
:105FB000D8E90001DAE9002359405040084306D1EE
:105FC0004DF21A60C0F2002001F056FA41E0DAE921
:105FD0000001D8E90023801A994103F037FF00EE51
:105FE000100A1FEDA51A81EE000A1FEDA61A4DF248
:105FF000041020EE010A1FEDA81AC0F2002020EEC6
:10600000010A20EE018A04F06DFAD9E90001D4E911
:106010000023821A4CF6AF5061EB0303C0F200205C
:1060200004F060FADAE90001D8E90023821A4CF69C
:10603000041061EB0303C0F2002004F053FAB7EE42
:10604000C80A4DF22020C0F2002053EC102B04F0BF
:1060500049FA00207860BFF34F8F396843F6E07348
:10606000C1F34E30CA08C1F3C9014E1C9107420169
:1060700002EA030546F001E00D4400BF00BF00BF87
:10608000C7F8E05105F140450FF007C00028A0F126
:106090000100A2F12002EBD1BFF34F8FBFF36F8F4E
:1060A00000F036FE00F000FFC8E9000100F030FE0D
:1060B000C4E900014FF4803E40F2804040F200010C
:1060C000C2F20120C7F2000111F8012B00F8012BE8
:1060D0000FF007C000F01CFEC9E9000100F018FE37
:1060E00000F0E2FECAE90001D8E90001DAE9002384
:1060F00059405040084306D14DF21A60C0F20020CA
:1061000001F0BAF941E0DAE90001D8E90023801A88
:10611000994103F09BFE00EE100A9FED971A81EE65
:10612000000A9FED961A4DF2D13020EE010A9FED44
:10613000941AC0F2002020EE010A20EE018A04F039
:10614000D1F9D9E90001D4E90023821A4CF6AF5005
:1061500061EB0303C0F2002004F0C4F9DAE90001A6
:10616000D8E90023821A4CF6041061EB0303C0F255
:10617000002004F0B7F9B7EEC80A4DF22020C0F2B3
:10618000002053EC102B04F0ADF900207860BFF331
:106190004F8F396843F6E073C1F34E30CA08C1F33C
:1061A000C9014E1C9107420102EA030546F001E0D5
:1061B0000D4400BF00BF00BFC7F8E05105F14045E6
:1061C0000FF007C00028A0F10100A2F12002EBD1DE
:1061D000BFF34F8FBFF36F8F00F09AFD00F064FEA6
:1061E000C8E9000100F094FDC4E900014FF4004E3D
:1061F00040F2804040F20001C2F20120C7F20001EB
:1062000031F8022B20F8022B0FF007C000F080FDC0
:10621000C9E9000100F07CFD00F046FECAE900017A
:10622000D8E90001DAE9002359405040084306D17B
:106230004DF21A60C0F2002001F01EF941E0DAE9E7
:106240000001D8E90023801A994103F0FFFD00EE18
:10625000100A9FED491A81EE000A9FED481A4CF68C
:10626000F71020EE010A9FED461AC0F2002020EE42
:10627000010A20EE018A04F035F9D9E90001D4E9D8
:106280000023821A4CF6AF5061EB0303C0F20020EA
:1062900004F028F9DAE90001D8E90023821A4CF663
:1062A000041061EB0303C0F2002004F01BF9B7EE09
:1062B000C80A4DF22020C0F2002053EC102B04F04D
:1062C00011F900207860BFF34F8F396843F6E0730F
:1062D000C1F34E30CA08C1F3C9014E1C91074201F7
:1062E00002EA030546F001E00D4400BF00BF00BF15
:1062F000C7F8E05105F140450FF007C00028A0F1B4
:106300000100A2F12002EBD1BFF34F8FBFF36F8FDB
:1063100000F0FEFC00F0C8FDC8E9000100F0F8FC48
:10632000C4E900014FF4804E40F2804040F2000189
:10633000C2F20120C7F2000151F8042B40F8042BEF
:106340000FF007C000F0E4FCC9E9000100F0E0FC38
:1063500000F0AAFDCAE90001D8E90001DAE900234A
:106360005940504008430DD14DF21A60C0F2002050
:1063700001F082F848E000BF000080470024744923
:106380000000803ADAE90001D8E90023801A994137
:1063900003F05CFD00EE100A1FED091A81EE000A01
:1063A0001FED0A1A4DF2715020EE010A1FED0C1A72
:1063B000C0F2002020EE010A20EE018A04F092F8DB
:1063C000D9E90001D4E90023821A4CF6AF5061EB01
:1063D0000303C0F2002004F085F8DAE90001D8E9EF
:1063E0000023821A4CF6041061EB0303C0F2002074
:1063F00004F078F8B7EEC80A4DF22020C0F2002071
:1064000053EC102B04F06EF800207860BFF34F8F30
:10641000396843F6E073C1F34E30CA08C1F3C901CD
:106420004E1C9107420100BF02EA030546F001E05D
:106430000D4400BF00BF00BFC7F8E05105F1404563
:106440000FF007C00028A0F10100A2F12002EBD15B
:10645000BFF34F8FBFF36F8F00F05AFC00F024FDA5
:10646000C8E9000100F054FCC4E900014FF4005EEB
:1064700040F2804040F20001C2F20120C7F2000168
:10648000F1E80223E0E802230FF007C000F040FC2F
:10649000C9E9000100F03CFC00F006FDCAE900017A
:1064A000D8E90001DAE9002359405040084306D1F9
:1064B0004DF21A60C0F2002000F0DEFF41E0DAE9A0
:1064C0000001D8E90023801A994103F0BFFC00EED7
:1064D000100A1FED571A81EE000A1FED581A4CF6EC
:1064E0001A1020EE010A1FED5A1AC0F2002020EE09
:1064F000010A20EE018A03F0F5FFD9E90001D4E991
:106500000023821A4CF6AF5061EB0303C0F2002067
:1065100003F0E8FFDAE90001D8E90023821A4CF61B
:10652000041061EB0303C0F2002003F0DBFFB7EEC1
:10653000C80A4DF22020C0F2002053EC102B03F0CB
:10654000D1FF00207860BFF34F8F396843F6E073C6
:10655000C1F34E30CA08C1F3C9014E1C9107420174
:1065600002EA030546F001E00D4400BF00BF00BF92
:10657000C7F8E05105F140450FF007C00028A0F131
:106580000100A2F12002EBD1BFF34F8FBFF36F8F59
:1065900000F0BEFB00F088FCC8E9000100F0B8FB89
:1065A000C4E900014FF4803E40F2800040F2000157
:1065B000C2F20020C7F2010111F8012B00F8012BF3
:1065C0000FF007C000F0A4FBC9E9000100F0A0FB38
:1065D00000F06AFCCAE90001D8E90001DAE9002309
:1065E00059405040084306D14DF21A60C0F20020D5
:1065F00000F042FF41E0DAE90001D8E90023801A07
:10660000994103F023FC00EE100A1FEDA51A81EE5C
:10661000000A1FEDA61A4DF2561020EE010A1FEDDA
:10662000A81AC0F2002020EE010A20EE018A03F031
:1066300059FFD9E90001D4E90023821A4CF6AF5082
:1066400061EB0303C0F2002003F04CFFDAE9000124
:10665000D8E90023821A4CF6041061EB0303C0F260
:10666000002003F03FFFB7EEC80A4DF22020C0F231
:10667000002053EC102B03F035FF00207860BFF3AF
:106680004F8F396843F6E073C1F34E30CA08C1F347
:10669000C9014E1C9107420102EA030546F001E0E0
:1066A0000D4400BF00BF00BFC7F8E05105F14045F1
:1066B0000FF007C00028A0F10100A2F12002EBD1E9
:1066C000BFF34F8FBFF36F8F00F022FB00F0ECFBA6
:1066D000C8E9000100F01CFBC4E900014FF4004EC2
:1066E00040F2800040F20001C2F20020C7F2010136
:1066F00031F8022B20F8022B0FF007C000F008FB46
:10670000C9E9000100F004FB00F0CEFBCAE900017A
:10671000D8E90001DAE9002359405040084306D186
:106720004DF21A60C0F2002000F0A6FE41E0DAE966
:106730000001D8E90023801A994103F087FB00EE9D
:10674000100A9FED971A81EE000A9FED961A4CF2FF
:10675000F86020EE010A9FED941AC0F2002020EEAE
:10676000010A20EE018A03F0BDFED9E90001D4E957
:106770000023821A4CF6AF5061EB0303C0F20020F5
:1067800003F0B0FEDAE90001D8E90023821A4CF6E2
:10679000041061EB0303C0F2002003F0A3FEB7EE88
:1067A000C80A4DF22020C0F2002053EC102B03F059
:1067B00099FE00207860BFF34F8F396843F6E0738D
:1067C000C1F34E30CA08C1F3C9014E1C9107420102
:1067D00002EA030546F001E00D4400BF00BF00BF20
:1067E000C7F8E05105F140450FF007C00028A0F1BF
:1067F0000100A2F12002EBD1BFF34F8FBFF36F8FE7
:1068000000F086FA00F050FBC8E9000100F080FAC1
:10681000C4E900014FF4804E40F2800040F20001D4
:10682000C2F20020C7F2010151F8042B40F8042BFA
:106830000FF007C000F06CFAC9E9000100F068FA37
:1068400000F032FBCAE90001D8E90001DAE90023CF
:1068500059405040084306D14DF21A60C0F2002062
:1068600000F00AFE41E0DAE90001D8E90023801ACD
:10687000994103F0EBFA00EE100A9FED491A81EE00
:10688000000A9FED481A4CF6256020EE010A9FEDA4
:10689000461AC0F2002020EE010A20EE018A03F021
:1068A00021FED9E90001D4E90023821A4CF6AF5049
:1068B00061EB0303C0F2002003F014FEDAE90001EB
:1068C000D8E90023821A4CF6041061EB0303C0F2EE
:1068D000002003F007FEB7EEC80A4DF22020C0F2F8
:1068E000002053EC102B03F0FDFD00207860BFF377
:1068F0004F8F396843F6E073C1F34E30CA08C1F3D5
:10690000C9014E1C9107420102EA030546F001E06D
:106910000D4400BF00BF00BFC7F8E05105F140457E
:106920000FF007C00028A0F10100A2F12002EBD176
:10693000BFF34F8FBFF36F8F00F0EAF900F0B4FAA6
:10694000C8E9000100F0E4F9C4E900014FF4803E19
:1069500040F2800040F20001C2F20020C7F20001C4
:1069600011F8012B00F8012B0FF007C000F0D0F94F
:10697000C9E9000100F0CCF900F096FACAE900017B
:10698000D8E90001DAE900235940504008430DD10D
:106990004DF21A60C0F2002000F06EFD48E000BF2A
:1069A00000008047002474490000803ADAE90001C1
:1069B000D8E90023801A994103F048FA00EE100A42
:1069C0009FEDBD1A81EE000A9FEDBC1A4DF2C35037
:1069D00020EE010A9FEDBA1AC0F2002020EE010A53
:1069E00020EE018A03F07EFDD9E90001D4E90023FD
:1069F000821A4CF6AF5061EB0303C0F2002003F0A3
:106A000071FDDAE90001D8E90023821A4CF604107E
:106A100061EB0303C0F2002003F064FDB7EEC80A87
:106A20004DF22020C0F2002053EC102B03F05AFD51
:106A300000207860BFF34F8F396843F6E073C1F3ED
:106A40004E30CA08C1F3C9014E1C9107420100BF74
:106A500002EA030546F001E00D4400BF00BF00BF9D
:106A6000C7F8E05105F140450FF007C00028A0F13C
:106A70000100A2F12002EBD1BFF34F8FBFF36F8F64
:106A800000F046F900F010FAC8E9000100F040F902
:106A9000C4E900014FF4004E40F2800040F20001D2
:106AA000C2F20020C7F2000131F8022B20F8022BBD
:106AB0000FF007C000F02CF9C9E9000100F028F937
:106AC00000F0F2F9CAE90001D8E90001DAE900238F
:106AD00059405040084306D14DF21A60C0F20020E0
:106AE00000F0CAFC41E0DAE90001D8E90023801A8D
:106AF000994103F0ABF900EE100A9FED6F1A81EE99
:106B0000000A9FED6E1A4DF6890020EE010A9FEDF6
:106B10006C1AC0F2002020EE010A20EE018A03F078
:106B2000E1FCD9E90001D4E90023821A4CF6AF5008
:106B300061EB0303C0F2002003F0D4FCDAE90001AA
:106B4000D8E90023821A4CF6041061EB0303C0F26B
:106B5000002003F0C7FCB7EEC80A4DF22020C0F2B7
:106B6000002053EC102B03F0BDFC00207860BFF335
:106B70004F8F396843F6E073C1F34E30CA08C1F352
:106B8000C9014E1C9107420102EA030546F001E0EB
:106B90000D4400BF00BF00BFC7F8E05105F14045FC
:106BA0000FF007C00028A0F10100A2F12002EBD1F4
:106BB000BFF34F8FBFF36F8F00F0AAF800F074F9A6
:106BC000C8E9000100F0A4F8C4E900014FF4804EC8
:106BD00040F2800040F20001C2F20020C7F2000142
:106BE00051F8042B40F8042B0FF007C000F090F888
:106BF000C9E9000100F08CF800F056F9CAE900017B
:106C0000D8E90001DAE900235940504008430BD18C
:106C10004DF21A60C0F200200AB0BDEC028B01B048
:106C2000BDE8F04F00F028BCDAE90001D8E9002304
:106C3000801A994103F00AF900EE100A9FED1E1A1E
:106C400081EE000A9FED1D1A4CF6D74020EE010A96
:106C50009FED1B1AC0F2002020EE010A20EE018AEF
:106C600003F040FCD9E90001D4E90023821A4CF674
:106C7000AF5061EB0303C0F2002003F033FCDAE90C
:106C80000001D8E90023821A4CF6041061EB0303DB
:106C9000C0F2002003F026FCB7EEC80A4DF2202017
:106CA000C0F2002053EC102B0AB0BDEC028B01B0F7
:106CB000BDE8F04F03F016BC000080470024744983
:106CC0000000803AD4D4D4D440F2B0500121C2F2B2
:106CD000022001707047D4D480B500F02DFA40F244
:106CE000B85CEFF3118EC2F2022C002383F31288FA
:106CF000DCE90032C0185141013041F10001CCE91A
:106D000000018EF3118880BD7047D4D4D4D4D4D47C
:106D10002DE9F0410020EFF3118880F3128800F094
:106D20000FFA40F2B8570446C2F202270D463A7EE7
:106D3000012A0ED100F04CF958B300F001FA0446D4
:106D40000D4600F0F9F900196941441C41F10005B4
:106D50001FE0EFF3108672B600F03AF9B8B100F018
:106D60003FF900F0E9F90022EFF3118382F3128872
:106D7000D7E9002580186941013041F10001C7E9D8
:106D8000000183F3118800F0DBF904460D4686F319
:106D90001088D7E900010019D7E902236941821A56
:106DA00071EB030205DAD7E9020188F31188BDE827
:106DB000F081C7E9020188F31188BDE8F081D4D4DD
:106DC0002DE9F04381B040F2B857EFF31185C2F2DC
:106DD00002274FF0000989F31288387600F008F98D
:106DE000804600F0FDF885F3118800F0A5F900F069
:106DF0009BF944F2402100EE100AC0F20F01B8EEF8
:106E0000400A9FED241A40F2B45688425FEA2F915F
:106E1000797680EE012A797E81EE000A9FED1E1AB6
:106E2000C2F20226002944F6D351C1F2620102FEE9
:106E3000000AA0FB0101B6EE002AA0EE012A880993
:106E4000BDEEC20A87ED040A7861EFF3118489F37D
:106E50001288C6F80090FFF75BFFBFF34F8FBFF3B8
:106E60006F8F00BFBFF34F8FBFF36F8F0546FFF7E4
:106E70004FFF31682944401A306084F31188C7E914
:106E80000099C7E90299FFF73FFF404601B0BDE80E
:106E9000F08300BF0024744900008047D4D4D4D4C8
:106EA0000120FFF78DBFD4D480B540F2B852C2F2B2
:106EB0000222537E012B0CD1126986464FEAE27CF6
:106EC000A0FB02030EFB0C3301FB023150EA2F4101
:106ED00080BD50EA0F411269D31703F033F880BD2B
:106EE00000F002B8D4D4D4D410B54EF63050CEF25F
:106EF00000000068800631D543F68044CEF20004DD
:106F0000206CB0F1FF3F04DC4FF000402060FFF741
:106F1000E3FED4F88001C0B202281FD3216889079C
:106F20000AD50221216040F2D851C2F20221D1E9F2
:106F300000230133C1E9002304280FD32168090786
:106F40000AD50821216040F2D851C2F20221D1E9CC
:106F500002230133C1E90223062800D210BD2168B3
:106F600089060AD52021216040F2D851C2F20221BF
:106F7000D1E904230133C1E90423062808BF10BD69
:106F800008284FF0010C5CEA3C9E40F2D851C2F256
:106F900002210622F646183108E000BF00BF00BFFC
:106FA00001320831BEF1010E00D1D7E70CFA02F32D
:106FB000206C1842F4D02360D1E9000310F5803032
:106FC00043F10003C1E90003EAE7D4D4D4D4D4D414
:106FD00043F6C040CEF200000068C00F7047D4D422
:106FE00043F680404FF00041CEF200000160704750
:106FF00043F60041CEF20001D1F80002420440F114
:107000008E80F0B543F60463EFF3108CCEF20003EC
:1070100072B64FF000461A6822F001021A600E6242
:107020000E661A6842F004021A60C1F880601A689D
:1070300042F002021A60D1F80022D2B2022A54D3DE
:107040004FF600054FF60404CFF6FF75CFF6FF7438
:107050004FF0080E042A41F805E04FF01E050D51CF
:107060004FF00304C1F880404FF002070F640C603A
:107070003BD34FF608041327CFF6FF74062A0F51AF
:107080004FF60C04CFF6FF740D514FF00C04C1F80D
:107090008040C1F840E00C6027D34FF6100703256D
:1070A000CFF6FF77062ACD514FF61407CFF6FF77BC
:1070B0004FF01E05CD514FF03007C1F880704FF0F2
:1070C00020050D640F6010D0082A4FF0010252EA2B
:1070D000329E062400BF00BF02FA04F50134C1F855
:1070E00080500D640D600FF009C84EF6FC52CEF2D0
:1070F0000002176847F0807747F4441717600E6462
:107100000E601968002241F00101196041F200018E
:10711000CEF200010A608CF31088BDE8F040C0F3A5
:1071200080307047D4D4D4D440F62440C2F2022038
:1071300000687047D4D4D4D44FF0FF30002170479A
:1071400043F27C000021CEF2000000687047D4D4E6
:1071500010B540F20064A821C2F20224204603F0D8
:107160007CF80320206160614DF29E3040F2A861FE
:10717000C0F20020A061C2F20221E1614FF48061FF
:1071800021620021A1626162E16240F6A8222066CC
:107190004FF0100E4DF69310C2F202226266C4F850
:1071A00068E02167E1666167BFF35F8FC0F200208E
:1071B0000F3000BF00BF00BF10F8011904F8011B19
:1071C0000FF007C0BFF35F8F10BDD4D4D4D4D4D494
:1071D00070B54DF6DB0072B64EF62856C0F20020B0
:1071E000CEF20006F8F77CFF4CF6AC50C0F200205F
:1071F000F8F776FF7068002807D47068400010D553
:107200004DF26E00C0F2002003E04DF25200C0F2D9
:107210000020F8F765FF4CF6AC50C0F20020F8F7FC
:107220005FFF4DF29B00EFF30884C0F20020F8F7F7
:1072300057FF4CF6AC55C0F200252846F8F750FF32
:107240004CF67C502168C0F20020F8F761FF4DF247
:1072500023406168C0F20020F8F75AFF4CF2D56075
:10726000A168C0F20020F8F753FF4CF6B210E168B5
:10727000C0F20020F8F74CFF4CF688502169C0F2AC
:107280000020F8F745FF4CF694506169C0F20020E9
:10729000F8F73EFF4CF6A050A169C0F20020F8F7C5
:1072A00037FF4CF66C10E169C0F20020F8F730FFB0
:1072B0004CF6BE10C0F20020F8F712FF2846F8F78F
:1072C0000FFF4CF614303168C0F20020F8F720FFB1
:1072D0004DF2E66056F8241CC0F20020F8F718FFC3
:1072E0004CF2E4707168C0F20020F8F711FF4CF620
:1072F0007810C0F20020F8F7F3FE2846F8F7F0FE09
:107300004DF2BC00EFF30581C0F20020F8F700FF5A
:10731000306880010BD54DF2C900C0F20020F8F7AB
:10732000DFFE4CF6AC50C0F20020F8F7D9FE306812
:10733000C0010BD54DF22B30C0F20020F8F7D0FE83
:107340004CF6AC50C0F20020F8F7CAFE3068C0021C
:107350002AD54DF26370C0F20020F8F7C1FE4CF65A
:10736000AC50C0F20020F8F7BBFE4DF2155021469C
:10737000C0F20020F8F7CCFE4DF67A00EFF30A8158
:10738000C0F20020F8F7C4FE4CF24A70EFF3098116
:10739000C0F20020F8F7BCFE4CF62630EFF30B816C
:1073A000C0F20020F8F7B4FE306800030BD54DF2B0
:1073B000FB10C0F20020F8F793FE4CF6AC50C0F280
:1073C0000020F8F78DFE306840030BD54DF60A100B
:1073D000C0F20020F8F784FE4CF6AC50C0F200205A
:1073E000F8F77EFE306880030BD54DF2E700C0F25F
:1073F0000020F8F775FE4CF6AC50C0F20020F8F70C
:107400006FFE3068C0030BD54DF2A730C0F20020EC
:10741000F8F766FE4CF6AC50C0F20020F8F760FEBC
:107420003068800515D54DF22450C0F20020F8F7E1
:1074300057FE4CF6AC50C0F20020F8F751FE306811
:10744000000406D54DF24A503169C0F20020F8F729
:107450005FFE3068C0050BD54CF27C70C0F2002096
:10746000F8F73EFE4CF6AC50C0F20020F8F738FEBC
:1074700000BE70BDD4D4D4D480B54DF63C210022DA
:10748000C0F200214FF00D0CD1F800E000BF00BFAA
:10749000815CDEF824300A2902D049B911E000BF2E
:1074A00083F804C0DEF82430996C8900FCD5815C37
:1074B0001971DEF8241000BF8B6C9B00FCD50132E3
:1074C000E6E70D201871DEF8240000BF00BF00BF02
:1074D000816C8900FCD50A210171DEF8240000BF0F
:1074E000816C8900FCD5002080BDD4D4D4D4D4D400
:1074F00080B540F6C0208021C2F2022002F0ADFE2D
:1075000040F6B82C4DF63C2040F6BC22C2F2022CCC
:10751000C0F20020C2F202220023CCF80030D0E9F1
:1075200000011360BDE8804000F08AB9D4D4D4D4FF
:107530000179042923D180B540F6BC2E40F6B82C41
:10754000C2F2022EC2F2022C8068DEF80010DCF8D3
:1075500000304A1C803A52EA0192CEF800209A424A
:1075600040F6C023C2F202235854BDE8804018BF41
:107570007047501C803850EA0290CCF800007047E9
:107580004DF63C21C0F2002109684A6A1071486A30
:10759000816C8900FCD500207047D4D4D4D4D4D4D5
:1075A0002DE9F04182B040F6BC2040F6B827C2F287
:1075B0000220C2F2022700BF01683D688D4201D15E
:1075C00000BFF9E7A94209D940F6C0220139C2F249
:1075D00002220160525D8DF8072025E0481BC5F1AD
:1075E0008004803040F6C020C2F202200DF107086E
:1075F00000EB0501404622465FEA0F9602F032FE9C
:10760000A64205D2A819B0F1800150EA11800AE023
:10761000361B40F6C02108EB0400C2F202213246BC
:1076200002F020FE701938609DF8070002B0BDE836
:10763000F081D4D4D4D4D4D40020FFF7C1FBFFF719
:1076400087FDFFF755FF4CF65E70C0F20020FFF794
:1076500013FF4DF21560C0F20020FFF70DFF00F0A0
:1076600037F84FF0E0404FF00071F8F749FE4DF663
:10767000A810C0F2002004684FF485710122204652
:1076800001F0FEF94FF4FA704FF47A7102F004F948
:107690004FF485710022204601F0F2F94FF4FA70A0
:1076A0004FF47A7102F0F8F8E6E7D4D4D4D4D4D405
:1076B000022818BF704740F640304DF60C51C2F218
:1076C0000220C0F2002101F013B9D4D4D4D4D4D410
:1076D0002DE9F04F87B040F6403040F60741C2F246
:1076E000022040F605420027CDE90477CDE9027774
:1076F000CDE9007701F018F940F61C3443F6FA752D
:10770000C4F24004CFF6FE75012120682840043001
:1077100020600A2002F0C0F82068012128400530CE
:1077200020600A2002F0B8F84DF6FC10C0F20020EC
:10773000D0E90041204600F023FD40F2FF31204611
:1077400000F01EFE48F2504935A1C4F226096D46EC
:1077500091ED001F00222946D9F800004FF0807AF1
:1077600040F48060C9F800002046CDF808A04FF42E
:10777000604BADF80CB085ED0E0F00F0F9FDBDF8D3
:1077800000004CF6CF064CF2F678C0F20026C0F2AC
:10779000002800BA4146020C3046F8F7F1FCBFF36E
:1077A0004F8FBFF36F8F4CF6EF2148F60572C0F292
:1077B00000213046F8F7E4FC4FF4C040ADF80C006F
:1077C00040F28F5000900122204629468DF80E701D
:1077D00000F0CEFDBFF34F8FBFF36F8F0B208DF8FE
:1077E0000E00002220462946CDF808A0ADF80CB0C6
:1077F000009700F0BDFDBDF80000414600BA020C44
:107800003046F8F7BDFC4CF6C231D9F80020C0F282
:1078100000213046F8F7B4FC07B0BDE8F08F00BF98
:107820000B00000002000000040000000200000045
:1078300080B5FFF701FF002080BDD4D4D4D4D4D4C8
:107840002DE9F0470D46097848F200020446C4F2DB
:10785000350202EB01206062002020702562A278D0
:107860006969A162A969C4E90B0122F00300D5F896
:107870001C80411CA170697811B940F00200A07011
:1078800095F90B204EF20019CEF20009012650099D
:1078900002F01F034CF2003AA97A09EB800006FAC5
:1078A00003F3C4F2000A4EF6185CC0F88030CEF242
:1078B000000CBFF34F8FBFF36F8F5AF82230002AAE
:1078C00023F480334AF822304FEA01115AF822306B
:1078D00004D409EB020383F8001304E002F00F0361
:1078E000634403F8041C40F604410120C2F2022163
:1078F00041F8224095F90520530902F01F06B040D7
:107900002E7909EB8303002AC3F880004FEA06139F
:10791000BFF34F8FBFF36F8F5AF8220020F48030EF
:107920004AF822005AF8220004D409EB020080F839
:10793000003304E002F00F00604400F8043C41F81A
:107940002240012695F90720500902F01F0306FA8C
:1079500003F3AE7909EB8000002AC0F880304FEACB
:107960000613BFF34F8FBFF36F8F5AF8220020F436
:1079700080304AF822005AF8220004D409EB0200B1
:1079800080F8003304E002F00F00604400F8043C8B
:1079900041F82240012695F90920500902F01F0301
:1079A00006FA03F32E7A09EB8000002AC0F8803033
:1079B0004FEA0613BFF34F8FBFF36F8F5AF82200C1
:1079C00020F480304AF822005AF8220004D409EB4F
:1079D000020080F8003304E002F00F00604400F879
:1079E000043C41F822400120EFF3108680F3108818
:1079F00028784FF0004121FA00F043F20401C4F26C
:107A000020010A6822EA0000086008681E2001219F
:107A100001F042FF86F310884FF48061606A4FF4F2
:107A200080428160E869E9786E78437802EA8131C2
:107A3000077866F30921DA03437B92B207F0030764
:107A400003F00103114441EA4352636A42EA0762C8
:107A5000416802F580525A61027802F0FE03022B5F
:107A600007D14FF60471022ACFF6007108BF20310A
:107A700000E00968626A11610C22017BAB788778AB
:107A800062F39F014FF44072022B08BF4FF48072E3
:107A9000002B07F00103676A18BF114341EA037125
:107AA000F960626A002191612A78092A04D8626A21
:107AB0000023C1F61F735362B0F80F20807B636A06
:107AC00040EA022041F60172C0F21F021040186322
:107AD000206AC4E90411C4E90611C569A160687C83
:107AE00050B34EF25400C4F20100017801F00F01CE
:107AF000022901D801220BE0CA1E052A06D24DF642
:107B00005051C0F2002151F8226003E008391022E0
:107B100002FA01F6407800F00F0001F06DFE40F629
:107B20002442697CC2F20222B0FBF6F01268514393
:107B3000B1FBF0F00130A060606AB8F80A101022C2
:107B4000A181C9F607528266206A90F905104A0998
:107B500001F01F035AF8210020F480304AF8210078
:107B60005AF8210009F5C0700121BFF35F8F01FAB7
:107B700003F340F8223049F82230226A92F90B20B0
:107B80005AF8223023F480334AF822305AF822304F
:107B9000530902F01F02BFF35F8F01FA02F240F8AF
:107BA000232049F82320226A92F907205AF822302C
:107BB00023F480334AF822305AF82230530902F075
:107BC0001F02BFF35F8F01FA02F240F8232049F849
:107BD0002320226A92F909205AF8223023F48033B4
:107BE0004AF822305AF82230530902F01F02BFF33C
:107BF0005F8F914040F8231049F8231040F2114163
:107C0000606AC0F201018160606A00BF00BF00BF0E
:107C1000017FC907FCD044F642110020C5F2433170
:107C20006160BDE8F087D4D403460020C3E90612A2
:107C30007047D4D4D4D4D4D4D0F824C0DCF80830DD
:107C400023F44013CCF80830D0F824C000BF00BFA4
:107C5000DCF848305B00FBD5DCF8083023F010037B
:107C6000CCF80830D0F824C09CF81C30DB06FBD4DC
:107C7000C0E904120020DCF8081041F01011CCF823
:107C800008107047D4D4D4D42DE9F0410446406A9A
:107C90004FF6EE7288468668CFF6CE72324082602A
:107CA000206A00222261C769A260787C50B34EF23C
:107CB0005400C4F20100017801F00F01022901D83B
:107CC00001220BE0CA1E052A06D24DF65051C0F221
:107CD000002151F8225003E00839102202FA01F580
:107CE000407800F00F0001F087FD40F62442797CD7
:107CF000C2F20222B0FBF5F012685143B1FBF0F082
:107D00000130A060606AD8F8001026F440120161CA
:107D10000020616A8A60BDE8F081D4D4D4D4D4D480
:107D200000204FF0FF32C1E900227047D4D4D4D4F0
:107D30008A0703D40622C90715D116E0426A936860
:107D400023F440139360426A936C5B00FCD5936804
:107D500023F010039360426A137FDB06FCD40022F9
:107D60004261C90701D00022C26110467047D4D4D5
:107D7000844681620020CCE90B327047D4D4D4D43D
:107D800044F642124168C5F2433291426DD1B0B51A
:107D9000416A8A6822F440128A60416A8A6822F045
:107DA00010028A60416A00BF0A7FD206FCD4016AD1
:107DB0004EF2801CCEF2000C054691F907104A09DC
:107DC00001F01F03012101FA03F34CF82230BFF345
:107DD0004F8FBFF36F8F026A92F90920530902F0A7
:107DE0001F0201FA02F24CF82320BFF34F8FBFF3BA
:107DF0006F8F426A936823F480339360026A92F92A
:107E00000520530902F01F0201FA02F24CF8232068
:107E1000BFF34F8FBFF36F8F026A92F90B205309A4
:107E200002F01F0201FA02F24CF8232043F204028E
:107E3000BFF34F8FBFF36F8FEFF3108481F3108880
:107E4000016AC4F220024FF0004C1E20097813682A
:107E50002CFA01F1194311601168012101F01CFD98
:107E600084F3108800206860B0BD07207047D4D428
:107E70000246C069086000200021D1617047D4D457
:107E800006207047D4D4D4D406207047D4D4D4D498
:107E9000B0B584B04FF07041EFF3038001EB0060A8
:107EA0004CF200318015C4F20001425822F48032B5
:107EB000425040F604424158C2F202221458206A4D
:107EC00000690028606902D0E0B104B0B0BDC8B15B
:107ED000A07800F003000228206905D10088616ABB
:107EE00020F4DC40486002E0616A00780871A07804
:107EF000226900F003016069401A60611144216148
:107F00000028E2D1616A02228D68A06862F31555EB
:107F100010B101F001FD616A8D60A06A00284FF088
:107F200000002061D1D0E06A20B190E82E008DE8F9
:107F30002E0000E06846216A097801600021816016
:107F400080210171216BC160A16A8847E06A002825
:107F50001CBF9DE82E002EC004B0B0BDD4D4D4D434
:107F600010B586B04FF07041EFF3038001EB006075
:107F70004CF200318015C4F20001425822F48032E4
:107F8000425040F604424158C2F202221458A078EE
:107F900000F00302606A022A03D101686FF35F21D7
:107FA00000E00178E0690191D0B1A06901A902F077
:107FB00059F9A078D4E9061200F003000144101A20
:107FC000C4E9061034D1A06A90B3E06AE0B1D0E908
:107FD00000C2D0E90231CDE90431CDE902C214E09A
:107FE000A06A28B3E06A40B1D0E900CED0E902230C
:107FF000CDE90423CDE902CE00E002A8226A12787E
:1080000081600260042106E002A8216A097801600B
:108010000021816001210171216BC160A16A884743
:10802000E06A28B102AC1ECC016042608360C4608B
:1080300006B010BDD4D4D4D4B0B584B04FF07041E4
:10804000EFF3038001EB006040F604428115C2F2B9
:1080500002224FF6EF7304165558CFF6CF73696AB4
:108060008A681A408A60A96AE1B1E86A40B1D0E939
:1080700000C2D0E90231CDE90231CDE900C200E011
:108080006846296A09780160002181600221017136
:10809000296BC160A96A8847E86A00281CBF9DE86F
:1080A0002E002EC04CF20030C4F2000050F8241014
:1080B00021F4803140F8241050F8240004B0B0BD01
:1080C00070B584B04FF07041EFF3038001EB0060B6
:1080D00040F604428115C2F202225458A178636A24
:1080E00001F00301022904D1D3F800C06FF35F2C23
:1080F00001E093F800C09A6C2025082105EAD245DA
:108100004FF0100E01EA12611EEA126229440A447D
:1081100003D0996C090458BF4032996E051641F09E
:10812000C8519966A16AD9B1E06A40B1D0E900E3CB
:10813000D0E90216CDE90216CDE900E300E0684679
:10814000216A0978C0F808C001600271216BC16022
:10815000A16A8847E06A00281CBF9DE84E004EC017
:108160004CF20030C4F2000050F8251021F48031A8
:1081700040F8251050F8250004B070BDD4D4D4D4F4
:108180002DE9F04F81B0D1F818800D46012143F25E
:10819000040298F800B0EFF3108981F310880446C8
:1081A00098F800104FF48030C4F2200248F2000624
:1081B0008840C4F2260611684FEA8B2721EA0000A6
:1081C000106010681E20012106EB8B2A01F064FB71
:1081D00089F310882560C4F810A02888208198F8B9
:1081E0000100A07298F800100028E1726FF0CC0036
:1081F000DAF8601008BF6FF033000840CAF860007A
:1082000048F2500098F80120C4F22600298800EBBB
:108210008B2C4FF0F8554CF82210A27A98F80C30BD
:10822000002A4FF0180208BF082208BF4FF4F85583
:1082300003FA02F242A32A40F251D8F8042093ED47
:10824000003F43A3177992FD000F07F0010722FFBB
:10825000400493ED003F00EF520155EC113B56EC0A
:10826000100B2B43557992793043184398F801301D
:1082700065F31B6140EAC750084340EA02704CF8BE
:108280002300204600F024FA40F68071C0F201017C
:10829000CAF80810CAF80C10A17A00294FF0CC01D6
:1082A00008BF3321DAF8602041EA0201CAF8601001
:1082B00070B140F6A83298F80010C2F202224900CC
:1082C000126822FA01F189071AD001B0BDE8F08FD7
:1082D00045F249010123C7F65301616098F8011086
:1082E00098F8002003FA01F140F6A833C2F2022305
:1082F000520091401F683943196001B0BDE8F08F0A
:1083000043F204070121EFF3108581F31088C4F2D2
:10831000200798F800104FF4803204463B6802FAB8
:1083200001F11E20194339603968012101F0B4FAC6
:10833000204685F3108801B0BDE8F08F00BF00BF74
:1083400010000000150000001400000016000000DE
:1083500000000F000000200000001000000040009E
:1083600006207047D4D4D4D406207047D4D4D4D4B3
:1083700080B500F005FA002080BDD4D4D4D4D4D484
:10838000B0B505890446018100F0A2F9052808BFAF
:108390002581B0BDD4D4D4D42DE9F04381B00746B3
:1083A00000680D461C46867938469046D7F81090EE
:1083B000314600F049FA20B149F6424001B0BDE82B
:1083C000F083FA685189B9B33869BB7A1279082603
:1083D00006EAC303036700BF036FDB07FCD110236A
:1083E000012A04BFC9B2182302F0030299401144C4
:1083F00001F50041C0F880100021C0F88410C0F8D9
:108400008810016F41F00101016700BF00BF00BF8C
:10841000016FC907FCD10526D0F89011C0F894115E
:108420003868C179384600F00FFA28B9013EF7D113
:10843000132001B0BDE8F083082C33D3A4F1080069
:1084400028F0070618284FF001021AD3711B1029D3
:1084500017D302EBD00323F00107B81E05EBC701C9
:1084600002EB500E304606EBC706A4EBC70400BF74
:10847000B5EC041FA0EC041F0FF007C0BB4201D1F4
:1084800010E02946A4F10800072828BF0720C043B0
:10849000204402EBD00E00BFF1E80202E6E802023F
:1084A0000FF007C0BFF35F8F4FF44070C9F864004E
:1084B000002001B0BDE8F0832DE9F04F81B0044603
:1084C000C7680068884697F805B097F817908379D1
:1084D00020461646194600F0B7F920B149F6424049
:1084E00001B0BDE8F08F796A087940B109680431BC
:1084F0000A68964207D0013801F10801F8D1002638
:108500004FF0010A04E0701C31F8046C5FEA0F9A26
:10851000E2685189C1B32069A37A1279082505EA76
:10852000C303036700BF00BF036FDB07FCD1102349
:10853000012A04BFC9B2182302F003029940114472
:1085400001F50041C0F880100021C0F88410C0F887
:108550008810016F41F00101016700BF00BF00BF3B
:10856000016FC907FCD10525D0F89011C0F894110E
:108570002068C179204600F067F928B9013DF7D19C
:10858000132001B0BDE8F08F0BF101006FF007017F
:10859000C0B269F0FF02BAF1000F01EBC00002FAAD
:1085A00000F028EA000005D079791C22013102EAA6
:1085B000810200E000222169A57A3B79082707EAB9
:1085C000C5070F6700BF00BF0F6FFF07FCD103F0A7
:1085D0000307012B4FF0100304BFF6B2182306FA6D
:1085E00003F33A431A4402F50042C1F88020C1F86F
:1085F00084000020C1F88800086F40F0010008677F
:10860000086FC007FCD1D1F89001C1F8940120692E
:10861000D0F884118907FBD14FF4406141660020F6
:1086200001B0BDE8F08FD4D410B502680C46927941
:10863000114600F009F901460020217010BDD4D484
:1086400006207047D4D4D4D406207047D4D4D4D4D0
:1086500006207047D4D4D4D406207047D4D4D4D4C0
:1086600001680022012340F6A83C89694260C2F2F9
:10867000022C08784A7803FA02F240008240DCF8C3
:10868000003023EA0202CCF8002022FA00F0800732
:1086900001D00020704710B50120EFF3108480F363
:1086A00010884FF48032087843F20401C4F22001AC
:1086B00002FA00F00B681843086008681E200121C8
:1086C00001F0EAF884F31088BDE8104000207047FC
:1086D00070B50168896989680A7962B1B0F808E003
:1086E000D0F810C0096800BF0B88734505D0013A67
:1086F00001F12801F8D1052070BD827AC16040F2F5
:10870000FF736FF39F2E0CF110060CEB8202146DB9
:10871000CD7824EA030305F00104734443EA84237B
:108720001365CA7D91F802E04D79837A140465F3EC
:1087300083041B0144EA0E04032D08BF44F47004B3
:10874000F45090F80AE091F804C0CC880B89BCF191
:10875000010F8D7C08BF240206EB0E12A4B2C97C67
:1087600065F314445460807A08BF1B029AB206EB8A
:10877000001061F314428260002070BDD4D4D4D4C0
:108780002DE9F0430E7C91F80E80CF7B1C244D7CAC
:1087900004EA860C4FF478544FF4F07607F003099E
:1087A00004EA48288C89012F4FF01007036906EA74
:1087B000451E4FEAC23608BFE4B208BF1827857AC3
:1087C000B6B204FA07F0082404EAC5041C6700BF27
:1087D0001C6FE407FCD146EA0904012A44EA0C07AD
:1087E00047EA0E0747EA080740EA0700C3F8800097
:1087F0008868C3F8840008D10868C3F88800487CFA
:10880000052802D34868C3F88C00186F40F00100B7
:10881000186700BF00BF00BF186FC007FCD162B966
:10882000D3F888004A7C052A4FF00002C1E9000213
:1088300003D3D3F88C20C1E90002D3F89001C3F828
:108840009401BDE8F083D4D4F0B5C568AA899AB183
:108850002B7E9BB195F820402E7995F814E0D5F841
:108860001CC00134230A0ED1038940F2FF37BB42FA
:108870000AD16B795C1C07E00020F0BD2E7995F8D9
:1088800014E04FF0000C00240569807A082303EA05
:10889000C000286700BF00BF286FC007FCD146EAB0
:1088A0004E2043F6036704F0070338401027012EDB
:1088B00004BFD2B21827BA4040EA830010442030E7
:1088C000C5F88000C5F884C0286F40F00100286713
:1088D000286FC007FCD1D5F88800D5F89021C84092
:1088E000C5F8942100F00100F0BDD4D4D4D4D4D480
:1088F00080B545F25422C5F24F020260084600F0EE
:1089000037F9002080BDD4D40146002000220A603F
:108910007047D4D4D4D4D4D480B5084600F028F914
:10892000002080BDD4D4D4D470B586B001A8049002
:1089300003A814460D46ADF8081001920126ADF8C3
:108940000C6000F07DF940F60040EFF31081C2F2B8
:10895000022086F3108802683AB940F614520023C8
:10896000C4F24002137040231370026801320260A7
:1089700081F31088E10340F600014FEA1522C4F2AA
:10898000400101D4EBB20CE001EB8216EBB256F8D9
:10899000235025F4803546F8235024F4803546F8DA
:1089A000235001EB8211012241F82340EFF31081A3
:1089B00082F31088026812B10268013A026000680E
:1089C00038B940F614500022C4F2400002708022F0
:1089D000027081F31088002006B070BDD4D4D4D4C6
:1089E00004200023C4F24000CFF6FF7340EAD10018
:1089F000C9B220F01B00006843EA104020FA01F1E0
:108A0000002001F0010111707047D4D4D4D4D4D423
:108A100010B56FF00100CBB200EAD11001210C2497
:108A200001FA03FE0101C4F2400444EA001C4FF4C1
:108A30008030012A625800FA03F004D122EA0000D3
:108A400040EA0E0203E022EA0E0141EA00020020A1
:108A5000CCF8002010BDD4D46FF03F00CBB200EAB8
:108A6000910040F6000100EB8300C4F24001415840
:108A70000020C1F3400111707047D4D4D4D4D4D4B1
:108A800010B5CBB2012098406FF0010E84B20EEA0F
:108A9000D110002A40F208024FF4803C4FEA001146
:108AA000C4F240024FF0000008BF0CFA03F4545027
:108AB00010BDD4D4D4D4D4D480B56FF0010040F22A
:108AC000000C00EAD110C4F2400C010103EA020ECE
:108AD00062EA03025CF801004EEA000E002002EA9E
:108AE0000E024CF8012080BD6FF0010000EAD110A9
:108AF00004210001C4F2400109580020090C118032
:108B00007047D4D4D4D4D4D46FF0010003EA020C5B
:108B100000EAD11023EA02010C230201C4F240034F
:108B200000204CEA014199507047D4D4D4D4D4D415
:108B30006FF00100042300EAD110C4F240030101E8
:108B400000205958118070476FF0010003EA020CB1
:108B500000EAD11023EA020108230201C4F2400313
:108B600000204CEA014199507047D4D4D4D4D4D4D5
:108B700070B5044600F064F840F6004CEFF3108145
:108B8000C2F2022C012080F31088DCF8000038B912
:108B900040F614500022C4F24000027040220270DD
:108BA000DCF800000130CCF8000081F31088208848
:108BB00030B340F6000E0021C4F2400E08E000BFC2
:108BC0000EEB8010013140F822302088814217D20C
:108BD000606800EBC10250F831309288D8034FEA48
:108BE0001220D2B2ECD50EEB801555F8226026F497
:108BF000803645F8226023F4803645F82260DFE7AE
:108C00000120EFF3108180F31088DCF8000020B120
:108C1000DCF800000138CCF80000DCF8000010B1EE
:108C200081F3108870BD40F614500022C4F2400059
:108C300002708022027081F3108870BDD4D4D4D425
:108C40002DE9F04F81B004460088002867D04EF629
:108C50004C4B0025C4F2010B4FF0010A04E000BFA9
:108C60002088013585425AD24DF6CC5642F2400852
:108C70000027C0F20026C4F220080CE000BF00BFAD
:108C800088F80000C820012100F006FE013708F135
:108C90000208032FE4D0606836F8021B00EBC50021
:108CA00082888A42F2D100689BF8001000F0B85028
:108CB0000AFA07F9B0F1807F09EA010018D158B922
:108CC000012000F09DFE9BF8000040EA09008BF8AF
:108CD0000000012000F068FE98F900000028D5D4BB
:108CE00098F8000040F08000CAE700BF00BF00BF56
:108CF00058B1012000F084FE9BF8000020EA090032
:108D00008BF80000012000F04FFE98F90000B0F150
:108D1000FF3FBBDC98F8000000F07F00B0E701B037
:108D2000BDE8F08FD4D4D4D42DE9F04381B00D4602
:108D300049684560044608784AF20006C4F2000615
:108D40004FF000084FF0010906EB8010A060C868E2
:108D5000E0604869606143F20000C4F81080C4F22A
:108D60002000EFF3108789F31088016821F4800157
:108D7000016000681E20012100F08EFD87F310883D
:108D800086F8009886F810882046296800F0CCF80C
:108D900044F243110020C4F24D41216001B0BDE80E
:108DA000F083D4D4D4D4D4D410B5044600F0BCF8A5
:108DB000A168002001220A7710BDD4D4D4D4D4D421
:108DC00080B582B00191009241684CF2802CC4F2CF
:108DD000000C4FF0000E49680A784CF822E08268D7
:108DE00082F81CE00A7849894CF82210816881F8E1
:108DF0001DE0019911B1019982681160009911B1CA
:108E000000998268516081680A8AB2F5804F4FF0FC
:108E10000C0238BF08228B500122816800200A779B
:108E200002B080BDD4D4D4D48168002001220A7756
:108E30007047D4D4D4D4D4D441684CF2802CC4F23A
:108E4000000C002349680A784CF8223082681377B6
:108E50000A7849894CF82210816800204B777047C6
:108E6000826809010020013151777047D4D4D4D4ED
:108E70008168002000224A777047D4D4D4D4D4D457
:108E80004FF480628A604FF480320A608268138AED
:108E9000D2684A6000228068B2EB933F806880B25B
:108EA000C86002D14FF6FF70886000207047D4D4AC
:108EB000014640684CF2802C00224068C4F2000C4D
:108EC00003784CF823208B681A77C368EBB1B0B5F0
:108ED00090F901304EF28015CEF200054FF0010EF0
:108EE00003F01F0C5B090EFA0CF445F8234040F622
:108EF0000443BFF34F8FBFF36F8F90F90100C2F2AD
:108F0000022343F82020BDE8B04000200A607047EB
:108F100006207047D4D4D4D403460020D9605A61C7
:108F20007047D4D4D4D4D4D42DE9F04F81B0426862
:108F30004CF28029C4F20009002752684CF2C004A8
:108F4000137849F8237083681F771378568949F896
:108F500023604FF0FF3683685F774FF440730D68EE
:108F60004FF4404703EA1553B1F80EC007EA15471E
:108F700006EB95763B44022E0DD84CEA0C47B1F82F
:108F80000CE0022E27F0FC2C09D04FF4805606EAA4
:108F90001526334303E043F400534FF0000EC66838
:108FA000578904EA153B0097D6B14FF01C08AF0F64
:108FB000AC024EF2001A58BF4FF0100892F901505F
:108FC000022F9778CEF2000A88BF4FF01008002DCC
:108FD0004FEA07170CD40AEB050686F8007311E078
:108FE0004FF00008B5F1404F2ED2002500274EE08B
:108FF00074464EF6145E05F00F06CEF2000E06F82B
:109000000E70A64640F6044709EB8506C2F2022719
:10901000012447F82500D6F8807027F48037C6F879
:109020008070D6F880706F0905F01F05BFF35F8F61
:109030000AEB870604FA05F5C6F880514AF827506E
:109040000D68B5F1404FD0D3B1F80C9005F04066F3
:10905000CF89B6F1806F03D14BF4005BCA4601E0C3
:10906000B2F808A005F44026B6F5802F08BF012706
:109070004E68856807FB09F72E624AEA0A458E6842
:109080008468C7EA074708BF4BF0200B6662866812
:10909000B5628668F7628768A7F814B08768009C95
:1090A000002C18BF43F001033B824B6887683B608C
:1090B0008968836859608168C1F808C08168C1F80F
:1090C0000CE0816852688A61806880F8138001B082
:1090D000BDE8F08FD4D4D4D410B582B04FF0704135
:1090E000EFF3038001EB00604CF200318015C4F215
:1090F0000001425822F48032425040F60442415866
:10910000C2F202221458E1686069019001A8884700
:10911000A068C16800291CBF0121017702B010BD01
:109120004EF22401C4F201018878098801F00F028F
:10913000A2F1080103293BD8DFE801F0022C101E40
:1091400040F28041C2F2022151F820004AF6AB21E0
:10915000CAF6AA21A0FB0101480830E040F2804194
:10916000C2F2022151F820004AF6AB21CAF6AA2128
:10917000A0FB0101C80822E040F28041C2F20221B6
:1091800051F820004AF6AB21CAF6AA21A0FB010142
:10919000080914E040F28041C2F2022151F8200097
:1091A0004AF6AB21CAF6AA21A0FB0101880806E015
:1091B00040F28041C2F2022151F82000D04040F636
:1091C0002441C2F2022108607047D4D4D4D4D4D44C
:1091D0002DE9F04782B00FF288404EF2FA3840F2A3
:1091E0008046C4F201084AF2015190ED001FC2F21C
:1091F00002260FF27C40CFF6FF714EF25505023188
:10920000A8F8001086ED001F06F12003C4F2010546
:1092100090ED001F44F2553040F2AA21C1F2DE3039
:1092200043F6000286ED041FC0F6E571C1F69C42CC
:1092300007C315F82F0C35F8311C01F00F02A2F10D
:10924000080103292BD8DFE801F002200C164AF6AA
:10925000AB2156F82000CAF6AA21A0FB010148085C
:1092600020E04AF6AB2156F82000CAF6AA21A0FB5E
:109270000101C80816E04AF6AB2156F82000CAF6EC
:10928000AA21A0FB010108090CE04AF6AB2156F81F
:109290002000CAF6AA21A0FB0101880802E056F8C6
:1092A0002000D04040F6244A4EF60044C2F2022A82
:1092B000C4F201040A214EF60147CAF800004FF635
:1092C0005060CFF6FF70C4F201072154092085F8E1
:1092D0004D00207818B93878800700F0B8812078E0
:1092E00048B901202070C820012100F0D5FA00BF44
:1092F00020780128FCD10020387020704AF20159F2
:10930000002005F8230C00BF15F8190C0007FBD549
:1093100042F602314EF61450C0F20101C5F8731046
:1093200040F2834125F8071C002205F80B2C4FF66C
:109330000211C5F8571040F2415125F8091CCEF230
:1093400000004EF20001BFF34F8FBFF36F8F036831
:10935000CEF2010123F400330360C0F83C22BFF3D6
:109360004F8FBFF36F8F0A6822F440520A60BFF339
:109370004F8FBFF36F8F15F8412C02F0F8020132C6
:1093800005F8412C00BF00BF15F8412CD206FBD4D4
:109390000A6842F440520A60BFF34F8FBFF36F8FE9
:1093A0000168890312D4BFF34F8FBFF36F8F002181
:1093B000C0F83C12BFF34F8FBFF36F8F016841F4C9
:1093C00000310160BFF34F8FBFF36F8F002005F8AE
:1093D0002B0C00BF00BF00BF15F8190C8006FBD591
:1093E0004CF200040020C4F213042070207820788E
:1093F00020786068FA2807D0FA20C1F6006000BF24
:1094000060606168FA29FBD1A0687D2808D07D20C2
:10941000CEF2001000BF00BFA060A1687D29FBD183
:1094200043F23240C3F2232045F8350C42F22010BB
:1094300025F8310C052005F82F0C15F82F0C35F800
:10944000311C01F00F02A2F1080103292BD8DFE83B
:1094500001F002200C164AF6AB2156F82000CAF69D
:10946000AA21A0FB0101480820E04AF6AB2156F8EA
:109470002000CAF6AA21A0FB0101C80816E04AF69E
:10948000AB2156F82000CAF6AA21A0FB0101080969
:109490000CE04AF6AB2156F82000CAF6AA21A0FB40
:1094A0000101880802E056F82000D040CAF8000008
:1094B0001E200121012700F0EFF960686FF39F2063
:1094C000652828BF277015F82F0C35F8311C01F0DE
:1094D0000F02A2F1080103292BD8DFE801F00220D6
:1094E0000C164AF6AB2156F82000CAF6AA21A0FBBA
:1094F0000101480820E04AF6AB2156F82000CAF6E0
:10950000AA21A0FB0101C80816E04AF6AB2156F8D3
:109510002000CAF6AA21A0FB010108090CE04AF6C6
:10952000AB2156F82000CAF6AA21A0FB0101880849
:1095300002E056F82000D04042F20001CAF80000D4
:10954000C4F200010120A1F80090BFF35F8F087200
:109550004FF42540BFF35F8F088095F8850040F0F9
:10956000400085F8850000BF95F98500B0F1FF3F08
:10957000FADC012085F87F00C92085F8850095F880
:10958000850000F0BF0085F8850000BF00BF00BF68
:1095900095F985000028FBD4012005F8020CE87F2E
:1095A00040F04000E87700BF95F91F00B0F1FF3FA1
:1095B000FADC0720E8754A20E8770A20E87700BF40
:1095C00095F91F000028FBD40920ADF806000DF125
:1095D000060000F055F8287840F04000287000BFE1
:1095E00095F90000B0F1FF3FFADC022005F8010C0C
:1095F000CA202870287800F0BF00287000BF00BF84
:1096000095F900000028FBD495F8220040F04000B6
:1096100085F8220000BF00BF95F92200B0F1FF3F9E
:10962000FADC0420A876CA2085F8220095F82200EA
:1096300000F0BF0085F8220095F922000028FBD435
:109640004FF42540A8F8000002B0BDE8F0874FF4C1
:109650007A7000F0CDF851E600BF00BF00BF00BF38
:10966000006CDC0200127A000080000000366E01FF
:109670000080000000CA9A3B0046C3230084D7172D
:109680002DE9F04F81B04EF2FA3143F20406C4F2F4
:1096900001018246C4F220064AF20350B1F800905C
:1096A00008804FF0010B00254FF480340127002083
:1096B00008E000BF00BF00BFF8074FF001004FF007
:1096C000000716D004FA00F132680A42F4D1EFF331
:1096D00010888BF3108832680BFA00F01143316068
:1096E000316805431E20012100F0D6F888F3108868
:1096F000E2E74EF2750740F28041C4F20107C2F280
:109700000221387800F00F0051F8200017F8081CEB
:1097100001F00F01022901D801220BE0CA1E052A1F
:1097200006D24EF24C01C0F2002151F8221003E0A3
:109730000839102202FA01F1B0FBF1F04DF6836115
:10974000C4F21B31A0FB01016FF0010000EA51409F
:10975000012100F0A1F8387840F04000387000BFD7
:1097600097F90000B0F1FF3FFADC9AF8010007F822
:10977000080C9AF8000040F0400038709AF8000099
:10978000387000BF00BF00BF97F900000028FBD46D
:1097900000204FF0010A4FF48038012406E000BF9A
:1097A000E0074FF001004FF0000415D025FA00F15A
:1097B000C907F5D0EFF310878AF3108808FA00F094
:1097C000316821EA0000306030681E20012100F07D
:1097D00063F887F31088E3E74EF2FA3149F4254045
:1097E000C4F20101088001B0BDE8F08FD4D4D4D414
:1097F0007047D4D4D4D4D4D440F28041C2F20221F0
:1098000051F820007047D4D4B0B542F22404C820E7
:10981000C4F2200401210025257100F03DF82570D7
:10982000207808B12FF005C0207840F002002070A9
:1098300020788007FCD4002004F8020C00BF00BF91
:1098400014F8020C08B12FF005C84FF0030E0020E9
:1098500004F11C0100BF00BF11F8102002F07F02CC
:1098600001F8102000BF00BF11F91020002AFBD41E
:1098700001300FF00FC8012000F0C2F84EF64C4145
:109880000120C4F2010100220A70BDE8B04000F0DE
:109890008BB8D4D4D4D4D4D440F6244241F200239B
:1098A000C2F20222C0F27A03484312689A420FD3EE
:1098B00044F23F21C0F20F0111444DF68362C4F21D
:1098C0001B32A1FB0212910CA0FB0101C9B11DE0EA
:1098D0004CF60021C3F69A31B1FBF2F148F638128A
:1098E000C0F24102904205D24FF47A725043B0FB6D
:1098F000F1F006E0B0FBF1F0904207D24FF47A713C
:109900004843002808BF704700F006B84FF0FF300A
:1099100000F002B8D4D4D4D401380028FCD1704768
:10992000F0B581B04CF2201540F6AC37C4F200051A
:109930000024C2F2022755F8200C296801EA00062B
:1099400006E000BF00BF00BF01340437152C09D06A
:1099500026FA04F0C007F7D039680029F4D0204671
:109960008847F1E745F8106C28683042FCD101B017
:10997000F0BDD4D4D4D4D4D480B54FF0050E4CF27D
:1099800000304DF61851C4F20000C0F2002100BFB3
:1099900031F8022B002A18BF026004300FF009C012
:1099A00080BDD4D4D4D4D4D4EFF31081012282F377
:1099B000108840F61842C2F2022232F8103023B169
:1099C00032F81030013B22F8103032F8102012B17A
:1099D00081F3108870474EF2FA324EF2600CC4F2F6
:1099E0000102C0F2002C13883CF8100043F4254318
:1099F00023EA0000108081F310887047D4D4D4D4B7
:109A000010B5EFF31081012282F3108840F618425E
:109A1000C2F2022232F8103083B94EF2FA3E4EF210
:109A2000600CC4F2010EC0F2002CBEF800403CF8FD
:109A30001030234343F42543AEF8003032F81030A1
:109A4000013322F8103081F3108810BDD4D4D4D45F
:109A500000F00AF8FDF7ECFEFEE7D4D4D4D4D4D459
:109A600000BE7047D4D4D4D42DE9F0474EF6145537
:109A700040F20120CEF20005C0F20E004EF20004CA
:109A80002860CEF20104BFF34F8FBFF36F8F55F8FC
:109A9000141CC1F3035001285FEA1F9211F00F0F4D
:109AA0005FEA0F911142216811D102280FD241F0D3
:109AB000040020604EF20800BFF34F8FCEF200008A
:109AC000BFF36F8F016841F48031016002E021F043
:109AD00004002060BFF34F8FBFF36F8F4FF470000F
:109AE00040F2000168670020C0F2002145F80C1C1C
:109AF000FDF7DEFDFFF76CFB4EF2FA304AF2025141
:109B0000C4F20100022201804EF6B021C4F201012C
:109B10000A704FF4254101800120FDF7C9FD40F294
:109B20008000C2F2012080F30A882068800723D5D4
:109B300055F80C0CB0F1007F1ED120694FF4007174
:109B4000C0F3C300626901FA00F3C2F3C3008140AD
:109B50000020DA08CB080146074642F005C800BFDE
:109B6000E7E802010FF005C04FF0005243F005C0D6
:109B7000E2E802010FF005C04DF62068C0F20028AF
:109B8000D8F800708FB1D8F804003E46041D03E0F9
:109B9000013E04F10C0408D060790028F8D154E9A2
:109BA0000101091A00F059FBF2E7D8F80890B9F161
:109BB000000F13D0D8F80C004E4600F1080403E063
:109BC000013E04F1100409D060790028F8D154E96D
:109BD00002022168121A00F045FBF1E7FFF7A0FA34
:109BE000FFF712FE0320FFF70BFF4FF00E0E40F6BB
:109BF0003050C4F24000002120F8041B0FF005C0D3
:109C00000320FFF7D1FE0320FFF7FAFE44F2040021
:109C10000021C4F22000016041608160C160032026
:109C2000FFF7C2FED8F810A0D5F8AC104422BAF164
:109C3000000F62F30701C5F8AC1025D0D8F8141056
:109C400000234FF0200E4FF0010C002404E000BF71
:109C50000134E3B29A4517D901EBC30251F83360DE
:109C6000526822F01F02203A0EEB5210B0EB561F42
:109C7000EED942F001006CF30406C5F88430C5F853
:109C80008860C5F88C00E3E7BFF35F8F0520C5F857
:109C90008000286940F480302861BFF34F8FBFF304
:109CA0006F8F2868C0032DD400202867BFF34F8F23
:109CB000E96E43F6E073C1F34E30CA08C1F3C9013F
:109CC0004E1C9107420100BF02EA030446F001E086
:109CD0000C4400BF00BF00BFC5F84C4204F1404433
:109CE0000FF007C00028A0F10100A2F12002EBD183
:109CF000BFF34F8F286840F480302860BFF34F8F48
:109D0000BFF36F8F4EF21014C4F20104D4F8C802EE
:109D1000800714D42078A0B10120FFF771FE00BFA6
:109D200094F9000010F1410FFADC0020207000BF10
:109D300020783F28FCD80120FFF736FE01E0D4F858
:109D4000C802D4F8C802400715D42079A8B1012070
:109D5000FFF756FE00BF00BF94F9040010F1410F59
:109D6000FADC0020207100BF20793F28FCD80120B8
:109D7000FFF71AFE01E0D4F8C8020220FDF798FCB4
:109D8000A7B1D8F804004FF48076041D04E000BFAA
:109D9000013F04F10C0409D06079B6EB002FF7D134
:109DA00054E90101091A00F058FAF1E7B9F1000F7E
:109DB00016D0D8F80C004FF4807700F1080404E0C6
:109DC000B9F1010904F110040AD06079B7EB002F52
:109DD000F6D154E902022168121A00F043FAEFE7C3
:109DE00040F63044C2F20224204600F033FB204605
:109DF00000F048FBBFF34F8FBFF36F8F0020C5F813
:109E00003C024EF200404EF20441C0F20020C0F28B
:109E10000021BFF34F8F081ABFF36F8F8410012CFE
:109E20000BDB4EF20045C0F2002500BF00BF00BFB3
:109E300055F8040B8047013CFAD1FFF79DFD002047
:109E4000BDE8F04700F000B87047D4D450EA0102F2
:109E500002BF9FED3B0A10EE100A704780EAE170E6
:109E600081EAE172B0EBE17362EBE172B3FA83F085
:109E70002030002A4FEAE17118BFB2FA82F0272899
:109E800009D870B5262838D027280DD1520042EACB
:109E9000D3725B0031E0A0F1280203FA02F2B0F1C4
:109EA000480358BF002235E0C0F1060600F11A0C45
:109EB000841F23FA06F502FA0CFE45EA0E0558BF88
:109EC00003FA04F503FA0CF458BF00242543C0F14B
:109ED00026045FEA0F9CC4F12005002E23FA04F348
:109EE00002FA05F543EA050358BF22FA06F322FAFF
:109EF00004F243EA0C0358BF0022C3F38006334345
:109F0000013342F100025E01BDE8704004D49B08B9
:109F100043EA82723F2303E0DB0843EA42724023B4
:109F2000181A6FF3DF5201F00041114441EAC050AA
:109F300000F17E5000EE100A10EE100A704700BFCC
:109F40000000000040B584B002AE009600F004F8B6
:109F5000029A039B04B040BDB0B584B00D4602A97F
:109F600080EAE57000911C4682EAE37285EAE571B9
:109F7000B0EBE57061EBE57183EAE373B2EBE47299
:109F800063EBE47300F017F8DDE90223DDF820C08D
:109F900083EAE57382EAE572B2EBE57263EBE5739F
:109FA000CCE90023E21782EAE57250405140801A62
:109FB000914104B0B0BD2DE9F04F099D844681B1B7
:109FC000C2B14BB3B1FA81F7B3FA83F6F71B202F76
:109FD0004FD3002D18BFC5E900C100200021BDE806
:109FE000F08FCBB30021002D64D00020C5E900C163
:109FF000BDE8F08F002B60D0002861D05F1E3B428F
:10A0000000F08580B1FA81F7B3FA83F6F71B1F2FB2
:10A01000DFD207F1010C3CE0571E3A425DD0B1FAA5
:10A0200081F7B2FA82F6F71B07F1210CBCF1200F81
:10A0300024D0BCF11F0F79D8CCF1200620FA0CF700
:10A0400021FA0CF901FA06F5B0403D434FF0000A41
:10A05000BCF1010F2CD07CE0B0FBF2FC002D1EBF48
:10A060000CFB12000021C5E9000100216046BDE89B
:10A07000F08F07F1010CBCF1200F0AD14FF000095D
:10A080004FF0200C0D464FF0000ABCF1010F0FD02D
:10A090005FE0C7F11F0720FA0CF621FA0CF901FA6C
:10A0A00007F5B84035434FF0000ABCF1010F50D11D
:10A0B00000248FE00020BDE8F08F6046BDE8F08FFF
:10A0C000B1FBF3FC002D1EBF0CFB13100021C5E9F2
:10A0D000001000216046BDE8F08F002D1EBF002358
:10A0E0000740C5E90073012A0ED092FAA2F24F0090
:10A0F000B2FA82F202F01F03D140D8401F239343EB
:10A1000007FA03F343EA000C6046BDE8F08F002D28
:10A110001CBF07EA0100C5E900C093FAA3F0B0FA3A
:10A1200080F021FA00F00021BDE8F08FACF12007AB
:10A13000CCF140044FF0000920FA07F601FA04F5CB
:10A140002E4300FA04FA21FA07F53046BCF1010F5C
:10A15000AED02CF001070126023F4FF0000B06EBBA
:10A16000570E4FEA490444EAD5746D0045EAD075AC
:10A170004000E743E943891843EB0708AF1A64EB53
:10A180000306B8F1000F56EA448457EA4585640097
:10A1900044EAD5746D0045EAD07540EADA70AE1A2B
:10A1A0006FEA050164EB030789184FEA40006FEA84
:10A1B0000401594157EA448956EA4585CC0F4BEAD8
:10A1C0004A010027A34640EAD170490041EAD87A03
:10A1D0000FF039C85FEACC711ED06F004FEA490119
:10A1E00047EAD07741EAD571B7EB020C4FEA40005D
:10A1F00061EB030EFD4352196FEA010653EB0602B1
:10A2000040EADA705EEA41895CEA4785D10F44EAA8
:10A210004A0200270C4692464FEADA7141EA4000B2
:10A2200009994FEA4A02002918BFC1E9005940EADA
:10A23000070122F001002043BDE8F08F40B584B053
:10A2400002AE0096FFF7B7FE029A039B04B040BD32
:10A250000B4611461A4600F07BB80A46002100F072
:10A2600077B8D4D4844641EA000313F0030349D1FC
:10A27000403A23D30B6803604B6843608B6883606C
:10A28000CB68C3600B6903614B6943618B69836170
:10A29000CB69C3610B6A03624B6A43628B6A836258
:10A2A000CB6AC3620B6B03634B6B43638B6B836340
:10A2B000CB6BC36340304031403ADBD230320BD3FA
:10A2C0000B6803604B6843608B688360CB68C36036
:10A2D00010301031103AF3D20C3205D351F8043B50
:10A2E00040F8043B043AF9D2043208D0D2071CBF2C
:10A2F00011F8013B00F8013B01D30B880380604655
:10A30000704700BF082A13D38B07B1D010F00303A6
:10A31000AED0C3F10403D21ADB071CBF11F8013B16
:10A3200000F8013BA4D331F8023B20F8023B9FE741
:10A33000043AD9D3013A11F8013B00F8013BF9D2B4
:10A340000B7803704B7843708B788370604670474E
:10A3500070B4840746D0541E002A41D0CDB20346C3
:10A3600002E0621EE4B3144603F8015B9A07F8D1D9
:10A37000032C2ED9CDB245EA05250F2C45EA05451B
:10A3800019D9264603F11002103E0F2E42F8105C38
:10A3900042F80C5C42F8085C42F8045C02F11002DE
:10A3A000F2D8A4F1100222F00F0204F00F041032D0
:10A3B000032C13440DD91E462246121F032A46F8C9
:10A3C000045BFAD8221F22F00302121D134404F08A
:10A3D00003042CB1C9B21C4403F8011BA342FBD1F6
:10A3E00070BC704714460346C2E780B500F004F81D
:10A3F00020F0004080BDD4D4F0B50E4F00F050F8EE
:10A40000C25947F62D7CC319C4F6954C4FF22D4620
:10A410005968C5F65106A2FB0C4502FB065201FB2A
:10A420000CF1661CC65142EB0100586020F0004060
:10A43000F0BD00BF0800000000F000B880B5014684
:10A44000034A00F02DF8815010440021416080BD86
:10A450000800000010B540F2D80140F20802C0F236
:10A460000021C0F200020446FFF7FCFE40F20800A3
:10A4700040F20001C0F20000C0F200012044FFF7EA
:10A48000ECFE10BD40F20801C0F20001401A40F697
:10A490002841C2F2022108607047D4D4D4D4D4D465
:10A4A0000148006870470000280C0222C16800299A
:10A4B00004BF002070470847B0B58A7892070DD5D1
:10A4C000C4B24A6820460D469047B0F1FF3F01DD17
:10A4D0002046B0BDA87840F00400A8704FF0FF34CB
:10A4E0002046B0BD83B080B581B0844603A80EC0BD
:10A4F0004DF6A410C0F20020006803AA6146009245
:10A5000000F006F801B0BDE8804003B07047D4D435
:10A510002DE9F04F99B0814680781892800740F17C
:10A52000B58518980027D9F804808A46179011A895
:10A53000821D0C92421E053010920E900D915146D4
:10A5400011F8010B252803D08A4638B900F0A0BDC8
:10A550009AF801500AF1020A252D06D14946C04752
:10A5600001370028EBD500F08BBD002200244FF00E
:10A57000000C4FF0000B04E01AF8015B002D00F016
:10A580002D811FFA8BF61F2E20D8A5F12000102850
:10A590001ED8DFE810F015001D001D0018001D007A
:10A5A0001D001D0014001D001D001D0011001D00D8
:10A5B000CC001D001D00C9004BF0020B00E0DBE7E2
:10A5C0004BF0040BD8E74BF0100BD5E77F2E0DD8DE
:10A5D000A5F13000092840D8402E80F0A0800CEB77
:10A5E0008C014BF0200B00EB410CC5E7A5F14C00B2
:10A5F0002E2800F2F480DFE810F08F00F200F20065
:10A60000F200F200F200F200F200F200F200F200BA
:10A61000F200F200F200F200F200F200F200F200AA
:10A62000F200F200F200F200F200F200F200F2009A
:10A63000F200A400F2008F00F2009D00F200F20090
:10A64000F200F200F200F200F2002F00F200F2003D
:10A65000F200F200F2002F008EE7A5F12400562848
:10A6600000F2BD80DFE810F08600BB00BB00BB003D
:10A67000BB00BB007400BB00BB00BB00A400BB0060
:10A68000BB00BB00BB00BB00BB00BB00BB00BB00F2
:10A69000BB00BB00BB00BB00BB00BB00BB00BB00E2
:10A6A000BB00BB00BB00BB00BB00BB00BB00BB00D2
:10A6B000BB00BB00BB00BB005800BB00BB00BB0025
:10A6C000BB00BB00BB00BB00BB00BB00BB00BB00B2
:10A6D000BB00BB00BB00BB00BB00BB00BB00BB00A2
:10A6E000BB00BB00BB00BB00BB00BB00BB00BB0092
:10A6F0006D00BB005800BB006600BB00BB00BB0088
:10A70000BB00BB00BB00BB005700BB00BB00BB00D5
:10A71000BB00BB0057002FE74BF4207B2CE704EB7A
:10A72000840100EB410427E74BF0010B24E74BF0D9
:10A73000080B21E70BF080004BEA800040F0800B13
:10A740001AE70BF480704BEA400040F4807B13E77B
:10A75000002A7FF411AF17983F2E00F104011791E2
:10A76000006832D8B0F1FF3F32DD4BF0200B002201
:10A77000844601E712B31898402E179017A90D9838
:10A780006546CDF83C90C14690465CEA348200F0C4
:10A7900083FC1798402E4246C84600F104011791E9
:10A7A0000068DDF83C9050EA358C54EA3084E3E6EA
:10A7B0003F2E00F26D844BF0400BDDE66246002434
:10A7C0004FF0000C4FF0000BD6E600220446D3E613
:10A7D0004BF0280BC0F1000C0022CDE60025CDF88F
:10A7E0003CC03AB1189817A917900D9800F054FC86
:10A7F000DDF83CC0002C24EAE47E45F0200048BF90
:10A800002BF0400B61281CBFA0F16501022925D85F
:10A810001799612801F1070121F0070101F10802F0
:10A820001792A0EB050291ED000B0A9244D15FEA6A
:10A830004B6058BF4FF0FF3E11A8D2B2714676462A
:10A8400000F0C8FD451C4BF4C05B4FF0700C4FF09E
:10A85000010EE8B28642D8BF461E5CE0A5F1630156
:10A86000122900F20A8108230026DFE811F03501E1
:10A870001300060106010601060113000601060188
:10A8800006010601060161015D01060106010D01D7
:10A8900006012E011FFA8BF15FEA0B6000F10C81BB
:10A8A0001798021D17920068CA0540F10C818905AE
:10A8B00054BF00B240B206E15FEA4B6158BF4FF0AF
:10A8C000060E662809D065280FD14BF4805B7646CA
:10A8D0000EF101010023652411E04BF4005B01221D
:10A8E00066241121764673460AE05FEA0E61A0F104
:10A8F0000204714676464FF0000308BF0121002292
:10A9000011A8C9B2112928BF112100F093FF0546F3
:10A910004FF0020EA446119B9DF84800A3F10A01D6
:10A9200011F1130F38BF4FF0020EA3F1640108912B
:10A9300011F1C70F38BF4FF0030E0F9CC1074FD165
:10A940005FEA8B716FD41FFA8BF1202202EAC102F9
:10A9500011F0040F5FEA1F9110F00C0F45D11BF4AA
:10A96000405F0493CDE9062140F02B82012E4FF089
:10A97000010056EA80801FFA8BF12A0600F06D81F3
:10A980000E9BEAB2134413F8013C302B40F00682D0
:10A990006B1E1A0621D02E460E9DDAB2154415F80C
:10A9A000015C302D40F0F981B31E1A0615D00E9DC2
:10A9B000DAB2154415F8015C302D40F0EE81F31E3B
:10A9C0001A060AD00E9DDAB2154415F8015C302D36
:10A9D00040F0E381351F2A06D2D100250022DDE1B7
:10A9E0002D22002110F00C0FB9D000294FF00300E8
:10A9F00050EA1090844212DD0A9E0D465FEA0B7108
:10AA000017D4041B934620204946C047002800F174
:10AA1000378301370134F6D300245A460AE0002474
:10AA20000A9E49B10FE02B22002110F00C0FDCD15F
:10AA300095E7241A294631B910464946C0470028EF
:10AA400000F11E8301379DF848004DF2D371C0F22A
:10AA5000002100074CF6CC40C0F2002050EA51859E
:10AA60002878002800F0F982801B4946C0B2C04710
:10AA7000013701350028F3D502E3782840F09880AB
:10AA8000C5F188032E4653E01798011D1791006801
:10AA90004DF68C11C0F20021002851EA00855FEAD2
:10AAA0004B6058BF4FF0FF3E2846714600F06AFEEB
:10AAB000DDF83CC0064617E01798890500F186804E
:10AAC000011D17910068C11788E04FF6EF700BEA7F
:10AAD000000B0A2375262BE01798012611AD011DE6
:10AAE000179100688DF844005FEA0B700ED4B445EE
:10AAF0000CD9202049466446C047002800F1C08296
:10AB0000A4F1010C0137B445F3D8B4463744ACEB9B
:10AB10000604002E00F0A18215F8010B4946C0473B
:10AB2000013E0028F5D5ABE24BF0100B1023782640
:10AB30004FF6F9700BEA00025FEA0B600B960AD43D
:10AB40001798011D17910668D1050AD5900554BFC5
:10AB5000B6B2F6B205E0179891050AD4011D179117
:10AB60000668002156EA010008BF2BF0160278D1D2
:10AB70000FE00730154620F007000246416852F802
:10AB8000086B17922A4656EA010008BF2BF01602FE
:10AB900067D100265FEA4B6062D50021012C60DAA4
:10ABA0004FF6E9700BEA00010B9D480637D467E0C9
:10ABB00025204946C047002800F1628228464946C0
:10ABC000C047023700287FF5BAAC59E2073020F0C1
:10ABD00007010A46496852F8080B179200295A469D
:10ABE000CDF82CE048BF42F4806250EA010322D045
:10ABF00080EAE17081EAE173B0EBE17063EBE1714F
:10AC000011AC22F010060A23224600F06DFB3146FB
:10AC1000061BDDF83CC0DDF82CE0480630D54FF6C9
:10AC2000FE70764500EA01002BDA002D08BF21F006
:10AC30001100714626E05FEA4B604FF0000040F1E2
:10AC40009E810021012CDBDA4FF6EE70DDF83CC06E
:10AC500000EA0B00DDF82CE014E0002500229EE065
:10AC6000002111AC304616467546224600F03CFBEA
:10AC70003146AE46DDF83CC0061B0B9D4806CED4DF
:10AC8000084631461FFA80FBC0060AD440F206404F
:10AC90001BEA000F5FEA0F9044185FEA0B7009D5BA
:10ACA00026E0002D4FF0010050EA009044185FEAC2
:10ACB0000B701DD45FEACB7008D0B646644505DA48
:10ACC00006EB0C00A0EB040E644611E064450FDABD
:10ACD000CDF82CE020204946C047002800F1D08163
:10ACE0000F9801340137A042F4D1DDF82CE004467E
:10ACF0005FEACB601BD440F206401BEA000F26D06F
:10AD00005FEA8B7075464FF02B0058BF20205FEA3A
:10AD10004B51494648BF2D20C047002800F1B08163
:10AD20000137AE46F3467546B64514DC1CE03020CC
:10AD30004946F346C047002800F1A28135B32846B2
:10AD40004946C047002800F19B810237DE46F346A2
:10AD50007546B64508DD30204946C047002800F159
:10AD60008F81013DB542F6DC0F985E45A0EB0404EF
:10AD700056EACB800744002E00F06F8110984946B8
:10AD8000805DC047013E0028F5D579E10137DE46F8
:10AD9000F3467546B645DEDCE6E71D46049BC9066C
:10ADA00052EA508113F1040F08DB834206DA4BF4B8
:10ADB000005B8B4204DAD8430E1802E04E1E00E01E
:10ADC0000026A3F57A711FFA8BF4099424055FEA33
:10ADD0008B400395CDE9011C05940CD411F5FA6F55
:10ADE00070464FF0050198BF0420002C58BF032186
:10ADF00001EB000C03E023EAE37000F1010CDDF845
:10AE000024B0002E079A4FF000050B96CBF30011EB
:10AE100082F0010251EA06900F9983186344CB1A1D
:10AE200053EAC5841BF0090F11D10A9E84B1604416
:10AE300075461044441A20204946C047002800F1B6
:10AE40001F8101370134F6D30024AE4600E00A9E8C
:10AE50000798CDF800E00028069805D14946C0477C
:10AE6000002800F10D810137059800280ED530200B
:10AE70004946C047002800F10381C6F178004946E1
:10AE8000C0B2C047002800F1FB80023709980007D4
:10AE90000AD44CB1274430204946C047002800F16D
:10AEA000EF80013CF7D100240998800427D49DF855
:10AEB00049004946C047002800F1E2800B9801286C
:10AEC00057DB2E204946C047002800F1D9800B9857
:10AED000384400F1020B0398C5B20020471CAF4272
:10AEE00002D20C99085C00E030204946C047002897
:10AEF00000F1C6800B98B8423846EFD148E004987C
:10AF000020EAE076851B0B98C0F1000B0398C0B2D5
:10AF10000F90701C06D12E204946C047002800F132
:10AF2000AF8001373020002D04D40F998D42BCBF73
:10AF30000E98405D49465E4506DDC0470135013744
:10AF4000013E0028E5D59BE0C047002800F198802D
:10AF50000999781CC90640F19180002E40F08C8040
:10AF60002E204946C047B0F1FF3F40F389800237A9
:10AF700073E00998C00604D407F1010B08E0002132
:10AF80003EE62E204946C047002879D407F1020B3F
:10AF900002984946801BC0B2C047002870D4049E66
:10AFA0002B204946002E48BF2D20C047002E48BF09
:10AFB0007642002864D4019810F5FA6F15D844F64B
:10AFC000D3504946C1F26200A6FB0005302000EBD9
:10AFD0009510C0B2C047002852D4A8094FF47A7126
:10AFE00000FB11620BF1030506E008980BF1020566
:10AFF000324610F1C80F3BD848F21F504946C5F2FF
:10B00000EB101746A2FB0006302000EB5610C0B232
:10B01000C047002834D47009642100FB1172013547
:10B020004CF6CD404946CCF6CC401746A2FB000674
:10B03000302000EBD600C0B2C047002820D4F00872
:10B04000013500EB8000A7EB400202F130004946D9
:10B05000C0B2C047002813D46F1C012CFFF66FAAA2
:10B0600020204946C0470137013C0028F5D507E0BC
:10B0700000980228D4D2E8E70746EEE70746ECE757
:10B0800099F8020040F0040089F802004FF0FF3701
:10B09000384619B0BDE8F08F022AB8BF70472DE9D5
:10B0A000F04F42F689084FF0010CC0F20108044647
:10B0B0004FF0010E03E05F789C1C252F29D1234619
:10B0C00013F8015B252D01D025B90AE16778A31C8F
:10B0D000252F1DD11C4614F8015B252D01D025B963
:10B0E000FFE05F789C1C252F13D1234613F8015BEA
:10B0F000252D01D025B9F4E06778A31C252F07D1B1
:10B100001C4614F8015B252DD5D0002DD7D1E8E0E1
:10B110001C464FF0000A4FF00009002604E014F826
:10B12000017B002F00F0A980B346BAF11F0F0AD8A7
:10B13000A7F12005102D09D80CFA05F515EA080F1E
:10B1400040F07C8002E0BAF17F0F0AD8A7F1300509
:10B15000092D3ED80BEB8B034AF0200A05EB430682
:10B16000DDE7A7F14C052E2D00F288805E46DFE872
:10B1700015F0670085008500850085008500850045
:10B180008500850085008500850085008500850097
:10B190008500850085008500850085008500850087
:10B1A00085008500850085008500770085006700A3
:10B1B000850070008500850085008500850085007C
:10B1C00085002F00850085008500850085002F0003
:10B1D000A5E7A7F12405562D00F250800026DFE8F0
:10B1E00005F0334D4D4D4D4D324D4D4D324D4D4D84
:10B1F0004D4D4D4D4D4D4D4D4D4D4D4D4D4D4D4D7F
:10B200004D4D4D4D4D4D4D4D4D4D2F4D4D4D4D4D8C
:10B210004D4D4D4D4D4D4D4D4D4D4D4D4D4D4D4D5E
:10B220004D4D4D4D4D4D3F4D2F4D384D4D4D4D4D8F
:10B230004D4D2C4D4D4D4D4D2C00FFE75E466EE7BC
:10B240004AF4207AFAE76AE7B9F1000F0FD1D9463C
:10B2500065E70AF080034AEA830343F0800AEDE7DA
:10B260000AF480734AEA430343F4807AE6E7F3453D
:10B270007FF455AF6327F14600E00027B9F1000FD6
:10B280002FD0F14524D147F02003612B1CBF653B33
:10B29000022B05D80B68073323F00703083313E0AC
:10B2A000A7F16303102B0AD8DFE803F00C090909A2
:10B2B0000909090909090909090909090C005FEACD
:10B2C0000A6309D40B6804330EF1010E04460B60C7
:10B2D0009645FFF6F4AE04E00B685FEA8A54DAD4D0
:10B2E000F1E7BDE8F04F70472DE9F04703F01F0686
:10B2F000984691468A4605462846514632460023DE
:10B30000FEF79CFF044600FB16500F46A0EB080119
:10B31000092888BF01F13700303089F80000A81BE8
:10B320007AF1000049D32046394632460023FEF721
:10B3300085FF054600FB16408A46A0EB0801092858
:10B3400088BF01F13700303089F80100A01B77F188
:10B35000000036D32846514632460023FEF76EFFE2
:10B36000044600FB16500F46A0EB0801092888BFD1
:10B3700001F13700303089F80200A81B7AF1000093
:10B3800023D32046394632460023FEF757FF0546B1
:10B3900000FB16408A46A0EB0801092888BF01F18E
:10B3A0003700303089F8030009F10409A01B77F158
:10B3B0000000A1D24846BDE8F08709F10100BDE8D0
:10B3C000F08709F10200BDE8F08709F1030948465A
:10B3D000BDE8F0872DE9F04F85B05AEC103B4FEAFD
:10B3E000DA77CAF30A566FF31F5A077153EA0A0451
:10B3F00008BF002E0ED040F2FF75AE423CD10421B2
:10B40000002C18BF0821394401710021084605B0FD
:10B41000BDE8F08F002700234FF0000A00290760E5
:10B4200037D40D2937D3190F00F1050B41EA0A1162
:10B430000491190E4FEA1A5441EA0A210391190D99
:10B440004FEA1A4641EA0A310291190C4FEA1A38BA
:10B4500041EA0A410191190B41EA0A5C190A41EAE1
:10B460000A6E190941EA0A794FEA1A1103F00F032B
:10B470004FEA1A27009180E04FF60247002ECFF6E0
:10B48000FF771CBFA6F2FF370AF5801A0029076074
:10B49000C7D5002146E03326A6EB8105C5F120067D
:10B4A00013274FF0020CA7EB81072CFA06F40126B4
:10B4B0004FF0000E002F58BF0CFA07F458BF06FAE1
:10B4C00007FE06FA05F60CFA05F558BF002658BF28
:10B4D0000025D5F100094FF0000868EB040C013D90
:10B4E00064F100041D4004EA0A04751B7EEB0404A9
:10B4F00011D38C00C4F13405D4F1140423FA05F7F8
:10B50000C5F120050AFA05F545EA070558BF2AFAEC
:10B5100004F5EC0702D09B194AEB0E0A03EA090373
:10B520000AEA0C0A1F0947EA0A791F0F1D0B47EAAE
:10B530000A1704971F0E45EA0A5C47EA0A27039791
:10B540001F0D1D0A47EA0A3702971F0C45EA0A6ECB
:10B5500047EA0A4700F1050B13F00F0301974FEA82
:10B560001A174FEA1A544FEA1A464FEA1A384FEAA6
:10B570001A25009700F0B4802F46991A092B88BF2E
:10B5800001F1270303F13001817409F00F030D214C
:10B590009D1A092B88BF05F127030C2903F13003FD
:10B5A000437498BF0C210EF00F039D1A092B88BF1E
:10B5B00005F127030B2903F13003037498BF0B2116
:10B5C0000CF00F039D1A092B88BF05F127030A29E8
:10B5D00003F13003C37398BF0A21019B3D4603F07A
:10B5E0000F039F1A092B88BF07F12703092903F1CD
:10B5F0003003837398BF0921029B03F00F039F1A46
:10B60000092B88BF07F12703082903F1300343738F
:10B6100098BF0821039B03F00F039F1A092B88BFD3
:10B6200007F12703072903F13003037398BF0721AC
:10B63000049B03F00F039F1A092B88BF07F1270310
:10B64000062903F13003C37298BF06210AF00F03E5
:10B650009F1A092B88BF07F12703052903F130033F
:10B66000837298BF0521009B03F00F039F1A092BDB
:10B6700088BF07F12703042903F13003437298BF01
:10B68000042105F00F039F1A092B88BF07F1270338
:10B69000032903F13003037298BF032108F00F035D
:10B6A0009F1A092B88BF07F12703022903F13003F2
:10B6B000C37106F00F0398BF02219A1A092B88BFA5
:10B6C00002F1270303F130028271012998BF0121A1
:10B6D00004F130008BF80000084605B0BDE8F08F9B
:10B6E00019F00F0348D10C2946D21EF00F0345D1A3
:10B6F0000B2943D21CF00F0342D10A2940D2019BEF
:10B7000013F00F037FF46DAF0929BFF46AAF029BFA
:10B7100013F00F037FF473AF0829BFF470AF039BDE
:10B7200013F00F037FF479AF0729BFF476AF049BC2
:10B7300013F00F037FF47FAF0629BFF47CAF1AF03C
:10B740000F037FF485AF0529BFF482AF17F00F0315
:10B750008CD104298AD215F00F0394D1032992D2F7
:10B7600018F00F039CD102299AD206F00F0353EA76
:10B770000107A2D10021ABE72F4609E72F4614E7C6
:10B780002F461FE7844639B370B500EB010C4B1E02
:10B79000A1F1020ECC1E0022855C85B1934219D026
:10B7A00085186E7876B1964514D0AE786EB1944215
:10B7B00010D0EE7866B104329142EDD10AE000EB90
:10B7C000020C07E005F1010C04E005F1020C01E0B8
:10B7D00005F1030CBDE87040ACEB00007047B0B55C
:10B7E00088B00C464BF62501C0F2002100250191DE
:10B7F0004FF4003100910119CDE90655002C049059
:10B80000CDE9025518BF481E48BF002005901146DB
:10B8100068461A46FEF77CFE002C1CBF04990D708A
:10B8200008B0B0BDD1E904239A421EBF531C0B617E
:10B83000107070472DE9F04FA1B056EC108BB24656
:10B84000C6F30A546FF31F5AF50F58EA0A0708BFE8
:10B85000002C0ED040F2FF76B44215D10821002F03
:10B8600008BF0421002429440171204621B0BDE80D
:10B87000F08FA91C01713021012441710021016068
:10B88000204621B0BDE8F08FA4F23549002CCDE967
:10B89000062308F001060495CDE9081006BF4FF60F
:10B8A000CC39CFF6FF790AF5801A4FEA8A0242EACC
:10B8B0009870002F15905FEA0F90022C5FEA2F918D
:10B8C000B9F1000F40EA01074FEA8800149005968D
:10B8D000139749D4484600F021FD0546B9F1030FFE
:10B8E00088BF013D284600F027FD0DF1580B0446A6
:10B8F0002846594600F00BFE1AA81CA95A46029782
:10B90000CDE90010A5EB09002044514600F17C036D
:10B910004046AB4600F031FC8246152D5FD8149F9F
:10B920004CF6CD46159D1EA8CCF6CC460C46009094
:10B930003846294632464FF0CC3300F072FEDDE93E
:10B940001E01820842EA817120F00300084440424F
:10B95000F8426AD13846294600F0F7FC58455FEABC
:10B960003F901290002087E0C9F1000B584600F08C
:10B97000DCFC044619F1010018BF013CABEB040BE1
:10B98000584600F0D9FC16A9054658468B4600F0EB
:10B990003BFD1AA81CA95A460297CDE90010601B6E
:10B9A00000F17D034046514600F0E7FB04EB090B34
:10B9B0008246012C1BD8089B002E069D4CF6CD46D6
:10B9C000CCF6CC4608D0DDE91C0201381C9062F1AF
:10B9D00000001D90002013900120129050E04CF6C2
:10B9E000CD460020CDE91200CCF6CC4646E0089BBF
:10B9F0004CF6CD46069DCCF6CC463E2C25D84FF0D5
:10BA0000FF30B4F1200200FA04F758BF0027149C5D
:10BA100058BF9040159A24EA070722EA00003843ED
:10BA20005FEA1F901290002011E0059888B91398E2
:10BA3000C043C01965F1000100F087FC58455FEA7A
:10BA40003F9013900020129017E000201290139066
:10BA500016E047F00200294600F077FCDDE91C12F1
:10BA60004B1E62F10005584553EA21801C9055EAAF
:10BA700022801D900020129013902146089B069D65
:10BA8000002D0C934AD0BAF10A0071F1000001D2E6
:10BA9000012037E000274FF00A0C02204FF0640924
:10BAA0004FF47A7842F2107E0A22A2FB0C4507EB93
:10BAB000870305EB4303BAEB040471EB030320D3C4
:10BAC000A2FB093407FB0944BAEB030371EB04033F
:10BAD00014D3A2FB083407FB0844BAEB030371EB51
:10BAE00004030DD3A2FB0E23043007FB0E37BAEB81
:10BAF000020371EB0703D8D2013802E0013000E005
:10BB00000230089B079A0BEB02073844B0EBD27F58
:10BB1000B8BFD00F834253EAB0800C90CDF80CB080
:10BB20000DF1680B1D9C16AD9BE8000B00201591D4
:10BB3000149011900B902FE01599504632464FF01B
:10BB4000CC3316AD4FEADB04009500F06AFD149883
:10BB5000BB46129910F0FF0FDDE916235FEA1F9034
:10BB6000014008EB88001291404210994942B1EB24
:10BB7000400F13995FEA1F9001401391D00840EAEB
:10BB8000437101EB8000AAEB4000149011988A46A3
:10BB900001301190D80815905846214632464FF092
:10BBA000CC330095CDF834B00E9400F03AFD404609
:10BBB000494632464FF0CC33DDE9164B0095CDE9CE
:10BBC0000F9800F02EFDDDE91601E20842EA4B77FE
:10BBD0004FEAD109C00840EA4178B8EB070079EB99
:10BBE000DB00A9D31599BAF10A0071F1000001D266
:10BBF00001203BE00A9700250A2202204FF00A0CA0
:10BC000064274FF47A7EA2FB0C3605EB850406EB25
:10BC10004406BAEB030371EB060322D3A2FB0736FB
:10BC200005FB0766BAEB030371EB060316D3A2FB11
:10BC30000E3605FB0E66BAEB030371EB06030FD35A
:10BC400042F210740430A2FB042305FB0435BAEB66
:10BC5000020371EB0503D6D2013802E0013000E0A7
:10BC600002300A9F4CF6CD46CCF6CC460C9A4AEAF6
:10BC7000010313435FEA1F93904203DD13B90120D0
:10BC80000B905AE71398C00771D0DDF84080324618
:10BC90000F994FF0CC3316AD0095404600F0C1FC33
:10BCA000DDE91610C8F10003DDF848B0CA0842EA21
:10BCB000407404EB82025242B3EB420F5FD1C208E0
:10BCC000DDF84490DDF850C0DDE90D0190463246C4
:10BCD0004FF0CC33CDF850C0009500F0A2FC159980
:10BCE000324616984FF0CC3312905046179F00956D
:10BCF00000F097FC4CF6CD4216A800902046414635
:10BD0000CCF6CC424FF0CC33DDE91665CDF83C8063
:10BD100000F087FCF10841EA457E14980EEB8101A2
:10BD2000A046ED0810F0FF0FAAEB410C5FEA1F9050
:10BD3000DDE916120BEA000B12984CF6CD4615956C
:10BD4000CB0843EA4274C00804EB830340EA47701F
:10BD50005B4209F1010916ADF908C8F10007CCF6FC
:10BD6000CC46D208F246B7EB430FAFD00CE00DF152
:10BD7000400BD646DDF850C09BE8000B04E0D646E9
:10BD8000DDF84490DDF850C0159A8EEA08010F984E
:10BD90001346424011430B9A5FEA0F911143CA07C1
:10BDA000059900295FEA1F91002A04BF139A11EA3E
:10BDB00002010ED05FFA8CF105295FEA0F92042987
:10BDC00062EA0B025FEA9F9142EA0E0202EA010C6C
:10BDD00001E04FF0010C039809EB00051EEB0C008D
:10BDE00043F10001B0F10A0271F1000201D2012316
:10BDF00038E0AE4600264FF00A0802234FF0640BED
:10BE00004FF47A7A42F210790A25A5FB087206EB04
:10BE1000860402EB4402C41B71EB02021DD3A5FB96
:10BE20000B2406FB0B44821A71EB040212D3A5FB10
:10BE30000A2406FB0A44821A71EB04020CD3A5FB08
:10BE40000952043306FB0926421B71EB0602DCD2C1
:10BE5000013B02E0013300E002334CF6CD4675466B
:10BE6000CCF6CC460C9A93425FEADC82012A079A10
:10BE70003AD1069F4FB12A441A44012AD8BF012261
:10BE8000089F974257EAB2820C920C9A93422BDD9C
:10BE900005304CF6CD4741F10001CCF6CC474008C7
:10BEA000013B40EAC170013510EB51024FEA5101EC
:10BEB00042F10002A2FB077626F0030707EB960784
:10BEC0004FF0CC36D21B821A4CF6CD40CCF6CC408B
:10BED00061F10001A2FB000702FB06724CF6CD46A1
:10BEE000CCF6CC4601FB06210C9A934253EAB2826F
:10BEF0002BB214B22344A3F10108012CC0F2348107
:10BF000002F00303099ACDF84880042C02F10509D8
:10BF10001193149402D24FF0000AA9E0E31A2244CC
:10BF2000149C02F104084FF0000A139364220023CA
:10BF300083460F46FEF782F9420800F0010042EA0C
:10BF4000C17212EB510141F10001A1FB062323F064
:10BF5000030202EB93020023891A4FF47A7240EA3B
:10BF60004100394640F0300015905846FEF766F91A
:10BF700042084CF6CD4642EAC172CCF6CC4612EBF2
:10BF8000510100F0010041F100024FEA5B0141EA7A
:10BF9000C77111EB570343F10003A3FB066525F0BE
:10BFA000030606EB95069B1B6FF00206CB1A4CF6B8
:10BFB000CD41CCF6CC41A3FB011C01EB8105ABEBE1
:10BFC000450545F0300508F804598AEA0605159E2E
:10BFD000254409F805604CF6CD46CCF6CC46A2FBCC
:10BFE000065626F0030505EB9606A2EB06024CF674
:10BFF000CD46CCF6CC4640EA42006FF0030282EA1E
:10C000000A0240F03000224409F802004FF0CC3020
:10C010004FEA570203FB00C062F1000202FB060078
:10C020004A0801F0010142EAC07212EB500040F1EF
:10C030000000A0FB062323F0030202EB930200237F
:10C04000801A42F2107241EA40006FF0010181EA69
:10C050000A0140F03000214409F8010058463946F1
:10C06000FEF7ECF80AF1040A139A52457FF45EAF2A
:10C07000DDF844E0DDF84880149CBEF1000F73D079
:10C0800042084CF6CD4742EAC172CCF6CC4712EBDF
:10C0900051036FEA0A0543F100032544A3FB077629
:10C0A00026F0030707EB96074E08DB1BD31A4CF666
:10C0B000CD42CCF6CC4266F1000CA3FB0227BEF1C8
:10C0C000010F02EB8206A0EB460646F0300609F8A7
:10C0D000056049D04FF0CC364CF6CD4503FB0673D6
:10C0E0004CF6CD47CCF6CC47CCF6CC450CFB073311
:10C0F000570802F0010247EAC37717EB53034CF6E7
:10C10000CD4743F10003CCF6CC47BEF1020FA3FBB1
:10C11000077626F0030707EB9607A3EB070342EA2F
:10C120004302A4EB0A0303EB090642F0300206F8CF
:10C13000022C19D064220023FEF780F8420800F098
:10C14000010042EAC17212EB510141F10001A1FB71
:10C15000052323F0030202EB9302891A40EA41000F
:10C1600040F0300006F8030C099804990171C0F8FA
:10C170000080204621B0BDE8F08F2DE9F04F8BB054
:10C18000490041EAD07405931646D2E900234500E0
:10C190002846214608AF009700F043FAD6E902236B
:10C1A000834606A88946009028462146DDE9087A9C
:10C1B00000F037FA10EB0708DDE906234AEB010A25
:10C1C000DDE90801571C059C43F10005B8EB0000B0
:10C1D0007AEB0100A4F1410455EA338357EA328235
:10C1E00096E8830017EB0807F568049445EB0A0509
:10C1F00010EB0B0059EB0100009457F10000CDE962
:10C20000062345F10001571C43F10005B0EB08047B
:10C2100071EB0A04CDF80CB055EA338357EA328249
:10C22000CDF8089000F01BFADDE91429169BC2E94D
:10C23000000143B3D6E900C1D6E902560398B8EB32
:10C240000505DDE906236AEB06066C1E66F10007AC
:10C25000B0EB0C000298DDF810B08841CDF800B0CA
:10C2600054EA358057EA3681571E63F10006B8EB71
:10C2700000057AEB010557EA328256EA338300F073
:10C28000EEF95F463EE0DDE906204FEA4804D6E9D4
:10C2900000EC01900598D6E90276A0F140050298DD
:10C2A00000954FEA4A05039945EAD87544EAD074E7
:10C2B0004300E71B65EB0606B7F1010B43EAD173B8
:10C2C00066F10000DEEB410173EB0C0150EA3681B0
:10C2D0005BEA3780B4EB0803019F75EB0A035FEA62
:10C2E0002F937F0043EA420347EAD2775A1E67F151
:10C2F0000006241A8D4152EA338256EA378300F051
:10C30000AEF9049FDDE90623C9E900014046514624
:10C31000009700F0A4F90BB0BDE8F08F43F2414163
:10C32000C0F201014843800C704742F6FB61C0F245
:10C330000B014843000D704749F24F31C0F2120122
:10C340004843012101EBD04070472DE9F04F4CF6F6
:10C35000CD4E45F6294442F6F50A47F6D50847F68C
:10C36000916943F2343B02460020CCF6CC4E4FF0AC
:10C370003333CCF28F24C8F65C7AC2F2E968C3F694
:10C38000FB29C3F2333BA2FB0E5C4FF0CC3702FB20
:10C3900007C7D5F1333501FB0E7773EB07072ED3B3
:10C3A000A2FB047502FB0A55D7F1333701FB045594
:10C3B00073EB050722D3A2FB087540F63106C1F6E0
:10C3C000AC4602FB0655D7F1333701FB085573EB3A
:10C3D000050716D3A2FB09754CF67066CDF28826C8
:10C3E000043002FB065201FB0921B7EB0B0271F18D
:10C3F00033323A46C7D30138BDE8F08F0130BDE88B
:10C40000F08F0230BDE8F08F2DE9F04F87B0054680
:10C410004EF64F40C4F6C4608B46A5FB0001C80829
:10C420001A2100FB01F64EF27001C0F2002101EB6F
:10C430000010B54209D190E80E00C0688BE80E00EC
:10C44000CBF80C0007B0BDE8F08FD0E900924EF2B7
:10C450004011C0F200210192D0E90223A81B51F83B
:10C46000307001EBC000446804A8009038462146B3
:10C4700000F0D7F8019B824602A888460090384613
:10C4800021464A4600F0CDF881460191DDE90201DE
:10C49000002210EB0A0758EB010842F100000128C6
:10C4A00006D1DDE904010130049041F1000005905E
:10C4B0002846FFF741FF04463046FFF73DFF01994C
:10C4C000241A48463A464346009400F0C8F86FF0F4
:10C4D00003024EF2102302EA9502C0F200239A589A
:10C4E0001E2303EA4503DA4002F003068019DDE962
:10C4F000042341F10001CBE9000138464146009494
:10C5000000F0ADF8CBE9020107B0BDE8F08F2DE9EE
:10C51000F04F87B08B464EF64F4105461930C4F6B2
:10C52000C461A0FB0101C8081A2100FB01F64EF20C
:10C530006821C0F2002101EB0010AE4209D190E861
:10C540000E00C0688BE80E00CBF80C0007B0BDE809
:10C55000F08FD0E900A24EF24011C0F2002101920A
:10C56000D0E90223701B51F8307001EBC000446821
:10C5700004A800903846214600F053F8804602A8EF
:10C580000090BAF1010201988946214660F100034A
:10C59000384600F046F804468A46DDE902010022EA
:10C5A00010EB080751EB090842F10000012806D101
:10C5B000DDE904010130049041F1000005903046AE
:10C5C000FFF7BAFE06462846FFF7B6FE361A2046A3
:10C5D00051463A464346009600F041F86FF0030298
:10C5E0004EF2583302EA9502C0F200239A581E23F5
:10C5F00003EA4503DA4002F003054019DDE90423AC
:10C6000041F10001013041F10001CBE90001384660
:10C610004146009600F023F8CBE9020107B0BDE8DF
:10C62000F08FF0B5A2FB01CEA2FB0075A3FB0114B5
:10C6300015EB0C05DDF814C051EB0E06294644F14C
:10C6400000043246E3FB0012A3FB0003401956EB43
:10C65000030044F10000CCE900203846F0BD10B5DD
:10C66000DDF808C0CCF1400ECEF1200420FA0CF029
:10C6700003FA0EF322FA04F42343DCF1200458BF3A
:10C6800002FA04F302FA0EF201FA04F440EA04009A
:10C6900058BF0022BCF1200458BF21FA04F021FA4F
:10C6A0000CF158BF00211043194310BD735F736430
:10C6B00072616D5F6E635B617420307825585D2018
:10C6C0006E6F7420696E20534452414D2072616E2A
:10C6D00067650D0A0052323A2020307825303858EC
:10C6E0000044436163686520616C72656164792010
:10C6F00064697361626C6500526561642066726F83
:10C700006D20487970657252414D28636163686598
:10C7100061626C65206172656129202020746F2040
:10C7200052414D2028756E636163686561626C6576
:10C7300020617265612920776974682031366269E9
:10C74000742077696474682C20005053503A20207C
:10C750002020307825303858005475726E206F6E66
:10C76000204443616368652C2077726974652D7479
:10C7700068726F756768206D6F64650043686563F4
:10C780006B6564204572726F723A20496E737472E1
:10C79000756374696F6E20427573204572726F7293
:10C7A00000494E464F202000735F736472616D5BD9
:10C7B000617420307825585D206E6F7420696E207A
:10C7C000534452414D2072616E67650D0A005365F6
:10C7D000742077726974652D6261636B206661698C
:10C7E0006C6564005343422D3E484653523A203014
:10C7F0007825303858004352303A20307825580098
:10C8000046756C6C206368697020636865636B2093
:10C810005041535300636865636B46756C6C4368A5
:10C820006970576974685365710052656164206668
:10C83000726F6D20487970657252414D28756E6334
:10C840006163686561626C6520617265612920744D
:10C850006F204454434D20202020202020202020E1
:10C860002020202020202020207769746820333267
:10C870006269742077696474682C20005772697447
:10C88000652066726F6D204454434D202020202087
:10C890002020202020202020202020202020746FF5
:10C8A00020487970657252414D28756E63616368E6
:10C8B0006561626C652061726561292077697468C1
:10C8C0002031366269742077696474682C200048CE
:10C8D0007970657252414D5F496E697400444542FA
:10C8E000554720005475726E206F6E20444361637B
:10C8F00068652C2077726974652D6261636B206DA9
:10C900006F6465007573696E672074696D653A20A0
:10C91000256C6C752075732C20005265616420664F
:10C92000726F6D20487970657252414D28756E6343
:10C930006163686561626C6520617265612920745C
:10C940006F2052414D2028636163686561626C65A8
:10C95000206172656129202020776974682036344F
:10C960006269742077696474682C20005053523ACD
:10C9700020307825303858000D0A3D3D3D3D3D3D85
:10C980003D3D204F74686572205265676973746518
:10C9900072203D3D3D3D3D3D3D3D002573203D3EEA
:10C9A000204661696C656420617420307825580DDB
:10C9B0000A0052333A2020307825303858000D0ACA
:10C9C0003D3D3D3D3D3D3D3D3D2053434220526573
:10C9D000676973746572203D3D3D3D3D3D3D3D3D84
:10C9E000002573203D3E204661696C6420617420FF
:10C9F000307825580D0A00526561642066726F6DAB
:10CA000020487970657252414D28756E6361636884
:10CA10006561626C6520617265612920746F2052C6
:10CA2000414D2028636163686561626C65206172B5
:10CA30006561292020207769746820313662697425
:10CA40002077696474682C200057726974652066C9
:10CA5000726F6D2052414D20286361636865616289
:10CA60006C65206172656129202020746F204879EF
:10CA700070657252414D28636163686561626C65DF
:10CA80002061726561292020207769746820333223
:10CA90006269742077696474682C20005772697425
:10CAA000652066726F6D2052414D20286361636876
:10CAB0006561626C65206172656129202020746F58
:10CAC00020487970657252414D28756E63616368C4
:10CAD0006561626C6520617265612920776974689F
:10CAE0002033326269742077696474682C200053A3
:10CAF0006574204352303A20307825580046756CD2
:10CB00006C206368697020636865636B20464149E7
:10CB10004C4544005343422D3E435346523A203045
:10CB20007825303858005053504C494D3A203078D1
:10CB300025303858004578706563743A2030782580
:10CB4000582C20526561643A20307825580D0A002F
:10CB50002573203D3E2057726974653A2030782550
:10CB6000582C20526561643A20307825580D0A000F
:10CB7000526561642066726F6D20487970657252EB
:10CB8000414D28756E636163686561626C65206103
:10CB90007265612920746F204454434D2020202069
:10CBA000202020202020202020202020202020772E
:10CBB0006974682031366269742077696474682CFE
:10CBC00020004C494F43464743535B305D3A203089
:10CBD00078255800526561642066726F6D2048792F
:10CBE00070657252414D28636163686561626C656E
:10CBF000206172656129202020746F204454434DC8
:10CC00002020202020202020202020202020202024
:10CC10002020207769746820203862697420776941
:10CC20006474682C200057726974652066726F6D99
:10CC3000204454434D20202020202020202020204C
:10CC40002020202020202020746F204879706572D9
:10CC500052414D28636163686561626C6520617251
:10CC600065612920202077697468203136626974F3
:10CC70002077696474682C20005772697465206697
:10CC8000726F6D2052414D2028756E636163686537
:10CC900061626C6520617265612920746F2048793A
:10CCA00070657252414D28756E636163686561629B
:10CCB0006C6520617265612920776974682020386D
:10CCC0006269742077696474682C2000696E66005C
:10CCD0005741524E202000526561642066726F6D8C
:10CCE00020487970657252414D28756E63616368A2
:10CCF0006561626C6520617265612920746F2052E4
:10CD0000414D2028756E636163686561626C6520C2
:10CD100061726561292077697468203332626974B1
:10CD20002077696474682C200057726974652066E6
:10CD3000726F6D2052414D2028756E636163686586
:10CD400061626C6520617265612920746F20487989
:10CD500070657252414D28756E63616368656162EA
:10CD60006C652061726561292077697468203136AD
:10CD70006269742077696474682C200052303A200C
:10CD800020307825303858005231323A203078251A
:10CD9000303858004C523A2020307825303858002E
:10CDA00050433A2020307825303858000D0A00755D
:10CDB00073696E67206379636C653A20256C6C75C6
:10CDC0002C200057726974652066726F6D20524185
:10CDD0004D2028756E636163686561626C652061D2
:10CDE0007265612920746F20487970657252414DD7
:10CDF00028636163686561626C65206172656129A1
:10CE00002020207769746820313662697420776940
:10CE10006474682C2000444D4120204F706572617D
:10CE200074696F6E00526561642066726F6D204890
:10CE30007970657252414D28636163686561626C07
:10CE400065206172656129202020746F2052414D58
:10CE50002028756E636163686561626C652061722C
:10CE6000656129207769746820333262697420779C
:10CE7000696474682C2000444D41202066726F6DF7
:10CE800020487970657252414D20746F2052414D97
:10CE90002020776974682036346269742077696469
:10CEA00074682C205265706561742D426C6F636BE1
:10CEB000206D6F64652C200057726974652066725E
:10CEC0006F6D2052414D2028636163686561626C1B
:10CED00065206172656129202020746F2048797077
:10CEE000657252414D28756E636163686561626C5D
:10CEF0006520617265612920776974682020386235
:10CF000069742077696474682C20005772697465AD
:10CF10002066726F6D2052414D2028756E636163EB
:10CF2000686561626C6520617265612920746F209B
:10CF3000487970657252414D28636163686561622A
:10CF40006C652061726561292020207769746820F2
:10CF500020386269742077696474682C20001B5B38
:10CF6000324A1B5B480046756C6C20636869702010
:10CF7000636865636B2077697468206F726465729B
:10CF800065642073657175656E6365205041535308
:10CF90000057726974652066726F6D2052414D2092
:10CFA00028756E636163686561626C652061726596
:10CFB000612920746F20487970657252414D28753F
:10CFC0006E636163686561626C6520617265612989
:10CFD00020776974682033326269742077696474D9
:10CFE000682C200046756C6C20636869702063684B
:10CFF00065636B2077697468206F7264657265641D
:10D000002073657175656E6365204641494C4544E2
:10D0100000444D41202066726F6D204454434D20E2
:10D02000746F20487970657252414D207769746839
:10D030002036346269742077696474682C205265E4
:10D04000706561742D426C6F636B206D6F64652C2D
:10D050002000486172644661756C74206F6363756B
:10D0600072726564206279204445425547004861E8
:10D0700072644661756C74206F6363757272656467
:10D08000206279206F7468657220657863657074BA
:10D09000696F6E20666F72636564003D3D3D3D3D86
:10D0A0003D3D3D3D3D204D535020537461636B2009
:10D0B000203D3D3D3D3D3D3D3D3D3D0049505352B0
:10D0C0003A2030782530385800436865636B6564D2
:10D0D000204572726F723A20446976696465204215
:10D0E00079205A65726F00436865636B65642045FB
:10D0F00072726F723A20496E76616C696420537463
:10D1000061746500526561642066726F6D204879B4
:10D1100070657252414D28636163686561626C6538
:10D12000206172656129202020746F2052414D20BA
:10D1300028636163686561626C652061726561295D
:10D1400020202077697468203332626974207769FF
:10D150006474682C2000526561642066726F6D20D3
:10D16000487970657252414D2863616368656162F8
:10D170006C65206172656129202020746F20524106
:10D180004D2028756E636163686561626C6520611E
:10D19000726561292077697468202038626974207B
:10D1A00077696474682C2000577269746520667210
:10D1B0006F6D2052414D2028636163686561626C28
:10D1C00065206172656129202020746F2048797084
:10D1D000657252414D28636163686561626C6520C8
:10D1E0006172656129202020776974682020386287
:10D1F00069742077696474682C2000436865636BE8
:10D200006564204572726F723A204E6F20436F70D2
:10D21000726F636573736F72004552524F522000F4
:10D2200073706565643A20252E3266204D422F7357
:10D230000D0A00526561642066726F6D2048797036
:10D24000657252414D28636163686561626C652057
:10D250006172656129202020746F2052414D202881
:10D26000636163686561626C652061726561292034
:10D270002020776974682020386269742077696497
:10D2800074682C200057726974652066726F6D2077
:10D290004454434D202020202020202020202020E6
:10D2A00020202020202020746F2048797065725241
:10D2B000414D28636163686561626C6520617265D8
:10D2C00061292020207769746820333262697420D4
:10D2D00077696474682C20005772697465206672DF
:10D2E0006F6D2052414D2028636163686561626CF7
:10D2F00065206172656129202020746F2048797053
:10D30000657252414D28756E636163686561626C38
:10D310006520617265612920776974682031366201
:10D3200069742077696474682C2000436865636BB6
:10D330006564204572726F723A20556E616C696740
:10D340006E65642041636365737300577269746529
:10D350002066726F6D204454434D202020202020F1
:10D3600020202020202020202020202020746F201A
:10D37000487970657252414D28756E6361636865C6
:10D3800061626C652061726561292077697468202B
:10D3900033326269742077696474682C20005465A4
:10D3A000726D696E616C00436865636B65642045EE
:10D3B00072726F723A20556E646566696E6564209C
:10D3C000496E737472756374696F6E003D3D3E20E3
:10D3D00000526561642066726F6D204879706572D5
:10D3E00052414D28756E636163686561626C6520AA
:10D3F000617265612920746F2052414D202863615C
:10D4000063686561626C6520617265612920202016
:10D410007769746820203862697420776964746859
:10D420002C200052313A20203078253038580052D4
:10D430006561642066726F6D204879706572524133
:10D440004D28636163686561626C65206172656126
:10D4500029202020746F204454434D202020202078
:10D46000202020202020202020202020202077691C
:10D4700074682033326269742077696474682C2080
:10D480000057726974652066726F6D204454434D75
:10D49000202020202020202020202020202020208C
:10D4A000202020746F20487970657252414D287594
:10D4B0006E636163686561626C6520617265612994
:10D4C00020776974682020386269742077696474F1
:10D4D000682C2000444D41202066726F6D2052411F
:10D4E0004D2020746F20487970657252414D20772D
:10D4F0006974682036346269742077696474682CB2
:10D50000205265706561742D426C6F636B206D6F86
:10D5100064652C20004D53503A202020203078257F
:10D5200030385800436865636B6564204572726FDC
:10D53000723A20507265636973652064617461207A
:10D54000627573206572726F7200424641522069A3
:10D55000732076616C69643A203078253038580D34
:10D560000A00434D434647313A20307825580D0A8A
:10D5700000526561642066726F6D20487970657233
:10D5800052414D28756E636163686561626C652008
:10D59000617265612920746F2052414D20286361BA
:10D5A00063686561626C6520617265612920202075
:10D5B00077697468203332626974207769647468AB
:10D5C0002C2000526561642066726F6D204879706E
:10D5D000657252414D28756E636163686561626C66
:10D5E0006520617265612920746F2052414D2028A9
:10D5F000756E636163686561626C65206172656107
:10D6000029207769746820203862697420776964FA
:10D6100074682C20001B5B306D005465737420739C
:10D62000697A6520697320746F6F20736D616C6C0B
:10D63000207769746820746869732063617365007A
:10D6400057726974652066726F6D2052414D2028B3
:10D65000636163686561626C652061726561292040
:10D660002020746F20487970657252414D286361A3
:10D6700063686561626C65206172656129202020A4
:10D6800077697468203136626974207769647468D8
:10D690002C200057726974652066726F6D205241AC
:10D6A0004D2028756E636163686561626C652061F9
:10D6B0007265612920746F20487970657252414DFE
:10D6C00028636163686561626C65206172656129C8
:10D6D000202020776974682033326269742077696A
:10D6E0006474682C20005343422D3E494353523A00
:10D6F0002030782530385800526561642066726F9A
:10D700006D20487970657252414D28636163686588
:10D7100061626C65206172656129202020746F2030
:10D7200052414D2028636163686561626C652061C8
:10D73000726561292020207769746820313662691A
:10D74000742077696474682C2000536574207772A4
:10D750006974652D7468726F756768206661696C9D
:10D76000656400436865636B6564204572726F721F
:10D770003A20537461636B204F766572666C6F77E5
:10D7800000526561642066726F6D20487970657221
:10D7900052414D28636163686561626C6520617206
:10D7A000656129202020746F204454434D2020209F
:10D7B0002020202020202020202020202020202069
:10D7C0007769746820313662697420776964746897
:10D7D0002C20006E616E005475726E206F6666209C
:10D7E00044436163686500526561642066726F6DD1
:10D7F00020487970657252414D28756E6361636887
:10D800006561626C6520617265612920746F2044D6
:10D8100054434D2020202020202020202020202084
:10D8200020202020202077697468202038626974C5
:10D830002077696474682C2000444D412020667272
:10D840006F6D20487970657252414D20746F20448D
:10D8500054434D20776974682036346269742077A8
:10D86000696474682C205265706561742D426C6F18
:10D87000636B206D6F64652C20004D53504C494DF7
:10D880003A2030782530385800526561642066723D
:10D890006F6D20487970657252414D28756E6361D5
:10D8A00063686561626C6520617265612920746FCF
:10D8B0002052414D2028756E636163686561626C1A
:10D8C000652061726561292077697468203136624C
:10D8D00069742077696474682C20000D0A3D3D3D11
:10D8E0003D3D3D3D3D3D3D3D3D3D3D3D20496E2065
:10D8F000486172644661756C74203D3D3D3D3D3D1F
:10D900003D3D3D3D3D3D3D3D3D00436865636B65AF
:10D9100064204572726F723A20496E76616C696458
:10D9200020504300636865636B46756C6C4368699F
:10D93000704E6F4361636865005772697465206655
:10D94000726F6D204454434D202020202020202041
:10D950002020202020202020202020746F204879A3
:10D9600070657252414D28636163686561626C65E0
:10D970002061726561292020207769746820203831
:10D980006269742077696474682C2000286E756C55
:10D990006C290000000000000054545220524547FA
:10D9A0004745530004000022400B02220CDD000218
:10D9B00098DD000201040E000100000000200000BC
:10D9C000C96C00020000000000000000640000229A
:10D9D000B4D90002480B0222CCD90002D4DD0002E7
:10D9E000FF030003FF0001014000000000000000F1
:10D9F000000001003C00002248DA0002600B022215
:10DA0000E0D9000264DD0002000100007400002281
:10DA10000F00FFFF000000010100000009020000EC
:10DA20000C000C010C020C030000000000000000C0
:10DA3000317500020000000008DA0002740B0222B7
:10DA40001CDA000224DD0002010000007800002240
:10DA50005CDA000208000000000000001400002250
:10DA600001000000040000000C00000004000000A1
:10DA70000D0000001040000008010000040C000030
:10DA80000A010000000C01150B010000000C010B45
:10DA90000C010000000C010B0D010000000C010B3B
:10DAA0000E010000000C010B0F01000000400000FF
:10DAB000000200001040000001020000000001050B
:10DAC000080200000004010509020000000801002E
:10DAD0000A020000000801000B0200000000010023
:10DAE0000C020000000001000D0200000000010017
:10DAF0000E020000000001000F020000000C010BEC
:10DB000000030000000C010B01030000000C010BDE
:10DB10000203000010400000030300000000011495
:10DB2000070400000000011408040000400401077D
:10DB300009040000400401070A0400000000011F5E
:10DB40000B040000104000000C040000000C010B4E
:10DB500003050000000C010B04050000000C010B84
:10DB600005050000000C010B06050000000C010B70
:10DB700007050000000C010B08050000000C010B5C
:10DB800009050000000C010B0A050000000C011C37
:10DB900002060000000C011C03060000000C011C22
:10DBA00004060000000C011C05060000000C011C0E
:10DBB00006060000000C011C07060000000C010B0B
:10DBC00008060000000C010B09060000000C010B08
:10DBD0000A060000000C010B0B060000000C010BF4
:10DBE0000C060000000C010B0D060000000C010BE0
:10DBF0000E060000050400000F060000000C010BDB
:10DC00000D080000000001130E08000000000113C1
:10DC10000F080000000C010B000A0000000C010BB3
:10DC2000010A0000000C010B020A0000000C010BAD
:10DC3000030A0000000C010B040A0000000C010B99
:10DC4000050A0000000C010B060A0000000C010B85
:10DC5000080A0000000C010B090A0000000C010B6F
:10DC60000A0A0000000C010B0B0A0000000C010B5B
:10DC70000C0A0000000C010B0D0A0000000C010B47
:10DC80000E0A00000008010B0F0A0000000C011C26
:10DC9000000C0000000C011C010C0000000C011C19
:10DCA000020C0000000C011C030C0000000C011C05
:10DCB000040C00000004011C050C00000004011C01
:10DCC000060C00000004011C070C00000004011CED
:10DCD000080C0000000C010B000D0000000C0115E9
:10DCE000010D0000000C0115020D0000000C0115D3
:10DCF000030D0000000C0115040D000000080115C3
:10DD0000050D000010000115070D00005500000072
:10DD100064DA0002000000000303040305030603A5
:10DD20004100D4D441780002297C0002397C0002F1
:10DD3000897C0002217D0002317D0002717D00029C
:10DD4000817D0002717E0002817E0002897E0002D8
:10DD500006000000080000000300000005000000AD
:10DD60000A000000818100026183000269830002D1
:10DD7000718300028183000299830002B98400024A
:10DD8000298600024186000249860002518600026F
:10DD90005986000261860002F188000209890002AA
:10DDA0001989000229890002E1890002118A000212
:10DDB000598A0002818A0002B98A0002E98A0002B7
:10DDC000098B0002318B0002498B0002020403041C
:10DDD0000404D4D4298D0002A98D0002C18D000253
:10DDE000298E0002398E0002618E0002718E0002BF
:10DDF000818E0002B18E0002118F0002198F000285
:10DE00000000006800000068000000800000008042
:10DE100000000070000001708000002280000122DC
:10DE20000B00000038DE000219000000BCDE00021A
:10DE30000400000000DE000200000068000000682E
:10DE40000001000D00000068000000680001000DE6
:10DE50000000008000000080000100080000008039
:10DE60000000008000010008000001700000017047
:10DE70000001000A00000270000002700001000AA8
:10DE8000000000000000000001000005000001206B
:10DE90000000012001000004800001228000012216
:10DEA00000000003B00402222C0C02220000000338
:10DEB000380C0222380C0222000000030000006827
:10DEC00000000068000000900001090D00000068DB
:10DED000000000680000007800010B0D00000068E1
:10DEE00000000068000000270001020D000000682B
:10DEF00000000068540000020001010D00000080D5
:10DF0000000000800000009000010908000000806F
:10DF1000000000800000007800010B080000008075
:10DF200000000080000000270001020800000080BF
:10DF30000000008054000002000101080000007091
:10DF400000000070000000900001090A000000704D
:10DF5000000000700000007800010B0A0000007053
:10DF600000000070000000270001020A000000709D
:10DF700000000070540000020001010A00000000CF
:10DF800000000000000000900101090500000000F1
:10DF9000000000000000007801010B0500000000F7
:10DFA0000000000000000027010002050000000042
:10DFB00000000000540000020100010500000020E4
:10DFC0000000002000000090010109040000002072
:10DFD000000000200000007801010B040000002078
:10DFE00000000020000000270100020400000020C3
:10DFF0000000002054000002010001040000002283
:10E00000000000220000009000010903000000222F
:10E01000000000220000007800010B030000002235
:10E020000000002200000027000002030000002280
:10E030007F0000225400000200000103300C022285
:10E04000380C0222D8000002000001030600000084
:10E050000800000003000000050000000A000000A6
:10E0600001000200080010002000D4D4D4D4D4D47D
:10E070000000000000000000000000000000001090
:10E080000000000000000000B9340332B7F4AD1402
:10E0900010DB1AB30892540E0D307D951447BA1A4E
:10E0A00066088F4D26ADC66DF598BF85E2B7451160
:10E0B000CA96853D92BD1DEBFCA11860DCEF52169F
:10E0C0003C92AE220BB8C1B4839D2D5B0562DA1C75
:10E0D000304C7E8F4E8BB25B16F4529F8B56A5123E
:10E0E000FBD4827643ED8AF08FE7F9311565191874
:10E0F00050F19BD94A13EEB4284CF0A686C1251FD7
:10E10000035FC270CB9E4916E642889C44EB201404
:10E11000B0650836AD6EA58585F0CA14E2FD031A18
:10E120000B899979D5B13D09D8DA973A35EBCF10FB
:10E13000AC363F5E73BB38CF3E6752FA44AFBA1578
:10E1400001000000000000000500000000000000C9
:10E1500019000000000000007D0000000000000029
:10E160007102000000000000350C000000000000FB
:10E17000093D0000000000002D31010000000000FA
:10E18000E1F505000000000065CD1D000000000065
:10E19000F902950000000000DD0EE9020000000019
:10E1A000514A8D0E000000009573C2480000000027
:10E1B000E941CC6B010000008D49FD1A0700000009
:10E1C000C16FF28623000000C52EBCA2B100000082
:10E1D000D9E9AC2D780300003D9160E458110000AE
:10E1E00031D6E275BC560000F52E6E4DAEB1010081
:10E1F000C9EA268367780800ED95C28F055A2A0080
:10E20000A1EDCCCE1BC2D30025A4000A8BCA2204E8
:10E2100000000000000000000000000000000000FE
:10E220000000004095596959555554551555555696
:10E23000040515411054554045515544404550443E
:10E24000505555450040004040044496655556558C
:10E2500045404554514115405591555555554051EE
:10E2600005010000D4D4D4D4010000000000000057
:10E270000000000000000020345065C05FC9A652B5
:10E28000BB13CBAEC440C21806C8DF7100D5A87C52
:10E29000F56F0FDA58FC27136E4756357D2420653D
:10E2A00002C7E768E48CA41DE9E60268D7CD3961AE
:10E2B0007977FCC2405BEF16798CDE43FFA751F9FA
:10E2C00091F3B278F5BDBE11E857E9D6E8BEE87B18
:10E2D000B054AC8F848D751BEA23A499E9F9D38BD4
:10E2E000B7A3714061DA3E15CEE33ECB73F948081F
:10E2F0008C97B427D51B7010A2BFEFB9EB853215F0
:10E300004DB44DB49BBB6F1996B6076CF8E7EEADF4
:10E3100036D9B4F59135AE13222218AF4E6A684D46
:10E3200091DAAA3D4F40741E9FBD9EE006A1C098A1
:10E3300057C2A7FDA40E90170E7D497173E3208F7D
:10E34000B220D87605143B12853D7434811343B056
:10E35000AD297A5F27F4351C5445545445550504BE
:10E3600000100410140440000000014055551541F0
:10E37000540400004400010000000040410000443B
:10E380005044455054005555545565510040004087
:10E39000010000010005010011545151545555056B
:10E3A0000015415000000440100104050000000069
:10E3B00000000406362E342E30004275696C74203D
:10E3C000776974682052656E657361732041647665
:10E3D000616E63656420466C657869626C65205384
:10E3E0006F667477617265205061636B6167652049
:0EE3F00076657273696F6E20362E342E300003
:04E40000A16E000207
:0200000402C92F
:04F04000FFFFFFFFD0
:04F04400EFFFFFFFDC
:04F0C000FFFFFFFD52
:04F0C400FFFFFFFF4C
:04F1200000000000EB
:04F1240000000000E7
:0400000502009A510A
:00000001FF
