:020000040200F8
:1000000040460022B1CA000261C90002319D0002CF
:10001000C1CA0002C1CA0002C1CA0002C1CA0002AC
:10002000000000000000000000000000C1CA000243
:100030007908000200000000C1CA0002C1CA000223
:1000400041B50002D1B40002C1B5000241B60002C0
:1000500051C1000231AD000261AC000209AE0002E4
:0400600091AE00025B
:100068000100000001000000000000004001F00055
:10007800000000004001F00000000000E007000060
:10008800FFFFFFFF000000000000000000FF00006D
:100098000000000000000000000000000000000058
:1000A8000000000000000000000000000000000048
:1000B8000000000000000000000000000000000038
:1000C8000000000000000000000000000000000028
:1000D8000000000000000000000000000000000018
:1000E8000000000000000000000000000000000008
:1000F80000000000000000000000000000000000F8
:1001080000000000000000000000000000000000E7
:1001180000000000000000000000000000000000D7
:1001280000000000000000000000000000000000C7
:1001380000000000000000000000000000000000B7
:1001480000000000000000000000000000000000A7
:100158000000000000000000000000000000000097
:100168000000000000000000000000000000000087
:100178000000000000000000000000000000000077
:100188000000000000000000000000000000000067
:100198000000000000000000000000000000000057
:1001A8000000000000000000000000000000000047
:1001B8000000000000000000881501020100000096
:1001C80000000300A99A0002B99A0002000000008A
:1001D80000000000000000000000D001DE00080060
:1001E8000000000000000000000000000000000007
:1001F800FFFF00000000000000000000B1A20002A4
:1002080000000000000000000000000000000000E6
:1002180019A3000221A30002000000000000000052
:1002280000000000000000000000000000000000C6
:1002380000000000000000000000000000000000B6
:1002480000000000000000000000000000000000A6
:100258000000000000000000000000000000000096
:100268000000000000000000000000000000000086
:1002780040090000000000000000000014020022F5
:10028800140200221C0200221C0200222402002266
:10029800240200222C0200222C0200223402002216
:1002A800340200223C0200223C02002244020022C6
:1002B800440200224C0200224C0200225402002276
:1002C800540200225C0200225C0200226402002226
:1002D800640200226C0200226C02002274020022D6
:1002E800740200227C0200227C0200228402002286
:1002F800840200228C0200228C0200229402002236
:10030800940200229C0200229C020022A4020022E5
:10031800A4020022AC020022AC020022B402002295
:10032800B4020022BC020022BC020022C402002245
:10033800C4020022CC020022CC020022D4020022F5
:10034800D4020022DC020022DC020022E4020022A5
:10035800E4020022EC020022EC020022F402002255
:10036800F4020022FC020022FC0200220403002204
:10037800040300220C0300220C03002214030022B1
:10038800140300221C0300221C0300222403002261
:10039800240300222C0300222C0300223403002211
:1003A800340300223C0300223C03002244030022C1
:1003B800440300224C0300224C0300225403002271
:1003C800540300225C0300225C0300226403002221
:1003D800640300226C0300226C03002274030022D1
:1003E800740300227C0300227C0300228403002281
:1003F800840300228C0300228C0300229403002231
:10040800940300229C0300229C030022A4030022E0
:10041800A4030022AC030022AC030022B403002290
:10042800B4030022BC030022BC030022C403002240
:10043800C4030022CC030022CC030022D4030022F0
:10044800D4030022DC030022DC030022E4030022A0
:10045800E4030022EC030022EC030022F403002250
:10046800F4030022FC030022FC03002204040022FF
:10047800040400220C0400220C04002214040022AC
:10048800140400221C0400221C040022240400225C
:10049800240400222C0400222C040022340400220C
:1004A800340400223C0400223C04002244040022BC
:1004B800440400224C0400224C040022540400226C
:1004C800540400225C0400225C040022640400221C
:1004D800640400226C0400226C04002274040022CC
:1004E800740400227C0400227C040022840400227C
:1004F800840400228C0400228C040022940400222C
:10050800940400229C0400229C040022A4040022DB
:10051800A4040022AC040022AC040022B40400228B
:10052800B4040022BC040022BC040022C40400223B
:10053800C4040022CC040022CC040022D4040022EB
:10054800D4040022DC040022DC040022E40400229B
:10055800E4040022EC040022EC040022F40400224B
:10056800F4040022FC040022FC04002204050022FA
:10057800040500220C0500220C05002214050022A7
:10058800140500221C0500221C0500222405002257
:10059800240500222C0500222C0500223405002207
:1005A800340500223C0500223C05002244050022B7
:1005B800440500224C0500224C0500225405002267
:1005C800540500225C0500225C0500226405002217
:1005D800640500226C0500226C05002274050022C7
:1005E800740500227C0500227C0500228405002277
:1005F800840500228C0500228C0500229405002227
:10060800940500229C0500229C050022A4050022D6
:10061800A4050022AC050022AC050022B405002286
:10062800B4050022BC050022BC050022C405002236
:10063800C4050022CC050022CC050022D4050022E6
:10064800D4050022DC050022DC050022E405002296
:10065800E4050022EC050022EC050022F405002246
:10066800F4050022FC050022FC05002204060022F5
:10067800040600220C0600220C06002200000200DC
:04068800FFFFFFFF72
:1006900080B500F01DFA44F2786CEFF3118EC2F2CF
:1006A000002C002383F31288DCE90032C01851418A
:1006B000013041F10001CCE900018EF3118880BDC9
:1006C0007047D4D4D4D4D4D42DE9F0410020EFF332
:1006D000118880F3128800F0FFF944F2786704462D
:1006E000C2F200270D463A7E012A0ED100F03CF9F5
:1006F00058B300F0F1F904460D4600F0E9F900198D
:100700006941441C41F100051FE0EFF3108672B609
:1007100000F02AF9B8B100F02FF900F0D9F9002261
:10072000EFF3118382F31288D7E90025801869411D
:10073000013041F10001C7E9000183F3118800F0A5
:10074000CBF904460D4686F31088D7E9000100195D
:10075000D7E902236941821A71EB030205DAD7E96E
:10076000020188F31188BDE8F081C7E9020188F32E
:100770001188BDE8F081D4D42DE9F04381B044F272
:100780007867EFF31185C2F200274FF0000989F373
:100790001288387600F0F8F8804600F0EDF885F31E
:1007A000118800F095F900F08BF944F2402100EE39
:1007B000100AC0F20F01B8EE400A9FED241A44F26D
:1007C000706688425FEA2F91797680EE012A797E01
:1007D00081EE000A9FED1E1AC2F20026002944F69F
:1007E000D351C1F2620102FE000AA0FB0101B6EE84
:1007F000002AA0EE012A8809BDEEC20A87ED040A8C
:100800007861EFF3118489F31288C6F80090FFF73E
:100810005BFFBFF34F8FBFF36F8F00BFBFF34F8FEF
:10082000BFF36F8F0546FFF74FFF31682944401A29
:10083000306084F31188C7E90099C7E90299FFF78E
:100840003FFF404601B0BDE8F08300BF002474497B
:1008500000008047D4D4D4D40120FFF78DBFD4D476
:1008600080B544F278620023C2F2002252690CF093
:100870003FFB80BDD4D4D4D400F002B8D4D4D4D4B7
:1008800010B54EF63050CEF200000068800631D52B
:1008900043F68044CEF20004206CB0F1FF3F04DC4C
:1008A0004FF000402060FFF7F3FED4F88001C0B2A3
:1008B00002281FD3216889070AD50221216044F24A
:1008C0009861C2F20021D1E900230133C1E900237C
:1008D00004280FD3216809070AD50821216044F2B2
:1008E0009861C2F20021D1E902230133C1E9022358
:1008F000062800D210BD216889060AD52021216072
:1009000044F29861C2F20021D1E904230133C1E924
:100910000423062808BF10BD08284FF0010C5CEA2C
:100920003C9E44F29861C2F200210622F64618313C
:1009300008E000BF00BF00BF01320831BEF1010E68
:1009400000D1D7E70CFA02F3206C1842F4D02360F0
:10095000D1E9000310F5803043F10003C1E9000341
:10096000EAE7D4D4D4D4D4D443F6C040CEF20000C5
:100970000068C00F7047D4D443F680404FF0004168
:10098000CEF200000160704743F60041CEF2000154
:10099000D1F80002420440F18E80F0B543F60463C2
:1009A000EFF3108CCEF2000372B64FF000461A68D7
:1009B00022F001021A600E620E661A6842F004020A
:1009C0001A60C1F880601A6842F002021A60D1F819
:1009D0000022D2B2022A54D34FF600054FF6040487
:1009E000CFF6FF75CFF6FF744FF0080E042A41F8DA
:1009F00005E04FF01E050D514FF00304C1F8804093
:100A00004FF002070F640C603BD34FF60804132726
:100A1000CFF6FF74062A0F514FF60C04CFF6FF7481
:100A20000D514FF00C04C1F88040C1F840E00C605B
:100A300027D34FF610070325CFF6FF77062ACD51AF
:100A40004FF61407CFF6FF774FF01E05CD514FF04C
:100A50003007C1F880704FF020050D640F6010D092
:100A6000082A4FF0010252EA329E062400BF00BF5E
:100A700002FA04F50134C1F880500D640D600FF0E6
:100A800009C84EF6FC52CEF20002176847F0807794
:100A900047F4441717600E640E601968002241F095
:100AA0000101196041F20001CEF200010A608CF3ED
:100AB0001088BDE8F040C0F380307047D4D4D4D45F
:100AC00046F65C00C2F2042000687047D4D4D4D447
:100AD0004FF0FF300021704743F27C000021CEF23E
:100AE000000000687047D4D480B503F0DDF900F051
:100AF00007F800F015F8BDE8804000F031B8D4D414
:100B000080B503F025FA44F2C062C2F20022C2E9C5
:100B1000000144F2C860C2F200200121017080BDD2
:100B2000B0B503F015FA44F2D064C2F20024C4E96F
:100B300000010F2003F0F8F944F2D861D4E9004530
:100B4000C2F20021086040F6B83003F0EDF944F23B
:100B5000E0620019C2F200226941C2E90001B0BDA1
:100B60007047D4D4D4D4D4D4B0B584B0002800F025
:100B7000658105464068417801F07F000338782898
:100B800000F25181DFE810F051014F014F014F0198
:100B900010014F014F01510110014F014F014F0151
:100BA00010014F014F01790079004F014F01790089
:100BB00079004F014F01790079004F014F01790011
:100BC00079004F014F014F014F014F014F014F017C
:100BD0004F014F014F014F014F014F014F014F0195
:100BE0004F014F014F01790079004F014F014F0133
:100BF0004F014F014F01790079004F014F014F0123
:100C00004F014F014F014F014F014F014F014F0164
:100C10004F014F014F014F014F014F014F014F0154
:100C20004F014F014F014F014F014F014F014F0144
:100C30004F014F014F014F014F014F014F014F0134
:100C40004F014F014F014F014F014F014F014F0124
:100C50004F014F014F014F014F014F014F014F0114
:100C60004F014F014F01790079004F014F014F01B2
:100C70004F014F014F0179007900A86AC8B102A95C
:100C8000002200230024009401F046F978B10146C7
:100C9000007802070BD500F0E000402807D08B69F0
:100CA000CA684FF00000C8600BB1086998476868CF
:100CB000417848071BD5E86BC8B102A90022002380
:100CC0000024009401F028F978B101460078020769
:100CD0000BD500F0E000402807D08B69CA684FF0C0
:100CE0000000C8600BB10869984768684178080738
:100CF0001BD5286CC8B102A900220023002400944F
:100D000001F00AF978B10146007802070BD500F02E
:100D1000E000402807D08B69CA684FF00000C86027
:100D20000BB1086998476868417888061BD5686CDC
:100D3000C8B102A9002200230024009401F0ECF8BD
:100D400078B10146007802070BD500F0E00040289A
:100D500007D08B69CA684FF00000C8600BB1086902
:100D600098476868417848065DD5A86C00285AD035
:100D700002A9002200230025009501F0CDF80028EB
:100D800051D00146007802074DD500F0E000402820
:100D900049D08B69CA68002B4FF00000C86042D070
:100DA0000869984704B0B0BD286AC8B102A90022FA
:100DB00000230024009401F0AFF878B101460078D8
:100DC00002070BD500F0E000402807D08B69CA6805
:100DD0004FF00000C8600BB1086998476868417817
:100DE00048071BD5A86AC8B102A900220023002425
:100DF000009401F091F878B10146007802070BD514
:100E000000F0E000402807D08B69CA684FF000006E
:100E1000C8600BB10869984768684178080702D52F
:100E2000E86A0028A4D104B0B0BD286A0028FAD02E
:100E300002A900220023002400949EE740F2DD0076
:100E400040F2633240F65323C0F20120C0F2012287
:100E5000C0F201234FF48C7108F01EFFD4D4D4D417
:100E600070B5BCB06E460D460446F02130460CF01D
:100E7000CAF9019406F10C004ECD4EC095E84E0023
:100E80004EC060684068016819B1684688470546E9
:100E900000E0FC252046FFF767FE68B23CB070BD5D
:100EA000F0B5BDB00DF1040C07460020CDE90107F7
:100EB00003900CF10C0078C978C091E8780078C0F4
:100EC0000CF12C006ACA6AC092E86A006AC00CF190
:100ED0004C00A4210CF097F978684068016819B1BA
:100EE00001A88847054600E0FC253846FFF73CFE90
:100EF00068B23DB0F0BDD4D4F0B5BDB00DF1040C76
:100F000007460020CDE9010703900CF10C0078C9D9
:100F100078C091E8780078C00CF12C006ACA6AC0E9
:100F200092E86A006AC00CF14C00A4210CF06BF945
:100F300078688068016819B101A88847054600E013
:100F4000FC253846FFF710FE68B23DB0F0BDD4D4A2
:100F50002DE9F043BDB00DF1040881460020CDE934
:100F6000010908F10C07039071C971C791E871007C
:100F700071C708F12C00E2CBE2C0154693E8C60029
:100F8000C6C008F14C06A4213046449F0CF03BF942
:100F90006DB10FCD0FC695E80F000FC667B108F110
:100FA0006C004ECF4EC097E84E004EC007E00120C7
:100FB0008DF85B00002FF2D101208DF87B00D9F86D
:100FC00004008068016819B101A88847054600E05F
:100FD000FC254846FFF7C8FD68B23DB0BDE8F08388
:100FE0002DE9F041BCB0EC4680460020CDE9000878
:100FF00002900CF10C00F0C9F0C091E8F000F0C0D4
:101000000CF12C00E2CAE2C092E8E200E2C01868EB
:1010100013900CF15000A0210CF0F5F8D8F8040062
:101020004068016819B168468847054600E0FC251C
:101030004046FFF799FD68B23CB0BDE8F081D4D4DA
:101040002DE9F043BDB00DF1040881460020CDE943
:10105000010908F10C07039071C971C791E871008B
:1010600071C708F12C00E2CBE2C04599154693E820
:10107000D400D4C008F1500608681490A02130466E
:10108000449F0CF0C0F86DB10FCD0FC695E80F006E
:101090000FC667B108F170004ECF4EC097E84E0002
:1010A0004EC007E001208DF85F00002FF2D1012033
:1010B0008DF87F00D9F804004068016819B101A8D3
:1010C0008847054600E0FC254846FFF74DFD68B21D
:1010D0003DB0BDE8F083D4D42DE9F04385B0DDF810
:1010E00034801E46B8F1000F15460C4609D004F1B5
:1010F00014010022002301270097074600F064F83E
:10110000384604F11C0302A900224FF00009CDF873
:10111000009000F001FFE16919B10978022222EA8A
:10112000410900284CD0DDF830C016B1017889079C
:1011300002D495F800E007E041780123C1F34201B1
:1011400003FA01FE85F800E0BDF80850BDF80A205A
:101150008188C7885FEA0C734FF000034FF00006E8
:1011600058BF6E1A5FEA4C7158BFD31BBEF1080F0F
:1011700006D3B0F9081032B2C66811FB03220AE0A8
:10118000B0F9081007221BB211FB0E2732B2C66855
:10119000FF1007FB03668BB202FB0EF1238168F39D
:1011A000820906EBE101C4E90012DDE90212C4E99B
:1011B0000312E27A4178A17202F0F8014944E17227
:1011C00005B0BDE8F083D4D400B32DE9F04F81B071
:1011D000002BD0E901CE1CBF00241C60002A1CBFDC
:1011E000002414600478E50712D1E4061AD51BB177
:1011F0001C68002C08BF18600A9C9CB1002900F0F4
:10120000A680C1F804E000220A60A0E00020704738
:10121000002900F09C80C1F800C0C1F804E001B0D2
:10122000BDE8F08F7546E246D0F80C805AEA1F45BB
:101230000091B8F1000F4FEA1E4175D07AB10FFA54
:101240008CF0158840420FFA8AF4644220EAE0707C
:101250002844558824EAE47410802819508098F8AE
:1012600000B0D8F808905FEACB7001D1002701E008
:10127000D8F804705FEA09406CD0B9F5803F4FF0B0
:10128000000064D35FEA0E4418BF5FEA01445ED0F9
:10129000E6440FFA8CF609EB07003CB2AEF101050B
:1012A0000138B44254EAC68C2EB20FFA8AF400B266
:1012B000B4EB274FB8BF3C14B04250EAB68060454B
:1012C00048DB4FEA19463F0C514437440139013F8E
:1012D00009B23FB28F4257EAB18721B28F4239DB60
:1012E000A0EB0C00391B5FEACB6700F1010E01F1A6
:1012F000010109D523B11868002808BFC3F8008090
:101300000A9858BB98F800B05FEACB7026D1B8F8BD
:101310000400B8F80650D8F80C80B8F1000F8444E7
:1013200005EB040A7FF48AAF0020009C7CB11FFA11
:101330008AF2002352EA0F431FFA8CF7CEEA0141EA
:101340003A4322601943616001B0BDE8F08F01B0FB
:10135000BDE8F08F002001B0BDE8F08F4046A24606
:10136000E3E7D4D4D4D4D4D401207047D4D4D4D493
:1013700040224172002948BF6022428108467047DE
:101380002DE9F04FABB0044640684078C1062CD43C
:1013900000F0030002282AD0032845D1A0690130BB
:1013A00005D144F2E860C2F20020C069A0610020CB
:1013B000CDE91A00606A0421C00720464FF00406F8
:1013C00008BF0121FFF7D0FF002800F0B181E069DC
:1013D00070B3076845682946BA465AEA1F41A069B2
:1013E0004FEA15491B951A972AE0F426ADE1A0694A
:1013F000013005D144F2E860C2F20020C069A0616A
:1014000001212046FFF7B0FF80B1E069002800F01D
:10141000A880D0F800B045682946D84658EA1F4150
:101420004FEA154AA069A4E0FC268EE104267FE17C
:10143000A0694FF0000A002785681B954FEA1549FF
:1014400016A912AA00230026009600F065FD0028C8
:1014500000F06D81A069179B2493129A81684FEA6E
:10146000124C0E041692239208D0B1F5803F05D39A
:101470001E0418BF5FEA134B40F06B810168229194
:1014800001F0EA018DF88810B91A25900FFA81F859
:10149000ADF86810606AAAEB0C01C2070FB2ADF894
:1014A0006A101FD0B8F1FF3F0CDC216AB1F90810B7
:1014B00098FBF1F202FB118802FB0155ADF8688040
:1014C000ADF86C50B7F1FF3F0CDC216AB1F90A109E
:1014D00097FBF1F202FB117702FB0199ADF86A70FC
:1014E000ADF86E902499FD26B1F5803FC0F02081C3
:1014F0000A0400F01D812A0418BF5FEA094200F0C7
:10150000178108EB05020FFA88F6013A4B1E12B25A
:1015100026EAE67B1BB2934253EAB28ADA45C0F26E
:10152000068107EB0902090C013A0FFA87F912B29A
:10153000013909B229EAE973914251EAB2859D4223
:10154000C0F2F580002E00F17281B9F1FF3F40F347
:101550006E81216A22AA1AAB0090204600F09CFFFF
:101560008EE2A0694FF000084FF0000B85684FEA4B
:10157000154A0DF1680922A900234A460026009663
:1015800000F0CAFC002800F0D280A2690E96DDF8B7
:101590008CE0CDF834E093681A981F042290CDE9CE
:1015A0000B6009D0B3F5803F06D35FEA0E4718BF42
:1015B0005FEA1E4140F000811168BEF5803F4FF0A8
:1015C000FD060B9101F0EA018DF82C100E92C0F08F
:1015D000AF805FEA0E4100F0AB80290418BFBAF17A
:1015E000000F00F0A580ABEB0001AEF101036A181B
:1015F00009B2013A1BB217B221EAE172BB4253EAC7
:10160000B7839342C0F29480000C4FEA1E41A8EBCE
:10161000000001390AEB000700B2013F09B23FB2F6
:1016200020EAE070B94251EAB7818142C0F280807D
:10163000ADF82200081A0130ADF826000B98ADF87D
:1016400020209A1A079000F0EA008DF81C006068CC
:101650000132ADF824200BA90A91017801F00E02A5
:10166000052AC0F042814078C1F3420101270DF103
:10167000AB0207FA01F18DF8AB10C30907A822A944
:101680000026CDE90067FFF727FD606890F801802C
:1016900018F00C0F00F0F081D4F820A04FF0000CEF
:1016A000BAF1000F00F02381E169CB4621B9002196
:1016B00010910999119110A9BAF8082008684F688B
:1016C00006463D4656EA1F45BAF80A30511E3D46C9
:1016D00051EA00B9012A06EB174218BF05447042CF
:1016E000591E18BF0104012B08BF3A0CC5EA02407D
:1016F00014901FFA89F0DAF808703B0440EA010000
:10170000139018BF5FEA174E05D0280418BF5FEA90
:10171000024040F0B781DAF80000129000F0EA00D1
:101720008DF8480012A8D946CDF854A0E0E0FD2677
:10173000F0B2FD2809D140F200000026C2F20020DC
:101740000078C00708BF6FF0020670B22BB0BDE88A
:10175000F08FD6180FFA82FE013EA1F1010836B2D1
:101760002EEAEE7E0FFA88F8B04558EAB688F045C2
:10177000FFF684AE164656EA1F43090C0BEB060330
:101780000FFA86FB013B4E1E1BB22BEAEB7136B201
:101790009E4256EAB3838B42FFF670AEA8EB0E066C
:1017A000ADF88E10591AADF88CE00136ADF89060A6
:1017B0000131ADF8921061E600EB0E070FFA80FCE4
:1017C000013F5E1E3FB20FFA86F92CEAEC76B9456E
:1017D00059EAB787B74202DA0DF16809ECE68446A8
:1017E000894671465CEA1F41190C09EB0C030FFA9C
:1017F0008CFC013B01391BB22CEAEC7C09B20DF1E7
:101800006809994251EAB3836345FFF6D5AEB91B27
:10181000ADF830600131ADF83410A3EB0C01ADF838
:1018200032C00131ADF83610DDF834E0C4E6CDE960
:10183000056320F0010022A91AAA16AB00902046E9
:1018400000F002FD064600283FF572AFD4F824C030
:101850005FEACC713FF46CAFAAEB0B01BDF95CA061
:10186000013106980BB2291A013153450DB27DDDC5
:10187000C11750EA0F41C3EA0542B9F1000F0395C1
:10188000049341EA020141EAEB72029240EA0B0141
:101890000691CDE91212A3EB0A01ADF84C100AEB48
:1018A0000B01ADF8481006DCBDF85E10ADF84A70CB
:1018B000C91BADF84E1022A912AA00232046CDF86C
:1018C00000C000F0C1FC0646B0F1FF3F02DCF01C96
:1018D0007FF42EAFBDF95E70039D049BDDF818B058
:1018E000AF42BFF625AF02994FE0FC2620E700206B
:1018F00009F10C0100220023CDF800C000F00CFB20
:10190000002800F0B980A26908218DF83F1000215D
:10191000D2F808C000271378DB0717D19388D68840
:10192000D268194437440AB12FF00BC840F6602042
:1019300040F6190240F21B73C0F20120C0F20122EE
:10194000C0F2012340F20F4108F0A6F9DDE91DE5E0
:1019500072462B4652EA1F435FEA08734FEA154668
:1019600066D5ABB2012B4BD1012554E0BDF95E70B9
:10197000AF42BFF6DDAEC11750EA0F41C3EA0542E0
:10198000114341EAEB714BEA000BCDE912B15A4623
:1019900052EA1F4105999946E81B002907EB020509
:1019A0000690ADF84E00ADF84A5005DCAAEB0800F1
:1019B000ADF84C00ADF84880606A22A912AA002355
:1019C0000090204600F040FC0646B0F1FF3F02DCEC
:1019D000F01C7FF4ADAED1457FF7AAAEA9EB0A00AB
:1019E000ADF84C000698ADF84E000AEB0B00ADF8D0
:1019F0004800ADF84A50D4E9081022AA12ABABE572
:101A0000BDF89430BDF89880AEEB0101A5EB0C0554
:101A100001EB030E4544012E01D1012608E0BDF87B
:101A20009610BDF89A30D21BA6EB1C470A44FE184C
:101A300092B20021C5EA064352EA0F411FFA8EF71F
:101A40000025194301233A43CDE917210168169176
:101A500001F0EA018DF85810199016A81AA90DF195
:101A60003F02CDE90055FFF737FB28B122A91AAA9A
:101A70002046FFF715FA03E022A92046FFF7F0F908
:101A8000064655E609EB05000FFA89F301387D1E7D
:101A900006B223EAE3702DB2B54255EAB685854217
:101AA000FFF639AE090CAEF101030A4409B2013A5E
:101AB0001BB212B221EAE171934253EAB2828A4226
:101AC000FFF629AEADF84C00281A0130ADF85000F1
:101AD000501AADF84E100130ADF852001BE6D4D4C8
:101AE00001207047D4D4D4D444F2E8610028C2F273
:101AF000002108BF01F120004289EFF3108172B686
:101B0000D30607D40323437200234381438943F060
:101B10001003438112F0100F5FEA1F9081F31088C9
:101B20007047D4D4D4D4D4D410B50446FFF728FCDD
:101B300001462046BDE81040FFF71ABCD4D4D4D4E7
:101B400044F2E8610028C2F2002108BF01F1200040
:101B5000FFF7EABFD4D4D4D444F2E863EFF31082A1
:101B6000C2F2002372B6D969D86182F310880846A0
:101B70007047D4D4D4D4D4D444F2E860C2F2002064
:101B8000C0697047D4D4D4D4B0B584B058B10D4630
:101B900002A9002200230024009400F0BDF910B136
:101BA0000178890702D4002004B0B0BD407829072D
:101BB00003D500F00E0106290FD0E90601D56B28E8
:101BC0000BD0690701D5042807D0A90701D5022841
:101BD00003D0E907E7D06028E5D1012004B0B0BD0B
:101BE00080B582B000234FF0000CCDF800C000F0AB
:101BF00093F902B080BDD4D42DE9F04381B00C46F6
:101C0000514359B3CD1CDDF8208025F00309D9B22A
:101C100009F104020746104642461E4600F024F829
:101C20004FF6FC7106F00702C0F2FF0104F0070650
:101C300005EA01030146384643EAC26242EA066207
:101C400042EA8872C0E9002129B140F6CE22CCF6E2
:101C5000FE2249F8012001B0BDE8F083002001B068
:101C6000BDE8F083D4D4D4D410B54C1E0C4213D1AB
:101C70000BF0F6FC044208BF10BD40F25D604FF669
:101C8000C46240F25713C0F20120C0F20022C0F239
:101C90000123BD2108F000F840F25D604FF6C462F8
:101CA00040F6A203C0F20120C0F20022C0F20123DC
:101CB000BA2107F0F1FFD4D410B54168002908BF5C
:101CC00010BD0446006820F07F4240F6CE23CCF6DB
:101CD000FE2352589A4207D1800F00F015F8204693
:101CE0000021C4E9001110BD40F2DD0040F6B2420F
:101CF0004FF6BE63C0F20120C0F20122C0F2002301
:101D000040F67B3107F0C8FF08460BF044BBD4D443
:101D10008388A3B3F0B5C5887DB38C886CB3B1F864
:101D200006C0BCF1000F28D0B0F900E0B1F90060A6
:101D300073443444013BB6451FB2B1F90230A4F1FB
:101D40000101B0F9024008B25EEAC6819C4254EA41
:101D5000C38E874257EAB08088420EDB9BB2A4B2A2
:101D60006344013B2F191BB2013F3FB29F4257EA28
:101D7000B3830FFA8EF7BB4203DA0020F0BD0020D8
:101D800070474AB11180401AA3EB0E01A2F802E09D
:101D900001309080481CD0800120F0BDD4D4D4D430
:101DA000B0F904C003461046BCF1010F38DBB3F9AB
:101DB0000620002A34DDF0B5B1F904E0BEF1010FD0
:101DC00033DBB1F90640002C2FDDB1F90050B3F937
:101DD0000060B1F90210B3F90230AE4256EAB5879D
:101DE00075440C4466441A44013D013C8B42A6F103
:101DF0000106A2F101022DB253EAB18123B236B23B
:101E0000418012B2AE4256EAC5869A4252EAC38275
:101E10000780F31B511A013383800131C180F0BD6B
:101E20000A68496841600260704719685A684260F0
:101E30000160F0BDD4D4D4D42DE9F04FB1F90460E1
:101E4000B1F906500368B0F904201FFA86FEB0F914
:101E500006B0BEF1000F4FEA13481FFA85FC2AD0E6
:101E6000BCF1000F25D01FB2B1F90040BC4222DC0A
:101E70000FFA88F0B1F902A082451CDC2644BE426C
:101E8000C2BF18140AEB0509814514DD9818013802
:101E900005B2A5420FDB0BEB1340013804B25445E9
:101EA00009DBAE42C8BFA14505DD012040B2BDE857
:101EB000F08F4FF0000C90B230B31FFA8BF018B3D4
:101EC00009681DB20EB2B5421EDC080C0FFA88F488
:101ED00000B2844218DC02FA83F2B242C2BF0E148E
:101EE0000BEB2340B0420FDD0EEB0103013B1BB2B5
:101EF000AB4209DB0CEB1141013909B2A14203DB12
:101F00009A42C8BF884203DC002040B2BDE8F08F8F
:101F1000FF2040B2BDE8F08FF0B12DE9F04F83B063
:101F20009A46002BD0E901E61CBF0027CAF80070D2
:101F3000002A1CBF0027176090F800905FEAC9775D
:101F40000CD1009131463746764656EA1F41390C8E
:101F500001963E46029142E00020704711B1C1F85F
:101F600000E04E60844677E00BEB050706EB0E04BD
:101F70000FFA8EF1A7F1010C2BB2671E8B4253EAC8
:101F8000C18E019E39B234B20FFA8CF3B4EB254FF7
:101F9000B8BF2C148B4253EAB187774561DB2B0C19
:101FA000029D4FEA1B412E44013E194433B20139D0
:101FB00009B2994251EAB38621B28E4251DBA7EBB6
:101FC0000E01331BB8F1000F01F1010603F101010D
:101FD00002914BD18188C3888E44191901915FEA1F
:101FE00049710AD5BAF1000F05D0DAF800100029BE
:101FF00008BFCAF800000C99C9BBC068A0B38AB179
:102000000FFA8EF1019F49423FB23546168821EA08
:10201000E1717F423144568827EAE7771180F11950
:102020002E46518090F80090D0F808B05FEAC97849
:1020300002D1002501E000BF45685FEA0B4710D0E0
:10204000BBF5803F4FF0000C06D334041CBF02994F
:102050005FEA01447FF488AF03B0BDE8F04F60460B
:1020600070474FF0000CF7E7002000E00194009962
:1020700000293FF477AF019933468EB2002156EA2A
:102080000F41029A1FFA8EF7C3EA0243194346EA48
:10209000070E0E46009962E780B5002A4FEA11420A
:1020A00022D000BF00BF00BF037813F0110F37D15B
:1020B000B0F804C0C388C06861441A4408B12FF066
:1020C0000DC840F6602040F6190240F21B73C0F2C2
:1020D0000120C0F20122C0F2012340F2064107F0C4
:1020E000DBFD00BF00BF00BF0378DB0718D1B0F8ED
:1020F00004C0C388C06861441A4408B12FF00DC001
:1021000040F6602040F6190240F21B73C0F2012035
:10211000C0F20122C0F2012340F20F4107F0BCFDE2
:10212000C1EA024080BDD4D4F0B50026C2E9006601
:10213000DDF814E0002BC2E902660C684D68C2E9C4
:1021400001452946A4465CEA1F4181684FEA1543D0
:102150002CD00E0418BF5FEA114630D02F0418BFF0
:10216000002B2CD0254424B2013D01392DB20FB2F1
:1021700024EAE471AF4257EAB5848C421FDB634422
:102180000FFA8CF7013B013E1DB227EAE77337B225
:10219000AF4257EAB5869E4211DB9180611A013148
:1021A0001181F11AD380013151812DE00E0406D046
:1021B000B1F5803F03D32E0418BF002B04D1BEF12C
:1021C000000F21D00020F0BD25444E1E013D36B247
:1021D0002DB224B2AE4256EAB58524EAE474AC428C
:1021E000EDDC6344090C013B01391BB209B2994291
:1021F00051EAB381BEF1000F06D00FFA8CF309B299
:1022000023EAE3738B42DDDC0168D0601046116085
:1022100001F0EA011170F0BD80B582B04FF0000C02
:10222000CDF800C0FFF780FF02B080BDD4D4D4D475
:1022300080B544F2E860AC21C2F200200AF0E3FF6E
:10224000BDE8804001F034B92DE9F04F91B0D2F8EB
:1022500004C055881788066A05EB1C4A884607EBB8
:102260000C0EC7F10009CEEA0A470F974FEA1C414E
:1022700004911FFA89FBB76869423C04ABEB054443
:102280000E9418BF5FEA174505D05FEA0E4418BFE9
:102290005FEA0A4473D14568346810960D946D78EE
:1022A00004F0EA048DF8344005F01405042D33D110
:1022B000866ACDF80C803489B6F80A80651E5BEA20
:1022C0001589012C5CEA0E85B8F1010718BF0F04CF
:1022D000B8F1010F049951EA0A8EC5EA0E410B913B
:1022E000B468210447EA09010A9118BF5FEA144C57
:1022F00005D0290418BF5FEA0E4140F09D80316887
:102300000DF1240CDDF80C80099101F0EA018DF843
:1023100024100C961BB906E04FF0000C1BB1DDE950
:102320000E175F6019601468D8F808705368390494
:10233000CDE9064318BF5FEA174204D0190418BF5D
:102340005FEA134E4ED1D8F800104268059101F0B3
:10235000EA018DF81410CDF82080117801F00E01FB
:10236000052907D31A9A0DA905AB0092624600F021
:10237000F7F800E0FC2040B211B0BDE8F08FACF1FE
:1023800001040FFA89F9013F24B23FB229EAE97941
:10239000A74257EAB4874F45FFF67DAF0CB20394CE
:1023A000013D0295049C039D013C24B225EAE5759C
:1023B0000395029D2DB2A54255EAB484039DAC421B
:1023C000FFF669AF0294A7EB09040134ADF83C4075
:1023D000ADF83890ADF83A50029C641B0134ADF86A
:1023E0003E4058E7E11826B20139013F09B23DB23B
:1023F00026EAE6778D4255EAB186BE42A3DB54EA6F
:102400001F43551E0EEB040123B2013909B223EA22
:10241000E3722BB28B4253EAB183934293DBF11BFD
:10242000ADF818700131ADF81C10991AADF81A20EA
:102430000131ADF81E1086E705EB09010FFA89F5A9
:102440000139013C09B225EAE57524B28C4254EA0F
:10245000B184AC42FFF653AF390C0EEB01070FFA13
:1024600081FE013F39B2ACF101073FB22EEAEE7EA8
:102470008F4257EAB18CF445FFF641AF611BADF8CE
:1024800028500131ADF82C10ACEB0E01ADF82AE06C
:102490000131ADF82E1032E72DE9F04186B0D3F8C6
:1024A00000C094685B682604CDE903C318BF5FEAE7
:1024B000144E04D01D0418BF5FEA13481FD14368AF
:1024C0001768029705925A7802F01402042A07F05E
:1024D000EA028DF8082001D1826A00E000221B7810
:1024E00003F00E03052B05D302AB0C9F009700F001
:1024F00037F800E0FC2040B206B0BDE8F0810CEBFC
:1025000003050FFA8CF7013D013C2DB226B227EAF4
:10251000E774AE4256EAB585A542D0DB5CEA1F43BC
:10252000AEF101073FB208EB0C030FFA8CFC013B44
:102530001EB22CEAEC73B74257EAB6869E42BEDB67
:102540002F1BADF80E30F31AADF80C400137ADF883
:1025500010700133ADF81230B1E7D4D4D4D4D4D450
:102560002DE9F04FABB04768804691460125387899
:102570007A781E46349FC0F34204084605FA04F1F7
:102580008DF8AB108DF8AA1008218DF8A910D30989
:1025900022A90DF1AA020024CDE90074FEF79CFDEA
:1025A000834612A90DF1AB0200233046CDE9004568
:1025B000FEF792FD0146FD20BBF1000F18BF002978
:1025C00003D140B22BB0BDE8F08FD8F80420517889
:1025D000C80658D448071FD51AA90DF1A90201232E
:1025E0000020CDE900704846FEF776FDBDF9581091
:1025F000BDF95A30BDF97820BDF97A6081468A422A
:1026000052EAB1819E4256EAB383D8F80420ADF86D
:102610007810ADF87A30517808074FF0000A40F191
:102620007F800AA908208DF81400D8F82C000C31FE
:1026300000220023D8F81850CDF800A0FFF76CFC5A
:1026400000286BD000230022A968049100BF00BFBE
:102650002E78F6071AD1AE88EC88ED683344224410
:102660000DB12FF00BC840F6602040F6190240F281
:102670001B73C0F20120C0F20122C0F2012340F21C
:102680000F4107F009FB4FF0000A49E0C246BDF8D0
:102690005480BDF858100D9E0E9DB0F80AC0049FDE
:1026A000CDF80C903446A946A8EB030354EA1F4921
:1026B000C91B4FEA154EBCF1010F33440D440AD03B
:1026C000BDF856C0BDF85A60A21AAEEB174102EB36
:1026D0000C0401EB060EA2B20021C5EA0E4652EA36
:1026E0000F419BB200250995314306951A43CDE968
:1026F000072105AA0168069101F0EA018DF818107A
:10270000099006A80AA90123D046DDF80C900126FD
:10271000CDE90056FEF7E0FC8246349FD8F804204D
:10272000BDF95800BDF95A10BDF99830BDF99A604D
:10273000834253EAB0838E4256EAB186ADF8143034
:10274000ADF816605578AD0609D51D0403EAE573AA
:10275000ADF81430330406EAE373ADF816301FFA0F
:1027600081FC059B9DF8AA109DF893501FFA80FEEE
:10277000F8074FEA1344269307D1A80713D4380764
:102780001CD4002578074DD523E0CDE902ECAD0738
:102790004FEA077ED446CA4604940AD4BEF1000F1D
:1027A0001ED4002524E038072ED40025780739D51B
:1027B00086E0BEF1000F5DD4002566E0BDF8940010
:1027C000BBF8087018443D1A349FADF89450780750
:1027D00028D5BDF89600BBF80A7020443E1A78E070
:1027E000BDF89400BBF808401844251AADF8945081
:1027F000C14678074CD5BDF89600BBF80A40049E48
:102800003044A4EB0008A5E02998BDF894608788BF
:10281000008900EB4700F718C51B349FADF89450B2
:1028200078074DD40026082957D2BBF9080007279E
:10283000039336B210FB0170229F11FB05F1134682
:10284000C0105A46C346C846F146E646D446A2469C
:10285000239C07EBE10100FB061104FA85F05446C6
:10286000E246F446CE46C146D84693461A46039BF6
:1028700023903FE0299DBDF89400AC882D89184431
:1028800005EB4404251AADF89450C146780756D498
:102890004FF00008082961D2BBF9080007240FFA9D
:1028A00088F710FB0140DDE9224611FB05F1C0105D
:1028B00004EBE10100FB071106FA85F023905AE0D2
:1028C0002998BDF89660C788408900EB4700371902
:1028D000C61BADF896600829A7D3BBF90800239F53
:1028E00007FA85F710FB0670DBF80C702390414364
:1028F00007EBE1012291349F5078400740F1F680C8
:10290000B9F1000F00F0F28018B2BDF9781023B2CF
:10291000BDF97A709DF87360814251EAB0819F429F
:1029200057EAB3839DF8A900B707349FADF8781034
:10293000ADF87A3047D43F074ED4002154E02998AF
:10294000BDF89660C488408900EB4400049C344480
:10295000A0EB0408ADF8968008299DD3BBF90800C8
:10296000239C04FA85F410FB0840DBF80C4023900C
:10297000414304EBE1012291644650780DF1880C4B
:10298000400740F14781BAF1000F00F04381049AFB
:1029900018B2BDF9781012B2BDF97A309DF8737093
:1029A000814251EAB081934253EAB2829DF8A90074
:1029B000BB07ADF87810ADF87A2008D4BEF1000F4F
:1029C0001CD4002122E03F072AD4002133E0BEF1CD
:1029D000000F49D4002152E0BDF87470B9F80860C6
:1029E0003944711AADF87410349F7F0726D5BDF8AD
:1029F0007670B9F80A603B44F31A64E0BDF87430AD
:102A0000BAF808701944791AADF87410349B5B0752
:102A100039D5BDF87630BAF80A701A44BA1AE6E029
:102A2000219FBDF87450BE883F89294407EB4607B3
:102A3000791AADF87410349F7F073BD4002308281F
:102A400045D2B9F9087007261BB217FB0067DDE90C
:102A50001A6510FB01F005FA81F1FF101B9106EBDE
:102A6000E00007FB03003FE0219BBDF874609F88F6
:102A70001B89314403EB4703591AADF87410349B9A
:102A80005B0700F1AB800022082880F0B580BAF91E
:102A90000830072712B213FB0073DDE91A7610FB2A
:102AA00001F006FA81F1DB101B9107EBE00003FB5C
:102AB0000200AEE0219FBDF87650FE887F892B444E
:102AC00007EB4607FB1AADF876300828B9D3B9F9F9
:102AD00008701B9E06FA81F117FB0311D9F80C3020
:102AE0001B91484303EBE000349F1A90BAF1000FAA
:102AF00012D00FFA8EF0BDF93810BDF93A300FFA46
:102B00008CF7814251EAB080BB4253EAB781349FCF
:102B1000ADF83800ADF83A1037BBD078012823D192
:102B20009BF80000C14311F0090F40F0E481DBF88D
:102B30001430002B00F00182022161F35F10129922
:102B40008BF80000CBF80C10BDF8500022A9ABF8B0
:102B50000200DBF8100001F10C025946984740468C
:102B6000FEF702F800202CE59BF80000C14311F0AD
:102B7000090F40F0DF80DBF81430002B00F0898172
:102B800022A900F01F008BF80000DBF8100001F113
:102B90000C0259469847002800F07E812290CBF81D
:102BA0000C009BF80110002900F0BD80C1F3420029
:102BB000022800F2B880C0F103004FF0FF3101FAA3
:102BC00000F02399BDF8982021EA00000021ADF81B
:102BD00096102390ADF894001044A9E0219BBDF815
:102BE0007660DF885B89324403EB47039A1AADF8BD
:102BF00076200828FFF44BAFBAF908301B9F07FA7C
:102C000081F113FB0211DAF80C201B91484302EB0F
:102C1000E0001A908CB10298039B00B2BDF9381005
:102C2000BDF93A201BB2814251EAB0809A4252EA81
:102C3000B381ADF83800ADF83A109BF80000C143FD
:102C400011F0090F35D1DBF81430002B00F0218191
:102C500000F01F008BF80000DBF810000CF10C02F4
:102C600059469847002800F017812290CBF80C00B5
:102C70009BF80110B1B1C1F34200022812D8C0F193
:102C800003004FF0FF3101FA00F02399BDF89820BE
:102C900021EA00000021ADF896102390ADF89400D1
:102CA000104404E0BDF89800002123912591ADF86F
:102CB0009000BAF1000F7ED09AF80000C14311F0E5
:102CC000090F78D1DAF81430002B00F0E2801AA94D
:102CD00000F01F008AF80000DAF8100001F10C0281
:102CE00051469847002800F0D7801A90CAF80C0087
:102CF0009AF80110002957D0C1F34200022853D896
:102D0000C0F103004FF0FF3101FA00F01B99BDF84C
:102D1000782021EA00000021ADF876101B90ADF874
:102D20007400104445E0BDF89800002123912591DE
:102D3000ADF89000B9F1000F75D099F80000C143CB
:102D400011F0090F6FD1D9F81430002B00F0A180D9
:102D50001AA900F01F0089F80000D9F8100001F14D
:102D60000C0249469847002800F096801A90C9F84E
:102D70000C0099F8011000294ED0C1F3420002283E
:102D80004AD8C0F103004FF0FF3101FA00F01B995F
:102D9000BDF8782021EA00000021ADF876101B90E4
:102DA000ADF8740010443CE0BDF8780000211B91A0
:102DB0001D91ADF87000002C78D02078C14311F03F
:102DC000090F73D16369002B63D00AA900F01F00BB
:102DD0002070206901F10C022146984700285BD041
:102DE0000A90E0606178002959D0C1F342000228BE
:102DF00055D8C0F103004FF0FF3101FA00F00B99F4
:102E0000BDF8382021EA00000021ADF836100B9003
:102E1000ADF83400104447E0BDF8780000211B9164
:102E20001D91ADF87000BAF1000F64D09AF800005F
:102E3000C14311F0090F5ED1DAF814304BB30AA97F
:102E400000F01F008AF80000DAF8100001F10C020F
:102E50005146984700B30A90CAF80C009AF801103E
:102E6000002941D0C1F3420002283DD8C0F103003F
:102E70004FF0FF3101FA00F00B99BDF8382021EA3C
:102E800000000021ADF836100B90ADF8340010446E
:102E90002FE0FA20FFF795BBF920FFF792BBBDF8B2
:102EA000380000210B910D91ADF83000D9F80400E5
:102EB000407810F00C0F10D0BAF1000F1AA850EAA9
:102EC0001A82002C0AA850EA148022A912AB0090A2
:102ED0004846FEF73DF8FFF774BB22A912AA484600
:102EE000FEF70AF8FFF76DBBBDF8380000210B9123
:102EF0000D91ADF83000D8F80400407810F00C0FB8
:102F000013D0B9F1000F1AA850EA1982BAF1000FD4
:102F10000AA850EA1A8022A912AB05AFCDE9000732
:102F20004046FEF78DF8FFF74CBB22A912AA05AB6D
:102F30004046FEF755F8FFF744BB4046FDF714FE48
:102F4000FA20FFF73EBBD4D480B582B044F2E861EA
:102F50004268C2F20021002A08BF01F12002516834
:102F60000978082910D1B0F91410138CD0F80CC0CE
:102F700092F824E000F11C026046CDF800E000F079
:102F8000C7FA002002B080BD4FF6867040F22A7268
:102F900040F22C03C0F20020C0F20122C0F2012353
:102FA000E92106F079FED4D42DE9F041054644F23A
:102FB000E860C2F20020002D069C984608BF00F190
:102FC0002005284616460F46FEF78EFD78B141F2E1
:102FD000D400C5E90676C0F201206860A5F820801B
:102FE00085F824402846BDE8F041FEF7A9BD012040
:102FF000BDE8F081D4D4D4D42DE9F04381B00446A7
:1030000044F2E860C2F200200F46DDF82480002C74
:10301000089E4FF0010108BF00F1200418461D462C
:103020009146FEF7B1FDB0B12046FEF75DFDA0B1BF
:1030300041F2F000C4E90679C0F20120606000208E
:10304000C4E90850268584F82C80204601B0BDE8EC
:10305000F043FEF775BDFE2000E0012040B201B054
:10306000BDE8F083D4D4D4D4B0B584B044F2E861E0
:10307000D0F804C0C2F20021BCF1000FD0E9032E49
:1030800008BF01F1200CB0F93410B0F91430BCF8CD
:1030900028409CF82C50D0F82CC04C30CDE900E0F2
:1030A0006046CDE9024500F06FFD002004B0B0BDE0
:1030B0002DE9F04381B0044644F2E860C2F20020FA
:1030C0000F46DDF82480002C089E4FF0080108BF51
:1030D00000F1200418461D469146FEF755FDB0B19B
:1030E0002046FEF701FDA0B141F2FC00C4E90679DB
:1030F000C0F2012060600020C4E90850268584F8F1
:103100002C80204601B0BDE8F043FEF719BDFE203B
:1031100000E0012040B201B0BDE8F083D4D4D4D4A3
:10312000817D6B2902D1F52040B2704710B584B083
:1031300044F2E861D0F804C0C2F20021BCF1000FF3
:10314000C26808BF01F1200CB0F93410B0F9143096
:10315000BCF828E09CF82C40D0F82CC04C30CDE9CD
:10316000000E6046029400F0EFFD002004B0BDE8C0
:10317000104040B27047D4D4F0B5079EC6F3021495
:10318000072C1DD8DDE90865DDE905CEDFE804F090
:10319000192018110418040ACDE905CEBDE8F04045
:1031A00000F0F2BA0795CDE905CEBDE8F04000F099
:1031B0001FBC0795CDE905CEBDE8F04000F048BB47
:1031C000F0BD0796CDE905CEBDE8F04000F078BA35
:1031D000CDE90765CDE905CEBDE8F04000F09CBB28
:1031E000F0B581B0044644F2E860C2F20020002C41
:1031F00008BF00F1200420461D4616460F46FEF784
:1032000073FC70B141F23410C4E90676C0F20120BB
:10321000606084F82050204601B0BDE8F040FEF721
:103220008FBC012001B0F0BDF0B581B0044644F27E
:10323000E860C2F20020002C08BF00F12004204604
:103240001D4616460F46FEF74FFC68B141F240108E
:10325000C4E90676C0F2012060602584204601B0F2
:10326000BDE8F040FEF76CBC012001B0F0BDD4D445
:10327000F0B581B0044644F2E860C2F20020002CB0
:1032800008BF00F1200420461D4616460F46FEF7F3
:103290002BFC68B141F24C10C4E90676C0F2012063
:1032A00060602562204601B0BDE8F040FEF748BCF2
:1032B000012001B0F0BDD4D480B544F2E861426889
:1032C000C2F20021002A08BF01F1200251680978EA
:1032D00001F00E0106290CD1B0F9141092F820303B
:1032E000D0F80CC000F11C02604600F0F1FB002099
:1032F00080BD40F66C7040F6C70240F27E13C0F20B
:103300000120C0F20122C0F201234FF4C07106F087
:10331000C3FCD4D4D4D4D4D480B544F2E861426898
:10332000C2F20021002A08BF01F120025168097889
:1033300001F00E0108290BD1B0F91410138CD0F84C
:103340000CC000F11C02604600F0DEFB002080BDD6
:1033500040F66C7040F69C7240F6F463C0F20120B7
:10336000C0F20122C0F201234FF4C77106F094FCB1
:1033700080B544F2E8614368C2F20021002B08BF27
:1033800001F120035968097801F00E010A290BD1D7
:10339000D0F80CC0B0F9141000F11C021B6A604692
:1033A00000F0D2FB002080BD40F66C7040F6293260
:1033B00040F6BD73C0F20120C0F20122C0F2012329
:1033C0004FF4CE7106F068FC2DE9F047089F44F2F7
:1033D000E866C2F2002607F07005002808BF06F173
:1033E0002000202D02D10020BDE8F0871C461646A3
:1033F0000D46DDE909988246FEF776FB90B141F271
:1034000028115046C0F20121CAF80410CAE9066426
:10341000AAF82890AAF82C80CAE90857BDE8F04716
:10342000FEF78EBB0120BDE8F087D4D4D4D4D4D429
:10343000F0B585B044F2E8614368C2F20021002B88
:1034400008BF01F120035968097801F00E0108292D
:103450001ED1D3F824E01EF00C0F01D0FC2014E0A4
:10346000D0E903C15FFA8EF5B0F91420B0F9344009
:103470001F8D9E8DC36A4C30CDE900406046049696
:10348000CDE90257FFF778FE002040B205B0F0BD4D
:1034900040F66C704FF6CA7240F6F463C0F2012039
:1034A000C0F20022C0F2012340F27F2106F0F4FBBB
:1034B0007047D4D4D4D4D4D480B5002908BF80BDFB
:1034C000C20712D1820705D50288013912BA120C3F
:1034D00020F8022B11F009C090ED801EB0FF4001D2
:1034E000A0EC881E1FF009C080BD40F24A2040F6C3
:1034F0009C2240F2E143C0F20120C0F20122C0F25E
:10350000012340F6E51106F0C7FBD4D4D4D4D4D4BB
:103510002DE9F0412DED108B90B0A0EE303B269BB5
:10352000EC4683EF5F48FF2B4FEA41019BFF5020A1
:1035300008BF4FF4807302EF5421DF004FF00808FA
:1035400081EF5F4800EF544195FF500011EE671E78
:103550008DED041F15EE675E9F00C3F58073DC00E0
:103560009D00B2F90030B2F9022013EE671E4FF44D
:1035700080778DED081F87FF5C088DED0C1F81EFB4
:103580005F0883EF5F2887FF58688CED005F00BFFE
:1035900006469E4696ED809E1EF02DC008EF50E137
:1035A0009CED80DE9BFF58401FEE44CE04EF52E1BD
:1035B0009CED905E1FEE454E95FF58809CED88FE79
:1035C00098FF544019EE44EE98FF5E809CED98FE03
:1035D00004EF5E4115EE685E08EF56E11FEE474EC0
:1035E00095FF5CE096ED889E24EF5E41A6EC885E38
:1035F0001FF02DC0013A0844CAD110B0BDEC108BA9
:10360000BDE8F081D4D4D4D470B501F0070541F2FF
:103610005811C0F20121059E294441F27814C0F2EC
:103620000124DDF818E091ED003E2C44D51DB6F9DB
:103630000010DDF810C0112994ED005E1FDA01F0D2
:1036400001E829B27288E6EE10EBC910FDEE104ACF
:1036500042F015C090FC020E00EF540101FE4F0F26
:1036600093ED001E31FE070FEDEE104A71FE4D0F77
:1036700083ED001E084463440FF015C070BDB6F919
:103680000220012AB8BF70BD2EB2E6EE10EBF41096
:103690001D46064601F00DC096FC020E00EF5401D7
:1036A00006F1020641FECF0FA5EC107E1FF00DC003
:1036B000013A20446344EBD170BDD4D4D4D4D4D4E3
:1036C00070B501F0070541F2B811C0F20121069E64
:1036D00001EB45040599DDF810E094ED803E41F2E0
:1036E0009814C0F20124B1F900C004EB4504D51DC3
:1036F000BCF1090F94ED805E21DA1CF001E82AB2DA
:103700004988A6EE306BD2104FEA4E06FDEE105AF5
:1037100041F015C090FC820E00EF540111FE4F0FD6
:1037200093ED801E31FE070FEDEE105A71FE4D0F26
:1037300083ED801E104433440FF015C070BDB1F905
:103740000220012AB8BF70BD29B24FEA4E04A6EE8E
:10375000306BC91000BF00BF05461E461CF00DC0EF
:1037600095FC820E00EF540105F1010551FECF0FCB
:10377000A6EC887E1FF00DC0013A08442344EBD12B
:1037800070BDD4D4D4D4D4D470B501F0070441F2C0
:10379000B811C0F20121059D01EB4401DDF810E0F4
:1037A000B5F900C091ED805E41F29811BCF1090FAE
:1037B000C0F2012101EB440102F1070491ED807E8A
:1037C0001FDA1CF001E821B26A88C9104FEA4E05E1
:1037D000FDEE104A42F015C090FC840E00EF560139
:1037E00093ED803E51FECF0FB0FFC225EDEE104AA3
:1037F00071FE4D0F83ED803E08442B440FF015C041
:1038000070BDB5F90220012AB8BF70BD21B24FEAE0
:103810004E04C91000BF00BF05461E461CF011C073
:1038200095FC840E00EF560105F1010596ED803EF2
:1038300051FECF0FB0FFC225A6EC883E1FF011C08D
:10384000013A08442344E7D170BDD4D4D4D4D4D4AD
:1038500070B501F0070541F2B811C0F20121069ED2
:1038600001EB45040599DDF810E094ED803E41F24E
:103870009814C0F20124B1F900C004EB4504D51D31
:10388000BCF1090F94ED805E21DA1CF001E82AB248
:103890004988A6EE306BD2104FEA4E06FDEE105A64
:1038A00041F015C090FC820E00EF540111FE4F0F45
:1038B00093ED801E31FE070FEDEE105A71FE4D0F95
:1038C00083ED801E104433440FF015C070BDB1F974
:1038D0000220012AB8BF70BD29B24FEA4E04A6EEFD
:1038E000306BC91000BF00BF05461E461CF00DC05E
:1038F00095FC820E00EF540105F1010551FECF0F3A
:10390000A6EC887E1FF00DC0013A08442344EBD199
:1039100070BDD4D4D4D4D4D470B52DED048B01F0C3
:10392000070141F2B814C0F201240B9D04EB4104DD
:10393000DDF820E0A8EE305B94ED803E41F2981473
:10394000C0F2012404EB410191ED805EDDE9091430
:10395000A6EE304BB1F900C0D41DBCF1090F20DA3E
:103960001CF001E822B24988D2104FEA4E05FDEE64
:10397000104A00BF41F013C090FC820E00EF5401CA
:1039800011FE4F0F39FE070FEDEE104A71FE4D0F7D
:1039900083ED801E10442B440FF013C0BDEC048B4C
:1039A00070BDB1F90220012A1CDB21B24FEA4E049E
:1039B000C91000BF00BF00BF05461E461CF00FC067
:1039C00095FC820E00EF540105F1010511FE4F0F29
:1039D00039FE070FA6EC881E1FF00FC0013A0844FD
:1039E0002344E9D1BDEC048B70BDD4D4D4D4D4D459
:1039F00070B52DED048B01F0070141F2B814C0F24F
:103A000001240A9D04EB4104DDF820E0A8EE305BC0
:103A100094ED805E41F29814C0F2012404EB41045D
:103A20000999B1F900C094ED807EBCF1090F02F153
:103A3000070424DA1CF001E822B24988D2104FEAC8
:103A40004E05FDEE104A00BF41F017C090FC840EF9
:103A500000EF560193ED803EB0FFC22511FE4F0FDF
:103A600039FE032FEDEE104A71FE4D0F83ED803EBF
:103A700010442B440FF017C0BDEC048B70BDB1F99E
:103A80000220012A1EDB21B24FEA4E04C91000BFFA
:103A900005461E461CF013C095FC840E00EF56012F
:103AA00005F1010596ED803EB0FFC22511FE4F0FD6
:103AB00039FE032FA6EC883E1FF013C0013A0844DC
:103AC0002344E5D1BDEC048B70BDD4D4D4D4D4D47C
:103AD000B2F902C0BCF1010FB8BF704710B5B2F91E
:103AE0000020E0EE103B0023013304461BB200BF70
:103AF00002F005C0A4EC101E1FF005C06345084489
:103B0000F2DBBDE810407047B2F902C0BCF1010F12
:103B1000B8BF704710B5B2F90020A0EE303B4900A5
:103B2000002300BF00BF00BF013304461BB200BF2B
:103B300012F005C0A4EC101E1FF005C06345084438
:103B4000F2DBBDE810407047B2F902C0BCF1010FD2
:103B5000B8BF704710B5B2F90020A0EE103B890045
:103B6000002300BF00BF00BF013304461BB200BFEB
:103B700022F005C0A4EC101E1FF005C063450844E8
:103B8000F2DBBDE8104070472DE9F04F81B02DED1C
:103B9000108BA2B03D9F0091B7F902500195012D05
:103BA000C0F2CC803C9941F2E81601F00701C0F266
:103BB0000126741841F2F816C0F20126B7F900C0C8
:103BC00094FD804E741841F2D816C0F2012680EFA1
:103BD000512A3144FC2694FD806EBCF1080F4FF051
:103BE000010E8DED163FDDF8FC804FF0000B91EDDE
:103BF000800E3E9987FF582806EAD1044FF0F80658
:103C000006EA11254FEAC101CFB203F1070163466D
:103C10008DED123FA8BF0823ACEB030309B20733B5
:103C2000B5FFC003C9104FF4FC6687FF5EA80EEB1A
:103C3000D30987FF58CA87FF5C288DED0E3FA8EE99
:103C4000306B8DED1A1F8DED0A5F8DED069F8DEDAA
:103C5000027F00BF00BF00BF16460346E24649F0A0
:103C600001E000BF00BF00BF1AF001E871FE4D0F78
:103C700096FC842E013631FE4D4F02EF562110FF87
:103C8000422493ED805E93EF54058DED1E1F03EEED
:103C9000683E2CEF5C0198FF54C09DED16FF9DFF20
:103CA00054409DED0E7F2AEF5A8153FE0A0F2EEFEE
:103CB0005E219DED12BF04EF56419DED1E7F0CEF7E
:103CC0005AC11EFF42E806EF5A611EEF5CC928EF99
:103CD00058A11EEF54499DED069F1EEF56691AF03C
:103CE00001E8AAF1080A13EE45CE13EE444E9BFFFD
:103CF000544013EE476E95FF56200CEF506126EFAF
:103D0000522104EF584120EF50C19DED027F22EF78
:103D100054219DED0A5F71FE4D0FA3EC883E9DED91
:103D20001A1F0FF05FC80BF101030A440FFA83FB5F
:103D3000019B9B45009B00EB43008DDB22B0BDEC5B
:103D4000108B01B0BDE8F08F2DE9F04F81B02DED63
:103D5000108BA0B008AF81EF5F083C9E87ED001F7D
:103D60003A9F83EF5F08B7F902C0B7F900B08DED55
:103D70000C1FBCF1010F87FF5C088DED101F87FF42
:103D800058088DED141FE0EE106B8DED181FC0F27A
:103D9000858081463B98C7001C461346FAB2F82737
:103DA000059207EA10220492FC254FF0FE0805EA6E
:103DB000D000039048000021DDE904570290CDE9CE
:103DC00000C400BF00BF00BF4C1C079321B2069186
:103DD0001A464846DE46DDF8ECA04FF0080C039981
:103DE00004244FF4807308AE90ED801E80EF51EAFA
:103DF000B2FC882E96EDA0DE03FE0D2E1EF045C00F
:103E000053FE480F80EF512A1EFF424815EE645EB4
:103E10009BFF50A096ED80FE00EF5E8196ED88FE40
:103E20000AEF5EA11AEF54A995FF50C013EE41AE00
:103E300091EF544518EF548998FF5AA013EE478E1E
:103E400096ED90FE1CEF54C90AEF5EA113EE45CE2D
:103E500096ED98FE98FF5CC01BEE6CBE0CEF5EC149
:103E6000B2FC882E80EF51EA1DEE43AE96EDA0DE47
:103E700003FE0D2E95FF588090ED881E28EF5A8185
:103E8000A0EC889E1FF045C0DDE900C40298DDE982
:103E90000613814461452344FFF696AF20B0BDEC84
:103EA000108B01B0BDE8F08FB0B544F29871EFF31C
:103EB0001080C2F2002172B601240A780C7080F3DF
:103EC0001088002A18BFB0BD00F02AF844F6D3517C
:103ED00040F20405C1F26201C2F20025A0FB01120A
:103EE000B0F57A7F4FEA921138BF0121296000F0C6
:103EF000D3F946F620612868C0F23C31A0FB0101ED
:103F0000012850EA8482002950EA148052EA008095
:103F100044F2A072C2F20022C2E90001B0BDD4D4C2
:103F2000FCF7CEBDD4D4D4D440F204010122C2F2B5
:103F300000210968A1FB0001012850EA82830029C1
:103F400050EA128053EA00807047D4D4D4D4D4D439
:103F500080B5FCF7B9FB44F2A072C2F20022D2E9AC
:103F600000238018594180BD80B540F2040200232F
:103F7000C2F20022126808F0BBFF80BDD4D4D4D4B2
:103F8000F0B581B014460F460646FFF7E1FFD4E9CD
:103F9000005355EA03025FEA0F9205D0451B71EB0F
:103FA000030301DA002203E080197941C4E900012A
:103FB000104601B0F0BDD4D410B50446FFF7C8FFD9
:103FC000D4E90023801A994110BDD4D4D4D4D4D4D8
:103FD0002DE9F04387B0002861D00446002905A8E8
:103FE00050EA018600200590A06806900DF10809AE
:103FF000154630687168CDE902010020ADF80E2049
:1040000021464A46DDF83880CDF800801F46FEF78D
:10401000CBFF0020FDF764FDF088BDF80A104A468A
:104020003B46401BCDF800800844ADF80A00002054
:104030002146FEF7B9FF0020FDF752FD7168306898
:104040000B46029050EA1F430391090C4A4628444C
:10405000ADF80A00A1EB4500ADF80E0000202146A6
:104060003B46ADF80C50CDF80080FEF79DFF0020D8
:10407000FDF736FDB088BDF808104A463B46401BA8
:10408000CDF800800844ADF8080000202146FEF776
:104090008BFF0020FDF724FD07B0BDE8F08340F65C
:1040A0002A6040F27C2240F27C33C0F20120C0F250
:1040B0000122C0F201234FF4227105F0EDFDD4D4AA
:1040C00000207047D4D4D4D401207047D4D4D4D4A1
:1040D0007047D4D4D4D4D4D44FF00003C0E9003313
:1040E000C0E902330AB101608280002A5FEA0F90C2
:1040F0007047D4D4D4D4D4D4EFF3108172B682886C
:104100000023C0E90133C360828081F310887047C7
:1041100002681AB380B5EFF3108C72B60289C388B7
:10412000934205D142891AB100208CF3108880BDDA
:10413000D0F800E05A1CC2800EF803108188C288B3
:104140008A4201D30021C1804189C2890131418164
:10415000511CC18101208CF3108880BD0020704764
:104160000246006828B3F0B5EFF3108C72B6D08821
:10417000148953896040184300045FEA0F9015D0FA
:1041800095889FB21368661C1681B6B213F804E0D6
:10419000AE424FF0000353EA249313817B1E5381F8
:1041A00000299368D36018BF81F800E08CF3108871
:1041B000F0BD00207047D4D4036813B310B5EFF3FB
:1041C000108C72B6B0F806E08489744501D1C389B9
:1041D000CBB1036813F804E05AB18288631C9BB228
:1041E0009342C3894FF0000252EA249282815A1E00
:1041F000C2810120002918BF81F800E08CF31088EB
:1042000010BD0020704700208CF3108810BDD4D45E
:10421000EFF3108172B6C268826081F31088704734
:10422000EFF3108172B68268C26081F31088704724
:1042300080B5C1F3420113460529844611D00429F3
:1042400008D0032917D1DBB2002000226146FEF717
:10425000C7FF0BE09BB2002000226146FEF7E4FF9F
:1042600004E0002000226146FFF702F80020BDE8CC
:104270008040FDF735BC40F62A6040F64E524FF6BE
:10428000BE63C0F20120C0F20122C0F2002340F25E
:104290002E5105F001FDD4D403F0EEBBD4D4D4D418
:1042A00010B500281FBF0168406840F20802C2F242
:1042B00000221FBFC2E90010D2F850010021116294
:1042C0001FBFB0F91010B0F91200118550851FBF43
:1042D000B2F808C09389B2F80AE0D4891FBF0B4432
:1042E000ACEB51010444AEEB50001FBF1186508669
:1042F0009386D4861FBF92F9260092F927109085E5
:10430000D18518BF10BD40F2E0204FF6E97240F6AB
:104310006D53C0F20120C0F20022C0F201234FF41D
:10432000857105F0B9FCD4D4B5EE400AF1EE10FA6F
:10433000BEEE001AB6EE002A22FE011A9FED062AF2
:10434000A0EE021ABDEEC10A10EE100A002848BF06
:10435000404200F061B800BF00008047D4D4D4D4FC
:1043600040F20802C2F200229082D1827047D4D477
:1043700040F208010028C2F2002108BF4FF0FF30D0
:1043800088617047D4D4D4D440F20801C2F200212D
:10439000C8617047D4D4D4D440F20801C2F20021DD
:1043A00081F825007047D4D410B540F20802C2F25B
:1043B000002292F92730116A92F926C001FB00F41D
:1043C00001FB03FE82F826000029C4BF4FEA1E430A
:1043D000200C90856046D38510BDD4D4D4D4D4D4D9
:1043E00010B540F20802C2F2002292F92630116A9A
:1043F00001FB00FE92F927C001FB03F482F82700BD
:104400000029C4BF4FEA1E40230CD0856046938527
:1044100010BDD4D4D4D4D4D4F0B581B040F20804C3
:10442000C2F2002498B1B0F5803148BF4942B1F5DD
:10443000247F0CD3D4F850112062487800F00E008D
:10444000062839D104F5A070FDF736FC01E0002004
:104450002062D4F85011206A0028B1F91220B1F975
:10446000101000FB02F300FB01F5C8BF1A0CC8BF17
:10447000290C0FFA81FEA389E58926890FFA82FCAF
:104480002185628519442A44A6EB5E0394F92760CE
:1044900094F926506789238600FB06F3A18605FB65
:1044A00000F0A7EB5C076786E286C4BF1E0C050C14
:1044B000A585E68501B0F0BDB1F91000B1F9121083
:1044C000D4F8442100FB01F54AB1D4F8400120F0B2
:1044D0007F40A842BDD204F5A070FDF7EDFB04F5C6
:1044E000A070AAB20121042302250095FDF784FBE8
:1044F000AFE7D4D4D4D4D4D440F20802C2F200221C
:1045000092F8243003F0010103F0FE03184482F80E
:10451000240008467047D4D4B0B540F20802002801
:10452000C2F2002252EA0080B2F92A30D0F800C06C
:104530004168B2F928000D46644654EA1F45C2E9B5
:1045400002C100EB010E03EB11410025ACEB500062
:104550001561A4EB530310865386A2F834E0D1868C
:10456000B0BDD4D4D4D4D4D470B540F20802C2F2D1
:104570000022B2F828C0938D9689B2F82AE06344ED
:10458000D58D0FFA83FC0CFB01F10FFA86FC754404
:1045900091FBFCF4204404FB16116843B2F90E5061
:1045A000118203B293FBF5F303FB1500508270BD3B
:1045B00040F20801C2F20021D1F8502182421FD0FE
:1045C00041F288520028C0F2012252EA0080C268FB
:1045D00012B90278120710D5428A72B1028A62B10A
:1045E000426952B180B5C1F85001086AFFF714FF63
:1045F0000020BDE8804040B27047FE2040B27047C6
:10460000002040B27047D4D480B5A0B3002942D076
:10461000002A1FBF4FF0000CC1E900CCC1E902CC59
:10462000C1E904CC1FBF0369C1E9023004230B7048
:104630001FBF038A0B82A1F812C0438A1FBF8B825F
:104640001278006A101A1FBF5843C880012088756D
:104650001CBF084680BD40F2E02040F2670240F6F1
:104660008433C0F20120C0F20122C0F201234FF4D2
:10467000F67105F011FB40F2E02040F2670240F6CF
:10468000B523C0F20120C0F20122C0F201234FF491
:10469000F57105F001FB40F2E02040F2670240F2C4
:1046A0005973C0F20120C0F20122C0F2012340F28E
:1046B000EB1105F0F1FAD4D42DE9F04F8BB0174689
:1046C000126899468A46167883466FEA0666B6FAF5
:1046D00086F540F20806C2F20026042DD6F85041B5
:1046E00029D80120DFE805F02827030A160092F9EF
:1046F000010010F1400F1EDA02201DE092F90100C6
:1047000010F1410F17DC92F9020010F1400F12DA9C
:10471000032011E092F9010010F1410F0BDC92F936
:10472000020010F1410F06DC92F9030010F1400F76
:1047300001DA042000E0FF2045B2A369012DD8BFB3
:104740000125002B6BD00DF11408204641469847F7
:10475000002863D0316A012910DBB0F910205143E1
:10476000B0F91220090C0182316A5143B0F91420CA
:10477000090C4182316A5143090C81823868BDF9C4
:104780001E2050FA85F03860BDF91C00316A778D23
:1047900001FB02F501FB00F30029BDF82610C4BFA0
:1047A0002A0C180CBDF828305944ADF80C100AEB4F
:1047B000070106F5A475C91AADF80E10ADF8100082
:1047C000ADF8122003A928462A46FDF7E9FA002190
:1047D00000222046FDF704FA98B34178602904D1FD
:1047E000F16911B10078800720D4E7694FB3B18A2D
:1047F000B069326A009103A905ABCDE90192224666
:10480000B847306A01281CDB44F2E8602A46C2F24D
:104810000020C16B2846FDF7C3FA12E03A6852FA4D
:1048200085F03860208AB18D084419E0B78AF58A8E
:10483000B269009105A903AB0020CDE90175FEF72F
:10484000C3FD0020FDF74CF996F82400D6F850116E
:104850001031C00708BF08F110010888B18D084465
:1048600000B20BB0BDE8F08F2DE9F04192B01A9F75
:104870001C46E7B340F2080140F20360C2F2002197
:104880000E9010691090D1E950054FF0000820F00B
:104890007F412846CDF83C801195174608F0B3FCBF
:1048A00006AE04AA012320463146CDE90088FCF774
:1048B00013FCBDF92020B7F910300698079906F1CE
:1048C0001007CDE900372B46FF260296FEF79CFE27
:1048D000A06805900EA804A906AA0023CDF81080B0
:1048E000FDF79AFC6FF00B0012B0BDE8F0810B46AB
:1048F0000146DDE918720020CDE918721A462346F8
:1049000012B0BDE8F041FEF777BBD4D4D4D4D4D4F0
:104910002DE9F04F81B040F208060546C2F20026AC
:10492000009006F130010122B6F82880B48DB6F867
:104930002AA0F78DB06902F067F800285FD004EB79
:104940000800BA440FFA80F9F068010C4FEA8907B1
:104950000FFA80FB4FF000080CB202E0681C0090D8
:10496000009D28780D282CD8DFE800F0492B2B2B50
:104970002B2B2B2B0D15212B2B0A00BF00BF00BFAB
:10498000A6F81080EAE7B6F910004845F8DBA0EB7E
:1049900009003082E2E7308A384401B291FBF7F235
:1049A0007A43511A0844308201B25945D6DB708AE5
:1049B000A6F81080504401B2A14250EAB88070823B
:1049C000CCE7308A3189728A73890844991896F83D
:1049D000253000B26A4609B2FFF76EFE318A0844FC
:1049E000308201B2594508DB708AA6F81080504425
:1049F00001B2A14250EAB8807082009DB1E701B0D7
:104A0000BDE8F08FD4D4D4D483B0B0B581B084469F
:104A100005A84FF480750EC040F2080005ABC2F245
:104A200000204FF4807100F13E046246204600935E
:104A30000AF0DEFAB0F5807F50EA35850020605537
:104A40002046FFF765FF284601B0BDE8B04003B03F
:104A50007047D4D4D4D4D4D4F0B581B040F2080592
:104A60000C46C2F200256F8FC7F5807216B28E42D7
:104A70000ADB0146E8193E30224608F0C9FBA88F40
:104A8000391969872044A887A6425FEABF9001B020
:104A9000F0BDD4D4D4D4D4D42DE9F04140F20808E8
:104AA000C2F20028B8F83C10002908BFBDE8F08128
:104AB00042F6F05EB0F1FF3FC0F2012E2DDD00287E
:104AC0004DD008F13E0400231D2500BF00BF00BFEC
:104AD0002778F72F19D86FEA0767B7FA87F725FA0B
:104AE00007F6F60711D05EF8276033448B425FEA81
:104AF000BF97B3F5807F5FEA9F923A4318BF0023C8
:104B000003D1013834440204E2D118B2884253EA96
:104B1000B180002B50EA118022E008F13E0500230D
:104B20004FF01D0C002600BF2F78F72F11D86FEA29
:104B30000767B7FA87F72CFA07F4E40709D05EF89D
:104B4000277001333E448E4203D2B6F5807F3D4448
:104B5000EAD9184400B220EAE0700028B1D1084632
:104B600000B208F13E060024814251EAB085B8F84F
:104B700038002844375C3454B8F838003044FFF724
:104B8000C7FEB8F83800A9B228443754B8F838003E
:104B9000B8F83C202844A8F838008A42A2EB050067
:104BA000A8F83C0008BFC8F83840BDE8F081D4D46C
:104BB0002DE9F0470D460446FFF776F9F02120462F
:104BC00008F021FB58222046294608F021FB606AA4
:104BD00060B3B4F90C206169B4F90E70880D40EA35
:104BE000516307FB02F05B07C4F89C0047D093B207
:104BF000C1F382554FF0FF32C1F342661FFA87FCC2
:104C000002FA05F702FA06F1002D18BF002E11D1A5
:104C100025B313EA070103D179428AB2904225D322
:104C20000AB2A181B0FBF2F0E08128E0FA2040B2A4
:104C3000BDE8F0873B4003D17B429AB2904215D346
:104C40001CEA010203D14A4291B288420ED312FB00
:104C500003F181420AD8A381E28110E07EB11CEA0F
:104C6000010207D14A4291B2884203D2F72040B2F2
:104C7000BDE8F08711B2E281B0FBF1F0A081FFF74F
:104C80001FFA217FC4F8C40031B3A06920B3002209
:104C9000012347F6FF7700BFC0E90022026143828B
:104CA000C0E90222EFF3108672B6256F4560B4F8B2
:104CB000A2502067BD4205F10105A4F8A25071D2AF
:104CC000013986F310880E0600F11400E4D1D4F8FF
:104CD000A40040F4003003E0D4F8A40020F4003035
:104CE0006169C4F8A40011F47F4F4FF0FA000DD0B1
:104CF000A5685DB1E08960B1A08900284FF0FE0091
:104D00001EBF2269D31C33F0030206D140B2BDE8B6
:104D1000F087FE2040B2BDE8F0874FF6FC700E0A27
:104D2000C0F2FF0001F07F0118404FF0000840EA98
:104D3000016902F11C074FF0010A84F8A18003E029
:104D4000013E3D44300621D0E06805F11C01696157
:104D5000A969286101F00040C5E902A84844A8619A
:104D6000EFF3108072B6D4F8CC10296094F8A1103B
:104D7000C4F8CC50013184F8A11080F31088D4F825
:104D8000C4000028DCD0FFF7A3F9D9E7D4F8A400C9
:104D900040F0007040F00400C4F8A400002040B2CD
:104DA000BDE8F08740F28D3040F2BC1240F664035B
:104DB000C0F20120C0F20122C0F2012340F25631BC
:104DC00004F06AFFD4D4D4D4EFF3108272B6D0F8D2
:104DD000A430C0F8C01023F08063C0F8A43082F380
:104DE00010887047D4D4D4D4D0F8A41041F0806196
:104DF000C0F8A4107047D4D4B0B50446002500BF55
:104E0000EFF3108272B6D4F8D00049B1814249D193
:104E1000C4F8D050084682F3108807E000BF00BFF6
:104E2000C4F8D050002882F310884BD0C560EFF34F
:104E3000108172B6D4F8CC20026094F8A120C4F896
:104E4000CC00501C84F8A10081F31088D4F8C40071
:104E500008B1FFF73DF9EFF3108072B6D4F8D01027
:104E6000E9B9D4F8D410D1B10A68C4F8D420002A22
:104E700008BFC4F8D8500D60C4F8D0104C6080F35F
:104E80001088636A0BB92FF045C894F8A700000793
:104E9000B6D48A69A06AD20FBDE8B040184780F343
:104EA0001088B0BD40F28D3040F636024FF6BE633A
:104EB000C0F20120C0F20122C0F2002340F22521FD
:104EC00004F0EAFE40F28D3040F636024FF6BE6343
:104ED000C0F20120C0F20122C0F2002340F22A21D8
:104EE00004F0DAFED4D4D4D490F8A700C0F3400084
:104EF0007047D4D4D4D4D4D410B528B10446FFF725
:104F000027F8C4E9000110BD40F28D3040F26E7206
:104F100040F65B63C0F20120C0F20122C0F201231F
:104F200040F6962104F0B8FE10B528B10446FFF70C
:104F30000FF82168401A10BD40F28D3040F2917296
:104F400040F65B63C0F20120C0F20122C0F20123EF
:104F500040F69F2104F0A0FE80B5EFF3108C72B6EE
:104F6000CB0714D18B0718D44B071CD4CB0620D405
:104F7000890608D502F120014430D1E9002389686F
:104F8000C0E9002381608CF31088002080BDD2E945
:104F9000003EC0E9093E8B07E6D5D2E9023EC0E9F2
:104FA0000B3E4B07E2D5D2E9043EC0E90D3ECB06ED
:104FB000DED5D2E9063EC0E90F3E8906DAD4E2E743
:104FC0002DE9F04F93B090F8A0200446062A01F294
:104FD000C68189460020DFE812F00700870997099B
:104FE0001E00270051003F01C4E93A00D4F8A40094
:104FF00040F00100C4F8A400EFF3108072B6D4F8BA
:10500000A4108A0562D44A056BD54FF6FF12CFF67D
:10501000FD72114063E0606C80B394F8A700C00695
:105020002CD4042084F8A00004F1E00500212846D7
:10503000FFF762FFD4F8A420D4F8DC10D4E91130D3
:1050400002F00102984706460020FCF749FD0021C6
:105050002846FFF769FFD4F8E820012E02EB000193
:10506000C4F8E81001F000823046002E01F167819B
:10507000022801F06481052001F0F4B9A07D000749
:1050800040F1D280D4F8A400810700F1CD808003E4
:1050900000F1B480B9F1000F00F0C680FF254E4644
:1050A00006E000BF00BF00BF3668002E00F0BC80E5
:1050B000707CC007F8D1D4F8DC0006F108010122A9
:1050C0004FF4FC630095FEF783FFEDE74FF6FF1208
:1050D000CFF6FD7202F58062114001F50031C4F88F
:1050E000A41080F31088EFF3108072B6D4F8A410E7
:1050F000CA0A62F35D71C4F8A41080F31088EFF35C
:10510000108072B6D4F8A410C1F38073C1F30032DA
:105110009A4229D180F31088D4F8A410480035D5DC
:105120002088A288B4F8B830B4F8B4700244013AC8
:105130001F4416B262883DB2E388B542A4F8B47049
:1051400024DD1344B4F8BA70B4F8B660013B1BB266
:10515000A4F8B40037443EB29E4252EAC782A4F893
:10516000B620880314D438E021F0804141EA8271EE
:10517000C4F8A41080F31088D4F8A410480021D4F7
:1051800094F8BD0040F0010084F8BD00880324D5E8
:10519000A06E21F4C0110028C4F8A41041F00F82C1
:1051A000E06ED0B140F28D3040F2B37240F2F53390
:1051B000C0F20120C0F20122C0F2012340F64931C1
:1051C00004F06AFD00202268236AC4E92B00C4E9C8
:1051D0002D23C4F8BC008803DAD441F0007221F01A
:1051E000400304F1E00011F0206F08BF42F04003DB
:1051F0000121C4F8A430FFF77FFE2BE1A56E9DB11D
:10520000FF2603E000BF00BF6D686DB1687CC0077A
:10521000FAD1D4F8DC0005F1080101224FF47843FB
:105220000096FEF7D5FEEFE7D4F8A400012120F0A8
:105230000100C4F8A40004F1E000FFF75DFED4F81B
:10524000A40000F0420140290CD120F04200C4F833
:10525000A400062084F8A000616B19B1A06B8847F8
:10526000002871D0D4F8A400810762D4606A0028B5
:1052700001F07581D4F8C800002801F08081B4F8ED
:105280005810B4F85C20B4F85A30B4F85E70114489
:105290008181FA18C28108206169C0F20400821D70
:1052A0001140814209D1D4F8C800B0F91010B0F90A
:1052B000122040695143FEF7FFF8206D00285BD0B3
:1052C000EFF3108072B694F8A110002901F0358137
:1052D000D4F8CC500139002D84F8A11001F02D81B3
:1052E0002968C4F8CC100021296080F310886C6014
:1052F000D4E914302A46D4F8C810984740B3D4F8FB
:10530000C80098B1EFF3108172B6D4F8CC200260D7
:1053100094F8A120C4F8CC00501C84F8A10081F3BB
:105320001088D4F8C40008B1FEF7D2FEC4F8C85003
:1053300022E0810320F00400C4F8A40040F18A8038
:10534000204601F099FB85E0032013B0BDE8F08F03
:10535000EFF3108072B6D4F8CC10296094F8A11045
:10536000C4F8CC50013184F8A11080F31088D4F82F
:10537000C40008B1FEF7ACFEEFF3108072B6D4F8AB
:10538000D820D4F8C8100AB1116001E0C4F8D410D4
:10539000C4F8D81000220A6080F31088EFF3108060
:1053A00072B6D4F8D010002901F03C8080F3108848
:1053B000A17D4FF6FB72D4F8A400CFF6FF52104047
:1053C000C907D4F8C850C4F8A40004D10020FCF7E1
:1053D000C3FBD4F8A40080061BD4288AB4F8581064
:1053E000B4F960200844A4F8580001B2914231DBBE
:1053F0000020A4F85800698AB4F85A20B4F9623041
:105400001144A4F85A100AB29A4223DBA4F85A00B5
:105410001AE0688AB4F85A10B4F962200844A4F873
:105420005A0001B2914215DB0020A4F85A00298AE3
:10543000B4F85820B4F960301144A4F858100AB2F6
:105440009A4207DBA4F85800204601F015FB00281B
:1054500000F078874FF6F77604F1680A04F15C0BE8
:1054600004F18805CFF6FB7604F1AC00049004F15A
:105470006C0005900B9505E0481C00F0638700293F
:1054800040F00A87D4F8A400810721D40020C4F892
:10549000C800EFF3108072B694F8A1106269B1EB06
:1054A000127F31D9EFF3108172B694F8A13033B383
:1054B000D4F8CC20013B84F8A13002B31368C4F8BF
:1054C000CC300023136081F3108854601AE000BFD1
:1054D000810311D4626E20F00211C4F8A41052B3FB
:1054E000527C00F4802002F002028018084627D186
:1054F0002AE000BF00BF00BF616E29BB20E081F33E
:1055000010880022C4F8C82080F31088D4F8C8009E
:10551000002800F01E82D4F8A4108269890861F383
:10552000DF728261D4F8C880B8F1000F00F0B5874F
:10553000D4F8A4000EE04FF6F571CFF6FD710840E7
:1055400040F00800C4F8A400D4F8C880B8F1000FF7
:1055500000F0938741075BD5810711D4810029D4DE
:10556000B9F1000FC4F8649018BF10F080413AD12F
:10557000B9F1000F01463AD142E000BF00BF00BFC1
:1055800000226169C2F2080200EA020301F400226B
:1055900052EA030112D020F00601002AC4F8A41038
:1055A0004FF00002626615D1820029D5DAF80010AA
:1055B00099B91FE200216166014621E0A16E20F445
:1055C00080106166002918BF00F58010C4F8A4009F
:1055D0000DD1C0E1DAF8002062B14FF6F971CFF6D3
:1055E000DF7101400CE0C4F8AC900499616620F0D2
:1055F000100007E0800200F1FD8141F4001100BFBE
:1056000041F0100040F00800C4F8A40000BF00BF43
:10561000D4F8A410080740F1AB80606E21F00802B6
:105620000028C4F8A42047D0427C930704D431401A
:105630000AE000BF00BF00BF02F0FD014174D4F8D2
:10564000A410606E41F48021C4F8A4104B07427C82
:1056500048BF5FEA413312D4D20708D100F10801F4
:1056600020465A46FCF754FB50BBD4F8A41048031C
:1056700026D4204601F000FA28B12FF037C812F0E6
:105680000103E9D118E0D4F8A40081073FF5FCAE8E
:10569000616900F0005201F40021891800F07F8157
:1056A000D4E90012C4E917120021616640F010002D
:1056B000C4F8A40004E000BFD4E90001C4E9170164
:1056C0006069C0F3825189B1B4F85C204FF0FF33B8
:1056D0008B40B4F8606002EA0307A4F85C70D21B48
:1056E00032449A1A23EA0202A4F86020C0F342620C
:1056F0008AB1B4F85E304FF0FF379740B4F862508B
:1057000003EA0706A4F85E609B1B2B44FB1A27EAFA
:105710000303A4F86230800322D4B4F96000B4F922
:10572000623094F8A4700B9D03FB00F6BF06D4F81A
:105730009C7020D4874201D8BE4220D8B7FBF0F13C
:1057400080B2A4F89800994251EAB3812AB14FF08F
:10575000FF3303FA02F2114011D0A4F89A1023E0AB
:10576000E068C4F898000B9D1EE000BF00BF00BFBA
:10577000B4F8980018E09F4205D8BE4203D9E0680B
:10578000C4F8980010E0B7FBF3F2824252EAB0800E
:105790009AB2A4F89A2029B14FF0FF3202FA01F12F
:1057A0000840ECD0A4F89800B4F85C10B4F9582084
:1057B00000B2B4F85E301144B4F85A704942ADF802
:1057C0003010B4F96010891A814251EAB0806168E2
:1057D000A8F81000D819B4F95A20B4F96230B4F915
:1057E0009A704042ADF832009A1A08F10800BA42A5
:1057F00052EAB7820D91A8F8122000230CA92A467C
:10580000FCF70AFD6069D4F8A42000F4002102F03E
:105810000053C91802D0616E002960D0B9F1000FA1
:10582000C2F380015FEA018193030DD4002952D0B5
:1058300042F00201C4F8A410B8F81020A4F88C209B
:10584000C20353D558E000BF0029114607D022F00B
:105850000601930758BF42F00201C4F8A4108B0759
:1058600042D5636EB8F81070002BA4F88C7000F06D
:1058700034860F0338D4500703D511F4802040F04C
:105880000185587CC00740F0FD8403F10801002227
:105890002046FCF73DFA0028D4F8A41000F0F2846A
:1058A0004803656E40F1E980EFF3108172B6206F16
:1058B000002800F0C980B4F8A22047682767013AA1
:1058C000A4F8A22013B2B3F1FF3F40F3268681F380
:1058D00010880121C3E01146C20307D50CE022F075
:1058E0000201C4F8A41000BFC20305D42846FCF787
:1058F00033F96069D4F8A41094F8892000F07F008F
:1059000094F8883094F88A7002F0800201F0030164
:10591000104484F8890003204FF6F77660F31F13D4
:1059200007F0FC0008442946CFF6FB7684F888305F
:1059300084F88A000029C4F8DC107FF49DADD4F807
:10594000C40000283FF49BADFEF7BEFBD4F8DC108A
:1059500095E50021EEE7B9F1000F00F04086EFF386
:10596000108572B6D4F8C80098B1EFF3108172B602
:10597000D4F8CC20026094F8A120C4F8CC00501CCC
:1059800084F8A10081F31088D4F8C40008B1FEF7B0
:105990009FFB0020C4F8C80085F3108849E0EFF3AE
:1059A000108572B6D4F8C80098B1EFF3108172B6C2
:1059B000D4F8CC20026094F8A120C4F8CC00501C8C
:1059C00084F8A10081F31088D4F8C40008B1FEF770
:1059D0007FFB0020C4F8C80085F31088D4F8A40029
:1059E000810700F10C8640070B9D40F118864FF0AF
:1059F000FF319FE7EFF3108572B6D4F8C80098B175
:105A0000EFF3108172B6D4F8CC20026094F8A12094
:105A1000C4F8CC00501C84F8A10081F31088D4F89D
:105A2000C40008B1FEF754FB0020C4F8C80085F399
:105A30001088D4F8A400022161F34200C4F8A40045
:105A40004FF0FF310B9D75E781F31088142004217E
:105A50000222FCF709F9002800F00B840321002240
:105A6000C0E9002202614182C0E90222D5E90212A6
:105A70000546C0E90212D4F8A41008031CD4059E00
:105A80003068A0B3B5F90C10B5F90E20B0F90C30A0
:105A9000B0F90E70514303FB07F28A42324630D907
:105AA0000246406858B3B0F90C30B0F90E707B4331
:105AB0008B42F5D8043224E0688AC10700F0DF8306
:105AC000800717D4EFF3108072B6216F6960B4F8C5
:105AD000A21047F6FF722567914201F10101A4F877
:105AE000A21080F0EA8480F3108800F0C8BB002088
:105AF000324606E002202946FCF706F9BFE30432ED
:105B00000020059968601560CDF80CB0CDE901A9B9
:105B100013E000BF00BF00BF00205246DDF80CB00C
:105B200068600020DDF8089015600122059902FAEE
:105B300000F010F0910F00F0A2830D68002D00F02E
:105B40009E83DAF800B06868BBF1000F08604FF080
:105B50000000686000F04C82B5F90C00B5F90E1039
:105B6000642205F1080611FB0020089509900A96A9
:105B70000AE002204946FCF7C7F800BF00BF00BF9B
:105B8000BBF1000F00F03482D946304609F1080815
:105B9000DBF804B04146FCF74FF9411C40D0C0B2DD
:105BA000012800F04A824046314610AAFCF7F8F876
:105BB000B9F90C00B9F90E10BDF94420BDF9463011
:105BC000099F11FB007002FB03F1814240F23C820D
:105BD000404631460EAAFCF79BF80028D0D0B5F914
:105BE0000810A889B9F90830B5F90AC04218069218
:105BF000501EB9F80C20EF89D646D51806B2B9F96F
:105C00000A006A1EB9F80EA0994212B238DA96421A
:105C10005FEABF92079200263EE000BF00BF00BFD0
:105C2000DAF8000080B14845514607D000BF00BFF8
:105C30000146406840B14845FAD10431D9F8040022
:105C400008600020C9F80400B9F81200C10797D015
:105C500080078ED4EFF3108072B6216FC9F804105C
:105C6000B4F8A21047F6FF72C4F87090914201F1A7
:105C70000101A4F8A21080F0208480F310887FE74F
:105C800004DD96425FEACF96002204E096425FEA86
:105C9000CF965FEADF9207920CEB07028445A2F1F0
:105CA000010217B200EB0A02A2F1010210B22A4669
:105CB0001CDA87425FEABF900025F246CEB30A9E07
:105CC000E0B19942089D05D090B2069989B281420F
:105CD0007FF456AFD8F80070D8F80410BDF838201B
:105CE000B8B2B8464FEA114C0B46B3E0F24619DDA4
:105CF00087425FEACF95002E0A9E1CD03768D6F8FF
:105D00000490B846494658EA1F41BDF83A10BDF81C
:105D10003E201FFA88F0814208BF9044C2EB194030
:105D200007903FE087425FEADF905FEACF95002E61
:105D3000C5D10A9E00E00020079FF7B1002D65D075
:105D40009942089D05D090B2069989B281427FF4AC
:105D500017AF37687168B8B2BDF83820BDF83C603D
:105D60000B0C07930B46B84658EA1F438242A1EB3F
:105D7000060908BF37440A9E15E0002D5BD037683E
:105D80007168B8B2BDF83820BDF83C60B8460B0C5D
:105D900007930B4658EA1F438242A1EB060908BF4E
:105DA00037440A9E089D688AC10719D0800713D41A
:105DB000EFF3108072B6216F6960B4F8A21047F655
:105DC000FF722567914201F10101A4F8A21080F051
:105DD000748380F3108803E002202946FBF794FFC8
:105DE000EFF3108172B6206F002840F0E88181F354
:105DF0001088142004210222FBF736FF002840F00F
:105E0000F081688AC0073FF4BBAE76E3D8F8007033
:105E1000D8F804E0B846714658EA1F41BDF83A1078
:105E2000BDF83E201FFA88F0C2EB1E4C814208BF2D
:105E30009044089D18E00028089D3FF4A1AED8F8D2
:105E40000070D8F80410BDF83820B8B24FEA114CF1
:105E50000B46B846BDF83C6058EA1F438242A1EBAE
:105E6000060E08BF37440A9EDAF8000080B14845A4
:105E7000514607D000BF00BF0146406840B14845C9
:105E8000FAD10431D9F8040008600020C9F80400F0
:105E9000B9F81200C10723D0800715D4EFF31080A2
:105EA00072B6216FC9F80410B4F8A21047F6FF7259
:105EB000C4F87090914201F10101A4F8A21080F0A1
:105EC000FC8280F310880BE002204946CDF81CC00C
:105ED000F246FBF719FFD646DDF81CC0DDF804A03A
:105EE000EFF3108172B6206F78B1B4F8A220466843
:105EF0002667013AA4F8A22013B2B3F1FF3F40F3A2
:105F00000C8381F3108801210CE0CDE906EC14200C
:105F100081F3108804210222FBF7A6FEB0B303210F
:105F2000DDE906EC1FFA88F6002356EA0F43BFB2FC
:105F3000CEEA0C45002202614260026046EA070296
:105F4000059E418243EA0501C0E902213168C1B1E1
:105F5000B1F90C30B1F90E701EFB0CF2089D7B43B9
:105F6000934233460A9E35D90B46496881B3B1F94D
:105F70000C70B1F90E6077430A9E9742F4D804334F
:105F800028E000213346089D0A9E23E0B9F812005C
:105F9000C00740F00483DAF80000F0B1B9F90C1042
:105FA000B9F90E20B0F90C30B0F90E70514303FB73
:105FB00007F28A42524615D90246406880B1B0F9CC
:105FC0000C30B0F90E707B438B42F5D8043209E0F7
:105FD0000433002141601860D2E50020524601E000
:105FE00004320020C9F80400C2F80090C8E500BFE0
:105FF000DAF8000000283FF48FADB5F90C10B5F9C0
:106000000E20B0F90C30B0F90E705143DDF80CB031
:1060100003FB07F28A4252467FF682AD00BF00BF03
:106020000246406800283FD0B0F90C30B0F90E703D
:106030007B438B42F4D8043272E5688AC10736D1BB
:106040000720DDE9029B70E5DAF80000DDF80CB00E
:1060500070B14845514605D00146406840B14845B9
:10606000FAD10431D9F8040008600020C9F804000E
:10607000B9F81200C1073DD0800737D4EFF3108084
:1060800072B6216FC9F80410B4F8A21047F6FF7277
:10609000C4F87090914201F10101A4F8A21080F0BF
:1060A0000C8280F3108825E00432002038E5800758
:1060B000DDE9029B14D4EFF3108072B6216F6960A2
:1060C000B4F8A21047F6FF722567914201F1010171
:1060D000A4F8A21080F0F18180F31088072024E555
:1060E00002202946FBF710FE07201EE50220494644
:1060F000FBF70AFE688ADDF80890C10719D080070F
:1061000013D4EFF3108072B6216F6960B4F8A21057
:1061100047F6FF722567914201F10101A4F8A21030
:1061200080F0CB8180F3108803E002202946FBF742
:10613000EBFDEFF3108172B6206F78B1B4F8A220B6
:1061400047682767013AA4F8A22013B2B3F1FF3FD2
:1061500040F3E38181F31088012109E081F3108885
:10616000142004210222FBF77FFD002878D00321B0
:106170000022C0E90022059E02614182DDE9101281
:10618000C0E902123168B9B1B1F90C30B1F90E7041
:1061900012FB12F27B43934233465CD900BF00BF2F
:1061A0000B46496800294FD0B1F90C70B1F90E6067
:1061B00077439742F4D845E0002133464BE0B4F8EA
:1061C000A220DDF80CB046682667013AA4F8A220A8
:1061D00013B2B3F1FF3F40F3A08181F31088012196
:1061E00002E00321DDF80CB0DDF81CC01FFA88F6D0
:1061F000002356EA0F43BFB20022C9EA0C450261F0
:106200004260026046EA0702059E418243EA0501B8
:10621000C0E902213168D1B1B1F90C30B1F90E7089
:1062200019FB0CF2DDF808907B439342334612D9F8
:106230000B46496841B1B1F90C70B1F90E60774372
:106240009742F5D8043306E00433002103E000212F
:106250003346DDF80890416018600420FFF765BC04
:10626000D4F8A40040F40020C4F8A4000120FFF7F3
:106270005CBCD4F8A40040F40020C4F8A400D4F816
:10628000A4100B9D21F48021C4F8A4106069C203FE
:106290007FF52CABFFF730BB04F1E0050121284668
:1062A0000126FEF741FED4F8EC100844C4F8EC00D7
:1062B00000212846FEF720FE94F8A700400708D4E6
:1062C0006169D4F8C020D4F8DC0001F07F01FDF74B
:1062D000AFFF00212846FEF727FED4F8E81084F827
:1062E000A0600844C4F8E80004F1E0000021FEF7D3
:1062F00003FEE36A002B58D0D4F8A420206BD4F816
:10630000DC1002F00102984705460020FBF7E8FB8D
:1063100004F1E0000021FEF707FED4F8E820012D8B
:1063200002EB0001C4F8E81000F09E802846002D22
:1063300005D440F00401C9B2062940F0928013B0A0
:10634000BDE8F08F04F1E0000121FEF7EDFDD4F887
:10635000EC100844C4F8EC00002084F8A00094F885
:10636000A600800756D5A56E45B347F6FF7603E035
:106370000220FBF7C9FCFDB1688A29466D68C20797
:10638000F9D08007F4D4EFF3108072B6226F4A6020
:10639000B4F8A2202167B24202F10101A4F8A210D0
:1063A00080F08B8080F31088E5E7022084F8A0005D
:1063B000062013B0BDE8F08F0020A066E56E0DB397
:1063C00047F6FF7604E000BF0220FBF79DFCBDB15D
:1063D000688A29466D68C207F9D08007F4D4EFF3C4
:1063E000108072B6226F4A60B4F8A2202167B242D0
:1063F00002F10101A4F8A2105FD280F31088E6E751
:106400000020A066D4F8A400010303D520F40030D6
:10641000C4F8A400E16B09B1206C8847002013B0D8
:10642000BDE8F08FD4F8D41000293EF4BFAF0A685D
:10643000C4F8D42012B90022C4F8D82000220A607F
:10644000C4F8D0104C6080F31088636A83B194F86C
:10645000A70000070CD48A69A06AD20F9847FEF7FC
:10646000A7BF032084F8A000012013B0BDE8F08F7F
:106470002046FEF7C1FCFEF79BBF40F28D3040F690
:10648000354240F29E53C0F20120C0F20122C0F218
:10649000012340F2517103F0FFFB40F28D3040F6D2
:1064A000354240F29E53C0F20120C0F20122C0F2F8
:1064B000012340F2877103F0EFFB40F28D3040F290
:1064C000BC1240F66403C0F20120C0F20122C0F207
:1064D000012340F2563103F0DFFB40F28D3040F6ED
:1064E000354240F6CD43C0F20120C0F20122C0F295
:1064F000012340F69C1103F0CFFB40F28D304FF6A4
:10650000FB7240F60153C0F20120C0F20022C0F23B
:10651000012340F2BA6103F0BFFB40F28D3040F23C
:10652000886240F2E313C0F20120C0F20122C0F2FF
:1065300001234FF45C7103F0AFFB80F3108840F24D
:106540008D3040F2BD5240F67E53C0F20120C0F2C1
:106550000122C0F2012340F2632103F09DFB40F2CF
:106560008D3040F2BD5240F6C423C0F20120C0F28B
:106570000122C0F2012340F2452103F08DFB40F2DD
:106580008D3040F2BD5240F29E53C0F20120C0F265
:106590000122C0F2012340F2462103F07DFB40F2CC
:1065A0008D304FF6FB7240F23043C0F20120C0F252
:1065B0000022C0F2012340F2E26103F06DFB40F2E1
:1065C0008D3040F2B3724FF6E563C0F20120C0F2A5
:1065D0000122C0F2002340F6483103F05DFB40F297
:1065E0008D3040F6354240F68B03C0F20120C0F2F8
:1065F0000122C0F2012340F2D57103F04DFB40F2BD
:106600008D3040F6354241F26903C0F20120C0F2FC
:106610000122C0F2012340F6A20103F03DFB40F24B
:106620008D3040F6354240F2C233C0F20120C0F254
:106630000122C0F2012340F6A30103F02DFBD4D4C4
:10664000EFF3108C72B6437C03F0FE0211444174E8
:106650008CF3108803F001007047D4D4D4D4D4D480
:10666000C2B180B500BF00BF0346006808B12FF07B
:1066700005C8501E196040F009C8084600BF00BF99
:1066800000F11401016008460FF007C00020086007
:10669000BDE88040002A5FEA0F907047D4D4D4D47C
:1066A00080B5B2F1000E16D0FFE74FF0000C08E005
:1066B0000B680360C1F800C01431BEF1010E00D1B7
:1066C00009E0034600BF00BF18461B68002BF3D04B
:1066D0008B42F9D1ECE7002A5FEA0F9080BDD4D459
:1066E00048B10021C0E900110161C0E902114AF678
:1066F000E0414182704710B5044614200421002275
:10670000FBF7B2FA204610BD0146408A4AF6E04245
:1067100020F00F03934218BF7047820700F00F006C
:10672000488200D470470020FBF7EEBAD4D4D4D40A
:10673000427CFF2902F0FC0202F10202427418BFFF
:106740000174418A21F00C0141827047D4D4D4D421
:10675000428AC2F381018B1E022B01D2FF207047B7
:10676000012904D1437C9907F8D4017C01E0017C24
:10677000437C42F0080222F00402428243F001020C
:10678000427408467047D4D4B1F1FF0251EA128135
:1067900001747047D4D4D4D4B0B50446407CFF2BE8
:1067A00000F0FC0000F1020060740ED0B2B11D4692
:1067B00013685068C4E9023029B10122084619461D
:1067C000FBF76AFCA060042001E008200025618A34
:1067D000257421F00C0108436082B0BD40F28D3079
:1067E00040F693524FF6BE63C0F20120C0F2012280
:1067F000C0F2002341F28B1103F04EFAD4D4D4D46A
:10680000B0B50D4604461830342106F0FCFC0020DB
:10681000C4E900006462C4E90200C4E904054AF660
:10682000E0406082042084F840004CF6FE20A4F88A
:10683000420000BF00BF00BF28462D680DB12FF0F9
:1068400005C8046000202060B0BDD4D4D4D4D4D412
:1068500010B50446406940B10146006828B1A04225
:10686000FAD12068086000202060608A4AF6E04182
:1068700020F00F028A4208D1810700F00F006082E9
:1068800003D500202146FBF73FFA206A10BDD4D47F
:10689000427C017F02F0FC020131017700F120010E
:1068A0008161911C4174418A0022027421F00C0123
:1068B00041827047D4D4D4D410B582B0418AC1F398
:1068C0008102931E022B01D202B010BD012A04D115
:1068D000437C9A07F8D4027C01E0027C437C21F0DF
:1068E0000C0143F00103022A01F1080444824374BD
:1068F00010D2816951B100BF91F8202012F0060F2B
:1069000019D00968816109B12FF00BC0032101740E
:1069100002B010BDD8D1826903F0FC030233437486
:106920009368D468C0E902340123037441F0040180
:106930004182116841E042F0040281F8202081691F
:1069400091F82020120712D4427C438A02F0FC0204
:10695000023242740A694969C0E9022102210174C4
:1069600043F0040121F00801418202B010BDB1F9E9
:106970001E40D1E90423CDE90023012C0DDBB1F940
:106980001C40012C09DB6A46183104461046FBF70F
:1069900007FA2046DDE90023A169447CC0E902230F
:1069A0000122027404F0FC0402344474448A44F06A
:1069B000040222F0080242820968816102B010BD1F
:1069C000B0B586B0431C1446012B0D4601D8FBF729
:1069D000D3F8002D18BF002804D002AA00232946AE
:1069E000FBF71AFC4FF0000340B100210022009396
:1069F0002346FAF7E9FB00285FEA0F93184606B032
:106A0000B0BDD4D4D4D4D4D470B586B0431C14460D
:106A10000D46012B4FF00001019101D8FBF7ACF8B6
:106A200010B302AA002329460026FBF7F5FBD8B1D4
:106A300001AB002100220096FAF7C6FB00285FEAAE
:106A40000F900FD1019969B1087800F0E00020287B
:106A50000AD18978C8070AD10020002C18BF11F08C
:106A6000020104D106B070BD002006B070BD012047
:106A700006B070BDD4D4D4D4D0F8A420D102416ED5
:106A80001BD429B14B7C9B0729D40968416659BBAB
:106A9000D10620D4416CF1B1D1004FF000014FF08C
:106AA000040308D4D0F84CC0BCF1000F1EBFC0F8DE
:106AB00064C0012118231A4319E0496809B14166ED
:106AC00012E04FF6F771CFF6EF710B1D00211A405F
:106AD000416604320BE0042300211A4307E04FF61D
:106AE000F771CFF6EF710A4042F008020121C0F8B9
:106AF000A42008467047D4D42DE9F04F83B0054652
:106B000090F874019246894603285FEA0FAB002A89
:106B100000F01D81B5F828012022502320F07001DB
:106B200002EAC002C70003EAC0038818FF0618443F
:106B3000A5F82801B9F80810A5F87A1127D4B5F8F6
:106B40007C0145F25651C5F2555140F2DC52A0FB92
:106B50000116904228BF4FF4FA76FDF7F9F995F83F
:106B60003421042A00F2F38004468846DFE812F05C
:106B70000500EF007F006300A400002085F83801C5
:106B8000022085F834012046C5E9604871E0402BB9
:106B900027D2B5F97621B2F1FF3F02DC0022A5F839
:106BA00076210BB29A4252EAB3828A1AD91013B2F2
:106BB00093FBF1F35BB2072B00F28881DFE803F06F
:106BC000B20404B0B09E9EB8521A490012B240F40A
:106BD0008050C2EB022292FBF1F1022285F83421AF
:106BE000ADE0002AABD0B5F87C0145F25651C5F2B4
:106BF000555140F2DC52A0FB0117904228BF4FF4E0
:106C0000FA77FDF7A5F995F83421042A00F29F8060
:106C100004468846DFE812F005009B0079015C011C
:106C20009101002085F83801042085F834012046C0
:106C3000C5E9604883E1B5F82801D5F88011671AE5
:106C4000CDF808B020F48050A5F8280130464FEA6E
:106C5000E77BFDF769F9381A7BEB0100DDF808B036
:106C600075DBC5E96048042085F834016FE0D5F88C
:106C70008001B5F87C11B5F82821271A881B002659
:106C800056EA2F6742F480514010A5F82811FDF70D
:106C90004BF902460B463046394606F029F980B2D8
:106CA000FF2828BFFF2085F8380150D3C5E9604888
:106CB000032085F834014AE0B5F87C11D5F880014D
:106CC000271A0024881B54EA2F674010FDF72CF97F
:106CD00002460B462046394606F00AF980B2FF28E4
:106CE00028BFFF206FEA000085F838012FD3B5F8E0
:106CF000280140F48070A5F8280128E001EB810309
:106D00004900D21A042312B285F83431C2EB0222B0
:106D100092FBF1F14EF6BF72C1F1FF0110400EE09F
:106D2000032106E0012185F8341140F4805005E08C
:106D3000052185F834114EF6BF7108400021A5F8F1
:106D4000280188B2FF2828BFFF2085F8380195F870
:106D50003401032807D11FFA8BF300200022494693
:106D6000FCF762FAABE0D5F82071002F00F0F48058
:106D7000011F022907D3411E012918D895F8751162
:106D8000C1F3400407E095F875113F68C1F3C004F2
:106D9000C1F380019FB197F83C2002F00203114338
:106DA000002244EA5304BAF1000F0DD12FE000276E
:106DB000012201240121BAF1000F05D127E00027AB
:106DC0000122BAF1000F22D004280AD002281ED1D5
:106DD000B5F82801CB0720F4804008BF00F58040BB
:106DE00013E04FF40050002A18BF0020CB070346E1
:106DF00008BF03F50043B5F82861002A45F6FF7C7B
:106E000050EA138006EA0C031844A5F8280101EAA9
:106E100004001043C0070CD095F87501C0F30110B1
:106E2000811E022931D228464946524600F000FA16
:106E300038E0CE0712D1BAF1000F03D0796A09B158
:106E40003846884799F80110FA684846FDF7F0F986
:106E50003B691BB13846494652469847E00724D162
:106E6000BAF1000F03D0F96A09B1384688472EB14C
:106E700099F80110FA684846FDF7DAF9BB69A3B141
:106E800038464946524698470FE0012803D1002072
:106E90000022002303E0002000224FF6FF73494642
:106EA000FCF7C2F90020FAF71BFE95F838111FFA1B
:106EB0008BF30020002200914946FCF775F8002072
:106EC000FAF70EFE002003B0BDE8F08F002039E78E
:106ED000B5F82801D5F88011661ACDF808B020F46D
:106EE0008050A5F8280138464FEAE67BFDF71CF8EC
:106EF000301A7BEB0100DDF808B0FFF628AFC5E9DA
:106F00006048022085F8340121E7D5F88001B5F802
:106F10007C11231AB5F82801C91B002454EA2F63F9
:106F200040F48050A5F8280148101E46FCF7FCFFED
:106F300002460B4620463146CEE6D5F88001B5F82C
:106F40007C11B5F82821231A002656EA2F63C81BA6
:106F500022F480511F4697E640F2932040F6CC522F
:106F600040F61243C0F20120C0F20122C0F2012318
:106F700040F2254102F090FE2DE9F04381B0044635
:106F8000B0F82801C0F30011C0F340028A4212D1C8
:106F900071B1810981EAD001C9070CD1C14311F057
:106FA000180F05D1410981EA900010F0010006D1C7
:106FB00001B0BDE8F083C04310F0180FF8D1B4F968
:106FC0007611B4F87A01B1F1FF3F02DC0021A4F898
:106FD000761102B2D710914251EAB281A0EB0109B9
:106FE000FCF7B6FFB4F87C3145F25652C5F2555263
:106FF00040F2DC56A3FB0252B4F82851B342884653
:1070000028BF4FF4FA726E0706460ED494F8340186
:107010000528CDD8DFE800F0030337254E3D0020DA
:1070200084F83801C4E9606815E094F83411052942
:10703000BED87800DFE801F003032A1E4A33991A0C
:10704000002084F838014810FCF76EFF301A68EB16
:107050000101C4E96001022084F8340101B0BDE8F7
:10706000F0836FF004005108023017FB009011FB11
:1070700000F027E06FF004015208023117FB019184
:1070800009B2411A2AE0A9EB070017E0A9EB0701B2
:1070900020E0991A042084F83401481021E00420EB
:1070A00084F83401C4E96068002084F8380101B034
:1070B000BDE8F08307EB8700A9EB0000991A00B246
:1070C00049104843790090FBF1F00AE007EB870193
:1070D000A9EB010109B29A1A411A5210514391FBCE
:1070E000F0F0FCF721FF301A68EB0101C4E9600100
:1070F00001B0BDE8F083D4D4F0B581B069B31546D2
:10710000012A3ADB0C460646002705E000BF00BF17
:10711000013D8C3428041ED0A660EFF3108072B6B7
:10712000D6F8241121B10C6004E000BF00BF00BFFD
:10713000C6F82041C6F82441276080F3108894F9EE
:107140003C00B0F1FF3FE3DC04F1400004F1140126
:10715000FFF756FBDCE701B0F0BD40F2932040F6AC
:10716000FC7240F66143C0F20120C0F20122C0F27D
:10717000012340F21B1102F08FFD40F2932040F6F4
:10718000FC7240F21633C0F20120C0F20122C0F2BC
:1071900001234FF48E7102F07FFDD4D4D4D4D4D423
:1071A000B0F8281141F00101A0F828117047D4D49B
:1071B0000029C0F8301108BF7047D34313F4405F73
:1071C00005D0A0F87421097880F87411704780B553
:1071D00040F2932040F2075240F2E153C0F2012006
:1071E000C0F20122C0F201234FF4D27102F054FD2B
:1071F0002DE9F0418EB00DF104080E46074634210A
:1072000040461C46154605F0FEFF002D57EA058056
:10721000002E54EA1681CDE90A0120213846424663
:107220000996FDF799FE0EB0BDE8F081D4D4D4D410
:1072300080B50020FAF754FC002080BDD4D4D4D40B
:10724000F0B5B5B0044690F82B01092800F2088289
:10725000D4F82051DFE810F00A0022003F005A0065
:10726000740087009700F8003901C900002D00F074
:10727000D0812879C10706D1E96940F00100287161
:1072800009B128468847B4F8280194F82B1140F436
:107290002070A4F82801481C84F82B01E96A09B180
:1072A0002846884795F93C00B0F1FF3F03DC05F123
:1072B0004000FFF7EDFAE9682046FDF785FDB4F8D8
:1072C0002801810540F1688120F40070A4F82801AC
:1072D000022084F82B012869002800F04581696AA2
:1072E00009B1284688471BAE3421304605F08BFF94
:1072F00047F259700221C0F20020CDE91D0420465A
:107300003246FDF729FE032084F82B010021204698
:107310000026FDF755FEB0F1FF3F40F31D81052823
:1073200003D0C1B2002940F09F81A96A09B1284663
:1073300088472869002800F08281042084F82B0106
:107340000EAE3421304605F05EFF47F21170022187
:10735000C0F20020CDE9100420463246FDF7FCFDC6
:10736000052084F82B0169692046FDF729FEB0F15C
:10737000FF3F35DD052803D0C1B2002940F07481FC
:10738000062084F82B01296B09B128468847B4F8F8
:107390002801010609D520F08000A4F82801296AF7
:1073A00019B128468847B4F82801C10701D1012046
:1073B0002AE120F00100A4F82801696B09B12846F0
:1073C0008847D4F8883123B1D4F88C0121462A4665
:1073D0009847D4F83011002900F00481087802E1C0
:1073E000002184F82B1135B0F0BDB4F82801C14359
:1073F00011F0600F40F0D28020F00100A4F82801C5
:10740000EFF3108072B6D4F82011002900F01D812E
:107410000D68002D00F0198100260E60C4F82411BB
:1074200080F3108805F14000FFF712FA05E000BF75
:10743000002F2E603D4600F00D81A96B2F680029BA
:10744000F6D028468847F3E7D4F8300100780028C2
:1074500000F00C812046FDF7C7FC01AD3421284621
:1074600005F0D1FED4F8300102212A464068CDE96A
:1074700003042046FDF770FDB4F87C01B4F8281130
:1074800040F6FF62C82898BFC820A4F87C0101EA32
:107490000200A4F828014FF0FF30C4F87601002064
:1074A00084F83401D4F82001082184F82B110068F5
:1074B00058B10179CA0708D141F001010171D4F82E
:1074C00020010068C16901B18847002120460025DC
:1074D000FDF776FDB0F1FF3F42DD052803D0C1B2D4
:1074E000002940F0C180B4F82811480409D5D4F827
:1074F0002001002800F0CA80826A12B19047B4F8D7
:107500002811C80409D5D4F82001002800F0CE8045
:10751000026B12B19047B4F8281108B2B0F1FF3FE6
:107520000ADCD4F820010068002800F0DF80826ABD
:1075300012B19047B4F8281188040AD5D4F8200174
:107540000068002800F0C280026B12B19047B4F8C6
:107550002811C80557D459E084F82B6135B0F0BD27
:1075600084F82B5135B0F0BD6869A8B1696A09B1DA
:107570002846884728AD3421284605F044FE47F2C6
:1075800011700221C0F20020CDE92A0420462A46CB
:10759000FDF7E2FC032064E0042062E0EFF31081D9
:1075A00072B6D4F82051002D52D02868C4F82001BA
:1075B00010B90020C4F824012846002240F8402BCE
:1075C00081F31088FFF744F9D4F8903123B1D4F84F
:1075D000940121462A469847A96B00293AD02846AB
:1075E000884737E00020B4F82821002984F8740186
:1075F00022F06C01A4F8281105D0103810F1100FFA
:1076000001D9072000E0092084F82B01002035B0C3
:10761000F0BDEFF3108072B6B4F8281121F001022A
:10762000A4F8282180F31088C807EFD0D4F8883157
:10763000CBB1D4F88C0100222146984713E0A86909
:1076400000283FF47AAE06200BE080F3108801E0BA
:1076500081F31088B4F8280120F06C00A4F8280108
:10766000002084F82B01012035B0F0BD40F29320BA
:1076700041F2890240F29203C0F20120C0F20122DD
:10768000C0F2012340F63C2102F006FB40F29320B9
:1076900041F2890240F6B853C0F20120C0F2012243
:1076A000C0F2012340F6712102F0F6FA40F2932075
:1076B00041F2890240F6B853C0F20120C0F2012223
:1076C000C0F2012340F6772102F0E6FA40F293205F
:1076D00041F2890240F6B853C0F20120C0F2012203
:1076E000C0F2012340F6832102F0D6FA40F2932043
:1076F00041F2890240F6B853C0F20120C0F20122E3
:10770000C0F2012340F67D2102F0C6FAD4D4D4D4CD
:1077100070B5044690F82A0101280AD0A8B9D4F817
:107720002061B3699BB130460D469847294605460E
:1077300002E0D4F82061002506F14000FFF7BCF814
:10774000002084F82A01284670BD002070BD06255F
:107750000120F6E7D4D4D4D4D0F820010369184727
:10776000B0B50D46FEF7BCFF0446002D18BF002C37
:1077700001D12046B0BD05F1140001222146FEF7DB
:107780006FFF2046B0BDD4D410B5044629B101F135
:10779000140001222146FEF783FF2046BDE8104079
:1077A000FEF7B2BFD4D4D4D42DE9F04F93B01C9CD3
:1077B000002C00F042819146627802F00E02062A07
:1077C00040F04A81C3EB0322B4F908A04FEA122823
:1077D000B4F90A709B46FF2B08BF4FF0FF384FF0FB
:1077E0000002CDE91122CDE90F22CDE9082221B115
:1077F0000A684968CDE9082101E0816809910FAE66
:1078000008A90023324600250095FAF78DFC11984F
:107810000D900021002230460C95FFF7D1F800288A
:1078200000F005810AF10100791C47084E0808A8FC
:10783000310400F1010A38042246C0130590C81330
:10784000049004208DF820000B920FA90CAA08AB1D
:1078500000200424CAF80050CAF80350ADF828707C
:10786000ADF82A60CDE9009BFBF722FC0020FAF777
:1078700037F9BDF834101C980B900C98C91B069072
:107880000844ADF8180006AA08AB00200FA9089418
:10789000ADF82470ADF82650ADF82870ADF82A6028
:1078A000ADF81C70ADF81E60CDE9009BFBF700FC45
:1078B0000020FAF715F90020FAF712F9BDF83400A4
:1078C000059C0C990891001BADF8240001EB5400B5
:1078D0005FFA88F40DF13C08ADF8200008AA0020FA
:1078E00041464B46ADF8266000940394FBF75CFBE1
:1078F0000020FAF7F5F80020FAF7F2F8BDF8361094
:10790000BDF834000C9A049BADF82400C81AADF8F9
:107910002600100CADF8202000EB5300ADF822003B
:1079200008AA002041464B4600944546FBF73CFB25
:107930000020FAF7D5F80020FAF7D2F8BDF8361093
:107940000020CAF800008AF804000C98891B0690F1
:1079500006AA01EB1040ADF81A0008AB002029463A
:107960004FF004088DF82080ADF82660ADF828703F
:10797000ADF82A601C9C0B94ADF81C70ADF81E602D
:10798000CDE9009BFBF794FB0020FAF7A9F8002053
:10799000FAF7A6F8BDF83400BDF836200C9908AB0C
:1079A000C01BCDF820800844ADF81800901B06AA33
:1079B00000EB1140ADF81A0000202946ADF8247004
:1079C000ADF82660ADF82870ADF82A600B94ADF8DC
:1079D0001C70ADF81E60CDE9009BFBF769FB002031
:1079E000FAF77EF80020FAF77BF8BDF83610BDF8FC
:1079F00034000C9A059B891BC01AADF8240002EBD9
:107A00005300ADF8200001EB1240ADF8220008AAA7
:107A100000200399009129464B46ADF82660FBF7FC
:107A2000C3FA0020FAF75CF80020FAF759F80020B2
:107A3000FAF756F813B0BDE8F08F4FF61E7040F21B
:107A40000B2240F64513C0F20020C0F20122C0F222
:107A500001234C2102F020F94FF61E7040F20B2258
:107A600040F25643C0F20020C0F20122C0F20123CE
:107A70004D2102F011F9D4D42DE9F0412DED0E8BFA
:107A800042F6D04044F2A872C0F20120C2F20022B5
:107A900044F2C874951CB0F90810B0F90A00002728
:107AA000C2F200244FEAA1088610B5EE009A9FEDBD
:107AB0001EAAB3EE0EBA9FED1DCAB4EE00DA00BFE7
:107AC000F8B200EE100AB8EE40EA2EEE0A0A20EEF6
:107AD000098AB0EE480A05F08FF920EE0B0ABDEED8
:107AE000C00A10EE100AB0EE480A404425F8040B14
:107AF00005F03AF92EEE0C1A013720EE0B0A082F8A
:107B000021EE0D1ABDEEC00ABCEEC11A11EE100A2C
:107B100004F8010B10EE100A304425F8060CCFD102
:107B2000BDEC0E8BBDE8F081DA0F494000007F43C9
:107B30002DE9F04F85B0002862D08346008944F2D9
:107B4000D0796FF00905BBF80A2000EBD030C2F203
:107B5000002904B202EBD23042F6D042C0F2012238
:107B600006B2D2E901020392029081B13C20FCF7F7
:107B7000DBF944F2D872C2F20022FCF701FA30B10C
:107B800099F80000013000F0070089F8000005EBCB
:107B9000640744F2C87444F2A87805EB6605002631
:107BA000C2F20024C2F200280DF1080A00BF00BF93
:107BB00099F8000014F8012B42F6E0433044C0F27B
:107BC000012300F0070008EB800138F82000498805
:107BD0003844ADF808004819ADF80A0000204FF607
:107BE000FF71CDE9001259465246FBF761FA0020B9
:107BF000F9F776FF0136082EDAD105B0BDE8F08F2F
:107C000040F65A1040F29A4240F27C33C0F2012012
:107C1000C0F20122C0F201238C2102F03DF8D4D43D
:107C2000F0B581B00E4664211546044605F0EBFA26
:107C3000AA8904F11800A968FCF74EFA002847D079
:107C4000EA8904F108006968FCF746FA28B994F853
:107C5000620040F0010084F86200E66341F288515E
:107C60002869C0F20121002851EA0081216000202A
:107C70002A686260B2F5803F3ED393B2E3B3A88A2C
:107C800013B2A4F860001214B1F9100093FBF0F0E5
:107C90002085B1F9121000044FF0000092FBF1F1C1
:107CA000618529D089B239B3A87D01280DD104F1AD
:107CB000480731463846FFF753FDE06B58B194F85A
:107CC000620040F0020084F86200012001B0F0BDC3
:107CD000002001B0F0BDA8690028F6D094F8620039
:107CE0000122394640F0020084F86200A869E0658C
:107CF0000124FEF7B5FC204601B0F0BDD4D4D4D4A5
:107D0000B0B590F86210890758BFB0BD00F14804C3
:107D1000C16B05462046FFF737FDE86D28B101220B
:107D20002146BDE8B040FEF7BBBCB0BDD4D4D4D42E
:107D300090F86220D20702D10830FCF7E9B980B58B
:107D400000F002F8012080BD70B500F118060D4664
:107D50000446304600BF00BFFCF7DAF928B92046D8
:107D600000F092FA30462946F6E7A5F1080005280A
:107D70000FD8DFE800F003071E0E0E0C608E88B3EC
:107D8000013808E0608E20F00300043003E000209A
:107D900001E0608E01306086218D80B2884208D279
:107DA00094F8620010F00C0F18BF70BD40F0040092
:107DB00010E0208E618D0130208682B28A424FF021
:107DC0000001618609D294F86200010704D400F032
:107DD000F300083084F8620070BD2046BDE87040B2
:107DE00000F052BA0020D7E770B582B0EFF31081EF
:107DF00072B6044690F86200420604D481F31088FB
:107E000094F8621012E000F0BF0084F8620081F381
:107E1000108804F11800FCF76FF994F8620040F044
:107E20000C0184F862100020C4E90B00C8074FF071
:107E30000000208712D104F108050DF1070600BFEC
:107E400028463146FCF78CF958B19DF807102046BA
:107E5000FFF77AFF94F86210C807F1D0880704D4BE
:107E60004DE094F86210880749D5226801F00C03B0
:107E700001F0C306C1F38101108A528A46EA8303E6
:107E800084F86230DFE801F02F02182A638EE18D5A
:107E9000A4F846205B1A1E4648BF5E4203EAE3731D
:107EA00046431944A38D4143A4F844605A43A4F8BF
:107EB0004010A4F8422016E0A38D268E0021A4F8DD
:107EC0004010218DF61A013653434143A4F8423045
:107ED0007243A4F84410A4F8462004E0002162682C
:107EE000C4E91012A186218D48430021E08604F1E7
:107EF0004800FEF71DFC94F86210206BE06211F060
:107F0000300F5FEA0F9002B070BDD4D4D4D4D4D473
:107F10002DE9F04F89B016460F4605464FF0000098
:107F2000CDE90700CDE90500CDE9020029B9F9F74F
:107F300023FE0746002800F0058105F1180426B14C
:107F400030687168CDE9020101E0B868039002A9C8
:107F500005AA0023002000903846FAF7E5F8BDF99D
:107F60001C00B5F90420BDF91E10B5F90630ADF8B6
:107F70000C20801A95F862204008ADF80800C81A55
:107F80009107ADF80E304FEA5000ADF80A0042D527
:107F900005F148063046FEF7DBFB01283BD895F893
:107FA0006200C0F3011191B3022905F140020ED124
:107FB000BDF80800B5F84010BDF80A30B5F84270B9
:107FC0000844A5F84000F818A5F8420004E0C007EE
:107FD00002D1288F052805D305A902233046FEF7D4
:107FE000DBFB18E02868AF8E9046B0F81090B0F830
:107FF00012A02046FCF714F9380400F0A6802846A9
:108000002146013F00F0D0F8B0F1FF3FF4DC02213F
:108010003046FEF7B9FB05A802A900220027FEF7AB
:10802000CFFC002800F08B8005A8129EFCF7A0F979
:108030002868FCF7BDFA02A8FCF76EFA9FED580A13
:10804000FCF772F90020FCF7CBF90020FCF7ACF943
:10805000B5F860000021FCF783F93046FCF79CF985
:108060000120FCF749FA05462046FCF7D9F80DF146
:10807000040B0122204659460197FCF79DF8002881
:1080800051D042F614690BF10108C0F201294FF0FA
:10809000000A9DF804006FEA0060B0FA80F104293C
:1080A00041D80126DFE801F0203F06030500022643
:1080B00000E00326474600BF002220463946FCF771
:1080C0007BF880B397F9000010F1410F2BDC0122FF
:1080D00020463946FCF770F8013E01373006EBD1F7
:1080E0009DF804006FEA0060B0F1006F04D3B0FAAD
:1080F00080F019F8007000E0FF2758463946FCF779
:10810000ABFC30B90020FCF7C7FC58463946FCF7F9
:10811000A3FC012220465946CDF804A0FCF74CF8F8
:1081200008B12FF04BC00020FCF7B6FC2846FCF746
:10813000E3F90020F9F7D4FC0020F9F7D1FC002086
:10814000F9F7CEFC09B0BDE8F08FA88E029929643A
:1081500000FB0AF20130A88602EB1140A5F84200AC
:108160002846214600F020F800FB09F2B5F9361048
:10817000A5F8442010B2814205DD2A8FA5F84410ED
:10818000013202FB0AFAE88602A841464246A5F8F7
:1081900046A0F9F7BDFD05A90123304642461EE77A
:1081A00000000000D4D4D4D42DE9F04F81B0EB46C8
:1081B0000D4680460BF1010600244FF0000A002016
:1081C0000090012228465946FBF7F6FF002854D0BC
:1081D0009DF800006FEA0060B0FA80F004284CD8E7
:1081E0004FF001094FF6FF71DFE800F02149080365
:1081F00006004FF0020901E04FF00309374600BFC7
:10820000002228463946FBF7D7FF002835D097F9DA
:10821000000010F1410F30DC012228463946FBF7FF
:10822000CBFFA9F1010901375FEA0960E8D19DF8A8
:108230000000A0F10802052A0FD821460120DFE83E
:1082400002F003071E0C0C13D4FA50F450460BE056
:1082500024F00300041D504606E05FEACA704FF0A8
:10826000010050EA14940020B8F82810A2B2824607
:108270008A422146FFF4A3AF01E04FF6FF7108B236
:1082800001B0BDE8F08FD4D42DE9F04F81B00446A1
:10829000008F04F11805013020872846FBF7C0FF46
:1082A000EB460122284659464FF00008CDF80080E1
:1082B000FBF782FF002857D00BF1010A00269DF83A
:1082C00000006FEA0060B0FA80F004284CD84FF04C
:1082D0000109DFE800F023490B0309004FF0020910
:1082E00004E000BF00BF00BF4FF00309574600BFC6
:1082F000002228463946FBF75FFFA8B397F9000034
:1083000010F1410F30DC012228463946FBF754FFBB
:10831000A9F1010901375FEA0960E9D100980A284B
:1083200022D0C0B20D280BD0092805D0082809D1C9
:108330000120D6FA50F606E026F00300061D02E002
:10834000002600E00136208DB1B281421DD22846C0
:10835000FBF75EFF012228465946CDF80080FBF767
:108360002BFF08B12FF055C82846FBF751FF208E90
:1083700000281CBF0138208694F8620040F00C00F1
:1083800084F8620001B0BDE8F08F2846FBF748FF93
:10839000EDE7D4D4D4D4D4D483B010B581B084461E
:1083A00003A844F2E074C2F200240EC003AB4FF401
:1083B000807120466246009306F01AFE204602F0C5
:1083C000D7F801B0BDE8104003B07047D4D4D4D47E
:1083D00010B540F6F040C0F2012002F0C9F840F2BA
:1083E000CA74C0F20124204602F0C2F840F6E80048
:1083F000C0F2012002F0BCF82046BDE8104002F0B7
:10840000B7B8D4D4D4D4D4D440F25C11C2F2002191
:1084100008707047D4D4D4D482B080B582B08C4672
:108420000146CDE9042304AB00206246019300F02D
:1084300007F802B0BDE8804002B07047D4D4D4D46D
:1084400070B542F61C6C1C46C0F2012C15460E4657
:108450005CF8200002F08CF846B1304602F088F853
:1084600040F2D000C0F2012002F082F840F6304025
:10847000C0F2012002F07CF844F2E0764FF4807103
:10848000C2F200262A463046234606F0B1FD40F2ED
:108490005C10C2F200200478304602F069F8002C2B
:1084A00008BF70BD40F2CA70C0F20120BDE8704044
:1084B00002F05EB8D4D4D4D482B080B582B08C46F9
:1084C0000146CDE9042304AB012062460193FFF786
:1084D000B7FF02B0BDE8804002B07047D4D4D4D416
:1084E00082B080B582B08C460146CDE9042304AB4E
:1084F000022062460193FFF7A3FF02B0BDE880406F
:1085000002B07047D4D4D4D482B080B582B08C4647
:108510000146CDE9042304AB032062460193FFF733
:108520008FFF02B0BDE8804002B07047D4D4D4D4ED
:1085300080B500F025FC002080BDD4D4D4D4D4D4A0
:108540002DE9F04F87B0002B83464FF0000000F07C
:1085500007810E461099002900F00281BBF8020045
:108560001446B04240F28080BBF80020A24240F2A4
:108570007B809F199A461D460B19874288BF851B31
:10858000934240F6881088BF111B8FB240F67241AB
:10859000C0F20120C0F20121324623461FFA85F9BC
:1085A000CDE900970394FFF737FF002F05976BD0B5
:1085B000BBF802200398DDF84480012402FB00612F
:1085C00044F6E000C2F200200023A0EB080C09F101
:1085D000070020F0070057460838A3EB4A0A7F003F
:1085E0002D0404EBD0000490049E09E000BF00BFFE
:1085F000BBF80220059801331144B844834243D0AC
:10860000002DF7D00AFB03C000EB4100102844F610
:10861000E000C2F2002000EB410211D249F001E07B
:10862000404600BF00BF00BF30F8024B24BA240C04
:1086300022F8024B0FF009C0DAE700BF00BF00BF0D
:1086400040464C4646F001E014F001E8083C71FE5B
:108650004D0FB0EC881EB0FF400171FE4D0FA2EC33
:10866000881E0FF00FC8C3E740F6881040F69B1134
:10867000C0F20120C0F2012132462346FFF730FF4D
:10868000012007B0BDE8F08F039F002158463A460D
:1086900000F07EF842F62C600021C0F2012000229A
:1086A00000F0FAF840F6405043F21824C0F20300FC
:1086B00006900698C0F20124A8B148F66515C2F2EA
:1086C0000325287804E000BF00200690069951B1E8
:1086D000C007F9D00120012104F0FEF80698013806
:1086E00006902878F2E706982668002846D146F6D4
:1086F0002802EFF31081C2F20422012080F31088D7
:108700001068002840F65030C4F2400005D1002324
:1087100080F8C431402380F8C431136801331360FA
:1087200081F3108843F6FA724168CFF6FE72114069
:108730000723053141600168114004310160BBF835
:108740000200059A00FB07F1504344F6E002C2F232
:10875000002202EB41014200304602F07DFD002084
:1087600007B0BDE8F08F00BF0120012104F0B4F88C
:1087700006980138069006980028B8D0B06880683E
:1087800010F0110FF0D10020F4E7D4D4D4D4D4D415
:10879000F0B583B04079144640F6405702220228D3
:1087A000C0F2030728BF313108BA0DF1020138BF0A
:1087B0003134000CADF8020042F62D60C0F2012009
:1087C00000F06AF8019743F21826019848F66515FB
:1087D000C0F20126C2F2032588B1287804E000BF68
:1087E00000200190019951B1C007F9D00120012169
:1087F00004F072F80198013801902878F2E70198A6
:108800003668D8B920BA0DF10201000CADF80200AB
:1088100042F62E600222C0F2012000F03DF80297DD
:10882000029860B3287817E00120012104F054F881
:1088300001980138019001980028E3D0B068806861
:1088400010F0110FF0D10020F4E700BF00BF00BF0F
:1088500000200290029991B1C007F9D001200121B6
:1088600004F03AF80298013802902878F2E700BF45
:108870000120012104F030F802980138029002989A
:1088800030B1B068806810F0110FF1D10020F5E729
:1088900003B0F0BDD4D4D4D42DE9F04F83B040F66A
:1088A000405343F21825C0F203030193019B48F69D
:1088B000651491468A460746C0F20125C2F2032498
:1088C0008BB120780AE000BF0120012104F004F8F8
:1088D0000198013801902078019921B1C007F3D1A6
:1088E00000200190F8E701982E6800284ED146F646
:1088F0002801EFF31080C2F204214FF0010888F341
:10890000108840F650350A68C4F240052AB90022A2
:1089100085F8C421402285F8C4210A6843F6FA7B11
:1089200001320A6080F31088CFF6FE7B686800EAA7
:108930000B0004306860286800EA0B0004302860EF
:10894000012001F015F8012207233046394684F84A
:10895000008002F081FC00B3024640F6756040F6EC
:10896000F351C0F20120C0F2012103B0BDE8F04F85
:10897000FFF7CABD00BF00BF0120012103F0ACFF1B
:1089800001980138019001980028B0D0B068806843
:1089900010F0110FF0D10020F4E740F64050C0F283
:1089A000030002900298D0B1207805E000BF00BF1C
:1089B00000200290029991B1C007F9D00120012155
:1089C00003F08AFF0298013802902078F2E700BF96
:1089D0000120012103F080FF0298013802900298E3
:1089E00030B1B068806810F0110FF1D10020F5E7C8
:1089F000BAF1000F18BFB9F1000F08D1286800EADA
:108A00000B0040F00500286003B0BDE8F08F6868F7
:108A100000EA0B0040F0050068600120012500F02D
:108A2000A7FF0723304651464A46257002F014FC42
:108A30000028E9D0024640F6756040F2DF31C0F20E
:108A40000120C0F2012190E72DE9F04F83B00446E8
:108A5000407900912688012806D8678831364FF082
:108A600031094FF0000806E060884FF000094FF030
:108A7000310800F1310740F6513540F6F001C0F2FF
:108A8000012540F6405BC0F2012128464A46C0F26B
:108A9000030BFFF7C1FC1FFA86FA40F6E751C0F25C
:108AA000012128465246FFF7B7FC40F24C612846A8
:108AB000C0F201214246FFF7AFFCBFB240F2AB412A
:108AC000C0F2012128463A46FFF7A6FCCDF808B0CF
:108AD00043F218250298C0F20125A0B148F66516A8
:108AE000C2F20326307809E00120012103F0F4FEF0
:108AF0000298013802903078029921B1C007F3D171
:108B000000200290F8E702982D68B8BB207903286E
:108B100040F0278100208DF80400781E8DF80700B2
:108B2000010A8DF8061040F6513040F2CD71C0F2C6
:108B30000120C0F201218DF80580FFF76DFC42F69F
:108B40002D6001A9C0F201200422FFF7A5FECDF897
:108B500008B0029898B348F66514C2F2032420784E
:108B600020E000BF00BF00BF0120012103F0B4FEE0
:108B700002980138029002980028C7D0A86880683F
:108B800010F0110FF0D10020F4E700BF00BF00BFCC
:108B90000120012103F0A0FE029801380290207804
:108BA000029961B1C007F3D100200290F8E700BF3D
:108BB0000120012103F090FE0298013802900298F2
:108BC00030B1A868806810F0110FF1D10020F5E7EE
:108BD00000208DF80400AAF101008DF80700010AB9
:108BE0008DF8061040F6513040F6FE01C0F201202B
:108BF000C0F201218DF80590FFF70EFC42F62E60C1
:108C000001A9C0F201200422FFF746FECDF808B00A
:108C10000298E0B148F66514C2F20324207809E016
:108C20000120012103F058FE0298013802902078BB
:108C3000029961B1C007F3D100200290F8E700BFAC
:108C40000120012103F048FE0298013802900298A9
:108C500030B1A868806810F0110FF1D10020F5E75D
:108C600042F62C600021C0F201200022FFF714FE22
:108C7000CDF808B00298F0B148F66514C2F20324AA
:108C800020780BE000BF00BF0120012103F024FE8B
:108C90000298013802902078029961B1C007F3D19F
:108CA00000200290F8E700BF0120012103F014FE2C
:108CB000029801380290029830B1A868806810F0DC
:108CC000110FF1D10020F5E740F651304FF6557104
:108CD000C0F20120C0F20021FFF79EFB009843F292
:108CE000084E00BA000CADF80400A0EE300B44F6BC
:108CF000E000C2F2002000BFA0EC101E0FF005C083
:108D000046F62802EFF31081C2F20422012080F31C
:108D100010881068002840F65030C4F2400005D199
:108D2000002380F8C431402380F8C4311368013334
:108D3000136081F3108843F6FA724168CFF6FE7231
:108D40001140072305314160016811400BF54D5278
:108D50000431016044F6E0012846C2F2002102F02D
:108D60007BFA40F6513040F69831C0F20120C0F253
:108D70000121FFF751FB002003B0BDE8F08FD4D4F0
:108D80002DE9F04F99B0039040F60750ADF82C0054
:108D900005200A9040F60450ADF8340040F600403B
:108DA0000024C0F201400C9040F60551ADF83C1093
:108DB00040F605410E9140F60151ADF84410109077
:108DC00040F60251ADF84C10129040F60350ADF849
:108DD00054000620ADF81C000AA8CDE9080416A826
:108DE00007A94025CDE90444149502F069FC43F23B
:108DF0001820C0F20120D0E90001CDE9011002F0F5
:108E0000A7F840F230504FF66071C0F20120C0F276
:108E10000021FFF701FBEFF31080012181F310889F
:108E200046F62801C2F204210A682AB940F6145213
:108E3000C4F24002147015700A6846F24874013298
:108E40000A60C2F2042480F3108840F60751012220
:108E5000204602F0FDFC64204FF47A7103F03CFDE3
:108E600040F60751002220464FF0000B02F0F0FCC4
:108E70000120012103F030FD40F607510122204678
:108E800002F0E6FC04204FF47A7103F025FD40F671
:108E900007510022204602F0DBFC05204FF47A71D6
:108EA00003F01AFD40F607510122204602F0D0FCE3
:108EB00040F2305A40F66431C0F2012AC0F201217A
:108EC0005046FFF7A9FA42F6446640F2D778C0F25E
:108ED0000126C0F20128771D16E000BF00BF00BFC9
:108EE0002D7940F219115046C0F201212A46FFF7B0
:108EF00093FA4FF47A71284603F0EEFC0BF1010B64
:108F00001837BBF1190F43D00BEB4B0056F83090DC
:108F100006EBC005B9F1000FE2D00020FFF774FAAC
:108F200099F8002040F222315046C0F20121FFF7AB
:108F300073FA2C79E4B141F21E00C0F2012001F075
:108F400017FB3E46A24600BF16F8011B4046FFF73E
:108F500023FABAF1010AF7D140F2305A42F64466D8
:108F6000C0F2012AC0F2012603E000BF00BF00BF2B
:108F7000002440F2CA70C0F2012001F0F9FA012089
:108F8000FFF742FA691D48462246FFF785FCB5E720
:108F90000A204FF47A7103F09FFC42F62F6004AF71
:108FA000C0F201200422394600F0E2F840F64050B9
:108FB00048F66518C0F2030018901898C2F203280A
:108FC000029DE0B198F8000006E000BF00BF00BFBE
:108FD00000201890189991B1C007F9D00120012103
:108FE00003F07AFC18980138189098F80000F1E71F
:108FF0000120012103F070FC18980138189018988E
:1090000030B1A868806810F0110FF1D10020F5E7A9
:1090100040F230549DF811209DF812309DF8130055
:10902000C0F2012440F6B111C0F2012100902046A7
:109030007E1CFFF7F1F942F630600522C0F20120F4
:10904000394600F095F80020FFF7DEF940F23431A0
:109050002046C0F20121FFF7DFF940F22324042764
:10906000C0F2012400BF00BF16F8011B2046FFF725
:1090700093F9013FF8D140F2CA70C0F2012001F02B
:1090800077FA0120FFF7C0F9019848F66012C2F2A2
:109090000322006A018880781180907044F6E00015
:1090A00044F28001C2F20020C0F20301FF2204F06A
:1090B000A5F8039F40F2E010C0F2DE007979386035
:1090C00003203871022902D0384600F019F9F7F769
:1090D000FBFAF7F7C5FB06460C464FF6FF7138461C
:1090E000FFF7B2FC41F68020C0F2060018901898F5
:1090F000C8B198F8000003E000201890189991B1C9
:10910000C007F9D00120012103F0E6FB18980138CF
:10911000189098F80000F1E70120012103F0DCFB32
:10912000189801381890189830B1A868806810F025
:10913000110FF1D10020F5E7F7F7C6FAF7F790FB2A
:10914000821B40F2305061EB040341F22601C0F271
:109150000120C0F20121FFF7AFF94FF6FF71384649
:10916000FFF772FC002019B0BDE8F08FD4D4D4D43E
:109170002DE9F04F83B040F6405A43F21825C0F273
:10918000030ACDF804A0019B48F6651489460746FA
:10919000C0F20125C2F20324009283B1207809E0D5
:1091A0000120012103F098FB0198013801902078FB
:1091B000019921B1C007F3D100200190F8E701988F
:1091C0002E6800284AD146F62801EFF31080C2F23B
:1091D00004214FF0010888F3108840F654350A68DE
:1091E000C4F240052AB9002285F8C021402285F842
:1091F000C0210A6843F6FA7B01320A6080F31088C6
:10920000CFF6FE7B286800EA0B000430286055F892
:10921000040C00EA0B00043045F8040C012000F0B7
:10922000A7FB012207233046394684F8008002F06C
:1092300013F8D0B1024640F2251040F6F351C0F2C7
:109240000120C0F2012152E00120012103F044FB82
:1092500001980138019001980028B4D0B068806866
:1092600010F0110FF0D10020F4E7CDF808A002981B
:10927000C8B1207804E000BF00200290029991B1AB
:10928000C007F9D00120012103F026FB0298013824
:1092900002902078F2E700BF0120012103F01CFBBF
:1092A000029801380290029830B1B068806810F0DE
:1092B000110FF1D10020F5E7286800EA0B0040F01B
:1092C00005002860002000F053FB012020700723D8
:1092D00030464946009A01F0B7FF68B1024640F2B5
:1092E000251040F2DF31C0F20120C0F2012103B0AD
:1092F000BDE8F04FFFF708B903B0BDE8F08FD4D454
:109300002DE9F04383B00C46814640F2AE6040F256
:10931000BA4140F64058C0F20120C0F20121224675
:10932000C0F20308FFF778F8CDF8088043F218265A
:109330000298C0F20126B0B148F66517C2F20327C1
:1093400038780BE000BF00BF0120012103F0C4FA10
:109350000298013802903878029921B1C007F3D100
:1093600000200290F8E70298376838BB022C00F022
:10937000F980012C4ED0002C40F09C8128208DF8E3
:10938000040042F6316001AEC0F2012001223146F4
:10939000FFF782FACDF80880029880B348F6651589
:1093A000C2F20325287817E00120012103F094FA86
:1093B00002980138029002980028D7D0B8688068D7
:1093C00010F0110FF0D10020F4E700BF00BF00BF84
:1093D00000200290029991B1C007F9D0012001212B
:1093E00003F07AFA0298013802902878F2E700BF79
:1093F0000120012103F070FA0298013802900298CE
:10940000002800F08E81B868806810F0110FEFD14D
:109410000020F3E7E8208DF8040042F6316001AE49
:10942000C0F2012001223146FFF736FACDF808805C
:109430000298E0B148F66515C2F20325287803E0EA
:1094400000200290029991B1C007F9D001200121BA
:1094500003F042FA0298013802902878F2E700BF40
:109460000120012103F038FA029801380290029895
:1094700030B1B868806810F0110FF1D10020F5E725
:109480000FF29C400422314690ED001F42F62D6001
:10949000C0F2012086ED000FFFF7FEF9CDF808803D
:1094A0000298E0B148F66515C2F20325287803E07A
:1094B00000200290029991B1C007F9D0012001214A
:1094C00003F00AFA0298013802902878F2E700BF08
:1094D0000120012103F000FA02980138029002985D
:1094E00030B1B868806810F0110FF1D10020F5E7B5
:1094F00040F60160ADF8060042F62E6001A9C0F208
:1095000001200422FFF7C8F9CDF808800298F0B1D5
:1095100048F66515C2F20325287805E000BF00BFB4
:1095200000200290029991B1C007F9D001200121D9
:1095300003F0D2F90298013802902878F2E700BFD0
:109540000120012103F0C8F9029801380290029825
:10955000002800F08D81B868806810F0110FEFD1FD
:109560000020F3E748208DF8040042F6316001AE98
:10957000C0F2012001223146FFF78EF9CDF80880B4
:109580000298E0B148F66515C2F20325287803E099
:1095900000200290029991B1C007F9D00120012169
:1095A00003F09AF90298013802902878F2E700BF98
:1095B0000120012103F090F90298013802900298ED
:1095C00030B1B868806810F0110FF1D10020F5E7D4
:1095D0000FF23C300422314690ED001F42F62D6020
:1095E000C0F2012086ED000FFFF756F9CDF8088094
:1095F0000298E0B148F66515C2F20325287803E029
:1096000000200290029991B1C007F9D001200121F8
:1096100003F062F90298013802902878F2E700BF5F
:109620000120012103F058F90298013802900298B4
:1096300030B1B868806810F0110FF1D10020F5E763
:109640004DF60170ADF8060042F62D6001A9C0F29A
:1096500001200422FFF720F9CDF808800298F0B12C
:1096600048F66515C2F20325287805E000BF00BF63
:1096700000200290029991B1C007F9D00120012188
:1096800003F02AF90298013802902878F2E700BF27
:109690000120012103F020F902980138029002987C
:1096A000002800F02181B868806810F0110FEFD118
:1096B0000020F3E788208DF8040042F6316001AE07
:1096C000C0F2012001223146FFF7E6F8CDF808800C
:1096D0000298E0B148F66515C2F20325287809E042
:1096E0000120012103F0F8F802980138029028784F
:1096F000029961B1C007F3D100200290F8E700BFE2
:109700000120012103F0E8F8029801380290029844
:1097100000283ED0B868806810F0110FF0D100200A
:10972000F4E77FA00422314690ED001F42F62D6041
:10973000C0F2012086ED000FFFF7AEF8CDF80880EB
:109740000298E0B148F66515C2F20325287803E0D7
:1097500000200290029991B1C007F9D001200121A7
:1097600003F0BAF80298013802902878F2E700BFB7
:109770000120012103F0B0F802980138029002980C
:1097800000283ED0B868806810F0110FF0D100209A
:10979000F4E75FA00422314690ED001F42F62D60F1
:1097A000C0F2012086ED000FFFF776F8CDF80880B3
:1097B0000298E0B148F66515C2F20325287809E061
:1097C0000120012103F088F80298013802902878DE
:1097D000029961B1C007F3D100200290F8E700BF01
:1097E0000120012103F078F80298013802900298D4
:1097F000002841D0B868806810F0110FF0D1002027
:10980000F4E740F60160ADF8060042F62E6001A9CB
:10981000C0F201200422FFF73FF8CDF8088002983B
:10982000E8B148F66515C2F20325287804E000BFC8
:1098300000200290029991B1C007F9D001200121C6
:1098400003F04AF80298013802902878F2E700BF46
:109850000120012103F040F802980138029002989B
:1098600030B1B868806810F0110FF1D10020F5E731
:109870004FF4F071DE203AE04DF60170ADF80600CD
:1098800042F62D6001A9C0F201200422FFF704F87E
:10989000CDF808800298F0B148F66515C2F20325AC
:1098A00028780BE000BF00BF0120012103F014F86D
:1098B0000298013802902878029961B1C007F3D16B
:1098C00000200290F8E700BF0120012103F004F816
:1098D000029801380290029830B1B868806810F0A0
:1098E000110FF1D10020F5E7DE214FF4F070A9F857
:1098F00000000020A9F8021089F8054003B0BDE877
:10990000F08300BF00BF00BF00BF00BF00BF00BFAB
:109910000000000000000000010000000E00000038
:10992000000000000000000001000000DF00000057
:109930000279022A08D0012A10D148F665100021C8
:10994000C2F203200170704740F6A23040F66F610A
:10995000C0F20120C0F20121FEF7C2BD40F6A230E4
:1099600040F61C61C0F20120C0F20121FEF7CCBD1F
:109970002DE9F04381B043F218210446C0F20121E1
:1099800043F29C0048F66018C0F201200E68C2F253
:109990000328002C50EA0889B568296999F8010064
:1099A000C1F3015100F0030291421BD1296999F8DA
:1099B0000020C1F307218A4214D12969C0F3800035
:1099C000C1F3001181420DD1686998F80210002C92
:1099D00051EA1481C0F3C010C9B2884202D101B06B
:1099E000BDE8F08340F64050C0F2030000900098BC
:1099F000E8B148F66517C2F20327387804E000BFE3
:109A000000200090009991B1C007F9D001200121F8
:109A100002F062FF0098013800903878F2E700BF4A
:109A20000120012102F058FF0098013800900098B1
:109A300030B1B068806810F0110FF1D10020F5E767
:109A40001420012102F048FF99F801002A6922F44C
:109A50004012002C00F0030100F0040042EA015122
:109A6000296199F800102A6922F47F4242EA012113
:109A70002961296921F0100141EA8000286198F8E4
:109A800002004FF0010118BFC4016A69E309142004
:109A900063F3C7126A6101B0BDE8F04302F01CBF76
:109AA00000F00EB8D4D4D4D480B500F0E9F800208A
:109AB00080BDD4D4D4D4D4D400207047D4D4D4D44A
:109AC000B0B588B048F668148C21C2F20324204651
:109AD00003F099FB4FF6FF70E06049F6813004F126
:109AE0001807C0F2002049F6314149F6394249F6DB
:109AF000414349F6494C49F6514EC0F20021C0F2AB
:109B00000022C0F20023C0F2002CC0F2002E49F661
:109B1000614587E80F5049F6694048F6F411C0F2F4
:109B20000020A063DE20C2F20321C0F29010019059
:109B300040F2B0400391C0F2001048F6A4610490D6
:109B40004FF4FC60ADF8180001208DF81A0048F6BB
:109B5000A470C2F203210291C2F2032001AA21469D
:109B6000C0F200252563FEF75BF849F29800012258
:109B7000C2F203202146FDF7BFFA08B0B0BDD4D42D
:109B800070B584B00C46B1F908004FF6486115462F
:109B9000C0F20101B4F90A300844DE22DA30194477
:109BA0004008ADF8080042F6E04002AEC0F2B8123C
:109BB00049080392ADF80A10C0F201200022802368
:109BC000009020463146FDF7EFFD48F6A470FF21D6
:109BD000C2F203200091214632462B46FEF798F947
:109BE0000020F7F77DFF2046FAF7C2FB42F6AC20D3
:109BF000C0F20120FAF7DCFC0020FAF78DFC4FF4EC
:109C000078404FF6FF71FAF7ABFB00200021FAF71E
:109C1000ABFC40F6F540C0F20120FAF779FE0020D7
:109C2000F7F75EFF0020F7F75BFF002004B070BD80
:109C30007047D4D4D4D4D4D47047D4D4D4D4D4D4C6
:109C40007047D4D4D4D4D4D47047D4D4D4D4D4D4B6
:109C500048F6A470C2F20320FEF7C6B8D4D4D4D418
:109C60007047D4D4D4D4D4D410B5044648F6A470E4
:109C7000C2F20320FEF744F80020A06010BDD4D447
:109C800048F6A4710246C2F2032108461146FEF7C7
:109C90004FB8D4D4D4D4D4D4074640F22B2072B6D3
:109CA000C0F201201C4615460E4604F044F840F66A
:109CB000D710C0F2012004F03EF8384604F03BF81B
:109CC00040F24A103146C0F2012004F01FF840F281
:109CD000D200C0F2012004F02EF8284604F02BF840
:109CE00040F63370C0F2012004F025F8204604F05D
:109CF00022F843F21C10C0F20120046800BF00BF2C
:109D00004FF485710122204601F0A2FDC8204FF4D6
:109D10007A7102F0E1FD4FF485710022204601F0D6
:109D200097FDC8204FF47A7102F0D6FDE8E7D4D44D
:109D3000B0B540F6081072B64EF62855C0F20120B4
:109D4000CEF2000503F0F7FF6868002807D46868C2
:109D500040000AD540F63D70C0F2012003E040F219
:109D6000FD60C0F2012003F0E6FF40F68360EFF3F0
:109D70000884C0F2012003F0DEFF40F6763021684F
:109D8000C0F2012003F0C2FF40F637106168C0F254
:109D9000012003F0BBFF40F2C560A168C0F20120C2
:109DA00003F0B4FF41F24000E168C0F2012003F08B
:109DB000ADFF40F23D502169C0F2012003F0A6FF43
:109DC00040F60E606169C0F2012003F09FFF4FF67C
:109DD0006A70A169C0F2002003F098FF4FF6787016
:109DE000E169C0F2002003F091FF40F6B430C0F208
:109DF000012003F0A0FF40F24B502968C0F201207F
:109E000003F084FF40F6295055F8241CC0F20120CD
:109E100003F07CFF40F6D8306968C0F2012003F0FF
:109E200075FF40F25F50C0F2012003F084FF40F262
:109E3000D120EFF30581C0F2012003F067FF28680D
:109E4000800105D540F61620C0F2012003F073FF13
:109E50002868C00105D540F2DF70C0F2012003F090
:109E60006AFF2868C00224D540F2D360C0F2012006
:109E700003F061FF40F232102146C0F2012003F0EE
:109E800045FF40F63D50EFF30A81C0F2012003F098
:109E90003DFF41F2A200EFF30981C0F2012003F07F
:109EA00035FF40F28350EFF30B81C0F2012003F045
:109EB0002DFF2868000305D540F24430C0F2012090
:109EC00003F039FF2868400305D541F24E00C0F287
:109ED000012003F030FF2868800305D540F63520C7
:109EE000C0F2012003F027FF2868C00305D540F623
:109EF000EC30C0F2012003F01EFF286880050FD56A
:109F000040F60230C0F2012003F015FF286800047B
:109F100006D540F69A402969C0F2012003F0F6FE0A
:109F20002868C00505D540F6A560C0F2012003F001
:109F300002FF00BEB0BDD4D400207047D4D4D4D426
:109F40002DE9F04186B015460C46064600BF00BF1D
:109F5000304621462A46FFF7EFFF08B12FF009C02F
:109F600049F20808002DC2F2032843D049F208073D
:109F7000C2F203273846FDF737FF68B197F888101B
:109F80000020C7E91A0007F17000FCF759FB4FF6F3
:109F90000170A7F8880009E007F17000012101268F
:109FA000FCF74EFB97F8880001281ED140F6B83028
:109FB000F9F7BAFF07F168063246F9F7E1FF18B181
:109FC000002087F888000DE03046F9F7F5FFF9F733
:109FD000CBFF6FF0FE02821A71F1FF314FF0FF31BB
:109FE00051EAB0B0002687F8890007F170003146C9
:109FF000FCF726FBD42098F88910C0F2C800059021
:10A000000020049042F6E04004AE4B08C0F201206C
:10A0100048F21042009020463146FDF7C5FB98F803
:10A02000890021460090404632462B46FDF770FFDE
:10A030000020F7F755FD0020F7F752FD9FED3C0A91
:10A04000FAF772F9FF20FAF7A7F90020FAF7ACF94E
:10A050000020FAF7C5F90020FAF796F92046FAF73A
:10A0600087F941F28850C0F20120FAF7A1FA0020E6
:10A07000FAF752FA2AA002AA44F20823DF2190ED4F
:10A08000001F0020009121468AED000FF8F78CFF99
:10A090000020F7F725FD4FF4FC600021FAF760F986
:10A0A0003A200021FAF760FA49F29805C2F2032536
:10A0B000D5F80801F0B1F9F733FFD5F8082140F2DF
:10A0C000E631B0FBF2F0884206D8F9F729FFD5F85F
:10A0D0000821B0FBF2F401E040F2E7340021104621
:10A0E000F9F742FF024640F2D340C0F20120214678
:10A0F000FAF78AFCD5F814010021F9F735FF01467B
:10A1000040F29450C0F20120FAF77EFC0020F7F7ED
:10A11000E7FC002006B0BDE8F08100BF00BF00BF33
:10A1200000000000D0010000DE0000000800000078
:10A1300000000000D4D4D4D480B582B0B1F90EC0F0
:10A14000B1F90C00B1F91020B1F912304969009150
:10A15000614600F02DFA49F298000021C2F2032076
:10A1600002B0BDE88040FAF747BED4D4D4D4D4D4EA
:10A170007047D4D4D4D4D4D4F0B587B043F2A80077
:10A180006A46C0F20120114649F20804C8C8C8C195
:10A1900090E8E800C2F20324E8C10021204600272D
:10A1A000FDF73EFD04F1700501212846FCF748FA51
:10A1B000DC20C0F2C800C4E91E700020F7F790FC54
:10A1C00040F270160122C2F2002629463046FCF702
:10A1D00047FA42F2DD70C4F8840049F2980049F66B
:10A1E0004171C2F20320C0F2002100223346C4E9CB
:10A1F0001A77FCF7FDFF07B0F0BDD4D4D4D4D4D483
:10A20000B0B596B049F298044FF4CC71C2F2032471
:10A21000204602F0F8FF43F2C4016D46C0F201216E
:10A220005822284602F0F4FF20462946FAF7C0FCDF
:10A23000B0F1FF3F23DDDE210020C0F2E011CDE9C7
:10A2400000016846FAF72CF84FF0FF30C4F8F00030
:10A250001E20C4F81001F9F727FEF6F745FCFFF7BA
:10A260008BFFF9F775FEC4E9460140F28411C2F292
:10A27000002101222046FCF73FFF16B0B0BD40F69A
:10A28000CB6040F600024FF6BE63C0F20120C0F280
:10A290000122C0F2002340F2C221FFF7FDFCD4D41A
:10A2A00049F29800C2F20320FCF7CABFD4D4D4D438
:10A2B000B0B584B0B1F9080015464FF69C720C4653
:10A2C000B1F90A10C0F201021044402311444008C1
:10A2D000ADF8080042F6E04049084FF064120392DE
:10A2E000ADF80A10C0F2012002A900220090204619
:10A2F000FDF75AFA0020F7F7F3FB20462946FDF751
:10A3000017FC0020F7F7ECFB0020F7F7E9FB002033
:10A3100004B0B0BDD4D4D4D47047D4D4D4D4D4D41D
:10A320007047D4D4D4D4D4D42DE9F04F81B02DEDDE
:10A33000028B8246F9F70CFE49F298058146C2F27B
:10A34000032588462846FAF7CFFDB5F81031834635
:10A35000D5E93A20C5F81401002B65D005F1F007C6
:10A36000D5F8FC40B5F81261013B83CFA5F8103158
:10A37000824252EA3080C5F8F0008A4252EAC18037
:10A38000C5F8F400B81844EBE271D5E94074BF1881
:10A39000C5E93E0144EBE274002A56EA06921E0427
:10A3A000C5E94074A5F812213ED1130407D092B23A
:10A3B000002302F019FF012898BF012000E00020CF
:10A3C000D5E94621C5F8080188EA010389EA0206B1
:10A3D000334319D0B9EB0209384668EB010821462E
:10A3E00002F06EFD41EC180B4846414602F04CFD70
:10A3F00041EC100B9FED111A88EE000BB7EEC00B6D
:10A4000020EE010A85ED430A4FF0FF300021C5E937
:10A410003C011E20C5F81001C5E93E11C5E94011F7
:10A42000F9F796FDC5E9460150465946FFF7A0FEEB
:10A430000120BDEC028B01B0BDE8F08F0000C842E6
:10A4400043F25C10C0F20120D0E9000100F0E0F816
:10A45000FDF7BEFF00204FF00009F6F78DF943F23B
:10A46000E010C0F20120D0E90041204601F044FB99
:10A47000204601F00DFD46F23C700221C2F204209C
:10A480004171FEF755F8F7F7D3FEFFF7B9FEFFF776
:10A4900007FB49F2980442F60461C2F20324C0F2B9
:10A4A000012100222046FCF783FE2046FCF778FEBF
:10A4B00046F2427746F244744CF6CD4A49F6991674
:10A4C00040F6DE1841F2B305C2F20427C2F20424BA
:10A4D000CCF6CC4AC1F69916C0F20128C0F201258B
:10A4E00008E000BF00BF00BF284603F00FFC206853
:10A4F00001302060FFF7D4FE38780128FAD12168B6
:10A5000087F8009001FB0AF04FEA7000B042EBD8E8
:10A51000404603F010FC2168E6E7D4D4D4D4D4D468
:10A520000079002818BF704710B582B043F21C10A4
:10A530000DF10702C0F201204FF485710468204636
:10A5400001F072F99DF807004FF4857101285FEA68
:10A550000F92204601F07CF946F242700121C2F2CE
:10A560000420017002B0BDE810407047D4D4D4D4A8
:10A570000378002B08BF704746F25071C2F20421E5
:10A580004A6A00BF00BF00BF13714A6A00BF00BF24
:10A59000936C9B00FCD510F8013F0BB12FF00DC060
:10A5A0007047D4D4D4D4D4D47047D4D4D4D4D4D44D
:10A5B000B0B582B01FFA80FC46F23C701FFA81FEF3
:10A5C000069D94B2C2F2042099B2CDE9001561460D
:10A5D00072462346FDF7B4FF002002B0B0BDD4D4CC
:10A5E000022818BF704746F2487043F2EC41C2F2AD
:10A5F0000420C0F2012101F063B8D4D4D4D4D4D45F
:10A6000080B5FFF71DFF002080BDD4D4D4D4D4D4AE
:10A610002DE9F0470D46097848F200020446C4F2DD
:10A62000350202EB01206062002020702562A278D2
:10A630006969A162A969C4E90B0122F00300D5F898
:10A640001C80411CA170697811B940F00200A07013
:10A6500095F90B204EF20019CEF20009012650099F
:10A6600002F01F034CF2003AA97A09EB800006FAC7
:10A6700003F3C4F2000A4EF6185CC0F88030CEF244
:10A68000000CBFF34F8FBFF36F8F5AF82230002AB0
:10A6900023F480334AF822304FEA01115AF822306D
:10A6A00004D409EB020383F8001304E002F00F0363
:10A6B000634403F8041C46F62C010120C2F2042175
:10A6C00041F8224095F90520530902F01F06B040D9
:10A6D0002E7909EB8303002AC3F880004FEA0613A2
:10A6E000BFF34F8FBFF36F8F5AF8220020F48030F2
:10A6F0004AF822005AF8220004D409EB020080F83C
:10A70000003304E002F00F00604400F8043C41F81C
:10A710002240012695F90720500902F01F0306FA8E
:10A7200003F3AE7909EB8000002AC0F880304FEACD
:10A730000613BFF34F8FBFF36F8F5AF8220020F438
:10A7400080304AF822005AF8220004D409EB0200B3
:10A7500080F8003304E002F00F00604400F8043C8D
:10A7600041F82240012695F90920500902F01F0303
:10A7700006FA03F32E7A09EB8000002AC0F8803035
:10A780004FEA0613BFF34F8FBFF36F8F5AF82200C3
:10A7900020F480304AF822005AF8220004D409EB51
:10A7A000020080F8003304E002F00F00604400F87B
:10A7B000043C41F822400120EFF3108680F310881A
:10A7C00028784FF0004121FA00F043F20401C4F26E
:10A7D00020010A6822EA0000086008681E200121A2
:10A7E00002F07AF886F310884FF48061606A4FF4C3
:10A7F00080428160E869E9786E78437802EA8131C5
:10A80000077866F30921DA03437B92B207F0030766
:10A8100003F00103114441EA4352636A42EA0762CA
:10A82000416802F580525A61027802F0FE03022B61
:10A8300007D14FF60471022ACFF6007108BF20310C
:10A8400000E00968626A11610C22017BAB788778AD
:10A8500062F39F014FF44072022B08BF4FF48072E5
:10A86000002B07F00103676A18BF114341EA037127
:10A87000F960626A002191612A78092A04D8626A23
:10A880000023C1F61F735362B0F80F20807B636A08
:10A8900040EA022041F60172C0F21F021040186324
:10A8A000206AC4E90411C4E90611C569A160687C85
:10A8B00050B34EF25400C4F20100017801F00F01D0
:10A8C000022901D801220BE0CA1E052A06D243F252
:10A8D0003851C0F2012151F8226003E008391022FA
:10A8E00002FA01F6407800F00F0001F0A5FF46F6ED
:10A8F0005C02697CC2F20422B0FBF6F0126851439C
:10A90000B1FBF0F00130A060606AB8F80A101022C4
:10A91000A181C9F607528266206A90F905104A099A
:10A9200001F01F035AF8210020F480304AF821007A
:10A930005AF8210009F5C0700121BFF35F8F01FAB9
:10A9400003F340F8223049F82230226A92F90B20B2
:10A950005AF8223023F480334AF822305AF8223051
:10A96000530902F01F02BFF35F8F01FA02F240F8B1
:10A97000232049F82320226A92F907205AF822302E
:10A9800023F480334AF822305AF82230530902F077
:10A990001F02BFF35F8F01FA02F240F8232049F84B
:10A9A0002320226A92F909205AF8223023F48033B6
:10A9B0004AF822305AF82230530902F01F02BFF33E
:10A9C0005F8F914040F8231049F8231040F2114165
:10A9D000606AC0F201018160606A00BF00BF00BF11
:10A9E000017FC907FCD044F642110020C5F2433173
:10A9F0006160BDE8F087D4D403460020C3E90612A5
:10AA00007047D4D4D4D4D4D4D0F824C0DCF80830DF
:10AA100023F44013CCF80830D0F824C000BF00BFA6
:10AA2000DCF848305B00FBD5DCF8083023F010037D
:10AA3000CCF80830D0F824C09CF81C30DB06FBD4DE
:10AA4000C0E904120020DCF8081041F01011CCF825
:10AA500008107047D4D4D4D42DE9F0410446406A9C
:10AA60004FF6EE7288468668CFF6CE72324082602C
:10AA7000206A00222261C769A260787C50B34EF23E
:10AA80005400C4F20100017801F00F01022901D83D
:10AA900001220BE0CA1E052A06D243F23851C0F249
:10AAA000012151F8225003E00839102202FA01F581
:10AAB000407800F00F0001F0BFFE46F65C02797CA2
:10AAC000C2F20422B0FBF5F012685143B1FBF0F082
:10AAD0000130A060606AD8F8001026F440120161CD
:10AAE0000020616A8A60BDE8F081D4D4D4D4D4D483
:10AAF00000204FF0FF32C1E900227047D4D4D4D4F3
:10AB00008A0703D40622C90715D116E0426A936862
:10AB100023F440139360426A936C5B00FCD5936806
:10AB200023F010039360426A137FDB06FCD40022FB
:10AB30004261C90701D00022C26110467047D4D4D7
:10AB4000844681620020CCE90B327047D4D4D4D43F
:10AB500044F642124168C5F2433291426DD1B0B51C
:10AB6000416A8A6822F440128A60416A8A6822F047
:10AB700010028A60416A00BF0A7FD206FCD4016AD3
:10AB80004EF2801CCEF2000C054691F907104A09DE
:10AB900001F01F03012101FA03F34CF82230BFF347
:10ABA0004F8FBFF36F8F026A92F90920530902F0A9
:10ABB0001F0201FA02F24CF82320BFF34F8FBFF3BC
:10ABC0006F8F426A936823F480339360026A92F92C
:10ABD0000520530902F01F0201FA02F24CF823206B
:10ABE000BFF34F8FBFF36F8F026A92F90B205309A7
:10ABF00002F01F0201FA02F24CF8232043F2040291
:10AC0000BFF34F8FBFF36F8FEFF3108481F3108882
:10AC1000016AC4F220024FF0004C1E20097813682C
:10AC20002CFA01F1194311601168012101F054FE61
:10AC300084F3108800206860B0BD07207047D4D42A
:10AC40000246C069086000200021D1617047D4D459
:10AC500006207047D4D4D4D406207047D4D4D4D49A
:10AC6000B0B584B04FF07041EFF3038001EB0060AA
:10AC70004CF200318015C4F20001425822F48032B7
:10AC8000425046F62C024158C2F204221458206A5F
:10AC900000690028606902D0E0B104B0B0BDC8B15D
:10ACA000A07800F003000228206905D10088616ABD
:10ACB00020F4DC40486002E0616A00780871A07806
:10ACC000226900F003016069401A6061114421614A
:10ACD0000028E2D1616A02228D68A06862F31555EE
:10ACE00010B101F039FE616A8D60A06A00284FF052
:10ACF00000002061D1D0E06A20B190E82E008DE8FC
:10AD00002E0000E06846216A097801600021816018
:10AD100080210171216BC160A16A8847E06A002827
:10AD20001CBF9DE82E002EC004B0B0BDD4D4D4D436
:10AD300010B586B04FF07041EFF3038001EB006077
:10AD40004CF200318015C4F20001425822F48032E6
:10AD5000425046F62C024158C2F204221458A07800
:10AD600000F00302606A022A03D101686FF35F21D9
:10AD700000E00178E0690191D0B1A06901A902F079
:10AD800047FAA078D4E9061200F003000144101A33
:10AD9000C4E9061034D1A06A90B3E06AE0B1D0E90A
:10ADA00000C2D0E90231CDE90431CDE902C214E09C
:10ADB000A06A28B3E06A40B1D0E900CED0E902230E
:10ADC000CDE90423CDE902CE00E002A8226A127880
:10ADD00081600260042106E002A8216A097801600E
:10ADE0000021816001210171216BC160A16A884746
:10ADF000E06A28B102AC1ECC016042608360C4608E
:10AE000006B010BDD4D4D4D4B0B584B04FF07041E6
:10AE1000EFF3038001EB006046F62C028115C2F2CD
:10AE200004224FF6EF7304165558CFF6CF73696AB4
:10AE30008A681A408A60A96AE1B1E86A40B1D0E93B
:10AE400000C2D0E90231CDE90231CDE900C200E013
:10AE50006846296A09780160002181600221017138
:10AE6000296BC160A96A8847E86A00281CBF9DE871
:10AE70002E002EC04CF20030C4F2000050F8241016
:10AE800021F4803140F8241050F8240004B0B0BD03
:10AE900070B584B04FF07041EFF3038001EB0060B8
:10AEA00046F62C028115C2F204225458A178636A36
:10AEB00001F00301022904D1D3F800C06FF35F2C25
:10AEC00001E093F800C09A6C2025082105EAD245DC
:10AED0004FF0100E01EA12611EEA126229440A4480
:10AEE00003D0996C090458BF4032996E051641F0A1
:10AEF000C8519966A16AD9B1E06A40B1D0E900E3CE
:10AF0000D0E90216CDE90216CDE900E300E068467B
:10AF1000216A0978C0F808C001600271216BC16024
:10AF2000A16A8847E06A00281CBF9DE84E004EC019
:10AF30004CF20030C4F2000050F8251021F48031AA
:10AF400040F8251050F8250004B070BDD4D4D4D4F6
:10AF50002DE9F04F83B00D460978044648F2000011
:10AF6000C4F2350000EB0120C4E90150A869206259
:10AF7000E869A06200206062686988B141684FF4A6
:10AF8000002209680A604168A26809684A60D0E93D
:10AF9000011200681268904710B103B0BDE8F08F4D
:10AFA0002869E0B141684FF0006209680A604168B1
:10AFB000A268043209688A60D0E901120068126848
:10AFC000904760B169690029E7D08A68096804463A
:10AFD0000846126A9047204603B0BDE8F08F6068CB
:10AFE000016A477A90F80AA0C27A90F80D8001921F
:10AFF0008A7802921FB14FF4002B002614E04A78A1
:10B000000B78C97802F0030602F00402360546EA1E
:10B01000032343EA820629B10022CFF6097202EB2C
:10B02000016B01E04FF4002B0121EFF3108981F354
:10B0300010884FF00041007821FA00F043F204013B
:10B04000C4F220010A6822EA0000086008681E2095
:10B05000012101F041FC89F310880021A068816082
:10B06000A16800BF00BF00BF087F08B12FF005C076
:10B0700041F2032241F20123B8F1000FC0F2002394
:10B0800008BF40F20322012F4FF0000008BF02F179
:10B09000007203F1010348F2000708BF4FF080700F
:10B0A000BAF1000FC1F69F7708BF1A404F6246F60B
:10B0B0002C0C0199C2F2042C0029A16808BF22F0CF
:10B0C0000202029B42EAC3124A61A16842F4403282
:10B0D00001234A611022A1680E61A168CA60102292
:10B0E000A168C9F60752C1F818B0A1688A66A168BC
:10B0F0000B67A16888604EF2001095F901704CF260
:10B100000031CEF20000C4F20001002F1AD46E7993
:10B11000C219360182F800634CF8274051F8272005
:10B1200022F4803241F8272051F827207A0907F0CD
:10B130001F07BFF35F8F00EB8206BB40C6F880316C
:10B1400040F8223095F90230002B1CD4AA79C71898
:10B150000126120187F800234CF8234051F82320E0
:10B1600022F4803241F8232051F823205A0903F0B9
:10B170001F03BFF35F8F00EB820706FA03F3C7F8E4
:10B18000803140F8223095F90330EA79002B4FEAFC
:10B19000021703D4C21882F8007307E003F00F020D
:10B1A0004EF61856043ACEF2000697554CF8234056
:10B1B000012651F8232022F4803241F8232051F84F
:10B1C00023205A0903F01F03BFF35F8F00EB8207B0
:10B1D00006FA03F3C7F8803140F8223095F90430BD
:10B1E0002A7A002B4FEA021703D4C21882F80073A0
:10B1F00007E003F00F024EF61856043ACEF20006AE
:10B2000097554CF82340012751F8232022F480322F
:10B2100041F8232051F82310590903F01F03BFF30D
:10B220005F8F00EB810207FA03F3C2F8803140F828
:10B23000213044F65310C5F243302060002003B0A3
:10B24000BDE8F08FD4D4D4D48C4600211346624696
:10B2500000F086B8D4D4D4D41346002200F080B8CD
:10B2600000F07EB8D4D4D4D4844601620020CCE966
:10B2700009327047D4D4D4D4B0B5044680680021D4
:10B2800081604EF280106168CEF2000091F90220D8
:10B29000002A0CD4510902F01F02012303FA02F222
:10B2A00040F82120BFF34F8FBFF36F8F616891F992
:10B2B0000120002A0CD4510902F01F02012303FAD5
:10B2C00002F240F82120BFF34F8FBFF36F8F616808
:10B2D00091F9041001234A0901F01F0103FA01F159
:10B2E00040F82210BFF34F8FBFF36F8F616891F961
:10B2F00003104A0901F01F0103FA01F140F822107E
:10B3000043F20401BFF34F8FBFF36F8FEFF310854C
:10B3100083F310886068C4F220014FF00042007887
:10B320000B6822FA00F01843086008681E2001210B
:10B3300001F0D2FA85F310886068416921B18A680A
:10B340000868116A88476068006918B181680068F8
:10B35000096A8847002000212160B0BDD4D4D4D42C
:10B36000F0B581B08768BF6817F0110F02D00820D0
:10B3700001B0F0BD00F10C0C44680027C0E9067371
:10B380008CE8860027693FB343610546206917466C
:10B390001E46002942681268D38142681268136809
:10B3A00023F0406318BF03F10063136046F2D073CB
:10B3B0004268C2F2042353EA018112685160D0E965
:10B3C0000112006852680968904708B101B0F0BDE9
:10B3D00028466C683A46334692B1616981B183610F
:10B3E0009BB2616904468F68D1F800C000216046B5
:10B3F000BF68B8470146204611B1084601B0F0BD0C
:10B40000016921B1426813690BB952698AB34FF0DF
:10B4100010120029816818BF42F001128B681A438C
:10B420008A6041680A69002A4DD14A69002A4AD1D6
:10B430000269002A47D091F901204EF20011CEF2A4
:10B4400000010127530902F01F0207FA02F201EB83
:10B450008303C3F88020BFF34F8FBFF36F8FC3699F
:10B4600042699A420ED2C3682BB19A5C62F0FF0225
:10B4700003E01022CDE76FF0FF0283685A60426953
:10B480000132426143685F7A012F12D1C769022FEE
:10B490000FD3BA420DD2C3681BB19A5C62F0FF02AF
:10B4A00001E06FF0FF0283685A604368426901322D
:10B4B000426193F901000123420900F01F0003FAE1
:10B4C00000F041F82200002001B0F0BDD4D4D4D463
:10B4D0004FF07041EFF3038001EB00604CF200315C
:10B4E0008015C4F20001425822F48032425046F6E0
:10B4F0002C024158C2F204221058C269416991429B
:10B5000002D3914210D07047C2681AB1515C61F009
:10B51000FF0101E06FF0FF01826851604169C2697B
:10B52000013141619142EED10169002918BF704794
:10B5300080680222816862F3155181607047D4D41B
:10B540004FF07041EFF3038001EB00604CF20031EB
:10B550008015C4F20001425822F48032425046F66F
:10B560002C024158C2F204221058C16942698A4231
:10B570000DD2C16819B1895C61F0FF0101E06FF083
:10B58000FF01826851604269C1690132426182698A
:10B590008A4209D28168D1F800C00369511C8161D7
:10B5A00003F802C0D0E906218A4218BF70478068BC
:10B5B000816821F4441101F5001181607047D4D4F1
:10B5C000B0B584B04FF07041EFF3038001EB006140
:10B5D00046F62C028815C2F204224FF6EE73145878
:10B5E000CFF6CF73A06882681A408260606A30B17B
:10B5F0000DF1040C90E82C008CE82C0000E001A870
:10B6000062680D161278026001220271A26A8260DD
:10B61000216A8847606A10B101AB0ECB0EC04CF2B4
:10B620000030C4F2000050F8251021F4803140F8B9
:10B63000251050F8250004B0B0BDD4D4D4D4D4D44F
:10B64000B0B584B04FF07041EFF3038001EB0061BF
:10B6500046F62C028815C2F204221458A0688268AB
:10B6600022F444128260A0684FF080728266606AA1
:10B6700030B10DF1040C90E82C008CE82C0000E0B7
:10B6800001A862680D161278026004220271A26A93
:10B690008260216A8847606A10B101AB0ECB0EC090
:10B6A0004CF20030C4F2000050F8251021F4803133
:10B6B00040F8251050F8250004B0B0BDD4D4D4D43F
:10B6C00080B545F25422C5F24F020260084600F0F0
:10B6D00037F9002080BDD4D40146002000220A6042
:10B6E0007047D4D4D4D4D4D480B5084600F028F917
:10B6F000002080BDD4D4D4D470B586B001A8049005
:10B7000003A814460D46ADF8081001920126ADF8C5
:10B710000C6000F07DF946F62800EFF31081C2F2CC
:10B72000042086F3108802683AB940F614520023C8
:10B73000C4F24002137040231370026801320260A9
:10B7400081F31088E10340F600014FEA1522C4F2AC
:10B75000400101D4EBB20CE001EB8216EBB256F8DB
:10B76000235025F4803546F8235024F4803546F8DC
:10B77000235001EB8211012241F82340EFF31081A5
:10B7800082F31088026812B10268013A0260006810
:10B7900038B940F614500022C4F2400002708022F2
:10B7A000027081F31088002006B070BDD4D4D4D4C8
:10B7B00004200023C4F24000CFF6FF7340EAD1001A
:10B7C000C9B220F01B00006843EA104020FA01F1E2
:10B7D000002001F0010111707047D4D4D4D4D4D426
:10B7E00010B56FF00100CBB200EAD11001210C249A
:10B7F00001FA03FE0101C4F2400444EA001C4FF4C4
:10B800008030012A625800FA03F004D122EA0000D5
:10B8100040EA0E0203E022EA0E0141EA00020020A3
:10B82000CCF8002010BDD4D46FF03F00CBB200EABA
:10B83000910040F6000100EB8300C4F24001415842
:10B840000020C1F3400111707047D4D4D4D4D4D4B3
:10B8500010B5CBB2012098406FF0010E84B20EEA11
:10B86000D110002A40F208024FF4803C4FEA001148
:10B87000C4F240024FF0000008BF0CFA03F4545029
:10B8800010BDD4D4D4D4D4D480B56FF0010040F22C
:10B89000000C00EAD110C4F2400C010103EA020ED0
:10B8A00062EA03025CF801004EEA000E002002EAA0
:10B8B0000E024CF8012080BD6FF0010000EAD110AB
:10B8C00004210001C4F2400109580020090C118034
:10B8D0007047D4D4D4D4D4D46FF0010003EA020C5E
:10B8E00000EAD11023EA02010C230201C4F2400352
:10B8F00000204CEA014199507047D4D4D4D4D4D418
:10B900006FF00100042300EAD110C4F240030101EA
:10B9100000205958118070476FF0010003EA020CB3
:10B9200000EAD11023EA020108230201C4F2400315
:10B9300000204CEA014199507047D4D4D4D4D4D4D7
:10B9400070B5044600F064F846F6280CEFF3108159
:10B95000C2F2042C012080F31088DCF8000038B912
:10B9600040F614500022C4F24000027040220270DF
:10B97000DCF800000130CCF8000081F3108820884A
:10B9800030B340F6000E0021C4F2400E08E000BFC4
:10B990000EEB8010013140F822302088814217D20E
:10B9A000606800EBC10250F831309288D8034FEA4A
:10B9B0001220D2B2ECD50EEB801555F8226026F499
:10B9C000803645F8226023F4803645F82260DFE7B0
:10B9D0000120EFF3108180F31088DCF8000020B123
:10B9E000DCF800000138CCF80000DCF8000010B1F1
:10B9F00081F3108870BD40F614500022C4F240005C
:10BA000002708022027081F3108870BDD4D4D4D427
:10BA10002DE9F04F81B004460088002867D04EF62B
:10BA20004C4B0025C4F2010B4FF0010A04E000BFAB
:10BA30002088013585425AD243F2985642F2400896
:10BA40000027C0F20126C4F220080CE000BF00BFAE
:10BA500088F80000C820012100F03EFF013708F1FE
:10BA60000208032FE4D0606836F8021B00EBC50023
:10BA700082888A42F2D100689BF8001000F0B8502A
:10BA80000AFA07F9B0F1807F09EA010018D158B924
:10BA9000012000F0D5FF9BF8000040EA09008BF878
:10BAA0000000012000F0A0FF98F900000028D5D484
:10BAB00098F8000040F08000CAE700BF00BF00BF58
:10BAC00058B1012000F0BCFF9BF8000020EA0900FB
:10BAD0008BF80000012000F087FF98F90000B0F11A
:10BAE000FF3FBBDC98F8000000F07F00B0E701B03A
:10BAF000BDE8F08FD4D4D4D42DE9F04381B00D4605
:10BB0000097C044601220D295FEA9F9002FA01F1A7
:10BB1000E16065602074287C42F20001C4F23201C9
:10BB200000274FF0004801EB0020A06068696061C9
:10BB3000A869E06143F61070A761C4F23200EE69B3
:10BB40000260EFF3108982F31088287C011F28FA25
:10BB500000F006296FF0006151EA30A043F21001B5
:10BB6000C4F220010A681040086008681E20012104
:10BB700000F0B2FE89F310884FF42541A0684FF021
:10BB8000060E0160A068C762A068C763A0688764EA
:10BB9000287A2978A268C0050329696808BF00F5DA
:10BBA0008030D0620139A068C0F81080A068C0F869
:10BBB0001480A068C0F81880A0684762A0688762F7
:10BBC000A068B269C261A068F2690262A068816679
:10BBD000A06841666168D6F850C0C969F64601F1AF
:10BBE000300207E000BF00BF01370432BEF1010E92
:10BBF00000D112E091F84830FB40DB07F4D03B461F
:10BC0000042F08BF0323032F08BF0423A06800EB01
:10BC100083001368013BC364E6E7287C0D2802D843
:10BC2000A06800214164A06800218163A068C0F879
:10BC30008810306D40B996F8200096F82110400326
:10BC400040EA41704CEA000C96F84800A1680028D0
:10BC50004FF4A00008BF4FF4AA000864A068C0F821
:10BC600034C046F62C0C96F8540096F85510A2688D
:10BC7000C2F2042C4901D36A41EA0010032118439F
:10BC8000D062A06801230163A0680363D4E90201C4
:10BC9000C1604EF2001095F912704CF20031CEF2F4
:10BCA0000000C4F20001002F1AD46D7CC2192D01CE
:10BCB00082F800534CF8274051F8272022F48032B4
:10BCC00041F8272051F827207A0907F01F07BFF312
:10BCD0005F8F00EB8205BB40C5F8803140F8223011
:10BCE00096F92830002B1DD496F82220C71801257C
:10BCF000120187F800234CF8234051F8232022F446
:10BD0000803241F8232051F823205A0903F01F0301
:10BD1000BFF35F8F00EB820705FA03F3C7F88031AA
:10BD200040F8223096F92930002B1DD496F82320B4
:10BD3000C7180125120187F800234CF8234051F859
:10BD4000232022F4803241F8232051F823205A097D
:10BD500003F01F03BFF35F8F00EB820705FA03F3C5
:10BD6000C7F8803140F8223096F92A30002B1DD4D4
:10BD700096F82420C7180125120187F800234CF8F3
:10BD8000234051F8232022F4803241F8232051F837
:10BD900023205A0903F01F03BFF35F8F00EB8207D4
:10BDA00005FA03F3C7F8803140F8223096F92B30BA
:10BDB000002B1DD496F82520C7180125120187F8FD
:10BDC00000234CF8234051F8232022F4803241F81C
:10BDD000232051F823205A0903F01F03BFF35F8F7C
:10BDE00000EB820705FA03F3C7F8803140F82230F0
:10BDF00096F92C30002B1DD496F82620C718012563
:10BE0000120187F800234CF8234051F8232022F434
:10BE1000803241F8232051F823205A0903F01F03F0
:10BE2000BFF35F8F00EB820705FA03F3C7F8803199
:10BE300040F8223096F92D30002B1DD496F827209B
:10BE4000C718120187F800234CF82340012751F846
:10BE5000232022F4803241F8232051F8231059097D
:10BE600003F01F03BFF35F8F00EB810207FA03F3B8
:10BE7000C2F8803140F8213045F254010020C0F270
:10BE80004701216001B0BDE8F083D4D4D4D4D4D428
:10BE9000D0E9021200204A607047D4D4D4D4D4D45C
:10BEA000D0E9021200208A607047D4D4D4D4D4D40C
:10BEB000D0E902120020CA607047D4D4D4D4D4D4BC
:10BEC00080B5D0E9011EC969D1E901C3CA6843F050
:10BED0000043CEF8143042F0004283689A614CF07F
:10BEE00000438268136182680B6953628268002094
:10BEF0004969916280BDD4D481684FF000420A61E3
:10BF000081684A6181688A61002281684A62816829
:10BF100000208A627047D4D48268013991668268B1
:10BF2000D36ADB0703D15166D0E90201C16000206A
:10BF30007047D4D4D4D4D4D406207047D4D4D4D425
:10BF40001346042A08BF0323032AA1F1010108BFF5
:10BF50000423806800EB83020020D1647047D4D4AE
:10BF60008268526E01328A608068D0F82CC04EF22E
:10BF70002000C4F201000368808843EA000200F058
:10BF80000F00120703F00F0208D446F65C03C2F25A
:10BF900004231B6803FA00F0D0401EE070B500F0E7
:10BFA000070E032546F65C0605FA0EF44FF0010E67
:10BFB000C2F20426082838BF0EFA00F403F0070086
:10BFC0001B0705FA00F0356805FB04F358BF0EFAAD
:10BFD00002F0B3FBF0F0BDE87040CCF3C352D040A8
:10BFE0004860002001220A707047D4D4D4D4D4D43D
:10BFF0008268D26A02F001020A7182680020926CA3
:10C000000A607047D4D4D4D4844641610020CCE97E
:10C0100006327047D4D4D4D4B0B543684EF2801EF3
:10C0200046F62C0CCEF2000E93F91210DB69C2F228
:10C03000042C00290ED44A0901F01F04012505FA39
:10C0400004F44EF82240BFF34F8FBFF36F8F0022EE
:10C050004CF8212093F9281000290ED44A0901F048
:10C060001F04012505FA04F44EF82240BFF34F8F58
:10C07000BFF36F8F00224CF8212093F9291000297B
:10C080000ED44A0901F01F04012505FA04F44EF804
:10C090002240BFF34F8FBFF36F8F00224CF8212057
:10C0A00093F92A1000290ED44A0901F01F04012532
:10C0B00005FA04F44EF82240BFF34F8FBFF36F8FA1
:10C0C00000224CF8212093F92B1000290ED44A09A4
:10C0D00001F01F04012505FA04F44EF82240BFF3D5
:10C0E0004F8FBFF36F8F00224CF8212093F92C1053
:10C0F00000290ED44A0901F01F04012505FA04F4B1
:10C100004EF82240BFF34F8FBFF36F8F00224CF8E1
:10C11000212093F92D1000290ED44A0901F01F03A4
:10C12000012404FA03F34EF82230BFF34F8FBFF31C
:10C130006F8F00224CF82120D0E902120023036007
:10C140008A60816800204B63B0BDD4D4D4D4D4D4E9
:10C1500010B584B04FF07041EFF3038001EB006144
:10C160004CF2003E8A15C4F2000E46F62C0452F83A
:10C170000E30C2F2042423F4803342F80E3052F819
:10C180000E30A45862681378012B40F0AE80D4E9D9
:10C1900002300916D2694EF2802C98600023A06804
:10C1A000CEF2000C8364A068C364A0680365012319
:10C1B0005EF8210020F480304EF821005EF8210066
:10C1C000480901F01F01BFF35F8F03FA01F14CF83A
:10C1D000201092F84830D80717D092F9281000297B
:10C1E00013D45EF82100012320F480304EF82100A2
:10C1F0005EF82100480901F01F01BFF35F8F03FAC9
:10C2000001F14CF8201092F84830980715D592F9B2
:10C210002910002911D45EF82100012320F4803078
:10C220004EF821005EF82100BFF35F8F480901F04E
:10C230001F0103FA01F14CF8201092F92A1000298D
:10C2400011D45EF82100012320F480304EF8210043
:10C250005EF82100BFF35F8F480901F01F0103FA68
:10C2600001F14CF8201092F92B10002911D45EF83E
:10C270002100012320F480304EF821005EF82100D7
:10C28000BFF35F8F480901F01F0103FA01F14CF879
:10C29000201092F92C10002911D45EF821000123FE
:10C2A00020F480304EF821005EF82100BFF35F8F4C
:10C2B000480901F01F0103FA01F14CF8201092F92E
:10C2C0002D10002911D45EF82100012220F48030C5
:10C2D0004EF821005EF82100BFF35F8F480901F09E
:10C2E0001F0102FA01F14CF820106069A8B1A069A1
:10C2F00030B10DF1040C90E80E008CE80E0000E067
:10C3000001A8002101718160E169016061698847CC
:10C31000A06910B101AB0ECB0EC004B010BDD4D4D7
:10C320004EF22401C4F201018878098801F00F025D
:10C33000A2F1080103293BD8DFE801F0022C101E0E
:10C3400044F24061C2F2002151F820004AF6AB21CC
:10C35000CAF6AA21A0FB0101480830E044F240617E
:10C36000C2F2002151F820004AF6AB21CAF6AA21F8
:10C37000A0FB0101C80822E044F24061C2F20021A2
:10C3800051F820004AF6AB21CAF6AA21A0FB010110
:10C39000080914E044F24061C2F2002151F8200083
:10C3A0004AF6AB21CAF6AA21A0FB0101880806E0E3
:10C3B00044F24061C2F2002151F82000D04046F61C
:10C3C0005C01C2F2042108607047D4D4D4D4D4D420
:10C3D0002DE9F0470FF238404EF2FA3844F2406649
:10C3E000C4F201084AF2015190ED001FC2F200268A
:10C3F0000FF22C40CFF6FF714EF255050231A8F82E
:10C40000001086ED001F06F12003C4F2010590ED37
:10C41000001F41F6004048F20041C0F64E6044F271
:10C42000553286ED041FC1F2D771C1F2DE3207C367
:10C4300015F82F0C35F8311C01F00F02A2F108019C
:10C4400003292BD8DFE801F002200C164AF6AB21B5
:10C4500056F82000CAF6AA21A0FB0101480820E0F6
:10C460004AF6AB2156F82000CAF6AA21A0FB01012A
:10C47000C80816E04AF6AB2156F82000CAF6AA21F1
:10C48000A0FB010108090CE04AF6AB2156F8200098
:10C49000CAF6AA21A0FB0101880802E056F8200094
:10C4A000D04046F65C0A4EF60044C2F2042AC4F2BA
:10C4B00001040A214EF60147CAF800004FF6506009
:10C4C000CFF6FF70C4F201072154092085F84D0012
:10C4D000207818B93878800700F09081207850B91A
:10C4E00001202070C820012100F0F6F900BF00BF34
:10C4F00020780128FCD10020387020704AF20159C0
:10C50000002005F8230C00BF15F8190C0007FBD517
:10C510004EF614504FF60211C5F8731040F2415117
:10C5200025F8071C002205F80B2C49F20251C5F82A
:10C53000571040F2514125F8091CCEF20000BFF31C
:10C540004F8FBFF36F8F03684EF2000123F4003367
:10C550000360C0F83C22CEF20101BFF34F8FBFF35E
:10C560006F8F0A6822F440520A60BFF34F8FBFF307
:10C570006F8F15F8412C02F0F802013205F8412CBA
:10C5800015F8412CD206FBD40A6842F440520A60E6
:10C59000BFF34F8FBFF36F8F0168890312D4BFF3CE
:10C5A0004F8FBFF36F8F0021C0F83C12BFF34F8F46
:10C5B000BFF36F8F016841F400310160BFF34F8F0B
:10C5C000BFF36F8F002005F82B0C00BF00BF00BF2A
:10C5D00015F8190C8006FBD54CF200040020C4F2BB
:10C5E000130420702078207820786068C82807D04D
:10C5F000C820C1F6006000BF60606168C829FBD137
:10C60000A068642808D06420CEF2001000BF00BFEC
:10C61000A060A1686429FBD149F69820C9F6890079
:10C6200045F8350C48F6800025F8310C052005F852
:10C630002F0C15F82F0C35F8311C01F00F02A2F168
:10C64000080103292BD8DFE801F002200C164AF676
:10C65000AB2156F82000CAF6AA21A0FB0101480828
:10C6600020E04AF6AB2156F82000CAF6AA21A0FB2A
:10C670000101C80816E04AF6AB2156F82000CAF6B8
:10C68000AA21A0FB010108090CE04AF6AB2156F8EB
:10C690002000CAF6AA21A0FB0101880802E056F892
:10C6A0002000D040CAF800001E200121012700F020
:10C6B00013F960686FF39F20652828BF277015F86D
:10C6C0002F0C35F8311C01F00F02A2F108010329EB
:10C6D0002BD8DFE801F002200C164AF6AB2156F801
:10C6E0002000CAF6AA21A0FB0101480820E04AF672
:10C6F000AB2156F82000CAF6AA21A0FB0101C80808
:10C7000016E04AF6AB2156F82000CAF6AA21A0FB93
:10C71000010108090CE04AF6AB2156F82000CAF6E0
:10C72000AA21A0FB0101880802E056F82000D040B1
:10C7300042F20001CAF80000C4F200010120A1F891
:10C740000090BFF35F8F08724FF42540BFF35F8FF7
:10C75000088095F8850040F0400085F8850000BF0E
:10C7600095F98500B0F1FF3FFADC052085F87F00E0
:10C77000C92085F8850095F8850000F0BF0085F890
:10C78000850000BF00BF00BF95F985000028FBD4DD
:10C79000012005F8020CE87F40F04000E87700BF78
:10C7A00095F91F00B0F1FF3FFADC0620E87548203C
:10C7B000E8770820E87700BF95F91F000028FBD430
:10C7C000287840F04000287095F90000B0F1FF3F54
:10C7D000FADC012005F8010CC8202870287800F048
:10C7E000BF00287000BF00BF95F900000028FBD4EF
:10C7F0004FF42540A8F80000BDE8F0874FF47A70A8
:10C8000000F016F87AE600BF00BF00BF00BF00BF0F
:10C81000006CDC0200127A000080000000366E011D
:10C82000008000000046C32300CA9A3B00C2EB0B05
:10C830007047D4D4D4D4D4D444F24061C2F200219D
:10C8400051F820007047D4D4B0B542F22404C82077
:10C85000C4F2200401210025257100F03DF8257067
:10C86000207808B12FF005C0207840F00200207039
:10C8700020788007FCD4002004F8020C00BF00BF21
:10C8800014F8020C08B12FF005C84FF0030E002079
:10C8900004F11C0100BF00BF11F8102002F07F025C
:10C8A00001F8102000BF00BF11F91020002AFBD4AE
:10C8B00001300FF00FC8012000F0C2F84EF64C41D5
:10C8C0000120C4F2010100220A70BDE8B04000F06E
:10C8D0008BB8D4D4D4D4D4D446F65C0241F200232D
:10C8E000C2F20422C0F27A03484312689A420FD37C
:10C8F00044F23F21C0F20F0111444DF68362C4F2AD
:10C900001B32A1FB0212910CA0FB0101C9B11DE079
:10C910004CF60021C3F69A31B1FBF2F148F6381219
:10C92000C0F24102904205D24FF47A725043B0FBFC
:10C93000F1F006E0B0FBF1F0904207D24FF47A71CB
:10C940004843002808BF704700F006B84FF0FF309A
:10C9500000F002B8D4D4D4D401380028FCD17047F8
:10C96000F0B581B04CF2201546F2D477C4F2000540
:10C970000024C2F2042755F8200C296801EA0006B9
:10C9800006E000BF00BF00BF01340437152C09D0FA
:10C9900026FA04F0C007F7D039680029F4D0204601
:10C9A0008847F1E745F8106C28683042FCD101B0A7
:10C9B000F0BDD4D4D4D4D4D480B54FF0090E4CF209
:10C9C000003043F2F841C4F20000C0F2012100BF80
:10C9D00031F8022B002A18BF026004300FF009C0A2
:10C9E00080BDD4D4D4D4D4D4EFF31081012282F307
:10C9F000108846F65002C2F2042232F8103023B1F9
:10CA000032F81030013B22F8103032F8102012B109
:10CA100081F3108870474EF2FA3243F6200CC4F2CC
:10CA20000102C0F2012C13883CF8100043F42543A6
:10CA300023EA0000108081F310887047D4D4D4D446
:10CA400010B5EFF31081012282F3108846F65002F0
:10CA5000C2F2042232F8103083B94EF2FA3E43F6A5
:10CA6000200CC4F2010EC0F2012CBEF800403CF8CC
:10CA70001030234343F42543AEF8003032F8103031
:10CA8000013322F8103081F3108810BDD4D4D4D4EF
:10CA900080B505487844026801F032F901464FF04C
:10CAA000FF300C238B5080BD28790000D4D4D4D41F
:10CAB00000F00AF8FDF7A4FDFEE7D4D4D4D4D4D412
:10CAC00000BE7047D4D4D4D42DE9F04381B04EF6E3
:10CAD000085840F20120CEF20008C0F20E004EF2DB
:10CAE0000004C8F80C00CEF20104BFF34F8FBFF36F
:10CAF0006F8F58F8081CC1F3035001285FEA1F929A
:10CB000011F00F0F5FEA0F911142216811D1022835
:10CB10000FD241F0040020604EF20800BFF34F8FA7
:10CB2000CEF20000BFF36F8F016841F480310160E5
:10CB300002E021F004002060BFF34F8FBFF36F8F3E
:10CB40004FF4700040F20001C8F880000020C0F2ED
:10CB50000021C8F800100025FDF742FDFFF738FC62
:10CB60004EF2FA304EF6B022C4F20100C4F20102D5
:10CB70004AF20251018015704FF4254101800120D5
:10CB8000FDF72EFD40F24060C2F2002080F30A88DB
:10CB90002068800724D5D8F80000B0F1007F1FD1AD
:10CBA00020694FF40071C0F3C300626901FA00F319
:10CBB000C2F3C30081400020DA08CB0801460746D3
:10CBC00042F007C000BF00BFE7E802010FF005C058
:10CBD0004FF0005243F005C0E2E802010FF005C03B
:10CBE00043F2F454C0F20124276897B160683E46CE
:10CBF000051D05E000BF00BF013E05F10C0508D092
:10CC000068790028F8D155E90101091A00F0FBFA0A
:10CC1000F2E7D4F80890B9F1000F13D0E0684E465F
:10CC200000F1080504E000BF013E05F1100509D040
:10CC300068790028F8D155E902022968121A00F033
:10CC4000E7FAF1E7FFF76CFBFFF7FEFD0320FFF7C4
:10CC5000F7FE4FF00E0E40F63050C4F240000021B7
:10CC600020F8041B0FF005C00320FFF7BDFE0320D2
:10CC7000FFF7E6FE44F204000021C4F22000016048
:10CC800041608160C1600320FFF7AEFE0220FDF726
:10CC9000A7FC9FB160684FF48076051D04E000BFDB
:10CCA000013F05F10C0509D06879B6EB002FF7D1EB
:10CCB00055E90101091A00F0A6FAF1E7B9F1000FF0
:10CCC00016D0E0684FF4807500F1080405E000BF5D
:10CCD000B9F1010904F110040AD06079B5EB002F15
:10CCE000F6D154E902022168121A00F091FAEFE736
:10CCF00046F69C04C2F20424204600F0DAFF2046E7
:10CD000000F0EFFFBFF34F8FBFF36F8F0020C8F825
:10CD1000480244F2C43044F2C831C0F20120C0F2EB
:10CD20000121BFF34F8F081ABFF36F8F8410012CBE
:10CD30000BDB44F2C435C0F2012500BF00BF00BFC9
:10CD400055F8040B8047013CFAD1FFF735FE00206F
:10CD500001B0BDE8F04300F003B8D4D4D4D4D4D4A7
:10CD60007047D4D4D4D4D4D49FED201AB5EE002A81
:10CD7000A0EE012A9FED1E1A0021BDEEC20AB5EEFB
:10CD8000402A10EE100AF1EE10FA48BF013800EE0A
:10CD9000100AB8EEC00A32EE400A20EE010ABCEEDC
:10CDA000C01A11EE100A9FED131A30EE011AB1EB02
:10CDB000502F43F62C0118BF002002EE100AC0F2DB
:10CDC0000121B8EE422A01EB800000FE010A30EE9C
:10CDD000420A90ED012AB7EE001A90ED003A31EECA
:10CDE000401A20EE020AA1EE030A704783F9223EA0
:10CDF00000000044000000C49FED1F1A002120EE37
:10CE0000010ABDEEC01AB5EE400A11EE100AF1EEAD
:10CE100010FA48BF013801EE100AB8EEC11A30EE20
:10CE2000410A9FED161A20EE010ABCEEC01A11EE5F
:10CE3000100A9FED131A30EE011AB1EB502F43F692
:10CE40002C0118BF002002EE100AC0F20121B8EE3A
:10CE5000422A01EB800000FE010A30EE420A90ED0A
:10CE6000012AB7EE001A90ED003A31EE401A20EE9A
:10CE7000020AA1EE030A704783F9223E0000004433
:10CE8000000000C4D4D4D4D400EE101A9FED081BC7
:10CE90009FED092B0021B8EEC00BC4F2303100EE3B
:10CEA000012B41EC100B32EE000B51EC100B7047D4
:10CEB000000000000000F04100000000000030C34E
:10CEC00000229FED090BC4F2305242EC111B0021ED
:10CED000C4F2303131EE000B41EC110B30EE010B9E
:10CEE00051EC100B704700BF00001000000030C56F
:10CEF00040B584B002AE009600F004F8029A039B9D
:10CF000004B040BDB0B584B00D4602A980EAE5701A
:10CF100000911C4682EAE37285EAE571B0EBE570A8
:10CF200061EBE57183EAE373B2EBE47263EBE47304
:10CF300000F017F8DDE90223DDF820C083EAE5738D
:10CF400082EAE572B2EBE57263EBE573CCE90023AC
:10CF5000E21782EAE57250405140801A914104B0D4
:10CF6000B0BD2DE9F04F099D844681B1C2B14BB3EC
:10CF7000B1FA81F7B3FA83F6F71B202F4FD3002DB8
:10CF800018BFC5E900C100200021BDE8F08FCBB378
:10CF90000021002D64D00020C5E900C1BDE8F08F5C
:10CFA000002B60D0002861D05F1E3B4200F08580DE
:10CFB000B1FA81F7B3FA83F6F71B1F2FDFD207F11F
:10CFC000010C3CE0571E3A425DD0B1FA81F7B2FA4B
:10CFD00082F6F71B07F1210CBCF1200F24D0BCF125
:10CFE0001F0F79D8CCF1200620FA0CF721FA0CF9A2
:10CFF00001FA06F5B0403D434FF0000ABCF1010FC5
:10D000002CD07CE0B0FBF2FC002D1EBF0CFB12000C
:10D010000021C5E9000100216046BDE8F08F07F15D
:10D02000010CBCF1200F0AD14FF000094FF0200C89
:10D030000D464FF0000ABCF1010F0FD05FE0C7F1C1
:10D040001F0720FA0CF621FA0CF901FA07F5B8408F
:10D0500035434FF0000ABCF1010F50D100248FE09E
:10D060000020BDE8F08F6046BDE8F08FB1FBF3FC17
:10D07000002D1EBF0CFB13100021C5E9001000217C
:10D080006046BDE8F08F002D1EBF00230740C5E9B4
:10D090000073012A0ED092FAA2F24F00B2FA82F285
:10D0A00002F01F03D140D8401F23934307FA03F334
:10D0B00043EA000C6046BDE8F08F002D1CBF07EA74
:10D0C0000100C5E900C093FAA3F0B0FA80F021FA9C
:10D0D00000F00021BDE8F08FACF12007CCF1400456
:10D0E0004FF0000920FA07F601FA04F52E4300FA82
:10D0F00004FA21FA07F53046BCF1010FAED02CF04E
:10D1000001070126023F4FF0000B06EB570E4FEAD6
:10D11000490444EAD5746D0045EAD0754000E74300
:10D12000E943891843EB0708AF1A64EB0306B8F12B
:10D13000000F56EA448457EA4585640044EAD574F2
:10D140006D0045EAD07540EADA70AE1A6FEA050163
:10D1500064EB030789184FEA40006FEA0401594164
:10D1600057EA448956EA4585CC0F4BEA4A01002725
:10D17000A34640EAD170490041EAD87A0FF039C895
:10D180005FEACC711ED06F004FEA490147EAD077C1
:10D1900041EAD571B7EB020C4FEA400061EB030E98
:10D1A000FD4352196FEA010653EB060240EADA70BA
:10D1B0005EEA41895CEA4785D10F44EA4A020027CA
:10D1C0000C4692464FEADA7141EA400009994FEA6B
:10D1D0004A02002918BFC1E9005940EA070122F0BC
:10D1E00001002043BDE8F08F40B584B002AE009648
:10D1F000FFF7B7FE029A039B04B040BD0B461146F1
:10D200001A4600F07BB80A46002100F077B8D4D463
:10D21000844641EA000313F0030349D1403A23D383
:10D220000B6803604B6843608B688360CB68C360A6
:10D230000B6903614B6943618B698361CB69C3618E
:10D240000B6A03624B6A43628B6A8362CB6AC36276
:10D250000B6B03634B6B43638B6B8363CB6BC3635E
:10D2600040304031403ADBD230320BD30B680360A0
:10D270004B6843608B688360CB68C36010301031AB
:10D28000103AF3D20C3205D351F8043B40F8043B7A
:10D29000043AF9D2043208D0D2071CBF11F8013B7E
:10D2A00000F8013B01D30B8803806046704700BF44
:10D2B000082A13D38B07B1D010F00303AED0C3F10B
:10D2C0000403D21ADB071CBF11F8013B00F8013B35
:10D2D000A4D331F8023B20F8023B9FE7043AD9D3AC
:10D2E000013A11F8013B00F8013BF9D20B780370C9
:10D2F0004B7843708B7883706046704770B48407B6
:10D3000046D0541E002A41D0CDB2034602E0621E30
:10D31000E4B3144603F8015B9A07F8D1032C2ED925
:10D32000CDB245EA05250F2C45EA054519D9264613
:10D3300003F11002103E0F2E42F8105C42F80C5C14
:10D3400042F8085C42F8045C02F11002F2D8A4F141
:10D35000100222F00F0204F00F041032032C1344C9
:10D360000DD91E462246121F032A46F8045BFAD83E
:10D37000221F22F00302121D134404F003042CB1F7
:10D38000C9B21C4403F8011BA342FBD170BC704717
:10D3900014460346C2E7002808BF704710B504468C
:10D3A00046F69400C2F2042000F054FC54F8042C19
:10D3B000A4F1080E40F2142C22F00101C2F2002C5C
:10D3C0000EEB0103DCF80800D2075C68834224F00E
:10D3D00003042BD05C6072B9DEF80000AEEB000EE7
:10D3E00001440CF10800DEF8082082425BD0DEF830
:10D3F0000C00D060826018190079C00708D19A68C3
:10D4000021440CF10804A24264D0D868D060826044
:10D410004A0A41F001004EF80110CEF804002CD069
:10D42000042A3CD8382000EB91127DE0214442B917
:10D43000DEF80000AEEB000E0144DEE902239A6044
:10D44000D36041F00100CEF8040040F21C60CCF83B
:10D4500008E0C2F200200068814206D346F6600070
:10D46000C2F20420006800F09DF846F69400C2F273
:10D470000420BDE8104000F0EEBB01F4FC70DCF8C5
:10D480000420604449090124836804FA01F1CEE9CB
:10D4900002301143CCF80410C0F808E078E0142AF8
:10D4A0002AD85B3240E018190079C00716D1D3E9B9
:10D4B0000202214441F00103CEF804304EF801107D
:10D4C000C260906046F69400C2F20420BDE81040AD
:10D4D00000F0C1BBCCE904EECEE9024441F001000A
:10D4E0004EF80110CEF8040046F69400C2F2042073
:10D4F000BDE8104000F0AFBB542A03D86E2000EB0B
:10D50000113211E04AF60022C0F20202914203D227
:10D51000772000EBD13207E002F500237E227C2049
:10D52000994238BF00EB91420CEBC204A368A342BE
:10D5300021D0586820F0030081421AD29B68A34290
:10D5400017D0586820F00300814212D29B68A34292
:10D550000FD0586820F0030081420AD29B68A34292
:10D5600007D0586820F00300814202D29B68A34292
:10D57000DFD1DC6808E090080122DCF8041002FA30
:10D5800000F00843CCF80400CEE90234C4F808E007
:10D59000C3F80CE046F69400C2F20420BDE8104047
:10D5A00000F059BB2DE9F041044646F69400C2F262
:10D5B000042000F04FFB40F2142840F6FF71C2F245
:10D5C0000028D8F80800406820F00306301B00242B
:10D5D00000F6EF7020EA0105A5F58057B7F5805FEA
:10D5E00034DB0020FFF754FAD8F8081031448842A1
:10D5F0002CD1C5F58050FFF74BFA01300ED046F61E
:10D600006C00D8F80820C2F2042001240168C91B6C
:10D610000160F01B40F00100506017E00020002482
:10D62000FFF736FAD8F80810421A102A0EDB40F23B
:10D63000206342F00102C2F200234A6046F66C0108
:10D640001B68C2F204210024C01A086046F6940048
:10D65000C2F2042000F0FFFA2046BDE8F081D4D4E5
:10D660002DE9F04F81B000F10B06172E344698BF1C
:10D670001724002C28D424F00705854224D346F62D
:10D680009400C2F2042000F0E5FA40F21429F008F8
:10D69000C2F200293E2821D805EB0901C86888425A
:10D6A00004BF0831C868884225D041680446C26872
:10D6B00021F0030154F8083F084493604168DA60A0
:10D6C00041F0010141608BE0DFF884150C2200F08D
:10D6D00017FB4250002001B0BDE8F08F0020B0EBF6
:10D6E000562F01D1E0082CE0700A04280CD838200D
:10D6F00000EB941025E0E008811CD9F8104009F1F6
:10D70000080E744538D1DFE0142802D8600A5B3077
:10D7100017E0542803D86E2000EB143011E04AF6CD
:10D720000020C0F20200864203D2772000EBD43002
:10D7300007E000F500227E207C21964238BF01EBF5
:10D74000944009EBC002D16891420DD04B6823F0A0
:10D7500003077E1B102E06DACB68002E36D519463D
:10D760009342F3D100E00138411CD9F8104009F18F
:10D77000080E744500F0A880606820F00302531B77
:10D78000102B0FDB601945F00101C9F8140061602E
:10D7900043F00101C9F81000A350C0E9011EC0F810
:10D7A0000CE008E0002BC9E904EE23D4A01841687E
:10D7B00041F00101416046F69400C2F2042000F0FD
:10D7C0004AFA04F1080001B0BDE8F08FC81951F819
:10D7D000082F9A6047680C46D36047F00102426008
:10D7E00046F69400C2F2042000F035FA204601B05B
:10D7F000BDE8F08F430A05D0042B14D8382303EB7F
:10D8000090162DE000F4FC72D9F804704A444009E7
:10D810000126936806FA00F0C4E902323843C9F8D9
:10D82000040094604FE0142B02D803F15B0617E06C
:10D83000542B03D86E2303EB103611E04AF6002375
:10D84000C0F20203984203D2772303EBD03607E0FD
:10D8500003F500237E267C27984238BF07EB9046CD
:10D8600009EBC607BB68BB4221D0586820F0030013
:10D8700082421AD29B68BB4217D0586820F003003E
:10D88000824212D29B68BB420FD0586820F003003E
:10D8900082420AD29B68BB4207D0586820F003003E
:10D8A000824202D29B68BB42DFD1DF6808E0B00849
:10D8B0000126D9F8042006FA00F01043C9F8040044
:10D8C000C4E90237BC60DC60D9F804808808012212
:10D8D00002FA00F3984545D2D9F80870D7F804A0A9
:10D8E0002AF00306701B02D30F2800F3928146F63C
:10D8F000600840F2206BC2F20428C2F2002BD8F874
:10D90000000041F20F02DBF8001040F6FF732844DC
:10D910000244013122EA030408BF00F1100420464A
:10D92000FFF7B6F8411C00F06B81BA194F4502D0E1
:10D930009042C0F06581D8F80C1090422144C8F89C
:10D940000C1002BF13466FF31F33002B00F0F8805A
:10D95000DBF80030013300F0FA80821A1144C8F875
:10D960000C10F6E018EA030F00F0C6804FF0FF3C01
:10D9700009EBC1063746FF68B74209D0786820F046
:10D980000304601B102880F284800028F3D49FE0F9
:10D990004C1CA00736D006F108021746FF689742D4
:10D9A00009D0786820F00304601B0F2871DCB0F107
:10D9B000FF3FF3DD8CE08C1CA00723D006F11002A2
:10D9C0001746FF68974209D0786820F00304601B6F
:10D9D0000F285EDCB0F1FF3FF3DD79E0CC1CA0073F
:10D9E00010D006F118021746FF68974209D07868F0
:10D9F00020F00304601B0F284BDCB0F1FF3FF3DD88
:10DA000066E00C1D880708D0304650F8082982428D
:10DA100007D101F0030001281FD128EA0308C9F843
:10DA200004800CEB43004045BFF456AF5B00214639
:10DA300013EA080F9CD118EA430F1FD118EA830F8D
:10DA40001FD118EAC30F20D11801103418EA031FA0
:10DA50000346F0D0214603468AE756F8081CA6F193
:10DA600010029142DDD10228D7D056F8101CA6F141
:10DA70001802914208BF0328CFD0D2E7211D5B00D6
:10DA800076E79B0004F1080172E7DB0004F10C016A
:10DA90006EE739463E46385140F00100FA6845F0DD
:10DAA00001074F60294456F8083F486046F6940045
:10DAB000C2F204209360DA60C9F81410C9F810109B
:10DAC000C1E902EE00F0C7F8304601B0BDE8F08FC2
:10DAD0003919F86857F8082F4B688260D06043F016
:10DAE0000100486046F69400C2F2042000F0B3F84A
:10DAF000384601B0BDE8F08F022221F0030102FA9E
:10DB000000F0034610EA080F0ED118EA430F0DD1BA
:10DB100018EA830F0FD11031180118EAC30FF0D0A3
:10DB2000DB004FF0FF3C23E704311FE75B000831C7
:10DB30004FF0FF3C1CE79B000C314FF0FF3C17E718
:10DB4000D9F80800A21942F0010242604CE0CBF87B
:10DB5000000000F1080111F0070218BFC2F108022D
:10DB600000EB020B0BEB040661F00700A2EB0604CE
:10DB700018BF06446FF31F342046FEF789FFB0F14B
:10DB8000FF32D8F80C1054EA1282431C114456EAB2
:10DB90000080A2EB0B024F451044C9F808B040F0DA
:10DBA0000100C8F80C10CBF804001DD0BAF10F0F1B
:10DBB00003D80120CBF8040022E07868AAF10C0217
:10DBC00022F00703102A00F001001844786007EBE8
:10DBD00003004FF00503C0E9013305D307F1080046
:10DBE000FFF7D9FBD8F80C10D8F80400814288BFA1
:10DBF000C8F80410D8F80800814288BFC8F8081097
:10DC0000D9F80870786820F00300401B15D30F285E
:10DC100013DD45F001017960791940F00100C9F880
:10DC20000810486046F69400C2F2042000F013F891
:10DC300007F1080001B0BDE8F08F46F69400C2F28B
:10DC4000042000F008F8002001B0BDE8F08F00BF0C
:10DC50000800000070477047844639B370B500EB88
:10DC6000010C4B1EA1F1020ECC1E0022855C85B179
:10DC7000934219D085186E7876B1964514D0AE7857
:10DC80006EB1944210D0EE7866B104329142EDD17B
:10DC90000AE000EB020C07E005F1010C04E005F1DD
:10DCA000020C01E005F1030CBDE87040ACEB000094
:10DCB000704710B540F28C6140F20002C0F20021C2
:10DCC000C0F200020446FFF7A3FA40F2000040F25F
:10DCD0000401C0F20000C0F200012044FFF793FAF3
:10DCE00010BD40F20801C0F20001401A46F698014A
:10DCF000C2F2042108607047D4D4D4D4D4D4D4D48C
:10DD000001480068704700009868042283B080B51D
:10DD100081B0844603A80EC043F2A400C0F20120E3
:10DD2000006803AA6146009200F028F801B0BDE83F
:10DD3000804003B0704770B5054643F2A400C0F2BE
:10DD400001200468A078800714D56668287828B177
:10DD50002146B04701350028F8D507E00A202146C2
:10DD6000B047B0F1FF3FC4BF002070BDA07840F0C5
:10DD70000400A0704FF0FF3070BDD4D42DE9F04FF7
:10DD800099B0814680781892800740F1B58518983F
:10DD90000027D9F804808A46179011A8821D0C929A
:10DDA000421E053010920E900D91514611F8010B54
:10DDB000252803D08A4638B900F0A0BD9AF8015052
:10DDC0000AF1020A252D06D14946C047013700282D
:10DDD000EBD500F08BBD002200244FF0000C4FF07B
:10DDE000000B04E01AF8015B002D00F02D811FFAF2
:10DDF0008BF61F2E20D8A5F1200010281ED8DFE8B2
:10DE000010F015001D001D0018001D001D001D0054
:10DE100014001D001D001D0011001D00CC001D0080
:10DE20001D00C9004BF0020B00E0DBE74BF0040BD8
:10DE3000D8E74BF0100BD5E77F2E0DD8A5F13000B9
:10DE4000092840D8402E80F0A0800CEB8C014BF0CC
:10DE5000200B00EB410CC5E7A5F14C002E2800F289
:10DE6000F480DFE810F08F00F200F200F200F20020
:10DE7000F200F200F200F200F200F200F200F20012
:10DE8000F200F200F200F200F200F200F200F20002
:10DE9000F200F200F200F200F200F200F200A40040
:10DEA000F2008F00F2009D00F200F200F200F2009A
:10DEB000F200F200F2002F00F200F200F200F20095
:10DEC000F2002F008EE7A5F12400562800F2BD8055
:10DED000DFE810F08600BB00BB00BB00BB00BB004E
:10DEE0007400BB00BB00BB00A400BB00BB00BB00B8
:10DEF000BB00BB00BB00BB00BB00BB00BB00BB004A
:10DF0000BB00BB00BB00BB00BB00BB00BB00BB0039
:10DF1000BB00BB00BB00BB00BB00BB00BB00BB0029
:10DF2000BB00BB005800BB00BB00BB00BB00BB007C
:10DF3000BB00BB00BB00BB00BB00BB00BB00BB0009
:10DF4000BB00BB00BB00BB00BB00BB00BB00BB00F9
:10DF5000BB00BB00BB00BB00BB00BB006D00BB0037
:10DF60005800BB006600BB00BB00BB00BB00BB0091
:10DF7000BB00BB005700BB00BB00BB00BB00BB002D
:10DF800057002FE74BF4207B2CE704EB840100EBD8
:10DF9000410427E74BF0010B24E74BF0080B21E786
:10DFA0000BF080004BEA800040F0800B1AE70BF486
:10DFB00080704BEA400040F4807B13E7002A7FF436
:10DFC00011AF17983F2E00F104011791006832D865
:10DFD000B0F1FF3F32DD4BF0200B0022844601E719
:10DFE00012B31898402E179017A90D986546CDF8D2
:10DFF0003C90C14690465CEA348200F083FC17985E
:10E00000402E4246C84600F1040117910068DDF831
:10E010003C9050EA358C54EA3084E3E63F2E00F21F
:10E020006D844BF0400BDDE6624600244FF0000C9F
:10E030004FF0000BD6E600220446D3E64BF0280B47
:10E04000C0F1000C0022CDE60025CDF83CC03AB16D
:10E05000189817A917900D9800F054FCDDF83CC0F3
:10E06000002C24EAE47E45F0200048BF2BF0400B52
:10E0700061281CBFA0F16501022925D817996128E4
:10E0800001F1070121F0070101F108021792A0EB4D
:10E09000050291ED000B0A9244D15FEA4B6058BF34
:10E0A0004FF0FF3E11A8D2B27146764600F0C8FD8F
:10E0B000451C4BF4C05B4FF0700C4FF0010EE8B202
:10E0C0008642D8BF461E5CE0A5F16301122900F22A
:10E0D0000A8108230026DFE811F03501130006014C
:10E0E00006010601060113000601060106010601EC
:10E0F000060161015D01060106010D0106012E0107
:10E100001FFA8BF15FEA0B6000F10C811798021D7A
:10E1100017920068CA0540F10C81890554BF00B20E
:10E1200040B206E15FEA4B6158BF4FF0060E662829
:10E1300009D065280FD14BF4805B76460EF10101C2
:10E140000023652411E04BF4005B012266241121B9
:10E15000764673460AE05FEA0E61A0F1020471465A
:10E1600076464FF0000308BF0121002211A8C9B272
:10E17000112928BF112100F066FF05464FF0020E5D
:10E18000A446119B9DF84800A3F10A0111F1130F59
:10E1900038BF4FF0020EA3F16401089111F1C70FCF
:10E1A00038BF4FF0030E0F9CC1074FD15FEA8B7150
:10E1B0006FD41FFA8BF1202202EAC10211F0040F82
:10E1C0005FEA1F9110F00C0F45D11BF4405F0493E0
:10E1D000CDE9062140F02B82012E4FF0010056EAD6
:10E1E00080801FFA8BF12A0600F06D810E9BEAB247
:10E1F000134413F8013C302B40F006826B1E1A06C4
:10E2000021D02E460E9DDAB2154415F8015C302D52
:10E2100040F0F981B31E1A0615D00E9DDAB21544EE
:10E2200015F8015C302D40F0EE81F31E1A060AD07D
:10E230000E9DDAB2154415F8015C302D40F0E381F3
:10E24000351F2A06D2D100250022DDE12D22002132
:10E2500010F00C0FB9D000294FF0030050EA1090D5
:10E26000844212DD0A9E0D465FEA0B7117D4041B2F
:10E27000934620204946C047002800F137830137E4
:10E280000134F6D300245A460AE000240A9E49B11C
:10E290000FE02B22002110F00C0FDCD195E7241A9F
:10E2A000294631B910464946C047002800F11E836F
:10E2B00001379DF8480040F62661C0F201210007B1
:10E2C00040F2F260C0F2012050EA5185287800281F
:10E2D00000F0F982801B4946C0B2C04701370135C2
:10E2E0000028F3D502E3782840F09880C5F1880330
:10E2F0002E4653E01798011D1791006841F2C501A1
:10E30000C0F20121002851EA00855FEA4B6058BF46
:10E310004FF0FF3E28467146FFF79EFCDDF83CC0FB
:10E32000064617E01798890500F18680011D1791B0
:10E330000068C11788E04FF6EF700BEA000B0A2364
:10E3400075262BE01798012611AD011D1791006865
:10E350008DF844005FEA0B700ED4B4450CD9202030
:10E3600049466446C047002800F1C082A4F1010C70
:10E370000137B445F3D8B4463744ACEB0604002E5D
:10E3800000F0A18215F8010B4946C047013E002864
:10E39000F5D5ABE24BF0100B102378264FF6F97051
:10E3A0000BEA00025FEA0B600B960AD41798011D76
:10E3B00017910668D1050AD5900554BFB6B2F6B2DA
:10E3C00005E0179891050AD4011D179106680021F0
:10E3D00056EA010008BF2BF0160278D10FE0073093
:10E3E000154620F007000246416852F8086B179264
:10E3F0002A4656EA010008BF2BF0160267D1002614
:10E400005FEA4B6062D50021012C60DA4FF6E970BB
:10E410000BEA00010B9D480637D467E025204946EA
:10E42000C047002800F1628228464946C0470237AB
:10E4300000287FF5BAAC59E2073020F007010A4600
:10E44000496852F8080B179200295A46CDF82CE07B
:10E4500048BF42F4806250EA010322D080EAE170B2
:10E4600081EAE173B0EBE17063EBE17111AC22F092
:10E4700010060A23224600F06DFB3146061BDDF82C
:10E480003CC0DDF82CE0480630D54FF6FE707645EE
:10E4900000EA01002BDA002D08BF21F011007146BF
:10E4A00026E05FEA4B604FF0000040F19E810021C2
:10E4B000012CDBDA4FF6EE70DDF83CC000EA0B0011
:10E4C000DDF82CE014E0002500229EE0002111ACD4
:10E4D000304616467546224600F03CFB3146AE46B5
:10E4E000DDF83CC0061B0B9D4806CED408463146DD
:10E4F0001FFA80FBC0060AD440F206401BEA000F58
:10E500005FEA0F9044185FEA0B7009D526E0002DF2
:10E510004FF0010050EA009044185FEA0B701DD4E0
:10E520005FEACB7008D0B646644505DA06EB0C000E
:10E53000A0EB040E644611E064450FDACDF82CE040
:10E5400020204946C047002800F1D0810F980134AF
:10E550000137A042F4D1DDF82CE004465FEACB603D
:10E560001BD440F206401BEA000F26D05FEA8B70F6
:10E5700075464FF02B0058BF20205FEA4B514946AB
:10E5800048BF2D20C047002800F1B0810137AE46BA
:10E59000F3467546B64514DC1CE030204946F34688
:10E5A000C047002800F1A28135B328464946C0473C
:10E5B000002800F19B810237DE46F3467546B645DA
:10E5C00008DD30204946C047002800F18F81013D19
:10E5D000B542F6DC0F985E45A0EB040456EACB800A
:10E5E0000744002E00F06F8110984946805DC047B7
:10E5F000013E0028F5D579E10137DE46F346754640
:10E60000B645DEDCE6E71D46049BC90652EA5081AA
:10E6100013F1040F08DB834206DA4BF4005B8B42F4
:10E6200004DAD8430E1802E04E1E00E00026A3F5DF
:10E630007A711FFA8BF4099424055FEA8B400395E5
:10E64000CDE9011C05940CD411F5FA6F70464FF01A
:10E65000050198BF0420002C58BF032101EB000CDA
:10E6600003E023EAE37000F1010CDDF824B0002E92
:10E67000079A4FF000050B96CBF3001182F00102D0
:10E6800051EA06900F9983186344CB1A53EAC58464
:10E690001BF0090F11D10A9E84B1604475461044E5
:10E6A000441A20204946C047002800F11F81013745
:10E6B0000134F6D30024AE4600E00A9E0798CDF858
:10E6C00000E00028069805D14946C047002800F11F
:10E6D0000D810137059800280ED530204946C047E6
:10E6E000002800F10381C6F178004946C0B2C04756
:10E6F000002800F1FB800237099800070AD44CB1CA
:10E70000274430204946C047002800F1EF80013CF3
:10E71000F7D100240998800427D49DF84900494680
:10E72000C047002800F1E2800B98012857DB2E201B
:10E730004946C047002800F1D9800B98384400F1C1
:10E74000020B0398C5B20020471CAF4202D20C99BD
:10E75000085C00E030204946C047002800F1C68030
:10E760000B98B8423846EFD148E0049820EAE076AA
:10E77000851B0B98C0F1000B0398C0B20F90701C62
:10E7800006D12E204946C047002800F1AF8001374E
:10E790003020002D04D40F998D42BCBF0E98405DEF
:10E7A00049465E4506DDC04701350137013E002878
:10E7B000E5D59BE0C047002800F198800999781CB6
:10E7C000C90640F19180002E40F08C802E204946F1
:10E7D000C047B0F1FF3F40F38980023773E00998EA
:10E7E000C00604D407F1010B08E000213EE62E200C
:10E7F0004946C047002879D407F1020B02984946E0
:10E80000801BC0B2C047002870D4049E2B2049460C
:10E81000002E48BF2D20C047002E48BF764200285A
:10E8200064D4019810F5FA6F15D844F6D3504946D0
:10E83000C1F26200A6FB0005302000EB9510C0B2CB
:10E84000C047002852D4A8094FF47A7100FB116226
:10E850000BF1030506E008980BF10205324610F1B2
:10E86000C80F3BD848F21F504946C5F2EB10174677
:10E87000A2FB0006302000EB5610C0B2C0470028B3
:10E8800034D47009642100FB117201354CF6CD407F
:10E890004946CCF6CC401746A2FB0006302000EBE0
:10E8A000D600C0B2C047002820D4F008013500EBE4
:10E8B0008000A7EB400202F130004946C0B2C047D9
:10E8C000002813D46F1C012CFFF66FAA20204946A4
:10E8D000C0470137013C0028F5D507E00098022821
:10E8E000D4D2E8E70746EEE70746ECE799F80200DE
:10E8F00040F0040089F802004FF0FF37384619B0A5
:10E90000BDE8F08F022AB8BF70472DE9F04F42F6FC
:10E9100089084FF0010CC0F2010804464FF0010EC7
:10E9200003E05F789C1C252F29D1234613F8015B57
:10E93000252D01D025B90AE16778A31C252F1DD10B
:10E940001C4614F8015B252D01D025B9FFE05F7846
:10E950009C1C252F13D1234613F8015B252D01D0D4
:10E9600025B9F4E06778A31C252F07D11C4614F8BD
:10E97000015B252DD5D0002DD7D1E8E01C464FF006
:10E98000000A4FF00009002604E014F8017B002F74
:10E9900000F0A980B346BAF11F0F0AD8A7F12005ED
:10E9A000102D09D80CFA05F515EA080F40F07C8007
:10E9B00002E0BAF17F0F0AD8A7F13005092D3ED841
:10E9C0000BEB8B034AF0200A05EB4306DDE7A7F1CA
:10E9D0004C052E2D00F288805E46DFE815F06700BA
:10E9E00085008500850085008500850085008500FF
:10E9F00085008500850085008500850085008500EF
:10EA000085008500850085008500850085008500DE
:10EA1000850085008500770085006700850070000F
:10EA200085008500850085008500850085002F0014
:10EA3000850085008500850085002F00A5E7A7F1EA
:10EA40002405562D00F250800026DFE805F0334DF6
:10EA50004D4D4D4D324D4D4D324D4D4D4D4D4D4D1C
:10EA60004D4D4D4D4D4D4D4D4D4D4D4D4D4D4D4DD6
:10EA70004D4D4D4D4D4D2F4D4D4D4D4D4D4D4D4DE4
:10EA80004D4D4D4D4D4D4D4D4D4D4D4D4D4D4D4DB6
:10EA90004D4D3F4D2F4D384D4D4D4D4D4D4D2C4D08
:10EAA0004D4D4D4D2C00FFE75E466EE74AF4207A4F
:10EAB000FAE76AE7B9F1000F0FD1D94665E70AF026
:10EAC00080034AEA830343F0800AEDE70AF4807387
:10EAD0004AEA430343F4807AE6E7F3457FF455AF0F
:10EAE0006327F14600E00027B9F1000F2FD0F14570
:10EAF00024D147F02003612B1CBF653B022B05D8B6
:10EB00000B68073323F00703083313E0A7F163030F
:10EB1000102B0AD8DFE803F00C09090909090909D3
:10EB200009090909090909090C005FEA0A6309D4FE
:10EB30000B6804330EF1010E04460B609645FFF698
:10EB4000F4AE04E00B685FEA8A54DAD4F1E7BDE87A
:10EB5000F04F70472DE9F04703F01F0698469146A5
:10EB60008A4605462846514632460023FEF73CFBBE
:10EB7000044600FB16500F46A0EB0801092888BF89
:10EB800001F13700303089F80000A81B7AF100004D
:10EB900049D32046394632460023FEF725FB054679
:10EBA00000FB16408A46A0EB0801092888BF01F146
:10EBB0003700303089F80100A01B77F1000036D310
:10EBC0002846514632460023FEF70EFB044600FB62
:10EBD00016500F46A0EB0801092888BF01F1370045
:10EBE000303089F80200A81B7AF1000023D32046B8
:10EBF000394632460023FEF7F7FA054600FB164079
:10EC00008A46A0EB0801092888BF01F1370030309F
:10EC100089F8030009F10409A01B77F10000A1D2D3
:10EC20004846BDE8F08709F10100BDE8F08709F129
:10EC30000200BDE8F08709F103094846BDE8F08706
:10EC40002DE9F04F85B05AEC103B4FEADA77CAF362
:10EC50000A566FF31F5A077153EA0A0408BF002EC1
:10EC60000ED040F2FF75AE423CD10421002C18BFFB
:10EC70000821394401710021084605B0BDE8F08F34
:10EC8000002700234FF0000A0029076037D40D2920
:10EC900037D3190F00F1050B41EA0A110491190E3F
:10ECA0004FEA1A5441EA0A210391190D4FEA1A4614
:10ECB00041EA0A310291190C4FEA1A3841EA0A4135
:10ECC0000191190B41EA0A5C190A41EA0A6E190915
:10ECD00041EA0A794FEA1A1103F00F034FEA1A27A3
:10ECE000009180E04FF60247002ECFF6FF771CBF61
:10ECF000A6F2FF370AF5801A00290760C7D5002160
:10ED000046E03326A6EB8105C5F1200613274FF018
:10ED1000020CA7EB81072CFA06F401264FF0000E37
:10ED2000002F58BF0CFA07F458BF06FA07FE06FA80
:10ED300005F60CFA05F558BF002658BF0025D5F199
:10ED400000094FF0000868EB040C013D64F1000479
:10ED50001D4004EA0A04751B7EEB040411D38C00E9
:10ED6000C4F13405D4F1140423FA05F7C5F12005E4
:10ED70000AFA05F545EA070558BF2AFA04F5EC0733
:10ED800002D09B194AEB0E0A03EA09030AEA0C0AAD
:10ED90001F0947EA0A791F0F1D0B47EA0A17049754
:10EDA0001F0E45EA0A5C47EA0A2703971F0D1D0A52
:10EDB00047EA0A3702971F0C45EA0A6E47EA0A47F4
:10EDC00000F1050B13F00F0301974FEA1A174FEAF2
:10EDD0001A544FEA1A464FEA1A384FEA1A25009792
:10EDE00000F0B4802F46991A092B88BF01F1270340
:10EDF00003F13001817409F00F030D219D1A092BD5
:10EE000088BF05F127030C2903F13003437498BF31
:10EE10000C210EF00F039D1A092B88BF05F1270363
:10EE20000B2903F13003037498BF0B210CF00F037F
:10EE30009D1A092B88BF05F127030A2903F1300326
:10EE4000C37398BF0A21019B3D4603F00F039F1A2D
:10EE5000092B88BF07F12703092903F130038373C6
:10EE600098BF0921029B03F00F039F1A092B88BF4B
:10EE700007F12703082903F13003437398BF0821E2
:10EE8000039B03F00F039F1A092B88BF07F1270389
:10EE9000072903F13003037398BF0721049B03F094
:10EEA0000F039F1A092B88BF07F12703062903F1D7
:10EEB0003003C37298BF06210AF00F039F1A092B73
:10EEC00088BF07F12703052903F13003837298BF38
:10EED0000521009B03F00F039F1A092B88BF07F140
:10EEE0002703042903F13003437298BF042105F07E
:10EEF0000F039F1A092B88BF07F12703032903F18A
:10EF00003003037298BF032108F00F039F1A092BE7
:10EF100088BF07F12703022903F13003C37106F00C
:10EF20000F0398BF02219A1A092B88BF02F1270309
:10EF300003F130028271012998BF012104F13000F0
:10EF40008BF80000084605B0BDE8F08F19F00F03FC
:10EF500048D10C2946D21EF00F0345D10B2943D2CC
:10EF60001CF00F0342D10A2940D2019B13F00F037A
:10EF70007FF46DAF0929BFF46AAF029B13F00F0352
:10EF80007FF473AF0829BFF470AF039B13F00F0336
:10EF90007FF479AF0729BFF476AF049B13F00F031A
:10EFA0007FF47FAF0629BFF47CAF1AF00F037FF424
:10EFB00085AF0529BFF482AF17F00F038CD1042968
:10EFC0008AD215F00F0394D1032992D218F00F03BF
:10EFD0009CD102299AD206F00F0353EA0107A2D16D
:10EFE0000021ABE72F4609E72F4614E72F461FE71E
:10EFF000B0B588B00C464FF23701C0F200210025B1
:10F0000001914FF4003100910119CDE90655002C12
:10F010000490CDE9025518BF481E48BF0020059056
:10F02000114668461A46FEF7A9FE002C1CBF04993B
:10F030000D7008B0B0BDD1E904239A421EBF531C25
:10F040000B61107070472DE9F04FA1B056EC108B9A
:10F05000B246C6F30A546FF31F5AF50F58EA0A076F
:10F0600008BF002C0ED040F2FF76B44215D1082123
:10F07000002F08BF0421002429440171204621B03B
:10F08000BDE8F08FA91C01713021012441710021DC
:10F090000160204621B0BDE8F08FA4F23549002C74
:10F0A000CDE9062308F001060495CDE9081006BF56
:10F0B0004FF6CC39CFF6FF790AF5801A4FEA8A026B
:10F0C00042EA9870002F15905FEA0F90022C5FEAD9
:10F0D0002F91B9F1000F40EA01074FEA8800149020
:10F0E0000596139749D4484600F021FD0546B9F12D
:10F0F000030F88BF013D284600F027FD0DF1580B96
:10F1000004462846594600F00BFE1AA81CA95A4688
:10F110000297CDE90010A5EB09002044514600F10B
:10F120007C034046AB4600F031FC8246152D5FD88B
:10F13000149F4CF6CD46159D1EA8CCF6CC460C4629
:10F1400000903846294632464FF0CC3300F072FE2C
:10F15000DDE91E01820842EA817120F003000844C3
:10F160004042F8426AD13846294600F0F7FC58453B
:10F170005FEA3F901290002087E0C9F1000B5846EB
:10F1800000F0DCFC044619F1010018BF013CABEBB8
:10F19000040B584600F0D9FC16A9054658468B4684
:10F1A00000F03BFD1AA81CA95A460297CDE90010B1
:10F1B000601B00F17D034046514600F0E7FB04EB85
:10F1C000090B8246012C1BD8089B002E069D4CF68D
:10F1D000CD46CCF6CC4608D0DDE91C0201381C90A7
:10F1E00062F100001D90002013900120129050E069
:10F1F0004CF6CD460020CDE91200CCF6CC4646E0D8
:10F20000089B4CF6CD46069DCCF6CC463E2C25D828
:10F210004FF0FF30B4F1200200FA04F758BF002786
:10F22000149C58BF9040159A24EA070722EA000070
:10F2300038435FEA1F901290002011E0059888B9CA
:10F240001398C043C01965F1000100F087FC5845D0
:10F250005FEA3F9013900020129017E00020129078
:10F26000139016E047F00200294600F077FCDDE934
:10F270001C124B1E62F10005584553EA21801C9078
:10F2800055EA22801D900020129013902146089B81
:10F29000069D002D0C934AD0BAF10A0071F10000CE
:10F2A00001D2012037E000274FF00A0C02204FF076
:10F2B00064094FF47A7842F2107E0A22A2FB0C45D0
:10F2C00007EB870305EB4303BAEB040471EB03037D
:10F2D00020D3A2FB093407FB0944BAEB030371EB0B
:10F2E000040314D3A2FB083407FB0844BAEB03035E
:10F2F00071EB04030DD3A2FB0E23043007FB0E3782
:10F30000BAEB020371EB0703D8D2013802E00130F7
:10F3100000E00230089B079A0BEB02073844B0EB81
:10F32000D27FB8BFD00F834253EAB0800C90CDF8A3
:10F330000CB00DF1680B1D9C16AD9BE8000B002076
:10F340001591149011900B902FE01599504632466C
:10F350004FF0CC3316AD4FEADB04009500F06AFDA8
:10F360001498BB46129910F0FF0FDDE916235FEAEF
:10F370001F90014008EB88001291404210994942C9
:10F38000B1EB400F13995FEA1F9001401391D00831
:10F3900040EA437101EB8000AAEB40001490119801
:10F3A0008A4601301190D8081590584621463246B9
:10F3B0004FF0CC330095CDF834B00E9400F03AFD08
:10F3C0004046494632464FF0CC33DDE9164B0095B6
:10F3D000CDE90F9800F02EFDDDE91601E20842EAC2
:10F3E0004B774FEAD109C00840EA4178B8EB0700F3
:10F3F00079EBDB00A9D31599BAF10A0071F100008D
:10F4000001D201203BE00A9700250A2202204FF09A
:10F410000A0C64274FF47A7EA2FB0C3605EB8504B8
:10F4200006EB4406BAEB030371EB060322D3A2FBFF
:10F43000073605FB0766BAEB030371EB060316D329
:10F44000A2FB0E3605FB0E66BAEB030371EB060357
:10F450000FD342F210740430A2FB042305FB0435E1
:10F46000BAEB020371EB0503D6D2013802E001309A
:10F4700000E002300A9F4CF6CD46CCF6CC460C9A02
:10F480004AEA010313435FEA1F93904203DD13B975
:10F4900001200B905AE71398C00771D0DDF8408027
:10F4A00032460F994FF0CC3316AD0095404600F030
:10F4B000C1FCDDE91610C8F10003DDF848B0CA0848
:10F4C00042EA407404EB82025242B3EB420F5FD136
:10F4D000C208DDF84490DDF850C0DDE90D0190462A
:10F4E00032464FF0CC33CDF850C0009500F0A2FC6E
:10F4F0001599324616984FF0CC3312905046179F0C
:10F50000009500F097FC4CF6CD4216A800902046DE
:10F510004146CCF6CC424FF0CC33DDE91665CDF850
:10F520003C8000F087FCF10841EA457E14980EEB20
:10F530008101A046ED0810F0FF0FAAEB410C5FEA35
:10F540001F90DDE916120BEA000B12984CF6CD461F
:10F550001595CB0843EA4274C00804EB830340EAE4
:10F5600047705B4209F1010916ADF908C8F10007BF
:10F57000CCF6CC46D208F246B7EB430FAFD00CE046
:10F580000DF1400BD646DDF850C09BE8000B04E0BF
:10F59000D646DDF84490DDF850C0159A8EEA080191
:10F5A0000F981346424011430B9A5FEA0F911143A3
:10F5B000CA07059900295FEA1F91002A04BF139A20
:10F5C00011EA02010ED05FFA8CF105295FEA0F9271
:10F5D000042962EA0B025FEA9F9142EA0E0202EA04
:10F5E000010C01E04FF0010C039809EB00051EEB44
:10F5F0000C0043F10001B0F10A0271F1000201D2E6
:10F60000012338E0AE4600264FF00A0802234FF0EF
:10F61000640B4FF47A7A42F210790A25A5FB08723E
:10F6200006EB860402EB4402C41B71EB02021DD3FD
:10F63000A5FB0B2406FB0B44821A71EB040212D3C8
:10F64000A5FB0A2406FB0A44821A71EB04020CD3C0
:10F65000A5FB0952043306FB0926421B71EB060287
:10F66000DCD2013B02E0013300E002334CF6CD4630
:10F670007546CCF6CC460C9A93425FEADC82012AAE
:10F68000079A3AD1069F4FB12A441A44012AD8BF9B
:10F690000122089F974257EAB2820C920C9A934239
:10F6A0002BDD05304CF6CD4741F10001CCF6CC47BF
:10F6B0004008013B40EAC170013510EB51024FEAAE
:10F6C000510142F10002A2FB077626F0030707EB87
:10F6D00096074FF0CC36D21B821A4CF6CD40CCF6B2
:10F6E000CC4061F10001A2FB000702FB06724CF660
:10F6F000CD46CCF6CC4601FB06210C9A934253EA48
:10F70000B2822BB214B22344A3F10108012CC0F23F
:10F71000348102F00303099ACDF84880042C02F1E9
:10F7200005091193149402D24FF0000AA9E0E31ADC
:10F730002244149C02F104084FF0000A139364223F
:10F74000002383460F46FDF74FFD420800F00100FD
:10F7500042EAC17212EB510141F10001A1FB062303
:10F7600023F0030202EB93020023891A4FF47A720A
:10F7700040EA4100394640F0300015905846FDF708
:10F7800033FD42084CF6CD4642EAC172CCF6CC4677
:10F7900012EB510100F0010041F100024FEA5B0160
:10F7A00041EAC77111EB570343F10003A3FB066560
:10F7B00025F0030606EB95069B1B6FF00206CB1A9D
:10F7C0004CF6CD41CCF6CC41A3FB011C01EB8105ED
:10F7D000ABEB450545F0300508F804598AEA060503
:10F7E000159E254409F805604CF6CD46CCF6CC466E
:10F7F000A2FB065626F0030505EB9606A2EB0602D1
:10F800004CF6CD46CCF6CC4640EA42006FF00302FF
:10F8100082EA0A0240F03000224409F802004FF068
:10F82000CC304FEA570203FB00C062F1000202FB3A
:10F8300006004A0801F0010142EAC07212EB5000D2
:10F8400040F10000A0FB062323F0030202EB930229
:10F850000023801A42F2107241EA40006FF0010169
:10F8600081EA0A0140F03000214409F801005846BD
:10F870003946FDF7B9FC0AF1040A139A52457FF4A0
:10F880005EAFDDF844E0DDF84880149CBEF1000F67
:10F8900073D042084CF6CD4742EAC172CCF6CC4751
:10F8A00012EB51036FEA0A0543F100032544A3FB61
:10F8B000077626F0030707EB96074E08DB1BD31AE3
:10F8C0004CF6CD42CCF6CC4266F1000CA3FB0227ED
:10F8D000BEF1010F02EB8206A0EB460646F03006B1
:10F8E00009F8056049D04FF0CC364CF6CD4503FB06
:10F8F00006734CF6CD47CCF6CC47CCF6CC450CFB8A
:10F900000733570802F0010247EAC37717EB5303A6
:10F910004CF6CD4743F10003CCF6CC47BEF1020FC5
:10F92000A3FB077626F0030707EB9607A3EB070375
:10F9300042EA4302A4EB0A0303EB090642F0300259
:10F9400006F8022C19D064220023FDF74DFC420872
:10F9500000F0010042EAC17212EB510141F10001D5
:10F96000A1FB052323F0030202EB9302891A40EA6C
:10F97000410040F0300006F8030C09980499017129
:10F98000C0F80080204621B0BDE8F08F2DE9F04F8F
:10F990008BB0490041EAD07405931646D2E90023A2
:10F9A00045002846214608AF009700F043FAD6E903
:10F9B0000223834606A88946009028462146DDE9B1
:10F9C000087A00F037FA10EB0708DDE906234AEB66
:10F9D000010ADDE90801571C059C43F10005B8EB5D
:10F9E00000007AEB0100A4F1410455EA338357EAA1
:10F9F000328296E8830017EB0807F568049445EB1C
:10FA00000A0510EB0B0059EB0100009457F10000C0
:10FA1000CDE9062345F10001571C43F10005B0EB89
:10FA2000080471EB0A04CDF80CB055EA338357EAA9
:10FA30003282CDF8089000F01BFADDE91429169BFC
:10FA4000C2E9000143B3D6E900C1D6E902560398E2
:10FA5000B8EB0505DDE906236AEB06066C1E66F1C8
:10FA60000007B0EB0C000298DDF810B08841CDF82B
:10FA700000B054EA358057EA3681571E63F100061C
:10FA8000B8EB00057AEB010557EA328256EA338378
:10FA900000F0EEF95F463EE0DDE906204FEA48045B
:10FAA000D6E900EC01900598D6E90276A0F1400570
:10FAB000029800954FEA4A05039945EAD87544EA49
:10FAC000D0744300E71B65EB0606B7F1010B43EA70
:10FAD000D17366F10000DEEB410173EB0C0150EADB
:10FAE00036815BEA3780B4EB0803019F75EB0A03AC
:10FAF0005FEA2F937F0043EA420347EAD2775A1E18
:10FB000067F10006241A8D4152EA338256EA3783A0
:10FB100000F0AEF9049FDDE90623C9E90001404683
:10FB20005146009700F0A4F90BB0BDE8F08F43F206
:10FB30004141C0F201014843800C704742F6FB612D
:10FB4000C0F20B014843000D704749F24F31C0F23B
:10FB500012014843012101EBD04070472DE9F04FDD
:10FB60004CF6CD4E45F6294442F6F50A47F6D5083F
:10FB700047F6916943F2343B02460020CCF6CC4E66
:10FB80004FF03333CCF28F24C8F65C7AC2F2E968C6
:10FB9000C3F6FB29C3F2333BA2FB0E5C4FF0CC371C
:10FBA00002FB07C7D5F1333501FB0E7773EB07076F
:10FBB0002ED3A2FB047502FB0A55D7F1333701FBA4
:10FBC000045573EB050722D3A2FB087540F63106F6
:10FBD000C1F6AC4602FB0655D7F1333701FB085599
:10FBE00073EB050716D3A2FB09754CF67066CDF2D0
:10FBF0008826043002FB065201FB0921B7EB0B02F9
:10FC000071F133323A46C7D30138BDE8F08F013085
:10FC1000BDE8F08F0230BDE8F08F2DE9F04F87B0DE
:10FC200005464EF64F40C4F6C4608B46A5FB000166
:10FC3000C8081A2100FB01F644F23001C0F201218C
:10FC400001EB0010B54209D190E80E00C0688BE8C6
:10FC50000E00CBF80C0007B0BDE8F08FD0E90092A1
:10FC600044F20011C0F201210192D0E90223A81B45
:10FC700051F8307001EBC000446804A80090384689
:10FC8000214600F0D7F8019B824602A888460090E2
:10FC9000384621464A4600F0CDF881460191DDE91B
:10FCA0000201002210EB0A0758EB010842F10000A4
:10FCB000012806D1DDE904010130049041F1000082
:10FCC00005902846FFF741FF04463046FFF73DFF09
:10FCD0000199241A48463A464346009400F0C8F871
:10FCE0006FF0030244F2D01302EA9502C0F201233E
:10FCF0009A581E2303EA4503DA4002F003068019EE
:10FD0000DDE9042341F10001CBE900013846414619
:10FD1000009400F0ADF8CBE9020107B0BDE8F08F28
:10FD20002DE9F04F87B08B464EF64F41054619300E
:10FD3000C4F6C461A0FB0101C8081A2100FB01F64A
:10FD400044F22821C0F2012101EB0010AE4209D19A
:10FD500090E80E00C0688BE80E00CBF80C0007B0EE
:10FD6000BDE8F08FD0E900A244F20011C0F20121F9
:10FD70000192D0E90223701B51F8307001EBC000F2
:10FD8000446804A800903846214600F053F88046A5
:10FD900002A80090BAF1010201988946214660F15B
:10FDA0000003384600F046F804468A46DDE90201C1
:10FDB000002210EB080751EB090842F1000001286E
:10FDC00006D1DDE904010130049041F10000059005
:10FDD0003046FFF7BAFE06462846FFF7B6FE361A4B
:10FDE000204651463A464346009600F041F86FF0EF
:10FDF000030244F2183302EA9502C0F201239A5832
:10FE00001E2303EA4503DA4002F003054019DDE949
:10FE1000042341F10001013041F10001CBE900016F
:10FE200038464146009600F023F8CBE9020107B0BE
:10FE3000BDE8F08FF0B5A2FB01CEA2FB0075A3FBDD
:10FE4000011415EB0C05DDF814C051EB0E06294624
:10FE500044F100043246E3FB0012A3FB0003401907
:10FE600056EB030044F10000CCE900203846F0BD19
:10FE700010B5DDF808C0CCF1400ECEF1200420FA18
:10FE80000CF003FA0EF322FA04F42343DCF120040D
:10FE900058BF02FA04F302FA0EF201FA04F440EA3F
:10FEA000040058BF0022BCF1200458BF21FA04F01E
:10FEB00021FA0CF158BF00211043194310BD6661AF
:10FEC0006C7365005F5F61726D5F32645F616C6C63
:10FED0006F636174655F736372617463685F6D659E
:10FEE0006D6F7279004E554C4C203D3D2074686911
:10FEF000732E416461707465722E4F7074696D6900
:10FF00007A65644469727479526567696F6E732E9D
:10FF10007074576F726B696E674C697374002E2E24
:10FF20002F7372632F74686972642F61726D32640B
:10FF30002F48656C7065722F536F757263652F6102
:10FF4000726D5F32645F68656C7065725F73686163
:10FF500070652E630046696C6C2053746172740086
:10FF60004861726452657365740050433A202030D2
:10FF700078253038580D0A005053523A20307825F1
:10FF80003038580D0A002E2E2F7372632F74686953
:10FF900072642F61726D32642F4C69627261727982
:10FFA0002F536F757263655C5F5F61726D5F326462
:10FFB0005F66696C6C5F636F6C6F75725F77697495
:10FFC000685F616C7068612E63005F5F61726D5F76
:10FFD00032645F72676231365F73775F6472617734
:10FFE0005F7061747465726E0061726D5F6C6364E2
:10FFF0005F746578745F696E6974005F5F61726DCC
:020000040201F7
:100000005F32645F68656C7065725F75706461749F
:10001000655F64697274795F726567696F6E5F7737
:100020006F726B696E675F6C6973740041524D5FEC
:1000300032445F434F4C4F55525F5247423536353D
:10004000203D3D204F505F434F52452E70744F70FE
:100050002D3E496E666F2E436F6C6F75722E63680E
:10006000536368656D650041524D5F32445F4131B5
:100070005F464F4E545F4745545F434841525F448B
:10008000455343524950544F525F48414E444C45AA
:100090005200746869732E5377697463682E7074A4
:1000A0004D6F64652D3E63684566666563747320B5
:1000B000213D2041524D5F32445F5343454E455FE1
:1000C0005357495443485F4346475F4E4F4E4500A0
:1000D000200046756E6374696F6E3A0D002E2E2FE8
:1000E0007372632F74686972642F61726D32642F4A
:1000F0004C6962726172792F536F757263655C2E01
:100100002E2F536F757263652F5F5F61726D5F3263
:10011000645F636F72652E630044656C61792025AE
:1001200075206D73007265616452656769737465EB
:1001300072004D53503A2020202030782530385816
:100140000D0A00494E464F202000206174206C6942
:100150006E653A2025640030203D3D2028287569D1
:100160006E747074725F7429704275666620262002
:10017000286E416C69676E202D203129290041527B
:100180004D5F32445F434F4C4F55525F535A5F3877
:10019000424954203D3D204F505F434F52452E7001
:1001A000744F702D3E496E666F2E436F6C6F757283
:1001B0002E7533436F6C6F7572535A005F5F6172B7
:1001C0006D5F32645F68656C7065725F64697274DC
:1001D000795F726567696F6E5F706F6F6C5F667273
:1001E000656500746869732E416461707465722E70
:1001F000694469727479526567696F6E46726565A4
:10020000436F756E74203E3D2030005F5F64726105
:10021000775F726F756E645F636F726E65725F6237
:100220006F780020307825303258000D0A3D3D3D72
:100230003D3D3D20417373657274204572726F724B
:10024000203D3D3D3D3D3D0D0A002E2E2F73726336
:100250002F74686972642F61726D32642F4C696209
:10026000726172792F536F757263652F61726D5F62
:1002700032645F68656C69756D2E630061726D5FD5
:1002800032645F68656C7065725F647261775F622B
:100290006F78002E2E2F7372632F74686972642F2B
:1002A00061726D32642F48656C7065722F536F7583
:1002B0007263652F61726D5F32645F68656C706533
:1002C000725F7363656E652E630044454255472037
:1002D00000495053523A203078253038580D0A00E2
:1002E0002E2E2F7372632F74686972642F61726D82
:1002F00032642F48656C7065722F536F7572636539
:100300002F61726D5F32645F68656C7065725F66E5
:100310006F6E742E63006877436F756E74203E2095
:100320003000577269746520636D643A2030782517
:1003300030325800446973706C6179207374617451
:1003400075733A00436865636B6564204572726F2C
:10035000723A204E6F20436F70726F636573736FD4
:10036000720D005F5F61726D5F32645F7375625F13
:100370007461736B5F6465706F7365004E554C4CB0
:1003800020213D207074546172676574002E2E2FF9
:100390007372632F74686972642F61726D32642F97
:1003A00048656C7065722F536F757263652F61724B
:1003B0006D5F32645F68656C7065725F7066622E37
:1003C0006300746869732E416461707465722E6293
:1003D0004669727374497465726174696F6E005214
:1003E00065616420415049206661696C65643A200A
:1003F00030782558004E554C4C203D3D207468699E
:10040000732E416461707465722E4F7074696D69EA
:100410007A65644469727479526567696F6E732E88
:10042000707443616E6469646174654C69737400CF
:1004300066616C7365203D3D207074576F726B6907
:100440006E672D3E6246726F6D496E7465726E61A5
:100450006C506F6F6C007074436972636C654D61B2
:10046000736B2D3E74496E666F2E74436F6C6F759F
:1004700072496E666F2E7533436F6C6F7572535A87
:10048000203D3D2041524D5F32445F434F4C4F551C
:10049000525F535A5F3842495400627573795F77EF
:1004A0006865656C325F73686F7700636F6C756D3C
:1004B0006E5F656E643A202564004368616E67650F
:1004C000206F7269656E746174696F6E20746F203D
:1004D0002564004650533A2533753A25756D7320CF
:1004E0000028282875696E747074725F74292070F2
:1004F000687742756666657229202620307830312B
:1005000029203D3D2030005F5F61726D5F32645F86
:100510007363656E655F706C617965725F73657436
:100520005F737769746368696E675F6D6F64650098
:100530004C43445F506F7274496E6974005231329B
:100540003A203078253038580D0A005343422D3E6A
:10055000435346523A203078253038580D0A000D62
:100560000A3D3D3D3D3D3D3D3D204F746865722057
:100570005265676973746572203D3D3D3D3D3D3D6B
:100580003D0D005053504C494D3A203078253038BD
:10059000580D0A004C43443A2532756D73004E5590
:1005A0004C4C20213D20746869732E416461707445
:1005B00065722E707443757272656E74005F5F6150
:1005C000726D5F32645F68656C7065725F6C6F77C7
:1005D0005F6C6576656C5F72656E646572696E6787
:1005E00000282028687753657474696E6773202625
:1005F000205F5F41524D5F32445F5343454E455F3C
:100600005357544943485F4346475F444546415525
:100610004C545F42475F6D736B29203E3E205F5F05
:1006200041524D5F32445F5343454E455F535754EB
:100630004943485F4346475F44454641554C545FF4
:1006400042475F706F7329203C203300636F6C75E5
:100650006D6E5F73746172743A202564002E2E2FC4
:100660007372632F74686972642F61726D32642FC4
:100670004C6962726172792F536F757263652F6175
:10068000726D5F32642E63005F5F61726D5F326412
:100690005F68656C7065725F64697274795F7265BA
:1006A00067696F6E5F706F6F6C5F6E6577004C434C
:1006B000445F506F72745365744F7269656E7461F4
:1006C00074696F6E0052323A2020307825303858E5
:1006D0000D0A00436865636B6564204572726F7232
:1006E0003A20537461636B204F766572666C6F7746
:1006F0000D00696E66005741524E2020004861721D
:10070000644661756C74206F6363757272656420F2
:1007100062792044454255470D0A004E554C4C2005
:10072000213D20707454696C65005F5F61726D5F7C
:1007300032645F7267623536355F73775F636F6C03
:100740006F75725F66696C6C696E675F77697468F4
:100750005F6F706163697479004E554C4C20213D88
:1007600020707444657363726970746F72005F5FA8
:1007700061726D5F32645F68656C7065725F706531
:1007800072665F636F756E7465725F7374617274A5
:10079000005F5F61726D5F32645F68656C70657287
:1007A0005F706572665F636F756E7465725F737498
:1007B0006F700061726D5F32645F68656C70657246
:1007C0005F7066625F7461736B000D0A005365743D
:1007D000204341534554003078253032582000439F
:1007E0006865636B6564204572726F723A20556E5E
:1007F000616C69676E6564204163636573730D00A6
:100800005F5F757365725F7363656E655F706C6162
:100810007965725F696E69740061726D5F32645FE1
:100820006765745F6162736F6C7574655F6C6F632D
:100830006174696F6E005F5F61726D5F32645F68E3
:10084000656C7065725F7066625F7265706F7274FE
:100850005F72656E646572696E675F636F6D706C01
:1008600065746500746869732E41646170746572A3
:100870002E694469727479526567696F6E46726554
:1008800065436F756E74203E2030004E554C4C20F1
:10089000213D2070744469727479526567696F6E86
:1008A00073002828287E6E416C69676E29202B20F2
:1008B00031292026206E416C69676E29203D3D203C
:1008C0006E416C69676E005F5F61726D5F32645F7D
:1008D00063386269745F73775F636F6C6F75725FA3
:1008E00066696C6C696E67001B5B324A1B5B480073
:1008F000726F775F73746172743A20256400536578
:1009000074205241534554003D3D3D3D3D3D3D3DEC
:100910003D3D3D3D3D3D3D20496E20486172644670
:1009200061756C74203D3D3D3D3D3D3D3D3D3D3D52
:100930003D3D3D3D0D0A0052313A202030782530B2
:1009400038580D0A004E554C4C20213D2070744300
:100950006972636C654D61736B002E2E2F73726329
:100960002F74686972642F61726D32642F48656CF0
:100970007065722F536F757263652F627573795F3F
:10098000776865656C2E63004C43445F506F7274EA
:10099000447261774269746D6170005B25752C202B
:1009A00025755D206F7574206F662072616E6765B6
:1009B000004944313A203078253032582C204944BF
:1009C000323A203078253032582C204944333A20AE
:1009D0003078253032580046696C653A0D000D0AB2
:1009E000596F752063616E206469726563746C79F8
:1009F000207072696E7420737472696E6720746FF0
:100A0000204C43442077697468207072696E746664
:100A100028290D0A0D00436865636B6564204572E3
:100A2000726F723A20446976696465204279205A6F
:100A300065726F0D00436865636B65642045727273
:100A40006F723A20496E76616C69642053746174E8
:100A5000650D004E554C4C20213D2070744F5000C8
:100A60002E2E2F7372632F74686972642F61726DFA
:100A700032642F4C6962726172792F536F757263A1
:100A8000655C2E2E2F536F757263652F5F5F6172E9
:100A90006D5F32645F74696C652E630061726D5FB7
:100AA00032645F68656C7065725F737761705F72E6
:100AB00067623136004E554C4C20213D2070744603
:100AC0006F6E74004E554C4C20213D207468697344
:100AD0002E744346472E446570656E64656E637977
:100AE0002E6576744F6E4C6F774C6576656C5265EB
:100AF0006E646572696E672E666E48616E646C65C1
:100B00007200436865636B6564204572726F723A68
:100B10002050726563697365206461746120627539
:100B200073206572726F720D005F5F61726D5F326C
:100B3000645F72676233325F73775F636F6C6F7588
:100B4000725F66696C6C696E67004552524F522045
:100B5000004C43445F506F727446696C6C5363720F
:100B600065656E0053656E6420696E6974207371EB
:100B700075656E63650052303A2020307825303834
:100B8000580D0A004E554C4C20213D20706368439F
:100B9000686172436F64650046696C6C20446F6ED7
:100BA0006500534349385F5350495F43616C6C6241
:100BB00061636B000D0A3D3D3D3D3D3D3D3D3D20AA
:100BC000534342205265676973746572203D3D3D11
:100BD0003D3D3D3D3D3D0D005343422D3E48465376
:100BE000523A203078253038580D0A004368656342
:100BF0006B6564204572726F723A20556E6465664B
:100C0000696E656420496E737472756374696F6E82
:100C10000D004E554C4C20213D20746869732E53B5
:100C200063656E654649464F2E7074486561640081
:100C30003D3D3E20005F5F61726D5F32645F6865BD
:100C40006C7065725F7066625F64726177696E670F
:100C50005F697465726174696F6E5F626567696E02
:100C6000004E554C4C20213D2070745363656E65D9
:100C7000730078203D2025752C2079203D20257596
:100C80002C206C656E677468203D2025752C2077BC
:100C900069647468203D20257500424641522069F0
:100CA000732076616C69643A203078253038580DAD
:100CB0000A0061726D5F32645F73637261746368AE
:100CC0005F6D656D6F72795F66726565004E554C3C
:100CD0004C20213D20746869732E416461707465F5
:100CE000722E70744469727479526567696F6E0010
:100CF0001B5B306D004C434420436F6E736F6C651B
:100D00000066616C7365203D3D20707443616E64C4
:100D100069646174652D3E6246726F6D496E7465DB
:100D2000726E616C506F6F6C005343422D3E4943AD
:100D300053523A203078253038580D0A004D535020
:100D40004C494D3A203078253038580D0A006172F0
:100D50006D5F32645F68656C7065725F66696C6C4C
:100D60005F74696C655F636F6C6F7572004E554C94
:100D70004C20213D20707453637265656E004E55A2
:100D80004C4C20213D207074536372617463685031
:100D90004642005F5F61726D5F32645F64796E61CD
:100DA0006D69635F64697274795F726567696F6E9C
:100DB0005F757064617465004E554C4C20213D2078
:100DC000707454656D705363656E65005F5F706627
:100DD000625F647261775F7363656E655F6D6F6498
:100DE000655F6661646500726F775F656E643A2067
:100DF000256400577269746520636F6D6D616E6460
:100E0000206661696C65643A2030782558004C5240
:100E10003A20203078253038580D0A004576656E26
:100E2000743A202564006E616E002E2E2F7372635B
:100E30002F74686972642F61726D32642F48656C1B
:100E40007065722F536F757263652F61726D5F32BB
:100E5000645F68656C7065722E63004E554C4C2063
:100E6000213D20706C54696D657374616D70004133
:100E7000626F727400777269746552656769737422
:100E80006572003D3D3D3D3D3D3D3D3D3D204D5369
:100E90005020537461636B20203D3D3D3D3D3D3D01
:100EA0003D3D3D0D00436865636B6564204572728E
:100EB0006F723A20496E737472756374696F6E2035
:100EC000427573204572726F720D002E2E2F737251
:100ED000632F61726D32645F6366672F61726D5F4D
:100EE00032645F646973705F616461707465725FBE
:100EF000302E630041524D5F32445F434F4C4F559B
:100F0000525F535A5F3136424954203D3D204F5085
:100F10005F434F52452E70744F702D3E496E666F81
:100F20002E436F6C6F75722E7533436F6C6F7572D5
:100F3000535A000D4173736572743A0D0048617223
:100F4000644661756C74206F6363757272656420AA
:100F50006279206F74686572206578636570746962
:100F60006F6E20666F726365640D0A002E2E2F73FC
:100F700072632F74686972642F61726D32642F4CD2
:100F80006962726172792F536F757263652F617236
:100F90006D5F32645F647261772E63005F5F6172C0
:100FA0006D5F32645F72676231365F73775F636F64
:100FB0006C6F75725F66696C6C696E670041524D4B
:100FC0005F32445F434F4C4F55525F535A5F333249
:100FD000424954203D3D204F505F434F52452E70B3
:100FE000744F702D3E496E666F2E436F6C6F757235
:100FF0002E7533436F6C6F7572535A0061726D5F5B
:1010000032645F7363656E655F706C617965725F92
:10101000617070656E645F7363656E6573002E202A
:1010200076616C3A200046696C6C2073637265656A
:101030006E207370656E6420256C6C64206D730087
:1010400052333A20203078253038580D0A00436852
:1010500065636B6564204572726F723A20496E76E3
:10106000616C69642050430D0066616C7365203DBE
:101070003D20746869732E416461707465722E62DC
:10108000497344727952756E0061726D5F32645FAC
:101090007363656E655F706C617965725F746173AF
:1010A0006B005053503A202020203078253038589B
:1010B0000D0A0043757272656E7420636E743A2077
:1010C00025750D0A00286E756C6C2900492F0002E9
:1010D000000000000802002FCC10010200000000F8
:1010E0006930000200000000213100020000000011
:1010F0000883003CE0100102000000000883003F6C
:10110000E81001020000000031340002000000007D
:10111000B932000200000000193300020000000094
:10112000713300020000000008830057081101021B
:10113000000000000602002E101101020000000055
:101140000802002E18110102000000000A02002E01
:10115000201101020000000000000000000000005B
:101160000101010101010101020202020202020267
:101170000303030303030303010204081020408058
:101180000102040810204080010204081020408061
:101190000102040810204080010002000400080041
:1011A0001000200040008000010002000400080040
:1011B000100020004000800000000000000000003F
:1011C000000000000000000001000100010001001B
:1011D00001000100010001000001020304050607EF
:1011E00000010203040506070000000000000000E3
:1011F00001010101010101010102040810204080E8
:1012000001020408102040800000000000000000DF
:1012100004040404040004000A0A0A000000000098
:101220000A0A1F0A1F0A0A00041E050E140F0400F2
:101230000313080402191800020505021509160017
:101240000C0C040200000000080402020204080062
:1012500002040808080402000004150E0E1504001C
:101260000004041F04040000000000000C0C040231
:101270000000001F0000000000000000000C0C0037
:1012800000100804020100000E11131519110E00C0
:101290000406040404040E000E11100E01011F00C8
:1012A0001F10080C10110E00080C0A091F08080076
:1012B0001F010F1010110E001C02010F11110E0062
:1012C0001F101008040201000E11110E11110E0062
:1012D0000E11111E10080700000004000400000099
:1012E00000000400040402001008040204081000B6
:1012F00000001F001F000000020408100804020084
:101300000E11100C040004000E11151D0D011E001D
:10131000040A11111F1111000F11110F11110F00EB
:101320000E11010101110E000F11111111110F0009
:101330001F01010F01011F001F01010F0101010029
:101340001E11010119111E001111111F111111009F
:101350000E04040404040E001C0808080809060012
:1013600011090503050911000101010101011F0017
:10137000111B15151511110011111315191111005B
:101380000E11111111110E000F11110F01010100A9
:101390000E111111150916000F11110F0509110079
:1013A0000E11010E10110E001F1504040404040098
:1013B0001111111111110E0011111111110A040056
:1013C0001111111515150A0011110A040A11110045
:1013D00011110A04040404001F10080E02011F006A
:1013E0001E02020202021E00000102040810000098
:1013F0001E10101010101E00040A11000000000042
:101400000000000000001F000606040800000000A5
:10141000000006080E091E0001010D1311130D0036
:1014200000000E1101110E001010161911191600EE
:1014300000000E111F010E000814040E0404040025
:1014400000000E191916100E01010D1311111100D3
:101450000400060404040E00080008080809060039
:1014600001010905030509000604040404040E0033
:1014700000000B151515150000000D1311111100BA
:1014800000000E1111110E0000000D13130D0101CB
:10149000000016191916101000000D1301010100AB
:1014A00000001E010E100F0004041F0404140800A5
:1014B000000011111119160000001111110A040089
:1014C0000000111115150A000000110A040A11008C
:1014D000000011111E10110E00001F0804021F0051
:1014E00008040402040408000404040004040400C2
:1014F00002040408040402000215080000000000B1
:10150000000000000000000000000C12120C00009F
:1015100000000C1E1E0C000000001E12121E000017
:1015200000001E1E1E1E000000000C0C121E0000FB
:1015300000000C0C1E1E000000001E120C0C00000F
:1015400000001E1E0C0C00000000181616180000EB
:101550000000181E1E1800000000061A1A060000DF
:101560000000061E1E06000000000C12120C0000F7
:1015700000000C1E1E0C000000001E12121E0000B7
:1015800000001E1E1E1E0000036000000000000080
:101590000600800308120102060008007000000027
:1015A0000946000269480002200000000000000017
:1015B000000000000000000000000000000000002B
:1015C000000000000000000000000000000000001B
:1015D000000000000000000000000000000080018A
:1015E00080018001800180018001800180018001F3
:1015F00080018001800180010000000080018001E5
:1016000000000000000000000000000000000000DA
:10161000CC00CC00CC00CC00CC00CC000000000002
:1016200000000000000000000000000000000000BA
:1016300000000000000000000000000000000000AA
:101640000000000000000000600C600C600C300620
:101650003006FE1FFE1F300638071803FE1FFE1F50
:10166000180318038C018C018C010000000080001D
:10167000E003F80F9C0E8C1C8C188C009800F8016D
:10168000E007800E801C8C188C189C18B80CF00F8A
:10169000E003800080000000000000000000000067
:1016A00000000E181B0C110C11061106110311037A
:1016B0009B018E01C038C06C6044604430443044AB
:1016C0001844186C0C380000000000000000E00115
:1016D000F0033807180618063003F001F000F80090
:1016E0009C310E33061E061C061C063FFC73F021BF
:1016F00000000000000000000000000000000000EA
:101700000C000C000C000C000C000C000000000091
:1017100000000000000000000000000000000000C9
:1017200000000000000000000000000000000002B7
:1017300000038001C000C000600060003000300085
:1017400030003000300030003000300060006000B9
:10175000C000C00080010003000200000000200063
:101760006000C00080018001000300030006000645
:10177000000600060006000600060006000300033F
:1017800080018001C0006000200000000000000017
:101790000000000000000000C000C000D806F807EC
:1017A000E0013003380700000000000000000000E6
:1017B0000000000000000000000000000000000029
:1017C0000000000000000000800180018001800115
:1017D0008001FC3FFC3F800180018001800180018D
:1017E00000000000000000000000000000000000F9
:1017F00000000000000000000000000000000000E9
:101800000000000000000000000000000000800157
:1018100080010001000180000000000000000000C5
:1018200000000000000000000000000000000000B8
:1018300000000000E007E0070000000000000000DA
:101840000000000000000000000000000000000098
:101850000000000000000000000000000000000088
:101860000000000000000000000000000000C000B8
:10187000C000000000000000000000000000000C9C
:10188000000C0006000600060003000300038003AE
:10189000800180018001C000C000C00060006000C5
:1018A0000000000000000000000000000000E00355
:1018B000F007380E180C0C180C180C180C180C1813
:1018C0000C180C180C180C18180C380EF007E00344
:1018D0000000000000000000000000000000000107
:1018E0008001C001F0019801880180018001800120
:1018F00080018001800180018001800180018001E0
:101900000000000000000000000000000000E003F4
:10191000F80F180C0C180C1800180018000C000612
:1019200000038001C000600030001800FC1FFC1F95
:101930000000000000000000000000000000E001C6
:10194000F807180E0C0C0C0C000C0006C003C007A6
:10195000000C001800180C180C18180CF807E003FD
:101960000000000000000000000000000000000C6B
:10197000000E000F000F800DC00C600C600C300CCE
:10198000180C0C0CFC3FFC3F000C000C000C000C75
:101990000000000000000000000000000000F80F40
:1019A000F80F180018000C00EC03FC071C0E001CBC
:1019B0000018001800180C181C0C180EF807E0038B
:1019C0000000000000000000000000000000C00750
:1019D000F00F381C181818000C00CC03EC0F3C0E4C
:1019E0001C1C0C180C180C18181C380EF007E003FF
:1019F0000000000000000000000000000000FC1FCC
:101A0000FC1F000C00060006000380038001C001DB
:101A1000C000E00060006000700030003000300066
:101A20000000000000000000000000000000E003D3
:101A3000F007380E180C180C180C3806F007F007D1
:101A4000180C0C180C180C180C18380CF80FE003B4
:101A50000000000000000000000000000000E003A3
:101A6000F007380E1C0C0C180C180C181C1C381E17
:101A7000F81BE0190018000C000C1C0EF807F00110
:101A80000000000000000000000000000000000056
:101A90000000000000000000800180010000000044
:101AA0000000000000000000000000008001800134
:101AB0000000000000000000000000000000000026
:101AC0000000000000000000800180010000000014
:101AD0000000000000000000000000008001800104
:101AE0000001000180000000000000000000000074
:101AF0000000000000000000000000000010001CBA
:101B0000800FE003F8001800F800E003800F001CCD
:101B100000100000000000000000000000000000B5
:101B2000000000000000000000000000F81F00009E
:101B300000000000F81F000000000000000000008E
:101B40000000000000000000000000000000000095
:101B50000000000000000000000000000800380045
:101B6000F001C007001F0018001FC007F001380077
:101B70000800000000000000000000000000E0037A
:101B8000F80F180C0C180C180018000C00060003B5
:101B90008001C000C000C00000000000C000C00004
:101BA0000000000000000000000000000000000035
:101BB000E00718180420C229224A114409440944A4
:101BC000094409221113E20C024004201818E0070E
:101BD0000000000000000000000000000000800382
:101BE0008003C006C006C006600C600C30183018B8
:101BF0003018F83FF83F1C700C600C6006C006C03F
:101C00000000000000000000000000000000FC03D5
:101C1000FC0F0C0C0C180C180C180C0CFC07FC0F0F
:101C20000C180C300C300C300C300C18FC1FFC075E
:101C30000000000000000000000000000000C007DD
:101C4000F01F38381C300C700660060006000600D5
:101C500006000600060006600C701C30F01FE0074E
:101C60000000000000000000000000000000FE0373
:101C7000FE0F060E0618061806300630063006302F
:101C800006300630063006180618060EFE0FFE0354
:101C90000000000000000000000000000000FC3F09
:101CA000FC3F0C000C000C000C000C00FC1FFC1F87
:101CB0000C000C000C000C000C000C00FC3FFC3F66
:101CC0000000000000000000000000000000F83FDD
:101CD000F83F18001800180018001800F81FF81F27
:101CE0001800180018001800180018001800180034
:101CF0000000000000000000000000000000E00FF5
:101D0000F83F3C780E6006E007C00300030003FEC6
:101D100003FE03C007C006C00EC03CF0F83FE00F52
:101D200000000000000000000000000000000C3077
:101D30000C300C300C300C300C300C30FC3FFC3FC5
:101D40000C300C300C300C300C300C300C300C30B3
:101D50000000000000000000000000000000800102
:101D6000800180018001800180018001800180016B
:101D7000800180018001800180018001800180015B
:101D8000000000000000000000000000000000064D
:101D90000006000600060006000600060006000613
:101DA000000600060006180618063807F003E001D2
:101DB00000000000000000000000000000000630ED
:101DC0000618060C060606038601C60066007600A5
:101DD000DE008E0106030606060C061806300660B5
:101DE00000000000000000000000000000001800DB
:101DF0001800180018001800180018001800180023
:101E0000180018001800180018001800F81FF81F14
:101E100000000000000000000000000000000EE0D4
:101E20001EF01EF01EF036D836D836D836D866CC1E
:101E300066CC66CCC6C6C6C6C6C6C6C686C386C37C
:101E400000000000000000000000000000000C3056
:101E50001C303C303C306C306C30CC30CC308C3171
:101E60000C330C330C360C360C3C0C3C0C380C3060
:101E70000000000000000000000000000000E0077B
:101E8000F81F1C380E70066003C003C003C003C0F7
:101E900003C003C003C006600E701C38F81FE007C3
:101EA0000000000000000000000000000000FC0F27
:101EB000FC1F0C380C300C300C300C300C18FC1F94
:101EC000FC070C000C000C000C000C000C000C00BB
:101ED0000000000000000000000000000000E0071B
:101EE000F81F1C380E70066003E003C003C003C077
:101EF00003C003C007E006630E3F1C3CF83FE0F759
:101F000000C0000000000000000000000000FE0F04
:101F1000FE1F06380630063006300638FE1FFE0764
:101F200006030606060C061806180630063006607C
:101F30000000000000000000000000000000E003BE
:101F4000F80F1C0C0C180C180C001C00F803E00F08
:101F5000001E0038063006300E301C1CF80FE0075B
:101F60000000000000000000000000000000FE7FF4
:101F7000FE7F80018001800180018001800180015D
:101F80008001800180018001800180018001800149
:101F900000000000000000000000000000000C3005
:101FA0000C300C300C300C300C300C300C300C3051
:101FB0000C300C300C300C300C301818F81FE007C7
:101FC00000000000000000000000000000000360AE
:101FD0000630063006300C180C180C18180C180CAB
:101FE000380E30063006700760036003C001C00180
:101FF000000000000000000000000000000003607E
:10200000C361C361C3616633663366336633663367
:1020100066336C1B6C1B6C1B2C1A3C1E380E380E66
:1020200000000000000000000000000000000FE0C1
:102030000C7018303018700C600EC00780038003DD
:10204000C003E006700C301C18180C300E6007E05E
:10205000000000000000000000000000000003C0BD
:1020600006600C301C383818300C6006E007C003DE
:102070008001800180018001800180018001800158
:102080000000000000000000000000000000FC7FD5
:10209000FC7F006000300018000C00060003800187
:1020A000C0006000300018000C000600FE7FFE7FBC
:1020B0000000000000000000000000000000E0033D
:1020C000E00360006000600060006000600060008D
:1020D0006000600060006000600060006000600000
:1020E000600060006000E003E003000000003000DA
:1020F0003000600060006000C000C000C000C0018F
:102100008001800180010003000300030006000637
:102110000000000000000000000000000000E003DC
:10212000E0030003000300030003000300030003B7
:102130000003000300030003000300030003000387
:10214000000300030003E003E003000000000000C0
:10215000C001C00160036003600330063006180C44
:10216000180C00000000000000000000000000004B
:10217000000000000000000000000000000000005F
:10218000000000000000000000000000000000004F
:102190000000000000000000000000000000FFFF41
:1021A000FFFF0000000000000000000000000C0025
:1021B0000C000C000C000C000C00000000000000E3
:1021C000000000000000000000000000000000000F
:1021D00000000000000000000000000000000000FF
:1021E0000000000000000000F003F8071C0C0C0CBD
:1021F000000FF00FF80C0C0C0C0C1C0FF80FF01863
:1022000000000000000000000000000000001800B6
:102210001800180018001800D803F80F380C181808
:1022200018181818181818181818380CF80FD80398
:10223000000000000000000000000000000000009E
:102240000000000000000000C003F007300E180C72
:102250001800180018001800180C300EF007C00302
:102260000000000000000000000000000000001856
:102270000018001800180018C01BF01F301C181898
:1022800018181818181818181818301CF01FC01B28
:10229000000000000000000000000000000000003E
:1022A0000000000000000000C003F00F300C181800
:1022B000F81FF81F180018003818301CF00FC0075E
:1022C0000000000000000000000000000000800F7F
:1022D000C00FC000C000C000F007F007C000C00081
:1022E000C000C000C000C000C000C000C000C000EE
:1022F00000000000000000000000000000000000DE
:102300000000000000000000E00DF80F180E0C0C9B
:102310000C0C0C0C0C0C0C0C0C0C180EF80FE00D2B
:10232000000C0C0C1C06F807F0010000000018005F
:102330001800180018001800D807F80F381C1818D3
:10234000181818181818181818181818181818180D
:102350000000000000000000000000000000C000BD
:10236000C000000000000000C000C000C000C000AD
:10237000C000C000C000C000C000C000C000C0005D
:102380000000000000000000000000000000C0008D
:10239000C000000000000000C000C000C000C0007D
:1023A000C000C000C000C000C000C000C000C0002D
:1023B000C000C000C000F8007800000000000C0061
:1023C0000C000C000C000C000C0C0C060C038C0117
:1023D000CC006C00FC009C018C030C030C060C0C64
:1023E0000000000000000000000000000000C0002D
:1023F000C000C000C000C000C000C000C000C000DD
:10240000C000C000C000C000C000C000C000C000CC
:1024100000000000000000000000000000000000BC
:1024200000000000000000007C3CFF7EC7E383C189
:1024300083C183C183C183C183C183C183C183C17C
:10244000000000000000000000000000000000008C
:1024500000000000000000009807F80F381C181852
:1024600018181818181818181818181818181818EC
:10247000000000000000000000000000000000005C
:102480000000000000000000C003F00F300C18181E
:1024900018181818181818181818300CF00FC0034E
:1024A000000000000000000000000000000000002C
:1024B0000000000000000000D803F80F380C1818C6
:1024C00018181818181818181818380CF80FD803F6
:1024D0001800180018001800180000000000000084
:1024E0000000000000000000C01BF01F301C181886
:1024F00018181818181818181818301CF01FC01BB6
:102500000018001800180018001800000000000053
:102510000000000000000000B007F0037000300071
:10252000300030003000300030003000300030002B
:10253000000000000000000000000000000000009B
:102540000000000000000000E003F003380E180C4B
:102550003800F003C007000C180C380EF007E00339
:10256000000000000000000000000000000000006B
:102570008000C000C000C000F007F007C000C0002D
:10258000C000C000C000C000C000C000C00780077D
:10259000000000000000000000000000000000003B
:1025A000000000000000000018181818181818186B
:1025B00018181818181818181818381CF01FE019CF
:1025C000000000000000000000000000000000000B
:1025D00000000000000000000C18180C180C180C6B
:1025E000300630063006600360036003C001C0019E
:1025F00000000000000000000000000000000000DB
:102600000000000000000000C141C141C3616363DC
:10261000636363633636363636361C1C1C1C1C1C42
:1026200000000000000000000000000000000000AA
:1026300000000000000000001C38381C300C600650
:10264000C003C003C003C0036006300C381C1C3834
:10265000000000000000000000000000000000007A
:10266000000000000000000018303018301870180A
:10267000600C600CE00CC006C00680038003800381
:1026800080018001C001F000700000000000000027
:102690000000000000000000FC1FFC1F000C0006F2
:1026A00000038001C000600030001800FC1FFC1F08
:1026B0000000000000000000000000000000000317
:1026C0008001C000C000C000C000C000C0006000A9
:1026D0006000300060004000C000C000C000C000CA
:1026E000C000C00080010003000000000000800165
:1026F00080018001800180018001800180018001D2
:1027000080018001800180018001800180018001C1
:1027100080018001800180018001000000006000D4
:10272000C000C001800180018001800180010003A0
:102730000003000600030001800180018001800188
:1027400080018001C0006000000000000000000067
:10275000000000000000000000000000F010F81F62
:10276000080F000000000000000000000000000052
:102770000000000000000000000000000000000059
:102780000000000000000000000000000000000049
:102790000000000000000000000000000000000039
:1027A0000000000000000000000000000000000029
:1027B000000000000000C003300C081004200420BA
:1027C000024002400240024002400420042008105F
:1027D000300CC003000000000000000000000000FA
:1027E000000000000000C003F00FF81FFC3FFC3F9A
:1027F000FE7FFE7FFE7FFE7FFE7FFC3FFC3FF81FDB
:10280000F00FC00300000000000000000000000006
:1028100000000000000000000000E007F00F1818A2
:1028200018181818181818181818F00FE0070000D2
:102830000000000000000000000000000000000098
:1028400000000000000000000000E007F00FF81F8B
:10285000F81FF81FF81FF81FF81FF00FE00700001F
:102860000000000000000000000000000000000068
:102870000000000000000000000000000000000058
:10288000000000008001C0036006300C1818181802
:10289000F81FF81F0000000000000000000000000A
:1028A0000000000000000000000000000000000028
:1028B000000000008001C003E007F00FF81FF81FC0
:1028C000F81FF81F000000000000000000000000DA
:1028D00000000000F81FF81F18181818300C6006C8
:1028E000C0038001000000000000000000000000A4
:1028F00000000000000000000000000000000000D8
:1029000000000000F81FF81FF81FF81FF00FE00785
:10291000C003800100000000000000000000000073
:1029200000000000000000000000000000000000A7
:1029300000000000000000000000E001F00198012C
:102940008C01860186018C019801F001E0010000F4
:102950000000000000000000000000000000000077
:1029600000000000000000000000E001F001F8019C
:10297000FC01FE01FE01FC01F801F001E001000094
:102980000000000000000000000000000000000047
:10299000000000000000000000008007800F801988
:1029A00080318061806180318019800F8007000054
:1029B0000000000000000000000000000000000017
:1029C000000000000000000000008007800F801F52
:1029D000803F807F807F803F801F800F80070000C6
:1029E0000000000000000000000000000000C00126
:1029F00020022002400130060808080808080808DC
:102A000008080808080820022002200220022002EC
:102A10002002200220022002200200000000C0014B
:102A2000E003E003C001F007D80DD80DD80DD80D94
:102A3000D80DD80DD80D60036003600360036003F8
:102A40006003600360036003600300000000C001D6
:102A50002002200240013006080808080808041077
:102A60000220022040012002200210040808080869
:102A70000410041004200440000000000000C00105
:102A8000E003E003C001F007D80DD80DD80DCC1934
:102A9000C631C261C001600360037006380C180CB7
:102AA0000C180C180C300C600000000003600000D3
:102AB000000000001000800AAC1501021000180090
:102AC0007000000009460002694800022000000072
:102AD00000000000000000000000000000000000F6
:102AE00000000000000000000000000000000000E6
:102AF0000000000000000000FFFFFFFFFFFFFFFFDE
:102B0000FFFFFFFFFFFFFFFF0000000000000000CD
:102B1000000000000000FFFFFFFFFFFFFFFFFFFFBF
:102B2000FFFFFFFFFFFFFFFFFFFF000000000000AF
:102B300000000000FFFFFFFFFFFFFFFFFFFFFFFFA1
:102B4000FFFFFFFFFFFFFFFFFFFFFFFF0000000091
:102B50000000FFFFFFFFFFFFFFFFFFFFFFFFFFFF83
:102B6000FFFFFFFFFFFFFFFFFFFFFFFFFFFF000073
:102B70000000FFFFFFFFFFFFFFFFFFFFFFFFFFFF63
:102B8000FFFFFFFFFFFFFFFFFFFFFFFFFFFF000053
:102B90000000FFFFFFFFFFFFFFFFFFFFFFFFFFFF43
:102BA000FFFFFFFFFFFFFFFFFFFFFFFFFFFF000033
:102BB0000000FFFFFFFFFFFFFFFFFFFFFFFFFFFF23
:102BC000FFFFFFFFFFFFFFFFFFFFFFFFFFFF000013
:102BD0000000FFFFFFFFFFFFFFFFFFFFFFFFFFFF03
:102BE000FFFFFFFFFFFFFFFFFFFFFFFFFFFF0000F3
:102BF0000000FFFFFFFFFFFFFFFFFFFFFFFFFFFFE3
:102C0000FFFFFFFFFFFFFFFFFFFFFFFFFFFF0000D2
:102C10000000FFFFFFFFFFFFFFFFFFFFFFFFFFFFC2
:102C2000FFFFFFFFFFFFFFFFFFFFFFFFFFFF0000B2
:102C30000000FFFFFFFFFFFFFFFFFFFFFFFFFFFFA2
:102C4000FFFFFFFFFFFFFFFFFFFFFFFFFFFF000092
:102C500000000000FFFFFFFFFFFFFFFFFFFFFFFF80
:102C6000FFFFFFFFFFFFFFFFFFFFFFFF0000000070
:102C7000000000000000FFFFFFFFFFFFFFFFFFFF5E
:102C8000FFFFFFFFFFFFFFFFFFFF0000000000004E
:102C90000000000000000000FFFFFFFFFFFFFFFF3C
:102CA000FFFFFFFFFFFFFFFF00000000000000002C
:102CB0000000000000000000000000000000000014
:102CC0000000000000000000000000000000000004
:102CD000030800000000000010001000D02A0102CC
:102CE000036600000000000010001000F02C01023C
:102CF00000000000000000000000000000000000D4
:102D0000000000001377C9EDEFD1841E0000000021
:102D100000000040D5FFFFFFFFFFFFE1550000006E
:102D200000003DF1FFFFFFFFFFFFFFFFFB5600002C
:102D3000000FD4FFFFFFFFFFFFFFFFFFFFE82000B2
:102D4000006BFFFFFFFFFFFFFFFFFFFFFFFF8F0095
:102D500000BEFFFFFFFFFFFFFFFFFFFFFFFFDE00E3
:102D600000E1FFFFFFFFFFFFFFFFFFFFFFFFFA0094
:102D700000E1FFFFFFFFFFFFFFFFFFFFFFFFFA0084
:102D800000BDFFFFFFFFFFFFFFFFFFFFFFFFDD00B5
:102D9000006AFFFFFFFFFFFFFFFFFFFFFFFF8D0048
:102DA000000FD3FFFFFFFFFFFFFFFFFFFFE71F0045
:102DB00000003BF0FFFFFFFFFFFFFFFFFA540000A2
:102DC0000000003ED3FFFFFFFFFFFFE052000000C6
:102DD000000000001273C6EAECCE811C0000000067
:102DE00000000000000000000000000000000000E3
:102DF00001000000000000000200000003000000CD
:102E00000400000002000000F96A0002796F00026D
:102E10000000000001FF020304D4D4D4CA0201025E
:102E200043010102F60601024A0B01022C2A2B047F
:102E3000093611F03AB4B6B7B9C0C1C2C5E8E0E18D
:102E4000352129D4000000007800000000000000B7
:102E5000000000000000000000000000322E01020F
:102E60000000000000000000000000000000000062
:102E700000000000000000007800000000000000DA
:102E8000000000000000000000000000332E0102DE
:102E900001C300000000000000000000000000006E
:102EA00000000000332E0102019600000000000027
:102EB000000000000000000000000000312E0102B0
:102EC00001480000000000000000000000000000B9
:102ED00000000000342E0102015500000000000037
:102EE000000000000000000000000000352E01027C
:102EF00001010000000000000000000000000000D0
:102F000000000000362E0102038A073B000000008B
:102F1000000000000000000000000000372E010249
:102F200001C60000000000000000000000000000DA
:102F300000000000382E01020202E0000000000044
:102F4000000000000000000000000000392E010217
:102F500002C064000000000000000000000000004B
:102F6000000000003A2E0102011D000000000000D8
:102F70000000000000000000000000003B2E0102E5
:102F800001A7000000000000000000000000000099
:102F9000000000003C2E01020118000000000000AB
:102FA0000000000000000000000000003D2E0102B3
:102FB00008408A00002919A5330000000000000025
:102FC000000000003E2E01020EF00B12090A263905
:102FD000544E3813132E3400000000003F2E01021F
:102FE0000EF010150D0C0738434D3A16153035000C
:102FF00000000000402E010201000000000000005F
:10300000000000000000000000000000412E01024E
:1030100000000000000000000000000000000000B0
:10302000000000002D2E0102040000010E0000002F
:103030000000000000000000000000002E2E010231
:1030400004000001DF00000000000000000000009C
:1030500000000000332E0102013C000000000000CF
:10306000000000000000000000000000332E0102FC
:1030700001690000000000000000000000000000E6
:1030800000000000422E01020000000000000000CD
:103090000000000000000000000000000904000023
:1030A00000D4D4D460010022CC00C000D09203220E
:1030B000CF9303223003FF0000000000E00701006F
:1030C0007001002200000000DE00E00100970322F2
:1030D000DE00780020D000000801000030920322BA
:1030E000080000000800080039A1000200000000EC
:1030F00000000000000000000000000000000000D0
:1031000029A30002000000000000000000000000F1
:1031100000000000000000000000000048670422DA
:10312000EC340102643501020001000010020022AB
:103130000F00FFFF00000001010000000902000075
:103140000C050C060C070C08000000000000000035
:10315000A9A50002000000002831010250670422E6
:103160003C3101020C3501020000000000000000AB
:10317000000000000000000000000000000000004F
:1031800000000000000000000000FFFFFFFFFFFF45
:10319000DFDFDFDFDFDF00000000000000000000F5
:1031A000000000000000000000000000000000001F
:1031B000000000000000000000000000000000000F
:1031C0000000000000E1F5050000000080F0FA02B8
:1031D000000F040021A50002000000006831010278
:1031E00084670422C0310102A035010202040000FC
:1031F00000D4D4D408000102030B0B0C0C00000017
:1032000001000000000000000000000031990002F1
:1032100000000000EC310102A4670422F431010235
:103220004C3501020008011C000100000008011CCF
:10323000010100000008011C030100000004011C42
:10324000070100001040000008010000040C00000D
:103250000A010000000C01150B010000000C010B1D
:103260000C010000000C010B0D010000000C010B13
:103270000E010000000C010B0F01000000400000D7
:1032800000020000104000000102000000000105E3
:103290000802000000040105090200000008010006
:1032A0000A020000000001000B0200000000010003
:1032B0000C020000000001000D02000000000100EF
:1032C0000E020000000001000F020000000C010BC4
:1032D00000030000000C010B01030000000C010BB7
:1032E000020300001040000003030000000001136F
:1032F0000704000000040113080400004004010753
:1033000009040000400401070A040000000C010B3E
:1033100003050000000C010B04050000000C010B6C
:1033200005050000000C010B06050000000C010B58
:1033300007050000000C010B08050000000C010B44
:1033400009050000000C010B0A050000050400003F
:1033500006060000000C010B07060000000C010B24
:1033600008060000000C010B09060000000C010B10
:103370000A060000000C010B0B060000000C010BFC
:103380000C060000000C010B0D060000000C010BE8
:103390000E060000000C010B0F0600000008011CC7
:1033A000030800000008011C08080000000C010BC5
:1033B0000D080000000C01130E080000000C0113A2
:1033C0000F080000000C010B000A0000000C010BAC
:1033D000010A0000000C010B020A0000000C010BA6
:1033E000030A0000000C010B040A0000000C010B92
:1033F000050A0000000C010B060A0000000C010B7E
:10340000080A0000000C010B090A0000000C010B67
:103410000A0A0000000C010B0B0A0000000C010B53
:103420000C0A0000000C010B0D0A0000000C010B3F
:103430000E0A00000008010B0F0A0000000C010B2F
:10344000000C0000000C010B010C0000000C010B33
:10345000020C0000000C010B030C0000000C010B1F
:10346000040C0000000C010B050C0000000C010B0B
:10347000060C0000000C010B070C0000000C010BF7
:10348000080C0000000C010B090C0000000C010BE3
:103490000A0C0000000C010B0B0C0000000C010BCF
:1034A0000C0C0000000C010B0D0C0000000C010BBB
:1034B0000E0C0000000C010B000D0000000C0115AB
:1034C000010D0000000C0115020D0000000C01159B
:1034D000030D0000000C0115040D0000000801158B
:1034E000050D000010000115070D00005900000037
:1034F0002432010200000000FC02FD02FE02FF0275
:1035000087010303040305030603D4D411A60002B4
:10351000F9A9000209AA000259AA0002F1AA0002B0
:1035200001AB000241AB000251AB000241AC000212
:1035300051AC000259AC0002060000000800000077
:1035400003000000050000000A00000051AF000267
:1035500049B2000259B2000261B2000269B200022F
:1035600079B20002C1B60002D9B60002E9B6000283
:10357000F9B60002B1B70002E1B7000229B80002B3
:1035800051B8000289B80002B9B80002D9B80002E7
:1035900001B9000219B90002020403040404D4D4DE
:1035A000F9BA000291BE0002A1BE0002B1BE000243
:1035B000C1BE0002F9BE000219BF000239BF0002FD
:1035C00041BF000261BF0002F1BF000209C000025A
:1035D00019C00002000000680000006800000080C0
:1035E0000000008000000070000000704006002213
:1035F000400600220B0000000C36010219000000FA
:103600009036010204000000D43501020000006879
:10361000000000680001000D000000680000006864
:103620000001000D00000080000000800001000883
:103630000000008000000080000100080000007011
:10364000000000700001000A00000070000000701F
:103650000001000A00000000000000000100000559
:1036600000000020000000200100000440060022AD
:103670004006002200000003704600229C680422DD
:10368000000000039C680422A068042200000003DC
:103690000000006800000068000000900001090DB3
:1036A00000000068000000680000007800010B0DB9
:1036B0000000006800000068000000270001020D03
:1036C0000000006800000068640000020001010DB5
:1036D0000000008000000080000000900001090848
:1036E00000000080000000800000007800010B084E
:1036F0000000008000000080000000270001020898
:103700000000008000000080640000020001010849
:103710000000007000000070000000900001090A25
:1037200000000070000000700000007800010B0A2B
:103730000000007000000070000000270001020A75
:103740000000007000000070640000020001010A27
:1037500000000000000000000000009001010905C9
:1037600000000000000000000000007801010B05CF
:10377000000000000000000000000027010002051A
:1037800000000000000000006400000201000105CC
:10379000000000200000002000000090010109044A
:1037A00000000020000000200000007801010B0450
:1037B000000000200000002000000027010002049B
:1037C000000000200000002064000002010001044D
:1037D0000000002200000022000000900001090308
:1037E00000000022000000220000007800010B030E
:1037F0000000002200000022000000270000020359
:1038000000000022240600226800000200000103DC
:103810009C6804229C6804228C06000200000103BC
:1038200001000200080010002000D4D400000000B5
:10383000920E493CB10AC93C2BC3163D2EFB483DB4
:10384000752B7B3D04A9963D80B6AF3D36BDC83D86
:103850002FBCE13D73B2FA3D87CF093E8340163E4F
:10386000B5AB223EA2102F3ECF6E3B3EC2C5473EB7
:103870000115543E135C603E7F9A6C3ECCCF783E7F
:10388000C07D823E938E883E229A8E3E32A0943E28
:1038900086A09A3EE59AA03E128FA63ED47CAC3E0E
:1038A000EF63B23E2A44B83E491DBE3E15EFC33E0B
:1038B00053B9C93ECA7BCF3E4136D53E80E8DA3E99
:1038C0004F92E03E7533E63EBBCBEB3EEA5AF13E0B
:1038D000CBE0F63E275DFC3EE4E7003F3D9C033F26
:1038E000824B063F9BF5083F6B9A0B3FDA390E3F40
:1038F000CDD3103F2A68133FD9F6153FC07F183F3C
:10390000C6021B3FD17F1D3FCBF61F3F9967223F69
:1039100025D2243F5636273F1594293F4AEB2B3FAB
:10392000DE3B2E3FBB85303FC9C8323FF304353FF5
:10393000233A373F4268393F3B8F3B3FF9AE3D3F2B
:1039400067C73F3F70D8413F01E2433F03E4453F33
:1039500065DE473F12D1493FF8BB4B3F029F4D3FC9
:10396000207A4F3F3D4D513F4918533F31DB543F83
:10397000E595563F5348583F6AF2593F1A945B3FCA
:10398000532D5D3F05BE5E3F2146603F97C5613FB9
:103990005A3C633F59AA643F880F663FD86B673F24
:1039A0003CBF683FA7096A3F0C4B6B3F5E836C3F8F
:1039B00093B26D3F9ED86E3F73F56F3F0809713F1C
:1039C0005213723F4714733FDD0B743F0BFA743F81
:1039D000C6DE753F07BA763FC58B773FF853783F11
:1039E0009812793F9DC7793F02737A3FBE147B3F9F
:1039F000CDAC7B3F283B7C3FC9BF7C3FAC3A7D3F91
:103A0000CCAB7D3F23137E3FB0707E3F6DC47E3FC5
:103A1000580E7F3F6D4E7F3FAB847F3F0FB17F3F9E
:103A200097D37F3F43EC7F3F11FB7F3F0000803FF8
:103A300011FB7F3F43EC7F3F97D37F3F0FB17F3F29
:103A4000AB847F3F6D4E7F3F580E7F3F6DC47E3FFE
:103A5000B0707E3F23137E3FCCAB7D3FAC3A7D3FC1
:103A6000C9BF7C3F283B7C3FCDAC7B3FBE147B3F36
:103A700002737A3F9DC7793F9812793FF853783F98
:103A8000C58B773F07BA763FC6DE753F0BFA743FAA
:103A9000DD0B743F4714733F5213723F0809713FA7
:103AA00073F56F3F9ED86E3F93B26D3F5E836C3F60
:103AB0000C4B6B3FA7096A3F3CBF683FD86B673F21
:103AC000880F663F59AA643F5A3C633F97C5613FE0
:103AD0002146603F05BE5E3F532D5D3F1A945B3F1C
:103AE0006AF2593F5348583FE595563F31DB543F02
:103AF0004918533F3D4D513F207A4F3F029F4D3F64
:103B0000F8BB4B3F12D1493F65DE473F03E4453FD9
:103B100001E2433F70D8413F67C73F3FF9AE3D3FA9
:103B20003B8F3B3F4268393F233A373FF304353FF1
:103B3000C9C8323FBB85303FDE3B2E3F4AEB2B3FAF
:103B40001594293F5636273F25D2243F9967223FB7
:103B5000CBF61F3FD17F1D3FC6021B3FC07F183FE2
:103B6000D9F6153F2A68133FCDD3103FDA390E3FFF
:103B70006B9A0B3F9BF5083F824B063F3D9C033FF2
:103B8000E4E7003F275DFC3ECBE0F63EEA5AF13E1B
:103B9000BBCBEB3E7533E63E4F92E03E80E8DA3E2B
:103BA0004136D53ECA7BCF3E53B9C93E15EFC33E21
:103BB000491DBE3E2A44B83EEF63B23ED47CAC3EC3
:103BC000128FA63EE59AA03E86A09A3E32A0943E71
:103BD000229A8E3E938E883EC07D823ECCCF783E28
:103BE0007F9A6C3E135C603E0115543EC2C5473E51
:103BF000CF6E3B3EA2102F3EB5AB223E8340163E19
:103C000087CF093E73B2FA3D2FBCE13D36BDC83DBA
:103C100080B6AF3D04A9963D752B7B3D2EFB483DFC
:103C20002BC3163DB10AC93C920E493C000000006E
:103C3000920E49BCB10AC9BC2BC316BD2EFB48BDB0
:103C4000752B7BBD04A996BD80B6AFBD36BDC8BD82
:103C50002FBCE1BD73B2FABD87CF09BE834016BE4B
:103C6000B5AB22BEA2102FBECF6E3BBEC2C547BEB3
:103C7000011554BE135C60BE7F9A6CBECCCF78BE7B
:103C8000C07D82BE938E88BE229A8EBE32A094BE24
:103C900086A09ABEE59AA0BE128FA6BED47CACBE0A
:103CA000EF63B2BE2A44B8BE491DBEBE15EFC3BE07
:103CB00053B9C9BECA7BCFBE4136D5BE80E8DABE95
:103CC0004F92E0BE7533E6BEBBCBEBBEEA5AF1BE07
:103CD000CBE0F6BE275DFCBEE4E700BF3D9C03BF22
:103CE000824B06BF9BF508BF6B9A0BBFDA390EBF3C
:103CF000CDD310BF2A6813BFD9F615BFC07F18BF38
:103D0000C6021BBFD17F1DBFCBF61FBF996722BF65
:103D100025D224BF563627BF159429BF4AEB2BBFA7
:103D2000DE3B2EBFBB8530BFC9C832BFF30435BFF1
:103D3000233A37BF426839BF3B8F3BBFF9AE3DBF27
:103D400067C73FBF70D841BF01E243BF03E445BF2F
:103D500065DE47BF12D149BFF8BB4BBF029F4DBFC5
:103D6000207A4FBF3D4D51BF491853BF31DB54BF7F
:103D7000E59556BF534858BF6AF259BF1A945BBFC6
:103D8000532D5DBF05BE5EBF214660BF97C561BFB5
:103D90005A3C63BF59AA64BF880F66BFD86B67BF20
:103DA0003CBF68BFA7096ABF0C4B6BBF5E836CBF8B
:103DB00093B26DBF9ED86EBF73F56FBF080971BF18
:103DC000521372BF471473BFDD0B74BF0BFA74BF7D
:103DD000C6DE75BF07BA76BFC58B77BFF85378BF0D
:103DE000981279BF9DC779BF02737ABFBE147BBF9B
:103DF000CDAC7BBF283B7CBFC9BF7CBFAC3A7DBF8D
:103E0000CCAB7DBF23137EBFB0707EBF6DC47EBFC1
:103E1000580E7FBF6D4E7FBFAB847FBF0FB17FBF9A
:103E200097D37FBF43EC7FBF11FB7FBF000080BFF4
:103E300011FB7FBF43EC7FBF97D37FBF0FB17FBF25
:103E4000AB847FBF6D4E7FBF580E7FBF6DC47EBFFA
:103E5000B0707EBF23137EBFCCAB7DBFAC3A7DBFBD
:103E6000C9BF7CBF283B7CBFCDAC7BBFBE147BBF32
:103E700002737ABF9DC779BF981279BFF85378BF94
:103E8000C58B77BF07BA76BFC6DE75BF0BFA74BFA6
:103E9000DD0B74BF471473BF521372BF080971BFA3
:103EA00073F56FBF9ED86EBF93B26DBF5E836CBF5C
:103EB0000C4B6BBFA7096ABF3CBF68BFD86B67BF1D
:103EC000880F66BF59AA64BF5A3C63BF97C561BFDC
:103ED000214660BF05BE5EBF532D5DBF1A945BBF18
:103EE0006AF259BF534858BFE59556BF31DB54BFFE
:103EF000491853BF3D4D51BF207A4FBF029F4DBF60
:103F0000F8BB4BBF12D149BF65DE47BF03E445BFD5
:103F100001E243BF70D841BF67C73FBFF9AE3DBFA5
:103F20003B8F3BBF426839BF233A37BFF30435BFED
:103F3000C9C832BFBB8530BFDE3B2EBF4AEB2BBFAB
:103F4000159429BF563627BF25D224BF996722BFB3
:103F5000CBF61FBFD17F1DBFC6021BBFC07F18BFDE
:103F6000D9F615BF2A6813BFCDD310BFDA390EBFFB
:103F70006B9A0BBF9BF508BF824B06BF3D9C03BFEE
:103F8000E4E700BF275DFCBECBE0F6BEEA5AF1BE17
:103F9000BBCBEBBE7533E6BE4F92E0BE80E8DABE27
:103FA0004136D5BECA7BCFBE53B9C9BE15EFC3BE1D
:103FB000491DBEBE2A44B8BEEF63B2BED47CACBEBF
:103FC000128FA6BEE59AA0BE86A09ABE32A094BE6D
:103FD000229A8EBE938E88BEC07D82BECCCF78BE24
:103FE0007F9A6CBE135C60BE011554BEC2C547BE4D
:103FF000CF6E3BBEA2102FBEB5AB22BE834016BE15
:1040000087CF09BE73B2FABD2FBCE1BD36BDC8BDB6
:1040100080B6AFBD04A996BD752B7BBD2EFB48BDF8
:104020002BC316BDB10AC9BC920E49BC000000806A
:104030000000000000000000000000000000001070
:104040000000000000000000B9340332B7F4AD14E2
:1040500010DB1AB30892540E0D307D951447BA1A2E
:1040600066088F4D26ADC66DF598BF85E2B7451140
:10407000CA96853D92BD1DEBFCA11860DCEF52167F
:104080003C92AE220BB8C1B4839D2D5B0562DA1C55
:10409000304C7E8F4E8BB25B16F4529F8B56A5121E
:1040A000FBD4827643ED8AF08FE7F9311565191854
:1040B00050F19BD94A13EEB4284CF0A686C1251FB7
:1040C000035FC270CB9E4916E642889C44EB2014E5
:1040D000B0650836AD6EA58585F0CA14E2FD031AF9
:1040E0000B899979D5B13D09D8DA973A35EBCF10DC
:1040F000AC363F5E73BB38CF3E6752FA44AFBA1559
:1041000001000000000000000500000000000000A9
:1041100019000000000000007D0000000000000009
:104120007102000000000000350C000000000000DB
:10413000093D0000000000002D31010000000000DA
:10414000E1F505000000000065CD1D000000000045
:10415000F902950000000000DD0EE90200000000F9
:10416000514A8D0E000000009573C2480000000007
:10417000E941CC6B010000008D49FD1A07000000E9
:10418000C16FF28623000000C52EBCA2B100000062
:10419000D9E9AC2D780300003D9160E4581100008E
:1041A00031D6E275BC560000F52E6E4DAEB1010061
:1041B000C9EA268367780800ED95C28F055A2A0060
:1041C000A1EDCCCE1BC2D30025A4000A8BCA2204C9
:1041D00000000000000000000000000000000000DF
:1041E0000000004095596959555554551555555677
:1041F000040515411054554045515544404550441F
:10420000505555450040004040044496655556556C
:1042100045404554514115405591555555554051CE
:1042200005010000D4D4D4D4010000000000000037
:104230000000000000000020345065C05FC9A65295
:10424000BB13CBAEC440C21806C8DF7100D5A87C32
:10425000F56F0FDA58FC27136E4756357D2420651D
:1042600002C7E768E48CA41DE9E60268D7CD39618E
:104270007977FCC2405BEF16798CDE43FFA751F9DA
:1042800091F3B278F5BDBE11E857E9D6E8BEE87BF8
:10429000B054AC8F848D751BEA23A499E9F9D38BB4
:1042A000B7A3714061DA3E15CEE33ECB73F94808FF
:1042B0008C97B427D51B7010A2BFEFB9EB853215D0
:1042C0004DB44DB49BBB6F1996B6076CF8E7EEADD5
:1042D00036D9B4F59135AE13222218AF4E6A684D27
:1042E00091DAAA3D4F40741E9FBD9EE006A1C09882
:1042F00057C2A7FDA40E90170E7D497173E3208F5E
:10430000B220D87605143B12853D7434811343B036
:10431000AD297A5F27F4351C54455454455505049E
:1043200000100410140440000000014055551541D0
:10433000540400004400010000000040410000441B
:104340005044455054005555545565510040004067
:10435000010000010005010011545151545555054B
:104360000015415000000440100104050000000049
:1043700000000406362E342E30004275696C74201D
:10438000776974682052656E657361732041647645
:10439000616E63656420466C657869626C65205364
:1043A0006F667477617265205061636B6167652029
:0E43B00076657273696F6E20362E342E3000E3
:0443C00008000000F1
:0443C4005908000292
:0200000402C92F
:04F04000FFFFFFFFD0
:04F04400EFFFFFFFDC
:04F0C000FFFFFFFD52
:04F0C400FFFFFFFF4C
:04F1200000000000EB
:04F1240000000000E7
:040000050200CAB17A
:00000001FF
