:020000040200F8
:1000000040040122C1B5000251B30002499600022A
:10001000D1B50002D1B50002D1B50002D1B50002C0
:10002000000000000000000000000000D1B5000248
:10003000498E000200000000D1B50002D1B50002D7
:1000400081A20002B1A1000259A30002E1A30002B3
:0400500089AC000275
:1000540000000300F9990002199A00020000000050
:10006400000018D80000000000000000000001009B
:04007400400900003F
:0800780001000000000000007F
:100080000146002009F058B883B010B581B084460D
:1000900003A840F27044C2F202240EC003AB4FF436
:1000A00080712046624600930DF065F900202146DC
:1000B00009F042F84EF6ED410020C0F2002109F0AF
:1000C0003BF801B0BDE8104003B07047D4D4D4D49D
:1000D00010B54FF222410020C0F2002109F02CF8A7
:1000E0004EF6ED440020C0F20024214609F024F829
:1000F0004FF2D9610020C0F2002109F01DF8002064
:100100002146BDE8104009F017B8D4D4D4D4D4D4D3
:100110002DE9F04F81B02DED088B82B04FF6FE71C6
:1001200083466FF0E040CFF2FF715844884204D814
:100130004FF23530C0F20020F1E04EF61450CEF20E
:1001400000000168C90304D44EF24040C0F2002010
:1001500032E000210167BFF34F8F016843F6E0777B
:1001600021F480310160BFF34F8FC26EC2F34E3174
:10017000D308C2F3C902561C9A074B0100BF00BF47
:1001800003EA070546F001E0154400BF00BF00BFC9
:10019000C0F8605205F140450FF007C00029A1F1F9
:1001A0000101A3F12003EBD1BFF34F8FBFF36F8F9A
:1001B0004FF25660C0F2002009F09AFB0120009037
:1001C000202000BF00BF00BF0099CBF80010BFF394
:1001D0004F8FBFF36F8FDBF8001001910199009AE8
:1001E0009142009A40F08C8001384FEA4201009120
:1001F000EAD14EF6F040C0F2002009F079FB4FF052
:10020000D0410FF2FC404FF05A320A6040F2000138
:1002100090ED001F1620C2F2000180EF5120042251
:1002200020F001E000BF00BF20FF4244A1EC045FCA
:1002300021EE420F1FF009C04FF0160E40F20008E9
:10024000C2F200084FF0D0404FF05A31424600BF92
:1002500052F8043B19500FF005C8BFF34F8FBFF39E
:100260006F8F00214FF0D0434FF0A53E4FF05A3C26
:10027000002607E000BF00BF01360139162EC2F884
:1002800000C079D058F8260000F1D04240F803E0D1
:10029000BFF34F8FBFF36F8FC558B5F1A53F47D15F
:1002A0001D68B5F15A3F55D10027404605E000BF13
:1002B000013F043017F11604DED0B942F8D00468CB
:1002C000E558B5F15A3FF3D004F1D0434FF2CA24B8
:1002D0004EF24420C0F20024C0F2002021460BF070
:1002E000CDFE4FF26430C0F200204FF05A3221466A
:1002F0002B460BF0C3FE4EF22E30C0F200200EE073
:100300004EF609704FF26661019BC0F20020C0F208
:1003100000210BF0B3FE4EF2BC60C0F2002009F0E9
:10032000E7FA012002B0BDEC088B01B0BDE8F08F08
:100330004FF2CA244EF68D00C0F20024C0F2002015
:1003400021460BF09BFE4FF2D6104FF0A532C0F2C3
:100350000020CCE74FF2CA244FF24F00C0F2002435
:10036000C0F200204FF0D04321460BF087FE4EF63E
:100370000D60C0F20020B8E745F200094EF6A40077
:10038000C6F655094AF20008C0F200204946C6F6F2
:10039000AA080BF073FE4FF2DE604146C0F2002067
:1003A0000BF06CFEDAA080EF53204FF0000C4FF4FE
:1003B000807A90ED001F042185EF5A4E82FF556E22
:1003C0004AF001E04846424620EF508100BF00BF9E
:1003D00008EF52A12BFE4F0F37FE05AFA0EC10BE69
:1003E00035FE07AFA2EC10BE29EE418F0FF011C011
:1003F000BFF34F8FBFF36F8F00254E4640464A46EE
:10040000434608E001350433B5F5806F02F104027C
:1004100000F1040013D0AF0756F8047B07D0B7F102
:100420005A3F33D10768B7F1A53FEBD037E0B7F1BA
:10043000A53F2BD10768B7F15A3FE3D044E0BFF3A3
:100440004F8FBFF36F8F0CF1010CBCF57A7FB7D1E2
:100450004FF24D30C0F2002009F04AFA0020CBF8EC
:100460000000CBF80400CBF80800CBF80C004FF0EC
:10047000A531BFF34F8FBFF36F8FCBF800105A2118
:10048000BFF34F8FBFF36F8FA52232E04EF68D0082
:100490004FF2CA21C0F20020C0F2002108E04EF65F
:1004A0008D004FF2CA21C0F20020C0F200211A468E
:1004B0000BF0E4FD4EF62E404FF0A531C0F20020C7
:1004C0003A460BF0DBFD16E74EF68D004FF2CA21DF
:1004D000C0F20020C0F200211A460BF0CFFD4EF60C
:1004E0002E404FF05A31E9E70BF800200130042884
:1004F00038D01BF80050A52D32D1BFF34F8FBFF37A
:100500006F8F0BF800100023BFF34F8FBFF36F8F77
:100510005F4603E001330137042BE5D09842F9D060
:100520003D78A52DF6D05A2618464EF6045400EB19
:100530000B024EF68D00C0F20024C0F200202146CE
:100540000BF09CFD4EF649402146C0F20020324699
:100550002B460BF093FD4FF22740C0F20020DEE661
:10056000A526E2E74FF2CE704AF2A456C0F2002070
:10057000CAF2A55609F0BCF94FF0D0404FF0807197
:10058000FF224FF0D0440BF01BFCBFF34F8FBFF3A3
:100590006F8F0020002109B1802910D2082242F07B
:1005A00001E04FF0FF3252000FF003C832400A431F
:1005B00044F821200131B1F5800FECD110E0B0EB0F
:1005C000D13FB1FA81F203D1182A01D01022E6E717
:1005D000A2F10903C2F12002072B38BF1822DEE77F
:1005E00000214FF0D042002008B1802813D2082308
:1005F00043F001E04FF0FF335B000FF003C83340DE
:1006000052F8204043EA0005AC4215D10130B0F564
:10061000800FE9D12BE0B1EBD03FB0FA80F303D1EA
:10062000182B01D01023E3E7A3F10907C3F120033E
:10063000072F38BF1823DBE74FF0D04101EB8002D2
:100640004EF68D004FF69411C0F20020C0F200214A
:100650000BF014FD4EF62E402946C0F20020224633
:100660000BF00CFD4EF60830C0F2002057E64EF2BB
:100670007070C0F2002009F03BF900F051F820B191
:100680004EF63270C0F2002049E64EF6DE60C0F24F
:10069000002009F02DF900F0E3F820B14FF2E170ED
:1006A000C0F200203BE64EF63A10C0F2002009F0FE
:1006B0001FF900F01DF920B14FF23C40C0F20020BC
:1006C0002DE64FF2B220C0F2002009F011F940F2FD
:1006D00070500024C2F20220047000F05DF94FF463
:1006E00096704FF47A710AF0EFFD04F001FA20469B
:1006F00018E600BF00BF00BF00BF00BF00BF00BFC3
:1007000002000000030000000400000005000000DB
:1007100000000000010000000200000003000000D3
:100720002DE9F04F81B02DED048B82B048A040F24E
:10073000000A4FF0000B4FF0D04990ED009F4FF4AE
:100740008050C2F2000A04244FF0D04640F001E08D
:100750004FEA8B30514628EF580100BF00BF00BF61
:1007600021EE402FA1EC103E21EE440F0FF009C006
:100770004FF48032304651460BF02CFB06F58030AA
:100780004FF48041D0464D46D8F800203768974254
:1007900012D10436013905F1040508F10408F3D13A
:1007A0000BF1010B09F58039BBF5807F06464FF44C
:1007B0008050CBD1002044E04EF285744EF6641098
:1007C000C0F20024C0F2002021462A460BF056FC5D
:1007D0004EF64940D8F80020C0F2002021463B46A2
:1007E0000BF04CFC01200090202000BF00BF00BF98
:1007F00000992960BFF34F8FBFF36F8F2968019174
:100800000199009A9142009A0FD101384FEA4201B2
:100810000091EDD14FF2F6604EF28571C0F20020EA
:10082000C0F200210BF02AFC0AE04EF609704FF2EC
:100830006661019BC0F20020C0F200210BF01EFC9B
:10084000012002B0BDEC048B01B0BDE8F08F00BF09
:100850000000000001000000020000000300000092
:100860002DE9F0472A200BF0CDFB40F200084FF0B5
:1008700000094FF0D04AC2F200084FF0D0464FF0C6
:10088000D0474FF4804445460BF095FB013C45F8BA
:10089000040B47F8040BF7D106F580304FF4804184
:1008A0004346524600BF00BF53F8045B3468AC4275
:1008B00010D1013906F1040602F10402F4D109F164
:1008C00001090AF5803AB9F5807F0646D9D10020A2
:1008D000BDE8F0874FF23C104FF27361C0F2002088
:1008E000C0F200210BF0CAFB0120BDE8F087D4D490
:1008F00070B540F2E5700BF085FB40F2000540F268
:1009000000064FF48044C6F60105C2F2000600BF9F
:100910000BF051FB013C46F8040B45F8040BF7D1F2
:10092000BFF34F8FBFF36F8F0AF016FE44F24021E2
:100930000220C0F20F010AF0C7FC0AF021FE40F2CB
:10094000000540F200044FF48040C2F20005C6F6F4
:10095000010400BF00BF00BF296822688A4207D196
:10096000013805F1040504F10404F5D1002070BD3F
:100970004EF246502146C0F200200BF07FFB4EF2B3
:10098000575029682268C0F200200BF077FB012045
:1009900070BDD4D4D4D4D4D42DE9F04F81B02DED92
:1009A000028B8AB040F200016FF0E040C6F6010110
:1009B0000A184FF6FE71CFF2FF718A4208D84EF244
:1009C000D26040F20001C0F20020C6F601010EE044
:1009D00040F20002C6F60002104488420FD84EF2E0
:1009E000662040F20001C0F20020C6F600010AB005
:1009F000BDEC028B01B0BDE8F04F0BF03FBB4720D0
:100A00000BF000FB40F200054FF48044C2F20005F9
:100A10000BF0D1FA013C45F8040BF9D140F2404506
:100A20004FF48044C2F201250BF0C5FA013C45F8B1
:100A3000040BF9D140F240054FF48044C2F2002586
:100A40000BF0B9FA013C45F8040BF9D14EF2000164
:100A5000CEF20101086820F004000860BFF34F8F58
:100A6000BFF36F8F086801900198400700F1A280E2
:100A70004EF68057CEF2000757F86C0CC0032FD407
:100A800000207860BFF34F8F396843F6E073C1F3FD
:100A90004E30CA08C1F3C9014E1C9107420100BF84
:100AA00002EA030546F001E00D4400BF00BF00BFAD
:100AB000C7F8E05105F140450FF007C00028A0F14C
:100AC0000100A2F12002EBD1BFF34F8F57F86C0C5D
:100AD00040F4803047F86C0CBFF34F8FBFF36F8F3B
:100AE0004EF2EA70C0F2002008F002FF00207860A9
:100AF000BFF34F8F396843F6E073C1F34E30CA0835
:100B0000C1F3C9014E1C9107420100BF00BF00BFE5
:100B100002EA030546F001E00D4400BF00BF00BF3C
:100B2000C7F8E05105F140450FF007C00028A0F1DB
:100B30000100A2F12002EBD1BFF34F8FBFF36F8F03
:100B400008F09AF80DF1100ACAE9000108F094F8CB
:100B500008F05EF90DF120094FF4803EC9E900016B
:100B600040F2000040F20001C6F60100C2F20001AE
:100B700011F8012B00F8012B0FF007C008F07CF8EA
:100B80000DF10808C8E9000108F076F808F040F90E
:100B900006ACC4E90001D9E90001D4E900235940B9
:100BA000504008430CD14FF25640C0F2002008F0EC
:100BB0009FFE47E04EF2F860C0F2002003F040BF15
:100BC000D4E90001D9E90023801A99410AF0F6FE20
:100BD00000EE100A9FED981A81EE000A9FED971A19
:100BE0004EF6705020EE010A9FED951AC0F20020DB
:100BF00020EE010A20EE018A0BF040FAD8E900014C
:100C0000DAE90023821A4EF60D5061EB0303C0F2BD
:100C100000200BF033FAD4E90001D9E90023821A4D
:100C20004EF60A0061EB0303C0F200200BF026FA37
:100C3000B7EEC80A4FF25410C0F2002053EC102B4C
:100C40000BF01CFA00207860BFF34F8F396843F631
:100C5000E073C1F34E30CA08C1F3C9014E1C9107BD
:100C6000420100BF00BF00BF02EA030546F001E0F9
:100C70000D4400BF00BF00BFC7F8E05105F140457B
:100C80000FF007C00028A0F10100A2F12002EBD173
:100C9000BFF34F8FBFF36F8F07F0EEFF08F0B8F888
:100CA000C9E9000107F0E8FFCAE900014FF4004E6E
:100CB00040F2000040F20001C6F60100C2F200015D
:100CC00031F8022B20F8022B0FF007C007F0D4FFF9
:100CD000C8E9000107F0D0FF08F09AF8C4E9000164
:100CE000D9E90001D4E9002359405040084306D116
:100CF0004FF25640C0F2002008F0FAFD41E0D4E97E
:100D00000001D9E90023801A99410AF057FE00EE4C
:100D1000100A9FED491A81EE000A9FED481A4EF223
:100D2000F75020EE010A9FED461AC0F2002020EE97
:100D3000010A20EE018A0BF0A1F9D8E90001DAE9F5
:100D40000023821A4EF60D5061EB0303C0F200201F
:100D50000BF094F9D4E90001D9E90023821A4EF688
:100D60000A0061EB0303C0F200200BF087F9B7EE35
:100D7000C80A4FF25410C0F2002053EC102B0BF0B5
:100D80007DF900207860BFF34F8F396843F6E07338
:100D9000C1F34E30CA08C1F3C9014E1C910742018C
:100DA00002EA030546F001E00D4400BF00BF00BFAA
:100DB000C7F8E05105F140450FF007C00028A0F149
:100DC0000100A2F12002EBD1BFF34F8FBFF36F8F71
:100DD00007F052FF08F01CF8C9E9000107F04CFFCA
:100DE000CAE900014FF4804E40F2000040F20001D9
:100DF000C6F60100C2F2000151F8042B40F8042BA2
:100E00000FF007C007F038FFC8E9000107F034FF12
:100E100007F0FEFFC4E90001D9E90001D4E900238D
:100E20005940504008430DD14FF25640C0F20020C7
:100E300008F05EFD48E000BF0000804700247449D0
:100E40000000803AD4E90001D9E90023801A9941D1
:100E50000AF0B4FD00EE100A1FED091A81EE000A37
:100E60001FED0A1A4FF26F7020EE010A1FED0C1AE7
:100E7000C0F2002020EE010A20EE018A0BF0FEF8FD
:100E8000D8E90001DAE90023821A4EF60D5061EB31
:100E90000303C0F200200BF0F1F8D4E90001D9E916
:100EA0000023821A4EF60A0061EB0303C0F2002011
:100EB0000BF0E4F8B7EEC80A4FF25410C0F200206D
:100EC00053EC102B0BF0DAF800207860BFF34F8F53
:100ED000396843F6E073C1F34E30CA08C1F3C90163
:100EE0004E1C9107420100BF02EA030546F001E0F3
:100EF0000D4400BF00BF00BFC7F8E05105F14045F9
:100F00000FF007C00028A0F10100A2F12002EBD1F0
:100F1000BFF34F8FBFF36F8F07F0AEFE07F078FF80
:100F2000C9E9000107F0A8FECAE900014FF4005E1C
:100F300040F2000040F20001C6F60100C2F20001DA
:100F4000F1E80223E0E802230FF007C007F094FE67
:100F5000C8E9000107F090FE07F05AFFC4E900015C
:100F6000D9E90001D4E9002359405040084306D193
:100F70004FF25640C0F2002008F0BAFC41E0D4E93C
:100F80000001D9E90023801A99410AF017FD00EE0B
:100F9000100A1FED571A81EE000A1FED581A4EF67F
:100FA000366020EE010A1FED5A1AC0F2002020EE32
:100FB000010A20EE018A0BF061F8D8E90001DAE9B4
:100FC0000023821A4EF60D5061EB0303C0F200209D
:100FD0000BF054F8D4E90001D9E90023821A4EF647
:100FE0000A0061EB0303C0F200200BF047F8B7EEF4
:100FF000C80A4FF25410C0F2002053EC102B0BF033
:101000003DF800207860BFF34F8F396843F6E073F6
:10101000C1F34E30CA08C1F3C9014E1C9107420109
:1010200002EA030546F001E00D4400BF00BF00BF27
:10103000C7F8E05105F140450FF007C00028A0F1C6
:101040000100A2F12002EBD1BFF34F8FBFF36F8FEE
:1010500007F012FE07F0DCFEC9E9000107F00CFE04
:10106000CAE900014FF4803E40F2000040F2000166
:10107000C6F60000C2F2000111F8012B00F8012BA6
:101080000FF007C007F0F8FDC8E9000107F0F4FD14
:1010900007F0BEFEC4E90001D9E90001D4E900234C
:1010A00059405040084306D14FF25640C0F200204C
:1010B00008F01EFC41E0D4E90001D9E90023801AC0
:1010C00099410AF07BFC00EE100A1FEDA51A81EE93
:1010D000000A1FEDA61A4FF2853020EE010A1FED1F
:1010E000A81AC0F2002020EE010A20EE018A0AF0C0
:1010F000C5FFD8E90001DAE90023821A4EF60D5047
:1011000061EB0303C0F200200AF0B8FFD4E900014C
:10111000D9E90023821A4EF60A0061EB0303C0F2FC
:1011200000200AF0ABFFB7EEC80A4FF25410C0F22D
:10113000002053EC102B0AF0A1FF00207860BFF3D1
:101140004F8F396843F6E073C1F34E30CA08C1F3DC
:10115000C9014E1C9107420102EA030546F001E075
:101160000D4400BF00BF00BFC7F8E05105F1404586
:101170000FF007C00028A0F10100A2F12002EBD17E
:10118000BFF34F8FBFF36F8F07F076FD07F040FE80
:10119000C9E9000107F070FDCAE900014FF4004EF3
:1011A00040F2000040F20001C6F60000C2F2000169
:1011B00031F8022B20F8022B0FF007C007F05CFD7E
:1011C000C8E9000107F058FD07F022FEC4E900015C
:1011D000D9E90001D4E9002359405040084306D121
:1011E0004FF25640C0F2002008F082FB41E0D4E903
:1011F0000001D9E90023801A99410AF0DFFB00EED3
:10120000100A9FED991A81EE000A9FED981A4FF28D
:10121000CB4020EE010A9FED961AC0F2002020EE8E
:10122000010A20EE018A0AF029FFD8E90001DAE973
:101230000023821A4EF60D5061EB0303C0F200202A
:101240000AF01CFFD4E90001D9E90023821A4EF606
:101250000A0061EB0303C0F200200AF00FFFB7EEB3
:10126000C80A4FF25410C0F2002053EC102B0AF0C1
:1012700005FF00207860BFF34F8F396843F6E073B5
:10128000C1F34E30CA08C1F3C9014E1C9107420197
:1012900002EA030546F001E00D4400BF00BF00BFB5
:1012A000C7F8E05105F140450FF007C00028A0F154
:1012B0000100A2F12002EBD1BFF34F8FBFF36F8F7C
:1012C00007F0DAFC07F0A4FDC9E9000107F0D4FC3F
:1012D000CAE900014FF4804E40F2000040F20001E4
:1012E000C6F60000C2F2000151F8042B40F8042BAE
:1012F0000FF007C007F0C0FCC8E9000107F0BCFC14
:1013000007F086FDC4E90001D9E90001D4E9002312
:1013100059405040084306D14FF25640C0F20020D9
:1013200008F0E6FA41E0D4E90001D9E90023801A87
:1013300099410AF043FB00EE100A9FED4B1A81EE33
:10134000000A9FED4A1A4EF29A7020EE010A9FEDB4
:10135000481AC0F2002020EE010A20EE018A0AF0AD
:101360008DFED8E90001DAE90023821A4EF60D500D
:1013700061EB0303C0F200200AF080FED4E9000113
:10138000D9E90023821A4EF60A0061EB0303C0F28A
:1013900000200AF073FEB7EEC80A4FF25410C0F2F4
:1013A000002053EC102B0AF069FE00207860BFF398
:1013B0004F8F396843F6E073C1F34E30CA08C1F36A
:1013C000C9014E1C9107420102EA030546F001E003
:1013D0000D4400BF00BF00BFC7F8E05105F1404514
:1013E0000FF007C00028A0F10100A2F12002EBD10C
:1013F000BFF34F8FBFF36F8F07F03EFC07F008FD80
:10140000C9E9000107F038FCCAE900014FF4005EA9
:1014100040F2000BC2F2000B40F20000C6F60000E2
:10142000594600BF00BF00BFF1E80223E0E80223F5
:101430000FF007C007F020FCC8E9000107F01CFC12
:1014400007F0E6FCC4E90001D9E90001D4E9002372
:101450005940504008430DD14FF25640C0F2002091
:1014600008F046FA48E000BF0000804700247449B5
:101470000000803AD4E90001D9E90023801A99419B
:101480000AF09CFA00EE100A1FED091A81EE000A1C
:101490001FED0A1A4FF2955020EE010A1FED0C1AAB
:1014A000C0F2002020EE010A20EE018A0AF0E6FDDB
:1014B000D8E90001DAE90023821A4EF60D5061EBFB
:1014C0000303C0F200200AF0D9FDD4E90001D9E9F4
:1014D0000023821A4EF60A0061EB0303C0F20020DB
:1014E0000AF0CCFDB7EEC80A4FF25410C0F200204B
:1014F00053EC102B0AF0C2FD00207860BFF34F8F31
:10150000396843F6E073C1F34E30CA08C1F3C9012C
:101510004E1C9107420100BF02EA030546F001E0BC
:101520000D4400BF00BF00BFC7F8E05105F14045C2
:101530000FF007C00028A0F10100A2F12002EBD1BA
:10154000BFF34F8FBFF36F8F07F096FB07F060FC80
:10155000C9E9000107F090FBCAE900014FF4803EA1
:1015600040F2000040F24041C6F60100C2F2012103
:1015700011F8012B00F8012B0FF007C007F07CFBDE
:10158000C8E9000107F078FB07F042FCC4E900015C
:10159000D9E90001D4E9002359405040084306D15D
:1015A0004FF25640C0F2002008F0A2F941E0D4E921
:1015B0000001D9E90023801A99410AF0FFF900EEF1
:1015C000100A1FED571A81EE000A1FED581A4FF648
:1015D000AB0020EE010A1FED5A1AC0F2002020EEE7
:1015E000010A20EE018A0AF049FDD8E90001DAE992
:1015F0000023821A4EF60D5061EB0303C0F2002067
:101600000AF03CFDD4E90001D9E90023821A4EF624
:101610000A0061EB0303C0F200200AF02FFDB7EED1
:10162000C80A4FF25410C0F2002053EC102B0AF0FD
:1016300025FD00207860BFF34F8F396843F6E073D3
:10164000C1F34E30CA08C1F3C9014E1C91074201D3
:1016500002EA030546F001E00D4400BF00BF00BFF1
:10166000C7F8E05105F140450FF007C00028A0F190
:101670000100A2F12002EBD1BFF34F8FBFF36F8FB8
:1016800007F0FAFA07F0C4FBC9E9000107F0F4FA21
:10169000CAE900014FF4004E40F2000040F2404120
:1016A000C6F60100C2F2012131F8022B20F8022B0C
:1016B0000FF007C007F0E0FAC8E9000107F0DCFA14
:1016C00007F0A6FBC4E90001D9E90001D4E9002331
:1016D00059405040084306D14FF25640C0F2002016
:1016E00008F006F941E0D4E90001D9E90023801AA5
:1016F00099410AF063F900EE100A1FEDA51A81EE78
:10170000000A1FEDA61A4EF6682020EE010A1FED12
:10171000A81AC0F2002020EE010A20EE018A0AF089
:10172000ADFCD8E90001DAE90023821A4EF60D502B
:1017300061EB0303C0F200200AF0A0FCD4E9000131
:10174000D9E90023821A4EF60A0061EB0303C0F2C6
:1017500000200AF093FCB7EEC80A4FF25410C0F212
:10176000002053EC102B0AF089FC00207860BFF3B6
:101770004F8F396843F6E073C1F34E30CA08C1F3A6
:10178000C9014E1C9107420102EA030546F001E03F
:101790000D4400BF00BF00BFC7F8E05105F1404550
:1017A0000FF007C00028A0F10100A2F12002EBD148
:1017B000BFF34F8FBFF36F8F07F05EFA07F028FB80
:1017C000C9E9000107F058FACAE900014FF4804E58
:1017D00040F2000040F24041C6F60100C2F2012191
:1017E00051F8042B40F8042B0FF007C007F044FA1F
:1017F000C8E9000107F040FA07F00AFBC4E900015C
:10180000D9E90001D4E9002359405040084306D1EA
:101810004FF25640C0F2002008F06AF841E0D4E9E7
:101820000001D9E90023801A99410AF0C7F800EEB7
:10183000100A9FED971A81EE000A9FED961A4FF657
:10184000FB0020EE010A9FED941AC0F2002020EE6A
:10185000010A20EE018A0AF011FCD8E90001DAE958
:101860000023821A4EF60D5061EB0303C0F20020F4
:101870000AF004FCD4E90001D9E90023821A4EF6EB
:101880000A0061EB0303C0F200200AF0F7FBB7EE99
:10189000C80A4FF25410C0F2002053EC102B0AF08B
:1018A000EDFB00207860BFF34F8F396843F6E0739B
:1018B000C1F34E30CA08C1F3C9014E1C9107420161
:1018C00002EA030546F001E00D4400BF00BF00BF7F
:1018D000C7F8E05105F140450FF007C00028A0F11E
:1018E0000100A2F12002EBD1BFF34F8FBFF36F8F46
:1018F00007F0C2F907F08CFAC9E9000107F0BCF95A
:10190000CAE900014FF4005E40F2000040F240419D
:10191000C6F60100C2F20121F1E80223E0E8022349
:101920000FF007C007F0A8F9C8E9000107F0A4F913
:1019300007F06EFAC4E90001D9E90001D4E90023F7
:1019400059405040084306D14FF25640C0F20020A3
:1019500007F0CEFF41E0D4E90001D9E90023801A65
:1019600099410AF02BF800EE100A9FED491A81EE1A
:10197000000A9FED481A4EF6C91020EE010A9FEDAD
:10198000461AC0F2002020EE010A20EE018A0AF079
:1019900075FBD8E90001DAE90023821A4EF60D50F2
:1019A00061EB0303C0F200200AF068FBD4E90001F8
:1019B000D9E90023821A4EF60A0061EB0303C0F254
:1019C00000200AF05BFBB7EEC80A4FF25410C0F2D9
:1019D000002053EC102B0AF051FB00207860BFF37D
:1019E0004F8F396843F6E073C1F34E30CA08C1F334
:1019F000C9014E1C9107420102EA030546F001E0CD
:101A00000D4400BF00BF00BFC7F8E05105F14045DD
:101A10000FF007C00028A0F10100A2F12002EBD1D5
:101A2000BFF34F8FBFF36F8F07F026F907F0F0F980
:101A3000C9E9000107F020F9CAE900014FF4803E2E
:101A400040F2000040F24041C6F60000C2F201211F
:101A500011F8012B00F8012B0FF007C007F00CF96B
:101A6000C8E9000107F008F907F0D2F9C4E900015C
:101A7000D9E90001D4E900235940504008430DD171
:101A80004FF25640C0F2002007F032FF48E000BF9E
:101A900000008047002474490000803AD4E9000126
:101AA000D9E90023801A994109F088FF00EE100A55
:101AB0001FED091A81EE000A1FED0A1A4EF6866024
:101AC00020EE010A1FED0C1AC0F2002020EE010AE0
:101AD00020EE018A0AF0D2FAD8E90001DAE90023FF
:101AE000821A4EF60D5061EB0303C0F200200AF09B
:101AF000C5FAD4E90001D9E90023821A4EF60A009A
:101B000061EB0303C0F200200AF0B8FAB7EEC80A8E
:101B10004FF25410C0F2002053EC102B0AF0AEFA32
:101B200000207860BFF34F8F396843F6E073C1F34C
:101B30004E30CA08C1F3C9014E1C9107420100BFD3
:101B400002EA030546F001E00D4400BF00BF00BFFC
:101B5000C7F8E05105F140450FF007C00028A0F19B
:101B60000100A2F12002EBD1BFF34F8FBFF36F8FC3
:101B700007F082F807F04CF9C9E9000107F07CF89A
:101B8000CAE900014FF4004E40F2000040F240412B
:101B9000C6F60000C2F2012131F8022B20F8022B18
:101BA0000FF007C007F068F8C8E9000107F064F813
:101BB00007F02EF9C4E90001D9E90001D4E90023B6
:101BC00059405040084306D14FF25640C0F2002021
:101BD00007F08EFE41E0D4E90001D9E90023801A24
:101BE000994109F0EBFE00EE100A1FED571A81EE45
:101BF000000A1FED581A4FF27E0020EE010A1FED79
:101C00005A1AC0F2002020EE010A20EE018A0AF0E2
:101C100035FAD8E90001DAE90023821A4EF60D50B0
:101C200061EB0303C0F200200AF028FAD4E90001B6
:101C3000D9E90023821A4EF60A0061EB0303C0F2D1
:101C400000200AF01BFAB7EEC80A4FF25410C0F297
:101C5000002053EC102B0AF011FA00207860BFF33B
:101C60004F8F396843F6E073C1F34E30CA08C1F3B1
:101C7000C9014E1C9107420102EA030546F001E04A
:101C80000D4400BF00BF00BFC7F8E05105F140455B
:101C90000FF007C00028A0F10100A2F12002EBD153
:101CA000BFF34F8FBFF36F8F06F0E6FF07F0B0F87A
:101CB000C9E9000106F0E0FFCAE900014FF4804ED7
:101CC00040F2000040F24041C6F60000C2F201219D
:101CD00051F8042B40F8042B0FF007C006F0CCFF9E
:101CE000C8E9000106F0C8FF07F092F8C4E9000156
:101CF000D9E90001D4E9002359405040084306D1F6
:101D00004FF25640C0F2002007F0F2FD41E0D4E966
:101D10000001D9E90023801A994109F04FFE00EE35
:101D2000100A1FEDA51A81EE000A1FEDA61A4EF249
:101D3000A64020EE010A1FEDA81AC0F2002020EEF6
:101D4000010A20EE018A0AF099F9D8E90001DAE9DE
:101D50000023821A4EF60D5061EB0303C0F20020FF
:101D60000AF08CF9D4E90001D9E90023821A4EF671
:101D70000A0061EB0303C0F200200AF07FF9B7EE1E
:101D8000C80A4FF25410C0F2002053EC102B0AF096
:101D900075F900207860BFF34F8F396843F6E07320
:101DA000C1F34E30CA08C1F3C9014E1C910742016C
:101DB00002EA030546F001E00D4400BF00BF00BF8A
:101DC000C7F8E05105F140450FF007C00028A0F129
:101DD0000100A2F12002EBD1BFF34F8FBFF36F8F51
:101DE00006F04AFF07F014F8C9E9000106F044FFC5
:101DF000CAE900014FF4005E40F2404140F20000A9
:101E0000C2F20121C6F60000F1E80223E0E8022355
:101E10000FF007C006F030FFC8E9000106F02CFF04
:101E200006F0F6FFC4E90001D9E90001D4E9002376
:101E300059405040084306D14FF25640C0F20020AE
:101E400007F056FD41E0D4E90001D9E90023801AEA
:101E5000994109F0B3FD00EE100A9FED971A81EE4B
:101E6000000A9FED961A4FF2CE0020EE010A9FED78
:101E7000941AC0F2002020EE010A20EE018A0AF036
:101E8000FDF8D8E90001DAE90023821A4EF60D5078
:101E900061EB0303C0F200200AF0F0F8D4E900017E
:101EA000D9E90023821A4EF60A0061EB0303C0F25F
:101EB00000200AF0E3F8B7EEC80A4FF25410C0F25F
:101EC000002053EC102B0AF0D9F800207860BFF303
:101ED0004F8F396843F6E073C1F34E30CA08C1F33F
:101EE000C9014E1C9107420102EA030546F001E0D8
:101EF0000D4400BF00BF00BFC7F8E05105F14045E9
:101F00000FF007C00028A0F10100A2F12002EBD1E0
:101F1000BFF34F8FBFF36F8F06F0AEFE06F078FF72
:101F2000C9E9000106F0A8FECAE900014FF4803EAD
:101F300040F2000040F24001C6F60100C2F200216A
:101F400011F8012B00F8012B0FF007C006F094FEEA
:101F5000C8E9000106F090FE06F05AFFC4E900014E
:101F6000D9E90001D4E9002359405040084306D183
:101F70004FF25640C0F2002007F0BAFC41E0D4E92D
:101F80000001D9E90023801A994109F017FD00EEFC
:101F9000100A9FED491A81EE000A9FED481A4EF291
:101FA000DE2020EE010A9FED461AC0F2002020EE4E
:101FB000010A20EE018A0AF061F8D8E90001DAE9A5
:101FC0000023821A4EF60D5061EB0303C0F200208D
:101FD0000AF054F8D4E90001D9E90023821A4EF638
:101FE0000A0061EB0303C0F200200AF047F8B7EEE5
:101FF000C80A4FF25410C0F2002053EC102B0AF024
:102000003DF800207860BFF34F8F396843F6E073E6
:10201000C1F34E30CA08C1F3C9014E1C91074201F9
:1020200002EA030546F001E00D4400BF00BF00BF17
:10203000C7F8E05105F140450FF007C00028A0F1B6
:102040000100A2F12002EBD1BFF34F8FBFF36F8FDE
:1020500006F012FE06F0DCFEC9E9000106F00CFEF7
:10206000CAE900014FF4004E40F2000040F2400186
:10207000C6F60100C2F2002131F8022B20F8022B33
:102080000FF007C006F0F8FDC8E9000106F0F4FD06
:1020900006F0BEFEC4E90001D9E90001D4E900233D
:1020A0005940504008430DD14FF25640C0F2002035
:1020B00007F01EFC48E000BF000080470024744980
:1020C0000000803AD4E90001D9E90023801A99413F
:1020D00009F074FC00EE100A1FED091A81EE000AE7
:1020E0001FED0A1A4EF2476020EE010A1FED0C1A8E
:1020F000C0F2002020EE010A20EE018A09F0BEFFA6
:10210000D8E90001DAE90023821A4EF60D5061EB9E
:102110000303C0F2002009F0B1FFD4E90001D9E9BE
:102120000023821A4EF60A0061EB0303C0F200207E
:1021300009F0A4FFB7EEC80A4FF25410C0F2002015
:1021400053EC102B09F09AFF00207860BFF34F8FFB
:10215000396843F6E073C1F34E30CA08C1F3C901D0
:102160004E1C9107420100BF02EA030546F001E060
:102170000D4400BF00BF00BFC7F8E05105F1404566
:102180000FF007C00028A0F10100A2F12002EBD15E
:10219000BFF34F8FBFF36F8F06F06EFD06F038FE72
:1021A000C9E9000106F068FDCAE900014FF4804E5C
:1021B00040F2000040F24001C6F60100C2F20021E8
:1021C00051F8042B40F8042B0FF007C006F054FD23
:1021D000C8E9000106F050FD06F01AFEC4E900014E
:1021E000D9E90001D4E9002359405040084306D101
:1021F0004FF25640C0F2002007F07AFB41E0D4E9EC
:102200000001D9E90023801A994109F0D7FB00EEBB
:10221000100A1FED571A81EE000A1FED581A4EF6EC
:10222000694020EE010A1FED5A1AC0F2002020EE8C
:10223000010A20EE018A09F021FFD8E90001DAE95C
:102240000023821A4EF60D5061EB0303C0F200200A
:1022500009F014FFD4E90001D9E90023821A4EF6EF
:102260000A0061EB0303C0F2002009F007FFB7EE9C
:10227000C80A4FF25410C0F2002053EC102B09F0A2
:10228000FDFE00207860BFF34F8F396843F6E0739E
:10229000C1F34E30CA08C1F3C9014E1C9107420177
:1022A00002EA030546F001E00D4400BF00BF00BF95
:1022B000C7F8E05105F140450FF007C00028A0F134
:1022C0000100A2F12002EBD1BFF34F8FBFF36F8F5C
:1022D00006F0D2FC06F09CFDC9E9000106F0CCFC3A
:1022E000CAE900014FF4005E40F2000140F24000F4
:1022F000C6F60101C2F20020F0E80223E1E8022361
:102300000FF007C006F0B8FCC8E9000106F0B4FC05
:1023100006F07EFDC4E90001D9E90001D4E90023FB
:1023200059405040084306D14FF25640C0F20020B9
:1023300007F0DEFA41E0D4E90001D9E90023801A70
:10234000994109F03BFB00EE100A1FEDA51A81EE42
:10235000000A1FEDA61A4EF6BD3020EE010A1FED51
:10236000A81AC0F2002020EE010A20EE018A09F02E
:1023700085FED8E90001DAE90023821A4EF60D50F5
:1023800061EB0303C0F2002009F078FED4E90001FC
:10239000D9E90023821A4EF60A0061EB0303C0F26A
:1023A000002009F06BFEB7EEC80A4FF25410C0F2DD
:1023B000002053EC102B09F061FE00207860BFF381
:1023C0004F8F396843F6E073C1F34E30CA08C1F34A
:1023D000C9014E1C9107420102EA030546F001E0E3
:1023E0000D4400BF00BF00BFC7F8E05105F14045F4
:1023F0000FF007C00028A0F10100A2F12002EBD1EC
:10240000BFF34F8FBFF36F8F06F036FC06F000FD71
:10241000C9E9000106F030FCCAE900014FF4803E32
:1024200040F2000040F24001C6F60000C2F2002176
:1024300011F8012B00F8012B0FF007C006F01CFC6F
:10244000C8E9000106F018FC06F0E2FCC4E900014E
:10245000D9E90001D4E9002359405040084306D18E
:102460004FF25640C0F2002007F042FA41E0D4E9B2
:102470000001D9E90023801A994109F09FFA00EE82
:10248000100A9FED971A81EE000A9FED961A4FF2FF
:10249000896020EE010A9FED941AC0F2002020EE20
:1024A000010A20EE018A09F0E9FDD8E90001DAE924
:1024B0000023821A4EF60D5061EB0303C0F2002098
:1024C00009F0DCFDD4E90001D9E90023821A4EF6B7
:1024D0000A0061EB0303C0F2002009F0CFFDB7EE64
:1024E000C80A4FF25410C0F2002053EC102B09F030
:1024F000C5FD00207860BFF34F8F396843F6E07365
:10250000C1F34E30CA08C1F3C9014E1C9107420104
:1025100002EA030546F001E00D4400BF00BF00BF22
:10252000C7F8E05105F140450FF007C00028A0F1C1
:102530000100A2F12002EBD1BFF34F8FBFF36F8FE9
:1025400006F09AFB06F064FCC9E9000106F094FB72
:10255000CAE900014FF4004E40F2000040F2400191
:10256000C6F60000C2F2002131F8022B20F8022B3F
:102570000FF007C006F080FBC8E9000106F07CFB05
:1025800006F046FCC4E90001D9E90001D4E90023C2
:1025900059405040084306D14FF25640C0F2002047
:1025A00007F0A6F941E0D4E90001D9E90023801A37
:1025B000994109F003FA00EE100A9FED491A81EEE5
:1025C000000A9FED481A4EF2F64020EE010A9FEDF8
:1025D000461AC0F2002020EE010A20EE018A09F01E
:1025E0004DFDD8E90001DAE90023821A4EF60D50BC
:1025F00061EB0303C0F2002009F040FDD4E90001C3
:10260000D9E90023821A4EF60A0061EB0303C0F2F7
:10261000002009F033FDB7EEC80A4FF25410C0F2A3
:10262000002053EC102B09F029FD00207860BFF347
:102630004F8F396843F6E073C1F34E30CA08C1F3D7
:10264000C9014E1C9107420102EA030546F001E070
:102650000D4400BF00BF00BFC7F8E05105F1404581
:102660000FF007C00028A0F10100A2F12002EBD179
:10267000BFF34F8FBFF36F8F06F0FEFA06F0C8FB73
:10268000C9E9000106F0F8FACAE900014FF4804EEA
:1026900040F2000040F24001C6F60000C2F2002104
:1026A00051F8042B40F8042B0FF007C006F0E4FAB1
:1026B000C8E9000106F0E0FA06F0AAFBC4E900014F
:1026C000D9E90001D4E900235940504008430DD115
:1026D0004FF25640C0F2002007F00AF948E000BF70
:1026E00000008047002474490000803AD4E90001CA
:1026F000D9E90023801A994109F060F900EE100A27
:102700001FED091A81EE000A1FED0A1A4EF6B820D5
:1027100020EE010A1FED0C1AC0F2002020EE010A83
:1027200020EE018A09F0AAFCD8E90001DAE90023C9
:10273000821A4EF60D5061EB0303C0F2002009F03F
:102740009DFCD4E90001D9E90023821A4EF60A0063
:1027500061EB0303C0F2002009F090FCB7EEC80A59
:102760004FF25410C0F2002053EC102B09F086FCFD
:1027700000207860BFF34F8F396843F6E073C1F3F0
:102780004E30CA08C1F3C9014E1C9107420100BF77
:1027900002EA030546F001E00D4400BF00BF00BFA0
:1027A000C7F8E05105F140450FF007C00028A0F13F
:1027B0000100A2F12002EBD1BFF34F8FBFF36F8F67
:1027C00006F05AFA06F024FBC9E9000106F054FAB3
:1027D000CAE900014FF4005E40F2000040F24001FF
:1027E000C6F60000C2F20021F1E80223E0E802236D
:1027F0000FF007C006F040FAC8E9000106F03CFA05
:1028000006F006FBC4E90001D9E90001D4E9002380
:1028100059405040084306D14FF25640C0F20020C4
:1028200007F066F841E0D4E90001D9E90023801AF5
:10283000994109F0C3F800EE100A1FED571A81EE16
:10284000000A1FED581A4EF20E7020EE010A1FED1D
:102850005A1AC0F2002020EE010A20EE018A09F087
:102860000DFCD8E90001DAE90023821A4EF60D507A
:1028700061EB0303C0F2002009F000FCD4E9000181
:10288000D9E90023821A4EF60A0061EB0303C0F275
:10289000002009F0F3FBB7EEC80A4FF25410C0F263
:1028A000002053EC102B09F0E9FB4FF0D0404FF023
:1028B000807109F08AFAC8204FF47A7108F004FD9B
:1028C0004EF6C050C0F2002007F012F800207860E9
:1028D000BFF34F8F396843F6E073C1F34E30CA0837
:1028E000C1F3C9014E1C9107420100BF00BF00BFE8
:1028F00002EA030546F001E00D4400BF00BF00BF3F
:10290000C7F8E05105F140450FF007C00028A0F1DD
:102910000100A2F12002EBD140F2705840F2100900
:10292000C2F20228C2F20029BFF34F8FBFF36F8FAC
:10293000002088F800000820A9F80C004FF48060FF
:10294000A9F80E0040F20000C6F60100C9F8080020
:102950000BF1006000F50030C9F80400D9F8000060
:1029600040F04050C9F8000006F086F906F050FA31
:1029700008AAC2E9000106F07FF94FF6F022CAE981
:102980000001C0F20022D2E9004B2046594607F070
:10299000A3FF2046494607F0DFFF204608F01CF859
:1029A0000121204608F034F898F8000008B900BF6B
:1029B000FAE706F061F902AEC6E9000106F05CF93B
:1029C00006F026FA0DF1180ACAE90001204608F0BF
:1029D00047F808ADD5E90001DAE900235940504035
:1029E000084306D14FF25640C0F2002006F080FFA7
:1029F00042E0DAE90001D5E90023801A994108F0A4
:102A0000DDFF00EE100A1FEDCA1A81EE000A1FED6D
:102A1000CB1A4EF65F7020EE010A1FEDCD1AC0F200
:102A2000002020EE010A20EE018A09F027FB04AA0B
:102A3000D6E90001D2E90023821A4EF60D5061EB6F
:102A40000303C0F2002009F019FBDAE90001D5E91F
:102A50000023821A4EF60A0061EB0303C0F2002045
:102A600009F00CFBB7EEC80A4FF25410C0F2002078
:102A700053EC102B09F002FB00207860BFF34F8F5E
:102A8000396843F6E073C1F34E30CA08C1F3C90197
:102A90004E1C9107420100BF02EA030546F001E027
:102AA0000D4400BF00BF00BFC7F8E05105F140452D
:102AB0000FF007C00028A0F10100A2F12002EBD125
:102AC000BFF34F8FBFF36F8F002088F800000820FE
:102AD000A9F80C004FF48060A9F80E0040F2000045
:102AE000C6F60100C9F8080040F24040C2F20120D9
:102AF000C9F80400D9F8000040F04050C9F80000BF
:102B000006F0BAF806F084F908AAC2E9000106F056
:102B1000B3F804AAC2E900012046594607F0DCFEDA
:102B20002046494607F018FF204607F055FF0121CF
:102B3000204607F06DFF00BF98F8000008B900BFFD
:102B4000FAE706F099F80DF10809C9E9000106F065
:102B500093F806F05DF90DF1180ACAE90001204664
:102B600007F07EFF0DF12008D8E90001DAE9002323
:102B700059405040084307D14FF25640C0F2002060
:102B800006F0B6FE04AC42E0DAE90001D8E9002321
:102B9000801A994108F012FF00EE100A9FEDE21A28
:102BA00081EE000A9FEDE11A4EF6CF5020EE010AA9
:102BB0009FEDDF1AC0F2002020EE010A20EE018A0C
:102BC00009F05CFA04ACD9E90001D4E90023821AC7
:102BD0004EF60D5061EB0303C0F2002009F04EFAEF
:102BE000DAE90001D8E90023821A4EF60A0061EB07
:102BF0000303C0F2002009F041FAB7EEC80A4FF211
:102C00005410C0F2002053EC102B09F037FA962034
:102C10004FF47A7108F058FB4FF0D0404FF08071BC
:102C200009F0D3F896204FF47A7108F04DFB00209C
:102C30007860BFF34F8F57F86C0C43F6E07320F4C5
:102C4000803047F86C0CBFF34F8F3968C1F34E30BA
:102C5000CA08C1F3C9014E1C9107420100BF00BF61
:102C600002EA030546F001E00D4400BF00BF00BFCB
:102C7000C7F8F45105F140450FF007C00028A0F156
:102C80000100A2F12002EBD14EF20001BFF34F8F01
:102C9000CEF20101BFF36F8F086840F004000860B6
:102CA000BFF34F8FBFF36F8F0868019057F86C0C1C
:102CB000C00331D400207860BFF34F8F396843F6EA
:102CC000E073C1F34E30CA08C1F3C9014E1C91072D
:102CD000420100BF00BF00BF02EA030546F001E069
:102CE0000D4400BF00BF00BFC7F8E05105F14045EB
:102CF0000FF007C00028A0F10100A2F12002EBD1E3
:102D0000BFF34F8F57F86C0C40F4803047F86C0CD1
:102D1000BFF34F8FBFF36F8F0198400705D44FF279
:102D20007C50C0F2002001F08BBE4EF2D450C0F2B5
:102D3000002006F0DDFD00207860BFF34F8F39687A
:102D400043F6E073C1F34E30CA08C1F3C9014E1C0B
:102D50009107420100BF00BF02EA030546F001E00F
:102D60000D4400BF00BF00BFC7F8E05105F140456A
:102D70000FF007C00028A0F10100A2F12002EBD162
:102D8000BFF34F8FBFF36F8F05F076FFC4E90001EB
:102D900005F072FF06F03CF8C8E900014FF4803EF0
:102DA00040F2000040F20001C6F60100C2F200014C
:102DB00011F8012B00F8012B0FF007C005F05CFFA4
:102DC000C9E9000105F058FF06F022F8CAE9000140
:102DD000D8E90001DAE9002359405040084306D100
:102DE0004FF25640C0F2002006F082FD41E0DAE9E1
:102DF0000001D8E90023801A994108F0DFFD00EEB8
:102E0000100A9FED491A81EE000A9FED481A4EF60E
:102E1000705020EE010A9FED461AC0F2002020EE0D
:102E2000010A20EE018A09F029F9D9E90001D4E963
:102E30000023821A4EF60D5061EB0303C0F200200E
:102E400009F01CF9DAE90001D8E90023821A4EF6EC
:102E50000A0061EB0303C0F2002009F00FF9B7EE9E
:102E6000C80A4FF25410C0F2002053EC102B09F0A6
:102E700005F900207860BFF34F8F396843F6E0739F
:102E8000C1F34E30CA08C1F3C9014E1C910742017B
:102E900002EA030546F001E00D4400BF00BF00BF99
:102EA000C7F8E05105F140450FF007C00028A0F138
:102EB0000100A2F12002EBD1BFF34F8FBFF36F8F60
:102EC00005F0DAFE05F0A4FFC8E9000105F0D4FE24
:102ED000C4E900014FF4004E40F2000040F200014E
:102EE000C6F60100C2F2000131F8022B20F8022BD5
:102EF0000FF007C005F0C0FEC9E9000105F0BCFEF7
:102F000005F086FFCAE90001D8E90001DAE90023EB
:102F10005940504008430DD14FF25640C0F20020B6
:102F200006F0E6FC48E000BF00008047002474493A
:102F30000000803ADAE90001D8E90023801A9941BB
:102F400008F03CFD00EE100A1FED091A81EE000AA0
:102F50001FED0A1A4EF2F75020EE010A1FED0C1A6F
:102F6000C0F2002020EE010A20EE018A09F086F866
:102F7000D9E90001D4E90023821A4EF60D5061EB25
:102F80000303C0F2002009F079F8DAE90001D8E97A
:102F90000023821A4EF60A0061EB0303C0F2002000
:102FA00009F06CF8B7EEC80A4FF25410C0F20020D6
:102FB00053EC102B09F062F800207860BFF34F8FBC
:102FC000396843F6E073C1F34E30CA08C1F3C90152
:102FD0004E1C9107420100BF02EA030546F001E0E2
:102FE0000D4400BF00BF00BFC7F8E05105F14045E8
:102FF0000FF007C00028A0F10100A2F12002EBD1E0
:10300000BFF34F8FBFF36F8F05F036FE05F000FF63
:10301000C8E9000105F030FEC4E900014FF4804E1C
:1030200040F2000040F20001C6F60100C2F20001C9
:1030300051F8042B40F8042B0FF007C005F01CFEDC
:10304000C9E9000105F018FE05F0E2FECAE9000139
:10305000D8E90001DAE9002359405040084306D17D
:103060004FF25640C0F2002006F042FC41E0DAE99F
:103070000001D8E90023801A994108F09FFC00EE76
:10308000100A1FED571A81EE000A1FED581A4FF271
:103090006F7020EE010A1FED5A1AC0F2002020EED8
:1030A000010A20EE018A08F0E9FFD9E90001D4E91C
:1030B0000023821A4EF60D5061EB0303C0F200208C
:1030C00008F0DCFFDAE90001D8E90023821A4EF6A5
:1030D0000A0061EB0303C0F2002008F0CFFFB7EE57
:1030E000C80A4FF25410C0F2002053EC102B08F025
:1030F000C5FF00207860BFF34F8F396843F6E07357
:10310000C1F34E30CA08C1F3C9014E1C91074201F8
:1031100002EA030546F001E00D4400BF00BF00BF16
:10312000C7F8E05105F140450FF007C00028A0F1B5
:103130000100A2F12002EBD1BFF34F8FBFF36F8FDD
:1031400005F09AFD05F064FEC8E9000105F094FD64
:10315000C4E900014FF4005E40F2000040F20001BB
:10316000C6F60100C2F20001F1E80223E0E8022302
:103170000FF007C005F080FDC9E9000105F07CFDF6
:1031800005F046FECAE90001D8E90001DAE90023AA
:1031900059405040084306D14FF25640C0F200203B
:1031A00006F0A6FB41E0DAE90001D8E90023801A25
:1031B000994108F003FC00EE100A1FEDA51A81EEFC
:1031C000000A1FEDA61A4EF6366020EE010A1FED2A
:1031D000A81AC0F2002020EE010A20EE018A08F0B1
:1031E0004DFFD9E90001D4E90023821A4EF60D50B3
:1031F00061EB0303C0F2002008F040FFDAE90001B0
:10320000D8E90023821A4EF60A0061EB0303C0F2EC
:10321000002008F033FFB7EEC80A4FF25410C0F296
:10322000002053EC102B08F029FF00207860BFF33A
:103230004F8F396843F6E073C1F34E30CA08C1F3CB
:10324000C9014E1C9107420102EA030546F001E064
:103250000D4400BF00BF00BFC7F8E05105F1404575
:103260000FF007C00028A0F10100A2F12002EBD16D
:10327000BFF34F8FBFF36F8F05F0FEFC05F0C8FD65
:10328000C8E9000105F0F8FCC4E900014FF4803EF4
:1032900040F2000040F20001C6F60000C2F2000158
:1032A00011F8012B00F8012B0FF007C005F0E4FC2A
:1032B000C9E9000105F0E0FC05F0AAFDCAE900013A
:1032C000D8E90001DAE9002359405040084306D10B
:1032D0004FF25640C0F2002006F00AFB41E0DAE966
:1032E0000001D8E90023801A994108F067FB00EE3D
:1032F000100A9FED971A81EE000A9FED961A4FF281
:10330000853020EE010A9FED941AC0F2002020EED5
:10331000010A20EE018A08F0B1FED9E90001D4E9E2
:103320000023821A4EF60D5061EB0303C0F2002019
:1033300008F0A4FEDAE90001D8E90023821A4EF66B
:103340000A0061EB0303C0F2002008F097FEB7EE1D
:10335000C80A4FF25410C0F2002053EC102B08F0B2
:103360008DFE00207860BFF34F8F396843F6E0731D
:10337000C1F34E30CA08C1F3C9014E1C9107420186
:1033800002EA030546F001E00D4400BF00BF00BFA4
:10339000C7F8E05105F140450FF007C00028A0F143
:1033A0000100A2F12002EBD1BFF34F8FBFF36F8F6B
:1033B00005F062FC05F02CFDC8E9000105F05CFC9D
:1033C000C4E900014FF4004E40F2000040F2000159
:1033D000C6F60000C2F2000131F8022B20F8022BE1
:1033E0000FF007C005F048FCC9E9000105F044FCF6
:1033F00005F00EFDCAE90001D8E90001DAE9002371
:1034000059405040084306D14FF25640C0F20020C8
:1034100006F06EFA41E0DAE90001D8E90023801AEB
:10342000994108F0CBFA00EE100A9FED491A81EE9F
:10343000000A9FED481A4FF2CB4020EE010A9FEDA3
:10344000461AC0F2002020EE010A20EE018A08F0A0
:1034500015FED9E90001D4E90023821A4EF60D5079
:1034600061EB0303C0F2002008F008FEDAE9000176
:10347000D8E90023821A4EF60A0061EB0303C0F27A
:10348000002008F0FBFDB7EEC80A4FF25410C0F25E
:10349000002053EC102B08F0F1FD00207860BFF302
:1034A0004F8F396843F6E073C1F34E30CA08C1F359
:1034B000C9014E1C9107420102EA030546F001E0F2
:1034C0000D4400BF00BF00BFC7F8E05105F1404503
:1034D0000FF007C00028A0F10100A2F12002EBD1FB
:1034E000BFF34F8FBFF36F8F05F0C6FB05F090FC65
:1034F000C8E9000105F0C0FBC4E900014FF4804EAB
:1035000040F2000040F20001C6F60000C2F20001E5
:1035100051F8042B40F8042B0FF007C005F0ACFB6A
:10352000C9E9000105F0A8FB05F072FCCAE9000139
:10353000D8E90001DAE900235940504008430DD191
:103540004FF25640C0F2002006F0D2F948E000BF2A
:1035500000008047002474490000803ADAE9000145
:10356000D8E90023801A994108F028FA00EE100AE1
:103570001FED091A81EE000A1FED0A1A4EF29A7029
:1035800020EE010A1FED0C1AC0F2002020EE010A05
:1035900020EE018A08F072FDD9E90001D4E9002388
:1035A000821A4EF60D5061EB0303C0F2002008F0C2
:1035B00065FDDAE90001D8E90023821A4EF60A0017
:1035C00061EB0303C0F2002008F058FDB7EEC80A13
:1035D0004FF25410C0F2002053EC102B08F04EFDB7
:1035E00000207860BFF34F8F396843F6E073C1F372
:1035F0004E30CA08C1F3C9014E1C9107420100BFF9
:1036000002EA030546F001E00D4400BF00BF00BF21
:10361000C7F8E05105F140450FF007C00028A0F1C0
:103620000100A2F12002EBD1BFF34F8FBFF36F8FE8
:1036300005F022FB05F0ECFBC8E9000105F01CFBDE
:10364000C4E900014FF4005E40F2000040F20001C6
:10365000C6F60000C2F20001F1E80223E0E802230E
:103660000FF007C005F008FBC9E9000105F004FBF5
:1036700005F0CEFBCAE90001D8E90001DAE9002330
:1036800059405040084306D14FF25640C0F2002046
:1036900006F02EF941E0DAE90001D8E90023801AAA
:1036A000994108F08BF900EE100A1FED571A81EED0
:1036B000000A1FED581A4FF2955020EE010A1FED37
:1036C0005A1AC0F2002020EE010A20EE018A08F00A
:1036D000D5FCD9E90001D4E90023821A4EF60D5039
:1036E00061EB0303C0F2002008F0C8FCDAE9000136
:1036F000D8E90023821A4EF60A0061EB0303C0F2F8
:10370000002008F0BBFCB7EEC80A4FF25410C0F21C
:10371000002053EC102B08F0B1FC00207860BFF3C0
:103720004F8F396843F6E073C1F34E30CA08C1F3D6
:10373000C9014E1C9107420102EA030546F001E06F
:103740000D4400BF00BF00BFC7F8E05105F1404580
:103750000FF007C00028A0F10100A2F12002EBD178
:10376000BFF34F8FBFF36F8F05F086FA05F050FB64
:10377000C8E9000105F080FAC4E900014FF4803E79
:1037800040F2000040F24041C6F60100C2F20121C1
:1037900011F8012B00F8012B0FF007C005F06CFAAF
:1037A000C9E9000105F068FA05F032FBCAE9000139
:1037B000D8E90001DAE9002359405040084306D116
:1037C0004FF25640C0F2002006F092F841E0DAE9EC
:1037D0000001D8E90023801A994108F0EFF800EEC3
:1037E000100A1FEDA51A81EE000A1FEDA61A4FF66A
:1037F000AB0020EE010A1FEDA81AC0F2002020EE57
:10380000010A20EE018A08F039FCD9E90001D4E967
:103810000023821A4EF60D5061EB0303C0F2002024
:1038200008F02CFCDAE90001D8E90023821A4EF6F0
:103830000A0061EB0303C0F2002008F01FFCB7EEA2
:10384000C80A4FF25410C0F2002053EC102B08F0BD
:1038500015FC00207860BFF34F8F396843F6E073A2
:10386000C1F34E30CA08C1F3C9014E1C9107420191
:1038700002EA030546F001E00D4400BF00BF00BFAF
:10388000C7F8E05105F140450FF007C00028A0F14E
:103890000100A2F12002EBD1BFF34F8FBFF36F8F76
:1038A00005F0EAF905F0B4FAC8E9000105F0E4F919
:1038B000C4E900014FF4004E40F2000040F24041E4
:1038C000C6F60100C2F2012131F8022B20F8022BCA
:1038D0000FF007C005F0D0F9C9E9000105F0CCF9F7
:1038E00005F096FACAE90001D8E90001DAE90023F7
:1038F00059405040084306D14FF25640C0F20020D4
:1039000005F0F6FF41E0DAE90001D8E90023801A6A
:10391000994108F053F800EE100A9FED971A81EED6
:10392000000A9FED961A4EF6682020EE010A9FEDE0
:10393000941AC0F2002020EE010A20EE018A08F05D
:103940009DFBD9E90001D4E90023821A4EF60D50FF
:1039500061EB0303C0F2002008F090FBDAE90001FC
:10396000D8E90023821A4EF60A0061EB0303C0F285
:10397000002008F083FBB7EEC80A4FF25410C0F2E3
:10398000002053EC102B08F079FB00207860BFF387
:103990004F8F396843F6E073C1F34E30CA08C1F364
:1039A000C9014E1C9107420102EA030546F001E0FD
:1039B0000D4400BF00BF00BFC7F8E05105F140450E
:1039C0000FF007C00028A0F10100A2F12002EBD106
:1039D000BFF34F8FBFF36F8F05F04EF905F018FA64
:1039E000C8E9000105F048F9C4E900014FF4804E30
:1039F00040F2000040F24041C6F60100C2F201214F
:103A000051F8042B40F8042B0FF007C005F034F9EF
:103A1000C9E9000105F030F905F0FAF9CAE9000139
:103A2000D8E90001DAE9002359405040084306D1A3
:103A30004FF25640C0F2002005F05AFF41E0DAE9AB
:103A40000001D8E90023801A994107F0B7FF00EE82
:103A5000100A9FED491A81EE000A9FED481A4FF6B1
:103A6000FB0020EE010A9FED461AC0F2002020EE76
:103A7000010A20EE018A08F001FBD9E90001D4E92E
:103A80000023821A4EF60D5061EB0303C0F20020B2
:103A900008F0F4FADAE90001D8E90023821A4EF6B8
:103AA0000A0061EB0303C0F2002008F0E7FAB7EE6A
:103AB000C80A4FF25410C0F2002053EC102B08F04B
:103AC000DDFA00207860BFF34F8F396843F6E0736A
:103AD000C1F34E30CA08C1F3C9014E1C910742011F
:103AE00002EA030546F001E00D4400BF00BF00BF3D
:103AF000C7F8E05105F140450FF007C00028A0F1DC
:103B00000100A2F12002EBD1BFF34F8FBFF36F8F03
:103B100005F0B2F805F07CF9C8E9000105F0ACF851
:103B2000C4E900014FF4005E40F2000040F2404161
:103B3000C6F60100C2F20121F1E80223E0E8022307
:103B40000FF007C005F098F8C9E9000105F094F8F6
:103B500005F05EF9CAE90001D8E90001DAE90023BD
:103B60005940504008430DD14FF25640C0F200205A
:103B700005F0BEFE48E000BF000080470024744905
:103B80000000803ADAE90001D8E90023801A99415F
:103B900007F014FF00EE100A1FED091A81EE000A6B
:103BA0001FED0A1A4EF6C91020EE010A1FED0C1A7D
:103BB000C0F2002020EE010A20EE018A08F05EFA31
:103BC000D9E90001D4E90023821A4EF60D5061EBC9
:103BD0000303C0F2002008F051FADAE90001D8E945
:103BE0000023821A4EF60A0061EB0303C0F20020A4
:103BF00008F044FAB7EEC80A4FF25410C0F20020A1
:103C000053EC102B08F03AFA00207860BFF34F8F86
:103C1000396843F6E073C1F34E30CA08C1F3C901F5
:103C20004E1C9107420100BF02EA030546F001E085
:103C30000D4400BF00BF00BFC7F8E05105F140458B
:103C40000FF007C00028A0F10100A2F12002EBD183
:103C5000BFF34F8FBFF36F8F05F00EF805F0D8F864
:103C6000C8E9000105F008F8C4E900014FF4803EFE
:103C700040F2000040F24041C6F60000C2F20121CD
:103C800011F8012B00F8012B0FF007C004F0F4FF2E
:103C9000C9E9000104F0F0FF05F0BAF8CAE9000133
:103CA000D8E90001DAE9002359405040084306D121
:103CB0004FF25640C0F2002005F01AFE41E0DAE96A
:103CC0000001D8E90023801A994107F077FE00EE41
:103CD000100A1FED571A81EE000A1FED581A4EF612
:103CE000866020EE010A1FED5A1AC0F2002020EE75
:103CF000010A20EE018A08F0C1F9D9E90001D4E9EE
:103D00000023821A4EF60D5061EB0303C0F200202F
:103D100008F0B4F9DAE90001D8E90023821A4EF676
:103D20000A0061EB0303C0F2002008F0A7F9B7EE28
:103D3000C80A4FF25410C0F2002053EC102B08F0C8
:103D40009DF900207860BFF34F8F396843F6E07328
:103D5000C1F34E30CA08C1F3C9014E1C910742019C
:103D600002EA030546F001E00D4400BF00BF00BFBA
:103D7000C7F8E05105F140450FF007C00028A0F159
:103D80000100A2F12002EBD1BFF34F8FBFF36F8F81
:103D900004F072FF05F03CF8C8E9000104F06CFF84
:103DA000C4E900014FF4004E40F2000040F24041EF
:103DB000C6F60000C2F2012131F8022B20F8022BD6
:103DC0000FF007C004F058FFC9E9000104F054FFE8
:103DD00005F01EF8CAE90001D8E90001DAE900237C
:103DE00059405040084306D14FF25640C0F20020DF
:103DF00005F07EFD41E0DAE90001D8E90023801AF0
:103E0000994107F0DBFD00EE100A1FEDA51A81EEC7
:103E1000000A1FEDA61A4FF27E0020EE010A1FEDE8
:103E2000A81AC0F2002020EE010A20EE018A08F054
:103E300025F9D9E90001D4E90023821A4EF60D5084
:103E400061EB0303C0F2002008F018F9DAE9000181
:103E5000D8E90023821A4EF60A0061EB0303C0F290
:103E6000002008F00BF9B7EEC80A4FF25410C0F268
:103E7000002053EC102B08F001F900207860BFF30C
:103E80004F8F396843F6E073C1F34E30CA08C1F36F
:103E9000C9014E1C9107420102EA030546F001E008
:103EA0000D4400BF00BF00BFC7F8E05105F1404519
:103EB0000FF007C00028A0F10100A2F12002EBD111
:103EC000BFF34F8FBFF36F8F04F0D6FE04F0A0FF57
:103ED000C8E9000104F0D0FEC4E900014FF4804EAF
:103EE00040F2000040F24041C6F60000C2F201215B
:103EF00051F8042B40F8042B0FF007C004F0BCFE6F
:103F0000C9E9000104F0B8FE04F082FFCAE900012B
:103F1000D8E90001DAE9002359405040084306D1AE
:103F20004FF25640C0F2002005F0E2FC41E0DAE931
:103F30000001D8E90023801A994107F03FFD00EE07
:103F4000100A9FED971A81EE000A9FED961A4EF225
:103F5000A64020EE010A9FED941AC0F2002020EE48
:103F6000010A20EE018A08F089F8D9E90001D4E9B4
:103F70000023821A4EF60D5061EB0303C0F20020BD
:103F800008F07CF8DAE90001D8E90023821A4EF63D
:103F90000A0061EB0303C0F2002008F06FF8B7EEEF
:103FA000C80A4FF25410C0F2002053EC102B08F056
:103FB00065F800207860BFF34F8F396843F6E073EF
:103FC000C1F34E30CA08C1F3C9014E1C910742012A
:103FD00002EA030546F001E00D4400BF00BF00BF48
:103FE000C7F8E05105F140450FF007C00028A0F1E7
:103FF0000100A2F12002EBD1BFF34F8FBFF36F8F0F
:1040000004F03AFE04F004FFC8E9000104F034FEB5
:10401000C4E900014FF4005E40F2000040F240416C
:10402000C6F60000C2F20121F1E80223E0E8022313
:104030000FF007C004F020FEC9E9000104F01CFEE7
:1040400004F0E6FECAE90001D8E90001DAE900233C
:1040500059405040084306D14FF25640C0F200206C
:1040600005F046FC41E0DAE90001D8E90023801AB6
:10407000994107F0A3FC00EE100A9FED491A81EE6A
:10408000000A9FED481A4FF2CE0020EE010A9FED84
:10409000461AC0F2002020EE010A20EE018A07F045
:1040A000EDFFD9E90001D4E90023821A4EF60D5044
:1040B00061EB0303C0F2002007F0E0FFDAE9000142
:1040C000D8E90023821A4EF60A0061EB0303C0F21E
:1040D000002007F0D3FFB7EEC80A4FF25410C0F229
:1040E000002053EC102B07F0C9FF00207860BFF3CD
:1040F0004F8F396843F6E073C1F34E30CA08C1F3FD
:10410000C9014E1C9107420102EA030546F001E095
:104110000D4400BF00BF00BFC7F8E05105F14045A6
:104120000FF007C00028A0F10100A2F12002EBD19E
:10413000BFF34F8FBFF36F8F04F09EFD04F068FE56
:10414000C8E9000104F098FDC4E900014FF4803E85
:1041500040F2000040F24001C6F60100C2F2002128
:1041600011F8012B00F8012B0FF007C004F084FDBB
:10417000C9E9000104F080FD04F04AFECAE900012B
:10418000D8E90001DAE900235940504008430DD135
:104190004FF25640C0F2002005F0AAFB48E000BFF5
:1041A00000008047002474490000803ADAE90001E9
:1041B000D8E90023801A994107F000FC00EE100AAC
:1041C0001FED091A81EE000A1FED0A1A4EF2DE20D9
:1041D00020EE010A1FED0C1AC0F2002020EE010AA9
:1041E00020EE018A07F04AFFD9E90001D4E9002353
:1041F000821A4EF60D5061EB0303C0F2002007F067
:104200003DFFDAE90001D8E90023821A4EF60A00E0
:1042100061EB0303C0F2002007F030FFB7EEC80ADD
:104220004FF25410C0F2002053EC102B07F026FF81
:1042300000207860BFF34F8F396843F6E073C1F315
:104240004E30CA08C1F3C9014E1C9107420100BF9C
:1042500002EA030546F001E00D4400BF00BF00BFC5
:10426000C7F8E05105F140450FF007C00028A0F164
:104270000100A2F12002EBD1BFF34F8FBFF36F8F8C
:1042800004F0FAFC04F0C4FDC8E9000104F0F4FCF9
:10429000C4E900014FF4004E40F2000040F240013A
:1042A000C6F60100C2F2002131F8022B20F8022BE1
:1042B0000FF007C004F0E0FCC9E9000104F0DCFCE9
:1042C00004F0A6FDCAE90001D8E90001DAE90023FB
:1042D00059405040084306D14FF25640C0F20020EA
:1042E00005F006FB41E0DAE90001D8E90023801A75
:1042F000994107F063FB00EE100A1FED571A81EE9B
:10430000000A1FED581A4EF2476020EE010A1FED19
:104310005A1AC0F2002020EE010A20EE018A07F0AE
:10432000ADFED9E90001D4E90023821A4EF60D5002
:1043300061EB0303C0F2002007F0A0FEDAE9000100
:10434000D8E90023821A4EF60A0061EB0303C0F29B
:10435000002007F093FEB7EEC80A4FF25410C0F2E7
:10436000002053EC102B07F089FE00207860BFF38B
:104370004F8F396843F6E073C1F34E30CA08C1F37A
:10438000C9014E1C9107420102EA030546F001E013
:104390000D4400BF00BF00BFC7F8E05105F1404524
:1043A0000FF007C00028A0F10100A2F12002EBD11C
:1043B000BFF34F8FBFF36F8F04F05EFC04F028FD56
:1043C000C8E9000104F058FCC4E900014FF4804E34
:1043D00040F2000040F24001C6F60100C2F20021A6
:1043E00051F8042B40F8042B0FF007C004F044FCF4
:1043F000C9E9000104F040FC04F00AFDCAE900012B
:10440000D8E90001DAE9002359405040084306D1B9
:104410004FF25640C0F2002005F06AFA41E0DAE9B6
:104420000001D8E90023801A994107F0C7FA00EE8D
:10443000100A1FEDA51A81EE000A1FEDA61A4EF60E
:10444000694020EE010A1FEDA81AC0F2002020EEFC
:10445000010A20EE018A07F011FED9E90001D4E932
:104460000023821A4EF60D5061EB0303C0F20020C8
:1044700007F004FEDAE90001D8E90023821A4EF6BB
:104480000A0061EB0303C0F2002007F0F7FDB7EE6E
:10449000C80A4FF25410C0F2002053EC102B07F062
:1044A000EDFD00207860BFF34F8F396843F6E0736D
:1044B000C1F34E30CA08C1F3C9014E1C9107420135
:1044C00002EA030546F001E00D4400BF00BF00BF53
:1044D000C7F8E05105F140450FF007C00028A0F1F2
:1044E0000100A2F12002EBD1BFF34F8FBFF36F8F1A
:1044F00004F0C2FB04F08CFCC8E9000104F0BCFB32
:10450000C4E900014FF4005E40F2000040F24001B7
:10451000C6F60100C2F20021F1E80223E0E802231E
:104520000FF007C004F0A8FBC9E9000104F0A4FBE8
:1045300004F06EFCCAE90001D8E90001DAE90023C1
:1045400059405040084306D14FF25640C0F2002077
:1045500005F0CEF941E0DAE90001D8E90023801A3C
:10456000994107F02BFA00EE100A9FED971A81EEA1
:10457000000A9FED961A4EF6BD3020EE010A9FED1F
:10458000941AC0F2002020EE010A20EE018A07F002
:1045900075FDD9E90001D4E90023821A4EF60D50C9
:1045A00061EB0303C0F2002007F068FDDAE90001C7
:1045B000D8E90023821A4EF60A0061EB0303C0F229
:1045C000002007F05BFDB7EEC80A4FF25410C0F2AE
:1045D000002053EC102B07F051FD00207860BFF352
:1045E0004F8F396843F6E073C1F34E30CA08C1F308
:1045F000C9014E1C9107420102EA030546F001E0A1
:104600000D4400BF00BF00BFC7F8E05105F14045B1
:104610000FF007C00028A0F10100A2F12002EBD1A9
:10462000BFF34F8FBFF36F8F04F026FB04F0F0FB56
:10463000C8E9000104F020FBC4E900014FF4803E0A
:1046400040F2000040F24001C6F60000C2F2002134
:1046500011F8012B00F8012B0FF007C004F00CFB40
:10466000C9E9000104F008FB04F0D2FBCAE900012B
:10467000D8E90001DAE9002359405040084306D147
:104680004FF25640C0F2002005F032F941E0DAE97D
:104690000001D8E90023801A994107F08FF900EE54
:1046A000100A9FED491A81EE000A9FED481A4FF259
:1046B000896020EE010A9FED461AC0F2002020EE2C
:1046C000010A20EE018A07F0D9FCD9E90001D4E9FA
:1046D0000023821A4EF60D5061EB0303C0F2002056
:1046E00007F0CCFCDAE90001D8E90023821A4EF683
:1046F0000A0061EB0303C0F2002007F0BFFCB7EE35
:10470000C80A4FF25410C0F2002053EC102B07F0EF
:10471000B5FC00207860BFF34F8F396843F6E07333
:10472000C1F34E30CA08C1F3C9014E1C91074201C2
:1047300002EA030546F001E00D4400BF00BF00BFE0
:10474000C7F8E05105F140450FF007C00028A0F17F
:104750000100A2F12002EBD1BFF34F8FBFF36F8FA7
:1047600004F08AFA04F054FBC8E9000104F084FA6A
:10477000C4E900014FF4004E40F2000040F2400155
:10478000C6F60000C2F2002131F8022B20F8022BFD
:104790000FF007C004F070FAC9E9000104F06CFAE8
:1047A00004F036FBCAE90001D8E90001DAE9002388
:1047B0005940504008430DD14FF25640C0F20020FE
:1047C00005F096F848E000BF0000804700247449D7
:1047D0000000803ADAE90001D8E90023801A994103
:1047E00007F0ECF800EE100A9FEDBD1A81EE000A0A
:1047F0009FEDBC1A4EF2F64020EE010A9FEDBA1A68
:10480000C0F2002020EE010A20EE018A07F036FCFB
:10481000D9E90001D4E90023821A4EF60D5061EB6C
:104820000303C0F2002007F029FCDAE90001D8E90F
:104830000023821A4EF60A0061EB0303C0F2002047
:1048400007F01CFCB7EEC80A4FF25410C0F200206B
:1048500053EC102B07F012FC00207860BFF34F8F51
:10486000396843F6E073C1F34E30CA08C1F3C90199
:104870004E1C9107420100BF02EA030546F001E029
:104880000D4400BF00BF00BFC7F8E05105F140452F
:104890000FF007C00028A0F10100A2F12002EBD127
:1048A000BFF34F8FBFF36F8F04F0E6F904F0B0FA57
:1048B000C8E9000104F0E0F9C4E900014FF4804EBA
:1048C00040F2000040F24001C6F60000C2F20021B2
:1048D00051F8042B40F8042B0FF007C004F0CCF97A
:1048E000C9E9000104F0C8F904F092FACAE900012C
:1048F000D8E90001DAE9002359405040084306D1C5
:104900004FF25640C0F2002004F0F2FF41E0DAE935
:104910000001D8E90023801A994107F04FF800EE12
:10492000100A9FED6F1A81EE000A9FED6E1A4EF687
:10493000B82020EE010A9FED6C1AC0F2002020EE94
:10494000010A20EE018A07F099FBD9E90001D4E9B8
:104950000023821A4EF60D5061EB0303C0F20020D3
:1049600007F08CFBDAE90001D8E90023821A4EF641
:104970000A0061EB0303C0F2002007F07FFBB7EEF3
:10498000C80A4FF25410C0F2002053EC102B07F06D
:1049900075FB00207860BFF34F8F396843F6E073F2
:1049A000C1F34E30CA08C1F3C9014E1C9107420140
:1049B00002EA030546F001E00D4400BF00BF00BF5E
:1049C000C7F8E05105F140450FF007C00028A0F1FD
:1049D0000100A2F12002EBD1BFF34F8FBFF36F8F25
:1049E00004F04AF904F014FAC8E9000104F044F9AB
:1049F000C4E900014FF4005E40F2000040F24001C3
:104A0000C6F60000C2F20021F1E80223E0E802232A
:104A10000FF007C004F030F9C9E9000104F02CF9E7
:104A200004F0F6F9CAE90001D8E90001DAE9002347
:104A30005940504008430BD14FF25640C0F200207D
:104A40000AB0BDEC028B01B0BDE8F04F04F050BFDE
:104A5000DAE90001D8E90023801A994106F0AEFF97
:104A600000EE100A9FED1E1A81EE000A9FED1D1A3E
:104A70004EF20E7020EE010A9FED1B1AC0F20020CC
:104A800020EE010A20EE018A07F0F8FAD9E90001C8
:104A9000D4E90023821A4EF60D5061EB0303C0F2F5
:104AA000002007F0EBFADAE90001D8E90023821AC6
:104AB0004EF60A0061EB0303C0F2002007F0DEFAB5
:104AC000B7EEC80A4FF25410C0F2002053EC102B7E
:104AD0000AB0BDEC028B01B0BDE8F04F07F0CEBAD2
:104AE00000008047002474490000803AD4D4D4D414
:104AF0002DE9F04F81B02DED028B8AB040F200011C
:104B00006FF0E040C6F601010A184FF6FE71CFF2D1
:104B1000FF718A4208D84EF2D26040F20001C0F222
:104B20000020C6F601010EE040F20002C6F60002C7
:104B3000104488420FD84EF2662040F20001C0F2C5
:104B40000020C6F600010AB0BDEC028B01B0BDE842
:104B5000F04F07F093BA4EF680570020CEF20007D0
:104B600043F6E0737860BFF34F8F57F86C0C20F476
:104B7000803047F86C0CBFF34F8F3968C1F34E306B
:104B8000CA08C1F3C9014E1C9107420100BF00BF12
:104B900002EA030546F001E00D4400BF00BF00BF7C
:104BA000C7F8F45105F140450FF007C00028A0F107
:104BB0000100A2F12002EBD14EF20001CEF2010180
:104BC000BFF34F8FBFF36F8F086820F004000860B9
:104BD000BFF34F8FBFF36F8F0868019001984007B4
:104BE00000F1A08057F86C0CC00331D4002078602D
:104BF000BFF34F8F396843F6E073C1F34E30CA08F4
:104C0000C1F3C9014E1C9107420100BF00BF00BFA4
:104C100002EA030546F001E00D4400BF00BF00BFFB
:104C2000C7F8E05105F140450FF007C00028A0F19A
:104C30000100A2F12002EBD1BFF34F8F57F86C0CAB
:104C400040F4803047F86C0CBFF34F8FBFF36F8F89
:104C50004EF2EA70C0F2002004F04AFE00207860B4
:104C6000BFF34F8F396843F6E073C1F34E30CA0883
:104C7000C1F3C9014E1C9107420100BF00BF00BF34
:104C800002EA030546F001E00D4400BF00BF00BF8B
:104C9000C7F8E05105F140450FF007C00028A0F12A
:104CA0000100A2F12002EBD1BFF34F8FBFF36F8F52
:104CB00003F0E2FF0DF1100ACAE9000103F0DCFF86
:104CC00004F0A6F80DF120094FF4803EC9E9000177
:104CD00040F2000040F20001C2F20000C6F60101FD
:104CE00011F8012B00F8012B0FF007C003F0C4FFEF
:104CF0000DF10808C8E9000103F0BEFF04F088F8D0
:104D000006ACC4E90001D9E90001D4E90023594007
:104D1000504008430CD14FF25640C0F2002004F03E
:104D2000E7FD47E04EF2F860C0F2002003F028BF34
:104D3000D4E90001D9E90023801A994106F03EFE2A
:104D400000EE100A9FED981A81EE000A9FED971A67
:104D50004FF2207020EE010A9FED951AC0F200205C
:104D600020EE010A20EE018A07F088F9D8E9000157
:104D7000DAE90023821A4EF60D5061EB0303C0F20C
:104D8000002007F07BF9D4E90001D9E90023821A59
:104D90004EF60A0061EB0303C0F2002007F06EF943
:104DA000B7EEC80A4FF25410C0F2002053EC102B9B
:104DB00007F064F900207860BFF34F8F396843F63D
:104DC000E073C1F34E30CA08C1F3C9014E1C91070C
:104DD000420100BF00BF00BF02EA030546F001E048
:104DE0000D4400BF00BF00BFC7F8E05105F14045CA
:104DF0000FF007C00028A0F10100A2F12002EBD1C2
:104E0000BFF34F8FBFF36F8F03F036FF04F000F84E
:104E1000C9E9000103F030FFCAE900014FF4004E78
:104E200040F2000040F20001C2F20000C6F60101AB
:104E300031F8022B20F8022B0FF007C003F01CFF03
:104E4000C8E9000103F018FF03F0E2FFC4E9000124
:104E5000D9E90001D4E9002359405040084306D164
:104E60004FF25640C0F2002004F042FD41E0D4E988
:104E70000001D9E90023801A994106F09FFD00EE58
:104E8000100A9FED491A81EE000A9FED481A4EF272
:104E9000574020EE010A9FED461AC0F2002020EE96
:104EA000010A20EE018A07F0E9F8D8E90001DAE901
:104EB0000023821A4EF60D5061EB0303C0F200206E
:104EC00007F0DCF8D4E90001D9E90023821A4EF694
:104ED0000A0061EB0303C0F2002007F0CFF8B7EE41
:104EE000C80A4FF25410C0F2002053EC102B07F008
:104EF000C5F800207860BFF34F8F396843F6E07340
:104F0000C1F34E30CA08C1F3C9014E1C91074201DA
:104F100002EA030546F001E00D4400BF00BF00BFF8
:104F2000C7F8E05105F140450FF007C00028A0F197
:104F30000100A2F12002EBD1BFF34F8FBFF36F8FBF
:104F400003F09AFE03F064FFC9E9000103F094FE48
:104F5000CAE900014FF4804E40F2000040F2000127
:104F6000C2F20000C6F6010151F8042B40F8042BF0
:104F70000FF007C003F080FEC8E9000103F07CFEDB
:104F800003F046FFC4E90001D9E90001D4E9002398
:104F90005940504008430DD14FF25640C0F2002016
:104FA00004F0A6FC48E000BF0000804700247449DC
:104FB0000000803AD4E90001D9E90023801A994120
:104FC00006F0FCFC00EE100A1FED091A81EE000A43
:104FD0001FED0A1A4FF6A91020EE010A1FED0C1A58
:104FE000C0F2002020EE010A20EE018A07F046F808
:104FF000D8E90001DAE90023821A4EF60D5061EB80
:105000000303C0F2002007F039F8D4E90001D9E920
:105010000023821A4EF60A0061EB0303C0F200205F
:1050200007F02CF8B7EEC80A4FF25410C0F2002077
:1050300053EC102B07F022F800207860BFF34F8F5D
:10504000396843F6E073C1F34E30CA08C1F3C901B1
:105050004E1C9107420100BF02EA030546F001E041
:105060000D4400BF00BF00BFC7F8E05105F1404547
:105070000FF007C00028A0F10100A2F12002EBD13F
:10508000BFF34F8FBFF36F8F03F0F6FD03F0C0FE49
:10509000C9E9000103F0F0FDCAE900014FF4005E28
:1050A00040F2000040F20001C2F20000C6F6010129
:1050B000F1E80223E0E802230FF007C003F0DCFD73
:1050C000C8E9000103F0D8FD03F0A2FEC4E9000125
:1050D000D9E90001D4E9002359405040084306D1E2
:1050E0004FF25640C0F2002004F002FC41E0D4E947
:1050F0000001D9E90023801A994106F05FFC00EE17
:10510000100A1FED571A81EE000A1FED581A4EF2D1
:10511000855020EE010A1FED5A1AC0F2002020EE41
:10512000010A20EE018A06F0A9FFD8E90001DAE9B8
:105130000023821A4EF60D5061EB0303C0F20020EB
:1051400006F09CFFD4E90001D9E90023821A4EF64B
:105150000A0061EB0303C0F2002006F08FFFB7EEF8
:10516000C80A4FF25410C0F2002053EC102B06F086
:1051700085FF00207860BFF34F8F396843F6E073F6
:10518000C1F34E30CA08C1F3C9014E1C9107420158
:1051900002EA030546F001E00D4400BF00BF00BF76
:1051A000C7F8E05105F140450FF007C00028A0F115
:1051B0000100A2F12002EBD1BFF34F8FBFF36F8F3D
:1051C00003F05AFD03F024FEC9E9000103F054FD89
:1051D000CAE900014FF4803E40F2000040F20001B5
:1051E000C2F20000C6F6000111F8012B00F8012BF5
:1051F0000FF007C003F040FDC8E9000103F03CFDDB
:1052000003F006FEC4E90001D9E90001D4E9002356
:1052100059405040084306D14FF25640C0F200209A
:1052200004F066FB41E0D4E90001D9E90023801ACB
:10523000994106F0C3FB00EE100A1FEDA51A81EE9E
:10524000000A1FEDA61A4EF2473020EE010A1FEDAC
:10525000A81AC0F2002020EE010A20EE018A06F012
:105260000DFFD8E90001DAE90023821A4EF60D504D
:1052700061EB0303C0F2002006F000FFD4E9000157
:10528000D9E90023821A4EF60A0061EB0303C0F24B
:10529000002006F0F3FEB7EEC80A4FF25410C0F239
:1052A000002053EC102B06F0E9FE00207860BFF3DD
:1052B0004F8F396843F6E073C1F34E30CA08C1F32B
:1052C000C9014E1C9107420102EA030546F001E0C4
:1052D0000D4400BF00BF00BFC7F8E05105F14045D5
:1052E0000FF007C00028A0F10100A2F12002EBD1CD
:1052F000BFF34F8FBFF36F8F03F0BEFC03F088FD49
:10530000C9E9000103F0B8FCCAE900014FF4004EFE
:1053100040F2000040F20001C2F20000C6F60001B7
:1053200031F8022B20F8022B0FF007C003F0A4FC89
:10533000C8E9000103F0A0FC03F06AFDC4E9000124
:10534000D9E90001D4E9002359405040084306D16F
:105350004FF25640C0F2002004F0CAFA41E0D4E90E
:105360000001D9E90023801A994106F027FB00EEDD
:10537000100A9FED991A81EE000A9FED981A4EF6D9
:10538000215020EE010A9FED961AC0F2002020EE77
:10539000010A20EE018A06F071FED8E90001DAE97F
:1053A0000023821A4EF60D5061EB0303C0F2002079
:1053B00006F064FED4E90001D9E90023821A4EF612
:1053C0000A0061EB0303C0F2002006F057FEB7EEBF
:1053D000C80A4FF25410C0F2002053EC102B06F014
:1053E0004DFE00207860BFF34F8F396843F6E073BD
:1053F000C1F34E30CA08C1F3C9014E1C91074201E6
:1054000002EA030546F001E00D4400BF00BF00BF03
:10541000C7F8E05105F140450FF007C00028A0F1A2
:105420000100A2F12002EBD1BFF34F8FBFF36F8FCA
:1054300003F022FC03F0ECFCC9E9000103F01CFCC2
:10544000CAE900014FF4804E40F2000040F2000132
:10545000C2F20000C6F6000151F8042B40F8042BFC
:105460000FF007C003F008FCC8E9000103F004FCDA
:1054700003F0CEFCC4E90001D9E90001D4E900231E
:1054800059405040084306D14FF25640C0F2002028
:1054900004F02EFA41E0D4E90001D9E90023801A92
:1054A000994106F08BFA00EE100A9FED4B1A81EE3F
:1054B000000A9FED4A1A4EF61F3020EE010A9FEDBA
:1054C000481AC0F2002020EE010A20EE018A06F000
:1054D000D5FDD8E90001DAE90023821A4EF60D5015
:1054E00061EB0303C0F2002006F0C8FDD4E900011F
:1054F000D9E90023821A4EF60A0061EB0303C0F2D9
:10550000002006F0BBFDB7EEC80A4FF25410C0F2FF
:10551000002053EC102B06F0B1FD00207860BFF3A3
:105520004F8F396843F6E073C1F34E30CA08C1F3B8
:10553000C9014E1C9107420102EA030546F001E051
:105540000D4400BF00BF00BFC7F8E05105F1404562
:105550000FF007C00028A0F10100A2F12002EBD15A
:10556000BFF34F8FBFF36F8F03F086FB03F050FC48
:10557000C9E9000103F080FBCAE900014FF4005EB5
:1055800040F2000BC2F2000B40F20000C6F6000031
:10559000594600BF00BF00BFF0E80223E1E8022344
:1055A0000FF007C003F068FBC8E9000103F064FBDB
:1055B00003F02EFCC4E90001D9E90001D4E900237D
:1055C0005940504008430DD14FF25640C0F20020E0
:1055D00004F08EF948E000BF0000804700247449C1
:1055E0000000803AD4E90001D9E90023801A9941EA
:1055F00006F0E4F900EE100A1FED091A81EE000A28
:105600001FED0A1A4EF6192020EE010A1FED0C1AA2
:10561000C0F2002020EE010A20EE018A06F02EFDE5
:10562000D8E90001DAE90023821A4EF60D5061EB49
:105630000303C0F2002006F021FDD4E90001D9E9FE
:105640000023821A4EF60A0061EB0303C0F2002029
:1056500006F014FDB7EEC80A4FF25410C0F2002055
:1056600053EC102B06F00AFD00207860BFF34F8F3B
:10567000396843F6E073C1F34E30CA08C1F3C9017B
:105680004E1C9107420100BF02EA030546F001E00B
:105690000D4400BF00BF00BFC7F8E05105F1404511
:1056A0000FF007C00028A0F10100A2F12002EBD109
:1056B000BFF34F8FBFF36F8F03F0DEFA03F0A8FB49
:1056C000C9E9000103F0D8FACAE900014FF4803EAD
:1056D00040F2404040F20001C2F20120C6F6010152
:1056E00011F8012B00F8012B0FF007C003F0C4FAEA
:1056F000C8E9000103F0C0FA03F08AFBC4E9000125
:10570000D9E90001D4E9002359405040084306D1AB
:105710004FF25640C0F2002004F0EAF841E0D4E92C
:105720000001D9E90023801A994106F047F900EEFB
:10573000100A1FED571A81EE000A1FED581A4FF696
:10574000F81020EE010A1FED5A1AC0F2002020EED8
:10575000010A20EE018A06F091FCD8E90001DAE99D
:105760000023821A4EF60D5061EB0303C0F20020B5
:1057700006F084FCD4E90001D9E90023821A4EF630
:105780000A0061EB0303C0F2002006F077FCB7EEDD
:10579000C80A4FF25410C0F2002053EC102B06F050
:1057A0006DFC00207860BFF34F8F396843F6E073DB
:1057B000C1F34E30CA08C1F3C9014E1C9107420122
:1057C00002EA030546F001E00D4400BF00BF00BF40
:1057D000C7F8E05105F140450FF007C00028A0F1DF
:1057E0000100A2F12002EBD1BFF34F8FBFF36F8F07
:1057F00003F042FA03F00CFBC9E9000103F03CFAA4
:10580000CAE900014FF4004E40F2404040F200016E
:10581000C2F20120C6F6010131F8022B20F8022B5A
:105820000FF007C003F028FAC8E9000103F024FADA
:1058300003F0EEFAC4E90001D9E90001D4E900233C
:1058400059405040084306D14FF25640C0F2002064
:1058500004F04EF841E0D4E90001D9E90023801AB0
:10586000994106F0ABF800EE100A1FEDA51A81EE83
:10587000000A1FEDA61A4EF2963020EE010A1FED27
:10588000A81AC0F2002020EE010A20EE018A06F0DC
:10589000F5FBD8E90001DAE90023821A4EF60D5033
:1058A00061EB0303C0F2002006F0E8FBD4E900013D
:1058B000D9E90023821A4EF60A0061EB0303C0F215
:1058C000002006F0DBFBB7EEC80A4FF25410C0F21E
:1058D000002053EC102B06F0D1FB00207860BFF3C2
:1058E0004F8F396843F6E073C1F34E30CA08C1F3F5
:1058F000C9014E1C9107420102EA030546F001E08E
:105900000D4400BF00BF00BFC7F8E05105F140459E
:105910000FF007C00028A0F10100A2F12002EBD196
:10592000BFF34F8FBFF36F8F03F0A6F903F070FA48
:10593000C9E9000103F0A0F9CAE900014FF4804E63
:1059400040F2404040F20001C2F20120C6F60101DF
:1059500051F8042B40F8042B0FF007C003F08CF92A
:10596000C8E9000103F088F903F052FAC4E9000124
:10597000D9E90001D4E9002359405040084306D139
:105980004FF25640C0F2002003F0B2FF41E0D4E9EC
:105990000001D9E90023801A994106F00FF800EEC2
:1059A000100A9FED971A81EE000A9FED961A4EF6A7
:1059B0006E3020EE010A9FED941AC0F2002020EE16
:1059C000010A20EE018A06F059FBD8E90001DAE964
:1059D0000023821A4EF60D5061EB0303C0F2002043
:1059E00006F04CFBD4E90001D9E90023821A4EF6F7
:1059F0000A0061EB0303C0F2002006F03FFBB7EEA4
:105A0000C80A4FF25410C0F2002053EC102B06F0DD
:105A100035FB00207860BFF34F8F396843F6E073A1
:105A2000C1F34E30CA08C1F3C9014E1C91074201AF
:105A300002EA030546F001E00D4400BF00BF00BFCD
:105A4000C7F8E05105F140450FF007C00028A0F16C
:105A50000100A2F12002EBD1BFF34F8FBFF36F8F94
:105A600003F00AF903F0D4F9C9E9000103F004F9DD
:105A7000CAE900014FF4005E40F2404040F20001EC
:105A8000C2F20120C6F60101F1E80223E0E8022398
:105A90000FF007C003F0F0F8C8E9000103F0ECF8DC
:105AA00003F0B6F9C4E90001D9E90001D4E9002303
:105AB00059405040084306D14FF25640C0F20020F2
:105AC00003F016FF41E0D4E90001D9E90023801A70
:105AD000994105F073FF00EE100A9FED491A81EE1F
:105AE000000A9FED481A4EF2E53020EE010A9FEDC4
:105AF000461AC0F2002020EE010A20EE018A06F0CC
:105B0000BDFAD8E90001DAE90023821A4EF60D50F9
:105B100061EB0303C0F2002006F0B0FAD4E9000103
:105B2000D9E90023821A4EF60A0061EB0303C0F2A2
:105B3000002006F0A3FAB7EEC80A4FF25410C0F2E4
:105B4000002053EC102B06F099FA00207860BFF388
:105B50004F8F396843F6E073C1F34E30CA08C1F382
:105B6000C9014E1C9107420102EA030546F001E01B
:105B70000D4400BF00BF00BFC7F8E05105F140452C
:105B80000FF007C00028A0F10100A2F12002EBD124
:105B9000BFF34F8FBFF36F8F03F06EF803F038F948
:105BA000C9E9000103F068F8CAE900014FF4803E3A
:105BB00040F2400040F20001C2F20020C6F60101AE
:105BC00011F8012B00F8012B0FF007C003F054F877
:105BD000C8E9000103F050F803F01AF9C4E9000124
:105BE000D9E90001D4E900235940504008430DD1C0
:105BF0004FF25640C0F2002003F07AFE48E000BFAA
:105C000000008047002474490000803AD4E9000174
:105C1000D9E90023801A994105F0D0FE00EE100A60
:105C20001FED091A81EE000A1FED0A1A4FF20360F8
:105C300020EE010A1FED0C1AC0F2002020EE010A2E
:105C400020EE018A06F01AFAD8E90001DAE9002309
:105C5000821A4EF60D5061EB0303C0F2002006F0ED
:105C60000DFAD4E90001D9E90023821A4EF60A00A0
:105C700061EB0303C0F2002006F000FAB7EEC80A99
:105C80004FF25410C0F2002053EC102B06F0F6F93E
:105C900000207860BFF34F8F396843F6E073C1F39B
:105CA0004E30CA08C1F3C9014E1C9107420100BF22
:105CB00002EA030546F001E00D4400BF00BF00BF4B
:105CC000C7F8E05105F140450FF007C00028A0F1EA
:105CD0000100A2F12002EBD1BFF34F8FBFF36F8F12
:105CE00002F0CAFF03F094F8C9E9000102F0C4FF12
:105CF000CAE900014FF4004E40F2400040F20001BA
:105D0000C2F20020C6F6010131F8022B20F8022B66
:105D10000FF007C002F0B0FFC8E9000102F0ACFFCD
:105D200003F076F8C4E90001D9E90001D4E90023C1
:105D300059405040084306D14FF25640C0F200206F
:105D400003F0D6FD41E0D4E90001D9E90023801A2F
:105D5000994105F033FE00EE100A1FED571A81EE4F
:105D6000000A1FED581A4FF2671020EE010A1FEDCE
:105D70005A1AC0F2002020EE010A20EE018A06F035
:105D80007DF9D8E90001DAE90023821A4EF60D50B8
:105D900061EB0303C0F2002006F070F9D4E90001C2
:105DA000D9E90023821A4EF60A0061EB0303C0F220
:105DB000002006F063F9B7EEC80A4FF25410C0F2A3
:105DC000002053EC102B06F059F900207860BFF347
:105DD0004F8F396843F6E073C1F34E30CA08C1F300
:105DE000C9014E1C9107420102EA030546F001E099
:105DF0000D4400BF00BF00BFC7F8E05105F14045AA
:105E00000FF007C00028A0F10100A2F12002EBD1A1
:105E1000BFF34F8FBFF36F8F02F02EFF02F0F8FF3A
:105E2000C9E9000102F028FFCAE900014FF4804EE1
:105E300040F2400040F20001C2F20020C6F601012B
:105E400051F8042B40F8042B0FF007C002F014FFA8
:105E5000C8E9000102F010FF02F0DAFFC4E9000116
:105E6000D9E90001D4E9002359405040084306D144
:105E70004FF25640C0F2002003F03AFD41E0D4E971
:105E80000001D9E90023801A994105F097FD00EE41
:105E9000100A1FEDA51A81EE000A1FEDA61A4EF298
:105EA0008F2020EE010A1FEDA81AC0F2002020EE7C
:105EB000010A20EE018A06F0E1F8D8E90001DAE9EA
:105EC0000023821A4EF60D5061EB0303C0F200204E
:105ED00006F0D4F8D4E90001D9E90023821A4EF67D
:105EE0000A0061EB0303C0F2002006F0C7F8B7EE2A
:105EF000C80A4FF25410C0F2002053EC102B06F0E9
:105F0000BDF800207860BFF34F8F396843F6E07327
:105F1000C1F34E30CA08C1F3C9014E1C91074201BA
:105F200002EA030546F001E00D4400BF00BF00BFD8
:105F3000C7F8E05105F140450FF007C00028A0F177
:105F40000100A2F12002EBD1BFF34F8FBFF36F8F9F
:105F500002F092FE02F05CFFC9E9000102F08CFE43
:105F6000CAE900014FF4005E40F2000140F2400037
:105F7000C6F60101C2F20020F1E80223E0E80223A4
:105F80000FF007C002F078FEC8E9000102F074FECD
:105F900002F03EFFC4E90001D9E90001D4E9002381
:105FA00059405040084306D14FF25640C0F20020FD
:105FB00003F09EFC41E0D4E90001D9E90023801AF6
:105FC000994105F0FBFC00EE100A9FED971A81EE57
:105FD000000A9FED961A4EF67A1020EE010A9FED08
:105FE000941AC0F2002020EE010A20EE018A06F089
:105FF00045F8D8E90001DAE90023821A4EF60D507F
:1060000061EB0303C0F2002006F038F8D4E9000188
:10601000D9E90023821A4EF60A0061EB0303C0F2AD
:10602000002006F02BF8B7EEC80A4FF25410C0F269
:10603000002053EC102B06F021F800207860BFF30D
:106040004F8F396843F6E073C1F34E30CA08C1F38D
:10605000C9014E1C9107420102EA030546F001E026
:106060000D4400BF00BF00BFC7F8E05105F1404537
:106070000FF007C00028A0F10100A2F12002EBD12F
:10608000BFF34F8FBFF36F8F02F0F6FD02F0C0FE3B
:10609000C9E9000102F0F0FDCAE900014FF4803EB9
:1060A00040F2404040F20001C2F20120C6F6000179
:1060B00011F8012B00F8012B0FF007C002F0DCFDF6
:1060C000C8E9000102F0D8FD02F0A2FEC4E9000117
:1060D000D9E90001D4E9002359405040084306D1D2
:1060E0004FF25640C0F2002003F002FC41E0D4E938
:1060F0000001D9E90023801A994105F05FFC00EE08
:10610000100A9FED491A81EE000A9FED481A4FF2DE
:10611000DA2020EE010A9FED461AC0F2002020EEA0
:10612000010A20EE018A05F0A9FFD8E90001DAE9A9
:106130000023821A4EF60D5061EB0303C0F20020DB
:1061400005F09CFFD4E90001D9E90023821A4EF63C
:106150000A0061EB0303C0F2002005F08FFFB7EEE9
:10616000C80A4FF25410C0F2002053EC102B05F077
:1061700085FF00207860BFF34F8F396843F6E073E6
:10618000C1F34E30CA08C1F3C9014E1C9107420148
:1061900002EA030546F001E00D4400BF00BF00BF66
:1061A000C7F8E05105F140450FF007C00028A0F105
:1061B0000100A2F12002EBD1BFF34F8FBFF36F8F2D
:1061C00002F05AFD02F024FEC9E9000102F054FD7C
:1061D000CAE900014FF4004E40F2404040F2000195
:1061E000C2F20120C6F6000131F8022B20F8022B82
:1061F0000FF007C002F040FDC8E9000102F03CFDCD
:1062000002F006FEC4E90001D9E90001D4E9002347
:106210005940504008430DD14FF25640C0F2002083
:1062200003F066FB48E000BF00008047002474498B
:106230000000803AD4E90001D9E90023801A99418D
:1062400005F0BCFB00EE100A1FED091A81EE000AF2
:106250001FED0A1A4FF60D0020EE010A1FED0C1A71
:10626000C0F2002020EE010A20EE018A05F006FFB0
:10627000D8E90001DAE90023821A4EF60D5061EBED
:106280000303C0F2002005F0F9FED4E90001D9E9CA
:106290000023821A4EF60A0061EB0303C0F20020CD
:1062A00005F0ECFEB7EEC80A4FF25410C0F2002021
:1062B00053EC102B05F0E2FE00207860BFF34F8F07
:1062C000396843F6E073C1F34E30CA08C1F3C9011F
:1062D0004E1C9107420100BF02EA030546F001E0AF
:1062E0000D4400BF00BF00BFC7F8E05105F14045B5
:1062F0000FF007C00028A0F10100A2F12002EBD1AD
:10630000BFF34F8FBFF36F8F02F0B6FC02F080FD3A
:10631000C9E9000102F0B0FCCAE900014FF4804E67
:1063200040F2404040F20001C2F20120C6F60001F6
:1063300051F8042B40F8042B0FF007C002F09CFC2E
:10634000C8E9000102F098FC02F062FDC4E9000116
:10635000D9E90001D4E9002359405040084306D14F
:106360004FF25640C0F2002003F0C2FA41E0D4E9F7
:106370000001D9E90023801A994105F01FFB00EEC6
:10638000100A1FED571A81EE000A1FED581A4FF63A
:10639000472020EE010A1FED5A1AC0F2002020EE1D
:1063A000010A20EE018A05F069FED8E90001DAE968
:1063B0000023821A4EF60D5061EB0303C0F2002059
:1063C00005F05CFED4E90001D9E90023821A4EF6FB
:1063D0000A0061EB0303C0F2002005F04FFEB7EEA8
:1063E000C80A4FF25410C0F2002053EC102B05F0F5
:1063F00045FE00207860BFF34F8F396843F6E073A5
:10640000C1F34E30CA08C1F3C9014E1C91074201C5
:1064100002EA030546F001E00D4400BF00BF00BFE3
:10642000C7F8E05105F140450FF007C00028A0F182
:106430000100A2F12002EBD1BFF34F8FBFF36F8FAA
:1064400002F01AFC02F0E4FCC9E9000102F014FCBD
:10645000CAE900014FF4005E40F2404140F2000002
:10646000C2F20121C6F60000F0E80223E1E80223AF
:106470000FF007C002F000FCC8E9000102F0FCFBCD
:1064800002F0C6FCC4E90001D9E90001D4E9002307
:1064900059405040084306D14FF25640C0F2002008
:1064A00003F026FA41E0D4E90001D9E90023801A7B
:1064B000994105F083FA00EE100A1FEDA51A81EE4E
:1064C000000A1FEDA61A4EF6BC0020EE010A1FEDD1
:1064D000A81AC0F2002020EE010A20EE018A05F081
:1064E000CDFDD8E90001DAE90023821A4EF60D50FD
:1064F00061EB0303C0F2002005F0C0FDD4E9000108
:10650000D9E90023821A4EF60A0061EB0303C0F2B8
:10651000002005F0B3FDB7EEC80A4FF25410C0F2E8
:10652000002053EC102B05F0A9FD00207860BFF38C
:106530004F8F396843F6E073C1F34E30CA08C1F398
:10654000C9014E1C9107420102EA030546F001E031
:106550000D4400BF00BF00BFC7F8E05105F1404542
:106560000FF007C00028A0F10100A2F12002EBD13A
:10657000BFF34F8FBFF36F8F02F07EFB02F048FC3A
:10658000C9E9000102F078FBCAE900014FF4803E3E
:1065900040F2400040F20001C2F20020C6F60001C5
:1065A00011F8012B00F8012B0FF007C002F064FB7B
:1065B000C8E9000102F060FB02F02AFCC4E9000116
:1065C000D9E90001D4E9002359405040084306D1DD
:1065D0004FF25640C0F2002003F08AF941E0D4E9BE
:1065E0000001D9E90023801A994105F0E7F900EE8E
:1065F000100A9FED971A81EE000A9FED961A4FF24E
:106600002D5020EE010A9FED941AC0F2002020EEDA
:10661000010A20EE018A05F031FDD8E90001DAE92E
:106620000023821A4EF60D5061EB0303C0F20020E6
:1066300005F024FDD4E90001D9E90023821A4EF6C1
:106640000A0061EB0303C0F2002005F017FDB7EE6E
:10665000C80A4FF25410C0F2002053EC102B05F082
:106660000DFD00207860BFF34F8F396843F6E0736B
:10667000C1F34E30CA08C1F3C9014E1C9107420153
:1066800002EA030546F001E00D4400BF00BF00BF71
:10669000C7F8E05105F140450FF007C00028A0F110
:1066A0000100A2F12002EBD1BFF34F8FBFF36F8F38
:1066B00002F0E2FA02F0ACFBC9E9000102F0DCFAF8
:1066C000CAE900014FF4004E40F2400040F20001E0
:1066D000C2F20020C6F6000131F8022B20F8022B8E
:1066E0000FF007C002F0C8FAC8E9000102F0C4FACE
:1066F00002F08EFBC4E90001D9E90001D4E90023CE
:1067000059405040084306D14FF25640C0F2002095
:1067100003F0EEF841E0D4E90001D9E90023801A42
:10672000994105F04BF900EE100A9FED491A81EEF0
:10673000000A9FED481A4FF27C4020EE010A9FEDBF
:10674000461AC0F2002020EE010A20EE018A05F070
:1067500095FCD8E90001DAE90023821A4EF60D50C3
:1067600061EB0303C0F2002005F088FCD4E90001CE
:10677000D9E90023821A4EF60A0061EB0303C0F246
:10678000002005F07BFCB7EEC80A4FF25410C0F2AF
:10679000002053EC102B05F071FC00207860BFF353
:1067A0004F8F396843F6E073C1F34E30CA08C1F326
:1067B000C9014E1C9107420102EA030546F001E0BF
:1067C0000D4400BF00BF00BFC7F8E05105F14045D0
:1067D0000FF007C00028A0F10100A2F12002EBD1C8
:1067E000BFF34F8FBFF36F8F02F046FA02F010FB3A
:1067F000C9E9000102F040FACAE900014FF4804EF5
:1068000040F2400040F20001C2F20020C6F6000152
:1068100051F8042B40F8042B0FF007C002F02CFABB
:10682000C8E9000102F028FA02F0F2FAC4E9000116
:10683000D9E90001D4E900235940504008430DD163
:106840004FF25640C0F2002003F052F848E000BF7B
:1068500000008047002474490000803AD4E9000118
:10686000D9E90023801A994105F0A8F800EE100A32
:106870001FED091A81EE000A1FED0A1A4FF2F710F8
:1068800020EE010A1FED0C1AC0F2002020EE010AD2
:1068900020EE018A05F0F2FBD8E90001DAE90023D5
:1068A000821A4EF60D5061EB0303C0F2002005F092
:1068B000E5FBD4E90001D9E90023821A4EF60A006B
:1068C00061EB0303C0F2002005F0D8FBB7EEC80A65
:1068D0004FF25410C0F2002053EC102B05F0CEFB09
:1068E00000207860BFF34F8F396843F6E073C1F33F
:1068F0004E30CA08C1F3C9014E1C9107420100BFC6
:1069000002EA030546F001E00D4400BF00BF00BFEE
:10691000C7F8E05105F140450FF007C00028A0F18D
:106920000100A2F12002EBD1BFF34F8FBFF36F8FB5
:1069300002F0A2F902F06CFAC9E9000102F09CF938
:10694000CAE900014FF4005E40F2400040F200014D
:10695000C2F20020C6F60001F1E80223E0E80223BB
:106960000FF007C002F088F9C8E9000102F084F9CD
:1069700002F04EFAC4E90001D9E90001D4E900238C
:1069800059405040084306D14FF25640C0F2002013
:1069900002F0AEFF41E0D4E90001D9E90023801AFA
:1069A000994105F00BF800EE100A1FED571A81EE21
:1069B000000A1FED581A4FF65C0020EE010A1FED89
:1069C0005A1AC0F2002020EE010A20EE018A05F0DA
:1069D00055FBD8E90001DAE90023821A4EF60D5082
:1069E00061EB0303C0F2002005F048FBD4E900018D
:1069F000D9E90023821A4EF60A0061EB0303C0F2C4
:106A0000002005F03BFBB7EEC80A4FF25410C0F26D
:106A1000002053EC102B05F031FB4FF496704FF42F
:106A20007A7104F051FC4EF6C050C0F2002002F022
:106A30005FFF00207860BFF34F8F396843F6E07343
:106A4000C1F34E30CA08C1F3C9014E1C910742017F
:106A500002EA030546F001E00D4400BF00BF00BF9D
:106A6000C7F8E05105F140450FF007C00028A0F13C
:106A70000100A2F12002EBD140F2705840F210095F
:106A8000C2F20228C2F20029BFF34F8F0BF100615E
:106A90000020BFF36F8F88F800000820A9F80C00D1
:106AA0004FF48060A9F80E0001F50030C9F8080025
:106AB00040F20000C6F60100C9F80400D9F8000051
:106AC00040F04050C9F8000002F0D6F802F0A0F9FA
:106AD00008AAC2E9000102F0CFF84FF6F022CAE995
:106AE0000001C0F20022D2E9004B2046594603F0D3
:106AF000F3FE2046494603F02FFF204603F06CFFCB
:106B00000121204603F084FF98F8000008B900BF77
:106B1000FAE702F0B1F802AEC6E9000102F0ACF803
:106B200002F076F90DF1180ACAE90001204603F0D7
:106B300097FF08ADD5E90001DAE90023594050403C
:106B4000084306D14FF25640C0F2002002F0D0FEBA
:106B500042E0DAE90001D5E90023801A994104F006
:106B60002DFF00EE100A1FEDC61A81EE000A1FED80
:106B7000C71A4FF2462020EE010A1FEDC91AC0F2D3
:106B8000002020EE010A20EE018A05F077FA04AA1F
:106B9000D6E90001D2E90023821A4EF60D5061EBCE
:106BA0000303C0F2002005F069FADAE90001D5E933
:106BB0000023821A4EF60A0061EB0303C0F20020A4
:106BC00005F05CFAB7EEC80A4FF25410C0F200208C
:106BD00053EC102B05F052FA00207860BFF34F8F72
:106BE000396843F6E073C1F34E30CA08C1F3C901F6
:106BF0004E1C9107420100BF02EA030546F001E086
:106C00000D4400BF00BF00BFC7F8E05105F140458B
:106C10000FF007C00028A0F10100A2F12002EBD183
:106C2000BFF34F8FBFF36F8F002088F8000008205C
:106C3000A9F80C004FF48060A9F80E0040F2404023
:106C4000C2F20120C9F8080040F20000C6F60100B7
:106C5000C9F80400D9F8000040F04050C9F800001D
:106C600002F00AF802F0D4F808AAC2E9000102F022
:106C700003F804AAC2E900012046594603F02CFE9D
:106C80002046494603F068FE204603F0A5FE012198
:106C9000204603F0BDFE00BF98F8000008B900BF11
:106CA000FAE701F0E9FF0DF10809C9E9000101F077
:106CB000E3FF02F0ADF80DF1180ACAE90001204621
:106CC00003F0CEFE0DF12008D8E90001DAE9002337
:106CD00059405040084307D14FF25640C0F20020BF
:106CE00002F006FE04AC42E0DAE90001D8E9002334
:106CF000801A994104F062FE00EE100A9FEDDA1A44
:106D000081EE000A9FEDD91A4EF6200020EE010A0E
:106D10009FEDD71AC0F2002020EE010A20EE018A72
:106D200005F0ACF904ACD9E90001D4E90023821ADA
:106D30004EF60D5061EB0303C0F2002005F09EF902
:106D4000DAE90001D8E90023821A4EF60A0061EB65
:106D50000303C0F2002005F091F9B7EEC80A4FF224
:106D60005410C0F2002053EC102B05F087F90020DE
:106D70007860BFF34F8F57F86C0C43F6E07320F444
:106D8000803047F86C0CBFF34F8F3968C1F34E3039
:106D9000CA08C1F3C9014E1C9107420100BF00BFE0
:106DA00002EA030546F001E00D4400BF00BF00BF4A
:106DB000C7F8F45105F140450FF007C00028A0F1D5
:106DC0000100A2F12002EBD14EF20001BFF34F8F80
:106DD000CEF20101BFF36F8F086840F00400086035
:106DE000BFF34F8FBFF36F8F0868019057F86C0C9B
:106DF000C00331D400207860BFF34F8F396843F669
:106E0000E073C1F34E30CA08C1F3C9014E1C9107AB
:106E1000420100BF00BF00BF02EA030546F001E0E7
:106E20000D4400BF00BF00BFC7F8E05105F1404569
:106E30000FF007C00028A0F10100A2F12002EBD161
:106E4000BFF34F8F57F86C0C40F4803047F86C0C50
:106E5000BFF34F8FBFF36F8F0198400705D44FF2F8
:106E60007C50C0F2002001F08BBE4EF2D450C0F234
:106E7000002002F03DFD00207860BFF34F8F39689D
:106E800043F6E073C1F34E30CA08C1F3C9014E1C8A
:106E90009107420100BF00BF02EA030546F001E08E
:106EA0000D4400BF00BF00BFC7F8E05105F14045E9
:106EB0000FF007C00028A0F10100A2F12002EBD1E1
:106EC000BFF34F8FBFF36F8F01F0D6FEC4E900010F
:106ED00001F0D2FE01F09CFFC8E900014FF4803EB2
:106EE00040F2000040F20001C2F20000C6F60101CB
:106EF00011F8012B00F8012B0FF007C001F0BCFEC8
:106F0000C9E9000101F0B8FE01F082FFCAE9000101
:106F1000D8E90001DAE9002359405040084306D17E
:106F20004FF25640C0F2002002F0E2FC41E0DAE904
:106F30000001D8E90023801A994104F03FFD00EEDA
:106F4000100A9FED491A81EE000A9FED481A4FF290
:106F5000207020EE010A9FED461AC0F2002020EEBC
:106F6000010A20EE018A05F089F8D9E90001D4E987
:106F70000023821A4EF60D5061EB0303C0F200208D
:106F800005F07CF8DAE90001D8E90023821A4EF610
:106F90000A0061EB0303C0F2002005F06FF8B7EEC2
:106FA000C80A4FF25410C0F2002053EC102B05F029
:106FB00065F800207860BFF34F8F396843F6E073BF
:106FC000C1F34E30CA08C1F3C9014E1C91074201FA
:106FD00002EA030546F001E00D4400BF00BF00BF18
:106FE000C7F8E05105F140450FF007C00028A0F1B7
:106FF0000100A2F12002EBD1BFF34F8FBFF36F8FDF
:1070000001F03AFE01F004FFC8E9000101F034FE8E
:10701000C4E900014FF4004E40F2000040F20001CC
:10702000C2F20000C6F6010131F8022B20F8022B53
:107030000FF007C001F020FEC9E9000101F01CFEBD
:1070400001F0E6FECAE90001D8E90001DAE900230F
:107050005940504008430DD14FF25640C0F2002035
:1070600002F046FC48E000BF00008047002474495D
:107070000000803ADAE90001D8E90023801A99413A
:1070800004F09CFC00EE100A1FED091A81EE000AC4
:107090001FED0A1A4EF2574020EE010A1FED0C1A9E
:1070A000C0F2002020EE010A20EE018A04F0E6FF83
:1070B000D9E90001D4E90023821A4EF60D5061EBA4
:1070C0000303C0F2002004F0D9FFDAE90001D8E997
:1070D0000023821A4EF60A0061EB0303C0F200207F
:1070E00004F0CCFFB7EEC80A4FF25410C0F20020F3
:1070F00053EC102B04F0C2FF00207860BFF34F8FD9
:10710000396843F6E073C1F34E30CA08C1F3C901D0
:107110004E1C9107420100BF02EA030546F001E060
:107120000D4400BF00BF00BFC7F8E05105F1404566
:107130000FF007C00028A0F10100A2F12002EBD15E
:10714000BFF34F8FBFF36F8F01F096FD01F060FE2C
:10715000C8E9000101F090FDC4E900014FF4804E40
:1071600040F2000040F20001C2F20000C6F6010148
:1071700051F8042B40F8042B0FF007C001F07CFD00
:10718000C9E9000101F078FD01F042FECAE9000101
:10719000D8E90001DAE9002359405040084306D1FC
:1071A0004FF25640C0F2002002F0A2FB41E0DAE9C3
:1071B0000001D8E90023801A994104F0FFFB00EE9A
:1071C000100A1FED571A81EE000A1FED581A4FF6EC
:1071D000A91020EE010A1FED5A1AC0F2002020EE7D
:1071E000010A20EE018A04F049FFD9E90001D4E93F
:1071F0000023821A4EF60D5061EB0303C0F200200B
:1072000004F03CFFDAE90001D8E90023821A4EF6C7
:107210000A0061EB0303C0F2002004F02FFFB7EE79
:10722000C80A4FF25410C0F2002053EC102B04F0A7
:1072300025FF00207860BFF34F8F396843F6E07375
:10724000C1F34E30CA08C1F3C9014E1C9107420177
:1072500002EA030546F001E00D4400BF00BF00BF95
:10726000C7F8E05105F140450FF007C00028A0F134
:107270000100A2F12002EBD1BFF34F8FBFF36F8F5C
:1072800001F0FAFC01F0C4FDC8E9000101F0F4FCD2
:10729000C4E900014FF4005E40F2000040F200013A
:1072A000C2F20000C6F60101F1E80223E0E8022381
:1072B0000FF007C001F0E0FCC9E9000101F0DCFCBF
:1072C00001F0A6FDCAE90001D8E90001DAE90023CE
:1072D00059405040084306D14FF25640C0F20020BA
:1072E00002F006FB41E0DAE90001D8E90023801A48
:1072F000994104F063FB00EE100A1FEDA51A81EE20
:10730000000A1FEDA61A4EF2855020EE010A1FED6D
:10731000A81AC0F2002020EE010A20EE018A04F033
:10732000ADFED9E90001D4E90023821A4EF60D50D2
:1073300061EB0303C0F2002004F0A0FEDAE90001D3
:10734000D8E90023821A4EF60A0061EB0303C0F26B
:10735000002004F093FEB7EEC80A4FF25410C0F2BA
:10736000002053EC102B04F089FE00207860BFF35E
:107370004F8F396843F6E073C1F34E30CA08C1F34A
:10738000C9014E1C9107420102EA030546F001E0E3
:107390000D4400BF00BF00BFC7F8E05105F14045F4
:1073A0000FF007C00028A0F10100A2F12002EBD1EC
:1073B000BFF34F8FBFF36F8F01F05EFC01F028FD2C
:1073C000C8E9000101F058FCC4E900014FF4803E17
:1073D00040F2000040F20001C2F20000C6F60001D7
:1073E00011F8012B00F8012B0FF007C001F044FC4D
:1073F000C9E9000101F040FC01F00AFDCAE9000101
:10740000D8E90001DAE9002359405040084306D189
:107410004FF25640C0F2002002F06AFA41E0DAE989
:107420000001D8E90023801A994104F0C7FA00EE60
:10743000100A9FED971A81EE000A9FED961A4EF200
:10744000473020EE010A9FED941AC0F2002020EE92
:10745000010A20EE018A04F011FED9E90001D4E905
:107460000023821A4EF60D5061EB0303C0F2002098
:1074700004F004FEDAE90001D8E90023821A4EF68E
:107480000A0061EB0303C0F2002004F0F7FDB7EE41
:10749000C80A4FF25410C0F2002053EC102B04F035
:1074A000EDFD00207860BFF34F8F396843F6E0733D
:1074B000C1F34E30CA08C1F3C9014E1C9107420105
:1074C00002EA030546F001E00D4400BF00BF00BF23
:1074D000C7F8E05105F140450FF007C00028A0F1C2
:1074E0000100A2F12002EBD1BFF34F8FBFF36F8FEA
:1074F00001F0C2FB01F08CFCC8E9000101F0BCFB0B
:10750000C4E900014FF4004E40F2000040F20001D7
:10751000C2F20000C6F6000131F8022B20F8022B5F
:107520000FF007C001F0A8FBC9E9000101F0A4FBBE
:1075300001F06EFCCAE90001D8E90001DAE9002394
:1075400059405040084306D14FF25640C0F2002047
:1075500002F0CEF941E0DAE90001D8E90023801A0F
:10756000994104F02BFA00EE100A9FED491A81EEC2
:10757000000A9FED481A4EF6215020EE010A9FEDB9
:10758000461AC0F2002020EE010A20EE018A04F023
:1075900075FDD9E90001D4E90023821A4EF60D5099
:1075A00061EB0303C0F2002004F068FDDAE900019A
:1075B000D8E90023821A4EF60A0061EB0303C0F2F9
:1075C000002004F05BFDB7EEC80A4FF25410C0F281
:1075D000002053EC102B04F051FD00207860BFF325
:1075E0004F8F396843F6E073C1F34E30CA08C1F3D8
:1075F000C9014E1C9107420102EA030546F001E071
:107600000D4400BF00BF00BFC7F8E05105F1404581
:107610000FF007C00028A0F10100A2F12002EBD179
:10762000BFF34F8FBFF36F8F01F026FB01F0F0FB2C
:10763000C8E9000101F020FBC4E900014FF4804ECD
:1076400040F2000040F20001C2F20000C6F6000164
:1076500051F8042B40F8042B0FF007C001F00CFB8D
:10766000C9E9000101F008FB01F0D2FBCAE9000101
:10767000D8E90001DAE900235940504008430DD110
:107680004FF25640C0F2002002F032F948E000BF4D
:1076900000008047002474490000803ADAE90001C4
:1076A000D8E90023801A994104F088F900EE100A05
:1076B0001FED091A81EE000A1FED0A1A4EF61F305F
:1076C00020EE010A1FED0C1AC0F2002020EE010A84
:1076D00020EE018A04F0D2FCD9E90001D4E90023AC
:1076E000821A4EF60D5061EB0303C0F2002004F045
:1076F000C5FCDAE90001D8E90023821A4EF60A0037
:1077000061EB0303C0F2002004F0B8FCB7EEC80A36
:107710004FF25410C0F2002053EC102B04F0AEFCDA
:1077200000207860BFF34F8F396843F6E073C1F3F0
:107730004E30CA08C1F3C9014E1C9107420100BF77
:1077400002EA030546F001E00D4400BF00BF00BFA0
:10775000C7F8E05105F140450FF007C00028A0F13F
:107760000100A2F12002EBD1BFF34F8FBFF36F8F67
:1077700001F082FA01F04CFBC8E9000101F07CFA4B
:10778000C4E900014FF4005E40F2000040F2000145
:10779000C2F20000C6F60001F1E80223E0E802238D
:1077A0000FF007C001F068FAC9E9000101F064FABE
:1077B00001F02EFBCAE90001D8E90001DAE9002353
:1077C00059405040084306D14FF25640C0F20020C5
:1077D00002F08EF841E0DAE90001D8E90023801ACE
:1077E000994104F0EBF800EE100A1FED571A81EEF4
:1077F000000A1FED581A4EF6192020EE010A1FED5F
:107800005A1AC0F2002020EE010A20EE018A04F08C
:1078100035FCD9E90001D4E90023821A4EF60D5057
:1078200061EB0303C0F2002004F028FCDAE9000158
:10783000D8E90023821A4EF60A0061EB0303C0F276
:10784000002004F01BFCB7EEC80A4FF25410C0F23F
:10785000002053EC102B04F011FC00207860BFF3E3
:107860004F8F396843F6E073C1F34E30CA08C1F355
:10787000C9014E1C9107420102EA030546F001E0EE
:107880000D4400BF00BF00BFC7F8E05105F14045FF
:107890000FF007C00028A0F10100A2F12002EBD1F7
:1078A000BFF34F8FBFF36F8F01F0E6F901F0B0FA2D
:1078B000C8E9000101F0E0F9C4E900014FF4803E9D
:1078C00040F2404040F20001C2F20120C6F6010140
:1078D00011F8012B00F8012B0FF007C001F0CCF9D3
:1078E000C9E9000101F0C8F901F092FACAE9000102
:1078F000D8E90001DAE9002359405040084306D195
:107900004FF25640C0F2002001F0F2FF41E0DAE908
:107910000001D8E90023801A994104F04FF800EEE5
:10792000100A1FEDA51A81EE000A1FEDA61A4FF6E8
:10793000F81020EE010A1FEDA81AC0F2002020EE78
:10794000010A20EE018A04F099FBD9E90001D4E98B
:107950000023821A4EF60D5061EB0303C0F20020A3
:1079600004F08CFBDAE90001D8E90023821A4EF614
:107970000A0061EB0303C0F2002004F07FFBB7EEC6
:10798000C80A4FF25410C0F2002053EC102B04F040
:1079900075FB00207860BFF34F8F396843F6E073C2
:1079A000C1F34E30CA08C1F3C9014E1C9107420110
:1079B00002EA030546F001E00D4400BF00BF00BF2E
:1079C000C7F8E05105F140450FF007C00028A0F1CD
:1079D0000100A2F12002EBD1BFF34F8FBFF36F8FF5
:1079E00001F04AF901F014FAC8E9000101F044F984
:1079F000C4E900014FF4004E40F2404040F2000163
:107A0000C2F20120C6F6010131F8022B20F8022B48
:107A10000FF007C001F030F9C9E9000101F02CF9BD
:107A200001F0F6F9CAE90001D8E90001DAE900231A
:107A300059405040084306D14FF25640C0F2002052
:107A400001F056FF41E0DAE90001D8E90023801A8D
:107A5000994103F0B3FF00EE100A9FED971A81EEF3
:107A6000000A9FED961A4EF2963020EE010A9FED25
:107A7000941AC0F2002020EE010A20EE018A04F0E0
:107A8000FDFAD9E90001D4E90023821A4EF60D501F
:107A900061EB0303C0F2002004F0F0FADAE9000120
:107AA000D8E90023821A4EF60A0061EB0303C0F204
:107AB000002004F0E3FAB7EEC80A4FF25410C0F207
:107AC000002053EC102B04F0D9FA00207860BFF3AB
:107AD0004F8F396843F6E073C1F34E30CA08C1F3E3
:107AE000C9014E1C9107420102EA030546F001E07C
:107AF0000D4400BF00BF00BFC7F8E05105F140458D
:107B00000FF007C00028A0F10100A2F12002EBD184
:107B1000BFF34F8FBFF36F8F01F0AEF801F078F92C
:107B2000C8E9000101F0A8F8C4E900014FF4804E53
:107B300040F2404040F20001C2F20120C6F60101CD
:107B400051F8042B40F8042B0FF007C001F094F813
:107B5000C9E9000101F090F801F05AF9CAE9000101
:107B6000D8E90001DAE9002359405040084306D122
:107B70004FF25640C0F2002001F0BAFE41E0DAE9CF
:107B80000001D8E90023801A994103F017FF00EEA5
:107B9000100A9FED491A81EE000A9FED481A4EF631
:107BA0006E3020EE010A9FED461AC0F2002020EE52
:107BB000010A20EE018A04F061FAD9E90001D4E952
:107BC0000023821A4EF60D5061EB0303C0F2002031
:107BD00004F054FADAE90001D8E90023821A4EF6DB
:107BE0000A0061EB0303C0F2002004F047FAB7EE8D
:107BF000C80A4FF25410C0F2002053EC102B04F0CE
:107C00003DFA00207860BFF34F8F396843F6E07388
:107C1000C1F34E30CA08C1F3C9014E1C910742019D
:107C200002EA030546F001E00D4400BF00BF00BFBB
:107C3000C7F8E05105F140450FF007C00028A0F15A
:107C40000100A2F12002EBD1BFF34F8FBFF36F8F82
:107C500001F012F801F0DCF8C8E9000101F00CF8BD
:107C6000C4E900014FF4005E40F2404040F20001E0
:107C7000C2F20120C6F60101F1E80223E0E8022386
:107C80000FF007C000F0F8FFC9E9000100F0F4FFB1
:107C900001F0BEF8CAE90001D8E90001DAE90023E1
:107CA0005940504008430DD14FF25640C0F20020D9
:107CB00001F01EFE48E000BF000080470024744928
:107CC0000000803ADAE90001D8E90023801A9941DE
:107CD00003F074FE00EE100A1FED091A81EE000A8F
:107CE0001FED0A1A4EF2E53020EE010A1FED0C1AC4
:107CF000C0F2002020EE010A20EE018A04F0BEF955
:107D0000D9E90001D4E90023821A4EF60D5061EB47
:107D10000303C0F2002004F0B1F9DAE90001D8E968
:107D20000023821A4EF60A0061EB0303C0F2002022
:107D300004F0A4F9B7EEC80A4FF25410C0F20020C4
:107D400053EC102B04F09AF900207860BFF34F8FAA
:107D5000396843F6E073C1F34E30CA08C1F3C90174
:107D60004E1C9107420100BF02EA030546F001E004
:107D70000D4400BF00BF00BFC7F8E05105F140450A
:107D80000FF007C00028A0F10100A2F12002EBD102
:107D9000BFF34F8FBFF36F8F00F06EFF01F038F825
:107DA000C8E9000100F068FFC4E900014FF4803E1B
:107DB00040F2400040F20001C2F20020C6F601018C
:107DC00011F8012B00F8012B0FF007C000F054FF51
:107DD000C9E9000100F050FF01F01AF8CAE90001FA
:107DE000D8E90001DAE9002359405040084306D1A0
:107DF0004FF25640C0F2002001F07AFD41E0DAE98E
:107E00000001D8E90023801A994103F0D7FD00EE64
:107E1000100A1FED571A81EE000A1FED581A4FF293
:107E2000036020EE010A1FED5A1AC0F2002020EE76
:107E3000010A20EE018A04F021F9D9E90001D4E910
:107E40000023821A4EF60D5061EB0303C0F20020AE
:107E500004F014F9DAE90001D8E90023821A4EF699
:107E60000A0061EB0303C0F2002004F007F9B7EE4B
:107E7000C80A4FF25410C0F2002053EC102B04F04B
:107E8000FDF800207860BFF34F8F396843F6E07348
:107E9000C1F34E30CA08C1F3C9014E1C910742011B
:107EA00002EA030546F001E00D4400BF00BF00BF39
:107EB000C7F8E05105F140450FF007C00028A0F1D8
:107EC0000100A2F12002EBD1BFF34F8FBFF36F8F00
:107ED00000F0D2FE00F09CFFC8E9000100F0CCFEEB
:107EE000C4E900014FF4004E40F2400040F20001AE
:107EF000C2F20020C6F6010131F8022B20F8022B55
:107F00000FF007C000F0B8FEC9E9000100F0B4FEB0
:107F100000F07EFFCAE90001D8E90001DAE9002398
:107F200059405040084306D14FF25640C0F200205D
:107F300001F0DEFC41E0DAE90001D8E90023801A13
:107F4000994103F03BFD00EE100A1FEDA51A81EEEA
:107F5000000A1FEDA61A4FF2671020EE010A1FED6E
:107F6000A81AC0F2002020EE010A20EE018A04F0D7
:107F700085F8D9E90001D4E90023821A4EF60D50A4
:107F800061EB0303C0F2002004F078F8DAE90001A5
:107F9000D8E90023821A4EF60A0061EB0303C0F20F
:107FA000002004F06BF8B7EEC80A4FF25410C0F28C
:107FB000002053EC102B04F061F800207860BFF330
:107FC0004F8F396843F6E073C1F34E30CA08C1F3EE
:107FD000C9014E1C9107420102EA030546F001E087
:107FE0000D4400BF00BF00BFC7F8E05105F1404598
:107FF0000FF007C00028A0F10100A2F12002EBD190
:10800000BFF34F8FBFF36F8F00F036FE00F000FF1D
:10801000C8E9000100F030FEC4E900014FF4804ED1
:1080200040F2400040F20001C2F20020C6F6010119
:1080300051F8042B40F8042B0FF007C000F01CFE91
:10804000C9E9000100F018FE00F0E2FECAE90001F3
:10805000D8E90001DAE9002359405040084306D12D
:108060004FF25640C0F2002001F042FC41E0DAE954
:108070000001D8E90023801A994103F09FFC00EE2B
:10808000100A9FED971A81EE000A9FED961A4EF2A4
:108090008F2020EE010A9FED941AC0F2002020EEFE
:1080A000010A20EE018A03F0E9FFD9E90001D4E9D1
:1080B0000023821A4EF60D5061EB0303C0F200203C
:1080C00003F0DCFFDAE90001D8E90023821A4EF65A
:1080D0000A0061EB0303C0F2002003F0CFFFB7EE0C
:1080E000C80A4FF25410C0F2002053EC102B03F0DA
:1080F000C5FF00207860BFF34F8F396843F6E07307
:10810000C1F34E30CA08C1F3C9014E1C91074201A8
:1081100002EA030546F001E00D4400BF00BF00BFC6
:10812000C7F8E05105F140450FF007C00028A0F165
:108130000100A2F12002EBD1BFF34F8FBFF36F8F8D
:1081400000F09AFD00F064FEC8E9000100F094FD23
:10815000C4E900014FF4005E40F2400040F200012B
:10816000C2F20020C6F60101F1E80223E0E8022392
:108170000FF007C000F080FDC9E9000100F07CFDB0
:1081800000F046FECAE90001D8E90001DAE900235F
:1081900059405040084306D14FF25640C0F20020EB
:1081A00001F0A6FB41E0DAE90001D8E90023801ADA
:1081B000994103F003FC00EE100A9FED491A81EE8D
:1081C000000A9FED481A4EF67A1020EE010A9FED44
:1081D000461AC0F2002020EE010A20EE018A03F0C8
:1081E0004DFFD9E90001D4E90023821A4EF60D5063
:1081F00061EB0303C0F2002003F040FFDAE9000165
:10820000D8E90023821A4EF60A0061EB0303C0F29C
:10821000002003F033FFB7EEC80A4FF25410C0F24B
:10822000002053EC102B03F029FF00207860BFF3EF
:108230004F8F396843F6E073C1F34E30CA08C1F37B
:10824000C9014E1C9107420102EA030546F001E014
:108250000D4400BF00BF00BFC7F8E05105F1404525
:108260000FF007C00028A0F10100A2F12002EBD11D
:10827000BFF34F8FBFF36F8F00F0FEFC00F0C8FD1F
:10828000C8E9000100F0F8FCC4E900014FF4803EA9
:1082900040F2404040F20001C2F20120C6F6000167
:1082A00011F8012B00F8012B0FF007C000F0E4FCDF
:1082B000C9E9000100F0E0FC00F0AAFDCAE90001F4
:1082C000D8E90001DAE900235940504008430DD1B4
:1082D0004FF25640C0F2002001F00AFB48E000BF18
:1082E00000008047002474490000803ADAE9000168
:1082F000D8E90023801A994103F060FB00EE100AD0
:108300001FED091A81EE000A1FED0A1A4FF2DA205A
:1083100020EE010A1FED0C1AC0F2002020EE010A27
:1083200020EE018A03F0AAFED9E90001D4E9002376
:10833000821A4EF60D5061EB0303C0F2002003F0E9
:108340009DFEDAE90001D8E90023821A4EF60A0000
:1083500061EB0303C0F2002003F090FEB7EEC80A01
:108360004FF25410C0F2002053EC102B03F086FEA5
:1083700000207860BFF34F8F396843F6E073C1F394
:108380004E30CA08C1F3C9014E1C9107420100BF1B
:1083900002EA030546F001E00D4400BF00BF00BF44
:1083A000C7F8E05105F140450FF007C00028A0F1E3
:1083B0000100A2F12002EBD1BFF34F8FBFF36F8F0B
:1083C00000F05AFC00F024FDC8E9000100F054FC64
:1083D000C4E900014FF4004E40F2404040F2000179
:1083E000C2F20120C6F6000131F8022B20F8022B60
:1083F0000FF007C000F040FCC9E9000100F03CFCB0
:1084000000F006FDCAE90001D8E90001DAE900231D
:1084100059405040084306D14FF25640C0F2002068
:1084200001F066FA41E0DAE90001D8E90023801A98
:10843000994103F0C3FA00EE100A1FED571A81EEBE
:10844000000A1FED581A4FF60D0020EE010A1FED2D
:108450005A1AC0F2002020EE010A20EE018A03F031
:108460000DFED9E90001D4E90023821A4EF60D5021
:1084700061EB0303C0F2002003F000FEDAE9000123
:10848000D8E90023821A4EF60A0061EB0303C0F21A
:10849000002003F0F3FDB7EEC80A4FF25410C0F20B
:1084A000002053EC102B03F0E9FD00207860BFF3AF
:1084B0004F8F396843F6E073C1F34E30CA08C1F3F9
:1084C000C9014E1C9107420102EA030546F001E092
:1084D0000D4400BF00BF00BFC7F8E05105F14045A3
:1084E0000FF007C00028A0F10100A2F12002EBD19B
:1084F000BFF34F8FBFF36F8F00F0BEFB00F088FC1F
:10850000C8E9000100F0B8FBC4E900014FF4804E57
:1085100040F2404040F20001C2F20120C6F60001E4
:1085200051F8042B40F8042B0FF007C000F0A4FB17
:10853000C9E9000100F0A0FB00F06AFCCAE90001F3
:10854000D8E90001DAE9002359405040084306D138
:108550004FF25640C0F2002001F0CAF941E0DAE9DA
:108560000001D8E90023801A994103F027FA00EEB0
:10857000100A1FEDA51A81EE000A1FEDA61A4FF68C
:10858000472020EE010A1FEDA81AC0F2002020EEBD
:10859000010A20EE018A03F071FDD9E90001D4E956
:1085A0000023821A4EF60D5061EB0303C0F2002047
:1085B00003F064FDDAE90001D8E90023821A4EF6DF
:1085C0000A0061EB0303C0F2002003F057FDB7EE91
:1085D000C80A4FF25410C0F2002053EC102B03F0E5
:1085E0004DFD00207860BFF34F8F396843F6E0738C
:1085F000C1F34E30CA08C1F3C9014E1C91074201B4
:1086000002EA030546F001E00D4400BF00BF00BFD1
:10861000C7F8E05105F140450FF007C00028A0F170
:108620000100A2F12002EBD1BFF34F8FBFF36F8F98
:1086300000F022FB00F0ECFBC8E9000100F01CFB9D
:10864000C4E900014FF4005E40F2404040F20001F6
:10865000C2F20120C6F60001F1E80223E0E802239D
:108660000FF007C000F008FBC9E9000100F004FBAF
:1086700000F0CEFBCAE90001D8E90001DAE90023E5
:1086800059405040084306D14FF25640C0F20020F6
:1086900001F02EF941E0DAE90001D8E90023801A5F
:1086A000994103F08BF900EE100A9FED971A81EEC5
:1086B000000A9FED961A4EF6BC0020EE010A9FEDCF
:1086C000941AC0F2002020EE010A20EE018A03F085
:1086D000D5FCD9E90001D4E90023821A4EF60D50E9
:1086E00061EB0303C0F2002003F0C8FCDAE90001EB
:1086F000D8E90023821A4EF60A0061EB0303C0F2A8
:10870000002003F0BBFCB7EEC80A4FF25410C0F2D1
:10871000002053EC102B03F0B1FC00207860BFF375
:108720004F8F396843F6E073C1F34E30CA08C1F386
:10873000C9014E1C9107420102EA030546F001E01F
:108740000D4400BF00BF00BFC7F8E05105F1404530
:108750000FF007C00028A0F10100A2F12002EBD128
:10876000BFF34F8FBFF36F8F00F086FA00F050FB1E
:10877000C8E9000100F080FAC4E900014FF4803E2E
:1087800040F2400040F20001C2F20020C6F60001B3
:1087900011F8012B00F8012B0FF007C000F06CFA64
:1087A000C9E9000100F068FA00F032FBCAE90001F3
:1087B000D8E90001DAE9002359405040084306D1C6
:1087C0004FF25640C0F2002001F092F841E0DAE9A1
:1087D0000001D8E90023801A994103F0EFF800EE78
:1087E000100A9FED491A81EE000A9FED481A4FF2D8
:1087F0002D5020EE010A9FED461AC0F2002020EE17
:10880000010A20EE018A03F039FCD9E90001D4E91C
:108810000023821A4EF60D5061EB0303C0F20020D4
:1088200003F02CFCDAE90001D8E90023821A4EF6A5
:108830000A0061EB0303C0F2002003F01FFCB7EE57
:10884000C80A4FF25410C0F2002053EC102B03F072
:1088500015FC00207860BFF34F8F396843F6E07352
:10886000C1F34E30CA08C1F3C9014E1C9107420141
:1088700002EA030546F001E00D4400BF00BF00BF5F
:10888000C7F8E05105F140450FF007C00028A0F1FE
:108890000100A2F12002EBD1BFF34F8FBFF36F8F26
:1088A00000F0EAF900F0B4FAC8E9000100F0E4F9D8
:1088B000C4E900014FF4004E40F2400040F20001D4
:1088C000C2F20020C6F6000131F8022B20F8022B7C
:1088D0000FF007C000F0D0F9C9E9000100F0CCF9B1
:1088E00000F096FACAE90001D8E90001DAE90023AC
:1088F0005940504008430DD14FF25640C0F200207D
:1089000000F0F6FF48E000BF0000804700247449F3
:108910000000803ADAE90001D8E90023801A994181
:1089200003F04CF800EE100A9FEDBD1A81EE000A2C
:108930009FEDBC1A4FF27C4020EE010A9FEDBA1A5F
:10894000C0F2002020EE010A20EE018A03F096FB1F
:10895000D9E90001D4E90023821A4EF60D5061EBEB
:108960000303C0F2002003F089FBDAE90001D8E933
:108970000023821A4EF60A0061EB0303C0F20020C6
:1089800003F07CFBB7EEC80A4FF25410C0F200208F
:1089900053EC102B03F072FB00207860BFF34F8F75
:1089A000396843F6E073C1F34E30CA08C1F3C90118
:1089B0004E1C9107420100BF02EA030546F001E0A8
:1089C0000D4400BF00BF00BFC7F8E05105F14045AE
:1089D0000FF007C00028A0F10100A2F12002EBD1A6
:1089E000BFF34F8FBFF36F8F00F046F900F010FA1E
:1089F000C8E9000100F040F9C4E900014FF4804EDD
:108A000040F2400040F20001C2F20020C6F6000130
:108A100051F8042B40F8042B0FF007C000F02CF99C
:108A2000C9E9000100F028F900F0F2F9CAE90001F3
:108A3000D8E90001DAE9002359405040084306D143
:108A40004FF25640C0F2002000F052FF41E0DAE958
:108A50000001D8E90023801A994102F0AFFF00EE2F
:108A6000100A9FED6F1A81EE000A9FED6E1A4FF209
:108A7000F71020EE010A9FED6C1AC0F2002020EEE4
:108A8000010A20EE018A03F0F9FAD9E90001D4E9DC
:108A90000023821A4EF60D5061EB0303C0F2002052
:108AA00003F0ECFADAE90001D8E90023821A4EF665
:108AB0000A0061EB0303C0F2002003F0DFFAB7EE17
:108AC000C80A4FF25410C0F2002053EC102B03F0F0
:108AD000D5FA00207860BFF34F8F396843F6E07312
:108AE000C1F34E30CA08C1F3C9014E1C91074201BF
:108AF00002EA030546F001E00D4400BF00BF00BFDD
:108B0000C7F8E05105F140450FF007C00028A0F17B
:108B10000100A2F12002EBD1BFF34F8FBFF36F8FA3
:108B200000F0AAF800F074F9C8E9000100F0A4F818
:108B3000C4E900014FF4005E40F2400040F2000141
:108B4000C2F20020C6F60001F1E80223E0E80223A9
:108B50000FF007C000F090F8C9E9000100F08CF8B0
:108B600000F056F9CAE90001D8E90001DAE900236A
:108B70005940504008430BD14FF25640C0F20020FC
:108B80000AB0BDEC028B01B0BDE8F04F00F0B0BE02
:108B9000DAE90001D8E90023801A994102F00EFFBA
:108BA00000EE100A9FED1E1A81EE000A9FED1D1ABD
:108BB0004FF65C0020EE010A9FED1B1AC0F2002068
:108BC00020EE010A20EE018A03F058FAD9E90001EB
:108BD000D4E90023821A4EF60D5061EB0303C0F274
:108BE000002003F04BFADAE90001D8E90023821AE9
:108BF0004EF60A0061EB0303C0F2002003F03EFAD8
:108C0000B7EEC80A4FF25410C0F2002053EC102BFC
:108C10000AB0BDEC028B01B0BDE8F04F03F02EBAF4
:108C200000008047002474490000803AD4D4D4D492
:108C300040F270500121C2F2022001707047D4D47A
:108C400080B500F02DFA40F2785CEFF3118EC2F29D
:108C5000022C002383F31288DCE90032C018514152
:108C6000013041F10001CCE900018EF3118880BD93
:108C70007047D4D4D4D4D4D42DE9F0410020EFF3FC
:108C8000118880F3128800F00FFA40F278570446FA
:108C9000C2F202270D463A7E012A0ED100F04CF9AD
:108CA00058B300F001FA04460D4600F0F9F9001936
:108CB0006941441C41F100051FE0EFF3108672B6D4
:108CC00000F03AF9B8B100F03FF900F0E9F90022FC
:108CD000EFF3118382F31288D7E9002580186941E8
:108CE000013041F10001C7E9000183F3118800F070
:108CF000DBF904460D4686F31088D7E90001001918
:108D0000D7E902236941821A71EB030205DAD7E938
:108D1000020188F31188BDE8F081C7E9020188F3F8
:108D20001188BDE8F081D4D42DE9F04381B040F240
:108D30007857EFF31185C2F202274FF0000989F34B
:108D40001288387600F008F9804600F0FDF885F3C7
:108D5000118800F0A5F900F09BF944F2402100EEE3
:108D6000100AC0F20F01B8EE400A9FED241A40F23B
:108D7000745688425FEA2F91797680EE012A797ED7
:108D800081EE000A9FED1E1AC2F20226002944F667
:108D9000D351C1F2620102FE000AA0FB0101B6EE4E
:108DA000002AA0EE012A8809BDEEC20A87ED040A56
:108DB0007861EFF3118489F31288C6F80090FFF709
:108DC0005BFFBFF34F8FBFF36F8F00BFBFF34F8FBA
:108DD000BFF36F8F0546FFF74FFF31682944401AF4
:108DE000306084F31188C7E90099C7E90299FFF759
:108DF0003FFF404601B0BDE8F08300BF0024744946
:108E000000008047D4D4D4D40120FFF78DBFD4D440
:108E100080B540F27852C2F20222537E012B0CD16F
:108E2000126986464FEAE27CA0FB02030EFB0C337C
:108E300001FB023150EA2F4180BD50EA0F41126917
:108E4000D31702F037FE80BD00F002B8D4D4D4D4DA
:108E500010B54EF63050CEF200000068800631D5D5
:108E600043F68044CEF20004206CB0F1FF3F04DCF6
:108E70004FF000402060FFF7E3FED4F88001C0B25D
:108E800002281FD3216889070AD50221216040F2F8
:108E90009851C2F20221D1E900230133C1E9002334
:108EA00004280FD3216809070AD50821216040F260
:108EB0009851C2F20221D1E902230133C1E9022310
:108EC000062800D210BD216889060AD5202121601C
:108ED00040F29851C2F20221D1E904230133C1E9E1
:108EE0000423062808BF10BD08284FF0010C5CEAD7
:108EF0003C9E40F29851C2F202210622F6461831F9
:108F000008E000BF00BF00BF01320831BEF1010E12
:108F100000D1D7E70CFA02F3206C1842F4D023609A
:108F2000D1E9000310F5803043F10003C1E90003EB
:108F3000EAE7D4D4D4D4D4D443F6C040CEF200006F
:108F40000068C00F7047D4D443F680404FF0004112
:108F5000CEF200000160704743F60041CEF20001FE
:108F6000D1F80002420440F18E80F0B543F604636C
:108F7000EFF3108CCEF2000372B64FF000461A6881
:108F800022F001021A600E620E661A6842F00402B4
:108F90001A60C1F880601A6842F002021A60D1F8C3
:108FA0000022D2B2022A54D34FF600054FF6040431
:108FB000CFF6FF75CFF6FF744FF0080E042A41F884
:108FC00005E04FF01E050D514FF00304C1F880403D
:108FD0004FF002070F640C603BD34FF608041327D1
:108FE000CFF6FF74062A0F514FF60C04CFF6FF742C
:108FF0000D514FF00C04C1F88040C1F840E00C6006
:1090000027D34FF610070325CFF6FF77062ACD5159
:109010004FF61407CFF6FF774FF01E05CD514FF0F6
:109020003007C1F880704FF020050D640F6010D03C
:10903000082A4FF0010252EA329E062400BF00BF08
:1090400002FA04F50134C1F880500D640D600FF090
:1090500009C84EF6FC52CEF20002176847F080773E
:1090600047F4441717600E640E601968002241F03F
:109070000101196041F20001CEF200010A608CF397
:109080001088BDE8F040C0F380307047D4D4D4D409
:1090900040F6D030C2F2022000687047D4D4D4D455
:1090A0004FF0FF300021704743F27C000021CEF2E8
:1090B000000000687047D4D410B540F2C054A82115
:1090C000C2F20224204602F080FE0320206160618B
:1090D0004FF2842040F26961C0F20020A061C2F228
:1090E0000221E1614FF4806121620021A16261628D
:1090F000E16240F6692220664FF0100E4FF6AD2077
:10910000C2F202226266C4F868E02167E166616724
:10911000BFF35F8FC0F200200F3000BF00BF00BF61
:1091200010F8011904F8011B0FF007C0BFF35F8F9F
:1091300010BDD4D4D4D4D4D42DE9F04F85B040F2AE
:10914000C0598B46C2F20229044699F80020532ADE
:1091500042D0A821484602F038FE0320C9F810008A
:10916000C9F814004FF2842040F26961C0F2002077
:10917000C9F81800C2F20221C9F81C104FF480612E
:10918000C9F820100021C9F82810C9F82410C9F81E
:109190002C1040F66922C9F860004FF0100E4FF60F
:1091A000AD20C2F20222C9F86420C9F868E0C9F80B
:1091B0007010C9F86C10C9F87410BFF35F8FC0F25B
:1091C00000200F30494600BF10F8012901F8012B9B
:1091D0000FF007C0BFF35F8F0F2C13D8584602F073
:1091E000BCFEEFF311834FF0200181F31188D9F811
:1091F0002470D9F828108246B9426FEA070004D9D2
:109200000A1806E04FF0FF381AE2D9F82020084487
:109210000244D9F82C0000F003004FF0FF38DFE8DB
:1092200010F004000C004A000D020AF10400824212
:1092300080F05D814FF0000800E2042AC0F0FE815A
:109240004FF69D219046C0F2002103AE0225019306
:10925000095DFF208DF80C008DF80D1022E000BF95
:10926000D9F8201010440844C91B884250EA3180C4
:109270003146A84250EA3584D9F81C0038442246C9
:1092800002F0A8FDE019D9F82010411AA5EB040559
:1092900050EA11872644002DBFF35F8FC9F8247070
:1092A00000F0B180D9F82800FA43B842D8D9104468
:1092B000D9F82010D8E74FF69D2104AEC0F2002166
:1092C00002250193FF20095D8DF810008DF8111023
:1092D00022E000BF00BF00BFD9F8201010440844AE
:1092E000C91B884250EA31803146A84250EA358491
:1092F000D9F81C003844224602F06CFDE019D9F878
:109300002010411AA5EB040550EA11872644BFF34B
:109310005F8FC9F8247045B1D9F82800FA43B842E4
:10932000DAD91044D9F82010DAE74FF0000822E02B
:10933000D9F8201010440844C91B884250EA3180F3
:109340005946504550EA3A84D9F81C003844224620
:1093500002F040FDE019D9F82010411AAAEB040AE6
:1093600050EA1187A044A344BAF1000FBFF35F8F06
:10937000C9F8247008D0D9F82800FA43B842D7D9E0
:109380001044D9F82010D7E740F268604FF69D22CC
:10939000C2F20220C0F200220DF11205022600786E
:1093A000FF218DF81210105C8DF8130022E000BF31
:1093B000D9F8201010440844C91B884250EA318073
:1093C0002946B04250EA3684D9F81C003844224677
:1093D00002F000FDE019D9F82010411AA6EB0406AE
:1093E00050EA11872544002EBFF35F8FC9F824701F
:1093F00000F02381D9F82800FA43B842D8D91044A4
:10940000D9F82010D8E7A8F104004FF000088245F1
:109410005AEA308521E000BFD9F8201010440844F2
:10942000C91B884250EA31805946A84250EA358427
:10943000D9F81C003844224602F0CCFCE019D9F8D7
:109440002010411AA5EB040550EA1187A044A3445B
:10945000BFF35F8FC9F8247045B1D9F82800FA43EB
:10946000B842D9D91044D9F82010D9E740F2686041
:109470004FF69D22C2F20220C0F200220DF10E052D
:1094800002260078FF218DF80E10105C8DF80F0079
:1094900024E000BF00BF00BFD9F8201010440844EA
:1094A000C91B884250EA31802946B04250EA3684CE
:1094B000D9F81C003844224602F08CFCE019D9F897
:1094C0002010411AA6EB040650EA11872544002E0D
:1094D000BFF35F8FC9F8247000F0AF80D9F828007F
:1094E000FA43B842D8D91044D9F82010D8E74FF63B
:1094F0009D2102AEC0F2002102250193FF20095DEB
:109500008DF808008DF8091022E000BF00BF00BFF1
:10951000D9F8201010440844C91B884250EA318011
:109520003146A84250EA3584D9F81C003844224616
:1095300002F050FCE019D9F82010411AA5EB0405FF
:1095400050EA11872644BFF35F8FC9F8247045B1F4
:10955000D9F82800FA43B842DAD91044D9F82010D3
:10956000DAE74FF0000822E0D9F820101044084450
:10957000C91B884250EA31805946504550EA3A8426
:10958000D9F81C003844224602F024FCE019D9F82E
:109590002010411AAAEB040A50EA1187A044A34400
:1095A000BAF1000FBFF35F8FC9F8247008D0D9F863
:1095B0002800FA43B842D7D91044D9F82010D7E789
:1095C00040F268604FF69D22C2F20220C0F20022F3
:1095D0000DF10A0502260078FF218DF80A10105CB3
:1095E0008DF80B0020E000BFD9F82010104408448B
:1095F000C91B884250EA31802946B04250EA36847D
:10960000D9F81C003844224602F0E4FBE019D9F8EE
:109610002010411AA6EB040650EA11872544BFF337
:109620005F8FC9F8247046B1D9F82800FA43B842D0
:10963000DAD91044D9F82010DAE7019B83F31188B6
:10964000404605B0BDE8F08F70B54FF64B1072B6CE
:109650004EF62856C0F20020CEF20006F6F710FDB6
:109660004EF6ED40C0F20020F6F70AFD70680028C3
:1096700007D47068400010D54EF6B970C0F20020D3
:1096800003E04EF69D70C0F20020F6F7F9FC4EF6AE
:10969000ED40C0F20020F6F7F3FC4EF6E670EFF373
:1096A0000884C0F20020F6F7EBFC4EF6ED45C0F260
:1096B00000252846F6F7E4FC4EF6BD402168C0F2CE
:1096C0000020F6F7E1FC4FF229306168C0F200207B
:1096D000F6F7DAFC4EF23440A168C0F20020F6F74B
:1096E000D3FC4EF60B10E168C0F20020F6F7CCFC7C
:1096F0004EF6C9402169C0F20020F6F7C5FC4EF6CF
:10970000D5406169C0F20020F6F7BEFC4EF6E1409C
:10971000A169C0F20020F6F7B7FC4EF65E00E169E1
:10972000C0F20020F6F7B0FC4EF61710C0F2002091
:10973000F6F7A6FC2846F6F7A3FC4EF60D40316876
:10974000C0F20020F6F7A0FC4FF21B5056F8241C84
:10975000C0F20020F6F798FC4EF25E707168C0F21D
:109760000020F6F791FC4EF66A00C0F20020F6F7F2
:1097700087FC2846F6F784FC4FF20700EFF30581DB
:10978000C0F20020F6F780FC306880010BD54FF264
:109790001400C0F20020F6F773FC4EF6ED40C0F264
:1097A0000020F6F76DFC3068C0010BD54FF2B61003
:1097B000C0F20020F6F764FC4EF6ED40C0F2002047
:1097C000F6F75EFC3068C0022AD54FF2E550C0F2D1
:1097D0000020F6F755FC4EF6ED40C0F20020F6F7FB
:1097E0004FFC4FF2D5302146C0F20020F6F74CFC7A
:1097F0004FF2BF70EFF30A81C0F20020F6F744FC8D
:109800004EF27650EFF30981C0F20020F6F73CFCEF
:109810004EF61F40EFF30B81C0F20020F6F734FC48
:10982000306800030BD54FF21E10C0F20020F6F78F
:1098300027FC4EF6ED40C0F20020F6F721FC306820
:1098400040030BD54FF67A10C0F20020F6F718FC53
:109850004EF6ED40C0F20020F6F712FC30688003AF
:109860000BD54FF23200C0F20020F6F709FC4EF69D
:10987000ED40C0F20020F6F703FC3068C0030BD5C2
:109880004FF28D20C0F20020F6F7FAFB4EF6ED40C5
:10989000C0F20020F6F7F4FB3068800515D54FF2D2
:1098A000E430C0F20020F6F7EBFB4EF6ED40C0F2DC
:1098B0000020F6F7E5FB3068000406D54FF20A40B9
:1098C0003169C0F20020F6F7DFFB3068C0050BD528
:1098D0004EF29760C0F20020F6F7D2FB4EF6ED4054
:1098E000C0F20020F6F7CCFB00BE70BDD4D4D4D4B7
:1098F00080B54FF630310022C0F200214FF00D0C40
:10990000D1F800E000BF00BF815CDEF824300A29F6
:1099100002D049B911E000BF83F804C0DEF824305A
:10992000996C8900FCD5815C1971DEF8241000BFA8
:109930008B6C9B00FCD50132E6E70D201871DEF838
:10994000240000BF00BF00BF816C8900FCD50A2144
:109950000171DEF8240000BF816C8900FCD5002075
:1099600080BDD4D4D4D4D4D480B540F68420802112
:10997000C2F2022002F029FA40F67C2C4FF6303079
:1099800040F68022C2F2022CC0F20020C2F2022273
:109990000023CCF80030D0E900011360BDE880401E
:1099A00000F0DEB8D4D4D4D40179042923D180B511
:1099B00040F6802E40F67C2CC2F2022EC2F2022C1F
:1099C0008068DEF80010DCF800304A1C803A52EA69
:1099D0000192CEF800209A4240F68423C2F202237C
:1099E0005854BDE8804018BF7047501C803850EA7A
:1099F0000290CCF8000070474FF63031C0F20021E1
:109A000009684A6A1071486A816C8900FCD5002097
:109A10007047D4D4D4D4D4D42DE9F04182B040F6E8
:109A2000802040F67C27C2F20220C2F2022700BF4B
:109A300001683D688D4201D100BFF9E7A94209D90B
:109A400040F684220139C2F202220160525D8DF893
:109A5000072025E0481BC5F18004803040F68420B3
:109A6000C2F202200DF1070800EB05014046224634
:109A70005FEA0F9602F0AEF9A64205D2A819B0F13E
:109A8000800150EA11800AE0361B40F6842108EB81
:109A90000400C2F20221324602F09CF970193860CB
:109AA0009DF8070002B0BDE8F081D4D4D4D4D4D45A
:109AB0000020FFF739F9FFF7FFFAFFF755FFF6F738
:109AC00007FB4EF6D660C0F20020FFF711FF4FF201
:109AD0002240C0F20020FFF70BFF4FF0D0404FF0C4
:109AE0008071F6F715FB4FF6C420C0F20020046821
:109AF0004FF485710122204600F09AFD4FF4FA7070
:109B00004FF47A7101F0E0FB4FF48571002220469A
:109B100000F08EFD4FF4FA704FF47A7101F0D4FB2F
:109B2000E6E7D4D4D4D4D4D4022818BF704780B583
:109B300040F604304FF62461C2F20220C0F2002148
:109B400000F0AEFC0120BDE8804001F099BCD4D407
:109B500080B5FFF7ADFF002080BDD4D4D4D4D4D4D9
:109B60002DE9F0470D46097848F200020446C4F298
:109B7000350202EB01206062002020702562A2788D
:109B80006969A162A969C4E90B0122F00300D5F853
:109B90001C80411CA170697811B940F00200A070CE
:109BA00095F90B204EF20019CEF20009012650095A
:109BB00002F01F034CF2003AA97A09EB800006FA82
:109BC00003F3C4F2000A4EF6185CC0F88030CEF2FF
:109BD000000CBFF34F8FBFF36F8F5AF82230002A6B
:109BE00023F480334AF822304FEA01115AF8223028
:109BF00004D409EB020383F8001304E002F00F031E
:109C0000634403F8041C40F6B0310120C2F2022183
:109C100041F8224095F90520530902F01F06B04093
:109C20002E7909EB8303002AC3F880004FEA06135C
:109C3000BFF34F8FBFF36F8F5AF8220020F48030AC
:109C40004AF822005AF8220004D409EB020080F8F6
:109C5000003304E002F00F00604400F8043C41F8D7
:109C60002240012695F90720500902F01F0306FA49
:109C700003F3AE7909EB8000002AC0F880304FEA88
:109C80000613BFF34F8FBFF36F8F5AF8220020F4F3
:109C900080304AF822005AF8220004D409EB02006E
:109CA00080F8003304E002F00F00604400F8043C48
:109CB00041F82240012695F90920500902F01F03BE
:109CC00006FA03F32E7A09EB8000002AC0F88030F0
:109CD0004FEA0613BFF34F8FBFF36F8F5AF822007E
:109CE00020F480304AF822005AF8220004D409EB0C
:109CF000020080F8003304E002F00F00604400F836
:109D0000043C41F822400120EFF3108680F31088D4
:109D100028784FF0004121FA00F043F20401C4F228
:109D200020010A6822EA0000086008681E2001215C
:109D300001F0CAFA86F310884FF48061606A4FF42C
:109D400080428160E869E9786E78437802EA81317F
:109D5000077866F30921DA03437B92B207F0030721
:109D600003F00103114441EA4352636A42EA076285
:109D7000416802F580525A61027802F0FE03022B1C
:109D800007D14FF60471022ACFF6007108BF2031C7
:109D900000E00968626A11610C22017BAB78877868
:109DA00062F39F014FF44072022B08BF4FF48072A0
:109DB000002B07F00103676A18BF114341EA0371E2
:109DC000F960626A002191612A78092A04D8626ADE
:109DD0000023C1F61F735362B0F80F20807B636AC3
:109DE00040EA022041F60172C0F21F0210401863DF
:109DF000206AC4E90411C4E90611C569A160687C40
:109E000050B34EF25400C4F20100017801F00F018A
:109E1000022901D801220BE0CA1E052A06D24FF6FC
:109E20006861C0F2002151F8226003E00839102275
:109E300002FA01F6407800F00F0001F0F5F940F663
:109E4000D032697CC2F20222B0FBF6F012685143B4
:109E5000B1FBF0F00130A060606AB8F80A1010227F
:109E6000A181C9F607528266206A90F905104A0955
:109E700001F01F035AF8210020F480304AF8210035
:109E80005AF8210009F5C0700121BFF35F8F01FA74
:109E900003F340F8223049F82230226A92F90B206D
:109EA0005AF8223023F480334AF822305AF822300C
:109EB000530902F01F02BFF35F8F01FA02F240F86C
:109EC000232049F82320226A92F907205AF82230E9
:109ED00023F480334AF822305AF82230530902F032
:109EE0001F02BFF35F8F01FA02F240F8232049F806
:109EF0002320226A92F909205AF8223023F4803371
:109F00004AF822305AF82230530902F01F02BFF3F8
:109F10005F8F914040F8231049F8231040F211411F
:109F2000606AC0F201018160606A00BF00BF00BFCB
:109F3000017FC907FCD044F642110020C5F243312D
:109F40006160BDE8F087D4D403460020C3E906125F
:109F50007047D4D4D4D4D4D4D0F824C0DCF808309A
:109F600023F44013CCF80830D0F824C000BF00BF61
:109F7000DCF848305B00FBD5DCF8083023F0100338
:109F8000CCF80830D0F824C09CF81C30DB06FBD499
:109F9000C0E904120020DCF8081041F01011CCF8E0
:109FA00008107047D4D4D4D42DE9F0410446406A57
:109FB0004FF6EE7288468668CFF6CE7232408260E7
:109FC000206A00222261C769A260787C50B34EF2F9
:109FD0005400C4F20100017801F00F01022901D8F8
:109FE00001220BE0CA1E052A06D24FF66861C0F2B4
:109FF000002151F8225003E00839102202FA01F53D
:10A00000407800F00F0001F00FF940F6D032797C73
:10A01000C2F20222B0FBF5F012685143B1FBF0F03E
:10A020000130A060606AD8F8001026F44012016187
:10A030000020616A8A60BDE8F081D4D4D4D4D4D43D
:10A0400000204FF0FF32C1E900227047D4D4D4D4AD
:10A050008A0703D40622C90715D116E0426A93681D
:10A0600023F440139360426A936C5B00FCD59368C1
:10A0700023F010039360426A137FDB06FCD40022B6
:10A080004261C90701D00022C26110467047D4D492
:10A09000844681620020CCE90B327047D4D4D4D4FA
:10A0A00044F642124168C5F2433291426DD1B0B5D7
:10A0B000416A8A6822F440128A60416A8A6822F002
:10A0C00010028A60416A00BF0A7FD206FCD4016A8E
:10A0D0004EF2801CCEF2000C054691F907104A0999
:10A0E00001F01F03012101FA03F34CF82230BFF302
:10A0F0004F8FBFF36F8F026A92F90920530902F064
:10A100001F0201FA02F24CF82320BFF34F8FBFF376
:10A110006F8F426A936823F480339360026A92F9E6
:10A120000520530902F01F0201FA02F24CF8232025
:10A13000BFF34F8FBFF36F8F026A92F90B20530961
:10A1400002F01F0201FA02F24CF8232043F204024B
:10A15000BFF34F8FBFF36F8FEFF3108481F310883D
:10A16000016AC4F220024FF0004C1E2009781368E7
:10A170002CFA01F1194311601168012101F0A4F8D2
:10A1800084F3108800206860B0BD07207047D4D4E5
:10A190000246C069086000200021D1617047D4D414
:10A1A00006207047D4D4D4D406207047D4D4D4D455
:10A1B000B0B584B04FF07041EFF3038001EB006065
:10A1C0004CF200318015C4F20001425822F4803272
:10A1D000425040F6B0324158C2F202221458206A6E
:10A1E00000690028606902D0E0B104B0B0BDC8B118
:10A1F000A07800F003000228206905D10088616A78
:10A2000020F4DC40486002E0616A00780871A078C0
:10A21000226900F003016069401A60611144216104
:10A220000028E2D1616A02228D68A06862F31555A8
:10A2300010B101F089F8616A8D60A06A00284FF0C2
:10A2400000002061D1D0E06A20B190E82E008DE8B6
:10A250002E0000E06846216A0978016000218160D3
:10A2600080210171216BC160A16A8847E06A0028E2
:10A270001CBF9DE82E002EC004B0B0BDD4D4D4D4F1
:10A2800010B586B04FF07041EFF3038001EB006032
:10A290004CF200318015C4F20001425822F48032A1
:10A2A000425040F6B0324158C2F202221458A0780F
:10A2B00000F00302606A022A03D101686FF35F2194
:10A2C00000E00178E0690191D0B1A06901A901F035
:10A2D00081FDA078D4E9061200F003000144101AB1
:10A2E000C4E9061034D1A06A90B3E06AE0B1D0E9C5
:10A2F00000C2D0E90231CDE90431CDE902C214E057
:10A30000A06A28B3E06A40B1D0E900CED0E90223C8
:10A31000CDE90423CDE902CE00E002A8226A12783A
:10A3200081600260042106E002A8216A09780160C8
:10A330000021816001210171216BC160A16A884700
:10A34000E06A28B102AC1ECC016042608360C46048
:10A3500006B010BDD4D4D4D4B0B584B04FF07041A1
:10A36000EFF3038001EB006040F6B0328115C2F2DA
:10A3700002224FF6EF7304165558CFF6CF73696A71
:10A380008A681A408A60A96AE1B1E86A40B1D0E9F6
:10A3900000C2D0E90231CDE90231CDE900C200E0CE
:10A3A0006846296A097801600021816002210171F3
:10A3B000296BC160A96A8847E86A00281CBF9DE82C
:10A3C0002E002EC04CF20030C4F2000050F82410D1
:10A3D00021F4803140F8241050F8240004B0B0BDBE
:10A3E00070B584B04FF07041EFF3038001EB006073
:10A3F00040F6B0328115C2F202225458A178636A45
:10A4000001F00301022904D1D3F800C06FF35F2CDF
:10A4100001E093F800C09A6C2025082105EAD24596
:10A420004FF0100E01EA12611EEA126229440A443A
:10A4300003D0996C090458BF4032996E051641F05B
:10A44000C8519966A16AD9B1E06A40B1D0E900E388
:10A45000D0E90216CDE90216CDE900E300E0684636
:10A46000216A0978C0F808C001600271216BC160DF
:10A47000A16A8847E06A00281CBF9DE84E004EC0D4
:10A480004CF20030C4F2000050F8251021F4803165
:10A4900040F8251050F8250004B070BDD4D4D4D4B1
:10A4A00080B545F25422C5F24F020260084600F022
:10A4B00037F9002080BDD4D40146002000220A6074
:10A4C0007047D4D4D4D4D4D480B5084600F028F949
:10A4D000002080BDD4D4D4D470B586B001A8049037
:10A4E00003A814460D46ADF8081001920126ADF8F8
:10A4F0000C6000F07DF940F6AC30EFF31081C2F251
:10A50000022086F3108802683AB940F614520023FC
:10A51000C4F24002137040231370026801320260DB
:10A5200081F31088E10340F600014FEA1522C4F2DE
:10A53000400101D4EBB20CE001EB8216EBB256F80D
:10A54000235025F4803546F8235024F4803546F80E
:10A55000235001EB8211012241F82340EFF31081D7
:10A5600082F31088026812B10268013A0260006842
:10A5700038B940F614500022C4F240000270802224
:10A58000027081F31088002006B070BDD4D4D4D4FA
:10A5900004200023C4F24000CFF6FF7340EAD1004C
:10A5A000C9B220F01B00006843EA104020FA01F114
:10A5B000002001F0010111707047D4D4D4D4D4D458
:10A5C00010B56FF00100CBB200EAD11001210C24CC
:10A5D00001FA03FE0101C4F2400444EA001C4FF4F6
:10A5E0008030012A625800FA03F004D122EA000008
:10A5F00040EA0E0203E022EA0E0141EA00020020D6
:10A60000CCF8002010BDD4D46FF03F00CBB200EAEC
:10A61000910040F6000100EB8300C4F24001415874
:10A620000020C1F3400111707047D4D4D4D4D4D4E5
:10A6300010B5CBB2012098406FF0010E84B20EEA43
:10A64000D110002A40F208024FF4803C4FEA00117A
:10A65000C4F240024FF0000008BF0CFA03F454505B
:10A6600010BDD4D4D4D4D4D480B56FF0010040F25E
:10A67000000C00EAD110C4F2400C010103EA020E02
:10A6800062EA03025CF801004EEA000E002002EAD2
:10A690000E024CF8012080BD6FF0010000EAD110DD
:10A6A00004210001C4F2400109580020090C118066
:10A6B0007047D4D4D4D4D4D46FF0010003EA020C90
:10A6C00000EAD11023EA02010C230201C4F2400384
:10A6D00000204CEA014199507047D4D4D4D4D4D44A
:10A6E0006FF00100042300EAD110C4F2400301011D
:10A6F00000205958118070476FF0010003EA020CE6
:10A7000000EAD11023EA020108230201C4F2400347
:10A7100000204CEA014199507047D4D4D4D4D4D409
:10A7200070B5044600F064F840F6AC3CEFF31081DD
:10A73000C2F2022C012080F31088DCF8000038B946
:10A7400040F614500022C4F2400002704022027011
:10A75000DCF800000130CCF8000081F3108820887C
:10A7600030B340F6000E0021C4F2400E08E000BFF6
:10A770000EEB8010013140F822302088814217D240
:10A78000606800EBC10250F831309288D8034FEA7C
:10A790001220D2B2ECD50EEB801555F8226026F4CB
:10A7A000803645F8226023F4803645F82260DFE7E2
:10A7B0000120EFF3108180F31088DCF8000020B155
:10A7C000DCF800000138CCF80000DCF8000010B123
:10A7D00081F3108870BD40F614500022C4F240008E
:10A7E00002708022027081F3108870BDD4D4D4D45A
:10A7F0002DE9F04F81B004460088002867D04EF65E
:10A800004C4B0025C4F2010B4FF0010A04E000BFDD
:10A810002088013585425AD24FF6B06642F2400890
:10A820000027C0F20026C4F220080CE000BF00BFE1
:10A8300088F80000C820012100F046FD013708F12A
:10A840000208032FE4D0606836F8021B00EBC50055
:10A8500082888A42F2D100689BF8001000F0B8505C
:10A860000AFA07F9B0F1807F09EA010018D158B956
:10A87000012000F0DDFD9BF8000040EA09008BF8A4
:10A880000000012000F0A8FD98F900000028D5D4B0
:10A8900098F8000040F08000CAE700BF00BF00BF8A
:10A8A00058B1012000F0C4FD9BF8000020EA090027
:10A8B0008BF80000012000F08FFD98F90000B0F146
:10A8C000FF3FBBDC98F8000000F07F00B0E701B06C
:10A8D000BDE8F08FD4D4D4D42DE9F04381B00D4637
:10A8E00049684560044608784AF20006C4F200064A
:10A8F0004FF000084FF0010906EB8010A060C86817
:10A90000E0604869606143F20000C4F81080C4F25E
:10A910002000EFF3108789F31088016821F480018B
:10A92000016000681E20012100F0CEFC87F3108832
:10A9300086F8009886F810882046296800F0CCF840
:10A9400044F243110020C4F24D41216001B0BDE842
:10A95000F083D4D4D4D4D4D410B5044600F0BCF8D9
:10A96000A168002001220A7710BDD4D4D4D4D4D455
:10A9700080B582B00191009241684CF2802CC4F203
:10A98000000C4FF0000E49680A784CF822E082680B
:10A9900082F81CE00A7849894CF82210816881F815
:10A9A0001DE0019911B1019982681160009911B1FE
:10A9B00000998268516081680A8AB2F5804F4FF031
:10A9C0000C0238BF08228B500122816800200A77D0
:10A9D00002B080BDD4D4D4D48168002001220A778B
:10A9E0007047D4D4D4D4D4D441684CF2802CC4F26F
:10A9F000000C002349680A784CF8223082681377EB
:10AA00000A7849894CF82210816800204B777047FA
:10AA1000826809010020013151777047D4D4D4D421
:10AA20008168002000224A777047D4D4D4D4D4D48B
:10AA30004FF480628A604FF480320A608268138A21
:10AA4000D2684A6000228068B2EB933F806880B28F
:10AA5000C86002D14FF6FF70886000207047D4D4E0
:10AA6000014640684CF2802C00224068C4F2000C81
:10AA700003784CF823208B681A77C368EBB1B0B524
:10AA800090F901304EF28015CEF200054FF0010E24
:10AA900003F01F0C5B090EFA0CF445F8234040F656
:10AAA000B033BFF34F8FBFF36F8F90F90100C2F245
:10AAB000022343F82020BDE8B04000200A60704720
:10AAC00006207047D4D4D4D403460020D9605A61FC
:10AAD0007047D4D4D4D4D4D42DE9F04F81B0426897
:10AAE0004CF28029C4F20009002752684CF2C004DD
:10AAF000137849F8237083681F771378568949F8CB
:10AB000023604FF0FF3683685F774FF440730D6822
:10AB10004FF4404703EA1553B1F80EC007EA154752
:10AB200006EB95763B44022E0DD84CEA0C47B1F863
:10AB30000CE0022E27F0FC2C09D04FF4805606EAD8
:10AB40001526334303E043F400534FF0000EC6686C
:10AB5000578904EA153B0097D6B14FF01C08AF0F98
:10AB6000AC024EF2001A58BF4FF0100892F9015093
:10AB7000022F9778CEF2000A88BF4FF01008002D00
:10AB80004FEA07170CD40AEB050686F8007311E0AC
:10AB90004FF00008B5F1404F2ED2002500274EE0BF
:10ABA00074464EF6145E05F00F06CEF2000E06F85F
:10ABB0000E70A64640F6B03709EB8506C2F20227B2
:10ABC000012447F82500D6F8807027F48037C6F8AE
:10ABD0008070D6F880706F0905F01F05BFF35F8F96
:10ABE0000AEB870604FA05F5C6F880514AF82750A3
:10ABF0000D68B5F1404FD0D3B1F80C9005F0406628
:10AC0000CF89B6F1806F03D14BF4005BCA4601E0F7
:10AC1000B2F808A005F44026B6F5802F08BF01273A
:10AC20004E68856807FB09F72E624AEA0A458E6876
:10AC30008468C7EA074708BF4BF0200B6662866846
:10AC4000B5628668F7628768A7F814B08768009CC9
:10AC5000002C18BF43F001033B824B6887683B60C0
:10AC60008968836859608168C1F808C08168C1F843
:10AC70000CE0816852688A61806880F8138001B0B6
:10AC8000BDE8F08FD4D4D4D410B582B04FF0704169
:10AC9000EFF3038001EB00604CF200318015C4F249
:10ACA0000001425822F48032425040F6B0324158FE
:10ACB000C2F202221458E1686069019001A8884735
:10ACC000A068C16800291CBF0121017702B010BD36
:10ACD0004EF22401C4F201018878098801F00F02C4
:10ACE000A2F1080103293BD8DFE801F0022C101E75
:10ACF00040F24041C2F2022151F820004AF6AB2155
:10AD0000CAF6AA21A0FB0101480830E040F2404108
:10AD1000C2F2022151F820004AF6AB21CAF6AA215C
:10AD2000A0FB0101C80822E040F24041C2F202212A
:10AD300051F820004AF6AB21CAF6AA21A0FB010176
:10AD4000080914E040F24041C2F2022151F820000B
:10AD50004AF6AB21CAF6AA21A0FB0101880806E049
:10AD600040F24041C2F2022151F82000D04040F6AA
:10AD7000D031C2F2022108607047D4D4D4D4D4D4E4
:10AD80002DE9F0470FF278404EF2FA3840F2404693
:10AD9000C4F201084AF2015190ED001FC2F20226EE
:10ADA0000FF26C40CFF6FF714EF255050231A8F854
:10ADB000001086ED001F06F12003C4F2010590ED9E
:10ADC000001F44F2553040F2AA21C1F2DE3043F6B2
:10ADD000000286ED041FC0F6E571C1F69C4207C370
:10ADE00015F82F0C35F8311C01F00F02A2F1080103
:10ADF00003292BD8DFE801F002200C164AF6AB211C
:10AE000056F82000CAF6AA21A0FB0101480820E05C
:10AE10004AF6AB2156F82000CAF6AA21A0FB010190
:10AE2000C80816E04AF6AB2156F82000CAF6AA2157
:10AE3000A0FB010108090CE04AF6AB2156F82000FE
:10AE4000CAF6AA21A0FB0101880802E056F82000FA
:10AE5000D04040F6D03A4EF60044C2F2022AC4F284
:10AE600001040A214EF60147CAF800004FF650606F
:10AE7000CFF6FF70C4F201072154092085F84D0078
:10AE8000207818B93878800700F0B081207850B960
:10AE900001202070C820012100F016FA00BF00BF79
:10AEA00020780128FCD10020387020704AF2015926
:10AEB000002005F8230C00BF15F8190C0007FBD57E
:10AEC00042F602314EF61450C0F20101C5F873107B
:10AED00040F2834125F8071C002205F80B2C4FF6A1
:10AEE0000211C5F8571040F2415125F8091CCEF265
:10AEF00000004EF20001BFF34F8FBFF36F8F036866
:10AF0000CEF2010123F400330360C0F83C22BFF30A
:10AF10004F8FBFF36F8F0A6822F440520A60BFF36D
:10AF20004F8FBFF36F8F15F8412C02F0F8020132FA
:10AF300005F8412C00BF00BF15F8412CD206FBD408
:10AF40000A6842F440520A60BFF34F8FBFF36F8F1D
:10AF50000168890312D4BFF34F8FBFF36F8F0021B5
:10AF6000C0F83C12BFF34F8FBFF36F8F016841F4FD
:10AF700000310160BFF34F8FBFF36F8F002005F8E2
:10AF80002B0C00BF00BF00BF15F8190C8006FBD5C5
:10AF90004CF200040020C4F21304207020782078C2
:10AFA00020786068FA2807D0FA20C1F6006000BF58
:10AFB00060606168FA29FBD1A0687D2808D07D20F7
:10AFC000CEF2001000BF00BFA060A1687D29FBD1B8
:10AFD00043F23240C3F2232045F8350C42F22010F0
:10AFE00025F8310C052005F82F0C15F82F0C35F835
:10AFF000311C01F00F02A2F1080103292BD8DFE870
:10B0000001F002200C164AF6AB2156F82000CAF6D1
:10B01000AA21A0FB0101480820E04AF6AB2156F81E
:10B020002000CAF6AA21A0FB0101C80816E04AF6D2
:10B03000AB2156F82000CAF6AA21A0FB010108099D
:10B040000CE04AF6AB2156F82000CAF6AA21A0FB74
:10B050000101880802E056F82000D040CAF800003C
:10B060001E200121012700F02FF960686FF39F2057
:10B07000652828BF277015F82F0C35F8311C01F012
:10B080000F02A2F1080103292BD8DFE801F002200A
:10B090000C164AF6AB2156F82000CAF6AA21A0FBEE
:10B0A0000101480820E04AF6AB2156F82000CAF614
:10B0B000AA21A0FB0101C80816E04AF6AB2156F808
:10B0C0002000CAF6AA21A0FB010108090CE04AF6FB
:10B0D000AB2156F82000CAF6AA21A0FB010188087E
:10B0E00002E056F82000D04042F20001CAF8000009
:10B0F000C4F200010120A1F80090BFF35F8F087235
:10B100004FF42540BFF35F8F088095F8850040F02D
:10B11000400085F8850000BF95F98500B0F1FF3F3C
:10B12000FADC012085F87F00C92085F8850095F8B4
:10B13000850000F0BF0085F8850000BF00BF00BF9C
:10B1400095F985000028FBD4012005F8020CE87F62
:10B1500040F04000E87700BF95F91F00B0F1FF3FD5
:10B16000FADC0720E8754A20E8770A20E87700BF74
:10B1700095F91F000028FBD4287840F04000287083
:10B1800095F90000B0F1FF3FFADC022005F8010C50
:10B19000CA202870287800F0BF00287000BF00BFC8
:10B1A00095F900000028FBD495F8220040F04000FB
:10B1B00085F8220000BF00BF95F92200B0F1FF3FE3
:10B1C000FADC0420A876CA2085F8220095F822002F
:10B1D00000F0BF0085F8220095F922000028FBD47A
:10B1E0004FF42540A8F80000BDE8F0874FF47A70CE
:10B1F00000F016F85AE600BF00BF00BF00BF00BF56
:10B20000006CDC0200127A000080000000366E0143
:10B210000080000000CA9A3B0046C3230084D71771
:10B220007047D4D4D4D4D4D440F24041C2F20221E5
:10B2300051F820007047D4D4B0B542F22404C8209D
:10B24000C4F2200401210025257100F03DF825708D
:10B25000207808B12FF005C0207840F0020020705F
:10B2600020788007FCD4002004F8020C00BF00BF47
:10B2700014F8020C08B12FF005C84FF0030E00209F
:10B2800004F11C0100BF00BF11F8102002F07F0282
:10B2900001F8102000BF00BF11F91020002AFBD4D4
:10B2A00001300FF00FC8012000F0C2F84EF64C41FB
:10B2B0000120C4F2010100220A70BDE8B04000F094
:10B2C0008BB8D4D4D4D4D4D440F6D03241F20023B5
:10B2D000C2F20222C0F27A03484312689A420FD3A4
:10B2E00044F23F21C0F20F0111444DF68362C4F2D3
:10B2F0001B32A1FB0212910CA0FB0101C9B11DE0A0
:10B300004CF60021C3F69A31B1FBF2F148F638123F
:10B31000C0F24102904205D24FF47A725043B0FB22
:10B32000F1F006E0B0FBF1F0904207D24FF47A71F1
:10B330004843002808BF704700F006B84FF0FF30C0
:10B3400000F002B8D4D4D4D401380028FCD170471E
:10B35000F0B581B04CF2201540F65837C4F2000524
:10B360000024C2F2022755F8200C296801EA0006E1
:10B3700006E000BF00BF00BF01340437152C09D020
:10B3800026FA04F0C007F7D039680029F4D0204627
:10B390008847F1E745F8106C28683042FCD101B0CD
:10B3A000F0BDD4D4D4D4D4D480B54FF0050E4CF233
:10B3B00000304FF63061C4F20000C0F2002100BF3F
:10B3C00031F8022B002A18BF026004300FF009C0C8
:10B3D00080BDD4D4D4D4D4D4EFF31081012282F32D
:10B3E000108840F6C432C2F2022232F8103023B183
:10B3F00032F81030013B22F8103032F8102012B130
:10B4000081F3108870474EF2FA3240F2301CC4F2D9
:10B410000102C0F2012C13883CF8100043F42543CC
:10B4200023EA0000108081F310887047D4D4D4D46C
:10B4300010B5EFF31081012282F3108840F6C43278
:10B44000C2F2022232F8103083B94EF2FA3E40F2D4
:10B45000301CC4F2010EC0F2012CBEF800403CF8D2
:10B460001030234343F42543AEF8003032F8103057
:10B47000013322F8103081F3108810BDD4D4D4D415
:10B4800070B543F650450446C4F2000500BF00BF46
:10B49000287808B12FF005C04FF0870025F82C0C54
:10B4A0004FF0100005F8500C8CB10020FFF7C0FFE2
:10B4B0004EF253000126C4F2010006700020FFF78F
:10B4C0008BFF05F8306C00BF28780007FCD4012002
:10B4D00005F84E0C002005F84F0C00BF00BF00BF60
:10B4E000287808B12FF005C042F20350C0F20500E1
:10B4F000CCB14FF40C7125F8081C00BF00BF00BF91
:10B500002978C907FCD145F80C0C002005F8100C6F
:10B5100047F2937025F83C0C012005F83A0C1120F5
:10B5200005F8500C70BD45F80C0C002005F8100C07
:10B5300047F2937025F83C0C012005F83A0C00BF47
:10B5400015F8500CC007FBD1287808B12FF009C0BE
:10B55000012005F8400C70BD43F600401021C4F2F4
:10B560000000017000BF00BF0178C907FCD190F84E
:10B57000501009B12FF009C0012101747047D4D4D3
:10B5800010B54EF25304C4F20104207838B90020FB
:10B59000FFF74EFF012020700020FFF71DFF43F64C
:10B5A0000040C4F2000000BF90F8501009B12FF025
:10B5B00005C8002101741121017010BDD4D4D4D468
:10B5C00000F00AF8FEF7C4FAFEE7D4D4D4D4D4D4F9
:10B5D00000BE7047D4D4D4D42DE9F0474EF61455AC
:10B5E00040F20120CEF20005C0F20E004EF200043F
:10B5F0002860CEF20104BFF34F8FBFF36F8F55F871
:10B60000141CC1F3035001285FEA1F9211F00F0FC1
:10B610005FEA0F911142216811D102280FD241F047
:10B62000040020604EF20800BFF34F8FCEF20000FE
:10B63000BFF36F8F016841F48031016002E021F0B7
:10B6400004002060BFF34F8FBFF36F8F4FF4700083
:10B6500040F2000168670020C0F2002145F80C1C90
:10B660000026FEF761FAFFF78BFB4EF2FA304EF63A
:10B67000B022C4F20100C4F201024AF20251018078
:10B6800016704FF4254101800120FEF74DFA40F27B
:10B690004000C2F2012080F30A882068800723D589
:10B6A00055F80C0CB0F1007F1ED120694FF40071E9
:10B6B000C0F3C300626901FA00F3C2F3C300814022
:10B6C0000020DA08CB080146074642F005C800BF53
:10B6D000E7E802010FF005C04FF0005243F005C04B
:10B6E000E2E802010FF005C04FF60478C0F200282E
:10B6F000D8F800708FB1D8F804003E46041D03E06E
:10B70000013E04F10C0408D060790028F8D154E916
:10B710000101091A00F059FBF2E7D8F80890B9F1D5
:10B72000000F13D0D8F80C004E4600F1080403E0D7
:10B73000013E04F1100409D060790028F8D154E9E1
:10B7400002022168121A00F045FBF1E7FFF7C0FA88
:10B75000FFF772FD0320FFF76BFE4FF00E0E40F671
:10B760003050C4F24000002120F8041B0FF005C047
:10B770000320FFF731FE0320FFF75AFE44F20400D6
:10B780000021C4F22000016041608160C16003209B
:10B79000FFF722FED8F810A0D5F8AC104422BAF179
:10B7A000000F62F30701C5F8AC1025D0D8F81410CB
:10B7B00000234FF0200E4FF0010C002404E000BFE6
:10B7C0000134E3B29A4517D901EBC30251F8336053
:10B7D000526822F01F02203A0EEB5210B0EB561FB7
:10B7E000EED942F001006CF30406C5F88430C5F8C8
:10B7F0008860C5F88C00E3E7BFF35F8F0520C5F8CC
:10B800008000286940F480302861BFF34F8FBFF378
:10B810006F8F2868C0032DD400202867BFF34F8F97
:10B82000E96E43F6E073C1F34E30CA08C1F3C901B3
:10B830004E1C9107420100BF02EA030446F001E0FA
:10B840000C4400BF00BF00BFC5F84C4204F14044A7
:10B850000FF007C00028A0F10100A2F12002EBD1F7
:10B86000BFF34F8F286840F480302860BFF34F8FBC
:10B87000BFF36F8F4EF21014C4F20104D4F8C80263
:10B88000800714D42078A0B10120FFF7D1FD00BFBC
:10B8900094F9000010F1410FFADC0020207000BF85
:10B8A00020783F28FCD80120FFF796FD01E0D4F86E
:10B8B000C802D4F8C802400715D42079A8B10120E5
:10B8C000FFF7B6FD00BF00BF94F9040010F1410F6F
:10B8D000FADC0020207100BF20793F28FCD801202D
:10B8E000FFF77AFD01E0D4F8C8020220FEF71CF948
:10B8F000A7B1D8F804004FF48076041D04E000BF1F
:10B90000013F04F10C0409D06079B6EB002FF7D1A8
:10B9100054E90101091A00F058FAF1E7B9F1000FF2
:10B9200016D0D8F80C004FF4807700F1080404E03A
:10B93000B9F1010904F110040AD06079B7EB002FC6
:10B94000F6D154E902022168121A00F043FAEFE737
:10B9500040F6D834C2F20224204600F061FB2046B3
:10B9600000F076FBBFF34F8FBFF36F8F0020C5F859
:10B970003C0240F2D04040F2D441C0F20120C0F27B
:10B980000121BFF34F8F081ABFF36F8F8410012C72
:10B990000BDB40F2D045C0F2012500BF00BF00BF65
:10B9A00055F8040B8047013CFAD1FFF7FDFC00205D
:10B9B000BDE8F04700F000B87047D4D450EA010267
:10B9C00002BF9FED3B0A10EE100A704780EAE1705B
:10B9D00081EAE172B0EBE17362EBE172B3FA83F0FA
:10B9E0002030002A4FEAE17118BFB2FA82F027280E
:10B9F00009D870B5262838D027280DD1520042EA40
:10BA0000D3725B0031E0A0F1280203FA02F2B0F138
:10BA1000480358BF002235E0C0F1060600F11A0CB9
:10BA2000841F23FA06F502FA0CFE45EA0E0558BFFC
:10BA300003FA04F503FA0CF458BF00242543C0F1BF
:10BA400026045FEA0F9CC4F12005002E23FA04F3BC
:10BA500002FA05F543EA050358BF22FA06F322FA73
:10BA600004F243EA0C0358BF0022C3F380063343B9
:10BA7000013342F100025E01BDE8704004D49B082E
:10BA800043EA82723F2303E0DB0843EA4272402329
:10BA9000181A6FF3DF5201F00041114441EAC0501F
:10BAA00000F17E5000EE100A10EE100A704700BF41
:10BAB0000000000040B584B002AE009600F004F82B
:10BAC000029A039B04B040BDB0B584B00D4602A9F4
:10BAD00080EAE57000911C4682EAE37285EAE5712E
:10BAE000B0EBE57061EBE57183EAE373B2EBE4720E
:10BAF00063EBE47300F017F8DDE90223DDF820C002
:10BB000083EAE57382EAE572B2EBE57263EBE57313
:10BB1000CCE90023E21782EAE57250405140801AD6
:10BB2000914104B0B0BD2DE9F04F099D844681B12B
:10BB3000C2B14BB3B1FA81F7B3FA83F6F71B202FEA
:10BB40004FD3002D18BFC5E900C100200021BDE87A
:10BB5000F08FCBB30021002D64D00020C5E900C1D7
:10BB6000BDE8F08F002B60D0002861D05F1E3B4203
:10BB700000F08580B1FA81F7B3FA83F6F71B1F2F27
:10BB8000DFD207F1010C3CE0571E3A425DD0B1FA1A
:10BB900081F7B2FA82F6F71B07F1210CBCF1200FF6
:10BBA00024D0BCF11F0F79D8CCF1200620FA0CF775
:10BBB00021FA0CF901FA06F5B0403D434FF0000AB6
:10BBC000BCF1010F2CD07CE0B0FBF2FC002D1EBFBD
:10BBD0000CFB12000021C5E9000100216046BDE810
:10BBE000F08F07F1010CBCF1200F0AD14FF00009D2
:10BBF0004FF0200C0D464FF0000ABCF1010F0FD0A2
:10BC00005FE0C7F11F0720FA0CF621FA0CF901FAE0
:10BC100007F5B84035434FF0000ABCF1010F50D191
:10BC200000248FE00020BDE8F08F6046BDE8F08F73
:10BC3000B1FBF3FC002D1EBF0CFB13100021C5E966
:10BC4000001000216046BDE8F08F002D1EBF0023CC
:10BC50000740C5E90073012A0ED092FAA2F24F0004
:10BC6000B2FA82F202F01F03D140D8401F2393435F
:10BC700007FA03F343EA000C6046BDE8F08F002D9D
:10BC80001CBF07EA0100C5E900C093FAA3F0B0FAAF
:10BC900080F021FA00F00021BDE8F08FACF1200720
:10BCA000CCF140044FF0000920FA07F601FA04F540
:10BCB0002E4300FA04FA21FA07F53046BCF1010FD1
:10BCC000AED02CF001070126023F4FF0000B06EB2F
:10BCD000570E4FEA490444EAD5746D0045EAD07521
:10BCE0004000E743E943891843EB0708AF1A64EBC8
:10BCF0000306B8F1000F56EA448457EA458564000C
:10BD000044EAD5746D0045EAD07540EADA70AE1A9F
:10BD10006FEA050164EB030789184FEA40006FEAF8
:10BD20000401594157EA448956EA4585CC0F4BEA4C
:10BD30004A010027A34640EAD170490041EAD87A77
:10BD40000FF039C85FEACC711ED06F004FEA49018D
:10BD500047EAD07741EAD571B7EB020C4FEA4000D1
:10BD600061EB030EFD4352196FEA010653EB060225
:10BD700040EADA705EEA41895CEA4785D10F44EA1D
:10BD80004A0200270C4692464FEADA7141EA400027
:10BD900009994FEA4A02002918BFC1E9005940EA4F
:10BDA000070122F001002043BDE8F08F40B584B0C8
:10BDB00002AE0096FFF7B7FE029A039B04B040BDA7
:10BDC0000B4611461A4600F07BB80A46002100F0E7
:10BDD00077B8D4D4844641EA000313F0030349D171
:10BDE000403A23D30B6803604B6843608B688360E1
:10BDF000CB68C3600B6903614B6943618B698361E5
:10BE0000CB69C3610B6A03624B6A43628B6A8362CC
:10BE1000CB6AC3620B6B03634B6B43638B6B8363B4
:10BE2000CB6BC36340304031403ADBD230320BD36E
:10BE30000B6803604B6843608B688360CB68C360AA
:10BE400010301031103AF3D20C3205D351F8043BC4
:10BE500040F8043B043AF9D2043208D0D2071CBFA0
:10BE600011F8013B00F8013B01D30B8803806046C9
:10BE7000704700BF082A13D38B07B1D010F003031B
:10BE8000AED0C3F10403D21ADB071CBF11F8013B8B
:10BE900000F8013BA4D331F8023B20F8023B9FE7B6
:10BEA000043AD9D3013A11F8013B00F8013BF9D229
:10BEB0000B7803704B7843708B78837060467047C3
:10BEC00070B4840746D0541E002A41D0CDB2034638
:10BED00002E0621EE4B3144603F8015B9A07F8D14E
:10BEE000032C2ED9CDB245EA05250F2C45EA054590
:10BEF00019D9264603F11002103E0F2E42F8105CAD
:10BF000042F80C5C42F8085C42F8045C02F1100252
:10BF1000F2D8A4F1100222F00F0204F00F04103244
:10BF2000032C13440DD91E462246121F032A46F83D
:10BF3000045BFAD8221F22F00302121D134404F0FE
:10BF400003042CB1C9B21C4403F8011BA342FBD16A
:10BF500070BC704714460346C2E720F0030110F09E
:10BF60000300C0F1000051F8043B00F1040C4FEA5B
:10BF7000CC0C6FF000021CBF22FA0CF213434FF0FE
:10BF8000010C4CEA0C2C4CEA0C4CA3EB0C0222EA00
:10BF9000030212EACC1204BF51F8043B001DF4D096
:10BFA000C2F1000102EA0102B2FA82F2C2F11F02FA
:10BFB00000EBD200704780B500F004F820F000409C
:10BFC00080BDD4D4F0B50E4F00F052F8C25947F6F8
:10BFD0002D7CC319C4F6954C4FF22D465968C5F611
:10BFE0005106A2FB0C4502FB065201FB0CF1661C3C
:10BFF000C65142EB0100586020F00040F0BD00BF88
:10C000000800000000F000B880B50146034A00F0C7
:10C010002FF8815010440021416080BD08000000CD
:10C0200010B540F2780140F20802C0F20021C0F2DF
:10C0300000020446FFF7CEFE40F2080040F2000185
:10C04000C0F20000C0F200012044FFF7BEFE10BDA8
:10C0500040F20801C0F20001401A40F6D431C2F2A9
:10C06000022108607047D4D4D4D4D4D4D4D4D4D446
:10C070000148006870470000D40B022283B080B5ED
:10C0800081B0844603A80EC04FF6C020C0F2002045
:10C09000006803AA6146009200F006F801B0BDE80E
:10C0A000804003B07047D4D42DE9F04F99B0814659
:10C0B00080781892800740F1B58518980027D9F844
:10C0C00004808A46179011A8821D0C92421E0530EA
:10C0D00010920E900D91514611F8010B252803D0B6
:10C0E0008A4638B900F0A0BD9AF801500AF1020A58
:10C0F000252D06D14946C04701370028EBD500F071
:10C100008BBD002200244FF0000C4FF0000B04E028
:10C110001AF8015B002D00F02D811FFA8BF61F2EFF
:10C1200020D8A5F1200010281ED8DFE810F0150057
:10C130001D001D0018001D001D001D0014001D0025
:10C140001D001D0011001D00CC001D001D00C900B8
:10C150004BF0020B00E0DBE74BF0040BD8E74BF0B1
:10C16000100BD5E77F2E0DD8A5F13000092840D857
:10C17000402E80F0A0800CEB8C014BF0200B00EBEC
:10C18000410CC5E7A5F14C002E2800F2F480DFE851
:10C1900010F08F00F200F200F200F200F200F20064
:10C1A000F200F200F200F200F200F200F200F200FF
:10C1B000F200F200F200F200F200F200F200F200EF
:10C1C000F200F200F200F200F200A400F2008F0090
:10C1D000F2009D00F200F200F200F200F200F20024
:10C1E000F2002F00F200F200F200F200F2002F0045
:10C1F0008EE7A5F12400562800F2BD80DFE810F09C
:10C200008600BB00BB00BB00BB00BB007400BB00D2
:10C21000BB00BB00A400BB00BB00BB00BB00BB005D
:10C22000BB00BB00BB00BB00BB00BB00BB00BB0036
:10C23000BB00BB00BB00BB00BB00BB00BB00BB0026
:10C24000BB00BB00BB00BB00BB00BB00BB00BB0016
:10C250005800BB00BB00BB00BB00BB00BB00BB0069
:10C26000BB00BB00BB00BB00BB00BB00BB00BB00F6
:10C27000BB00BB00BB00BB00BB00BB00BB00BB00E6
:10C28000BB00BB00BB00BB006D00BB005800BB0087
:10C290006600BB00BB00BB00BB00BB00BB00BB001B
:10C2A0005700BB00BB00BB00BB00BB0057002FE723
:10C2B0004BF4207B2CE704EB840100EB410427E7DF
:10C2C0004BF0010B24E74BF0080B21E70BF080004B
:10C2D0004BEA800040F0800B1AE70BF480704BEAC9
:10C2E000400040F4807B13E7002A7FF411AF1798D9
:10C2F0003F2E00F104011791006832D8B0F1FF3FE2
:10C3000032DD4BF0200B0022844601E712B318986F
:10C31000402E179017A90D986546CDF83C90C14660
:10C3200090465CEA348200F083FC1798402E424627
:10C33000C84600F1040117910068DDF83C9050EA0E
:10C34000358C54EA3084E3E63F2E00F26D844BF0E6
:10C35000400BDDE6624600244FF0000C4FF0000B6E
:10C36000D6E600220446D3E64BF0280BC0F1000CC1
:10C370000022CDE60025CDF83CC03AB1189817A9A7
:10C3800017900D9800F054FCDDF83CC0002C24EA16
:10C39000E47E45F0200048BF2BF0400B61281CBF15
:10C3A000A0F16501022925D81799612801F107013B
:10C3B00021F0070101F108021792A0EB050291EDAF
:10C3C000000B0A9244D15FEA4B6058BF4FF0FF3E2A
:10C3D00011A8D2B27146764600F0C8FD451C4BF458
:10C3E000C05B4FF0700C4FF0010EE8B28642D8BF30
:10C3F000461E5CE0A5F16301122900F20A810823C0
:10C400000026DFE811F035011300060106010601E0
:10C41000060113000601060106010601060161017D
:10C420005D01060106010D0106012E011FFA8BF1C7
:10C430005FEA0B6000F10C811798021D17920068EB
:10C44000CA0540F10C81890554BF00B240B206E133
:10C450005FEA4B6158BF4FF0060E662809D0652889
:10C460000FD14BF4805B76460EF101010023652469
:10C4700011E04BF4005B01226624112176467346DD
:10C480000AE05FEA0E61A0F10204714676464FF0C1
:10C49000000308BF0121002211A8C9B2112928BF39
:10C4A000112100F093FF05464FF0020EA446119BA8
:10C4B0009DF84800A3F10A0111F1130F38BF4FF0A6
:10C4C000020EA3F16401089111F1C70F38BF4FF0BC
:10C4D000030E0F9CC1074FD15FEA8B716FD41FFA17
:10C4E0008BF1202202EAC10211F0040F5FEA1F91D2
:10C4F00010F00C0F45D11BF4405F0493CDE90621E9
:10C5000040F02B82012E4FF0010056EA80801FFA86
:10C510008BF12A0600F06D810E9BEAB2134413F8EA
:10C52000013C302B40F006826B1E1A0621D02E46AD
:10C530000E9DDAB2154415F8015C302D40F0F981FA
:10C54000B31E1A0615D00E9DDAB2154415F8015C1B
:10C55000302D40F0EE81F31E1A060AD00E9DDAB29D
:10C56000154415F8015C302D40F0E381351F2A0693
:10C57000D2D100250022DDE12D22002110F00C0F88
:10C58000B9D000294FF0030050EA1090844212DD28
:10C590000A9E0D465FEA0B7117D4041B93462020B8
:10C5A0004946C047002800F1378301370134F6D3EC
:10C5B00000245A460AE000240A9E49B10FE02B22CB
:10C5C000002110F00C0FDCD195E7241A294631B96F
:10C5D00010464946C047002800F11E8301379DF8E8
:10C5E00048004FF25261C0F2002100074EF6B940F8
:10C5F000C0F2002050EA51852878002800F0F98226
:10C60000801B4946C0B2C047013701350028F3D529
:10C6100002E3782840F09880C5F188032E4653E065
:10C620001798011D179100684FF69621C0F200215E
:10C63000002851EA00855FEA4B6058BF4FF0FF3E8B
:10C640002846714600F06AFEDDF83CC0064617E059
:10C650001798890500F18680011D17910068C117A0
:10C6600088E04FF6EF700BEA000B0A2375262BE0EB
:10C670001798012611AD011D179100688DF844002F
:10C680005FEA0B700ED4B4450CD9202049466446AD
:10C69000C047002800F1C082A4F1010C0137B44565
:10C6A000F3D8B4463744ACEB0604002E00F0A18268
:10C6B00015F8010B4946C047013E0028F5D5ABE20D
:10C6C0004BF0100B102378264FF6F9700BEA00029E
:10C6D0005FEA0B600B960AD41798011D1791066844
:10C6E000D1050AD5900554BFB6B2F6B205E0179849
:10C6F00091050AD4011D17910668002156EA010030
:10C7000008BF2BF0160278D10FE00730154620F055
:10C7100007000246416852F8086B17922A4656EA0B
:10C72000010008BF2BF0160267D100265FEA4B60BC
:10C7300062D50021012C60DA4FF6E9700BEA0001A6
:10C740000B9D480637D467E025204946C04700289E
:10C7500000F1628228464946C047023700287FF52B
:10C76000BAAC59E2073020F007010A46496852F88E
:10C77000080B179200295A46CDF82CE048BF42F426
:10C78000806250EA010322D080EAE17081EAE1731D
:10C79000B0EBE17063EBE17111AC22F010060A23FB
:10C7A000224600F06DFB3146061BDDF83CC0DDF88B
:10C7B0002CE0480630D54FF6FE70764500EA0100C1
:10C7C0002BDA002D08BF21F01100714626E05FEA48
:10C7D0004B604FF0000040F19E810021012CDBDA1C
:10C7E0004FF6EE70DDF83CC000EA0B00DDF82CE0FF
:10C7F00014E0002500229EE0002111AC30461646D0
:10C800007546224600F03CFB3146AE46DDF83CC0A2
:10C81000061B0B9D4806CED4084631461FFA80FB06
:10C82000C0060AD440F206401BEA000F5FEA0F90F0
:10C8300044185FEA0B7009D526E0002D4FF0010087
:10C8400050EA009044185FEA0B701DD45FEACB7089
:10C8500008D0B646644505DA06EB0C00A0EB040EE2
:10C86000644611E064450FDACDF82CE020204946FB
:10C87000C047002800F1D0810F9801340137A04251
:10C88000F4D1DDF82CE004465FEACB601BD440F223
:10C8900006401BEA000F26D05FEA8B7075464FF00A
:10C8A0002B0058BF20205FEA4B51494648BF2D203E
:10C8B000C047002800F1B0810137AE46F346754607
:10C8C000B64514DC1CE030204946F346C04700283A
:10C8D00000F1A28135B328464946C047002800F13F
:10C8E0009B810237DE46F3467546B64508DD3020AB
:10C8F0004946C047002800F18F81013DB542F6DC72
:10C900000F985E45A0EB040456EACB800744002E46
:10C9100000F06F8110984946805DC047013E0028B5
:10C92000F5D579E10137DE46F3467546B645DEDCDE
:10C93000E6E71D46049BC90652EA508113F1040F35
:10C9400008DB834206DA4BF4005B8B4204DAD843FF
:10C950000E1802E04E1E00E00026A3F57A711FFAC1
:10C960008BF4099424055FEA8B400395CDE9011C03
:10C9700005940CD411F5FA6F70464FF0050198BF7D
:10C980000420002C58BF032101EB000C03E023EA34
:10C99000E37000F1010CDDF824B0002E079A4FF08F
:10C9A00000050B96CBF3001182F0010251EA0690CC
:10C9B0000F9983186344CB1A53EAC5841BF0090FFF
:10C9C00011D10A9E84B1604475461044441A202057
:10C9D0004946C047002800F11F8101370134F6D3D2
:10C9E0000024AE4600E00A9E0798CDF800E000283B
:10C9F000069805D14946C047002800F10D8101374E
:10CA0000059800280ED530204946C047002800F17F
:10CA10000381C6F178004946C0B2C047002800F142
:10CA2000FB800237099800070AD44CB12744302014
:10CA30004946C047002800F1EF80013CF7D10024AF
:10CA40000998800427D49DF849004946C04700282A
:10CA500000F1E2800B98012857DB2E204946C047A1
:10CA6000002800F1D9800B98384400F1020B03989C
:10CA7000C5B20020471CAF4202D20C99085C00E00E
:10CA800030204946C047002800F1C6800B98B842C4
:10CA90003846EFD148E0049820EAE076851B0B98F1
:10CAA000C0F1000B0398C0B20F90701C06D12E206D
:10CAB0004946C047002800F1AF8001373020002DE3
:10CAC00004D40F998D42BCBF0E98405D49465E4527
:10CAD00006DDC04701350137013E0028E5D59BE062
:10CAE000C047002800F198800999781CC90640F1D8
:10CAF0009180002E40F08C802E204946C047B0F136
:10CB0000FF3F40F38980023773E00998C00604D4E0
:10CB100007F1010B08E000213EE62E204946C04700
:10CB2000002879D407F1020B02984946801BC0B255
:10CB3000C047002870D4049E2B204946002E48BFD1
:10CB40002D20C047002E48BF7642002864D40198AB
:10CB500010F5FA6F15D844F6D3504946C1F2620079
:10CB6000A6FB0005302000EB9510C0B2C04700289E
:10CB700052D4A8094FF47A7100FB11620BF103053E
:10CB800006E008980BF10205324610F1C80F3BD8B9
:10CB900048F21F504946C5F2EB101746A2FB0006AB
:10CBA000302000EB5610C0B2C047002834D47009C2
:10CBB000642100FB117201354CF6CD404946CCF69C
:10CBC000CC401746A2FB0006302000EBD600C0B2D6
:10CBD000C047002820D4F008013500EB8000A7EB07
:10CBE000400202F130004946C0B2C047002813D4C9
:10CBF0006F1C012CFFF66FAA20204946C047013761
:10CC0000013C0028F5D507E000980228D4D2E8E7D7
:10CC10000746EEE70746ECE799F8020040F004000B
:10CC200089F802004FF0FF37384619B0BDE8F08FA1
:10CC3000022AB8BF70472DE9F04F42F689084FF03D
:10CC4000010CC0F2010804464FF0010E03E05F78CA
:10CC50009C1C252F29D1234613F8015B252D01D0DB
:10CC600025B90AE16778A31C252F1DD11C4614F8AD
:10CC7000015B252D01D025B9FFE05F789C1C252F95
:10CC800013D1234613F8015B252D01D025B9F4E01B
:10CC90006778A31C252F07D11C4614F8015B252DAE
:10CCA000D5D0002DD7D1E8E01C464FF0000A4FF058
:10CCB0000009002604E014F8017B002F00F0A98091
:10CCC000B346BAF11F0F0AD8A7F12005102D09D8D5
:10CCD0000CFA05F515EA080F40F07C8002E0BAF185
:10CCE0007F0F0AD8A7F13005092D3ED80BEB8B0337
:10CCF0004AF0200A05EB4306DDE7A7F14C052E2D8F
:10CD000000F288805E46DFE815F067008500850048
:10CD100085008500850085008500850085008500EB
:10CD200085008500850085008500850085008500DB
:10CD300085008500850085008500850085008500CB
:10CD400085007700850067008500700085008500FC
:10CD5000850085008500850085002F008500850001
:10CD60008500850085002F00A5E7A7F12405562D35
:10CD700000F250800026DFE805F0334D4D4D4D4D5B
:10CD8000324D4D4D324D4D4D4D4D4D4D4D4D4D4D09
:10CD90004D4D4D4D4D4D4D4D4D4D4D4D4D4D4D4DC3
:10CDA0004D4D2F4D4D4D4D4D4D4D4D4D4D4D4D4DD1
:10CDB0004D4D4D4D4D4D4D4D4D4D4D4D4D4D3F4DB1
:10CDC0002F4D384D4D4D4D4D4D4D2C4D4D4D4D4DE7
:10CDD0002C00FFE75E466EE74AF4207AFAE76AE73E
:10CDE000B9F1000F0FD1D94665E70AF080034AEA8E
:10CDF000830343F0800AEDE70AF480734AEA4303B1
:10CE000043F4807AE6E7F3457FF455AF6327F146B4
:10CE100000E00027B9F1000F2FD0F14524D147F0F1
:10CE20002003612B1CBF653B022B05D80B68073321
:10CE300023F00703083313E0A7F16303102B0AD88C
:10CE4000DFE803F00C0909090909090909090909B9
:10CE5000090909090C005FEA0A6309D40B68043365
:10CE60000EF1010E04460B609645FFF6F4AE04E0A9
:10CE70000B685FEA8A54DAD4F1E7BDE8F04F7047F7
:10CE80002DE9F04703F01F06984691468A4605466D
:10CE90002846514632460023FEF788FF044600FB31
:10CEA00016500F46A0EB0801092888BF01F1370092
:10CEB000303089F80000A81B7AF1000049D32046E1
:10CEC000394632460023FEF771FF054600FB164047
:10CED0008A46A0EB0801092888BF01F137003030ED
:10CEE00089F80100A01B77F1000036D3284651468F
:10CEF00032460023FEF75AFF044600FB16500F4649
:10CF0000A0EB0801092888BF01F13700303089F80B
:10CF10000200A81B7AF1000023D32046394632468E
:10CF20000023FEF743FF054600FB16408A46A0EBB0
:10CF30000801092888BF01F13700303089F8030063
:10CF400009F10409A01B77F10000A1D24846BDE811
:10CF5000F08709F10100BDE8F08709F10200BDE8A2
:10CF6000F08709F103094846BDE8F0872DE9F04F45
:10CF700085B05AEC103B4FEADA77CAF30A566FF3E2
:10CF80001F5A077153EA0A0408BF002E0ED040F260
:10CF9000FF75AE423CD10421002C18BF0821394452
:10CFA00001710021084605B0BDE8F08F002700237D
:10CFB0004FF0000A0029076037D40D2937D3190F25
:10CFC00000F1050B41EA0A110491190E4FEA1A54B7
:10CFD00041EA0A210391190D4FEA1A4641EA0A3142
:10CFE0000291190C4FEA1A3841EA0A410191190BD2
:10CFF00041EA0A5C190A41EA0A6E190941EA0A790A
:10D000004FEA1A1103F00F034FEA1A27009180E04C
:10D010004FF60247002ECFF6FF771CBFA6F2FF3770
:10D020000AF5801A00290760C7D5002146E033269B
:10D03000A6EB8105C5F1200613274FF0020CA7EBE4
:10D0400081072CFA06F401264FF0000E002F58BF7E
:10D050000CFA07F458BF06FA07FE06FA05F60CFAB2
:10D0600005F558BF002658BF0025D5F100094FF03F
:10D07000000868EB040C013D64F100041D4004EA63
:10D080000A04751B7EEB040411D38C00C4F1340533
:10D09000D4F1140423FA05F7C5F120050AFA05F5C1
:10D0A00045EA070558BF2AFA04F5EC0702D09B1998
:10D0B0004AEB0E0A03EA09030AEA0C0A1F0947EAC7
:10D0C0000A791F0F1D0B47EA0A1704971F0E45EA3E
:10D0D0000A5C47EA0A2703971F0D1D0A47EA0A3729
:10D0E00002971F0C45EA0A6E47EA0A4700F1050B52
:10D0F00013F00F0301974FEA1A174FEA1A544FEA39
:10D100001A464FEA1A384FEA1A25009700F0B48001
:10D110002F46991A092B88BF01F1270303F130012B
:10D12000817409F00F030D219D1A092B88BF05F1A9
:10D1300027030C2903F13003437498BF0C210EF030
:10D140000F039D1A092B88BF05F127030B2903F153
:10D150003003037498BF0B210CF00F039D1A092BA9
:10D1600088BF05F127030A2903F13003C37398BF71
:10D170000A21019B3D4603F00F039F1A092B88BF2C
:10D1800007F12703092903F13003837398BF0921AD
:10D19000029B03F00F039F1A092B88BF07F1270397
:10D1A000082903F13003437398BF0821039B03F060
:10D1B0000F039F1A092B88BF07F12703072903F1E3
:10D1C0003003037398BF0721049B03F00F039F1ADA
:10D1D000092B88BF07F12703062903F13003C37227
:10D1E00098BF06210AF00F039F1A092B88BF07F189
:10D1F0002703052903F13003837298BF0521009BA3
:10D2000003F00F039F1A092B88BF07F12703042996
:10D2100003F13003437298BF042105F00F039F1AF6
:10D22000092B88BF07F12703032903F13003037299
:10D2300098BF032108F00F039F1A092B88BF07F13D
:10D240002703022903F13003C37106F00F0398BFCF
:10D2500002219A1A092B88BF02F1270303F1300239
:10D260008271012998BF012104F130008BF8000080
:10D27000084605B0BDE8F08F19F00F0348D10C291E
:10D2800046D21EF00F0345D10B2943D21CF00F03E9
:10D2900042D10A2940D2019B13F00F037FF46DAFF6
:10D2A0000929BFF46AAF029B13F00F037FF473AF39
:10D2B0000829BFF470AF039B13F00F037FF479AF1D
:10D2C0000729BFF476AF049B13F00F037FF47FAF01
:10D2D0000629BFF47CAF1AF00F037FF485AF052950
:10D2E000BFF482AF17F00F038CD104298AD215F056
:10D2F0000F0394D1032992D218F00F039CD1022975
:10D300009AD206F00F0353EA0107A2D10021ABE73E
:10D310002F4609E72F4614E72F461FE7844639B307
:10D3200070B500EB010C4B1EA1F1020ECC1E0022C9
:10D33000855C85B1934219D085186E7876B1964593
:10D3400014D0AE786EB1944210D0EE7866B104324B
:10D350009142EDD10AE000EB020C07E005F1010C6F
:10D3600004E005F1020C01E005F1030CBDE870409A
:10D37000ACEB00007047B0B588B00C464DF2BD3143
:10D38000C0F20021002501914FF4003100910119F4
:10D39000CDE90655002C0490CDE9025518BF481E72
:10D3A00048BF00200590114668461A46FEF77CFEED
:10D3B000002C1CBF04990D7008B0B0BDD1E9042346
:10D3C0009A421EBF531C0B61107070472DE9F04F3D
:10D3D000A1B056EC108BB246C6F30A546FF31F5A35
:10D3E000F50F58EA0A0708BF002C0ED040F2FF766E
:10D3F000B44215D10821002F08BF0421002429447C
:10D400000171204621B0BDE8F08FA91C01713021C7
:10D410000124417100210160204621B0BDE8F08F58
:10D42000A4F23549002CCDE9062308F00106049545
:10D43000CDE9081006BF4FF6CC39CFF6FF790AF5D3
:10D44000801A4FEA8A0242EA9870002F15905FEA2C
:10D450000F90022C5FEA2F91B9F1000F40EA01070B
:10D460004FEA880014900596139749D4484600F077
:10D4700021FD0546B9F1030F88BF013D284600F0A4
:10D4800027FD0DF1580B04462846594600F00BFEC7
:10D490001AA81CA95A460297CDE90010A5EB09006D
:10D4A0002044514600F17C034046AB4600F031FC7D
:10D4B0008246152D5FD8149F4CF6CD46159D1EA8AB
:10D4C000CCF6CC460C4600903846294632464FF002
:10D4D000CC3300F072FEDDE91E01820842EA817160
:10D4E00020F0030008444042F8426AD138462946F9
:10D4F00000F0F7FC58455FEA3F901290002087E06B
:10D50000C9F1000B584600F0DCFC044619F101009B
:10D5100018BF013CABEB040B584600F0D9FC16A930
:10D52000054658468B4600F03BFD1AA81CA95A46F2
:10D530000297CDE90010601B00F17D034046514683
:10D5400000F0E7FB04EB090B8246012C1BD8089B7B
:10D55000002E069D4CF6CD46CCF6CC4608D0DDE933
:10D560001C0201381C9062F100001D9000201390F5
:10D570000120129050E04CF6CD460020CDE912007B
:10D58000CCF6CC4646E0089B4CF6CD46069DCCF644
:10D59000CC463E2C25D84FF0FF30B4F1200200FAE3
:10D5A00004F758BF0027149C58BF9040159A24EAEE
:10D5B000070722EA000038435FEA1F90129000201C
:10D5C00011E0059888B91398C043C01965F10001AE
:10D5D00000F087FC58455FEA3F90139000201290BE
:10D5E00017E000201290139016E047F00200294641
:10D5F00000F077FCDDE91C124B1E62F10005584576
:10D6000053EA21801C9055EA22801D900020129040
:10D6100013902146089B069D002D0C934AD0BAF129
:10D620000A0071F1000001D2012037E000274FF01D
:10D630000A0C02204FF064094FF47A7842F2107E0F
:10D640000A22A2FB0C4507EB870305EB4303BAEB69
:10D65000040471EB030320D3A2FB093407FB094444
:10D66000BAEB030371EB040314D3A2FB083407FBEA
:10D670000844BAEB030371EB04030DD3A2FB0E23A2
:10D68000043007FB0E37BAEB020371EB0703D8D265
:10D69000013802E0013000E00230089B079A0BEBF2
:10D6A00002073844B0EBD27FB8BFD00F834253EAB1
:10D6B000B0800C90CDF80CB00DF1680B1D9C16AD30
:10D6C0009BE8000B00201591149011900B902FE017
:10D6D0001599504632464FF0CC3316AD4FEADB0475
:10D6E000009500F06AFD1498BB46129910F0FF0FE8
:10D6F000DDE916235FEA1F90014008EB88001291D4
:10D70000404210994942B1EB400F13995FEA1F90D4
:10D7100001401391D00840EA437101EB8000AAEB6D
:10D720004000149011988A4601301190D808159045
:10D730005846214632464FF0CC330095CDF834B0F0
:10D740000E9400F03AFD4046494632464FF0CC3345
:10D75000DDE9164B0095CDE90F9800F02EFDDDE9CF
:10D760001601E20842EA4B774FEAD109C00840EAC5
:10D770004178B8EB070079EBDB00A9D31599BAF132
:10D780000A0071F1000001D201203BE00A97002558
:10D790000A2202204FF00A0C64274FF47A7EA2FB83
:10D7A0000C3605EB850406EB4406BAEB030371EB7C
:10D7B000060322D3A2FB073605FB0766BAEB030379
:10D7C00071EB060316D3A2FB0E3605FB0E66BAEB11
:10D7D000030371EB06030FD342F210740430A2FB73
:10D7E000042305FB0435BAEB020371EB0503D6D223
:10D7F000013802E0013000E002300A9F4CF6CD46CD
:10D80000CCF6CC460C9A4AEA010313435FEA1F9315
:10D81000904203DD13B901200B905AE71398C0071B
:10D8200071D0DDF8408032460F994FF0CC3316AD01
:10D830000095404600F0C1FCDDE91610C8F1000378
:10D84000DDF848B0CA0842EA407404EB8202524252
:10D85000B3EB420F5FD1C208DDF84490DDF850C051
:10D86000DDE90D01904632464FF0CC33CDF850C083
:10D87000009500F0A2FC1599324616984FF0CC3373
:10D8800012905046179F009500F097FC4CF6CD4241
:10D8900016A8009020464146CCF6CC424FF0CC333F
:10D8A000DDE91665CDF83C8000F087FCF10841EA1F
:10D8B000457E14980EEB8101A046ED0810F0FF0F95
:10D8C000AAEB410C5FEA1F90DDE916120BEA000B90
:10D8D00012984CF6CD461595CB0843EA4274C00821
:10D8E00004EB830340EA47705B4209F1010916AD7E
:10D8F000F908C8F10007CCF6CC46D208F246B7EBDF
:10D90000430FAFD00CE00DF1400BD646DDF850C010
:10D910009BE8000B04E0D646DDF84490DDF850C0EB
:10D92000159A8EEA08010F981346424011430B9A4C
:10D930005FEA0F911143CA07059900295FEA1F9119
:10D94000002A04BF139A11EA02010ED05FFA8CF18B
:10D9500005295FEA0F92042962EA0B025FEA9F91B0
:10D9600042EA0E0202EA010C01E04FF0010C0398BA
:10D9700009EB00051EEB0C0043F10001B0F10A02B7
:10D9800071F1000201D2012338E0AE4600264FF0CB
:10D990000A0802234FF0640B4FF47A7A42F21079AE
:10D9A0000A25A5FB087206EB860402EB4402C41BA1
:10D9B00071EB02021DD3A5FB0B2406FB0B44821A5C
:10D9C00071EB040212D3A5FB0A2406FB0A44821A57
:10D9D00071EB04020CD3A5FB0952043306FB0926A4
:10D9E000421B71EB0602DCD2013B02E0013300E096
:10D9F00002334CF6CD467546CCF6CC460C9A934293
:10DA00005FEADC82012A079A3AD1069F4FB12A4485
:10DA10001A44012AD8BF0122089F974257EAB282CE
:10DA20000C920C9A93422BDD05304CF6CD4741F118
:10DA30000001CCF6CC474008013B40EAC1700135FB
:10DA400010EB51024FEA510142F10002A2FB0776AE
:10DA500026F0030707EB96074FF0CC36D21B821A4D
:10DA60004CF6CD40CCF6CC4061F10001A2FB0007A2
:10DA700002FB06724CF6CD46CCF6CC4601FB0621E5
:10DA80000C9A934253EAB2822BB214B22344A3F10C
:10DA90000108012CC0F2348102F00303099ACDF889
:10DAA0004880042C02F105091193149402D24FF01E
:10DAB000000AA9E0E31A2244149C02F104084FF082
:10DAC000000A13936422002383460F46FEF76EF983
:10DAD000420800F0010042EAC17212EB510141F12B
:10DAE0000001A1FB062323F0030202EB93020023B3
:10DAF000891A4FF47A7240EA4100394640F030000A
:10DB000015905846FEF752F942084CF6CD4642EAC7
:10DB1000C172CCF6CC4612EB510100F0010041F18C
:10DB200000024FEA5B0141EAC77111EB570343F171
:10DB30000003A3FB066525F0030606EB95069B1B79
:10DB40006FF00206CB1A4CF6CD41CCF6CC41A3FBCC
:10DB5000011C01EB8105ABEB450545F0300508F8EC
:10DB600004598AEA0605159E254409F805604CF615
:10DB7000CD46CCF6CC46A2FB065626F0030505EBB7
:10DB80009606A2EB06024CF6CD46CCF6CC4640EA11
:10DB900042006FF0030282EA0A0240F030002244A1
:10DBA00009F802004FF0CC304FEA570203FB00C0E7
:10DBB00062F1000202FB06004A0801F0010142EA9C
:10DBC000C07212EB500040F10000A0FB062323F0CE
:10DBD000030202EB93020023801A42F2107241EA20
:10DBE00040006FF0010181EA0A0140F03000214459
:10DBF00009F8010058463946FEF7D8F80AF1040A38
:10DC0000139A52457FF45EAFDDF844E0DDF84880BA
:10DC1000149CBEF1000F73D042084CF6CD4742EA87
:10DC2000C172CCF6CC4712EB51036FEA0A0543F1FF
:10DC300000032544A3FB077626F0030707EB9607AE
:10DC40004E08DB1BD31A4CF6CD42CCF6CC4266F123
:10DC5000000CA3FB0227BEF1010F02EB8206A0EB32
:10DC6000460646F0300609F8056049D04FF0CC363C
:10DC70004CF6CD4503FB06734CF6CD47CCF6CC47AE
:10DC8000CCF6CC450CFB0733570802F0010247EAFB
:10DC9000C37717EB53034CF6CD4743F10003CCF6A3
:10DCA000CC47BEF1020FA3FB077626F0030707EB74
:10DCB0009607A3EB070342EA4302A4EB0A0303EB34
:10DCC000090642F0300206F8022C19D06422002323
:10DCD000FEF76CF8420800F0010042EAC17212EB54
:10DCE000510141F10001A1FB052323F0030202EBE6
:10DCF0009302891A40EA410040F0300006F8030C14
:10DD0000099804990171C0F80080204621B0BDE84F
:10DD1000F08F2DE9F04F8BB0490041EAD0740593A4
:10DD20001646D2E9002345002846214608AF009751
:10DD300000F043FAD6E90223834606A889460090FC
:10DD400028462146DDE9087A00F037FA10EB07088B
:10DD5000DDE906234AEB010ADDE90801571C059CB1
:10DD600043F10005B8EB00007AEB0100A4F1410497
:10DD700055EA338357EA328296E8830017EB0807A7
:10DD8000F568049445EB0A0510EB0B0059EB010014
:10DD9000009457F10000CDE9062345F10001571C1E
:10DDA00043F10005B0EB080471EB0A04CDF80CB0A8
:10DDB00055EA338357EA3282CDF8089000F01BFA17
:10DDC000DDE91429169BC2E9000143B3D6E900C17D
:10DDD000D6E902560398B8EB0505DDE906236AEBA0
:10DDE00006066C1E66F10007B0EB0C000298DDF829
:10DDF00010B08841CDF800B054EA358057EA36813A
:10DE0000571E63F10006B8EB00057AEB010557EAEF
:10DE1000328256EA338300F0EEF95F463EE0DDE9F8
:10DE200006204FEA4804D6E900EC01900598D6E9AF
:10DE30000276A0F14005029800954FEA4A05039941
:10DE400045EAD87544EAD0744300E71B65EB060643
:10DE5000B7F1010B43EAD17366F10000DEEB41013B
:10DE600073EB0C0150EA36815BEA3780B4EB0803B0
:10DE7000019F75EB0A035FEA2F937F0043EA420399
:10DE800047EAD2775A1E67F10006241A8D4152EAFA
:10DE9000338256EA378300F0AEF9049FDDE90623AA
:10DEA000C9E9000140465146009700F0A4F90BB0C3
:10DEB000BDE8F08F43F24141C0F201014843800CBC
:10DEC000704742F6FB61C0F20B014843000D7047FA
:10DED00049F24F31C0F212014843012101EBD04019
:10DEE00070472DE9F04F4CF6CD4E45F6294442F6E9
:10DEF000F50A47F6D50847F6916943F2343B0246E6
:10DF00000020CCF6CC4E4FF03333CCF28F24C8F641
:10DF10005C7AC2F2E968C3F6FB29C3F2333BA2FB89
:10DF20000E5C4FF0CC3702FB07C7D5F1333501FB50
:10DF30000E7773EB07072ED3A2FB047502FB0A557D
:10DF4000D7F1333701FB045573EB050722D3A2FB4E
:10DF5000087540F63106C1F6AC4602FB0655D7F10E
:10DF6000333701FB085573EB050716D3A2FB097580
:10DF70004CF67066CDF28826043002FB065201FB97
:10DF80000921B7EB0B0271F133323A46C7D301389E
:10DF9000BDE8F08F0130BDE8F08F0230BDE8F08FB2
:10DFA0002DE9F04F87B005464EF64F40C4F6C460E9
:10DFB0008B46A5FB0001C8081A2100FB01F640F2C0
:10DFC0004011C0F2012101EB0010B54209D190E8E7
:10DFD0000E00C0688BE80E00CBF80C0007B0BDE85F
:10DFE000F08FD0E9009240F21021C0F2012101929D
:10DFF000D0E90223A81B51F8307001EBC00044683F
:10E0000004A800903846214600F0D7F8019B8246CC
:10E0100002A888460090384621464A4600F0CDF8CE
:10E0200081460191DDE90201002210EB0A0758EB5D
:10E03000010842F10000012806D1DDE904010130A8
:10E04000049041F1000005902846FFF741FF044687
:10E050003046FFF73DFF0199241A48463A464346A9
:10E06000009400F0C8F86FF0030240F2E02302EAE7
:10E070009502C0F201239A581E2303EA4503DA40B1
:10E0800002F003068019DDE9042341F10001CBE928
:10E09000000138464146009400F0ADF8CBE902019A
:10E0A00007B0BDE8F08F2DE9F04F87B08B464EF6F4
:10E0B0004F4105461930C4F6C461A0FB0101C808F0
:10E0C0001A2100FB01F640F23831C0F2012101EBC8
:10E0D0000010AE4209D190E80E00C0688BE80E0037
:10E0E000CBF80C0007B0BDE8F08FD0E900A240F2F9
:10E0F0001021C0F201210192D0E90223701B51F8D6
:10E10000307001EBC000446804A8009038462146F6
:10E1100000F053F8804602A80090BAF1010201987D
:10E120008946214660F10003384600F046F804466F
:10E130008A46DDE90201002210EB080751EB0908CD
:10E1400042F10000012806D1DDE90401013004900C
:10E1500041F1000005903046FFF7BAFE064628461A
:10E16000FFF7B6FE361A204651463A464346009619
:10E1700000F041F86FF0030240F2284302EA9502F2
:10E18000C0F201239A581E2303EA4503DA4002F045
:10E1900003054019DDE9042341F10001013041F19B
:10E1A0000001CBE9000138464146009600F023F813
:10E1B000CBE9020107B0BDE8F08FF0B5A2FB01CEBC
:10E1C000A2FB0075A3FB011415EB0C05DDF814C0D0
:10E1D00051EB0E06294644F100043246E3FB0012DF
:10E1E000A3FB0003401956EB030044F10000CCE907
:10E1F00000203846F0BD10B5DDF808C0CCF1400E67
:10E20000CEF1200420FA0CF003FA0EF322FA04F403
:10E210002343DCF1200458BF02FA04F302FA0EF2A1
:10E2200001FA04F440EA040058BF0022BCF12004C3
:10E2300058BF21FA04F021FA0CF158BF0021104315
:10E24000194310BD2573203D3E20416464726573FF
:10E2500073203078255820656666656374732030B6
:10E260007825580D0A00735F736472616D5F6E6389
:10E270005B617420307825585D206E6F7420696E64
:10E2800020534452414D2072616E67650D0A005261
:10E290006561642066726F6D20534452414D28635E
:10E2A0006163686561626C65206172656129202027
:10E2B00020746F2052414D2028756E63616368653C
:10E2C00061626C65206172656129207769746820DC
:10E2D00033326269742077696474682C2000577245
:10E2E0006974652066726F6D2052414D2028756EED
:10E2F000636163686561626C652061726561292094
:10E30000746F20534452414D2863616368656162B4
:10E310006C6520617265612920202077697468200E
:10E3200020386269742077696474682C2000416425
:10E3300064726573732070696E20636865636B2017
:10E340004641494C454400526561642066726F6DD8
:10E3500020534452414D28756E6361636865616264
:10E360006C6520617265612920746F204454434DAF
:10E37000202020202020202020202020202020209D
:10E3800020202077697468202038626974207769BA
:10E390006474682C2000526561642066726F6D2081
:10E3A000534452414D28636163686561626C652026
:10E3B0006172656129202020746F2052414D202810
:10E3C000636163686561626C6520617265612920C3
:10E3D0002020776974682031366269742077696417
:10E3E00074682C2000526561642066726F6D205342
:10E3F0004452414D28636163686561626C652061C8
:10E4000072656129202020746F2052414D202863BD
:10E410006163686561626C652061726561292020B5
:10E42000207769746820363462697420776964746F
:10E43000682C200052323A2020307825303858009D
:10E4400044436163686520616C726561647920642E
:10E45000697361626C6500526561642066726F6DFC
:10E4600020534452414D28636163686561626C6565
:10E47000206172656129202020746F204454434D2F
:10E48000202020202020202020202020202020208C
:10E49000202020776974682031366269742077699A
:10E4A0006474682C200057726974652066726F6D01
:10E4B0002052414D2028636163686561626C65206C
:10E4C0006172656129202020746F20534452414DB0
:10E4D00028756E636163686561626C652061726551
:10E4E0006129207769746820333262697420776902
:10E4F0006474682C200057726974652066726F6DB1
:10E500002052414D2028756E636163686561626CBD
:10E510006520617265612920746F20534452414D1A
:10E5200028756E636163686561626C652061726500
:10E5300061292077697468203136626974207769AF
:10E540006474682C20004661696C656420617420E5
:10E55000307825702E200043616368653A2030785A
:10E56000253038582C20534452414D3A20307825DC
:10E570003038580D0A005053503A2020202030786F
:10E580002530385800526561642066726F6D2053E3
:10E590004452414D28636163686561626C65206126
:10E5A00072656129202020746F204454434D20203F
:10E5B000202020202020202020202020202020205B
:10E5C00020776974682036346269742077696474CE
:10E5D000682C20005475726E206F6E204443616376
:10E5E00068652C2077726974652D7468726F756721
:10E5F00068206D6F64650057726974652066726F7C
:10E600006D204454434D2020202020202020202015
:10E61000202020202020202020746F2053445241AD
:10E620004D28636163686561626C65206172656134
:10E630002920202077697468203136626974207738
:10E64000696474682C200057726974652066726F63
:10E650006D2052414D2028756E636163686561626B
:10E660006C6520617265612920746F2053445241AA
:10E670004D28636163686561626C652061726561E4
:10E6800029202020776974682031366269742077E8
:10E69000696474682C2000436865636B6564204579
:10E6A00072726F723A20496E737472756374696F17
:10E6B0006E20427573204572726F720044617461FE
:10E6C0002070696E20636865636B204641494C4544
:10E6D0004400735F736472616D5B617420307825F0
:10E6E000585D206E6F7420696E20534452414D2056
:10E6F00072616E67650D0A005365742077726974E4
:10E70000652D6261636B206661696C656400577298
:10E710006974652066726F6D2052414D2028756EB8
:10E72000636163686561626C65206172656129205F
:10E73000746F20534452414D28756E636163686560
:10E7400061626C6520617265612920776974682057
:10E7500036346269742077696474682C20005343EE
:10E76000422D3E484653523A2030782530385800E2
:10E7700046756C6C206368697020636865636B2004
:10E780005041535300636865636B46756C6C436816
:10E7900069705769746853657100577269746520B0
:10E7A00066726F6D204454434D202020202020208D
:10E7B000202020202020202020202020746F205383
:10E7C0004452414D28756E636163686561626C6592
:10E7D000206172656129207769746820333262692B
:10E7E000742077696474682C20005475726E206FF1
:10E7F0006E204443616368652C2077726974652DCF
:10E800006261636B206D6F6465007573696E67206C
:10E8100074696D653A20256C6C752075732C200029
:10E82000444D41202066726F6D20534452414D206B
:10E83000746F2052414D202077697468203634620D
:10E8400069742077696474682C20526570656174FE
:10E850002D426C6F636B206D6F64652C20005053EC
:10E86000523A20307825303858000D0A3D3D3D3D64
:10E870003D3D3D3D204F7468657220526567697368
:10E88000746572203D3D3D3D3D3D3D3D002573207D
:10E890003D3E204661696C656420617420307825B6
:10E8A000580D0A00696E74657276616C5F6164640C
:10E8B0007231203D20307825580D0A005265616480
:10E8C0002066726F6D20534452414D28756E63610E
:10E8D00063686561626C6520617265612920746F8F
:10E8E0002052414D2028636163686561626C652038
:10E8F000617265612920202077697468203634624E
:10E9000069742077696474682C200052333A20209F
:10E91000307825303858000D0A3D3D3D3D3D3D3DA8
:10E920003D3D2053434220526567697374657220F0
:10E930003D3D3D3D3D3D3D3D3D0046756C6C20639C
:10E9400068697020636865636B20776974682072FA
:10E95000616E646F6D2073657175656E63652050BF
:10E96000415353002573203D3E204661696C64206D
:10E97000617420307825580D0A0052656164206664
:10E98000726F6D20534452414D2863616368656125
:10E99000626C65206172656129202020746F2052AD
:10E9A000414D2028756E636163686561626C652006
:10E9B00061726561292077697468203634626974F0
:10E9C0002077696474682C2000577269746520662A
:10E9D000726F6D2052414D202863616368656162EA
:10E9E0006C65206172656129202020746F2053447A
:10E9F00052414D28636163686561626C6520617294
:10EA00006561292020207769746820363462697432
:10EA10002077696474682C200052656164206672F6
:10EA20006F6D20534452414D28756E636163686574
:10EA300061626C6520617265612920746F204454A5
:10EA4000434D202020202020202020202020202076
:10EA50002020202020776974682036346269742071
:10EA600077696474682C2000577269746520667237
:10EA70006F6D2052414D2028636163686561626C4F
:10EA800065206172656129202020746F20534452F3
:10EA9000414D28636163686561626C6520617265E0
:10EAA00061292020207769746820313662697420DA
:10EAB00077696474682C20005772697465206672E7
:10EAC0006F6D2052414D2028756E636163686561EA
:10EAD000626C6520617265612920746F2053445215
:10EAE000414D28756E636163686561626C65206184
:10EAF00072656129207769746820333262697420F5
:10EB000077696474682C200046756C6C20636869B2
:10EB10007020636865636B204641494C4544005250
:10EB20006561642066726F6D20534452414D2875B3
:10EB30006E636163686561626C65206172656129FD
:10EB400020746F204454434D20202020202020207A
:10EB50002020202020202020202020776974682079
:10EB600033326269742077696474682C20005265BE
:10EB700061642066726F6D20534452414D28636179
:10EB800063686561626C652061726561292020207F
:10EB9000746F2052414D2028636163686561626C27
:10EBA00065206172656129202020776974682033AF
:10EBB000326269742077696474682C200057726926
:10EBC00074652066726F6D2052414D2028756E630A
:10EBD0006163686561626C6520617265612920749A
:10EBE0006F20534452414D28636163686561626CD4
:10EBF000652061726561292020207769746820365C
:10EC0000346269742077696474682C20005343422D
:10EC10002D3E435346523A20307825303858005024
:10EC200053504C494D3A20307825303858004578BB
:10EC3000706563743A20307825582C2052656164E1
:10EC40003A20307825580D0A002573203D3E205784
:10EC5000726974653A20307825582C2052656164B9
:10EC60003A20307825580D0A00577269746520667D
:10EC7000726F6D2052414D2028756E636163686527
:10EC800061626C6520617265612920746F20534454
:10EC900052414D28636163686561626C65206172F1
:10ECA0006561292020207769746820333262697495
:10ECB0002077696474682C2000696E660052303ACF
:10ECC0002020307825303858005231323A203078C0
:10ECD00025303858004C523A2020307825303858AA
:10ECE0000050433A2020307825303858000D0A0073
:10ECF000446174612070696E20636865636B2050A5
:10ED000041535300636865636B44514D00757369EB
:10ED10006E67206379636C653A20256C6C752C20D6
:10ED200000526561642066726F6D20534452414DFC
:10ED300028756E636163686561626C6520617265E8
:10ED4000612920746F204454434D2020202020202E
:10ED500020202020202020202020202020776974BF
:10ED6000682031366269742077696474682C2000E9
:10ED700057726974652066726F6D204454434D204C
:10ED80002020202020202020202020202020202083
:10ED90002020746F20534452414D2863616368659D
:10EDA00061626C6520617265612920202077697439
:10EDB000682020386269742077696474682C2000A8
:10EDC000444D4120204F7065726174696F6E00443C
:10EDD0004D41202066726F6D2052414D2020746F8E
:10EDE00020534452414D207769746820363462695B
:10EDF000742077696474682C205265706561742D85
:10EE0000426C6F636B206D6F64652C20002573204E
:10EE10003D3E20457870656374206261736520769D
:10EE2000616C3A20307825582C207265616420305E
:10EE30007825580D0A0057726974652066726F6DE7
:10EE4000204454434D20202020202020202020201A
:10EE50002020202020202020746F20534452414D38
:10EE600028636163686561626C6520617265612910
:10EE700020202077697468203634626974207769AD
:10EE80006474682C200057726974652066726F6D17
:10EE90002052414D2028636163686561626C652082
:10EEA0006172656129202020746F20534452414DC6
:10EEB00028756E636163686561626C652061726567
:10EEC0006129207769746820203862697420776925
:10EED0006474682C20001B5B324A1B5B480046753B
:10EEE0006C6C206368697020636865636B20776968
:10EEF0007468206F726465726564207365717565EE
:10EF00006E63652050415353002573203D3E2046DB
:10EF100061696C65642C2076616C5F773A2030788B
:10EF200025582C2076616C5F723A20307825580D78
:10EF30000A0046756C6C20636869702063686563BD
:10EF40006B2077697468206F7264657265642073E2
:10EF5000657175656E6365204641494C45440044C2
:10EF60004D41202066726F6D204454434D20746FD4
:10EF700020534452414D20776974682036346269C9
:10EF8000742077696474682C205265706561742DF3
:10EF9000426C6F636B206D6F64652C20004861725A
:10EFA000644661756C74206F63637572726564206A
:10EFB0006279204445425547004861726446617554
:10EFC0006C74206F63637572726564206279206F60
:10EFD0007468657220657863657074696F6E206609
:10EFE0006F72636564003D3D3D3D3D3D3D3D3D3DB2
:10EFF000204D535020537461636B20203D3D3D3DB7
:10F000003D3D3D3D3D3D00495053523A203078252D
:10F0100030385800436865636B6564204572726FD1
:10F02000723A20446976696465204279205A657293
:10F030006F00436865636B6564204572726F723A56
:10F0400020496E76616C6964205374617465002593
:10F0500073203D3E204164647265737320307825CF
:10F060005820616666656374732062617365206110
:10F0700064647265737320307825580D0A005772E6
:10F080006974652066726F6D2052414D202863615E
:10F0900063686561626C652061726561292020206A
:10F0A000746F20534452414D28756E6361636865E7
:10F0B00061626C65206172656129207769746820DE
:10F0C00031366269742077696474682C2000577245
:10F0D0006974652066726F6D2052414D202863610E
:10F0E00063686561626C652061726561292020201A
:10F0F000746F20534452414D28756E636163686597
:10F1000061626C652061726561292077697468208D
:10F1100036346269742077696474682C200043680F
:10F1200065636B6564204572726F723A204E6F2082
:10F13000436F70726F636573736F72002573203D48
:10F140003E204661696C6420617420307825580D3A
:10F150000A0D0A0073706565643A20252E32662018
:10F160004D422F730D0A00526561642066726F6D07
:10F1700020534452414D28636163686561626C6548
:10F18000206172656129202020746F2052414D203A
:10F1900028756E636163686561626C652061726584
:10F1A0006129207769746820313662697420776933
:10F1B0006474682C2000436865636B656420457245
:10F1C000726F723A20556E616C69676E656420419A
:10F1D0006363657373002573203D3E205772697425
:10F1E000653A20307825580D0A526561643A20202E
:10F1F000307825580D0A00526561642066726F6D83
:10F2000020534452414D28756E63616368656162A5
:10F210006C6520617265612920746F2052414D2018
:10F2200028756E636163686561626C6520617265F3
:10F2300061292077697468203332626974207769A4
:10F240006474682C2000444D41202066726F6D204C
:10F25000534452414D20746F204454434D207769EC
:10F2600074682036346269742077696474682C206D
:10F270005265706561742D426C6F636B206D6F64B5
:10F28000652C20005465726D696E616C0043686581
:10F29000636B6564204572726F723A20556E6465C7
:10F2A00066696E656420496E737472756374696F04
:10F2B0006E004175746F20726566726573682063B5
:10F2C0006865636B205041535300636865636B410D
:10F2D00064647265737350696E0052656164206680
:10F2E000726F6D20534452414D28756E636163689F
:10F2F0006561626C6520617265612920746F2052BE
:10F30000414D2028636163686561626C65206172AC
:10F31000656129202020776974682020386269742B
:10F320002077696474682C200052313A20203078AC
:10F33000253038580073746172745F6164647220A0
:10F340006F7574206F662072616E6765004164643A
:10F35000726573732070696E20636865636B2050FB
:10F36000415353002573203D3E20457870656374FA
:10F370003A20307825582C20726561643A20307824
:10F3800025580D0A0057726974652066726F6D20EA
:10F390004454434D202020202020202020202020C5
:10F3A00020202020202020746F20534452414D28DB
:10F3B000756E636163686561626C65206172656129
:10F3C000292077697468202038626974207769641D
:10F3D00074682C20004D53503A202020203078258E
:10F3E00030385800436865636B6564204572726FFE
:10F3F000723A20507265636973652064617461209C
:10F40000627573206572726F7200424641522069C4
:10F41000732076616C69643A203078253038580D55
:10F420000A001B5B306D0044514D2070696E2063F3
:10F430006865636B204641494C4544004175746FD3
:10F44000207265667265736820636865636B204629
:10F4500041494C454400546573742073697A6520B2
:10F46000697320746F6F20736D616C6C20776974A1
:10F470006820746869732063617365005265616414
:10F480002066726F6D20534452414D28756E636142
:10F4900063686561626C6520617265612920746FC3
:10F4A0002052414D2028756E636163686561626C0E
:10F4B0006520617265612920776974682031366240
:10F4C00069742077696474682C20005772697465C8
:10F4D0002066726F6D204454434D20202020202050
:10F4E00020202020202020202020202020746F2079
:10F4F000534452414D28756E636163686561626C67
:10F5000065206172656129207769746820313662EF
:10F5100069742077696474682C20005343422D3E3F
:10F52000494353523A2030782530385800526561AB
:10F53000642066726F6D20534452414D28756E638E
:10F540006163686561626C65206172656129207420
:10F550006F2052414D2028756E636163686561625A
:10F560006C65206172656129207769746820203894
:10F570006269742077696474682C20005365742074
:10F5800077726974652D7468726F7567682066613B
:10F59000696C65640057726974652066726F6D20CE
:10F5A0004454434D202020202020202020202020B3
:10F5B00020202020202020746F20534452414D28C9
:10F5C000756E636163686561626C65206172656117
:10F5D00029207769746820363462697420776964F9
:10F5E00074682C2000436865636B65642045727203
:10F5F0006F723A20537461636B204F766572666C4C
:10F600006F7700526561642066726F6D20534452BB
:10F61000414D28636163686561626C652061726554
:10F620006129202020746F2052414D2028756E637F
:10F630006163686561626C6520617265612920772C
:10F640006974682020386269742077696474682C52
:10F6500020006E616E005475726E206F66662044E5
:10F66000436163686500636865636B4461746150FE
:10F67000696E00636865636B46756C6C436869709E
:10F680005769746852616E640057726974652066C8
:10F69000726F6D2052414D2028756E6361636865FD
:10F6A00061626C6520617265612920746F2053442A
:10F6B00052414D28756E636163686561626C6520B7
:10F6C00061726561292077697468202038626974E5
:10F6D0002077696474682C20001B5B324A00696ED5
:10F6E00074657276616C5F6164647232203D2030B3
:10F6F0007825580D0A002573203D3E206368656318
:10F700006B4461746150696E206174207468697320
:10F71000206164647265737320504153530D0A0075
:10F72000526561642066726F6D20534452414D28CA
:10F73000636163686561626C65206172656129203F
:10F740002020746F204454434D202020202020206E
:10F75000202020202020202020202020776974686D
:10F760002020386269742077696474682C200057FF
:10F77000726974652066726F6D204454434D202079
:10F780002020202020202020202020202020202079
:10F7900020746F20534452414D2863616368656152
:10F7A000626C652061726561292020207769746828
:10F7B0002033326269742077696474682C20004DAC
:10F7C00053504C494D3A2030782530385800445138
:10F7D0004D2070696E20636865636B205041535300
:10F7E0000046756C6C206368697020636865636BA4
:10F7F00020776974682072616E646F6D2073657123
:10F8000075656E6365204641494C4544005265610B
:10F81000642066726F6D20534452414D28756E63AB
:10F820006163686561626C6520617265612920743D
:10F830006F2052414D2028636163686561626C6589
:10F840002061726561292020207769746820313633
:10F850006269742077696474682C20005265616461
:10F860002066726F6D20534452414D28756E63615E
:10F8700063686561626C6520617265612920746FDF
:10F880002052414D2028756E636163686561626C2A
:10F890006520617265612920776974682036346259
:10F8A00069742077696474682C20005772697465E4
:10F8B0002066726F6D2052414D2028636163686538
:10F8C00061626C65206172656129202020746F205F
:10F8D000534452414D28636163686561626C6520E1
:10F8E0006172656129202020776974682020386260
:10F8F00069742077696474682C2000577269746594
:10F900002066726F6D2052414D20286361636865E7
:10F9100061626C65206172656129202020746F200E
:10F92000534452414D28636163686561626C652090
:10F930006172656129202020776974682033326202
:10F9400069742077696474682C20000D0A3D3D3D80
:10F950003D3D3D3D3D3D3D3D3D3D3D3D20496E20D4
:10F96000486172644661756C74203D3D3D3D3D3D8E
:10F970003D3D3D3D3D3D3D3D3D00436865636B651F
:10F9800064204572726F723A20496E76616C6964C8
:10F9900020504300636865636B46756C6C4368690F
:10F9A000704E6F43616368650052656164206672E2
:10F9B0006F6D20534452414D2863616368656162F5
:10F9C0006C65206172656129202020746F20445489
:10F9D000434D2020202020202020202020202020D7
:10F9E00020202020207769746820333262697420D7
:10F9F00077696474682C2000526561642066726FB8
:10FA00006D20534452414D28636163686561626CA7
:10FA100065206172656129202020746F2052414D5C
:10FA20002028636163686561626C6520617265614D
:10FA30002920202077697468202038626974207733
:10FA4000696474682C2000526561642066726F6D71
:10FA500020534452414D28756E636163686561624D
:10FA60006C6520617265612920746F2052414D20C0
:10FA700028636163686561626C65206172656129F4
:10FA80002020207769746820333262697420776996
:10FA90006474682C2000286E756C6C29003031323B
:10FAA0003334353637383941424344454600000047
:10FAB0000000005454522052454747455300D4D4C7
:10FAC00000000022040B022224FE00027CFE000241
:10FAD00000040E000100000000200000318C000234
:10FAE000000000000000000010000022D0FA000218
:10FAF0000C0B0222E8FA0002B8FE0002000100002E
:10FB0000200000220F00FFFF0000000101000000A4
:10FB1000090200000C000C010C020C0300000000A4
:10FB200000000000A999000200000000FCFA000299
:10FB3000240B022210FB00023CFE00020400000025
:10FB40000C000000040000000D0000000008011C73
:10FB5000000100000008011C010100000008011C58
:10FB6000030100000004011C070100001040000018
:10FB700008010000040C00000A010000000C01153F
:10FB80000B010000000C010B0C010000000C010B2C
:10FB90000D010000000C010B0E010000000C010B18
:10FBA0000F010000004000000002000010400000B3
:10FBB0000102000000000105080200000004010528
:10FBC00009020000000801000A0200000000010014
:10FBD0000B020000000001000C0200000000010008
:10FBE0000D020000000001000E02000000000100F4
:10FBF0000F020000000C010B00030000000C010BC1
:10FC000001030000000C010B020300001040000083
:10FC100003030000000001140704000000000114A9
:10FC20000804000040040107090400004004010723
:10FC30000A0400000000011F0B0400001040000037
:10FC40000C040000000C010B03050000000C010B6C
:10FC500004050000000C010B05050000000C010B61
:10FC600006050000000C010B07050000000C010B4D
:10FC700008050000000C010B09050000000C010B39
:10FC80000A0500000504000006060000000C010B38
:10FC900007060000000C010B08060000000C010B19
:10FCA00009060000000C010B0A060000000C010B05
:10FCB0000B060000000C010B0C060000000C010BF1
:10FCC0000D060000000C010B0E060000000C010BDD
:10FCD0000F0600000008011C030800000008011CBA
:10FCE00008080000000C010B0D08000000000113C3
:10FCF0000E080000000001130F080000000C010BAB
:10FD0000000A0000000C010B010A0000000C010BAE
:10FD1000020A0000000C010B030A0000000C010B9A
:10FD2000040A0000000C010B050A0000000C010B86
:10FD3000060A0000000C010B080A0000000C010B71
:10FD4000090A0000000C010B0A0A0000000C010B5C
:10FD50000B0A0000000C010B0C0A0000000C010B48
:10FD60000D0A0000000C010B0E0A00000008010B38
:10FD70000F0A0000000C010B000C0000000C010B2E
:10FD8000010C0000000C010B020C0000000C010B28
:10FD9000030C0000000C010B040C0000000C010B14
:10FDA000050C0000000C010B060C0000000C010B00
:10FDB000070C0000000C010B080C0000000C010BEC
:10FDC000090C0000000C010B0A0C0000000C010BD8
:10FDD0000B0C0000000C010B0C0C0000000C010BC4
:10FDE0000D0C0000000C010B0E0C0000000C010BB0
:10FDF000000D0000000C0115010D0000000C0115A4
:10FE0000020D0000000C0115030D0000000C01158F
:10FE1000040D000000080115050D0000100001157B
:10FE2000070D00005D0000003CFB00020000000028
:10FE300003030403050306034000D4D4619B0002BE
:10FE4000499F0002599F0002A99F000241A00002A1
:10FE500051A0000291A00002A1A0000291A1000205
:10FE6000A1A10002A9A100020600000008000000F4
:10FE700003000000050000000A000000A1A4000229
:10FE8000B9A40002C9A40002D9A4000291A50002ED
:10FE9000C1A5000209A6000231A6000269A600025F
:10FEA00099A60002B9A60002E1A60002F9A6000286
:10FEB000020403040404D4D4D9A8000259A90002FE
:10FEC00071A90002D9A90002E9A9000211AA000241
:10FED00021AA000231AA000261AA0002C1AA0002FE
:10FEE000C9AA00020000006800000168000000804C
:10FEF0000000008000000070000000704000002240
:10FF0000400001220B0000001CFF0002190000004D
:10FF1000A0FF000204000000E4FE000200000168EF
:10FF2000000001680001000D000002680000026886
:10FF30000001000D000000800000008000010008AA
:10FF40000000008000000080000100080000007038
:10FF5000000000700001000A000000700000007046
:10FF60000001000A00000000000000000100000580
:10FF700000000120000001200100000440000122D7
:10FF8000400001220000000370040222D80B02226C
:10FF900000000003E00B0222E00B0222000000033D
:10FFA0000000006800000068000000900001090DDA
:10FFB00000000068000000680000007800010B0DE0
:10FFC0000000006800000068000000270001020D2A
:10FFD0000000006800000068540000020001010DEC
:10FFE000000000800000008000000090000109086F
:10FFF00000000080000000800000007800010B0875
:020000040201F7
:1000000000000080000000800000002700010208BE
:100010000000008000000080540000020001010880
:100020000000007000000070000000900001090A4C
:1000300000000070000000700000007800010B0A52
:100040000000007000000070000000270001020A9C
:100050000000007000000070540000020001010A5E
:1000600000000000000000000000009001010905F0
:1000700000000000000000000000007801010B05F6
:100080000000000000000000000000270100020541
:100090000000000000000000540000020100010503
:1000A0000000002000000020000000900101090471
:1000B00000000020000000200000007801010B0477
:1000C00000000020000000200000002701000204C2
:1000D0000000002000000020540000020100010484
:1000E000000000220000002200000090000109032F
:1000F00000000022000000220000007800010B0335
:10010000000000220000002200000027000002037F
:10011000000000222400002254000002000001031D
:10012000D80B0222E00B022278000002000001033B
:1001300001000200080010002000D4D4D4D4D4D48C
:10014000000000000000000000000000000000109F
:100150000000000000000000B9340332B7F4AD1411
:1001600010DB1AB30892540E0D307D951447BA1A5D
:1001700066088F4D26ADC66DF598BF85E2B745116F
:10018000CA96853D92BD1DEBFCA11860DCEF5216AE
:100190003C92AE220BB8C1B4839D2D5B0562DA1C84
:1001A000304C7E8F4E8BB25B16F4529F8B56A5124D
:1001B000FBD4827643ED8AF08FE7F9311565191883
:1001C00050F19BD94A13EEB4284CF0A686C1251FE6
:1001D000035FC270CB9E4916E642889C44EB201414
:1001E000B0650836AD6EA58585F0CA14E2FD031A28
:1001F0000B899979D5B13D09D8DA973A35EBCF100B
:10020000AC363F5E73BB38CF3E6752FA44AFBA1587
:1002100001000000000000000500000000000000D8
:1002200019000000000000007D0000000000000038
:100230007102000000000000350C0000000000000A
:10024000093D0000000000002D3101000000000009
:10025000E1F505000000000065CD1D000000000074
:10026000F902950000000000DD0EE9020000000028
:10027000514A8D0E000000009573C2480000000036
:10028000E941CC6B010000008D49FD1A0700000018
:10029000C16FF28623000000C52EBCA2B100000091
:1002A000D9E9AC2D780300003D9160E458110000BD
:1002B00031D6E275BC560000F52E6E4DAEB1010090
:1002C000C9EA268367780800ED95C28F055A2A008F
:1002D000A1EDCCCE1BC2D30025A4000A8BCA2204F8
:1002E000000000000000000000000000000000000E
:1002F00000000040955969595555545515555556A6
:10030000040515411054554045515544404550444D
:10031000505555450040004040044496655556559B
:1003200045404554514115405591555555554051FD
:1003300005010000D4D4D4D4010000000000000066
:100340000000000000000020345065C05FC9A652C4
:10035000BB13CBAEC440C21806C8DF7100D5A87C61
:10036000F56F0FDA58FC27136E4756357D2420654C
:1003700002C7E768E48CA41DE9E60268D7CD3961BD
:100380007977FCC2405BEF16798CDE43FFA751F909
:1003900091F3B278F5BDBE11E857E9D6E8BEE87B27
:1003A000B054AC8F848D751BEA23A499E9F9D38BE3
:1003B000B7A3714061DA3E15CEE33ECB73F948082E
:1003C0008C97B427D51B7010A2BFEFB9EB853215FF
:1003D0004DB44DB49BBB6F1996B6076CF8E7EEAD04
:1003E00036D9B4F59135AE13222218AF4E6A684D56
:1003F00091DAAA3D4F40741E9FBD9EE006A1C098B1
:1004000057C2A7FDA40E90170E7D497173E3208F8C
:10041000B220D87605143B12853D7434811343B065
:10042000AD297A5F27F4351C5445545445550504CD
:1004300000100410140440000000014055551541FF
:10044000540400004400010000000040410000444A
:100450005044455054005555545565510040004096
:10046000010000010005010011545151545555057A
:100470000015415000000440100104050000000078
:1004800000000406362E342E30004275696C74204C
:10049000776974682052656E657361732041647674
:1004A000616E63656420466C657869626C65205393
:1004B0006F667477617265205061636B6167652058
:0E04C00076657273696F6E20362E342E300012
:0404D000098E00028F
:0200000402C92F
:04F04000FFFFFFFFD0
:04F04400EFFFFFFFDC
:04F0C000FFFFFFFD52
:04F0C400FFFFFFFF4C
:04F1200000000000EB
:04F1240000000000E7
:040000050200B5C17F
:00000001FF
