:020000040200F8
:100000004004012231B60002C1B30002F1960002A1
:1000100041B6000241B6000241B6000241B60002FC
:1000200000000000000000000000000041B60002D7
:10003000F18E00020000000041B6000241B600024D
:1000400029A3000259A2000201A4000289A400020F
:0400500031AD0002CC
:1000540000000300A19A0002C19A000200000000FF
:10006400000018D80000000000000000000001009B
:04007400400900003F
:0800780001000000000000007F
:100080000146002009F0ACB883B010B581B08446B9
:1000900003A840F27044C2F202240EC003AB4FF436
:1000A00080712046624600930DF05DF900202146E4
:1000B00009F096F84EF6DD410020C0F2002109F06B
:1000C0008FF801B0BDE8104003B07047D4D4D4D449
:1000D00010B54FF212410020C0F2002109F080F863
:1000E0004EF6DD440020C0F20024214609F078F8E5
:1000F0004FF2C9610020C0F2002109F071F8002020
:100100002146BDE8104009F06BB8D4D4D4D4D4D47F
:100110002DE9F04F81B02DED088B82B04FF6FE71C6
:1001200083466FF0E040CFF2FF715844884204D814
:100130004FF22530C0F20020F1E04EF61450CEF21E
:1001400000000168C90304D44EF23040C0F2002020
:1001500032E000210167BFF34F8F016843F6E0777B
:1001600021F480310160BFF34F8FC26EC2F34E3174
:10017000D308C2F3C902561C9A074B0100BF00BF47
:1001800003EA070546F001E0154400BF00BF00BFC9
:10019000C0F8605205F140450FF007C00029A1F1F9
:1001A0000101A3F12003EBD1BFF34F8FBFF36F8F9A
:1001B0004FF24660C0F2002009F0EEFB01200090F3
:1001C000202000BF00BF00BF0099CBF80010BFF394
:1001D0004F8FBFF36F8FDBF8001001910199009AE8
:1001E0009142009A40F08C8001384FEA4201009120
:1001F000EAD14EF6E040C0F2002009F0CDFB4FF00E
:10020000D0410FF2FC404FF05A320A6040F2000138
:1002100090ED001F1620C2F2000180EF5120042251
:1002200020F001E000BF00BF20FF4244A1EC045FCA
:1002300021EE420F1FF009C04FF0160E40F20008E9
:10024000C2F200084FF0D0404FF05A31424600BF92
:1002500052F8043B19500FF005C8BFF34F8FBFF39E
:100260006F8F00214FF0D0434FF0A53E4FF05A3C26
:10027000002607E000BF00BF01360139162EC2F884
:1002800000C079D058F8260000F1D04240F803E0D1
:10029000BFF34F8FBFF36F8FC558B5F1A53F47D15F
:1002A0001D68B5F15A3F55D10027404605E000BF13
:1002B000013F043017F11604DED0B942F8D00468CB
:1002C000E558B5F15A3FF3D004F1D0434FF2BA24C8
:1002D0004EF23420C0F20024C0F2002021460BF080
:1002E000C5FE4FF25430C0F200204FF05A32214682
:1002F0002B460BF0BBFE4EF21E30C0F200200EE08B
:100300004EF6F9604FF25661019BC0F20020C0F238
:1003100000210BF0ABFE4EF2AC60C0F2002009F001
:100320003BFB012002B0BDEC088B01B0BDE8F08FB3
:100330004FF2BA244EF67D00C0F20024C0F2002035
:1003400021460BF093FE4FF2C6104FF0A532C0F2DB
:100350000020CCE74FF2BA244FF23F00C0F2002455
:10036000C0F200204FF0D04321460BF07FFE4EF646
:10037000FD50C0F20020B8E745F200094EF69400A7
:10038000C6F655094AF20008C0F200204946C6F6F2
:10039000AA080BF06BFE4FF2CE604146C0F200207F
:1003A0000BF064FEDAA080EF53204FF0000C4FF406
:1003B000807A90ED001F042185EF5A4E82FF556E22
:1003C0004AF001E04846424620EF508100BF00BF9E
:1003D00008EF52A12BFE4F0F37FE05AFA0EC10BE69
:1003E00035FE07AFA2EC10BE29EE418F0FF011C011
:1003F000BFF34F8FBFF36F8F00254E4640464A46EE
:10040000434608E001350433B5F5806F02F104027C
:1004100000F1040013D0AF0756F8047B07D0B7F102
:100420005A3F33D10768B7F1A53FEBD037E0B7F1BA
:10043000A53F2BD10768B7F15A3FE3D044E0BFF3A3
:100440004F8FBFF36F8F0CF1010CBCF57A7FB7D1E2
:100450004FF23D30C0F2002009F09EFA0020CBF8A8
:100460000000CBF80400CBF80800CBF80C004FF0EC
:10047000A531BFF34F8FBFF36F8FCBF800105A2118
:10048000BFF34F8FBFF36F8FA52232E04EF67D0092
:100490004FF2BA21C0F20020C0F2002108E04EF66F
:1004A0007D004FF2BA21C0F20020C0F200211A46AE
:1004B0000BF0DCFD4EF61E404FF0A531C0F20020DF
:1004C0003A460BF0D3FD16E74EF67D004FF2BA2107
:1004D000C0F20020C0F200211A460BF0C7FD4EF614
:1004E0001E404FF05A31E9E70BF800200130042894
:1004F00038D01BF80050A52D32D1BFF34F8FBFF37A
:100500006F8F0BF800100023BFF34F8FBFF36F8F77
:100510005F4603E001330137042BE5D09842F9D060
:100520003D78A52DF6D05A2618464EF6F44400EB39
:100530000B024EF67D00C0F20024C0F200202146DE
:100540000BF094FD4EF639402146C0F200203246B1
:100550002B460BF08BFD4FF21740C0F20020DEE679
:10056000A526E2E74FF2BE704AF2A456C0F2002080
:10057000CAF2A55609F010FA4FF0D0404FF0807142
:10058000FF224FF0D0440BF017FCBFF34F8FBFF3A7
:100590006F8F0020002109B1802910D2082242F07B
:1005A00001E04FF0FF3252000FF003C832400A431F
:1005B00044F821200131B1F5800FECD110E0B0EB0F
:1005C000D13FB1FA81F203D1182A01D01022E6E717
:1005D000A2F10903C2F12002072B38BF1822DEE77F
:1005E00000214FF0D042002008B1802813D2082308
:1005F00043F001E04FF0FF335B000FF003C83340DE
:1006000052F8204043EA0005AC4215D10130B0F564
:10061000800FE9D12BE0B1EBD03FB0FA80F303D1EA
:10062000182B01D01023E3E7A3F10907C3F120033E
:10063000072F38BF1823DBE74FF0D04101EB8002D2
:100640004EF67D004FF68411C0F20020C0F200216A
:100650000BF00CFD4EF61E402946C0F2002022464B
:100660000BF004FD4EF6F820C0F2002057E64EF2E3
:100670006070C0F2002009F08FF900F051F820B14D
:100680004EF62270C0F2002049E64EF6CE60C0F26F
:10069000002009F081F900F0E3F820B14FF2D170A9
:1006A000C0F200203BE64EF62A10C0F2002009F00E
:1006B00073F900F01DF920B14FF22C40C0F2002078
:1006C0002DE64FF2A220C0F2002009F065F940F2B9
:1006D00070500024C2F20220047000F05DF94FF463
:1006E00096704FF47A710AF027FE04F001FA204662
:1006F00018E600BF00BF00BF00BF00BF00BF00BFC3
:1007000002000000030000000400000005000000DB
:1007100000000000010000000200000003000000D3
:100720002DE9F04F81B02DED048B82B048A040F24E
:10073000000A4FF0000B4FF0D04990ED009F4FF4AE
:100740008050C2F2000A04244FF0D04640F001E08D
:100750004FEA8B30514628EF580100BF00BF00BF61
:1007600021EE402FA1EC103E21EE440F0FF009C006
:100770004FF48032304651460BF028FB06F58030AE
:100780004FF48041D0464D46D8F800203768974254
:1007900012D10436013905F1040508F10408F3D13A
:1007A0000BF1010B09F58039BBF5807F06464FF44C
:1007B0008050CBD1002044E04EF275744EF65410B8
:1007C000C0F20024C0F2002021462A460BF04EFC65
:1007D0004EF63940D8F80020C0F2002021463B46B2
:1007E0000BF044FC01200090202000BF00BF00BFA0
:1007F00000992960BFF34F8FBFF36F8F2968019174
:100800000199009A9142009A0FD101384FEA4201B2
:100810000091EDD14FF2E6604EF27571C0F200200A
:10082000C0F200210BF022FC0AE04EF6F9604FF214
:100830005661019BC0F20020C0F200210BF016FCB3
:10084000012002B0BDEC048B01B0BDE8F08F00BF09
:100850000000000001000000020000000300000092
:100860002DE9F0472A200BF0C9FB40F200084FF0B9
:1008700000094FF0D04AC2F200084FF0D0464FF0C6
:10088000D0474FF4804445460BF091FB013C45F8BE
:10089000040B47F8040BF7D106F580304FF4804184
:1008A0004346524600BF00BF53F8045B3468AC4275
:1008B00010D1013906F1040602F10402F4D109F164
:1008C00001090AF5803AB9F5807F0646D9D10020A2
:1008D000BDE8F0874FF22C104FF26361C0F20020A8
:1008E000C0F200210BF0C2FB0120BDE8F087D4D498
:1008F00070B540F2E5700BF081FB40F2000540F26C
:1009000000064FF48044C6F60105C2F2000600BF9F
:100910000BF04DFB013C46F8040B45F8040BF7D1F6
:10092000BFF34F8FBFF36F8F0AF04EFE44F24021AA
:100930000220C0F20F010AF0FFFC0AF059FE40F25B
:10094000000540F200044FF48040C2F20005C6F6F4
:10095000010400BF00BF00BF296822688A4207D196
:10096000013805F1040504F10404F5D1002070BD3F
:100970004EF236502146C0F200200BF077FB4EF2CB
:10098000475029682268C0F200200BF06FFB01205D
:1009900070BDD4D4D4D4D4D42DE9F04F81B02DED92
:1009A000028B8AB040F200016FF0E040C6F6010110
:1009B0000A184FF6FE71CFF2FF718A4208D84EF244
:1009C000C26040F20001C0F20020C6F601010EE054
:1009D00040F20002C6F60002104488420FD84EF2E0
:1009E000562040F20001C0F20020C6F600010AB015
:1009F000BDEC028B01B0BDE8F04F0BF037BB4720D8
:100A00000BF0FCFA40F200054FF48044C2F20005FE
:100A10000BF0CDFA013C45F8040BF9D140F240450A
:100A20004FF48044C2F201250BF0C1FA013C45F8B5
:100A3000040BF9D140F240054FF48044C2F2002586
:100A40000BF0B5FA013C45F8040BF9D14EF2000168
:100A5000CEF20101086820F004000860BFF34F8F58
:100A6000BFF36F8F086801900198400700F1A280E2
:100A70004EF68057CEF2000757F86C0CC0032FD407
:100A800000207860BFF34F8F396843F6E073C1F3FD
:100A90004E30CA08C1F3C9014E1C9107420100BF84
:100AA00002EA030546F001E00D4400BF00BF00BFAD
:100AB000C7F8E05105F140450FF007C00028A0F14C
:100AC0000100A2F12002EBD1BFF34F8F57F86C0C5D
:100AD00040F4803047F86C0CBFF34F8FBFF36F8F3B
:100AE0004EF2DA70C0F2002008F056FF0020786065
:100AF000BFF34F8F396843F6E073C1F34E30CA0835
:100B0000C1F3C9014E1C9107420100BF00BF00BFE5
:100B100002EA030546F001E00D4400BF00BF00BF3C
:100B2000C7F8E05105F140450FF007C00028A0F1DB
:100B30000100A2F12002EBD1BFF34F8FBFF36F8F03
:100B400008F09AF80DF1100ACAE9000108F094F8CB
:100B500008F0B2F90DF120094FF4803EC9E9000117
:100B600040F2000040F20001C6F60100C2F20001AE
:100B700011F8012B00F8012B0FF007C008F07CF8EA
:100B80000DF10808C8E9000108F076F808F094F9BA
:100B900006ACC4E90001D9E90001D4E900235940B9
:100BA000504008430CD14FF24640C0F2002008F0FC
:100BB000F3FE47E04EF2E860C0F2002003F040BFD1
:100BC000D4E90001D9E90023801A99410AF0F2FE24
:100BD00000EE100A9FED981A81EE000A9FED971A19
:100BE0004EF6605020EE010A9FED951AC0F20020EB
:100BF00020EE010A20EE018A0BF038FAD8E9000154
:100C0000DAE90023821A4EF6FD4061EB0303C0F2DD
:100C100000200BF02BFAD4E90001D9E90023821A55
:100C20004EF2FA7061EB0303C0F200200BF01EFAE3
:100C3000B7EEC80A4FF24410C0F2002053EC102B5C
:100C40000BF014FA00207860BFF34F8F396843F639
:100C5000E073C1F34E30CA08C1F3C9014E1C9107BD
:100C6000420100BF00BF00BF02EA030546F001E0F9
:100C70000D4400BF00BF00BFC7F8E05105F140457B
:100C80000FF007C00028A0F10100A2F12002EBD173
:100C9000BFF34F8FBFF36F8F07F0EEFF08F00CF933
:100CA000C9E9000107F0E8FFCAE900014FF4004E6E
:100CB00040F2000040F20001C6F60100C2F200015D
:100CC00031F8022B20F8022B0FF007C007F0D4FFF9
:100CD000C8E9000107F0D0FF08F0EEF8C4E9000110
:100CE000D9E90001D4E9002359405040084306D116
:100CF0004FF24640C0F2002008F04EFE41E0D4E939
:100D00000001D9E90023801A99410AF053FE00EE50
:100D1000100A9FED491A81EE000A9FED481A4EF223
:100D2000E75020EE010A9FED461AC0F2002020EEA7
:100D3000010A20EE018A0BF099F9D8E90001DAE9FD
:100D40000023821A4EF6FD4061EB0303C0F200203F
:100D50000BF08CF9D4E90001D9E90023821A4EF294
:100D6000FA7061EB0303C0F200200BF07FF9B7EEDD
:100D7000C80A4FF24410C0F2002053EC102B0BF0C5
:100D800075F900207860BFF34F8F396843F6E07340
:100D9000C1F34E30CA08C1F3C9014E1C910742018C
:100DA00002EA030546F001E00D4400BF00BF00BFAA
:100DB000C7F8E05105F140450FF007C00028A0F149
:100DC0000100A2F12002EBD1BFF34F8FBFF36F8F71
:100DD00007F052FF08F070F8C9E9000107F04CFF76
:100DE000CAE900014FF4804E40F2000040F20001D9
:100DF000C6F60100C2F2000151F8042B40F8042BA2
:100E00000FF007C007F038FFC8E9000107F034FF12
:100E100008F052F8C4E90001D9E90001D4E900233F
:100E20005940504008430DD14FF24640C0F20020D7
:100E300008F0B2FD48E000BF00008047002474497C
:100E40000000803AD4E90001D9E90023801A9941D1
:100E50000AF0B0FD00EE100A1FED091A81EE000A3B
:100E60001FED0A1A4FF25F7020EE010A1FED0C1AF7
:100E7000C0F2002020EE010A20EE018A0BF0F6F805
:100E8000D8E90001DAE90023821A4EF6FD4061EB51
:100E90000303C0F200200BF0E9F8D4E90001D9E91E
:100EA0000023821A4EF2FA7061EB0303C0F20020B5
:100EB0000BF0DCF8B7EEC80A4FF24410C0F2002085
:100EC00053EC102B0BF0D2F800207860BFF34F8F5B
:100ED000396843F6E073C1F34E30CA08C1F3C90163
:100EE0004E1C9107420100BF02EA030546F001E0F3
:100EF0000D4400BF00BF00BFC7F8E05105F14045F9
:100F00000FF007C00028A0F10100A2F12002EBD1F0
:100F1000BFF34F8FBFF36F8F07F0AEFE07F0CCFF2C
:100F2000C9E9000107F0A8FECAE900014FF4005E1C
:100F300040F2000040F20001C6F60100C2F20001DA
:100F4000F1E80223E0E802230FF007C007F094FE67
:100F5000C8E9000107F090FE07F0AEFFC4E9000108
:100F6000D9E90001D4E9002359405040084306D193
:100F70004FF24640C0F2002008F00EFD41E0D4E9F7
:100F80000001D9E90023801A99410AF013FD00EE0F
:100F9000100A1FED571A81EE000A1FED581A4EF67F
:100FA000266020EE010A1FED5A1AC0F2002020EE42
:100FB000010A20EE018A0BF059F8D8E90001DAE9BC
:100FC0000023821A4EF6FD4061EB0303C0F20020BD
:100FD0000BF04CF8D4E90001D9E90023821A4EF253
:100FE000FA7061EB0303C0F200200BF03FF8B7EE9C
:100FF000C80A4FF24410C0F2002053EC102B0BF043
:1010000035F800207860BFF34F8F396843F6E073FE
:10101000C1F34E30CA08C1F3C9014E1C9107420109
:1010200002EA030546F001E00D4400BF00BF00BF27
:10103000C7F8E05105F140450FF007C00028A0F1C6
:101040000100A2F12002EBD1BFF34F8FBFF36F8FEE
:1010500007F012FE07F030FFC9E9000107F00CFEAF
:10106000CAE900014FF4803E40F2000040F2000166
:10107000C6F60000C2F2000111F8012B00F8012BA6
:101080000FF007C007F0F8FDC8E9000107F0F4FD14
:1010900007F012FFC4E90001D9E90001D4E90023F7
:1010A00059405040084306D14FF24640C0F200205C
:1010B00008F072FC41E0D4E90001D9E90023801A6C
:1010C00099410AF077FC00EE100A1FEDA51A81EE97
:1010D000000A1FEDA61A4FF2753020EE010A1FED2F
:1010E000A81AC0F2002020EE010A20EE018A0AF0C0
:1010F000BDFFD8E90001DAE90023821A4EF6FD406F
:1011000061EB0303C0F200200AF0B0FFD4E9000154
:10111000D9E90023821A4EF2FA7061EB0303C0F2A0
:1011200000200AF0A3FFB7EEC80A4FF24410C0F245
:10113000002053EC102B0AF099FF00207860BFF3D9
:101140004F8F396843F6E073C1F34E30CA08C1F3DC
:10115000C9014E1C9107420102EA030546F001E075
:101160000D4400BF00BF00BFC7F8E05105F1404586
:101170000FF007C00028A0F10100A2F12002EBD17E
:10118000BFF34F8FBFF36F8F07F076FD07F094FE2C
:10119000C9E9000107F070FDCAE900014FF4004EF3
:1011A00040F2000040F20001C6F60000C2F2000169
:1011B00031F8022B20F8022B0FF007C007F05CFD7E
:1011C000C8E9000107F058FD07F076FEC4E9000108
:1011D000D9E90001D4E9002359405040084306D121
:1011E0004FF24640C0F2002008F0D6FB41E0D4E9BF
:1011F0000001D9E90023801A99410AF0DBFB00EED7
:10120000100A9FED991A81EE000A9FED981A4FF28D
:10121000BB4020EE010A9FED961AC0F2002020EE9E
:10122000010A20EE018A0AF021FFD8E90001DAE97B
:101230000023821A4EF6FD4061EB0303C0F200204A
:101240000AF014FFD4E90001D9E90023821A4EF212
:10125000FA7061EB0303C0F200200AF007FFB7EE5B
:10126000C80A4FF24410C0F2002053EC102B0AF0D1
:10127000FDFE00207860BFF34F8F396843F6E073BE
:10128000C1F34E30CA08C1F3C9014E1C9107420197
:1012900002EA030546F001E00D4400BF00BF00BFB5
:1012A000C7F8E05105F140450FF007C00028A0F154
:1012B0000100A2F12002EBD1BFF34F8FBFF36F8F7C
:1012C00007F0DAFC07F0F8FDC9E9000107F0D4FCEB
:1012D000CAE900014FF4804E40F2000040F20001E4
:1012E000C6F60000C2F2000151F8042B40F8042BAE
:1012F0000FF007C007F0C0FCC8E9000107F0BCFC14
:1013000007F0DAFDC4E90001D9E90001D4E90023BE
:1013100059405040084306D14FF24640C0F20020E9
:1013200008F03AFB41E0D4E90001D9E90023801A32
:1013300099410AF03FFB00EE100A9FED4B1A81EE37
:10134000000A9FED4A1A4EF28A7020EE010A9FEDC4
:10135000481AC0F2002020EE010A20EE018A0AF0AD
:1013600085FED8E90001DAE90023821A4EF6FD4035
:1013700061EB0303C0F200200AF078FED4E900011B
:10138000D9E90023821A4EF2FA7061EB0303C0F22E
:1013900000200AF06BFEB7EEC80A4FF24410C0F20C
:1013A000002053EC102B0AF061FE00207860BFF3A0
:1013B0004F8F396843F6E073C1F34E30CA08C1F36A
:1013C000C9014E1C9107420102EA030546F001E003
:1013D0000D4400BF00BF00BFC7F8E05105F1404514
:1013E0000FF007C00028A0F10100A2F12002EBD10C
:1013F000BFF34F8FBFF36F8F07F03EFC07F05CFD2C
:10140000C9E9000107F038FCCAE900014FF4005EA9
:1014100040F2000BC2F2000B40F20000C6F60000E2
:10142000594600BF00BF00BFF1E80223E0E80223F5
:101430000FF007C007F020FCC8E9000107F01CFC12
:1014400007F03AFDC4E90001D9E90001D4E900231D
:101450005940504008430DD14FF24640C0F20020A1
:1014600008F09AFA48E000BF000080470024744961
:101470000000803AD4E90001D9E90023801A99419B
:101480000AF098FA00EE100A1FED091A81EE000A20
:101490001FED0A1A4FF2855020EE010A1FED0C1ABB
:1014A000C0F2002020EE010A20EE018A0AF0DEFDE3
:1014B000D8E90001DAE90023821A4EF6FD4061EB1B
:1014C0000303C0F200200AF0D1FDD4E90001D9E9FC
:1014D0000023821A4EF2FA7061EB0303C0F200207F
:1014E0000AF0C4FDB7EEC80A4FF24410C0F2002063
:1014F00053EC102B0AF0BAFD00207860BFF34F8F39
:10150000396843F6E073C1F34E30CA08C1F3C9012C
:101510004E1C9107420100BF02EA030546F001E0BC
:101520000D4400BF00BF00BFC7F8E05105F14045C2
:101530000FF007C00028A0F10100A2F12002EBD1BA
:10154000BFF34F8FBFF36F8F07F096FB07F0B4FC2C
:10155000C9E9000107F090FBCAE900014FF4803EA1
:1015600040F2000040F24041C6F60100C2F2012103
:1015700011F8012B00F8012B0FF007C007F07CFBDE
:10158000C8E9000107F078FB07F096FCC4E9000108
:10159000D9E90001D4E9002359405040084306D15D
:1015A0004FF24640C0F2002008F0F6F941E0D4E9DD
:1015B0000001D9E90023801A99410AF0FBF900EEF5
:1015C000100A1FED571A81EE000A1FED581A4FF648
:1015D0009B0020EE010A1FED5A1AC0F2002020EEF7
:1015E000010A20EE018A0AF041FDD8E90001DAE99A
:1015F0000023821A4EF6FD4061EB0303C0F2002087
:101600000AF034FDD4E90001D9E90023821A4EF230
:10161000FA7061EB0303C0F200200AF027FDB7EE79
:10162000C80A4FF24410C0F2002053EC102B0AF00D
:101630001DFD00207860BFF34F8F396843F6E073DB
:10164000C1F34E30CA08C1F3C9014E1C91074201D3
:1016500002EA030546F001E00D4400BF00BF00BFF1
:10166000C7F8E05105F140450FF007C00028A0F190
:101670000100A2F12002EBD1BFF34F8FBFF36F8FB8
:1016800007F0FAFA07F018FCC9E9000107F0F4FACC
:10169000CAE900014FF4004E40F2000040F2404120
:1016A000C6F60100C2F2012131F8022B20F8022B0C
:1016B0000FF007C007F0E0FAC8E9000107F0DCFA14
:1016C00007F0FAFBC4E90001D9E90001D4E90023DD
:1016D00059405040084306D14FF24640C0F2002026
:1016E00008F05AF941E0D4E90001D9E90023801A51
:1016F00099410AF05FF900EE100A1FEDA51A81EE7C
:10170000000A1FEDA61A4EF6582020EE010A1FED22
:10171000A81AC0F2002020EE010A20EE018A0AF089
:10172000A5FCD8E90001DAE90023821A4EF6FD4053
:1017300061EB0303C0F200200AF098FCD4E9000139
:10174000D9E90023821A4EF2FA7061EB0303C0F26A
:1017500000200AF08BFCB7EEC80A4FF24410C0F22A
:10176000002053EC102B0AF081FC00207860BFF3BE
:101770004F8F396843F6E073C1F34E30CA08C1F3A6
:10178000C9014E1C9107420102EA030546F001E03F
:101790000D4400BF00BF00BFC7F8E05105F1404550
:1017A0000FF007C00028A0F10100A2F12002EBD148
:1017B000BFF34F8FBFF36F8F07F05EFA07F07CFB2C
:1017C000C9E9000107F058FACAE900014FF4804E58
:1017D00040F2000040F24041C6F60100C2F2012191
:1017E00051F8042B40F8042B0FF007C007F044FA1F
:1017F000C8E9000107F040FA07F05EFBC4E9000108
:10180000D9E90001D4E9002359405040084306D1EA
:101810004FF24640C0F2002008F0BEF841E0D4E9A3
:101820000001D9E90023801A99410AF0C3F800EEBB
:10183000100A9FED971A81EE000A9FED961A4FF657
:10184000EB0020EE010A9FED941AC0F2002020EE7A
:10185000010A20EE018A0AF009FCD8E90001DAE960
:101860000023821A4EF6FD4061EB0303C0F2002014
:101870000AF0FCFBD4E90001D9E90023821A4EF2F8
:10188000FA7061EB0303C0F200200AF0EFFBB7EE41
:10189000C80A4FF24410C0F2002053EC102B0AF09B
:1018A000E5FB00207860BFF34F8F396843F6E073A3
:1018B000C1F34E30CA08C1F3C9014E1C9107420161
:1018C00002EA030546F001E00D4400BF00BF00BF7F
:1018D000C7F8E05105F140450FF007C00028A0F11E
:1018E0000100A2F12002EBD1BFF34F8FBFF36F8F46
:1018F00007F0C2F907F0E0FAC9E9000107F0BCF906
:10190000CAE900014FF4005E40F2000040F240419D
:10191000C6F60100C2F20121F1E80223E0E8022349
:101920000FF007C007F0A8F9C8E9000107F0A4F913
:1019300007F0C2FAC4E90001D9E90001D4E90023A3
:1019400059405040084306D14FF24640C0F20020B3
:1019500008F022F841E0D4E90001D9E90023801A17
:1019600099410AF027F800EE100A9FED491A81EE1E
:10197000000A9FED481A4EF6B91020EE010A9FEDBD
:10198000461AC0F2002020EE010A20EE018A0AF079
:101990006DFBD8E90001DAE90023821A4EF6FD401A
:1019A00061EB0303C0F200200AF060FBD4E9000100
:1019B000D9E90023821A4EF2FA7061EB0303C0F2F8
:1019C00000200AF053FBB7EEC80A4FF24410C0F2F1
:1019D000002053EC102B0AF049FB00207860BFF385
:1019E0004F8F396843F6E073C1F34E30CA08C1F334
:1019F000C9014E1C9107420102EA030546F001E0CD
:101A00000D4400BF00BF00BFC7F8E05105F14045DD
:101A10000FF007C00028A0F10100A2F12002EBD1D5
:101A2000BFF34F8FBFF36F8F07F026F907F044FA2B
:101A3000C9E9000107F020F9CAE900014FF4803E2E
:101A400040F2000040F24041C6F60000C2F201211F
:101A500011F8012B00F8012B0FF007C007F00CF96B
:101A6000C8E9000107F008F907F026FAC4E9000107
:101A7000D9E90001D4E900235940504008430DD171
:101A80004FF24640C0F2002007F086FF48E000BF5A
:101A900000008047002474490000803AD4E9000126
:101AA000D9E90023801A994109F084FF00EE100A59
:101AB0001FED091A81EE000A1FED0A1A4EF6766034
:101AC00020EE010A1FED0C1AC0F2002020EE010AE0
:101AD00020EE018A0AF0CAFAD8E90001DAE9002307
:101AE000821A4EF6FD4061EB0303C0F200200AF0BB
:101AF000BDFAD4E90001D9E90023821A4EF2FA7046
:101B000061EB0303C0F200200AF0B0FAB7EEC80A96
:101B10004FF24410C0F2002053EC102B0AF0A6FA4A
:101B200000207860BFF34F8F396843F6E073C1F34C
:101B30004E30CA08C1F3C9014E1C9107420100BFD3
:101B400002EA030546F001E00D4400BF00BF00BFFC
:101B5000C7F8E05105F140450FF007C00028A0F19B
:101B60000100A2F12002EBD1BFF34F8FBFF36F8FC3
:101B700007F082F807F0A0F9C9E9000107F07CF846
:101B8000CAE900014FF4004E40F2000040F240412B
:101B9000C6F60000C2F2012131F8022B20F8022B18
:101BA0000FF007C007F068F8C8E9000107F064F813
:101BB00007F082F9C4E90001D9E90001D4E9002362
:101BC00059405040084306D14FF24640C0F2002031
:101BD00007F0E2FE41E0D4E90001D9E90023801AD0
:101BE000994109F0E7FE00EE100A1FED571A81EE49
:101BF000000A1FED581A4FF26E0020EE010A1FED89
:101C00005A1AC0F2002020EE010A20EE018A0AF0E2
:101C10002DFAD8E90001DAE90023821A4EF6FD40D8
:101C200061EB0303C0F200200AF020FAD4E90001BE
:101C3000D9E90023821A4EF2FA7061EB0303C0F275
:101C400000200AF013FAB7EEC80A4FF24410C0F2AF
:101C5000002053EC102B0AF009FA00207860BFF343
:101C60004F8F396843F6E073C1F34E30CA08C1F3B1
:101C7000C9014E1C9107420102EA030546F001E04A
:101C80000D4400BF00BF00BFC7F8E05105F140455B
:101C90000FF007C00028A0F10100A2F12002EBD153
:101CA000BFF34F8FBFF36F8F06F0E6FF07F004F925
:101CB000C9E9000106F0E0FFCAE900014FF4804ED7
:101CC00040F2000040F24041C6F60000C2F201219D
:101CD00051F8042B40F8042B0FF007C006F0CCFF9E
:101CE000C8E9000106F0C8FF07F0E6F8C4E9000102
:101CF000D9E90001D4E9002359405040084306D1F6
:101D00004FF24640C0F2002007F046FE41E0D4E921
:101D10000001D9E90023801A994109F04BFE00EE39
:101D2000100A1FEDA51A81EE000A1FEDA61A4EF249
:101D3000964020EE010A1FEDA81AC0F2002020EE06
:101D4000010A20EE018A0AF091F9D8E90001DAE9E6
:101D50000023821A4EF6FD4061EB0303C0F200201F
:101D60000AF084F9D4E90001D9E90023821A4EF27D
:101D7000FA7061EB0303C0F200200AF077F9B7EEC6
:101D8000C80A4FF24410C0F2002053EC102B0AF0A6
:101D90006DF900207860BFF34F8F396843F6E07328
:101DA000C1F34E30CA08C1F3C9014E1C910742016C
:101DB00002EA030546F001E00D4400BF00BF00BF8A
:101DC000C7F8E05105F140450FF007C00028A0F129
:101DD0000100A2F12002EBD1BFF34F8FBFF36F8F51
:101DE00006F04AFF07F068F8C9E9000106F044FF71
:101DF000CAE900014FF4005E40F2404140F20000A9
:101E0000C2F20121C6F60000F1E80223E0E8022355
:101E10000FF007C006F030FFC8E9000106F02CFF04
:101E200007F04AF8C4E90001D9E90001D4E9002328
:101E300059405040084306D14FF24640C0F20020BE
:101E400007F0AAFD41E0D4E90001D9E90023801A96
:101E5000994109F0AFFD00EE100A9FED971A81EE4F
:101E6000000A9FED961A4FF2BE0020EE010A9FED88
:101E7000941AC0F2002020EE010A20EE018A0AF036
:101E8000F5F8D8E90001DAE90023821A4EF6FD40A0
:101E900061EB0303C0F200200AF0E8F8D4E9000186
:101EA000D9E90023821A4EF2FA7061EB0303C0F203
:101EB00000200AF0DBF8B7EEC80A4FF24410C0F277
:101EC000002053EC102B0AF0D1F800207860BFF30B
:101ED0004F8F396843F6E073C1F34E30CA08C1F33F
:101EE000C9014E1C9107420102EA030546F001E0D8
:101EF0000D4400BF00BF00BFC7F8E05105F14045E9
:101F00000FF007C00028A0F10100A2F12002EBD1E0
:101F1000BFF34F8FBFF36F8F06F0AEFE06F0CCFF1E
:101F2000C9E9000106F0A8FECAE900014FF4803EAD
:101F300040F2000040F24001C6F60100C2F200216A
:101F400011F8012B00F8012B0FF007C006F094FEEA
:101F5000C8E9000106F090FE06F0AEFFC4E90001FA
:101F6000D9E90001D4E9002359405040084306D183
:101F70004FF24640C0F2002007F00EFD41E0D4E9E8
:101F80000001D9E90023801A994109F013FD00EE00
:101F9000100A9FED491A81EE000A9FED481A4EF291
:101FA000CE2020EE010A9FED461AC0F2002020EE5E
:101FB000010A20EE018A0AF059F8D8E90001DAE9AD
:101FC0000023821A4EF6FD4061EB0303C0F20020AD
:101FD0000AF04CF8D4E90001D9E90023821A4EF244
:101FE000FA7061EB0303C0F200200AF03FF8B7EE8D
:101FF000C80A4FF24410C0F2002053EC102B0AF034
:1020000035F800207860BFF34F8F396843F6E073EE
:10201000C1F34E30CA08C1F3C9014E1C91074201F9
:1020200002EA030546F001E00D4400BF00BF00BF17
:10203000C7F8E05105F140450FF007C00028A0F1B6
:102040000100A2F12002EBD1BFF34F8FBFF36F8FDE
:1020500006F012FE06F030FFC9E9000106F00CFEA2
:10206000CAE900014FF4004E40F2000040F2400186
:10207000C6F60100C2F2002131F8022B20F8022B33
:102080000FF007C006F0F8FDC8E9000106F0F4FD06
:1020900006F012FFC4E90001D9E90001D4E90023E8
:1020A0005940504008430DD14FF24640C0F2002045
:1020B00007F072FC48E000BF00008047002474492C
:1020C0000000803AD4E90001D9E90023801A99413F
:1020D00009F070FC00EE100A1FED091A81EE000AEB
:1020E0001FED0A1A4EF2376020EE010A1FED0C1A9E
:1020F000C0F2002020EE010A20EE018A09F0B6FFAE
:10210000D8E90001DAE90023821A4EF6FD4061EBBE
:102110000303C0F2002009F0A9FFD4E90001D9E9C6
:102120000023821A4EF2FA7061EB0303C0F2002022
:1021300009F09CFFB7EEC80A4FF24410C0F200202D
:1021400053EC102B09F092FF00207860BFF34F8F03
:10215000396843F6E073C1F34E30CA08C1F3C901D0
:102160004E1C9107420100BF02EA030546F001E060
:102170000D4400BF00BF00BFC7F8E05105F1404566
:102180000FF007C00028A0F10100A2F12002EBD15E
:10219000BFF34F8FBFF36F8F06F06EFD06F08CFE1E
:1021A000C9E9000106F068FDCAE900014FF4804E5C
:1021B00040F2000040F24001C6F60100C2F20021E8
:1021C00051F8042B40F8042B0FF007C006F054FD23
:1021D000C8E9000106F050FD06F06EFEC4E90001FA
:1021E000D9E90001D4E9002359405040084306D101
:1021F0004FF24640C0F2002007F0CEFB41E0D4E9A8
:102200000001D9E90023801A994109F0D3FB00EEBF
:10221000100A1FED571A81EE000A1FED581A4EF6EC
:10222000594020EE010A1FED5A1AC0F2002020EE9C
:10223000010A20EE018A09F019FFD8E90001DAE964
:102240000023821A4EF6FD4061EB0303C0F200202A
:1022500009F00CFFD4E90001D9E90023821A4EF2FB
:10226000FA7061EB0303C0F2002009F0FFFEB7EE45
:10227000C80A4FF24410C0F2002053EC102B09F0B2
:10228000F5FE00207860BFF34F8F396843F6E073A6
:10229000C1F34E30CA08C1F3C9014E1C9107420177
:1022A00002EA030546F001E00D4400BF00BF00BF95
:1022B000C7F8E05105F140450FF007C00028A0F134
:1022C0000100A2F12002EBD1BFF34F8FBFF36F8F5C
:1022D00006F0D2FC06F0F0FDC9E9000106F0CCFCE6
:1022E000CAE900014FF4005E40F2000140F24000F4
:1022F000C6F60101C2F20020F0E80223E1E8022361
:102300000FF007C006F0B8FCC8E9000106F0B4FC05
:1023100006F0D2FDC4E90001D9E90001D4E90023A7
:1023200059405040084306D14FF24640C0F20020C9
:1023300007F032FB41E0D4E90001D9E90023801A1B
:10234000994109F037FB00EE100A1FEDA51A81EE46
:10235000000A1FEDA61A4EF6AD3020EE010A1FED61
:10236000A81AC0F2002020EE010A20EE018A09F02E
:102370007DFED8E90001DAE90023821A4EF6FD401D
:1023800061EB0303C0F2002009F070FED4E9000104
:10239000D9E90023821A4EF2FA7061EB0303C0F20E
:1023A000002009F063FEB7EEC80A4FF24410C0F2F5
:1023B000002053EC102B09F059FE00207860BFF389
:1023C0004F8F396843F6E073C1F34E30CA08C1F34A
:1023D000C9014E1C9107420102EA030546F001E0E3
:1023E0000D4400BF00BF00BFC7F8E05105F14045F4
:1023F0000FF007C00028A0F10100A2F12002EBD1EC
:10240000BFF34F8FBFF36F8F06F036FC06F054FD1D
:10241000C9E9000106F030FCCAE900014FF4803E32
:1024200040F2000040F24001C6F60000C2F2002176
:1024300011F8012B00F8012B0FF007C006F01CFC6F
:10244000C8E9000106F018FC06F036FDC4E90001F9
:10245000D9E90001D4E9002359405040084306D18E
:102460004FF24640C0F2002007F096FA41E0D4E96E
:102470000001D9E90023801A994109F09BFA00EE86
:10248000100A9FED971A81EE000A9FED961A4FF2FF
:10249000796020EE010A9FED941AC0F2002020EE30
:1024A000010A20EE018A09F0E1FDD8E90001DAE92C
:1024B0000023821A4EF6FD4061EB0303C0F20020B8
:1024C00009F0D4FDD4E90001D9E90023821A4EF2C3
:1024D000FA7061EB0303C0F2002009F0C7FDB7EE0C
:1024E000C80A4FF24410C0F2002053EC102B09F040
:1024F000BDFD00207860BFF34F8F396843F6E0736D
:10250000C1F34E30CA08C1F3C9014E1C9107420104
:1025100002EA030546F001E00D4400BF00BF00BF22
:10252000C7F8E05105F140450FF007C00028A0F1C1
:102530000100A2F12002EBD1BFF34F8FBFF36F8FE9
:1025400006F09AFB06F0B8FCC9E9000106F094FB1E
:10255000CAE900014FF4004E40F2000040F2400191
:10256000C6F60000C2F2002131F8022B20F8022B3F
:102570000FF007C006F080FBC8E9000106F07CFB05
:1025800006F09AFCC4E90001D9E90001D4E900236E
:1025900059405040084306D14FF24640C0F2002057
:1025A00007F0FAF941E0D4E90001D9E90023801AE3
:1025B000994109F0FFF900EE100A9FED491A81EEEA
:1025C000000A9FED481A4EF2E64020EE010A9FED08
:1025D000461AC0F2002020EE010A20EE018A09F01E
:1025E00045FDD8E90001DAE90023821A4EF6FD40E4
:1025F00061EB0303C0F2002009F038FDD4E90001CB
:10260000D9E90023821A4EF2FA7061EB0303C0F29B
:10261000002009F02BFDB7EEC80A4FF24410C0F2BB
:10262000002053EC102B09F021FD00207860BFF34F
:102630004F8F396843F6E073C1F34E30CA08C1F3D7
:10264000C9014E1C9107420102EA030546F001E070
:102650000D4400BF00BF00BFC7F8E05105F1404581
:102660000FF007C00028A0F10100A2F12002EBD179
:10267000BFF34F8FBFF36F8F06F0FEFA06F01CFC1E
:10268000C9E9000106F0F8FACAE900014FF4804EEA
:1026900040F2000040F24001C6F60000C2F2002104
:1026A00051F8042B40F8042B0FF007C006F0E4FAB1
:1026B000C8E9000106F0E0FA06F0FEFBC4E90001FB
:1026C000D9E90001D4E900235940504008430DD115
:1026D0004FF24640C0F2002007F05EF948E000BF2C
:1026E00000008047002474490000803AD4E90001CA
:1026F000D9E90023801A994109F05CF900EE100A2B
:102700001FED091A81EE000A1FED0A1A4EF6A820E5
:1027100020EE010A1FED0C1AC0F2002020EE010A83
:1027200020EE018A09F0A2FCD8E90001DAE90023D1
:10273000821A4EF6FD4061EB0303C0F2002009F05F
:1027400095FCD4E90001D9E90023821A4EF2FA700F
:1027500061EB0303C0F2002009F088FCB7EEC80A61
:102760004FF24410C0F2002053EC102B09F07EFC15
:1027700000207860BFF34F8F396843F6E073C1F3F0
:102780004E30CA08C1F3C9014E1C9107420100BF77
:1027900002EA030546F001E00D4400BF00BF00BFA0
:1027A000C7F8E05105F140450FF007C00028A0F13F
:1027B0000100A2F12002EBD1BFF34F8FBFF36F8F67
:1027C00006F05AFA06F078FBC9E9000106F054FA5F
:1027D000CAE900014FF4005E40F2000040F24001FF
:1027E000C6F60000C2F20021F1E80223E0E802236D
:1027F0000FF007C006F040FAC8E9000106F03CFA05
:1028000006F05AFBC4E90001D9E90001D4E900232C
:1028100059405040084306D14FF24640C0F20020D4
:1028200007F0BAF841E0D4E90001D9E90023801AA1
:10283000994109F0BFF800EE100A1FED571A81EE1A
:10284000000A1FED581A4EF2FE6020EE010A1FED3D
:102850005A1AC0F2002020EE010A20EE018A09F087
:1028600005FCD8E90001DAE90023821A4EF6FD40A2
:1028700061EB0303C0F2002009F0F8FBD4E900018A
:10288000D9E90023821A4EF2FA7061EB0303C0F219
:10289000002009F0EBFBB7EEC80A4FF24410C0F27B
:1028A000002053EC102B09F0E1FB4FF0D0404FF02B
:1028B000807109F086FAC8204FF47A7108F03CFD67
:1028C0004EF6B050C0F2002007F066F800207860A5
:1028D000BFF34F8F396843F6E073C1F34E30CA0837
:1028E000C1F3C9014E1C9107420100BF00BF00BFE8
:1028F00002EA030546F001E00D4400BF00BF00BF3F
:10290000C7F8E05105F140450FF007C00028A0F1DD
:102910000100A2F12002EBD140F2705840F2100900
:10292000C2F20228C2F20029BFF34F8FBFF36F8FAC
:10293000002088F800000820A9F80C004FF48060FF
:10294000A9F80E0040F20000C6F60100C9F8080020
:102950000BF1006000F50030C9F80400D9F8000060
:1029600040F04050C9F8000006F086F906F0A4FADD
:1029700008AAC2E9000106F07FF94FF6E022CAE991
:102980000001C0F20022D2E9004B2046594607F070
:10299000F7FF2046494608F033F8204608F070F863
:1029A0000121204608F088F898F8000008B900BF17
:1029B000FAE706F061F902AEC6E9000106F05CF93B
:1029C00006F07AFA0DF1180ACAE90001204608F06B
:1029D0009BF808ADD5E90001DAE9002359405040E1
:1029E000084306D14FF24640C0F2002006F0D4FF63
:1029F00042E0DAE90001D5E90023801A994108F0A4
:102A0000D9FF00EE100A1FEDCA1A81EE000A1FED71
:102A1000CB1A4EF64F7020EE010A1FEDCD1AC0F210
:102A2000002020EE010A20EE018A09F01FFB04AA13
:102A3000D6E90001D2E90023821A4EF6FD4061EB8F
:102A40000303C0F2002009F011FBDAE90001D5E927
:102A50000023821A4EF2FA7061EB0303C0F20020E9
:102A600009F004FBB7EEC80A4FF24410C0F2002090
:102A700053EC102B09F0FAFA00207860BFF34F8F67
:102A8000396843F6E073C1F34E30CA08C1F3C90197
:102A90004E1C9107420100BF02EA030546F001E027
:102AA0000D4400BF00BF00BFC7F8E05105F140452D
:102AB0000FF007C00028A0F10100A2F12002EBD125
:102AC000BFF34F8FBFF36F8F002088F800000820FE
:102AD000A9F80C004FF48060A9F80E0040F2000045
:102AE000C6F60100C9F8080040F24040C2F20120D9
:102AF000C9F80400D9F8000040F04050C9F80000BF
:102B000006F0BAF806F0D8F908AAC2E9000106F002
:102B1000B3F804AAC2E900012046594607F030FF85
:102B20002046494607F06CFF204607F0A9FF012127
:102B3000204607F0C1FF00BF98F8000008B900BFA9
:102B4000FAE706F099F80DF10809C9E9000106F065
:102B500093F806F0B1F90DF1180ACAE90001204610
:102B600007F0D2FF0DF12008D8E90001DAE90023CF
:102B700059405040084307D14FF24640C0F2002070
:102B800006F00AFF04AC42E0DAE90001D8E90023CC
:102B9000801A994108F00EFF00EE100A9FEDE21A2C
:102BA00081EE000A9FEDE11A4EF6BF5020EE010AB9
:102BB0009FEDDF1AC0F2002020EE010A20EE018A0C
:102BC00009F054FA04ACD9E90001D4E90023821ACF
:102BD0004EF6FD4061EB0303C0F2002009F046FA17
:102BE000DAE90001D8E90023821A4EF2FA7061EBAB
:102BF0000303C0F2002009F039FAB7EEC80A4FF219
:102C00004410C0F2002053EC102B09F02FFA96204C
:102C10004FF47A7108F090FB4FF0D0404FF0807184
:102C200009F0CFF896204FF47A7108F085FB002068
:102C30007860BFF34F8F57F86C0C43F6E07320F4C5
:102C4000803047F86C0CBFF34F8F3968C1F34E30BA
:102C5000CA08C1F3C9014E1C9107420100BF00BF61
:102C600002EA030546F001E00D4400BF00BF00BFCB
:102C7000C7F8F45105F140450FF007C00028A0F156
:102C80000100A2F12002EBD14EF20001BFF34F8F01
:102C9000CEF20101BFF36F8F086840F004000860B6
:102CA000BFF34F8FBFF36F8F0868019057F86C0C1C
:102CB000C00331D400207860BFF34F8F396843F6EA
:102CC000E073C1F34E30CA08C1F3C9014E1C91072D
:102CD000420100BF00BF00BF02EA030546F001E069
:102CE0000D4400BF00BF00BFC7F8E05105F14045EB
:102CF0000FF007C00028A0F10100A2F12002EBD1E3
:102D0000BFF34F8F57F86C0C40F4803047F86C0CD1
:102D1000BFF34F8FBFF36F8F0198400705D44FF279
:102D20006C50C0F2002001F08BBE4EF2C450C0F2D5
:102D3000002006F031FE00207860BFF34F8F396825
:102D400043F6E073C1F34E30CA08C1F3C9014E1C0B
:102D50009107420100BF00BF02EA030546F001E00F
:102D60000D4400BF00BF00BFC7F8E05105F140456A
:102D70000FF007C00028A0F10100A2F12002EBD162
:102D8000BFF34F8FBFF36F8F05F076FFC4E90001EB
:102D900005F072FF06F090F8C8E900014FF4803E9C
:102DA00040F2000040F20001C6F60100C2F200014C
:102DB00011F8012B00F8012B0FF007C005F05CFFA4
:102DC000C9E9000105F058FF06F076F8CAE90001EC
:102DD000D8E90001DAE9002359405040084306D100
:102DE0004FF24640C0F2002006F0D6FD41E0DAE99D
:102DF0000001D8E90023801A994108F0DBFD00EEBC
:102E0000100A9FED491A81EE000A9FED481A4EF60E
:102E1000605020EE010A9FED461AC0F2002020EE1D
:102E2000010A20EE018A09F021F9D9E90001D4E96B
:102E30000023821A4EF6FD4061EB0303C0F200202E
:102E400009F014F9DAE90001D8E90023821A4EF2F8
:102E5000FA7061EB0303C0F2002009F007F9B7EE46
:102E6000C80A4FF24410C0F2002053EC102B09F0B6
:102E7000FDF800207860BFF34F8F396843F6E073A8
:102E8000C1F34E30CA08C1F3C9014E1C910742017B
:102E900002EA030546F001E00D4400BF00BF00BF99
:102EA000C7F8E05105F140450FF007C00028A0F138
:102EB0000100A2F12002EBD1BFF34F8FBFF36F8F60
:102EC00005F0DAFE05F0F8FFC8E9000105F0D4FED0
:102ED000C4E900014FF4004E40F2000040F200014E
:102EE000C6F60100C2F2000131F8022B20F8022BD5
:102EF0000FF007C005F0C0FEC9E9000105F0BCFEF7
:102F000005F0DAFFCAE90001D8E90001DAE9002397
:102F10005940504008430DD14FF24640C0F20020C6
:102F200006F03AFD48E000BF0000804700247449E5
:102F30000000803ADAE90001D8E90023801A9941BB
:102F400008F038FD00EE100A1FED091A81EE000AA4
:102F50001FED0A1A4EF2E75020EE010A1FED0C1A7F
:102F6000C0F2002020EE010A20EE018A09F07EF86E
:102F7000D9E90001D4E90023821A4EF6FD4061EB45
:102F80000303C0F2002009F071F8DAE90001D8E982
:102F90000023821A4EF2FA7061EB0303C0F20020A4
:102FA00009F064F8B7EEC80A4FF24410C0F20020EE
:102FB00053EC102B09F05AF800207860BFF34F8FC4
:102FC000396843F6E073C1F34E30CA08C1F3C90152
:102FD0004E1C9107420100BF02EA030546F001E0E2
:102FE0000D4400BF00BF00BFC7F8E05105F14045E8
:102FF0000FF007C00028A0F10100A2F12002EBD1E0
:10300000BFF34F8FBFF36F8F05F036FE05F054FF0F
:10301000C8E9000105F030FEC4E900014FF4804E1C
:1030200040F2000040F20001C6F60100C2F20001C9
:1030300051F8042B40F8042B0FF007C005F01CFEDC
:10304000C9E9000105F018FE05F036FFCAE90001E4
:10305000D8E90001DAE9002359405040084306D17D
:103060004FF24640C0F2002006F096FC41E0DAE95B
:103070000001D8E90023801A994108F09BFC00EE7A
:10308000100A1FED571A81EE000A1FED581A4FF271
:103090005F7020EE010A1FED5A1AC0F2002020EEE8
:1030A000010A20EE018A08F0E1FFD9E90001D4E924
:1030B0000023821A4EF6FD4061EB0303C0F20020AC
:1030C00008F0D4FFDAE90001D8E90023821A4EF2B1
:1030D000FA7061EB0303C0F2002008F0C7FFB7EEFF
:1030E000C80A4FF24410C0F2002053EC102B08F035
:1030F000BDFF00207860BFF34F8F396843F6E0735F
:10310000C1F34E30CA08C1F3C9014E1C91074201F8
:1031100002EA030546F001E00D4400BF00BF00BF16
:10312000C7F8E05105F140450FF007C00028A0F1B5
:103130000100A2F12002EBD1BFF34F8FBFF36F8FDD
:1031400005F09AFD05F0B8FEC8E9000105F094FD10
:10315000C4E900014FF4005E40F2000040F20001BB
:10316000C6F60100C2F20001F1E80223E0E8022302
:103170000FF007C005F080FDC9E9000105F07CFDF6
:1031800005F09AFECAE90001D8E90001DAE9002356
:1031900059405040084306D14FF24640C0F200204B
:1031A00006F0FAFB41E0DAE90001D8E90023801AD1
:1031B000994108F0FFFB00EE100A1FEDA51A81EE01
:1031C000000A1FEDA61A4EF6266020EE010A1FED3A
:1031D000A81AC0F2002020EE010A20EE018A08F0B1
:1031E00045FFD9E90001D4E90023821A4EF6FD40DB
:1031F00061EB0303C0F2002008F038FFDAE90001B8
:10320000D8E90023821A4EF2FA7061EB0303C0F290
:10321000002008F02BFFB7EEC80A4FF24410C0F2AE
:10322000002053EC102B08F021FF00207860BFF342
:103230004F8F396843F6E073C1F34E30CA08C1F3CB
:10324000C9014E1C9107420102EA030546F001E064
:103250000D4400BF00BF00BFC7F8E05105F1404575
:103260000FF007C00028A0F10100A2F12002EBD16D
:10327000BFF34F8FBFF36F8F05F0FEFC05F01CFE10
:10328000C8E9000105F0F8FCC4E900014FF4803EF4
:1032900040F2000040F20001C6F60000C2F2000158
:1032A00011F8012B00F8012B0FF007C005F0E4FC2A
:1032B000C9E9000105F0E0FC05F0FEFDCAE90001E6
:1032C000D8E90001DAE9002359405040084306D10B
:1032D0004FF24640C0F2002006F05EFB41E0DAE922
:1032E0000001D8E90023801A994108F063FB00EE41
:1032F000100A9FED971A81EE000A9FED961A4FF281
:10330000753020EE010A9FED941AC0F2002020EEE5
:10331000010A20EE018A08F0A9FED9E90001D4E9EA
:103320000023821A4EF6FD4061EB0303C0F2002039
:1033300008F09CFEDAE90001D8E90023821A4EF277
:10334000FA7061EB0303C0F2002008F08FFEB7EEC5
:10335000C80A4FF24410C0F2002053EC102B08F0C2
:1033600085FE00207860BFF34F8F396843F6E07325
:10337000C1F34E30CA08C1F3C9014E1C9107420186
:1033800002EA030546F001E00D4400BF00BF00BFA4
:10339000C7F8E05105F140450FF007C00028A0F143
:1033A0000100A2F12002EBD1BFF34F8FBFF36F8F6B
:1033B00005F062FC05F080FDC8E9000105F05CFC49
:1033C000C4E900014FF4004E40F2000040F2000159
:1033D000C6F60000C2F2000131F8022B20F8022BE1
:1033E0000FF007C005F048FCC9E9000105F044FCF6
:1033F00005F062FDCAE90001D8E90001DAE900231D
:1034000059405040084306D14FF24640C0F20020D8
:1034100006F0C2FA41E0DAE90001D8E90023801A97
:10342000994108F0C7FA00EE100A9FED491A81EEA3
:10343000000A9FED481A4FF2BB4020EE010A9FEDB3
:10344000461AC0F2002020EE010A20EE018A08F0A0
:103450000DFED9E90001D4E90023821A4EF6FD40A1
:1034600061EB0303C0F2002008F000FEDAE900017E
:10347000D8E90023821A4EF2FA7061EB0303C0F21E
:10348000002008F0F3FDB7EEC80A4FF24410C0F276
:10349000002053EC102B08F0E9FD00207860BFF30A
:1034A0004F8F396843F6E073C1F34E30CA08C1F359
:1034B000C9014E1C9107420102EA030546F001E0F2
:1034C0000D4400BF00BF00BFC7F8E05105F1404503
:1034D0000FF007C00028A0F10100A2F12002EBD1FB
:1034E000BFF34F8FBFF36F8F05F0C6FB05F0E4FC11
:1034F000C8E9000105F0C0FBC4E900014FF4804EAB
:1035000040F2000040F20001C6F60000C2F20001E5
:1035100051F8042B40F8042B0FF007C005F0ACFB6A
:10352000C9E9000105F0A8FB05F0C6FCCAE90001E5
:10353000D8E90001DAE900235940504008430DD191
:103540004FF24640C0F2002006F026FA48E000BFE5
:1035500000008047002474490000803ADAE9000145
:10356000D8E90023801A994108F024FA00EE100AE5
:103570001FED091A81EE000A1FED0A1A4EF28A7039
:1035800020EE010A1FED0C1AC0F2002020EE010A05
:1035900020EE018A08F06AFDD9E90001D4E9002390
:1035A000821A4EF6FD4061EB0303C0F2002008F0E2
:1035B0005DFDDAE90001D8E90023821A4EF2FA70C3
:1035C00061EB0303C0F2002008F050FDB7EEC80A1B
:1035D0004FF24410C0F2002053EC102B08F046FDCF
:1035E00000207860BFF34F8F396843F6E073C1F372
:1035F0004E30CA08C1F3C9014E1C9107420100BFF9
:1036000002EA030546F001E00D4400BF00BF00BF21
:10361000C7F8E05105F140450FF007C00028A0F1C0
:103620000100A2F12002EBD1BFF34F8FBFF36F8FE8
:1036300005F022FB05F040FCC8E9000105F01CFB89
:10364000C4E900014FF4005E40F2000040F20001C6
:10365000C6F60000C2F20001F1E80223E0E802230E
:103660000FF007C005F008FBC9E9000105F004FBF5
:1036700005F022FCCAE90001D8E90001DAE90023DB
:1036800059405040084306D14FF24640C0F2002056
:1036900006F082F941E0DAE90001D8E90023801A56
:1036A000994108F087F900EE100A1FED571A81EED4
:1036B000000A1FED581A4FF2855020EE010A1FED47
:1036C0005A1AC0F2002020EE010A20EE018A08F00A
:1036D000CDFCD9E90001D4E90023821A4EF6FD4061
:1036E00061EB0303C0F2002008F0C0FCDAE900013E
:1036F000D8E90023821A4EF2FA7061EB0303C0F29C
:10370000002008F0B3FCB7EEC80A4FF24410C0F234
:10371000002053EC102B08F0A9FC00207860BFF3C8
:103720004F8F396843F6E073C1F34E30CA08C1F3D6
:10373000C9014E1C9107420102EA030546F001E06F
:103740000D4400BF00BF00BFC7F8E05105F1404580
:103750000FF007C00028A0F10100A2F12002EBD178
:10376000BFF34F8FBFF36F8F05F086FA05F0A4FB10
:10377000C8E9000105F080FAC4E900014FF4803E79
:1037800040F2000040F24041C6F60100C2F20121C1
:1037900011F8012B00F8012B0FF007C005F06CFAAF
:1037A000C9E9000105F068FA05F086FBCAE90001E5
:1037B000D8E90001DAE9002359405040084306D116
:1037C0004FF24640C0F2002006F0E6F841E0DAE9A8
:1037D0000001D8E90023801A994108F0EBF800EEC7
:1037E000100A1FEDA51A81EE000A1FEDA61A4FF66A
:1037F0009B0020EE010A1FEDA81AC0F2002020EE67
:10380000010A20EE018A08F031FCD9E90001D4E96F
:103810000023821A4EF6FD4061EB0303C0F2002044
:1038200008F024FCDAE90001D8E90023821A4EF2FC
:10383000FA7061EB0303C0F2002008F017FCB7EE4A
:10384000C80A4FF24410C0F2002053EC102B08F0CD
:103850000DFC00207860BFF34F8F396843F6E073AA
:10386000C1F34E30CA08C1F3C9014E1C9107420191
:1038700002EA030546F001E00D4400BF00BF00BFAF
:10388000C7F8E05105F140450FF007C00028A0F14E
:103890000100A2F12002EBD1BFF34F8FBFF36F8F76
:1038A00005F0EAF905F008FBC8E9000105F0E4F9C4
:1038B000C4E900014FF4004E40F2000040F24041E4
:1038C000C6F60100C2F2012131F8022B20F8022BCA
:1038D0000FF007C005F0D0F9C9E9000105F0CCF9F7
:1038E00005F0EAFACAE90001D8E90001DAE90023A3
:1038F00059405040084306D14FF24640C0F20020E4
:1039000006F04AF841E0DAE90001D8E90023801A1C
:10391000994108F04FF800EE100A9FED971A81EEDA
:10392000000A9FED961A4EF6582020EE010A9FEDF0
:10393000941AC0F2002020EE010A20EE018A08F05D
:1039400095FBD9E90001D4E90023821A4EF6FD4027
:1039500061EB0303C0F2002008F088FBDAE9000104
:10396000D8E90023821A4EF2FA7061EB0303C0F229
:10397000002008F07BFBB7EEC80A4FF24410C0F2FB
:10398000002053EC102B08F071FB00207860BFF38F
:103990004F8F396843F6E073C1F34E30CA08C1F364
:1039A000C9014E1C9107420102EA030546F001E0FD
:1039B0000D4400BF00BF00BFC7F8E05105F140450E
:1039C0000FF007C00028A0F10100A2F12002EBD106
:1039D000BFF34F8FBFF36F8F05F04EF905F06CFA10
:1039E000C8E9000105F048F9C4E900014FF4804E30
:1039F00040F2000040F24041C6F60100C2F201214F
:103A000051F8042B40F8042B0FF007C005F034F9EF
:103A1000C9E9000105F030F905F04EFACAE90001E4
:103A2000D8E90001DAE9002359405040084306D1A3
:103A30004FF24640C0F2002005F0AEFF41E0DAE967
:103A40000001D8E90023801A994107F0B3FF00EE86
:103A5000100A9FED491A81EE000A9FED481A4FF6B1
:103A6000EB0020EE010A9FED461AC0F2002020EE86
:103A7000010A20EE018A08F0F9FAD9E90001D4E937
:103A80000023821A4EF6FD4061EB0303C0F20020D2
:103A900008F0ECFADAE90001D8E90023821A4EF2C4
:103AA000FA7061EB0303C0F2002008F0DFFAB7EE12
:103AB000C80A4FF24410C0F2002053EC102B08F05B
:103AC000D5FA00207860BFF34F8F396843F6E07372
:103AD000C1F34E30CA08C1F3C9014E1C910742011F
:103AE00002EA030546F001E00D4400BF00BF00BF3D
:103AF000C7F8E05105F140450FF007C00028A0F1DC
:103B00000100A2F12002EBD1BFF34F8FBFF36F8F03
:103B100005F0B2F805F0D0F9C8E9000105F0ACF8FD
:103B2000C4E900014FF4005E40F2000040F2404161
:103B3000C6F60100C2F20121F1E80223E0E8022307
:103B40000FF007C005F098F8C9E9000105F094F8F6
:103B500005F0B2F9CAE90001D8E90001DAE9002369
:103B60005940504008430DD14FF24640C0F200206A
:103B700005F012FF48E000BF0000804700247449B0
:103B80000000803ADAE90001D8E90023801A99415F
:103B900007F010FF00EE100A1FED091A81EE000A6F
:103BA0001FED0A1A4EF6B91020EE010A1FED0C1A8D
:103BB000C0F2002020EE010A20EE018A08F056FA39
:103BC000D9E90001D4E90023821A4EF6FD4061EBE9
:103BD0000303C0F2002008F049FADAE90001D8E94D
:103BE0000023821A4EF2FA7061EB0303C0F2002048
:103BF00008F03CFAB7EEC80A4FF24410C0F20020B9
:103C000053EC102B08F032FA00207860BFF34F8F8E
:103C1000396843F6E073C1F34E30CA08C1F3C901F5
:103C20004E1C9107420100BF02EA030546F001E085
:103C30000D4400BF00BF00BFC7F8E05105F140458B
:103C40000FF007C00028A0F10100A2F12002EBD183
:103C5000BFF34F8FBFF36F8F05F00EF805F02CF90F
:103C6000C8E9000105F008F8C4E900014FF4803EFE
:103C700040F2000040F24041C6F60000C2F20121CD
:103C800011F8012B00F8012B0FF007C004F0F4FF2E
:103C9000C9E9000104F0F0FF05F00EF9CAE90001DE
:103CA000D8E90001DAE9002359405040084306D121
:103CB0004FF24640C0F2002005F06EFE41E0DAE926
:103CC0000001D8E90023801A994107F073FE00EE45
:103CD000100A1FED571A81EE000A1FED581A4EF612
:103CE000766020EE010A1FED5A1AC0F2002020EE85
:103CF000010A20EE018A08F0B9F9D9E90001D4E9F6
:103D00000023821A4EF6FD4061EB0303C0F200204F
:103D100008F0ACF9DAE90001D8E90023821A4EF282
:103D2000FA7061EB0303C0F2002008F09FF9B7EED0
:103D3000C80A4FF24410C0F2002053EC102B08F0D8
:103D400095F900207860BFF34F8F396843F6E07330
:103D5000C1F34E30CA08C1F3C9014E1C910742019C
:103D600002EA030546F001E00D4400BF00BF00BFBA
:103D7000C7F8E05105F140450FF007C00028A0F159
:103D80000100A2F12002EBD1BFF34F8FBFF36F8F81
:103D900004F072FF05F090F8C8E9000104F06CFF30
:103DA000C4E900014FF4004E40F2000040F24041EF
:103DB000C6F60000C2F2012131F8022B20F8022BD6
:103DC0000FF007C004F058FFC9E9000104F054FFE8
:103DD00005F072F8CAE90001D8E90001DAE9002328
:103DE00059405040084306D14FF24640C0F20020EF
:103DF00005F0D2FD41E0DAE90001D8E90023801A9C
:103E0000994107F0D7FD00EE100A1FEDA51A81EECB
:103E1000000A1FEDA61A4FF26E0020EE010A1FEDF8
:103E2000A81AC0F2002020EE010A20EE018A08F054
:103E30001DF9D9E90001D4E90023821A4EF6FD40AC
:103E400061EB0303C0F2002008F010F9DAE9000189
:103E5000D8E90023821A4EF2FA7061EB0303C0F234
:103E6000002008F003F9B7EEC80A4FF24410C0F280
:103E7000002053EC102B08F0F9F800207860BFF315
:103E80004F8F396843F6E073C1F34E30CA08C1F36F
:103E9000C9014E1C9107420102EA030546F001E008
:103EA0000D4400BF00BF00BFC7F8E05105F1404519
:103EB0000FF007C00028A0F10100A2F12002EBD111
:103EC000BFF34F8FBFF36F8F04F0D6FE04F0F4FF03
:103ED000C8E9000104F0D0FEC4E900014FF4804EAF
:103EE00040F2000040F24041C6F60000C2F201215B
:103EF00051F8042B40F8042B0FF007C004F0BCFE6F
:103F0000C9E9000104F0B8FE04F0D6FFCAE90001D7
:103F1000D8E90001DAE9002359405040084306D1AE
:103F20004FF24640C0F2002005F036FD41E0DAE9EC
:103F30000001D8E90023801A994107F03BFD00EE0B
:103F4000100A9FED971A81EE000A9FED961A4EF225
:103F5000964020EE010A9FED941AC0F2002020EE58
:103F6000010A20EE018A08F081F8D9E90001D4E9BC
:103F70000023821A4EF6FD4061EB0303C0F20020DD
:103F800008F074F8DAE90001D8E90023821A4EF249
:103F9000FA7061EB0303C0F2002008F067F8B7EE97
:103FA000C80A4FF24410C0F2002053EC102B08F066
:103FB0005DF800207860BFF34F8F396843F6E073F7
:103FC000C1F34E30CA08C1F3C9014E1C910742012A
:103FD00002EA030546F001E00D4400BF00BF00BF48
:103FE000C7F8E05105F140450FF007C00028A0F1E7
:103FF0000100A2F12002EBD1BFF34F8FBFF36F8F0F
:1040000004F03AFE04F058FFC8E9000104F034FE61
:10401000C4E900014FF4005E40F2000040F240416C
:10402000C6F60000C2F20121F1E80223E0E8022313
:104030000FF007C004F020FEC9E9000104F01CFEE7
:1040400004F03AFFCAE90001D8E90001DAE90023E7
:1040500059405040084306D14FF24640C0F200207C
:1040600005F09AFC41E0DAE90001D8E90023801A62
:10407000994107F09FFC00EE100A9FED491A81EE6E
:10408000000A9FED481A4FF2BE0020EE010A9FED94
:10409000461AC0F2002020EE010A20EE018A07F045
:1040A000E5FFD9E90001D4E90023821A4EF6FD406C
:1040B00061EB0303C0F2002007F0D8FFDAE900014A
:1040C000D8E90023821A4EF2FA7061EB0303C0F2C2
:1040D000002007F0CBFFB7EEC80A4FF24410C0F241
:1040E000002053EC102B07F0C1FF00207860BFF3D5
:1040F0004F8F396843F6E073C1F34E30CA08C1F3FD
:10410000C9014E1C9107420102EA030546F001E095
:104110000D4400BF00BF00BFC7F8E05105F14045A6
:104120000FF007C00028A0F10100A2F12002EBD19E
:10413000BFF34F8FBFF36F8F04F09EFD04F0BCFE02
:10414000C8E9000104F098FDC4E900014FF4803E85
:1041500040F2000040F24001C6F60100C2F2002128
:1041600011F8012B00F8012B0FF007C004F084FDBB
:10417000C9E9000104F080FD04F09EFECAE90001D7
:10418000D8E90001DAE900235940504008430DD135
:104190004FF24640C0F2002005F0FEFB48E000BFB1
:1041A00000008047002474490000803ADAE90001E9
:1041B000D8E90023801A994107F0FCFB00EE100AB1
:1041C0001FED091A81EE000A1FED0A1A4EF2CE20E9
:1041D00020EE010A1FED0C1AC0F2002020EE010AA9
:1041E00020EE018A07F042FFD9E90001D4E900235B
:1041F000821A4EF6FD4061EB0303C0F2002007F087
:1042000035FFDAE90001D8E90023821A4EF2FA708C
:1042100061EB0303C0F2002007F028FFB7EEC80AE5
:104220004FF24410C0F2002053EC102B07F01EFF99
:1042300000207860BFF34F8F396843F6E073C1F315
:104240004E30CA08C1F3C9014E1C9107420100BF9C
:1042500002EA030546F001E00D4400BF00BF00BFC5
:10426000C7F8E05105F140450FF007C00028A0F164
:104270000100A2F12002EBD1BFF34F8FBFF36F8F8C
:1042800004F0FAFC04F018FEC8E9000104F0F4FCA4
:10429000C4E900014FF4004E40F2000040F240013A
:1042A000C6F60100C2F2002131F8022B20F8022BE1
:1042B0000FF007C004F0E0FCC9E9000104F0DCFCE9
:1042C00004F0FAFDCAE90001D8E90001DAE90023A7
:1042D00059405040084306D14FF24640C0F20020FA
:1042E00005F05AFB41E0DAE90001D8E90023801A21
:1042F000994107F05FFB00EE100A1FED571A81EE9F
:10430000000A1FED581A4EF2376020EE010A1FED29
:104310005A1AC0F2002020EE010A20EE018A07F0AE
:10432000A5FED9E90001D4E90023821A4EF6FD402A
:1043300061EB0303C0F2002007F098FEDAE9000108
:10434000D8E90023821A4EF2FA7061EB0303C0F23F
:10435000002007F08BFEB7EEC80A4FF24410C0F2FF
:10436000002053EC102B07F081FE00207860BFF393
:104370004F8F396843F6E073C1F34E30CA08C1F37A
:10438000C9014E1C9107420102EA030546F001E013
:104390000D4400BF00BF00BFC7F8E05105F1404524
:1043A0000FF007C00028A0F10100A2F12002EBD11C
:1043B000BFF34F8FBFF36F8F04F05EFC04F07CFD02
:1043C000C8E9000104F058FCC4E900014FF4804E34
:1043D00040F2000040F24001C6F60100C2F20021A6
:1043E00051F8042B40F8042B0FF007C004F044FCF4
:1043F000C9E9000104F040FC04F05EFDCAE90001D7
:10440000D8E90001DAE9002359405040084306D1B9
:104410004FF24640C0F2002005F0BEFA41E0DAE972
:104420000001D8E90023801A994107F0C3FA00EE91
:10443000100A1FEDA51A81EE000A1FEDA61A4EF60E
:10444000594020EE010A1FEDA81AC0F2002020EE0C
:10445000010A20EE018A07F009FED9E90001D4E93A
:104460000023821A4EF6FD4061EB0303C0F20020E8
:1044700007F0FCFDDAE90001D8E90023821A4EF2C8
:10448000FA7061EB0303C0F2002007F0EFFDB7EE16
:10449000C80A4FF24410C0F2002053EC102B07F072
:1044A000E5FD00207860BFF34F8F396843F6E07375
:1044B000C1F34E30CA08C1F3C9014E1C9107420135
:1044C00002EA030546F001E00D4400BF00BF00BF53
:1044D000C7F8E05105F140450FF007C00028A0F1F2
:1044E0000100A2F12002EBD1BFF34F8FBFF36F8F1A
:1044F00004F0C2FB04F0E0FCC8E9000104F0BCFBDE
:10450000C4E900014FF4005E40F2000040F24001B7
:10451000C6F60100C2F20021F1E80223E0E802231E
:104520000FF007C004F0A8FBC9E9000104F0A4FBE8
:1045300004F0C2FCCAE90001D8E90001DAE900236D
:1045400059405040084306D14FF24640C0F2002087
:1045500005F022FA41E0DAE90001D8E90023801AE7
:10456000994107F027FA00EE100A9FED971A81EEA5
:10457000000A9FED961A4EF6AD3020EE010A9FED2F
:10458000941AC0F2002020EE010A20EE018A07F002
:104590006DFDD9E90001D4E90023821A4EF6FD40F1
:1045A00061EB0303C0F2002007F060FDDAE90001CF
:1045B000D8E90023821A4EF2FA7061EB0303C0F2CD
:1045C000002007F053FDB7EEC80A4FF24410C0F2C6
:1045D000002053EC102B07F049FD00207860BFF35A
:1045E0004F8F396843F6E073C1F34E30CA08C1F308
:1045F000C9014E1C9107420102EA030546F001E0A1
:104600000D4400BF00BF00BFC7F8E05105F14045B1
:104610000FF007C00028A0F10100A2F12002EBD1A9
:10462000BFF34F8FBFF36F8F04F026FB04F044FC01
:10463000C8E9000104F020FBC4E900014FF4803E0A
:1046400040F2000040F24001C6F60000C2F2002134
:1046500011F8012B00F8012B0FF007C004F00CFB40
:10466000C9E9000104F008FB04F026FCCAE90001D6
:10467000D8E90001DAE9002359405040084306D147
:104680004FF24640C0F2002005F086F941E0DAE939
:104690000001D8E90023801A994107F08BF900EE58
:1046A000100A9FED491A81EE000A9FED481A4FF259
:1046B000796020EE010A9FED461AC0F2002020EE3C
:1046C000010A20EE018A07F0D1FCD9E90001D4E902
:1046D0000023821A4EF6FD4061EB0303C0F2002076
:1046E00007F0C4FCDAE90001D8E90023821A4EF28F
:1046F000FA7061EB0303C0F2002007F0B7FCB7EEDD
:10470000C80A4FF24410C0F2002053EC102B07F0FF
:10471000ADFC00207860BFF34F8F396843F6E0733B
:10472000C1F34E30CA08C1F3C9014E1C91074201C2
:1047300002EA030546F001E00D4400BF00BF00BFE0
:10474000C7F8E05105F140450FF007C00028A0F17F
:104750000100A2F12002EBD1BFF34F8FBFF36F8FA7
:1047600004F08AFA04F0A8FBC8E9000104F084FA16
:10477000C4E900014FF4004E40F2000040F2400155
:10478000C6F60000C2F2002131F8022B20F8022BFD
:104790000FF007C004F070FAC9E9000104F06CFAE8
:1047A00004F08AFBCAE90001D8E90001DAE9002334
:1047B0005940504008430DD14FF24640C0F200200E
:1047C00005F0EAF848E000BF000080470024744983
:1047D0000000803ADAE90001D8E90023801A994103
:1047E00007F0E8F800EE100A9FEDBD1A81EE000A0E
:1047F0009FEDBC1A4EF2E64020EE010A9FEDBA1A78
:10480000C0F2002020EE010A20EE018A07F02EFC03
:10481000D9E90001D4E90023821A4EF6FD4061EB8C
:104820000303C0F2002007F021FCDAE90001D8E917
:104830000023821A4EF2FA7061EB0303C0F20020EB
:1048400007F014FCB7EEC80A4FF24410C0F2002083
:1048500053EC102B07F00AFC00207860BFF34F8F59
:10486000396843F6E073C1F34E30CA08C1F3C90199
:104870004E1C9107420100BF02EA030546F001E029
:104880000D4400BF00BF00BFC7F8E05105F140452F
:104890000FF007C00028A0F10100A2F12002EBD127
:1048A000BFF34F8FBFF36F8F04F0E6F904F004FB02
:1048B000C8E9000104F0E0F9C4E900014FF4804EBA
:1048C00040F2000040F24001C6F60000C2F20021B2
:1048D00051F8042B40F8042B0FF007C004F0CCF97A
:1048E000C9E9000104F0C8F904F0E6FACAE90001D8
:1048F000D8E90001DAE9002359405040084306D1C5
:104900004FF24640C0F2002005F046F841E0DAE9F7
:104910000001D8E90023801A994107F04BF800EE16
:10492000100A9FED6F1A81EE000A9FED6E1A4EF687
:10493000A82020EE010A9FED6C1AC0F2002020EEA4
:10494000010A20EE018A07F091FBD9E90001D4E9C0
:104950000023821A4EF6FD4061EB0303C0F20020F3
:1049600007F084FBDAE90001D8E90023821A4EF24D
:10497000FA7061EB0303C0F2002007F077FBB7EE9B
:10498000C80A4FF24410C0F2002053EC102B07F07D
:104990006DFB00207860BFF34F8F396843F6E073FA
:1049A000C1F34E30CA08C1F3C9014E1C9107420140
:1049B00002EA030546F001E00D4400BF00BF00BF5E
:1049C000C7F8E05105F140450FF007C00028A0F1FD
:1049D0000100A2F12002EBD1BFF34F8FBFF36F8F25
:1049E00004F04AF904F068FAC8E9000104F044F957
:1049F000C4E900014FF4005E40F2000040F24001C3
:104A0000C6F60000C2F20021F1E80223E0E802232A
:104A10000FF007C004F030F9C9E9000104F02CF9E7
:104A200004F04AFACAE90001D8E90001DAE90023F2
:104A30005940504008430BD14FF24640C0F200208D
:104A40000AB0BDEC028B01B0BDE8F04F04F0A4BF8A
:104A5000DAE90001D8E90023801A994106F0AAFF9B
:104A600000EE100A9FED1E1A81EE000A9FED1D1A3E
:104A70004EF2FE6020EE010A9FED1B1AC0F20020EC
:104A800020EE010A20EE018A07F0F0FAD9E90001D0
:104A9000D4E90023821A4EF6FD4061EB0303C0F215
:104AA000002007F0E3FADAE90001D8E90023821ACE
:104AB0004EF2FA7061EB0303C0F2002007F0D6FA61
:104AC000B7EEC80A4FF24410C0F2002053EC102B8E
:104AD0000AB0BDEC028B01B0BDE8F04F07F0C6BADA
:104AE00000008047002474490000803AD4D4D4D414
:104AF0002DE9F04F81B02DED028B8AB040F200011C
:104B00006FF0E040C6F601010A184FF6FE71CFF2D1
:104B1000FF718A4208D84EF2C26040F20001C0F232
:104B20000020C6F601010EE040F20002C6F60002C7
:104B3000104488420FD84EF2562040F20001C0F2D5
:104B40000020C6F600010AB0BDEC028B01B0BDE842
:104B5000F04F07F08BBA4EF680570020CEF20007D8
:104B600043F6E0737860BFF34F8F57F86C0C20F476
:104B7000803047F86C0CBFF34F8F3968C1F34E306B
:104B8000CA08C1F3C9014E1C9107420100BF00BF12
:104B900002EA030546F001E00D4400BF00BF00BF7C
:104BA000C7F8F45105F140450FF007C00028A0F107
:104BB0000100A2F12002EBD14EF20001CEF2010180
:104BC000BFF34F8FBFF36F8F086820F004000860B9
:104BD000BFF34F8FBFF36F8F0868019001984007B4
:104BE00000F1A08057F86C0CC00331D4002078602D
:104BF000BFF34F8F396843F6E073C1F34E30CA08F4
:104C0000C1F3C9014E1C9107420100BF00BF00BFA4
:104C100002EA030546F001E00D4400BF00BF00BFFB
:104C2000C7F8E05105F140450FF007C00028A0F19A
:104C30000100A2F12002EBD1BFF34F8F57F86C0CAB
:104C400040F4803047F86C0CBFF34F8FBFF36F8F89
:104C50004EF2DA70C0F2002004F09EFE0020786070
:104C6000BFF34F8F396843F6E073C1F34E30CA0883
:104C7000C1F3C9014E1C9107420100BF00BF00BF34
:104C800002EA030546F001E00D4400BF00BF00BF8B
:104C9000C7F8E05105F140450FF007C00028A0F12A
:104CA0000100A2F12002EBD1BFF34F8FBFF36F8F52
:104CB00003F0E2FF0DF1100ACAE9000103F0DCFF86
:104CC00004F0FAF80DF120094FF4803EC9E9000123
:104CD00040F2000040F20001C2F20000C6F60101FD
:104CE00011F8012B00F8012B0FF007C003F0C4FFEF
:104CF0000DF10808C8E9000103F0BEFF04F0DCF87C
:104D000006ACC4E90001D9E90001D4E90023594007
:104D1000504008430CD14FF24640C0F2002004F04E
:104D20003BFE47E04EF2E860C0F2002003F028BFEF
:104D3000D4E90001D9E90023801A994106F03AFE2E
:104D400000EE100A9FED981A81EE000A9FED971A67
:104D50004FF2107020EE010A9FED951AC0F200206C
:104D600020EE010A20EE018A07F080F9D8E900015F
:104D7000DAE90023821A4EF6FD4061EB0303C0F22C
:104D8000002007F073F9D4E90001D9E90023821A61
:104D90004EF2FA7061EB0303C0F2002007F066F9EF
:104DA000B7EEC80A4FF24410C0F2002053EC102BAB
:104DB00007F05CF900207860BFF34F8F396843F645
:104DC000E073C1F34E30CA08C1F3C9014E1C91070C
:104DD000420100BF00BF00BF02EA030546F001E048
:104DE0000D4400BF00BF00BFC7F8E05105F14045CA
:104DF0000FF007C00028A0F10100A2F12002EBD1C2
:104E0000BFF34F8FBFF36F8F03F036FF04F054F8FA
:104E1000C9E9000103F030FFCAE900014FF4004E78
:104E200040F2000040F20001C2F20000C6F60101AB
:104E300031F8022B20F8022B0FF007C003F01CFF03
:104E4000C8E9000103F018FF04F036F8C4E90001D6
:104E5000D9E90001D4E9002359405040084306D164
:104E60004FF24640C0F2002004F096FD41E0D4E944
:104E70000001D9E90023801A994106F09BFD00EE5C
:104E8000100A9FED491A81EE000A9FED481A4EF272
:104E9000474020EE010A9FED461AC0F2002020EEA6
:104EA000010A20EE018A07F0E1F8D8E90001DAE909
:104EB0000023821A4EF6FD4061EB0303C0F200208E
:104EC00007F0D4F8D4E90001D9E90023821A4EF2A0
:104ED000FA7061EB0303C0F2002007F0C7F8B7EEE9
:104EE000C80A4FF24410C0F2002053EC102B07F018
:104EF000BDF800207860BFF34F8F396843F6E07348
:104F0000C1F34E30CA08C1F3C9014E1C91074201DA
:104F100002EA030546F001E00D4400BF00BF00BFF8
:104F2000C7F8E05105F140450FF007C00028A0F197
:104F30000100A2F12002EBD1BFF34F8FBFF36F8FBF
:104F400003F09AFE03F0B8FFC9E9000103F094FEF4
:104F5000CAE900014FF4804E40F2000040F2000127
:104F6000C2F20000C6F6010151F8042B40F8042BF0
:104F70000FF007C003F080FEC8E9000103F07CFEDB
:104F800003F09AFFC4E90001D9E90001D4E9002344
:104F90005940504008430DD14FF24640C0F2002026
:104FA00004F0FAFC48E000BF000080470024744988
:104FB0000000803AD4E90001D9E90023801A994120
:104FC00006F0F8FC00EE100A1FED091A81EE000A47
:104FD0001FED0A1A4FF6991020EE010A1FED0C1A68
:104FE000C0F2002020EE010A20EE018A07F03EF810
:104FF000D8E90001DAE90023821A4EF6FD4061EBA0
:105000000303C0F2002007F031F8D4E90001D9E928
:105010000023821A4EF2FA7061EB0303C0F2002003
:1050200007F024F8B7EEC80A4FF24410C0F200208F
:1050300053EC102B07F01AF800207860BFF34F8F65
:10504000396843F6E073C1F34E30CA08C1F3C901B1
:105050004E1C9107420100BF02EA030546F001E041
:105060000D4400BF00BF00BFC7F8E05105F1404547
:105070000FF007C00028A0F10100A2F12002EBD13F
:10508000BFF34F8FBFF36F8F03F0F6FD03F014FFF4
:10509000C9E9000103F0F0FDCAE900014FF4005E28
:1050A00040F2000040F20001C2F20000C6F6010129
:1050B000F1E80223E0E802230FF007C003F0DCFD73
:1050C000C8E9000103F0D8FD03F0F6FEC4E90001D1
:1050D000D9E90001D4E9002359405040084306D1E2
:1050E0004FF24640C0F2002004F056FC41E0D4E903
:1050F0000001D9E90023801A994106F05BFC00EE1B
:10510000100A1FED571A81EE000A1FED581A4EF2D1
:10511000755020EE010A1FED5A1AC0F2002020EE51
:10512000010A20EE018A06F0A1FFD8E90001DAE9C0
:105130000023821A4EF6FD4061EB0303C0F200200B
:1051400006F094FFD4E90001D9E90023821A4EF257
:10515000FA7061EB0303C0F2002006F087FFB7EEA0
:10516000C80A4FF24410C0F2002053EC102B06F096
:105170007DFF00207860BFF34F8F396843F6E073FE
:10518000C1F34E30CA08C1F3C9014E1C9107420158
:1051900002EA030546F001E00D4400BF00BF00BF76
:1051A000C7F8E05105F140450FF007C00028A0F115
:1051B0000100A2F12002EBD1BFF34F8FBFF36F8F3D
:1051C00003F05AFD03F078FEC9E9000103F054FD35
:1051D000CAE900014FF4803E40F2000040F20001B5
:1051E000C2F20000C6F6000111F8012B00F8012BF5
:1051F0000FF007C003F040FDC8E9000103F03CFDDB
:1052000003F05AFEC4E90001D9E90001D4E9002302
:1052100059405040084306D14FF24640C0F20020AA
:1052200004F0BAFB41E0D4E90001D9E90023801A77
:10523000994106F0BFFB00EE100A1FEDA51A81EEA2
:10524000000A1FEDA61A4EF2373020EE010A1FEDBC
:10525000A81AC0F2002020EE010A20EE018A06F012
:1052600005FFD8E90001DAE90023821A4EF6FD4075
:1052700061EB0303C0F2002006F0F8FED4E9000160
:10528000D9E90023821A4EF2FA7061EB0303C0F2EF
:10529000002006F0EBFEB7EEC80A4FF24410C0F251
:1052A000002053EC102B06F0E1FE00207860BFF3E5
:1052B0004F8F396843F6E073C1F34E30CA08C1F32B
:1052C000C9014E1C9107420102EA030546F001E0C4
:1052D0000D4400BF00BF00BFC7F8E05105F14045D5
:1052E0000FF007C00028A0F10100A2F12002EBD1CD
:1052F000BFF34F8FBFF36F8F03F0BEFC03F0DCFDF5
:10530000C9E9000103F0B8FCCAE900014FF4004EFE
:1053100040F2000040F20001C2F20000C6F60001B7
:1053200031F8022B20F8022B0FF007C003F0A4FC89
:10533000C8E9000103F0A0FC03F0BEFDC4E90001D0
:10534000D9E90001D4E9002359405040084306D16F
:105350004FF24640C0F2002004F01EFB41E0D4E9C9
:105360000001D9E90023801A994106F023FB00EEE1
:10537000100A9FED991A81EE000A9FED981A4EF6D9
:10538000115020EE010A9FED961AC0F2002020EE87
:10539000010A20EE018A06F069FED8E90001DAE987
:1053A0000023821A4EF6FD4061EB0303C0F2002099
:1053B00006F05CFED4E90001D9E90023821A4EF21E
:1053C000FA7061EB0303C0F2002006F04FFEB7EE67
:1053D000C80A4FF24410C0F2002053EC102B06F024
:1053E00045FE00207860BFF34F8F396843F6E073C5
:1053F000C1F34E30CA08C1F3C9014E1C91074201E6
:1054000002EA030546F001E00D4400BF00BF00BF03
:10541000C7F8E05105F140450FF007C00028A0F1A2
:105420000100A2F12002EBD1BFF34F8FBFF36F8FCA
:1054300003F022FC03F040FDC9E9000103F01CFC6D
:10544000CAE900014FF4804E40F2000040F2000132
:10545000C2F20000C6F6000151F8042B40F8042BFC
:105460000FF007C003F008FCC8E9000103F004FCDA
:1054700003F022FDC4E90001D9E90001D4E90023C9
:1054800059405040084306D14FF24640C0F2002038
:1054900004F082FA41E0D4E90001D9E90023801A3E
:1054A000994106F087FA00EE100A9FED4B1A81EE43
:1054B000000A9FED4A1A4EF60F3020EE010A9FEDCA
:1054C000481AC0F2002020EE010A20EE018A06F000
:1054D000CDFDD8E90001DAE90023821A4EF6FD403D
:1054E00061EB0303C0F2002006F0C0FDD4E9000127
:1054F000D9E90023821A4EF2FA7061EB0303C0F27D
:10550000002006F0B3FDB7EEC80A4FF24410C0F217
:10551000002053EC102B06F0A9FD00207860BFF3AB
:105520004F8F396843F6E073C1F34E30CA08C1F3B8
:10553000C9014E1C9107420102EA030546F001E051
:105540000D4400BF00BF00BFC7F8E05105F1404562
:105550000FF007C00028A0F10100A2F12002EBD15A
:10556000BFF34F8FBFF36F8F03F086FB03F0A4FCF4
:10557000C9E9000103F080FBCAE900014FF4005EB5
:1055800040F2000BC2F2000B40F20000C6F6000031
:10559000594600BF00BF00BFF0E80223E1E8022344
:1055A0000FF007C003F068FBC8E9000103F064FBDB
:1055B00003F082FCC4E90001D9E90001D4E9002329
:1055C0005940504008430DD14FF24640C0F20020F0
:1055D00004F0E2F948E000BF00008047002474496D
:1055E0000000803AD4E90001D9E90023801A9941EA
:1055F00006F0E0F900EE100A1FED091A81EE000A2C
:105600001FED0A1A4EF6092020EE010A1FED0C1AB2
:10561000C0F2002020EE010A20EE018A06F026FDED
:10562000D8E90001DAE90023821A4EF6FD4061EB69
:105630000303C0F2002006F019FDD4E90001D9E906
:105640000023821A4EF2FA7061EB0303C0F20020CD
:1056500006F00CFDB7EEC80A4FF24410C0F200206D
:1056600053EC102B06F002FD00207860BFF34F8F43
:10567000396843F6E073C1F34E30CA08C1F3C9017B
:105680004E1C9107420100BF02EA030546F001E00B
:105690000D4400BF00BF00BFC7F8E05105F1404511
:1056A0000FF007C00028A0F10100A2F12002EBD109
:1056B000BFF34F8FBFF36F8F03F0DEFA03F0FCFBF5
:1056C000C9E9000103F0D8FACAE900014FF4803EAD
:1056D00040F2404040F20001C2F20120C6F6010152
:1056E00011F8012B00F8012B0FF007C003F0C4FAEA
:1056F000C8E9000103F0C0FA03F0DEFBC4E90001D1
:10570000D9E90001D4E9002359405040084306D1AB
:105710004FF24640C0F2002004F03EF941E0D4E9E7
:105720000001D9E90023801A994106F043F900EEFF
:10573000100A1FED571A81EE000A1FED581A4FF696
:10574000E81020EE010A1FED5A1AC0F2002020EEE8
:10575000010A20EE018A06F089FCD8E90001DAE9A5
:105760000023821A4EF6FD4061EB0303C0F20020D5
:1057700006F07CFCD4E90001D9E90023821A4EF23C
:10578000FA7061EB0303C0F2002006F06FFCB7EE85
:10579000C80A4FF24410C0F2002053EC102B06F060
:1057A00065FC00207860BFF34F8F396843F6E073E3
:1057B000C1F34E30CA08C1F3C9014E1C9107420122
:1057C00002EA030546F001E00D4400BF00BF00BF40
:1057D000C7F8E05105F140450FF007C00028A0F1DF
:1057E0000100A2F12002EBD1BFF34F8FBFF36F8F07
:1057F00003F042FA03F060FBC9E9000103F03CFA50
:10580000CAE900014FF4004E40F2404040F200016E
:10581000C2F20120C6F6010131F8022B20F8022B5A
:105820000FF007C003F028FAC8E9000103F024FADA
:1058300003F042FBC4E90001D9E90001D4E90023E7
:1058400059405040084306D14FF24640C0F2002074
:1058500004F0A2F841E0D4E90001D9E90023801A5C
:10586000994106F0A7F800EE100A1FEDA51A81EE87
:10587000000A1FEDA61A4EF2863020EE010A1FED37
:10588000A81AC0F2002020EE010A20EE018A06F0DC
:10589000EDFBD8E90001DAE90023821A4EF6FD405B
:1058A00061EB0303C0F2002006F0E0FBD4E9000145
:1058B000D9E90023821A4EF2FA7061EB0303C0F2B9
:1058C000002006F0D3FBB7EEC80A4FF24410C0F236
:1058D000002053EC102B06F0C9FB00207860BFF3CA
:1058E0004F8F396843F6E073C1F34E30CA08C1F3F5
:1058F000C9014E1C9107420102EA030546F001E08E
:105900000D4400BF00BF00BFC7F8E05105F140459E
:105910000FF007C00028A0F10100A2F12002EBD196
:10592000BFF34F8FBFF36F8F03F0A6F903F0C4FAF4
:10593000C9E9000103F0A0F9CAE900014FF4804E63
:1059400040F2404040F20001C2F20120C6F60101DF
:1059500051F8042B40F8042B0FF007C003F08CF92A
:10596000C8E9000103F088F903F0A6FAC4E90001D0
:10597000D9E90001D4E9002359405040084306D139
:105980004FF24640C0F2002004F006F841E0D4E9AE
:105990000001D9E90023801A994106F00BF800EEC6
:1059A000100A9FED971A81EE000A9FED961A4EF6A7
:1059B0005E3020EE010A9FED941AC0F2002020EE26
:1059C000010A20EE018A06F051FBD8E90001DAE96C
:1059D0000023821A4EF6FD4061EB0303C0F2002063
:1059E00006F044FBD4E90001D9E90023821A4EF203
:1059F000FA7061EB0303C0F2002006F037FBB7EE4C
:105A0000C80A4FF24410C0F2002053EC102B06F0ED
:105A10002DFB00207860BFF34F8F396843F6E073A9
:105A2000C1F34E30CA08C1F3C9014E1C91074201AF
:105A300002EA030546F001E00D4400BF00BF00BFCD
:105A4000C7F8E05105F140450FF007C00028A0F16C
:105A50000100A2F12002EBD1BFF34F8FBFF36F8F94
:105A600003F00AF903F028FAC9E9000103F004F988
:105A7000CAE900014FF4005E40F2404040F20001EC
:105A8000C2F20120C6F60101F1E80223E0E8022398
:105A90000FF007C003F0F0F8C8E9000103F0ECF8DC
:105AA00003F00AFAC4E90001D9E90001D4E90023AE
:105AB00059405040084306D14FF24640C0F2002002
:105AC00003F06AFF41E0D4E90001D9E90023801A1C
:105AD000994105F06FFF00EE100A9FED491A81EE23
:105AE000000A9FED481A4EF2D53020EE010A9FEDD4
:105AF000461AC0F2002020EE010A20EE018A06F0CC
:105B0000B5FAD8E90001DAE90023821A4EF6FD4021
:105B100061EB0303C0F2002006F0A8FAD4E900010B
:105B2000D9E90023821A4EF2FA7061EB0303C0F246
:105B3000002006F09BFAB7EEC80A4FF24410C0F2FC
:105B4000002053EC102B06F091FA00207860BFF390
:105B50004F8F396843F6E073C1F34E30CA08C1F382
:105B6000C9014E1C9107420102EA030546F001E01B
:105B70000D4400BF00BF00BFC7F8E05105F140452C
:105B80000FF007C00028A0F10100A2F12002EBD124
:105B9000BFF34F8FBFF36F8F03F06EF803F08CF9F4
:105BA000C9E9000103F068F8CAE900014FF4803E3A
:105BB00040F2400040F20001C2F20020C6F60101AE
:105BC00011F8012B00F8012B0FF007C003F054F877
:105BD000C8E9000103F050F803F06EF9C4E90001D0
:105BE000D9E90001D4E900235940504008430DD1C0
:105BF0004FF24640C0F2002003F0CEFE48E000BF66
:105C000000008047002474490000803AD4E9000174
:105C1000D9E90023801A994105F0CCFE00EE100A64
:105C20001FED091A81EE000A1FED0A1A4FF2F35018
:105C300020EE010A1FED0C1AC0F2002020EE010A2E
:105C400020EE018A06F012FAD8E90001DAE9002311
:105C5000821A4EF6FD4061EB0303C0F2002006F00D
:105C600005FAD4E90001D9E90023821A4EF2FA704C
:105C700061EB0303C0F2002006F0F8F9B7EEC80AA2
:105C80004FF24410C0F2002053EC102B06F0EEF956
:105C900000207860BFF34F8F396843F6E073C1F39B
:105CA0004E30CA08C1F3C9014E1C9107420100BF22
:105CB00002EA030546F001E00D4400BF00BF00BF4B
:105CC000C7F8E05105F140450FF007C00028A0F1EA
:105CD0000100A2F12002EBD1BFF34F8FBFF36F8F12
:105CE00002F0CAFF03F0E8F8C9E9000102F0C4FFBE
:105CF000CAE900014FF4004E40F2400040F20001BA
:105D0000C2F20020C6F6010131F8022B20F8022B66
:105D10000FF007C002F0B0FFC8E9000102F0ACFFCD
:105D200003F0CAF8C4E90001D9E90001D4E900236D
:105D300059405040084306D14FF24640C0F200207F
:105D400003F02AFE41E0D4E90001D9E90023801ADA
:105D5000994105F02FFE00EE100A1FED571A81EE53
:105D6000000A1FED581A4FF2571020EE010A1FEDDE
:105D70005A1AC0F2002020EE010A20EE018A06F035
:105D800075F9D8E90001DAE90023821A4EF6FD40E0
:105D900061EB0303C0F2002006F068F9D4E90001CA
:105DA000D9E90023821A4EF2FA7061EB0303C0F2C4
:105DB000002006F05BF9B7EEC80A4FF24410C0F2BB
:105DC000002053EC102B06F051F900207860BFF34F
:105DD0004F8F396843F6E073C1F34E30CA08C1F300
:105DE000C9014E1C9107420102EA030546F001E099
:105DF0000D4400BF00BF00BFC7F8E05105F14045AA
:105E00000FF007C00028A0F10100A2F12002EBD1A1
:105E1000BFF34F8FBFF36F8F02F02EFF03F04CF8EC
:105E2000C9E9000102F028FFCAE900014FF4804EE1
:105E300040F2400040F20001C2F20020C6F601012B
:105E400051F8042B40F8042B0FF007C002F014FFA8
:105E5000C8E9000102F010FF03F02EF8C4E90001C8
:105E6000D9E90001D4E9002359405040084306D144
:105E70004FF24640C0F2002003F08EFD41E0D4E92D
:105E80000001D9E90023801A994105F093FD00EE45
:105E9000100A1FEDA51A81EE000A1FEDA61A4EF298
:105EA0007F2020EE010A1FEDA81AC0F2002020EE8C
:105EB000010A20EE018A06F0D9F8D8E90001DAE9F2
:105EC0000023821A4EF6FD4061EB0303C0F200206E
:105ED00006F0CCF8D4E90001D9E90023821A4EF289
:105EE000FA7061EB0303C0F2002006F0BFF8B7EED2
:105EF000C80A4FF24410C0F2002053EC102B06F0F9
:105F0000B5F800207860BFF34F8F396843F6E0732F
:105F1000C1F34E30CA08C1F3C9014E1C91074201BA
:105F200002EA030546F001E00D4400BF00BF00BFD8
:105F3000C7F8E05105F140450FF007C00028A0F177
:105F40000100A2F12002EBD1BFF34F8FBFF36F8F9F
:105F500002F092FE02F0B0FFC9E9000102F08CFEEF
:105F6000CAE900014FF4005E40F2000140F2400037
:105F7000C6F60101C2F20020F1E80223E0E80223A4
:105F80000FF007C002F078FEC8E9000102F074FECD
:105F900002F092FFC4E90001D9E90001D4E900232D
:105FA00059405040084306D14FF24640C0F200200D
:105FB00003F0F2FC41E0D4E90001D9E90023801AA2
:105FC000994105F0F7FC00EE100A9FED971A81EE5B
:105FD000000A9FED961A4EF66A1020EE010A9FED18
:105FE000941AC0F2002020EE010A20EE018A06F089
:105FF0003DF8D8E90001DAE90023821A4EF6FD40A7
:1060000061EB0303C0F2002006F030F8D4E9000190
:10601000D9E90023821A4EF2FA7061EB0303C0F251
:10602000002006F023F8B7EEC80A4FF24410C0F281
:10603000002053EC102B06F019F800207860BFF315
:106040004F8F396843F6E073C1F34E30CA08C1F38D
:10605000C9014E1C9107420102EA030546F001E026
:106060000D4400BF00BF00BFC7F8E05105F1404537
:106070000FF007C00028A0F10100A2F12002EBD12F
:10608000BFF34F8FBFF36F8F02F0F6FD02F014FFE6
:10609000C9E9000102F0F0FDCAE900014FF4803EB9
:1060A00040F2404040F20001C2F20120C6F6000179
:1060B00011F8012B00F8012B0FF007C002F0DCFDF6
:1060C000C8E9000102F0D8FD02F0F6FEC4E90001C3
:1060D000D9E90001D4E9002359405040084306D1D2
:1060E0004FF24640C0F2002003F056FC41E0D4E9F4
:1060F0000001D9E90023801A994105F05BFC00EE0C
:10610000100A9FED491A81EE000A9FED481A4FF2DE
:10611000CA2020EE010A9FED461AC0F2002020EEB0
:10612000010A20EE018A05F0A1FFD8E90001DAE9B1
:106130000023821A4EF6FD4061EB0303C0F20020FB
:1061400005F094FFD4E90001D9E90023821A4EF248
:10615000FA7061EB0303C0F2002005F087FFB7EE91
:10616000C80A4FF24410C0F2002053EC102B05F087
:106170007DFF00207860BFF34F8F396843F6E073EE
:10618000C1F34E30CA08C1F3C9014E1C9107420148
:1061900002EA030546F001E00D4400BF00BF00BF66
:1061A000C7F8E05105F140450FF007C00028A0F105
:1061B0000100A2F12002EBD1BFF34F8FBFF36F8F2D
:1061C00002F05AFD02F078FEC9E9000102F054FD28
:1061D000CAE900014FF4004E40F2404040F2000195
:1061E000C2F20120C6F6000131F8022B20F8022B82
:1061F0000FF007C002F040FDC8E9000102F03CFDCD
:1062000002F05AFEC4E90001D9E90001D4E90023F3
:106210005940504008430DD14FF24640C0F2002093
:1062200003F0BAFB48E000BF000080470024744937
:106230000000803AD4E90001D9E90023801A99418D
:1062400005F0B8FB00EE100A1FED091A81EE000AF6
:106250001FED0A1A4FF2FD7020EE010A1FED0C1A15
:10626000C0F2002020EE010A20EE018A05F0FEFEB9
:10627000D8E90001DAE90023821A4EF6FD4061EB0D
:106280000303C0F2002005F0F1FED4E90001D9E9D2
:106290000023821A4EF2FA7061EB0303C0F2002071
:1062A00005F0E4FEB7EEC80A4FF24410C0F2002039
:1062B00053EC102B05F0DAFE00207860BFF34F8F0F
:1062C000396843F6E073C1F34E30CA08C1F3C9011F
:1062D0004E1C9107420100BF02EA030546F001E0AF
:1062E0000D4400BF00BF00BFC7F8E05105F14045B5
:1062F0000FF007C00028A0F10100A2F12002EBD1AD
:10630000BFF34F8FBFF36F8F02F0B6FC02F0D4FDE6
:10631000C9E9000102F0B0FCCAE900014FF4804E67
:1063200040F2404040F20001C2F20120C6F60001F6
:1063300051F8042B40F8042B0FF007C002F09CFC2E
:10634000C8E9000102F098FC02F0B6FDC4E90001C2
:10635000D9E90001D4E9002359405040084306D14F
:106360004FF24640C0F2002003F016FB41E0D4E9B2
:106370000001D9E90023801A994105F01BFB00EECA
:10638000100A1FED571A81EE000A1FED581A4FF63A
:10639000372020EE010A1FED5A1AC0F2002020EE2D
:1063A000010A20EE018A05F061FED8E90001DAE970
:1063B0000023821A4EF6FD4061EB0303C0F2002079
:1063C00005F054FED4E90001D9E90023821A4EF207
:1063D000FA7061EB0303C0F2002005F047FEB7EE50
:1063E000C80A4FF24410C0F2002053EC102B05F005
:1063F0003DFE00207860BFF34F8F396843F6E073AD
:10640000C1F34E30CA08C1F3C9014E1C91074201C5
:1064100002EA030546F001E00D4400BF00BF00BFE3
:10642000C7F8E05105F140450FF007C00028A0F182
:106430000100A2F12002EBD1BFF34F8FBFF36F8FAA
:1064400002F01AFC02F038FDC9E9000102F014FC68
:10645000CAE900014FF4005E40F2404140F2000002
:10646000C2F20121C6F60000F0E80223E1E80223AF
:106470000FF007C002F000FCC8E9000102F0FCFBCD
:1064800002F01AFDC4E90001D9E90001D4E90023B2
:1064900059405040084306D14FF24640C0F2002018
:1064A00003F07AFA41E0D4E90001D9E90023801A27
:1064B000994105F07FFA00EE100A1FEDA51A81EE52
:1064C000000A1FEDA61A4EF6AC0020EE010A1FEDE1
:1064D000A81AC0F2002020EE010A20EE018A05F081
:1064E000C5FDD8E90001DAE90023821A4EF6FD4025
:1064F00061EB0303C0F2002005F0B8FDD4E9000110
:10650000D9E90023821A4EF2FA7061EB0303C0F25C
:10651000002005F0ABFDB7EEC80A4FF24410C0F200
:10652000002053EC102B05F0A1FD00207860BFF394
:106530004F8F396843F6E073C1F34E30CA08C1F398
:10654000C9014E1C9107420102EA030546F001E031
:106550000D4400BF00BF00BFC7F8E05105F1404542
:106560000FF007C00028A0F10100A2F12002EBD13A
:10657000BFF34F8FBFF36F8F02F07EFB02F09CFCE6
:10658000C9E9000102F078FBCAE900014FF4803E3E
:1065900040F2400040F20001C2F20020C6F60001C5
:1065A00011F8012B00F8012B0FF007C002F064FB7B
:1065B000C8E9000102F060FB02F07EFCC4E90001C2
:1065C000D9E90001D4E9002359405040084306D1DD
:1065D0004FF24640C0F2002003F0DEF941E0D4E97A
:1065E0000001D9E90023801A994105F0E3F900EE92
:1065F000100A9FED971A81EE000A9FED961A4FF24E
:106600001D5020EE010A9FED941AC0F2002020EEEA
:10661000010A20EE018A05F029FDD8E90001DAE936
:106620000023821A4EF6FD4061EB0303C0F2002006
:1066300005F01CFDD4E90001D9E90023821A4EF2CD
:10664000FA7061EB0303C0F2002005F00FFDB7EE16
:10665000C80A4FF24410C0F2002053EC102B05F092
:1066600005FD00207860BFF34F8F396843F6E07373
:10667000C1F34E30CA08C1F3C9014E1C9107420153
:1066800002EA030546F001E00D4400BF00BF00BF71
:10669000C7F8E05105F140450FF007C00028A0F110
:1066A0000100A2F12002EBD1BFF34F8FBFF36F8F38
:1066B00002F0E2FA02F000FCC9E9000102F0DCFAA3
:1066C000CAE900014FF4004E40F2400040F20001E0
:1066D000C2F20020C6F6000131F8022B20F8022B8E
:1066E0000FF007C002F0C8FAC8E9000102F0C4FACE
:1066F00002F0E2FBC4E90001D9E90001D4E900237A
:1067000059405040084306D14FF24640C0F20020A5
:1067100003F042F941E0D4E90001D9E90023801AED
:10672000994105F047F900EE100A9FED491A81EEF4
:10673000000A9FED481A4FF26C4020EE010A9FEDCF
:10674000461AC0F2002020EE010A20EE018A05F070
:106750008DFCD8E90001DAE90023821A4EF6FD40EB
:1067600061EB0303C0F2002005F080FCD4E90001D6
:10677000D9E90023821A4EF2FA7061EB0303C0F2EA
:10678000002005F073FCB7EEC80A4FF24410C0F2C7
:10679000002053EC102B05F069FC00207860BFF35B
:1067A0004F8F396843F6E073C1F34E30CA08C1F326
:1067B000C9014E1C9107420102EA030546F001E0BF
:1067C0000D4400BF00BF00BFC7F8E05105F14045D0
:1067D0000FF007C00028A0F10100A2F12002EBD1C8
:1067E000BFF34F8FBFF36F8F02F046FA02F064FBE6
:1067F000C9E9000102F040FACAE900014FF4804EF5
:1068000040F2400040F20001C2F20020C6F6000152
:1068100051F8042B40F8042B0FF007C002F02CFABB
:10682000C8E9000102F028FA02F046FBC4E90001C1
:10683000D9E90001D4E900235940504008430DD163
:106840004FF24640C0F2002003F0A6F848E000BF37
:1068500000008047002474490000803AD4E9000118
:10686000D9E90023801A994105F0A4F800EE100A36
:106870001FED091A81EE000A1FED0A1A4FF2E71008
:1068800020EE010A1FED0C1AC0F2002020EE010AD2
:1068900020EE018A05F0EAFBD8E90001DAE90023DD
:1068A000821A4EF6FD4061EB0303C0F2002005F0B2
:1068B000DDFBD4E90001D9E90023821A4EF2FA7017
:1068C00061EB0303C0F2002005F0D0FBB7EEC80A6D
:1068D0004FF24410C0F2002053EC102B05F0C6FB21
:1068E00000207860BFF34F8F396843F6E073C1F33F
:1068F0004E30CA08C1F3C9014E1C9107420100BFC6
:1069000002EA030546F001E00D4400BF00BF00BFEE
:10691000C7F8E05105F140450FF007C00028A0F18D
:106920000100A2F12002EBD1BFF34F8FBFF36F8FB5
:1069300002F0A2F902F0C0FAC9E9000102F09CF9E4
:10694000CAE900014FF4005E40F2400040F200014D
:10695000C2F20020C6F60001F1E80223E0E80223BB
:106960000FF007C002F088F9C8E9000102F084F9CD
:1069700002F0A2FAC4E90001D9E90001D4E9002338
:1069800059405040084306D14FF24640C0F2002023
:1069900003F002F841E0D4E90001D9E90023801AAC
:1069A000994105F007F800EE100A1FED571A81EE25
:1069B000000A1FED581A4FF64C0020EE010A1FED99
:1069C0005A1AC0F2002020EE010A20EE018A05F0DA
:1069D0004DFBD8E90001DAE90023821A4EF6FD40AA
:1069E00061EB0303C0F2002005F040FBD4E9000195
:1069F000D9E90023821A4EF2FA7061EB0303C0F268
:106A0000002005F033FBB7EEC80A4FF24410C0F285
:106A1000002053EC102B05F029FB4FF496704FF437
:106A20007A7104F089FC4EF6B050C0F2002002F0FA
:106A3000B3FF00207860BFF34F8F396843F6E073EF
:106A4000C1F34E30CA08C1F3C9014E1C910742017F
:106A500002EA030546F001E00D4400BF00BF00BF9D
:106A6000C7F8E05105F140450FF007C00028A0F13C
:106A70000100A2F12002EBD140F2705840F210095F
:106A8000C2F20228C2F20029BFF34F8F0BF100615E
:106A90000020BFF36F8F88F800000820A9F80C00D1
:106AA0004FF48060A9F80E0001F50030C9F8080025
:106AB00040F20000C6F60100C9F80400D9F8000051
:106AC00040F04050C9F8000002F0D6F802F0F4F9A6
:106AD00008AAC2E9000102F0CFF84FF6E022CAE9A5
:106AE0000001C0F20022D2E9004B2046594603F0D3
:106AF00047FF2046494603F083FF204603F0C0FFCE
:106B00000121204603F0D8FF98F8000008B900BF23
:106B1000FAE702F0B1F802AEC6E9000102F0ACF803
:106B200002F0CAF90DF1180ACAE90001204603F083
:106B3000EBFF08ADD5E90001DAE9002359405040E8
:106B4000084306D14FF24640C0F2002002F024FF75
:106B500042E0DAE90001D5E90023801A994104F006
:106B600029FF00EE100A1FEDC61A81EE000A1FED84
:106B7000C71A4FF2362020EE010A1FEDC91AC0F2E3
:106B8000002020EE010A20EE018A05F06FFA04AA27
:106B9000D6E90001D2E90023821A4EF6FD4061EBEE
:106BA0000303C0F2002005F061FADAE90001D5E93B
:106BB0000023821A4EF2FA7061EB0303C0F2002048
:106BC00005F054FAB7EEC80A4FF24410C0F20020A4
:106BD00053EC102B05F04AFA00207860BFF34F8F7A
:106BE000396843F6E073C1F34E30CA08C1F3C901F6
:106BF0004E1C9107420100BF02EA030546F001E086
:106C00000D4400BF00BF00BFC7F8E05105F140458B
:106C10000FF007C00028A0F10100A2F12002EBD183
:106C2000BFF34F8FBFF36F8F002088F8000008205C
:106C3000A9F80C004FF48060A9F80E0040F2404023
:106C4000C2F20120C9F8080040F20000C6F60100B7
:106C5000C9F80400D9F8000040F04050C9F800001D
:106C600002F00AF802F028F908AAC2E9000102F0CD
:106C700003F804AAC2E900012046594603F080FE49
:106C80002046494603F0BCFE204603F0F9FE0121F0
:106C9000204603F011FF00BF98F8000008B900BFBC
:106CA000FAE701F0E9FF0DF10809C9E9000101F077
:106CB000E3FF02F001F90DF1180ACAE900012046CC
:106CC00003F022FF0DF12008D8E90001DAE90023E2
:106CD00059405040084307D14FF24640C0F20020CF
:106CE00002F05AFE04AC42E0DAE90001D8E90023E0
:106CF000801A994104F05EFE00EE100A9FEDDA1A48
:106D000081EE000A9FEDD91A4EF6100020EE010A1E
:106D10009FEDD71AC0F2002020EE010A20EE018A72
:106D200005F0A4F904ACD9E90001D4E90023821AE2
:106D30004EF6FD4061EB0303C0F2002005F096F92A
:106D4000DAE90001D8E90023821A4EF2FA7061EB09
:106D50000303C0F2002005F089F9B7EEC80A4FF22C
:106D60004410C0F2002053EC102B05F07FF90020F6
:106D70007860BFF34F8F57F86C0C43F6E07320F444
:106D8000803047F86C0CBFF34F8F3968C1F34E3039
:106D9000CA08C1F3C9014E1C9107420100BF00BFE0
:106DA00002EA030546F001E00D4400BF00BF00BF4A
:106DB000C7F8F45105F140450FF007C00028A0F1D5
:106DC0000100A2F12002EBD14EF20001BFF34F8F80
:106DD000CEF20101BFF36F8F086840F00400086035
:106DE000BFF34F8FBFF36F8F0868019057F86C0C9B
:106DF000C00331D400207860BFF34F8F396843F669
:106E0000E073C1F34E30CA08C1F3C9014E1C9107AB
:106E1000420100BF00BF00BF02EA030546F001E0E7
:106E20000D4400BF00BF00BFC7F8E05105F1404569
:106E30000FF007C00028A0F10100A2F12002EBD161
:106E4000BFF34F8F57F86C0C40F4803047F86C0C50
:106E5000BFF34F8FBFF36F8F0198400705D44FF2F8
:106E60006C50C0F2002001F08BBE4EF2C450C0F254
:106E7000002002F091FD00207860BFF34F8F396849
:106E800043F6E073C1F34E30CA08C1F3C9014E1C8A
:106E90009107420100BF00BF02EA030546F001E08E
:106EA0000D4400BF00BF00BFC7F8E05105F14045E9
:106EB0000FF007C00028A0F10100A2F12002EBD1E1
:106EC000BFF34F8FBFF36F8F01F0D6FEC4E900010F
:106ED00001F0D2FE01F0F0FFC8E900014FF4803E5E
:106EE00040F2000040F20001C2F20000C6F60101CB
:106EF00011F8012B00F8012B0FF007C001F0BCFEC8
:106F0000C9E9000101F0B8FE01F0D6FFCAE90001AD
:106F1000D8E90001DAE9002359405040084306D17E
:106F20004FF24640C0F2002002F036FD41E0DAE9BF
:106F30000001D8E90023801A994104F03BFD00EEDE
:106F4000100A9FED491A81EE000A9FED481A4FF290
:106F5000107020EE010A9FED461AC0F2002020EECC
:106F6000010A20EE018A05F081F8D9E90001D4E98F
:106F70000023821A4EF6FD4061EB0303C0F20020AD
:106F800005F074F8DAE90001D8E90023821A4EF21C
:106F9000FA7061EB0303C0F2002005F067F8B7EE6A
:106FA000C80A4FF24410C0F2002053EC102B05F039
:106FB0005DF800207860BFF34F8F396843F6E073C7
:106FC000C1F34E30CA08C1F3C9014E1C91074201FA
:106FD00002EA030546F001E00D4400BF00BF00BF18
:106FE000C7F8E05105F140450FF007C00028A0F1B7
:106FF0000100A2F12002EBD1BFF34F8FBFF36F8FDF
:1070000001F03AFE01F058FFC8E9000101F034FE3A
:10701000C4E900014FF4004E40F2000040F20001CC
:10702000C2F20000C6F6010131F8022B20F8022B53
:107030000FF007C001F020FEC9E9000101F01CFEBD
:1070400001F03AFFCAE90001D8E90001DAE90023BA
:107050005940504008430DD14FF24640C0F2002045
:1070600002F09AFC48E000BF000080470024744909
:107070000000803ADAE90001D8E90023801A99413A
:1070800004F098FC00EE100A1FED091A81EE000AC8
:107090001FED0A1A4EF2474020EE010A1FED0C1AAE
:1070A000C0F2002020EE010A20EE018A04F0DEFF8B
:1070B000D9E90001D4E90023821A4EF6FD4061EBC4
:1070C0000303C0F2002004F0D1FFDAE90001D8E99F
:1070D0000023821A4EF2FA7061EB0303C0F2002023
:1070E00004F0C4FFB7EEC80A4FF24410C0F200200B
:1070F00053EC102B04F0BAFF00207860BFF34F8FE1
:10710000396843F6E073C1F34E30CA08C1F3C901D0
:107110004E1C9107420100BF02EA030546F001E060
:107120000D4400BF00BF00BFC7F8E05105F1404566
:107130000FF007C00028A0F10100A2F12002EBD15E
:10714000BFF34F8FBFF36F8F01F096FD01F0B4FED8
:10715000C8E9000101F090FDC4E900014FF4804E40
:1071600040F2000040F20001C2F20000C6F6010148
:1071700051F8042B40F8042B0FF007C001F07CFD00
:10718000C9E9000101F078FD01F096FECAE90001AD
:10719000D8E90001DAE9002359405040084306D1FC
:1071A0004FF24640C0F2002002F0F6FB41E0DAE97F
:1071B0000001D8E90023801A994104F0FBFB00EE9E
:1071C000100A1FED571A81EE000A1FED581A4FF6EC
:1071D000991020EE010A1FED5A1AC0F2002020EE8D
:1071E000010A20EE018A04F041FFD9E90001D4E947
:1071F0000023821A4EF6FD4061EB0303C0F200202B
:1072000004F034FFDAE90001D8E90023821A4EF2D3
:10721000FA7061EB0303C0F2002004F027FFB7EE21
:10722000C80A4FF24410C0F2002053EC102B04F0B7
:107230001DFF00207860BFF34F8F396843F6E0737D
:10724000C1F34E30CA08C1F3C9014E1C9107420177
:1072500002EA030546F001E00D4400BF00BF00BF95
:10726000C7F8E05105F140450FF007C00028A0F134
:107270000100A2F12002EBD1BFF34F8FBFF36F8F5C
:1072800001F0FAFC01F018FEC8E9000101F0F4FC7D
:10729000C4E900014FF4005E40F2000040F200013A
:1072A000C2F20000C6F60101F1E80223E0E8022381
:1072B0000FF007C001F0E0FCC9E9000101F0DCFCBF
:1072C00001F0FAFDCAE90001D8E90001DAE900237A
:1072D00059405040084306D14FF24640C0F20020CA
:1072E00002F05AFB41E0DAE90001D8E90023801AF4
:1072F000994104F05FFB00EE100A1FEDA51A81EE24
:10730000000A1FEDA61A4EF2755020EE010A1FED7D
:10731000A81AC0F2002020EE010A20EE018A04F033
:10732000A5FED9E90001D4E90023821A4EF6FD40FA
:1073300061EB0303C0F2002004F098FEDAE90001DB
:10734000D8E90023821A4EF2FA7061EB0303C0F20F
:10735000002004F08BFEB7EEC80A4FF24410C0F2D2
:10736000002053EC102B04F081FE00207860BFF366
:107370004F8F396843F6E073C1F34E30CA08C1F34A
:10738000C9014E1C9107420102EA030546F001E0E3
:107390000D4400BF00BF00BFC7F8E05105F14045F4
:1073A0000FF007C00028A0F10100A2F12002EBD1EC
:1073B000BFF34F8FBFF36F8F01F05EFC01F07CFDD8
:1073C000C8E9000101F058FCC4E900014FF4803E17
:1073D00040F2000040F20001C2F20000C6F60001D7
:1073E00011F8012B00F8012B0FF007C001F044FC4D
:1073F000C9E9000101F040FC01F05EFDCAE90001AD
:10740000D8E90001DAE9002359405040084306D189
:107410004FF24640C0F2002002F0BEFA41E0DAE945
:107420000001D8E90023801A994104F0C3FA00EE64
:10743000100A9FED971A81EE000A9FED961A4EF200
:10744000373020EE010A9FED941AC0F2002020EEA2
:10745000010A20EE018A04F009FED9E90001D4E90D
:107460000023821A4EF6FD4061EB0303C0F20020B8
:1074700004F0FCFDDAE90001D8E90023821A4EF29B
:10748000FA7061EB0303C0F2002004F0EFFDB7EEE9
:10749000C80A4FF24410C0F2002053EC102B04F045
:1074A000E5FD00207860BFF34F8F396843F6E07345
:1074B000C1F34E30CA08C1F3C9014E1C9107420105
:1074C00002EA030546F001E00D4400BF00BF00BF23
:1074D000C7F8E05105F140450FF007C00028A0F1C2
:1074E0000100A2F12002EBD1BFF34F8FBFF36F8FEA
:1074F00001F0C2FB01F0E0FCC8E9000101F0BCFBB7
:10750000C4E900014FF4004E40F2000040F20001D7
:10751000C2F20000C6F6000131F8022B20F8022B5F
:107520000FF007C001F0A8FBC9E9000101F0A4FBBE
:1075300001F0C2FCCAE90001D8E90001DAE9002340
:1075400059405040084306D14FF24640C0F2002057
:1075500002F022FA41E0DAE90001D8E90023801ABA
:10756000994104F027FA00EE100A9FED491A81EEC6
:10757000000A9FED481A4EF6115020EE010A9FEDC9
:10758000461AC0F2002020EE010A20EE018A04F023
:107590006DFDD9E90001D4E90023821A4EF6FD40C1
:1075A00061EB0303C0F2002004F060FDDAE90001A2
:1075B000D8E90023821A4EF2FA7061EB0303C0F29D
:1075C000002004F053FDB7EEC80A4FF24410C0F299
:1075D000002053EC102B04F049FD00207860BFF32D
:1075E0004F8F396843F6E073C1F34E30CA08C1F3D8
:1075F000C9014E1C9107420102EA030546F001E071
:107600000D4400BF00BF00BFC7F8E05105F1404581
:107610000FF007C00028A0F10100A2F12002EBD179
:10762000BFF34F8FBFF36F8F01F026FB01F044FCD7
:10763000C8E9000101F020FBC4E900014FF4804ECD
:1076400040F2000040F20001C2F20000C6F6000164
:1076500051F8042B40F8042B0FF007C001F00CFB8D
:10766000C9E9000101F008FB01F026FCCAE90001AC
:10767000D8E90001DAE900235940504008430DD110
:107680004FF24640C0F2002002F086F948E000BF09
:1076900000008047002474490000803ADAE90001C4
:1076A000D8E90023801A994104F084F900EE100A09
:1076B0001FED091A81EE000A1FED0A1A4EF60F306F
:1076C00020EE010A1FED0C1AC0F2002020EE010A84
:1076D00020EE018A04F0CAFCD9E90001D4E90023B4
:1076E000821A4EF6FD4061EB0303C0F2002004F065
:1076F000BDFCDAE90001D8E90023821A4EF2FA70E3
:1077000061EB0303C0F2002004F0B0FCB7EEC80A3E
:107710004FF24410C0F2002053EC102B04F0A6FCF2
:1077200000207860BFF34F8F396843F6E073C1F3F0
:107730004E30CA08C1F3C9014E1C9107420100BF77
:1077400002EA030546F001E00D4400BF00BF00BFA0
:10775000C7F8E05105F140450FF007C00028A0F13F
:107760000100A2F12002EBD1BFF34F8FBFF36F8F67
:1077700001F082FA01F0A0FBC8E9000101F07CFAF7
:10778000C4E900014FF4005E40F2000040F2000145
:10779000C2F20000C6F60001F1E80223E0E802238D
:1077A0000FF007C001F068FAC9E9000101F064FABE
:1077B00001F082FBCAE90001D8E90001DAE90023FF
:1077C00059405040084306D14FF24640C0F20020D5
:1077D00002F0E2F841E0DAE90001D8E90023801A7A
:1077E000994104F0E7F800EE100A1FED571A81EEF8
:1077F000000A1FED581A4EF6092020EE010A1FED6F
:107800005A1AC0F2002020EE010A20EE018A04F08C
:107810002DFCD9E90001D4E90023821A4EF6FD407F
:1078200061EB0303C0F2002004F020FCDAE9000160
:10783000D8E90023821A4EF2FA7061EB0303C0F21A
:10784000002004F013FCB7EEC80A4FF24410C0F257
:10785000002053EC102B04F009FC00207860BFF3EB
:107860004F8F396843F6E073C1F34E30CA08C1F355
:10787000C9014E1C9107420102EA030546F001E0EE
:107880000D4400BF00BF00BFC7F8E05105F14045FF
:107890000FF007C00028A0F10100A2F12002EBD1F7
:1078A000BFF34F8FBFF36F8F01F0E6F901F004FBD8
:1078B000C8E9000101F0E0F9C4E900014FF4803E9D
:1078C00040F2404040F20001C2F20120C6F6010140
:1078D00011F8012B00F8012B0FF007C001F0CCF9D3
:1078E000C9E9000101F0C8F901F0E6FACAE90001AE
:1078F000D8E90001DAE9002359405040084306D195
:107900004FF24640C0F2002002F046F841E0DAE9CA
:107910000001D8E90023801A994104F04BF800EEE9
:10792000100A1FEDA51A81EE000A1FEDA61A4FF6E8
:10793000E81020EE010A1FEDA81AC0F2002020EE88
:10794000010A20EE018A04F091FBD9E90001D4E993
:107950000023821A4EF6FD4061EB0303C0F20020C3
:1079600004F084FBDAE90001D8E90023821A4EF220
:10797000FA7061EB0303C0F2002004F077FBB7EE6E
:10798000C80A4FF24410C0F2002053EC102B04F050
:107990006DFB00207860BFF34F8F396843F6E073CA
:1079A000C1F34E30CA08C1F3C9014E1C9107420110
:1079B00002EA030546F001E00D4400BF00BF00BF2E
:1079C000C7F8E05105F140450FF007C00028A0F1CD
:1079D0000100A2F12002EBD1BFF34F8FBFF36F8FF5
:1079E00001F04AF901F068FAC8E9000101F044F930
:1079F000C4E900014FF4004E40F2404040F2000163
:107A0000C2F20120C6F6010131F8022B20F8022B48
:107A10000FF007C001F030F9C9E9000101F02CF9BD
:107A200001F04AFACAE90001D8E90001DAE90023C5
:107A300059405040084306D14FF24640C0F2002062
:107A400001F0AAFF41E0DAE90001D8E90023801A39
:107A5000994103F0AFFF00EE100A9FED971A81EEF7
:107A6000000A9FED961A4EF2863020EE010A9FED35
:107A7000941AC0F2002020EE010A20EE018A04F0E0
:107A8000F5FAD9E90001D4E90023821A4EF6FD4047
:107A900061EB0303C0F2002004F0E8FADAE9000128
:107AA000D8E90023821A4EF2FA7061EB0303C0F2A8
:107AB000002004F0DBFAB7EEC80A4FF24410C0F21F
:107AC000002053EC102B04F0D1FA00207860BFF3B3
:107AD0004F8F396843F6E073C1F34E30CA08C1F3E3
:107AE000C9014E1C9107420102EA030546F001E07C
:107AF0000D4400BF00BF00BFC7F8E05105F140458D
:107B00000FF007C00028A0F10100A2F12002EBD184
:107B1000BFF34F8FBFF36F8F01F0AEF801F0CCF9D8
:107B2000C8E9000101F0A8F8C4E900014FF4804E53
:107B300040F2404040F20001C2F20120C6F60101CD
:107B400051F8042B40F8042B0FF007C001F094F813
:107B5000C9E9000101F090F801F0AEF9CAE90001AD
:107B6000D8E90001DAE9002359405040084306D122
:107B70004FF24640C0F2002001F00EFF41E0DAE98A
:107B80000001D8E90023801A994103F013FF00EEA9
:107B9000100A9FED491A81EE000A9FED481A4EF631
:107BA0005E3020EE010A9FED461AC0F2002020EE62
:107BB000010A20EE018A04F059FAD9E90001D4E95A
:107BC0000023821A4EF6FD4061EB0303C0F2002051
:107BD00004F04CFADAE90001D8E90023821A4EF2E7
:107BE000FA7061EB0303C0F2002004F03FFAB7EE35
:107BF000C80A4FF24410C0F2002053EC102B04F0DE
:107C000035FA00207860BFF34F8F396843F6E07390
:107C1000C1F34E30CA08C1F3C9014E1C910742019D
:107C200002EA030546F001E00D4400BF00BF00BFBB
:107C3000C7F8E05105F140450FF007C00028A0F15A
:107C40000100A2F12002EBD1BFF34F8FBFF36F8F82
:107C500001F012F801F030F9C8E9000101F00CF868
:107C6000C4E900014FF4005E40F2404040F20001E0
:107C7000C2F20120C6F60101F1E80223E0E8022386
:107C80000FF007C000F0F8FFC9E9000100F0F4FFB1
:107C900001F012F9CAE90001D8E90001DAE900238C
:107CA0005940504008430DD14FF24640C0F20020E9
:107CB00001F072FE48E000BF0000804700247449D4
:107CC0000000803ADAE90001D8E90023801A9941DE
:107CD00003F070FE00EE100A1FED091A81EE000A93
:107CE0001FED0A1A4EF2D53020EE010A1FED0C1AD4
:107CF000C0F2002020EE010A20EE018A04F0B6F95D
:107D0000D9E90001D4E90023821A4EF6FD4061EB67
:107D10000303C0F2002004F0A9F9DAE90001D8E970
:107D20000023821A4EF2FA7061EB0303C0F20020C6
:107D300004F09CF9B7EEC80A4FF24410C0F20020DC
:107D400053EC102B04F092F900207860BFF34F8FB2
:107D5000396843F6E073C1F34E30CA08C1F3C90174
:107D60004E1C9107420100BF02EA030546F001E004
:107D70000D4400BF00BF00BFC7F8E05105F140450A
:107D80000FF007C00028A0F10100A2F12002EBD102
:107D9000BFF34F8FBFF36F8F00F06EFF01F08CF8D1
:107DA000C8E9000100F068FFC4E900014FF4803E1B
:107DB00040F2400040F20001C2F20020C6F601018C
:107DC00011F8012B00F8012B0FF007C000F054FF51
:107DD000C9E9000100F050FF01F06EF8CAE90001A6
:107DE000D8E90001DAE9002359405040084306D1A0
:107DF0004FF24640C0F2002001F0CEFD41E0DAE94A
:107E00000001D8E90023801A994103F0D3FD00EE68
:107E1000100A1FED571A81EE000A1FED581A4FF293
:107E2000F35020EE010A1FED5A1AC0F2002020EE96
:107E3000010A20EE018A04F019F9D9E90001D4E918
:107E40000023821A4EF6FD4061EB0303C0F20020CE
:107E500004F00CF9DAE90001D8E90023821A4EF2A5
:107E6000FA7061EB0303C0F2002004F0FFF8B7EEF4
:107E7000C80A4FF24410C0F2002053EC102B04F05B
:107E8000F5F800207860BFF34F8F396843F6E07350
:107E9000C1F34E30CA08C1F3C9014E1C910742011B
:107EA00002EA030546F001E00D4400BF00BF00BF39
:107EB000C7F8E05105F140450FF007C00028A0F1D8
:107EC0000100A2F12002EBD1BFF34F8FBFF36F8F00
:107ED00000F0D2FE00F0F0FFC8E9000100F0CCFE97
:107EE000C4E900014FF4004E40F2400040F20001AE
:107EF000C2F20020C6F6010131F8022B20F8022B55
:107F00000FF007C000F0B8FEC9E9000100F0B4FEB0
:107F100000F0D2FFCAE90001D8E90001DAE9002344
:107F200059405040084306D14FF24640C0F200206D
:107F300001F032FD41E0DAE90001D8E90023801ABE
:107F4000994103F037FD00EE100A1FEDA51A81EEEE
:107F5000000A1FEDA61A4FF2571020EE010A1FED7E
:107F6000A81AC0F2002020EE010A20EE018A04F0D7
:107F70007DF8D9E90001D4E90023821A4EF6FD40CC
:107F800061EB0303C0F2002004F070F8DAE90001AD
:107F9000D8E90023821A4EF2FA7061EB0303C0F2B3
:107FA000002004F063F8B7EEC80A4FF24410C0F2A4
:107FB000002053EC102B04F059F800207860BFF338
:107FC0004F8F396843F6E073C1F34E30CA08C1F3EE
:107FD000C9014E1C9107420102EA030546F001E087
:107FE0000D4400BF00BF00BFC7F8E05105F1404598
:107FF0000FF007C00028A0F10100A2F12002EBD190
:10800000BFF34F8FBFF36F8F00F036FE00F054FFC9
:10801000C8E9000100F030FEC4E900014FF4804ED1
:1080200040F2400040F20001C2F20020C6F6010119
:1080300051F8042B40F8042B0FF007C000F01CFE91
:10804000C9E9000100F018FE00F036FFCAE900019E
:10805000D8E90001DAE9002359405040084306D12D
:108060004FF24640C0F2002001F096FC41E0DAE910
:108070000001D8E90023801A994103F09BFC00EE2F
:10808000100A9FED971A81EE000A9FED961A4EF2A4
:108090007F2020EE010A9FED941AC0F2002020EE0E
:1080A000010A20EE018A03F0E1FFD9E90001D4E9D9
:1080B0000023821A4EF6FD4061EB0303C0F200205C
:1080C00003F0D4FFDAE90001D8E90023821A4EF266
:1080D000FA7061EB0303C0F2002003F0C7FFB7EEB4
:1080E000C80A4FF24410C0F2002053EC102B03F0EA
:1080F000BDFF00207860BFF34F8F396843F6E0730F
:10810000C1F34E30CA08C1F3C9014E1C91074201A8
:1081100002EA030546F001E00D4400BF00BF00BFC6
:10812000C7F8E05105F140450FF007C00028A0F165
:108130000100A2F12002EBD1BFF34F8FBFF36F8F8D
:1081400000F09AFD00F0B8FEC8E9000100F094FDCF
:10815000C4E900014FF4005E40F2400040F200012B
:10816000C2F20020C6F60101F1E80223E0E8022392
:108170000FF007C000F080FDC9E9000100F07CFDB0
:1081800000F09AFECAE90001D8E90001DAE900230B
:1081900059405040084306D14FF24640C0F20020FB
:1081A00001F0FAFB41E0DAE90001D8E90023801A86
:1081B000994103F0FFFB00EE100A9FED491A81EE92
:1081C000000A9FED481A4EF66A1020EE010A9FED54
:1081D000461AC0F2002020EE010A20EE018A03F0C8
:1081E00045FFD9E90001D4E90023821A4EF6FD408B
:1081F00061EB0303C0F2002003F038FFDAE900016D
:10820000D8E90023821A4EF2FA7061EB0303C0F240
:10821000002003F02BFFB7EEC80A4FF24410C0F263
:10822000002053EC102B03F021FF00207860BFF3F7
:108230004F8F396843F6E073C1F34E30CA08C1F37B
:10824000C9014E1C9107420102EA030546F001E014
:108250000D4400BF00BF00BFC7F8E05105F1404525
:108260000FF007C00028A0F10100A2F12002EBD11D
:10827000BFF34F8FBFF36F8F00F0FEFC00F01CFECA
:10828000C8E9000100F0F8FCC4E900014FF4803EA9
:1082900040F2404040F20001C2F20120C6F6000167
:1082A00011F8012B00F8012B0FF007C000F0E4FCDF
:1082B000C9E9000100F0E0FC00F0FEFDCAE90001A0
:1082C000D8E90001DAE900235940504008430DD1B4
:1082D0004FF24640C0F2002001F05EFB48E000BFD4
:1082E00000008047002474490000803ADAE9000168
:1082F000D8E90023801A994103F05CFB00EE100AD4
:108300001FED091A81EE000A1FED0A1A4FF2CA206A
:1083100020EE010A1FED0C1AC0F2002020EE010A27
:1083200020EE018A03F0A2FED9E90001D4E900237E
:10833000821A4EF6FD4061EB0303C0F2002003F009
:1083400095FEDAE90001D8E90023821A4EF2FA70AC
:1083500061EB0303C0F2002003F088FEB7EEC80A09
:108360004FF24410C0F2002053EC102B03F07EFEBD
:1083700000207860BFF34F8F396843F6E073C1F394
:108380004E30CA08C1F3C9014E1C9107420100BF1B
:1083900002EA030546F001E00D4400BF00BF00BF44
:1083A000C7F8E05105F140450FF007C00028A0F1E3
:1083B0000100A2F12002EBD1BFF34F8FBFF36F8F0B
:1083C00000F05AFC00F078FDC8E9000100F054FC10
:1083D000C4E900014FF4004E40F2404040F2000179
:1083E000C2F20120C6F6000131F8022B20F8022B60
:1083F0000FF007C000F040FCC9E9000100F03CFCB0
:1084000000F05AFDCAE90001D8E90001DAE90023C9
:1084100059405040084306D14FF24640C0F2002078
:1084200001F0BAFA41E0DAE90001D8E90023801A44
:10843000994103F0BFFA00EE100A1FED571A81EEC2
:10844000000A1FED581A4FF2FD7020EE010A1FEDD1
:108450005A1AC0F2002020EE010A20EE018A03F031
:1084600005FED9E90001D4E90023821A4EF6FD4049
:1084700061EB0303C0F2002003F0F8FDDAE900012C
:10848000D8E90023821A4EF2FA7061EB0303C0F2BE
:10849000002003F0EBFDB7EEC80A4FF24410C0F223
:1084A000002053EC102B03F0E1FD00207860BFF3B7
:1084B0004F8F396843F6E073C1F34E30CA08C1F3F9
:1084C000C9014E1C9107420102EA030546F001E092
:1084D0000D4400BF00BF00BFC7F8E05105F14045A3
:1084E0000FF007C00028A0F10100A2F12002EBD19B
:1084F000BFF34F8FBFF36F8F00F0BEFB00F0DCFCCB
:10850000C8E9000100F0B8FBC4E900014FF4804E57
:1085100040F2404040F20001C2F20120C6F60001E4
:1085200051F8042B40F8042B0FF007C000F0A4FB17
:10853000C9E9000100F0A0FB00F0BEFCCAE900019F
:10854000D8E90001DAE9002359405040084306D138
:108550004FF24640C0F2002001F01EFA41E0DAE995
:108560000001D8E90023801A994103F023FA00EEB4
:10857000100A1FEDA51A81EE000A1FEDA61A4FF68C
:10858000372020EE010A1FEDA81AC0F2002020EECD
:10859000010A20EE018A03F069FDD9E90001D4E95E
:1085A0000023821A4EF6FD4061EB0303C0F2002067
:1085B00003F05CFDDAE90001D8E90023821A4EF2EB
:1085C000FA7061EB0303C0F2002003F04FFDB7EE39
:1085D000C80A4FF24410C0F2002053EC102B03F0F5
:1085E00045FD00207860BFF34F8F396843F6E07394
:1085F000C1F34E30CA08C1F3C9014E1C91074201B4
:1086000002EA030546F001E00D4400BF00BF00BFD1
:10861000C7F8E05105F140450FF007C00028A0F170
:108620000100A2F12002EBD1BFF34F8FBFF36F8F98
:1086300000F022FB00F040FCC8E9000100F01CFB48
:10864000C4E900014FF4005E40F2404040F20001F6
:10865000C2F20120C6F60001F1E80223E0E802239D
:108660000FF007C000F008FBC9E9000100F004FBAF
:1086700000F022FCCAE90001D8E90001DAE9002390
:1086800059405040084306D14FF24640C0F2002006
:1086900001F082F941E0DAE90001D8E90023801A0B
:1086A000994103F087F900EE100A9FED971A81EEC9
:1086B000000A9FED961A4EF6AC0020EE010A9FEDDF
:1086C000941AC0F2002020EE010A20EE018A03F085
:1086D000CDFCD9E90001D4E90023821A4EF6FD4011
:1086E00061EB0303C0F2002003F0C0FCDAE90001F3
:1086F000D8E90023821A4EF2FA7061EB0303C0F24C
:10870000002003F0B3FCB7EEC80A4FF24410C0F2E9
:10871000002053EC102B03F0A9FC00207860BFF37D
:108720004F8F396843F6E073C1F34E30CA08C1F386
:10873000C9014E1C9107420102EA030546F001E01F
:108740000D4400BF00BF00BFC7F8E05105F1404530
:108750000FF007C00028A0F10100A2F12002EBD128
:10876000BFF34F8FBFF36F8F00F086FA00F0A4FBCA
:10877000C8E9000100F080FAC4E900014FF4803E2E
:1087800040F2400040F20001C2F20020C6F60001B3
:1087900011F8012B00F8012B0FF007C000F06CFA64
:1087A000C9E9000100F068FA00F086FBCAE900019F
:1087B000D8E90001DAE9002359405040084306D1C6
:1087C0004FF24640C0F2002001F0E6F841E0DAE95D
:1087D0000001D8E90023801A994103F0EBF800EE7C
:1087E000100A9FED491A81EE000A9FED481A4FF2D8
:1087F0001D5020EE010A9FED461AC0F2002020EE27
:10880000010A20EE018A03F031FCD9E90001D4E924
:108810000023821A4EF6FD4061EB0303C0F20020F4
:1088200003F024FCDAE90001D8E90023821A4EF2B1
:10883000FA7061EB0303C0F2002003F017FCB7EEFF
:10884000C80A4FF24410C0F2002053EC102B03F082
:108850000DFC00207860BFF34F8F396843F6E0735A
:10886000C1F34E30CA08C1F3C9014E1C9107420141
:1088700002EA030546F001E00D4400BF00BF00BF5F
:10888000C7F8E05105F140450FF007C00028A0F1FE
:108890000100A2F12002EBD1BFF34F8FBFF36F8F26
:1088A00000F0EAF900F008FBC8E9000100F0E4F983
:1088B000C4E900014FF4004E40F2400040F20001D4
:1088C000C2F20020C6F6000131F8022B20F8022B7C
:1088D0000FF007C000F0D0F9C9E9000100F0CCF9B1
:1088E00000F0EAFACAE90001D8E90001DAE9002358
:1088F0005940504008430DD14FF24640C0F200208D
:1089000001F04AF848E000BF0000804700247449A5
:108910000000803ADAE90001D8E90023801A994181
:1089200003F048F800EE100A9FEDBD1A81EE000A30
:108930009FEDBC1A4FF26C4020EE010A9FEDBA1A6F
:10894000C0F2002020EE010A20EE018A03F08EFB27
:10895000D9E90001D4E90023821A4EF6FD4061EB0B
:108960000303C0F2002003F081FBDAE90001D8E93B
:108970000023821A4EF2FA7061EB0303C0F200206A
:1089800003F074FBB7EEC80A4FF24410C0F20020A7
:1089900053EC102B03F06AFB00207860BFF34F8F7D
:1089A000396843F6E073C1F34E30CA08C1F3C90118
:1089B0004E1C9107420100BF02EA030546F001E0A8
:1089C0000D4400BF00BF00BFC7F8E05105F14045AE
:1089D0000FF007C00028A0F10100A2F12002EBD1A6
:1089E000BFF34F8FBFF36F8F00F046F900F064FACA
:1089F000C8E9000100F040F9C4E900014FF4804EDD
:108A000040F2400040F20001C2F20020C6F6000130
:108A100051F8042B40F8042B0FF007C000F02CF99C
:108A2000C9E9000100F028F900F046FACAE900019E
:108A3000D8E90001DAE9002359405040084306D143
:108A40004FF24640C0F2002000F0A6FF41E0DAE914
:108A50000001D8E90023801A994102F0ABFF00EE33
:108A6000100A9FED6F1A81EE000A9FED6E1A4FF209
:108A7000E71020EE010A9FED6C1AC0F2002020EEF4
:108A8000010A20EE018A03F0F1FAD9E90001D4E9E4
:108A90000023821A4EF6FD4061EB0303C0F2002072
:108AA00003F0E4FADAE90001D8E90023821A4EF271
:108AB000FA7061EB0303C0F2002003F0D7FAB7EEBF
:108AC000C80A4FF24410C0F2002053EC102B03F000
:108AD000CDFA00207860BFF34F8F396843F6E0731A
:108AE000C1F34E30CA08C1F3C9014E1C91074201BF
:108AF00002EA030546F001E00D4400BF00BF00BFDD
:108B0000C7F8E05105F140450FF007C00028A0F17B
:108B10000100A2F12002EBD1BFF34F8FBFF36F8FA3
:108B200000F0AAF800F0C8F9C8E9000100F0A4F8C4
:108B3000C4E900014FF4005E40F2400040F2000141
:108B4000C2F20020C6F60001F1E80223E0E80223A9
:108B50000FF007C000F090F8C9E9000100F08CF8B0
:108B600000F0AAF9CAE90001D8E90001DAE9002316
:108B70005940504008430BD14FF24640C0F200200C
:108B80000AB0BDEC028B01B0BDE8F04F00F004BFAD
:108B9000DAE90001D8E90023801A994102F00AFFBE
:108BA00000EE100A9FED1E1A81EE000A9FED1D1ABD
:108BB0004FF64C0020EE010A9FED1B1AC0F2002078
:108BC00020EE010A20EE018A03F050FAD9E90001F3
:108BD000D4E90023821A4EF6FD4061EB0303C0F294
:108BE000002003F043FADAE90001D8E90023821AF1
:108BF0004EF2FA7061EB0303C0F2002003F036FA84
:108C0000B7EEC80A4FF24410C0F2002053EC102B0C
:108C10000AB0BDEC028B01B0BDE8F04F03F026BAFC
:108C200000008047002474490000803AD4D4D4D492
:108C300040F270500121C2F2022001707047D4D47A
:108C400080B500F081FA40F2785CEFF3118EC2F249
:108C5000022C002383F31288DCE90032C018514152
:108C6000013041F10001CCE900018EF3118880BD93
:108C70007047D4D4D4D4D4D42DE9F04381B00020AB
:108C8000EFF3118880F3128800F062FA40F278590D
:108C90000446C2F202290D4699F81820012A0ED185
:108CA00000F09EF958B300F053FA04460D4600F068
:108CB0004BFA00196941441C41F100051FE0EFF334
:108CC000108672B600F08CF9B8B100F091F900F09E
:108CD0003BFA0022EFF3118382F31288D9E90025D1
:108CE00080186941013041F10001C9E9000183F3B5
:108CF000118800F02DFA04460D4686F31088D9E954
:108D000000012418D9E902024D41201A75EB020036
:108D100052DA00F019FA421CD9E9026741F1000366
:108D2000001BA941841941EB07052046294602F0A2
:108D3000BDFED9E90001801A994100196941C9E9CC
:108D4000000100F005FA99F8182004460D46012AA2
:108D50000ED100F045F958B300F0FAF904460D467B
:108D600000F0F2F900196941441C41F100051FE0CF
:108D7000EFF3108672B600F033F9B8B100F038F9AD
:108D800000F0E2F90022EFF3118382F31288D9E9AF
:108D9000002780187941013041F10001C9E9000143
:108DA00083F3118800F0D4F904460D4686F3108849
:108DB000D9E9000124184D41C9E90245204688F34C
:108DC0001188294601B0BDE8F083D4D4D4D4D4D4DA
:108DD0002DE9F04381B040F27857EFF31185C2F2EC
:108DE00002274FF0000989F31288387600F008F95D
:108DF000804600F0FDF885F3118800F0A5F900F039
:108E00009BF944F2402100EE100AC0F20F01B8EEC7
:108E1000400A9FED241A40F2745688425FEA2F916F
:108E2000797680EE012A797E81EE000A9FED1E1A86
:108E3000C2F20226002944F6D351C1F2620102FEB9
:108E4000000AA0FB0101B6EE002AA0EE012A880963
:108E5000BDEEC20A87ED040A7861EFF3118489F34D
:108E60001288C6F80090FFF707FFBFF34F8FBFF3DC
:108E70006F8F00BFBFF34F8FBFF36F8F0546FFF7B4
:108E8000FBFE31682944401A306084F31188C7E939
:108E90000099C7E90299FFF7EBFE404601B0BDE833
:108EA000F08300BF0024744900008047D4D4D4D498
:108EB0000120FFF78DBFD4D480B540F27852C2F2C2
:108EC0000222537E012B0CD1126986464FEAE27CC6
:108ED000A0FB02030EFB0C3301FB023150EA2F41D1
:108EE00080BD50EA0F411269D31702F0DFFD80BD4B
:108EF00000F002B8D4D4D4D410B54EF63050CEF22F
:108F000000000068800631D543F68044CEF20004AC
:108F1000206CB0F1FF3F04DC4FF000402060FFF711
:108F20008FFED4F88001C0B202281FD321688907C0
:108F30000AD50221216040F29851C2F20221D1E902
:108F400000230133C1E9002304280FD32168090756
:108F50000AD50821216040F29851C2F20221D1E9DC
:108F600002230133C1E90223062800D210BD216883
:108F700089060AD52021216040F29851C2F20221CF
:108F8000D1E904230133C1E90423062808BF10BD39
:108F900008284FF0010C5CEA3C9E40F29851C2F266
:108FA00002210622F646183108E000BF00BF00BFCC
:108FB00001320831BEF1010E00D1D7E70CFA02F3FD
:108FC000206C1842F4D02360D1E9000310F5803002
:108FD00043F10003C1E90003EAE7D4D4D4D4D4D4E4
:108FE00043F6C040CEF200000068C00F7047D4D4F2
:108FF00043F680404FF00041CEF200000160704720
:1090000043F60041CEF20001D1F80002420440F1E3
:109010008E80F0B543F60463EFF3108CCEF20003BC
:1090200072B64FF000461A6822F001021A600E6212
:109030000E661A6842F004021A60C1F880601A686D
:1090400042F002021A60D1F80022D2B2022A54D3AE
:109050004FF600054FF60404CFF6FF75CFF6FF7408
:109060004FF0080E042A41F805E04FF01E050D519F
:109070004FF00304C1F880404FF002070F640C600A
:109080003BD34FF608041327CFF6FF74062A0F517F
:109090004FF60C04CFF6FF740D514FF00C04C1F8DD
:1090A0008040C1F840E00C6027D34FF6100703253D
:1090B000CFF6FF77062ACD514FF61407CFF6FF778C
:1090C0004FF01E05CD514FF03007C1F880704FF0C2
:1090D00020050D640F6010D0082A4FF0010252EAFB
:1090E000329E062400BF00BF02FA04F50134C1F825
:1090F00080500D640D600FF009C84EF6FC52CEF2A0
:109100000002176847F0807747F4441717600E6431
:109110000E601968002241F00101196041F200015E
:10912000CEF200010A608CF31088BDE8F040C0F375
:1091300080307047D4D4D4D440F6D030C2F202206C
:1091400000687047D4D4D4D44FF0FF30002170476A
:1091500043F27C000021CEF2000000687047D4D4B6
:1091600010B540F2C054A821C2F20224204602F0F9
:1091700028FE0320206160614FF2742040F2696193
:10918000C0F20020A061C2F20221E1614FF48061CF
:1091900021620021A1626162E16240F669222066DB
:1091A0004FF0100E4FF69D20C2F202226266C4F804
:1091B00068E02167E1666167BFF35F8FC0F200205E
:1091C0000F3000BF00BF00BF10F8011904F8011BE9
:1091D0000FF007C0BFF35F8F10BDD4D4D4D4D4D464
:1091E0002DE9F04F85B040F2C0598B46C2F20229FA
:1091F000044699F80020532A42D0A821484602F09C
:10920000E0FD0320C9F81000C9F814004FF27420E3
:1092100040F26961C0F20020C9F81800C2F20221D0
:10922000C9F81C104FF48061C9F820100021C9F85A
:109230002810C9F82410C9F82C1040F66922C9F882
:1092400060004FF0100E4FF69D20C2F20222C9F8C6
:109250006420C9F868E0C9F87010C9F86C10C9F842
:109260007410BFF35F8FC0F200200F30494600BF7B
:1092700010F8012901F8012B0FF007C0BFF35F8F31
:109280000F2C13D8584602F064FEEFF311834FF011
:10929000200181F31188D9F82470D9F8281082466A
:1092A000B9426FEA070004D90A1806E04FF0FF3808
:1092B0001AE2D9F8202008440244D9F82C0000F022
:1092C00003004FF0FF38DFE810F004000C004A0004
:1092D0000D020AF10400824280F05D814FF0000827
:1092E00000E2042AC0F0FE814FF68D219046C0F2C4
:1092F000002103AE02250193095DFF208DF80C00CB
:109300008DF80D1022E000BFD9F820101044084459
:10931000C91B884250EA31803146A84250EA358460
:10932000D9F81C003844224602F050FDE019D9F863
:109330002010411AA5EB040550EA11872644002DA0
:10934000BFF35F8FC9F8247000F0B180D9F828000E
:10935000FA43B842D8D91044D9F82010D8E74FF6CC
:109360008D2104AEC0F2002102250193FF20095D8A
:109370008DF810008DF8111022E000BF00BF00BF73
:10938000D9F8201010440844C91B884250EA3180A3
:109390003146A84250EA3584D9F81C0038442246A8
:1093A00002F014FDE019D9F82010411AA5EB0405CC
:1093B00050EA11872644BFF35F8FC9F8247045B186
:1093C000D9F82800FA43B842DAD91044D9F8201065
:1093D000DAE74FF0000822E0D9F8201010440844E2
:1093E000C91B884250EA31805946504550EA3A84B8
:1093F000D9F81C003844224602F0E8FCE019D9F8FC
:109400002010411AAAEB040A50EA1187A044A34491
:10941000BAF1000FBFF35F8FC9F8247008D0D9F8F4
:109420002800FA43B842D7D91044D9F82010D7E71A
:1094300040F268604FF68D22C2F20220C0F2002294
:109440000DF1120502260078FF218DF81210105C34
:109450008DF8130022E000BFD9F820101044084412
:10946000C91B884250EA31802946B04250EA36840E
:10947000D9F81C003844224602F0A8FCE019D9F8BB
:109480002010411AA6EB040650EA11872544002E4D
:10949000BFF35F8FC9F8247000F02381D9F828004A
:1094A000FA43B842D8D91044D9F82010D8E7A8F127
:1094B00004004FF0000882455AEA308521E000BFE1
:1094C000D9F8201010440844C91B884250EA318062
:1094D0005946A84250EA3584D9F81C00384422463F
:1094E00002F074FCE019D9F82010411AA5EB04052C
:1094F00050EA1187A044A344BFF35F8FC9F82470DA
:1095000045B1D9F82800FA43B842D9D91044D9F85E
:109510002010D9E740F268604FF68D22C2F2022097
:10952000C0F200220DF10E0502260078FF218DF811
:109530000E10105C8DF80F0024E000BF00BF00BFCC
:10954000D9F8201010440844C91B884250EA3180E1
:109550002946B04250EA3684D9F81C0038442246E5
:1095600002F034FCE019D9F82010411AA6EB0406E9
:1095700050EA11872544002EBFF35F8FC9F824708D
:1095800000F0AF80D9F82800FA43B842D8D9104487
:10959000D9F82010D8E74FF68D2102AEC0F2002195
:1095A00002250193FF20095D8DF808008DF8091050
:1095B00022E000BF00BF00BFD9F8201010440844CB
:1095C000C91B884250EA31803146A84250EA3584AE
:1095D000D9F81C003844224602F0F8FBE019D9F80B
:1095E0002010411AA5EB040550EA11872644BFF369
:1095F0005F8FC9F8247045B1D9F82800FA43B84202
:10960000DAD91044D9F82010DAE74FF0000822E048
:10961000D9F8201010440844C91B884250EA318010
:109620005946504550EA3A84D9F81C00384422463D
:1096300002F0CCFBE019D9F82010411AAAEB040A79
:1096400050EA1187A044A344BAF1000FBFF35F8F23
:10965000C9F8247008D0D9F82800FA43B842D7D9FD
:109660001044D9F82010D7E740F268604FF68D22F9
:10967000C2F20220C0F200220DF10A050226007893
:10968000FF218DF80A10105C8DF80B0020E000BF60
:10969000D9F8201010440844C91B884250EA318090
:1096A0002946B04250EA3684D9F81C003844224694
:1096B00002F08CFBE019D9F82010411AA6EB040641
:1096C00050EA11872544BFF35F8FC9F8247046B173
:1096D000D9F82800FA43B842DAD91044D9F8201052
:1096E000DAE7019B83F31188404605B0BDE8F08FAF
:1096F00070B54FF63B1072B64EF62856C0F20020F9
:10970000CEF20006F6F7BCFC4EF6DD40C0F20020BB
:10971000F6F7B6FC7068002807D47068400010D5D2
:109720004EF6A970C0F2002003E04EF68D70C0F234
:109730000020F6F7A5FC4EF6DD40C0F20020F6F75B
:109740009FFC4EF6D670EFF30884C0F20020F6F7C7
:1097500097FC4EF6DD45C0F200252846F6F790FC52
:109760004EF6AD402168C0F20020F6F78DFC4FF2B6
:1097700019306168C0F20020F6F786FC4EF22440F2
:10978000A168C0F20020F6F77FFC4EF6FB00E1680E
:10979000C0F20020F6F778FC4EF6B9402169C0F21D
:1097A0000020F6F771FC4EF6C5406169C0F200205A
:1097B000F6F76AFC4EF6D140A169C0F20020F6F738
:1097C00063FC4EF64E00E169C0F20020F6F75CFC47
:1097D0004EF60710C0F20020F6F752FC2846F6F7C6
:1097E0004FFC4EF6FD303168C0F20020F6F74CFC1D
:1097F0004FF20B5056F8241CC0F20020F6F744FC40
:109800004EF24E707168C0F20020F6F73DFC4EF645
:109810005A00C0F20020F6F733FC2846F6F730FC79
:109820004EF6F770EFF30581C0F20020F6F72CFC3E
:10983000306880010BD54FF20400C0F20020F6F72B
:109840001FFC4EF6DD40C0F20020F6F719FC306830
:10985000C0010BD54FF2A610C0F20020F6F710FCA5
:109860004EF6DD40C0F20020F6F70AFC3068C00278
:109870002AD54FF2D550C0F20020F6F701FC4EF683
:10988000DD40C0F20020F6F7FBFB4FF2C530214669
:10989000C0F20020F6F7F8FB4FF2AF70EFF30A8149
:1098A000C0F20020F6F7F0FB4EF26650EFF30981AC
:1098B000C0F20020F6F7E8FB4EF60F40EFF30B8105
:1098C000C0F20020F6F7E0FB306800030BD54FF242
:1098D0000E10C0F20020F6F7D3FB4EF6DD40C0F2CA
:1098E0000020F6F7CDFB306840030BD54FF66A1029
:1098F000C0F20020F6F7C4FB4EF6DD40C0F20020B7
:10990000F6F7BEFB306880030BD54FF22200C0F2A1
:109910000020F6F7B5FB4EF6DD40C0F20020F6F76A
:10992000AFFB3068C0030BD54FF27D20C0F20020A2
:10993000F6F7A6FB4EF6DD40C0F20020F6F7A0FBDE
:109940003068800515D54FF2D430C0F20020F6F70C
:1099500097FB4EF6DD40C0F20020F6F791FB306831
:10996000000406D54FF2FA303169C0F20020F6F754
:109970008BFB3068C0050BD54EF28760C0F200202B
:10998000F6F77EFB4EF6DD40C0F20020F6F778FBDE
:1099900000BE70BDD4D4D4D480B54FF6203100229F
:1099A000C0F200214FF00D0CD1F800E000BF00BF65
:1099B000815CDEF824300A2902D049B911E000BFE9
:1099C00083F804C0DEF82430996C8900FCD5815CF2
:1099D0001971DEF8241000BF8B6C9B00FCD501329E
:1099E000E6E70D201871DEF8240000BF00BF00BFBD
:1099F000816C8900FCD50A210171DEF8240000BFCA
:109A0000816C8900FCD5002080BDD4D4D4D4D4D4BA
:109A100080B540F684208021C2F2022002F0D1F904
:109A200040F67C2C4FF6203040F68022C2F2022C09
:109A3000C0F20020C2F202220023CCF80030D0E9AC
:109A400000011360BDE8804000F0DEB8D4D4D4D467
:109A50000179042923D180B540F6802E40F67C2C74
:109A6000C2F2022EC2F2022C8068DEF80010DCF88E
:109A700000304A1C803A52EA0192CEF800209A4205
:109A800040F68423C2F202235854BDE8804018BF38
:109A90007047501C803850EA0290CCF800007047A4
:109AA0004FF62031C0F2002109684A6A1071486AF5
:109AB000816C8900FCD500207047D4D4D4D4D4D490
:109AC0002DE9F04182B040F6802040F67C27C2F2BA
:109AD0000220C2F2022700BF01683D688D4201D119
:109AE00000BFF9E7A94209D940F684220139C2F240
:109AF00002220160525D8DF8072025E0481BC5F168
:109B00008004803040F68420C2F202200DF1070864
:109B100000EB0501404622465FEA0F9602F056F937
:109B2000A64205D2A819B0F1800150EA11800AE0DE
:109B3000361B40F6842108EB0400C2F202213246B3
:109B400002F044F9701938609DF8070002B0BDE8D2
:109B5000F081D4D4D4D4D4D40020FFF739F9FFF75E
:109B6000FFFAFFF755FFF6F7B3FA4EF6C660C0F2FC
:109B70000020FFF711FF4FF21240C0F20020FFF764
:109B80000BFF4FF0D0404FF08071F6F7C1FA4FF65F
:109B9000B420C0F2002004684FF4857101222046F1
:109BA00000F09AFD4FF4FA704FF47A7101F0C4FBA3
:109BB0004FF485710022204600F08EFD4FF4FA70BC
:109BC0004FF47A7101F0B8FBE6E7D4D4D4D4D4D4FE
:109BD000022818BF704780B540F604304FF6F451A4
:109BE000C2F20220C0F2002100F0AEFC0120BDE86C
:109BF000804001F07DBCD4D480B5FFF7ADFF0020DC
:109C000080BDD4D4D4D4D4D42DE9F0470D460978FE
:109C100048F200020446C4F2350202EB0120606201
:109C2000002020702562A2786969A162A969C4E94F
:109C30000B0122F00300D5F81C80411CA17069784B
:109C400011B940F00200A07095F90B204EF20019F6
:109C5000CEF200090126500902F01F034CF2003A2F
:109C6000A97A09EB800006FA03F3C4F2000A4EF663
:109C7000185CC0F88030CEF2000CBFF34F8FBFF3FA
:109C80006F8F5AF82230002A23F480334AF82230AA
:109C90004FEA01115AF8223004D409EB020383F889
:109CA000001304E002F00F03634403F8041C40F6C1
:109CB000B0310120C2F2022141F8224095F905207D
:109CC000530902F01F06B0402E7909EB8303002AE6
:109CD000C3F880004FEA0613BFF34F8FBFF36F8FB7
:109CE0005AF8220020F480304AF822005AF8220064
:109CF00004D409EB020080F8003304E002F00F0006
:109D0000604400F8043C41F82240012695F9072000
:109D1000500902F01F0306FA03F3AE7909EB800045
:109D2000002AC0F880304FEA0613BFF34F8FBFF30D
:109D30006F8F5AF8220020F480304AF822005AF837
:109D4000220004D409EB020080F8003304E002F0A2
:109D50000F00604400F8043C41F82240012695F9C8
:109D60000920500902F01F0306FA03F32E7A09EBCB
:109D70008000002AC0F880304FEA0613BFF34F8FEF
:109D8000BFF36F8F5AF8220020F480304AF8220087
:109D90005AF8220004D409EB020080F8003304E0F2
:109DA00002F00F00604400F8043C41F8224001201A
:109DB000EFF3108680F3108828784FF0004121FAE5
:109DC00000F043F20401C4F220010A6822EA000014
:109DD000086008681E20012101F0AEFA86F31088A1
:109DE0004FF48061606A4FF480428160E869E978ED
:109DF0006E78437802EA8131077866F30921DA0345
:109E0000437B92B207F0030703F00103114441EAD8
:109E10004352636A42EA0762416802F580525A611E
:109E2000027802F0FE03022B07D14FF60471022ADA
:109E3000CFF6007108BF203100E00968626A116145
:109E40000C22017BAB78877862F39F014FF440725C
:109E5000022B08BF4FF48072002B07F00103676AE2
:109E600018BF114341EA0371F960626A00219161F0
:109E70002A78092A04D8626A0023C1F61F73536244
:109E8000B0F80F20807B636A40EA022041F601723D
:109E9000C0F21F0210401863206AC4E90411C4E92B
:109EA0000611C569A160687C50B34EF25400C4F23B
:109EB0000100017801F00F01022901D801220BE015
:109EC000CA1E052A06D24FF63861C0F2002151F8A9
:109ED000226003E00839102202FA01F6407800F00F
:109EE0000F0001F0D9F940F6D032697CC2F20222AB
:109EF000B0FBF6F012685143B1FBF0F00130A06006
:109F0000606AB8F80A101022A181C9F60752826669
:109F1000206A90F905104A0901F01F035AF8210040
:109F200020F480304AF821005AF8210009F5C07069
:109F30000121BFF35F8F01FA03F340F8223049F8A3
:109F40002230226A92F90B205AF8223023F480330F
:109F50004AF822305AF82230530902F01F02BFF3A8
:109F60005F8F01FA02F240F8232049F82320226A89
:109F700092F907205AF8223023F480334AF822302D
:109F80005AF82230530902F01F02BFF35F8F01FA23
:109F900002F240F8232049F82320226A92F909208E
:109FA0005AF8223023F480334AF822305AF822300B
:109FB000530902F01F02BFF35F8F914040F8231056
:109FC00049F8231040F21141606AC0F2010181603A
:109FD000606A00BF00BF00BF017FC907FCD044F624
:109FE00042110020C5F243316160BDE8F087D4D44E
:109FF00003460020C3E906127047D4D4D4D4D4D485
:10A00000D0F824C0DCF8083023F44013CCF8083032
:10A01000D0F824C000BF00BFDCF848305B00FBD59F
:10A02000DCF8083023F01003CCF80830D0F824C056
:10A030009CF81C30DB06FBD4C0E904120020DCF8DD
:10A04000081041F01011CCF808107047D4D4D4D4C3
:10A050002DE9F0410446406A4FF6EE728846866864
:10A06000CFF6CE7232408260206A00222261C76938
:10A07000A260787C50B34EF25400C4F20100017823
:10A0800001F00F01022901D801220BE0CA1E052AA6
:10A0900006D24FF63861C0F2002151F8225003E099
:10A0A0000839102202FA01F5407800F00F0001F0A3
:10A0B000F3F840F6D032797CC2F20222B0FBF5F020
:10A0C00012685143B1FBF0F00130A060606AD8F82B
:10A0D000001026F4401201610020616A8A60BDE828
:10A0E000F081D4D4D4D4D4D400204FF0FF32C1E9CD
:10A0F00000227047D4D4D4D48A0703D40622C907D7
:10A1000015D116E0426A936823F440139360426AC3
:10A11000936C5B00FCD5936823F010039360426A54
:10A12000137FDB06FCD400224261C90701D0002264
:10A13000C26110467047D4D4844681620020CCE9C5
:10A140000B327047D4D4D4D444F642124168C5F2DD
:10A15000433291426DD1B0B5416A8A6822F440120F
:10A160008A60416A8A6822F010028A60416A00BFF0
:10A170000A7FD206FCD4016A4EF2801CCEF2000C9B
:10A18000054691F907104A0901F01F03012101FA60
:10A1900003F34CF82230BFF34F8FBFF36F8F026A87
:10A1A00092F90920530902F01F0201FA02F24CF859
:10A1B0002320BFF34F8FBFF36F8F426A936823F45E
:10A1C00080339360026A92F90520530902F01F025E
:10A1D00001FA02F24CF82320BFF34F8FBFF36F8FC9
:10A1E000026A92F90B20530902F01F0201FA02F2EF
:10A1F0004CF8232043F20402BFF34F8FBFF36F8F5D
:10A20000EFF3108481F31088016AC4F220024FF04A
:10A21000004C1E20097813682CFA01F119431160D3
:10A220001168012101F088F884F31088002068602B
:10A23000B0BD07207047D4D40246C0690860002032
:10A240000021D1617047D4D406207047D4D4D4D42F
:10A2500006207047D4D4D4D4B0B584B04FF0704148
:10A26000EFF3038001EB00604CF200318015C4F283
:10A270000001425822F48032425040F6B032415838
:10A28000C2F202221458206A00690028606902D0D4
:10A29000E0B104B0B0BDC8B1A07800F0030002285E
:10A2A000206905D10088616A20F4DC40486002E042
:10A2B000616A00780871A078226900F00301606982
:10A2C000401A6061114421610028E2D1616A0222D2
:10A2D0008D68A06862F3155510B101F06DF8616AE0
:10A2E0008D60A06A00284FF000002061D1D0E06AA4
:10A2F00020B190E82E008DE82E0000E06846216A2B
:10A30000097801600021816080210171216BC160A9
:10A31000A16A8847E06A00281CBF9DE82E002EC075
:10A3200004B0B0BDD4D4D4D410B586B04FF07041D1
:10A33000EFF3038001EB00604CF200318015C4F2B2
:10A340000001425822F48032425040F6B032415867
:10A35000C2F202221458A07800F00302606A022AB6
:10A3600003D101686FF35F2100E00178E06901919A
:10A37000D0B1A06901A901F029FDA078D4E90612A5
:10A3800000F003000144101AC4E9061034D1A06A99
:10A3900090B3E06AE0B1D0E900C2D0E90231CDE982
:10A3A0000431CDE902C214E0A06A28B3E06A40B1EA
:10A3B000D0E900CED0E90223CDE90423CDE902CED5
:10A3C00000E002A8226A127881600260042106E09F
:10A3D00002A8216A097801600021816001210171D0
:10A3E000216BC160A16A8847E06A28B102AC1ECC2B
:10A3F000016042608360C46006B010BDD4D4D4D480
:10A40000B0B584B04FF07041EFF3038001EB006012
:10A4100040F6B0328115C2F202224FF6EF730416F5
:10A420005558CFF6CF73696A8A681A408A60A96A5C
:10A43000E1B1E86A40B1D0E900C2D0E90231CDE92A
:10A440000231CDE900C200E06846296A097801605E
:10A450000021816002210171296BC160A96A8847CE
:10A46000E86A00281CBF9DE82E002EC04CF2003088
:10A47000C4F2000050F8241021F4803140F8241078
:10A4800050F8240004B0B0BD70B584B04FF07041F6
:10A49000EFF3038001EB006040F6B0328115C2F2A9
:10A4A00002225458A178636A01F00301022904D101
:10A4B000D3F800C06FF35F2C01E093F800C09A6CF2
:10A4C0002025082105EAD2454FF0100E01EA12615D
:10A4D0001EEA126229440A4403D0996C090458BF49
:10A4E0004032996E051641F0C8519966A16AD9B1FA
:10A4F000E06A40B1D0E900E3D0E90216CDE90216E6
:10A50000CDE900E300E06846216A0978C0F808C098
:10A5100001600271216BC160A16A8847E06A00286E
:10A520001CBF9DE84E004EC04CF20030C4F200004B
:10A5300050F8251021F4803140F8251050F82500FE
:10A5400004B070BDD4D4D4D480B545F25422C5F241
:10A550004F020260084600F037F9002080BDD4D4D5
:10A560000146002000220A607047D4D4D4D4D4D449
:10A5700080B5084600F028F9002080BDD4D4D4D49A
:10A5800070B586B001A8049003A814460D46ADF836
:10A59000081001920126ADF80C6000F07DF940F63C
:10A5A000AC30EFF31081C2F2022086F3108802680B
:10A5B0003AB940F614520023C4F24002137040230B
:10A5C000137002680132026081F31088E10340F6E3
:10A5D00000014FEA1522C4F2400101D4EBB20CE0B5
:10A5E00001EB8216EBB256F8235025F4803546F87D
:10A5F000235024F4803546F8235001EB82110122C8
:10A6000041F82340EFF3108182F31088026812B101
:10A610000268013A0260006838B940F6145000221E
:10A62000C4F2400002708022027081F31088002082
:10A6300006B070BDD4D4D4D404200023C4F24000AA
:10A64000CFF6FF7340EAD100C9B220F01B000068CA
:10A6500043EA104020FA01F1002001F001011170DD
:10A660007047D4D4D4D4D4D410B56FF00100CBB299
:10A6700000EAD11001210C2401FA03FE0101C4F209
:10A68000400444EA001C4FF48030012A625800FA6A
:10A6900003F004D122EA000040EA0E0203E022EABD
:10A6A0000E0141EA00020020CCF8002010BDD4D4F5
:10A6B0006FF03F00CBB200EA910040F6000100EBE2
:10A6C0008300C4F2400141580020C1F340011170E1
:10A6D0007047D4D4D4D4D4D410B5CBB20120984090
:10A6E0006FF0010E84B20EEAD110002A40F2080287
:10A6F0004FF4803C4FEA0011C4F240024FF00000DA
:10A7000008BF0CFA03F4545010BDD4D4D4D4D4D41C
:10A7100080B56FF0010040F2000C00EAD110C4F2E5
:10A72000400C010103EA020E62EA03025CF8010038
:10A730004EEA000E002002EA0E024CF8012080BD15
:10A740006FF0010000EAD11004210001C4F24001C1
:10A7500009580020090C11807047D4D4D4D4D4D423
:10A760006FF0010003EA020C00EAD11023EA0201B3
:10A770000C230201C4F2400300204CEA014199502D
:10A780007047D4D4D4D4D4D46FF00100042300EAA9
:10A79000D110C4F2400301010020595811807047C4
:10A7A0006FF0010003EA020C00EAD11023EA020173
:10A7B00008230201C4F2400300204CEA01419950F1
:10A7C0007047D4D4D4D4D4D470B5044600F064F81F
:10A7D00040F6AC3CEFF31081C2F2022C012080F372
:10A7E0001088DCF8000038B940F614500022C4F29A
:10A7F0004000027040220270DCF800000130CCF80A
:10A80000000081F31088208830B340F6000E00214C
:10A81000C4F2400E08E000BF0EEB8010013140F89A
:10A8200022302088814217D2606800EBC10250F8C4
:10A8300031309288D8034FEA1220D2B2ECD50EEB19
:10A84000801555F8226026F4803645F8226023F4FE
:10A85000803645F82260DFE70120EFF3108180F3B6
:10A860001088DCF8000020B1DCF800000138CCF8DA
:10A870000000DCF8000010B181F3108870BD40F6D4
:10A8800014500022C4F2400002708022027081F352
:10A89000108870BDD4D4D4D42DE9F04F81B00446D3
:10A8A0000088002867D04EF64C4B0025C4F2010BFF
:10A8B0004FF0010A04E000BF2088013585425AD2DA
:10A8C0004FF6806642F240080027C0F20026C4F22C
:10A8D00020080CE000BF00BF88F80000C82001215C
:10A8E00000F02AFD013708F10208032FE4D0606868
:10A8F00036F8021B00EBC50082888A42F2D100685C
:10A900009BF8001000F0B8500AFA07F9B0F1807F08
:10A9100009EA010018D158B9012000F0C1FD9BF8E7
:10A92000000040EA09008BF80000012000F08CFDD7
:10A9300098F900000028D5D498F8000040F0800075
:10A94000CAE700BF00BF00BF58B1012000F0A8FD5A
:10A950009BF8000020EA09008BF80000012000F0BD
:10A9600073FD98F90000B0F1FF3FBBDC98F80000E0
:10A9700000F07F00B0E701B0BDE8F08FD4D4D4D4AC
:10A980002DE9F04381B00D464968456004460878DA
:10A990004AF20006C4F200064FF000084FF0010929
:10A9A00006EB8010A060C868E0604869606143F20F
:10A9B0000000C4F81080C4F22000EFF3108789F380
:10A9C0001088016821F48001016000681E200121C7
:10A9D00000F0B2FC87F3108886F8009886F810889B
:10A9E0002046296800F0CCF844F243110020C4F25C
:10A9F0004D41216001B0BDE8F083D4D4D4D4D4D487
:10AA000010B5044600F0BCF8A168002001220A77C6
:10AA100010BDD4D4D4D4D4D480B582B001910092E6
:10AA200041684CF2802CC4F2000C4FF0000E4968D3
:10AA30000A784CF822E0826882F81CE00A7849899A
:10AA40004CF82210816881F81DE0019911B101993B
:10AA500082681160009911B1009982685160816823
:10AA60000A8AB2F5804F4FF00C0238BF08228B5093
:10AA70000122816800200A7702B080BDD4D4D4D4EA
:10AA80008168002001220A777047D4D4D4D4D4D46A
:10AA900041684CF2802CC4F2000C002349680A780B
:10AAA0004CF82230826813770A7849894CF82210D2
:10AAB000816800204B7770478268090100200131CE
:10AAC00051777047D4D4D4D48168002000224A77CB
:10AAD0007047D4D4D4D4D4D44FF480628A604FF475
:10AAE00080320A608268138AD2684A6000228068D5
:10AAF000B2EB933F806880B2C86002D14FF6FF701E
:10AB0000886000207047D4D4014640684CF2802C05
:10AB100000224068C4F2000C03784CF823208B68B4
:10AB20001A77C368EBB1B0B590F901304EF28015D9
:10AB3000CEF200054FF0010E03F01F0C5B090EFA78
:10AB40000CF445F8234040F6B033BFF34F8FBFF30A
:10AB50006F8F90F90100C2F2022343F82020BDE874
:10AB6000B04000200A60704706207047D4D4D4D487
:10AB700003460020D9605A617047D4D4D4D4D4D4C9
:10AB80002DE9F04F81B042684CF28029C4F20009EF
:10AB9000002752684CF2C004137849F82370836888
:10ABA0001F771378568949F823604FF0FF36836882
:10ABB0005F774FF440730D684FF4404703EA155335
:10ABC000B1F80EC007EA154706EB95763B44022E16
:10ABD0000DD84CEA0C47B1F80CE0022E27F0FC2C03
:10ABE00009D04FF4805606EA1526334303E043F4B8
:10ABF00000534FF0000EC668578904EA153B0097D2
:10AC0000D6B14FF01C08AF0FAC024EF2001A58BF7D
:10AC10004FF0100892F90150022F9778CEF2000AF7
:10AC200088BF4FF01008002D4FEA07170CD40AEB2D
:10AC3000050686F8007311E04FF00008B5F1404FAB
:10AC40002ED2002500274EE074464EF6145E05F025
:10AC50000F06CEF2000E06F80E70A64640F6B0378C
:10AC600009EB8506C2F20227012447F82500D6F831
:10AC7000807027F48037C6F88070D6F880706F092E
:10AC800005F01F05BFF35F8F0AEB870604FA05F591
:10AC9000C6F880514AF827500D68B5F1404FD0D31F
:10ACA000B1F80C9005F04066CF89B6F1806F03D102
:10ACB0004BF4005BCA4601E0B2F808A005F4402658
:10ACC000B6F5802F08BF01274E68856807FB09F796
:10ACD0002E624AEA0A458E688468C7EA074708BFB9
:10ACE0004BF0200B66628668B5628668F7628768FB
:10ACF000A7F814B08768009C002C18BF43F001032C
:10AD00003B824B6887683B608968836859608168CB
:10AD1000C1F808C08168C1F80CE0816852688A6196
:10AD2000806880F8138001B0BDE8F08FD4D4D4D40B
:10AD300010B582B04FF07041EFF3038001EB00607B
:10AD40004CF200318015C4F20001425822F48032E6
:10AD5000425040F6B0324158C2F202221458E16823
:10AD60006069019001A88847A068C16800291CBFDC
:10AD70000121017702B010BD4EF22401C4F201019D
:10AD80008878098801F00F02A2F1080103293BD855
:10AD9000DFE801F0022C101E40F24041C2F2022115
:10ADA00051F820004AF6AB21CAF6AA21A0FB010106
:10ADB000480830E040F24041C2F2022151F8200040
:10ADC0004AF6AB21CAF6AA21A0FB0101C80822E07D
:10ADD00040F24041C2F2022151F820004AF6AB2174
:10ADE000CAF6AA21A0FB0101080914E040F2404183
:10ADF000C2F2022151F820004AF6AB21CAF6AA217C
:10AE0000A0FB0101880806E040F24041C2F20221A5
:10AE100051F82000D04040F6D031C2F20221086043
:10AE20007047D4D4D4D4D4D4D4D4D4D4D4D4D4D4D3
:10AE30002DE9F0470FF238404EF2FA3840F2404622
:10AE4000C4F201084AF2015190ED001FC2F202263D
:10AE50000FF22C40CFF6FF714EF255050231A8F8E3
:10AE6000001086ED001F06F12003C4F2010590EDED
:10AE7000001F43F6000048F20041C1F69C4044F236
:10AE8000553286ED041FC1F2D771C1F2DE3207C31D
:10AE900015F82F0C35F8311C01F00F02A2F1080152
:10AEA00003292BD8DFE801F002200C164AF6AB216B
:10AEB00056F82000CAF6AA21A0FB0101480820E0AC
:10AEC0004AF6AB2156F82000CAF6AA21A0FB0101E0
:10AED000C80816E04AF6AB2156F82000CAF6AA21A7
:10AEE000A0FB010108090CE04AF6AB2156F820004E
:10AEF000CAF6AA21A0FB0101880802E056F820004A
:10AF0000D04040F6D03A4EF60044C2F2022AC4F2D3
:10AF100001040A214EF60147CAF800004FF65060BE
:10AF2000CFF6FF70C4F201072154092085F84D00C7
:10AF3000207818B93878800700F09481207850B9CB
:10AF400001202070C820012100F0F6F900BF00BFE9
:10AF500020780128FCD10020387020704AF2015975
:10AF6000002005F8230C00BF15F8190C0007FBD5CD
:10AF70004FF60211C5F8731040F2415125F8071C35
:10AF800042F602314EF614500022C0F2010105F8DB
:10AF90000B2CC5F8571040F2834125F8091CCEF25E
:10AFA00000004EF20001BFF34F8FBFF36F8F0368B5
:10AFB000CEF2010123F400330360C0F83C22BFF35A
:10AFC0004F8FBFF36F8F0A6822F440520A60BFF3BD
:10AFD0004F8FBFF36F8F15F8412C02F0F80201324A
:10AFE00005F8412C00BF00BF15F8412CD206FBD458
:10AFF0000A6842F440520A60BFF34F8FBFF36F8F6D
:10B000000168890312D4BFF34F8FBFF36F8F002104
:10B01000C0F83C12BFF34F8FBFF36F8F016841F44C
:10B0200000310160BFF34F8FBFF36F8F002005F831
:10B030002B0C00BF00BF00BF15F8190C8006FBD514
:10B040004CF200040020C4F2130420702078207811
:10B0500020786068C82807D0C820C1F6006000BF0B
:10B0600060606168C829FBD1A068642808D06420AA
:10B07000CEF2001000BF00BFA060A1686429FBD120
:10B0800049F69820C9F6890045F8350C48F6800045
:10B0900025F8310C052005F82F0C15F82F0C35F884
:10B0A000311C01F00F02A2F1080103292BD8DFE8BF
:10B0B00001F002200C164AF6AB2156F82000CAF621
:10B0C000AA21A0FB0101480820E04AF6AB2156F86E
:10B0D0002000CAF6AA21A0FB0101C80816E04AF622
:10B0E000AB2156F82000CAF6AA21A0FB01010809ED
:10B0F0000CE04AF6AB2156F82000CAF6AA21A0FBC4
:10B100000101880802E056F82000D040CAF800008B
:10B110001E200121012700F00FF960686FF39F20C6
:10B12000652828BF277015F82F0C35F8311C01F061
:10B130000F02A2F1080103292BD8DFE801F0022059
:10B140000C164AF6AB2156F82000CAF6AA21A0FB3D
:10B150000101480820E04AF6AB2156F82000CAF663
:10B16000AA21A0FB0101C80816E04AF6AB2156F857
:10B170002000CAF6AA21A0FB010108090CE04AF64A
:10B18000AB2156F82000CAF6AA21A0FB01018808CD
:10B1900002E056F82000D04042F20001CAF8000058
:10B1A000C4F200010120A1F80090BFF35F8F087284
:10B1B0004FF42540BFF35F8F088095F8850040F07D
:10B1C000400085F8850000BF95F98500B0F1FF3F8C
:10B1D000FADC012085F87F00C72085F8850095F806
:10B1E000850000F0BF0085F8850000BF00BF00BFEC
:10B1F00095F985000028FBD4012005F8020CE87FB2
:10B2000040F04000E87700BF95F91F00B0F1FF3F24
:10B21000FADC0720E8754820E8770820E87700BFC7
:10B2200095F91F000028FBD4287840F040002870D2
:10B2300095F90000B0F1FF3FFADC022005F8010C9F
:10B24000C8202870287800F0BF00287000BF00BF19
:10B2500095F900000028FBD44FF42540A8F8000021
:10B26000BDE8F0874FF47A7000F012F876E600BF80
:10B27000006CDC0200127A000080000000366E01D3
:10B28000008000000046C32300CA9A3BAA02E50FD3
:10B290007047D4D4D4D4D4D440F24041C2F2022175
:10B2A00051F820007047D4D4B0B542F22404C8202D
:10B2B000C4F2200401210025257100F03DF825701D
:10B2C000207808B12FF005C0207840F002002070EF
:10B2D00020788007FCD4002004F8020C00BF00BFD7
:10B2E00014F8020C08B12FF005C84FF0030E00202F
:10B2F00004F11C0100BF00BF11F8102002F07F0212
:10B3000001F8102000BF00BF11F91020002AFBD463
:10B3100001300FF00FC8012000F0C2F84EF64C418A
:10B320000120C4F2010100220A70BDE8B04000F023
:10B330008BB8D4D4D4D4D4D440F6D03241F2002344
:10B34000C2F20222C0F27A03484312689A420FD333
:10B3500044F23F21C0F20F0111444DF68362C4F262
:10B360001B32A1FB0212910CA0FB0101C9B11DE02F
:10B370004CF60021C3F69A31B1FBF2F148F63812CF
:10B38000C0F24102904205D24FF47A725043B0FBB2
:10B39000F1F006E0B0FBF1F0904207D24FF47A7181
:10B3A0004843002808BF704700F006B84FF0FF3050
:10B3B00000F002B8D4D4D4D401380028FCD17047AE
:10B3C000F0B581B04CF2201540F65837C4F20005B4
:10B3D0000024C2F2022755F8200C296801EA000671
:10B3E00006E000BF00BF00BF01340437152C09D0B0
:10B3F00026FA04F0C007F7D039680029F4D02046B7
:10B400008847F1E745F8106C28683042FCD101B05C
:10B41000F0BDD4D4D4D4D4D480B54FF0050E4CF2C2
:10B4200000304FF60061C4F20000C0F2002100BFFE
:10B4300031F8022B002A18BF026004300FF009C057
:10B4400080BDD4D4D4D4D4D4EFF31081012282F3BC
:10B45000108840F6C432C2F2022232F8103023B112
:10B4600032F81030013B22F8103032F8102012B1BF
:10B4700081F3108870474EF2FA3240F2001CC4F299
:10B480000102C0F2012C13883CF8100043F425435C
:10B4900023EA0000108081F310887047D4D4D4D4FC
:10B4A00010B5EFF31081012282F3108840F6C43208
:10B4B000C2F2022232F8103083B94EF2FA3E40F264
:10B4C000001CC4F2010EC0F2012CBEF800403CF892
:10B4D0001030234343F42543AEF8003032F81030E7
:10B4E000013322F8103081F3108810BDD4D4D4D4A5
:10B4F00070B543F650450446C4F2000500BF00BFD6
:10B50000287808B12FF005C04FF0870025F82C0CE3
:10B510004FF0100005F8500C8CB10020FFF7C0FF71
:10B520004EF253000126C4F2010006700020FFF71E
:10B530008BFF05F8306C00BF28780007FCD4012091
:10B5400005F84E0C002005F84F0C00BF00BF00BFEF
:10B55000287808B12FF005C042F20350C0F2050070
:10B56000CCB14FF40C7125F8081C00BF00BF00BF20
:10B570002978C907FCD145F80C0C002005F8100CFF
:10B5800047F2937025F83C0C012005F83A0C112085
:10B5900005F8500C70BD45F80C0C002005F8100C97
:10B5A00047F2937025F83C0C012005F83A0C00BFD7
:10B5B00015F8500CC007FBD1287808B12FF009C04E
:10B5C000012005F8400C70BD43F600401021C4F284
:10B5D0000000017000BF00BF0178C907FCD190F8DE
:10B5E000501009B12FF009C0012101747047D4D463
:10B5F00010B54EF25304C4F20104207838B900208B
:10B60000FFF74EFF012020700020FFF71DFF43F6DB
:10B610000040C4F2000000BF90F8501009B12FF0B4
:10B6200005C8002101741121017010BDD4D4D4D4F7
:10B6300000F00AF8FEF7E0FAFEE7D4D4D4D4D4D46C
:10B6400000BE7047D4D4D4D42DE9F0474EF614553B
:10B6500040F20120CEF20005C0F20E004EF20004CE
:10B660002860CEF20104BFF34F8FBFF36F8F55F800
:10B67000141CC1F3035001285FEA1F9211F00F0F51
:10B680005FEA0F911142216811D102280FD241F0D7
:10B69000040020604EF20800BFF34F8FCEF200008E
:10B6A000BFF36F8F016841F48031016002E021F047
:10B6B00004002060BFF34F8FBFF36F8F4FF4700013
:10B6C00040F2000168670020C0F2002145F80C1C20
:10B6D0000026FEF77DFAFFF7ABFB4EF2FA304EF68E
:10B6E000B022C4F20100C4F201024AF20251018008
:10B6F00016704FF4254101800120FEF769FA40F2EF
:10B700004000C2F2012080F30A882068800723D518
:10B7100055F80C0CB0F1007F1ED120694FF4007178
:10B72000C0F3C300626901FA00F3C2F3C3008140B1
:10B730000020DA08CB080146074642F005C800BFE2
:10B74000E7E802010FF005C04FF0005243F005C0DA
:10B75000E2E802010FF005C04FF6D468C0F20028FD
:10B76000D8F800708FB1D8F804003E46041D03E0FD
:10B77000013E04F10C0408D060790028F8D154E9A6
:10B780000101091A00F01DFBF2E7D8F80890B9F1A1
:10B79000000F13D0D8F80C004E4600F1080403E067
:10B7A000013E04F1100409D060790028F8D154E971
:10B7B00002022168121A00F009FBF1E7FFF7DCFA38
:10B7C000FFF772FD0320FFF76BFE4FF00E0E40F601
:10B7D0003050C4F24000002120F8041B0FF005C0D7
:10B7E0000320FFF731FE0320FFF75AFE44F2040066
:10B7F0000021C4F22000016041608160C16003202B
:10B80000FFF722FED8F810A0D5F8AC104422BAF108
:10B81000000F62F30701C5F8AC1025D0D8F814105A
:10B8200000234FF0200E4FF0010C002404E000BF75
:10B830000134E3B29A4517D901EBC30251F83360E2
:10B84000526822F01F02203A0EEB5210B0EB561F46
:10B85000EED942F001006CF30406C5F88430C5F857
:10B860008860C5F88C00E3E7BFF35F8F0520C5F85B
:10B870008000286940F480302861BFF34F8FBFF308
:10B880006F8F2868C0032DD400202867BFF34F8F27
:10B89000E96E43F6E073C1F34E30CA08C1F3C90143
:10B8A0004E1C9107420100BF02EA030446F001E08A
:10B8B0000C4400BF00BF00BFC5F84C4204F1404437
:10B8C0000FF007C00028A0F10100A2F12002EBD187
:10B8D000BFF34F8F286840F480302860BFF34F8F4C
:10B8E000BFF36F8F0220FEF773F99FB1D8F8040001
:10B8F0004FF48076041D03E0013F04F10C0409D0ED
:10B900006079B6EB002FF7D154E90101091A00F074
:10B9100058FAF1E7B9F1000F16D0D8F80C004FF43F
:10B92000807700F1080404E0B9F1010904F1100482
:10B930000AD06079B7EB002FF6D154E902022168F2
:10B94000121A00F043FAEFE740F6D834C2F20224AC
:10B95000204600F061FB204600F076FBBFF34F8FDE
:10B96000BFF36F8F0020C5F83C0240F2A04040F2C8
:10B97000A441C0F20120C0F20121BFF34F8F081A89
:10B98000BFF36F8F8410012C0BDB40F2A045C0F297
:10B99000012500BF00BF00BF55F8040B8047013CE4
:10B9A000FAD1FFF739FD0020BDE8F04700F000B8FC
:10B9B0007047D4D450EA010202BF9FED3B0A10EE5B
:10B9C000100A704780EAE17081EAE172B0EBE1733E
:10B9D00062EBE172B3FA83F02030002A4FEAE171A2
:10B9E00018BFB2FA82F0272809D870B5262838D0B7
:10B9F00027280DD1520042EAD3725B0031E0A0F15A
:10BA0000280203FA02F2B0F1480358BF002235E0E1
:10BA1000C0F1060600F11A0C841F23FA06F502FA9B
:10BA20000CFE45EA0E0558BF03FA04F503FA0CF4C0
:10BA300058BF00242543C0F126045FEA0F9CC4F1DF
:10BA40002005002E23FA04F302FA05F543EA050364
:10BA500058BF22FA06F322FA04F243EA0C0358BF55
:10BA60000022C3F380063343013342F100025E013A
:10BA7000BDE8704004D49B0843EA82723F2303E090
:10BA8000DB0843EA42724023181A6FF3DF5201F0D9
:10BA90000041114441EAC05000F17E5000EE100A0E
:10BAA00010EE100A704700BF0000000040B584B0DF
:10BAB00002AE009600F004F8029A039B04B040BD69
:10BAC000B0B584B00D4602A980EAE57000911C462D
:10BAD00082EAE37285EAE571B0EBE57061EBE5714E
:10BAE00083EAE373B2EBE47263EBE47300F017F8FC
:10BAF000DDE90223DDF820C083EAE57382EAE5721E
:10BB0000B2EBE57263EBE573CCE90023E21782EA5E
:10BB1000E57250405140801A914104B0B0BD2DE90A
:10BB2000F04F099D844681B1C2B14BB3B1FA81F7A0
:10BB3000B3FA83F6F71B202F4FD3002D18BFC5E9AA
:10BB400000C100200021BDE8F08FCBB30021002D03
:10BB500064D00020C5E900C1BDE8F08F002B60D0A3
:10BB6000002861D05F1E3B4200F08580B1FA81F76A
:10BB7000B3FA83F6F71B1F2FDFD207F1010C3CE06D
:10BB8000571E3A425DD0B1FA81F7B2FA82F6F71B3E
:10BB900007F1210CBCF1200F24D0BCF11F0F79D884
:10BBA000CCF1200620FA0CF721FA0CF901FA06F57F
:10BBB000B0403D434FF0000ABCF1010F2CD07CE0B7
:10BBC000B0FBF2FC002D1EBF0CFB12000021C5E9EA
:10BBD000000100216046BDE8F08F07F1010CBCF1C7
:10BBE000200F0AD14FF000094FF0200C0D464FF006
:10BBF000000ABCF1010F0FD05FE0C7F11F0720FA68
:10BC00000CF621FA0CF901FA07F5B84035434FF06C
:10BC1000000ABCF1010F50D100248FE00020BDE8E4
:10BC2000F08F6046BDE8F08FB1FBF3FC002D1EBF26
:10BC30000CFB13100021C5E9001000216046BDE88F
:10BC4000F08F002D1EBF00230740C5E90073012AB5
:10BC50000ED092FAA2F24F00B2FA82F202F01F0363
:10BC6000D140D8401F23934307FA03F343EA000C63
:10BC70006046BDE8F08F002D1CBF07EA0100C5E952
:10BC800000C093FAA3F0B0FA80F021FA00F000218E
:10BC9000BDE8F08FACF12007CCF140044FF0000973
:10BCA00020FA07F601FA04F52E4300FA04FA21FA05
:10BCB00007F53046BCF1010FAED02CF0010701268C
:10BCC000023F4FF0000B06EB570E4FEA490444EADF
:10BCD000D5746D0045EAD0754000E743E943891803
:10BCE00043EB0708AF1A64EB0306B8F1000F56EAFE
:10BCF000448457EA4585640044EAD5746D0045EAFA
:10BD0000D07540EADA70AE1A6FEA050164EB0307FA
:10BD100089184FEA40006FEA0401594157EA448903
:10BD200056EA4585CC0F4BEA4A010027A34640EA74
:10BD3000D170490041EAD87A0FF039C85FEACC7176
:10BD40001ED06F004FEA490147EAD07741EAD5712A
:10BD5000B7EB020C4FEA400061EB030EFD435219B2
:10BD60006FEA010653EB060240EADA705EEA4189A7
:10BD70005CEA4785D10F44EA4A0200270C46924606
:10BD80004FEADA7141EA400009994FEA4A02002974
:10BD900018BFC1E9005940EA070122F00100204321
:10BDA000BDE8F08F40B584B002AE0096FFF7B7FE55
:10BDB000029A039B04B040BD0B4611461A4600F0A0
:10BDC0007BB80A46002100F077B8D4D4844641EA13
:10BDD000000313F0030349D1403A23D30B680360F7
:10BDE0004B6843608B688360CB68C3600B690361F9
:10BDF0004B6943618B698361CB69C3610B6A0362E1
:10BE00004B6A43628B6A8362CB6AC3620B6B0363C8
:10BE10004B6B43638B6B8363CB6BC36340304031AD
:10BE2000403ADBD230320BD30B6803604B6843607F
:10BE30008B688360CB68C36010301031103AF3D246
:10BE40000C3205D351F8043B40F8043B043AF9D2D4
:10BE5000043208D0D2071CBF11F8013B00F8013BA7
:10BE600001D30B8803806046704700BF082A13D3B4
:10BE70008B07B1D010F00303AED0C3F10403D21A84
:10BE8000DB071CBF11F8013B00F8013BA4D331F8DC
:10BE9000023B20F8023B9FE7043AD9D3013A11F85C
:10BEA000013B00F8013BF9D20B7803704B784370EB
:10BEB0008B7883706046704770B4840746D0541EF8
:10BEC000002A41D0CDB2034602E0621EE4B314461C
:10BED00003F8015B9A07F8D1032C2ED9CDB245EABD
:10BEE00005250F2C45EA054519D9264603F1100210
:10BEF000103E0F2E42F8105C42F80C5C42F8085CD1
:10BF000042F8045C02F11002F2D8A4F1100222F00F
:10BF10000F0204F00F041032032C13440DD91E46F7
:10BF20002246121F032A46F8045BFAD8221F22F089
:10BF30000302121D134404F003042CB1C9B21C44C3
:10BF400003F8011BA342FBD170BC704714460346A3
:10BF5000C2E720F0030110F00300C0F1000051F827
:10BF6000043B00F1040C4FEACC0C6FF000021CBF44
:10BF700022FA0CF213434FF0010C4CEA0C2C4CEA61
:10BF80000C4CA3EB0C0222EA030212EACC1204BF0F
:10BF900051F8043B001DF4D0C2F1000102EA010295
:10BFA000B2FA82F2C2F11F0200EBD200704780B5F4
:10BFB00000F004F820F0004080BDD4D4F0B50E4F5E
:10BFC00000F04EF8C25947F62D7CC319C4F6954CC3
:10BFD0004FF22D465968C5F65106A2FB0C4502FBEF
:10BFE000065201FB0CF1661CC65142EB0100586081
:10BFF00020F00040F0BD00BF0800000000F000B8D5
:10C0000080B50146034A00F02BF88150104400210E
:10C01000416080BD0800000010B540F2780140F298
:10C020000802C0F20021C0F200020446FFF7CEFE73
:10C0300040F2080040F20001C0F20000C0F200012E
:10C040002044FFF7BEFE10BD40F20801C0F200011F
:10C05000401A40F6D431C2F2022108607047D4D4AD
:10C060000148006870470000D40B022283B080B5FD
:10C0700081B0844603A80EC04FF6B020C0F2002065
:10C08000006803AA6146009200F006F801B0BDE81E
:10C09000804003B07047D4D42DE9F04F99B0814669
:10C0A00080781892800740F1B58518980027D9F854
:10C0B00004808A46179011A8821D0C92421E0530FA
:10C0C00010920E900D91514611F8010B252803D0C6
:10C0D0008A4638B900F0A0BD9AF801500AF1020A68
:10C0E000252D06D14946C04701370028EBD500F081
:10C0F0008BBD002200244FF0000C4FF0000B04E039
:10C100001AF8015B002D00F02D811FFA8BF61F2E0F
:10C1100020D8A5F1200010281ED8DFE810F0150067
:10C120001D001D0018001D001D001D0014001D0035
:10C130001D001D0011001D00CC001D001D00C900C8
:10C140004BF0020B00E0DBE74BF0040BD8E74BF0C1
:10C15000100BD5E77F2E0DD8A5F13000092840D867
:10C16000402E80F0A0800CEB8C014BF0200B00EBFC
:10C17000410CC5E7A5F14C002E2800F2F480DFE861
:10C1800010F08F00F200F200F200F200F200F20074
:10C19000F200F200F200F200F200F200F200F2000F
:10C1A000F200F200F200F200F200F200F200F200FF
:10C1B000F200F200F200F200F200A400F2008F00A0
:10C1C000F2009D00F200F200F200F200F200F20034
:10C1D000F2002F00F200F200F200F200F2002F0055
:10C1E0008EE7A5F12400562800F2BD80DFE810F0AC
:10C1F0008600BB00BB00BB00BB00BB007400BB00E3
:10C20000BB00BB00A400BB00BB00BB00BB00BB006D
:10C21000BB00BB00BB00BB00BB00BB00BB00BB0046
:10C22000BB00BB00BB00BB00BB00BB00BB00BB0036
:10C23000BB00BB00BB00BB00BB00BB00BB00BB0026
:10C240005800BB00BB00BB00BB00BB00BB00BB0079
:10C25000BB00BB00BB00BB00BB00BB00BB00BB0006
:10C26000BB00BB00BB00BB00BB00BB00BB00BB00F6
:10C27000BB00BB00BB00BB006D00BB005800BB0097
:10C280006600BB00BB00BB00BB00BB00BB00BB002B
:10C290005700BB00BB00BB00BB00BB0057002FE733
:10C2A0004BF4207B2CE704EB840100EB410427E7EF
:10C2B0004BF0010B24E74BF0080B21E70BF080005B
:10C2C0004BEA800040F0800B1AE70BF480704BEAD9
:10C2D000400040F4807B13E7002A7FF411AF1798E9
:10C2E0003F2E00F104011791006832D8B0F1FF3FF2
:10C2F00032DD4BF0200B0022844601E712B3189880
:10C30000402E179017A90D986546CDF83C90C14670
:10C3100090465CEA348200F083FC1798402E424637
:10C32000C84600F1040117910068DDF83C9050EA1E
:10C33000358C54EA3084E3E63F2E00F26D844BF0F6
:10C34000400BDDE6624600244FF0000C4FF0000B7E
:10C35000D6E600220446D3E64BF0280BC0F1000CD1
:10C360000022CDE60025CDF83CC03AB1189817A9B7
:10C3700017900D9800F054FCDDF83CC0002C24EA26
:10C38000E47E45F0200048BF2BF0400B61281CBF25
:10C39000A0F16501022925D81799612801F107014B
:10C3A00021F0070101F108021792A0EB050291EDBF
:10C3B000000B0A9244D15FEA4B6058BF4FF0FF3E3A
:10C3C00011A8D2B27146764600F0C8FD451C4BF468
:10C3D000C05B4FF0700C4FF0010EE8B28642D8BF40
:10C3E000461E5CE0A5F16301122900F20A810823D0
:10C3F0000026DFE811F035011300060106010601F1
:10C40000060113000601060106010601060161018D
:10C410005D01060106010D0106012E011FFA8BF1D7
:10C420005FEA0B6000F10C811798021D17920068FB
:10C43000CA0540F10C81890554BF00B240B206E143
:10C440005FEA4B6158BF4FF0060E662809D0652899
:10C450000FD14BF4805B76460EF101010023652479
:10C4600011E04BF4005B01226624112176467346ED
:10C470000AE05FEA0E61A0F10204714676464FF0D1
:10C48000000308BF0121002211A8C9B2112928BF49
:10C49000112100F093FF05464FF0020EA446119BB8
:10C4A0009DF84800A3F10A0111F1130F38BF4FF0B6
:10C4B000020EA3F16401089111F1C70F38BF4FF0CC
:10C4C000030E0F9CC1074FD15FEA8B716FD41FFA27
:10C4D0008BF1202202EAC10211F0040F5FEA1F91E2
:10C4E00010F00C0F45D11BF4405F0493CDE90621F9
:10C4F00040F02B82012E4FF0010056EA80801FFA97
:10C500008BF12A0600F06D810E9BEAB2134413F8FA
:10C51000013C302B40F006826B1E1A0621D02E46BD
:10C520000E9DDAB2154415F8015C302D40F0F9810A
:10C53000B31E1A0615D00E9DDAB2154415F8015C2B
:10C54000302D40F0EE81F31E1A060AD00E9DDAB2AD
:10C55000154415F8015C302D40F0E381351F2A06A3
:10C56000D2D100250022DDE12D22002110F00C0F98
:10C57000B9D000294FF0030050EA1090844212DD38
:10C580000A9E0D465FEA0B7117D4041B93462020C8
:10C590004946C047002800F1378301370134F6D3FC
:10C5A00000245A460AE000240A9E49B10FE02B22DB
:10C5B000002110F00C0FDCD195E7241A294631B97F
:10C5C00010464946C047002800F11E8301379DF8F8
:10C5D00048004FF24261C0F2002100074EF6A94028
:10C5E000C0F2002050EA51852878002800F0F98236
:10C5F000801B4946C0B2C047013701350028F3D53A
:10C6000002E3782840F09880C5F188032E4653E075
:10C610001798011D179100684FF68621C0F200217E
:10C62000002851EA00855FEA4B6058BF4FF0FF3E9B
:10C630002846714600F06AFEDDF83CC0064617E069
:10C640001798890500F18680011D17910068C117B0
:10C6500088E04FF6EF700BEA000B0A2375262BE0FB
:10C660001798012611AD011D179100688DF844003F
:10C670005FEA0B700ED4B4450CD9202049466446BD
:10C68000C047002800F1C082A4F1010C0137B44575
:10C69000F3D8B4463744ACEB0604002E00F0A18278
:10C6A00015F8010B4946C047013E0028F5D5ABE21D
:10C6B0004BF0100B102378264FF6F9700BEA0002AE
:10C6C0005FEA0B600B960AD41798011D1791066854
:10C6D000D1050AD5900554BFB6B2F6B205E0179859
:10C6E00091050AD4011D17910668002156EA010040
:10C6F00008BF2BF0160278D10FE00730154620F066
:10C7000007000246416852F8086B17922A4656EA1B
:10C71000010008BF2BF0160267D100265FEA4B60CC
:10C7200062D50021012C60DA4FF6E9700BEA0001B6
:10C730000B9D480637D467E025204946C0470028AE
:10C7400000F1628228464946C047023700287FF53B
:10C75000BAAC59E2073020F007010A46496852F89E
:10C76000080B179200295A46CDF82CE048BF42F436
:10C77000806250EA010322D080EAE17081EAE1732D
:10C78000B0EBE17063EBE17111AC22F010060A230B
:10C79000224600F06DFB3146061BDDF83CC0DDF89B
:10C7A0002CE0480630D54FF6FE70764500EA0100D1
:10C7B0002BDA002D08BF21F01100714626E05FEA58
:10C7C0004B604FF0000040F19E810021012CDBDA2C
:10C7D0004FF6EE70DDF83CC000EA0B00DDF82CE00F
:10C7E00014E0002500229EE0002111AC30461646E0
:10C7F0007546224600F03CFB3146AE46DDF83CC0B3
:10C80000061B0B9D4806CED4084631461FFA80FB16
:10C81000C0060AD440F206401BEA000F5FEA0F9000
:10C8200044185FEA0B7009D526E0002D4FF0010097
:10C8300050EA009044185FEA0B701DD45FEACB7099
:10C8400008D0B646644505DA06EB0C00A0EB040EF2
:10C85000644611E064450FDACDF82CE0202049460B
:10C86000C047002800F1D0810F9801340137A04261
:10C87000F4D1DDF82CE004465FEACB601BD440F233
:10C8800006401BEA000F26D05FEA8B7075464FF01A
:10C890002B0058BF20205FEA4B51494648BF2D204E
:10C8A000C047002800F1B0810137AE46F346754617
:10C8B000B64514DC1CE030204946F346C04700284A
:10C8C00000F1A28135B328464946C047002800F14F
:10C8D0009B810237DE46F3467546B64508DD3020BB
:10C8E0004946C047002800F18F81013DB542F6DC82
:10C8F0000F985E45A0EB040456EACB800744002E57
:10C9000000F06F8110984946805DC047013E0028C5
:10C91000F5D579E10137DE46F3467546B645DEDCEE
:10C92000E6E71D46049BC90652EA508113F1040F45
:10C9300008DB834206DA4BF4005B8B4204DAD8430F
:10C940000E1802E04E1E00E00026A3F57A711FFAD1
:10C950008BF4099424055FEA8B400395CDE9011C13
:10C9600005940CD411F5FA6F70464FF0050198BF8D
:10C970000420002C58BF032101EB000C03E023EA44
:10C98000E37000F1010CDDF824B0002E079A4FF09F
:10C9900000050B96CBF3001182F0010251EA0690DC
:10C9A0000F9983186344CB1A53EAC5841BF0090F0F
:10C9B00011D10A9E84B1604475461044441A202067
:10C9C0004946C047002800F11F8101370134F6D3E2
:10C9D0000024AE4600E00A9E0798CDF800E000284B
:10C9E000069805D14946C047002800F10D8101375E
:10C9F000059800280ED530204946C047002800F190
:10CA00000381C6F178004946C0B2C047002800F152
:10CA1000FB800237099800070AD44CB12744302024
:10CA20004946C047002800F1EF80013CF7D10024BF
:10CA30000998800427D49DF849004946C04700283A
:10CA400000F1E2800B98012857DB2E204946C047B1
:10CA5000002800F1D9800B98384400F1020B0398AC
:10CA6000C5B20020471CAF4202D20C99085C00E01E
:10CA700030204946C047002800F1C6800B98B842D4
:10CA80003846EFD148E0049820EAE076851B0B9801
:10CA9000C0F1000B0398C0B20F90701C06D12E207D
:10CAA0004946C047002800F1AF8001373020002DF3
:10CAB00004D40F998D42BCBF0E98405D49465E4537
:10CAC00006DDC04701350137013E0028E5D59BE072
:10CAD000C047002800F198800999781CC90640F1E8
:10CAE0009180002E40F08C802E204946C047B0F146
:10CAF000FF3F40F38980023773E00998C00604D4F1
:10CB000007F1010B08E000213EE62E204946C04710
:10CB1000002879D407F1020B02984946801BC0B265
:10CB2000C047002870D4049E2B204946002E48BFE1
:10CB30002D20C047002E48BF7642002864D40198BB
:10CB400010F5FA6F15D844F6D3504946C1F2620089
:10CB5000A6FB0005302000EB9510C0B2C0470028AE
:10CB600052D4A8094FF47A7100FB11620BF103054E
:10CB700006E008980BF10205324610F1C80F3BD8C9
:10CB800048F21F504946C5F2EB101746A2FB0006BB
:10CB9000302000EB5610C0B2C047002834D47009D2
:10CBA000642100FB117201354CF6CD404946CCF6AC
:10CBB000CC401746A2FB0006302000EBD600C0B2E6
:10CBC000C047002820D4F008013500EB8000A7EB17
:10CBD000400202F130004946C0B2C047002813D4D9
:10CBE0006F1C012CFFF66FAA20204946C047013771
:10CBF000013C0028F5D507E000980228D4D2E8E7E8
:10CC00000746EEE70746ECE799F8020040F004001B
:10CC100089F802004FF0FF37384619B0BDE8F08FB1
:10CC2000022AB8BF70472DE9F04F42F689084FF04D
:10CC3000010CC0F2010804464FF0010E03E05F78DA
:10CC40009C1C252F29D1234613F8015B252D01D0EB
:10CC500025B90AE16778A31C252F1DD11C4614F8BD
:10CC6000015B252D01D025B9FFE05F789C1C252FA5
:10CC700013D1234613F8015B252D01D025B9F4E02B
:10CC80006778A31C252F07D11C4614F8015B252DBE
:10CC9000D5D0002DD7D1E8E01C464FF0000A4FF068
:10CCA0000009002604E014F8017B002F00F0A980A1
:10CCB000B346BAF11F0F0AD8A7F12005102D09D8E5
:10CCC0000CFA05F515EA080F40F07C8002E0BAF195
:10CCD0007F0F0AD8A7F13005092D3ED80BEB8B0347
:10CCE0004AF0200A05EB4306DDE7A7F14C052E2D9F
:10CCF00000F288805E46DFE815F067008500850059
:10CD000085008500850085008500850085008500FB
:10CD100085008500850085008500850085008500EB
:10CD200085008500850085008500850085008500DB
:10CD3000850077008500670085007000850085000C
:10CD4000850085008500850085002F008500850011
:10CD50008500850085002F00A5E7A7F12405562D45
:10CD600000F250800026DFE805F0334D4D4D4D4D6B
:10CD7000324D4D4D324D4D4D4D4D4D4D4D4D4D4D19
:10CD80004D4D4D4D4D4D4D4D4D4D4D4D4D4D4D4DD3
:10CD90004D4D2F4D4D4D4D4D4D4D4D4D4D4D4D4DE1
:10CDA0004D4D4D4D4D4D4D4D4D4D4D4D4D4D3F4DC1
:10CDB0002F4D384D4D4D4D4D4D4D2C4D4D4D4D4DF7
:10CDC0002C00FFE75E466EE74AF4207AFAE76AE74E
:10CDD000B9F1000F0FD1D94665E70AF080034AEA9E
:10CDE000830343F0800AEDE70AF480734AEA4303C1
:10CDF00043F4807AE6E7F3457FF455AF6327F146C5
:10CE000000E00027B9F1000F2FD0F14524D147F001
:10CE10002003612B1CBF653B022B05D80B68073331
:10CE200023F00703083313E0A7F16303102B0AD89C
:10CE3000DFE803F00C0909090909090909090909C9
:10CE4000090909090C005FEA0A6309D40B68043375
:10CE50000EF1010E04460B609645FFF6F4AE04E0B9
:10CE60000B685FEA8A54DAD4F1E7BDE8F04F704707
:10CE70002DE9F04703F01F06984691468A4605467D
:10CE80002846514632460023FEF78CFF044600FB3D
:10CE900016500F46A0EB0801092888BF01F13700A2
:10CEA000303089F80000A81B7AF1000049D32046F1
:10CEB000394632460023FEF775FF054600FB164053
:10CEC0008A46A0EB0801092888BF01F137003030FD
:10CED00089F80100A01B77F1000036D3284651469F
:10CEE00032460023FEF75EFF044600FB16500F4655
:10CEF000A0EB0801092888BF01F13700303089F81C
:10CF00000200A81B7AF1000023D32046394632469E
:10CF10000023FEF747FF054600FB16408A46A0EBBC
:10CF20000801092888BF01F13700303089F8030073
:10CF300009F10409A01B77F10000A1D24846BDE821
:10CF4000F08709F10100BDE8F08709F10200BDE8B2
:10CF5000F08709F103094846BDE8F0872DE9F04F55
:10CF600085B05AEC103B4FEADA77CAF30A566FF3F2
:10CF70001F5A077153EA0A0408BF002E0ED040F270
:10CF8000FF75AE423CD10421002C18BF0821394462
:10CF900001710021084605B0BDE8F08F002700238D
:10CFA0004FF0000A0029076037D40D2937D3190F35
:10CFB00000F1050B41EA0A110491190E4FEA1A54C7
:10CFC00041EA0A210391190D4FEA1A4641EA0A3152
:10CFD0000291190C4FEA1A3841EA0A410191190BE2
:10CFE00041EA0A5C190A41EA0A6E190941EA0A791A
:10CFF0004FEA1A1103F00F034FEA1A27009180E05D
:10D000004FF60247002ECFF6FF771CBFA6F2FF3780
:10D010000AF5801A00290760C7D5002146E03326AB
:10D02000A6EB8105C5F1200613274FF0020CA7EBF4
:10D0300081072CFA06F401264FF0000E002F58BF8E
:10D040000CFA07F458BF06FA07FE06FA05F60CFAC2
:10D0500005F558BF002658BF0025D5F100094FF04F
:10D06000000868EB040C013D64F100041D4004EA73
:10D070000A04751B7EEB040411D38C00C4F1340543
:10D08000D4F1140423FA05F7C5F120050AFA05F5D1
:10D0900045EA070558BF2AFA04F5EC0702D09B19A8
:10D0A0004AEB0E0A03EA09030AEA0C0A1F0947EAD7
:10D0B0000A791F0F1D0B47EA0A1704971F0E45EA4E
:10D0C0000A5C47EA0A2703971F0D1D0A47EA0A3739
:10D0D00002971F0C45EA0A6E47EA0A4700F1050B62
:10D0E00013F00F0301974FEA1A174FEA1A544FEA49
:10D0F0001A464FEA1A384FEA1A25009700F0B48012
:10D100002F46991A092B88BF01F1270303F130013B
:10D11000817409F00F030D219D1A092B88BF05F1B9
:10D1200027030C2903F13003437498BF0C210EF040
:10D130000F039D1A092B88BF05F127030B2903F163
:10D140003003037498BF0B210CF00F039D1A092BB9
:10D1500088BF05F127030A2903F13003C37398BF81
:10D160000A21019B3D4603F00F039F1A092B88BF3C
:10D1700007F12703092903F13003837398BF0921BD
:10D18000029B03F00F039F1A092B88BF07F12703A7
:10D19000082903F13003437398BF0821039B03F070
:10D1A0000F039F1A092B88BF07F12703072903F1F3
:10D1B0003003037398BF0721049B03F00F039F1AEA
:10D1C000092B88BF07F12703062903F13003C37237
:10D1D00098BF06210AF00F039F1A092B88BF07F199
:10D1E0002703052903F13003837298BF0521009BB3
:10D1F00003F00F039F1A092B88BF07F127030429A7
:10D2000003F13003437298BF042105F00F039F1A06
:10D21000092B88BF07F12703032903F130030372A9
:10D2200098BF032108F00F039F1A092B88BF07F14D
:10D230002703022903F13003C37106F00F0398BFDF
:10D2400002219A1A092B88BF02F1270303F1300249
:10D250008271012998BF012104F130008BF8000090
:10D26000084605B0BDE8F08F19F00F0348D10C292E
:10D2700046D21EF00F0345D10B2943D21CF00F03F9
:10D2800042D10A2940D2019B13F00F037FF46DAF06
:10D290000929BFF46AAF029B13F00F037FF473AF49
:10D2A0000829BFF470AF039B13F00F037FF479AF2D
:10D2B0000729BFF476AF049B13F00F037FF47FAF11
:10D2C0000629BFF47CAF1AF00F037FF485AF052960
:10D2D000BFF482AF17F00F038CD104298AD215F066
:10D2E0000F0394D1032992D218F00F039CD1022985
:10D2F0009AD206F00F0353EA0107A2D10021ABE74F
:10D300002F4609E72F4614E72F461FE7844639B317
:10D3100070B500EB010C4B1EA1F1020ECC1E0022D9
:10D32000855C85B1934219D085186E7876B19645A3
:10D3300014D0AE786EB1944210D0EE7866B104325B
:10D340009142EDD10AE000EB020C07E005F1010C7F
:10D3500004E005F1020C01E005F1030CBDE87040AA
:10D36000ACEB00007047B0B588B00C464DF2AD3163
:10D37000C0F20021002501914FF400310091011904
:10D38000CDE90655002C0490CDE9025518BF481E82
:10D3900048BF00200590114668461A46FEF77CFEFD
:10D3A000002C1CBF04990D7008B0B0BDD1E9042356
:10D3B0009A421EBF531C0B61107070472DE9F04F4D
:10D3C000A1B056EC108BB246C6F30A546FF31F5A45
:10D3D000F50F58EA0A0708BF002C0ED040F2FF767E
:10D3E000B44215D10821002F08BF0421002429448C
:10D3F0000171204621B0BDE8F08FA91C01713021D8
:10D400000124417100210160204621B0BDE8F08F68
:10D41000A4F23549002CCDE9062308F00106049555
:10D42000CDE9081006BF4FF6CC39CFF6FF790AF5E3
:10D43000801A4FEA8A0242EA9870002F15905FEA3C
:10D440000F90022C5FEA2F91B9F1000F40EA01071B
:10D450004FEA880014900596139749D4484600F087
:10D4600021FD0546B9F1030F88BF013D284600F0B4
:10D4700027FD0DF1580B04462846594600F00BFED7
:10D480001AA81CA95A460297CDE90010A5EB09007D
:10D490002044514600F17C034046AB4600F031FC8D
:10D4A0008246152D5FD8149F4CF6CD46159D1EA8BB
:10D4B000CCF6CC460C4600903846294632464FF012
:10D4C000CC3300F072FEDDE91E01820842EA817170
:10D4D00020F0030008444042F8426AD13846294609
:10D4E00000F0F7FC58455FEA3F901290002087E07B
:10D4F000C9F1000B584600F0DCFC044619F10100AC
:10D5000018BF013CABEB040B584600F0D9FC16A940
:10D51000054658468B4600F03BFD1AA81CA95A4602
:10D520000297CDE90010601B00F17D034046514693
:10D5300000F0E7FB04EB090B8246012C1BD8089B8B
:10D54000002E069D4CF6CD46CCF6CC4608D0DDE943
:10D550001C0201381C9062F100001D900020139005
:10D560000120129050E04CF6CD460020CDE912008B
:10D57000CCF6CC4646E0089B4CF6CD46069DCCF654
:10D58000CC463E2C25D84FF0FF30B4F1200200FAF3
:10D5900004F758BF0027149C58BF9040159A24EAFE
:10D5A000070722EA000038435FEA1F90129000202C
:10D5B00011E0059888B91398C043C01965F10001BE
:10D5C00000F087FC58455FEA3F90139000201290CE
:10D5D00017E000201290139016E047F00200294651
:10D5E00000F077FCDDE91C124B1E62F10005584586
:10D5F00053EA21801C9055EA22801D900020129051
:10D6000013902146089B069D002D0C934AD0BAF139
:10D610000A0071F1000001D2012037E000274FF02D
:10D620000A0C02204FF064094FF47A7842F2107E1F
:10D630000A22A2FB0C4507EB870305EB4303BAEB79
:10D64000040471EB030320D3A2FB093407FB094454
:10D65000BAEB030371EB040314D3A2FB083407FBFA
:10D660000844BAEB030371EB04030DD3A2FB0E23B2
:10D67000043007FB0E37BAEB020371EB0703D8D275
:10D68000013802E0013000E00230089B079A0BEB02
:10D6900002073844B0EBD27FB8BFD00F834253EAC1
:10D6A000B0800C90CDF80CB00DF1680B1D9C16AD40
:10D6B0009BE8000B00201591149011900B902FE027
:10D6C0001599504632464FF0CC3316AD4FEADB0485
:10D6D000009500F06AFD1498BB46129910F0FF0FF8
:10D6E000DDE916235FEA1F90014008EB88001291E4
:10D6F000404210994942B1EB400F13995FEA1F90E5
:10D7000001401391D00840EA437101EB8000AAEB7D
:10D710004000149011988A4601301190D808159055
:10D720005846214632464FF0CC330095CDF834B000
:10D730000E9400F03AFD4046494632464FF0CC3355
:10D74000DDE9164B0095CDE90F9800F02EFDDDE9DF
:10D750001601E20842EA4B774FEAD109C00840EAD5
:10D760004178B8EB070079EBDB00A9D31599BAF142
:10D770000A0071F1000001D201203BE00A97002568
:10D780000A2202204FF00A0C64274FF47A7EA2FB93
:10D790000C3605EB850406EB4406BAEB030371EB8C
:10D7A000060322D3A2FB073605FB0766BAEB030389
:10D7B00071EB060316D3A2FB0E3605FB0E66BAEB21
:10D7C000030371EB06030FD342F210740430A2FB83
:10D7D000042305FB0435BAEB020371EB0503D6D233
:10D7E000013802E0013000E002300A9F4CF6CD46DD
:10D7F000CCF6CC460C9A4AEA010313435FEA1F9326
:10D80000904203DD13B901200B905AE71398C0072B
:10D8100071D0DDF8408032460F994FF0CC3316AD11
:10D820000095404600F0C1FCDDE91610C8F1000388
:10D83000DDF848B0CA0842EA407404EB8202524262
:10D84000B3EB420F5FD1C208DDF84490DDF850C061
:10D85000DDE90D01904632464FF0CC33CDF850C093
:10D86000009500F0A2FC1599324616984FF0CC3383
:10D8700012905046179F009500F097FC4CF6CD4251
:10D8800016A8009020464146CCF6CC424FF0CC334F
:10D89000DDE91665CDF83C8000F087FCF10841EA2F
:10D8A000457E14980EEB8101A046ED0810F0FF0FA5
:10D8B000AAEB410C5FEA1F90DDE916120BEA000BA0
:10D8C00012984CF6CD461595CB0843EA4274C00831
:10D8D00004EB830340EA47705B4209F1010916AD8E
:10D8E000F908C8F10007CCF6CC46D208F246B7EBEF
:10D8F000430FAFD00CE00DF1400BD646DDF850C021
:10D900009BE8000B04E0D646DDF84490DDF850C0FB
:10D91000159A8EEA08010F981346424011430B9A5C
:10D920005FEA0F911143CA07059900295FEA1F9129
:10D93000002A04BF139A11EA02010ED05FFA8CF19B
:10D9400005295FEA0F92042962EA0B025FEA9F91C0
:10D9500042EA0E0202EA010C01E04FF0010C0398CA
:10D9600009EB00051EEB0C0043F10001B0F10A02C7
:10D9700071F1000201D2012338E0AE4600264FF0DB
:10D980000A0802234FF0640B4FF47A7A42F21079BE
:10D990000A25A5FB087206EB860402EB4402C41BB1
:10D9A00071EB02021DD3A5FB0B2406FB0B44821A6C
:10D9B00071EB040212D3A5FB0A2406FB0A44821A67
:10D9C00071EB04020CD3A5FB0952043306FB0926B4
:10D9D000421B71EB0602DCD2013B02E0013300E0A6
:10D9E00002334CF6CD467546CCF6CC460C9A9342A3
:10D9F0005FEADC82012A079A3AD1069F4FB12A4496
:10DA00001A44012AD8BF0122089F974257EAB282DE
:10DA10000C920C9A93422BDD05304CF6CD4741F128
:10DA20000001CCF6CC474008013B40EAC17001350B
:10DA300010EB51024FEA510142F10002A2FB0776BE
:10DA400026F0030707EB96074FF0CC36D21B821A5D
:10DA50004CF6CD40CCF6CC4061F10001A2FB0007B2
:10DA600002FB06724CF6CD46CCF6CC4601FB0621F5
:10DA70000C9A934253EAB2822BB214B22344A3F11C
:10DA80000108012CC0F2348102F00303099ACDF899
:10DA90004880042C02F105091193149402D24FF02E
:10DAA000000AA9E0E31A2244149C02F104084FF092
:10DAB000000A13936422002383460F46FEF772F98F
:10DAC000420800F0010042EAC17212EB510141F13B
:10DAD0000001A1FB062323F0030202EB93020023C3
:10DAE000891A4FF47A7240EA4100394640F030001A
:10DAF00015905846FEF756F942084CF6CD4642EAD4
:10DB0000C172CCF6CC4612EB510100F0010041F19C
:10DB100000024FEA5B0141EAC77111EB570343F181
:10DB20000003A3FB066525F0030606EB95069B1B89
:10DB30006FF00206CB1A4CF6CD41CCF6CC41A3FBDC
:10DB4000011C01EB8105ABEB450545F0300508F8FC
:10DB500004598AEA0605159E254409F805604CF625
:10DB6000CD46CCF6CC46A2FB065626F0030505EBC7
:10DB70009606A2EB06024CF6CD46CCF6CC4640EA21
:10DB800042006FF0030282EA0A0240F030002244B1
:10DB900009F802004FF0CC304FEA570203FB00C0F7
:10DBA00062F1000202FB06004A0801F0010142EAAC
:10DBB000C07212EB500040F10000A0FB062323F0DE
:10DBC000030202EB93020023801A42F2107241EA30
:10DBD00040006FF0010181EA0A0140F03000214469
:10DBE00009F8010058463946FEF7DCF80AF1040A44
:10DBF000139A52457FF45EAFDDF844E0DDF84880CB
:10DC0000149CBEF1000F73D042084CF6CD4742EA97
:10DC1000C172CCF6CC4712EB51036FEA0A0543F10F
:10DC200000032544A3FB077626F0030707EB9607BE
:10DC30004E08DB1BD31A4CF6CD42CCF6CC4266F133
:10DC4000000CA3FB0227BEF1010F02EB8206A0EB42
:10DC5000460646F0300609F8056049D04FF0CC364C
:10DC60004CF6CD4503FB06734CF6CD47CCF6CC47BE
:10DC7000CCF6CC450CFB0733570802F0010247EA0B
:10DC8000C37717EB53034CF6CD4743F10003CCF6B3
:10DC9000CC47BEF1020FA3FB077626F0030707EB84
:10DCA0009607A3EB070342EA4302A4EB0A0303EB44
:10DCB000090642F0300206F8022C19D06422002333
:10DCC000FEF770F8420800F0010042EAC17212EB60
:10DCD000510141F10001A1FB052323F0030202EBF6
:10DCE0009302891A40EA410040F0300006F8030C24
:10DCF000099804990171C0F80080204621B0BDE860
:10DD0000F08F2DE9F04F8BB0490041EAD0740593B4
:10DD10001646D2E9002345002846214608AF009761
:10DD200000F043FAD6E90223834606A8894600900C
:10DD300028462146DDE9087A00F037FA10EB07089B
:10DD4000DDE906234AEB010ADDE90801571C059CC1
:10DD500043F10005B8EB00007AEB0100A4F14104A7
:10DD600055EA338357EA328296E8830017EB0807B7
:10DD7000F568049445EB0A0510EB0B0059EB010024
:10DD8000009457F10000CDE9062345F10001571C2E
:10DD900043F10005B0EB080471EB0A04CDF80CB0B8
:10DDA00055EA338357EA3282CDF8089000F01BFA27
:10DDB000DDE91429169BC2E9000143B3D6E900C18D
:10DDC000D6E902560398B8EB0505DDE906236AEBB0
:10DDD00006066C1E66F10007B0EB0C000298DDF839
:10DDE00010B08841CDF800B054EA358057EA36814A
:10DDF000571E63F10006B8EB00057AEB010557EA00
:10DE0000328256EA338300F0EEF95F463EE0DDE908
:10DE100006204FEA4804D6E900EC01900598D6E9BF
:10DE20000276A0F14005029800954FEA4A05039951
:10DE300045EAD87544EAD0744300E71B65EB060653
:10DE4000B7F1010B43EAD17366F10000DEEB41014B
:10DE500073EB0C0150EA36815BEA3780B4EB0803C0
:10DE6000019F75EB0A035FEA2F937F0043EA4203A9
:10DE700047EAD2775A1E67F10006241A8D4152EA0A
:10DE8000338256EA378300F0AEF9049FDDE90623BA
:10DE9000C9E9000140465146009700F0A4F90BB0D3
:10DEA000BDE8F08F43F24141C0F201014843800CCC
:10DEB000704742F6FB61C0F20B014843000D70470A
:10DEC00049F24F31C0F212014843012101EBD04029
:10DED00070472DE9F04F4CF6CD4E45F6294442F6F9
:10DEE000F50A47F6D50847F6916943F2343B0246F6
:10DEF0000020CCF6CC4E4FF03333CCF28F24C8F652
:10DF00005C7AC2F2E968C3F6FB29C3F2333BA2FB99
:10DF10000E5C4FF0CC3702FB07C7D5F1333501FB60
:10DF20000E7773EB07072ED3A2FB047502FB0A558D
:10DF3000D7F1333701FB045573EB050722D3A2FB5E
:10DF4000087540F63106C1F6AC4602FB0655D7F11E
:10DF5000333701FB085573EB050716D3A2FB097590
:10DF60004CF67066CDF28826043002FB065201FBA7
:10DF70000921B7EB0B0271F133323A46C7D30138AE
:10DF8000BDE8F08F0130BDE8F08F0230BDE8F08FC2
:10DF90002DE9F04F87B005464EF64F40C4F6C460F9
:10DFA0008B46A5FB0001C8081A2100FB01F640F2D0
:10DFB0001011C0F2012101EB0010B54209D190E827
:10DFC0000E00C0688BE80E00CBF80C0007B0BDE86F
:10DFD000F08FD0E9009240F2E011C0F201210192ED
:10DFE000D0E90223A81B51F8307001EBC00044684F
:10DFF00004A800903846214600F0D7F8019B8246DD
:10E0000002A888460090384621464A4600F0CDF8DE
:10E0100081460191DDE90201002210EB0A0758EB6D
:10E02000010842F10000012806D1DDE904010130B8
:10E03000049041F1000005902846FFF741FF044697
:10E040003046FFF73DFF0199241A48463A464346B9
:10E05000009400F0C8F86FF0030240F2B02302EA27
:10E060009502C0F201239A581E2303EA4503DA40C1
:10E0700002F003068019DDE9042341F10001CBE938
:10E08000000138464146009400F0ADF8CBE90201AA
:10E0900007B0BDE8F08F2DE9F04F87B08B464EF604
:10E0A0004F4105461930C4F6C461A0FB0101C80800
:10E0B0001A2100FB01F640F20831C0F2012101EB08
:10E0C0000010AE4209D190E80E00C0688BE80E0047
:10E0D000CBF80C0007B0BDE8F08FD0E900A240F209
:10E0E000E011C0F201210192D0E90223701B51F826
:10E0F000307001EBC000446804A800903846214607
:10E1000000F053F8804602A80090BAF1010201988D
:10E110008946214660F10003384600F046F804467F
:10E120008A46DDE90201002210EB080751EB0908DD
:10E1300042F10000012806D1DDE90401013004901C
:10E1400041F1000005903046FFF7BAFE064628462A
:10E15000FFF7B6FE361A204651463A464346009629
:10E1600000F041F86FF0030240F2F83302EA950242
:10E17000C0F201239A581E2303EA4503DA4002F055
:10E1800003054019DDE9042341F10001013041F1AB
:10E190000001CBE9000138464146009600F023F823
:10E1A000CBE9020107B0BDE8F08FF0B5A2FB01CECC
:10E1B000A2FB0075A3FB011415EB0C05DDF814C0E0
:10E1C00051EB0E06294644F100043246E3FB0012EF
:10E1D000A3FB0003401956EB030044F10000CCE917
:10E1E00000203846F0BD10B5DDF808C0CCF1400E77
:10E1F000CEF1200420FA0CF003FA0EF322FA04F414
:10E200002343DCF1200458BF02FA04F302FA0EF2B1
:10E2100001FA04F440EA040058BF0022BCF12004D3
:10E2200058BF21FA04F021FA0CF158BF0021104325
:10E23000194310BD2573203D3E204164647265730F
:10E2400073203078255820656666656374732030C6
:10E250007825580D0A00735F736472616D5F6E6399
:10E260005B617420307825585D206E6F7420696E74
:10E2700020534452414D2072616E67650D0A005271
:10E280006561642066726F6D20534452414D28636E
:10E290006163686561626C65206172656129202037
:10E2A00020746F2052414D2028756E63616368654C
:10E2B00061626C65206172656129207769746820EC
:10E2C00033326269742077696474682C2000577255
:10E2D0006974652066726F6D2052414D2028756EFD
:10E2E000636163686561626C6520617265612920A4
:10E2F000746F20534452414D2863616368656162C5
:10E300006C6520617265612920202077697468201E
:10E3100020386269742077696474682C2000416435
:10E3200064726573732070696E20636865636B2027
:10E330004641494C454400526561642066726F6DE8
:10E3400020534452414D28756E6361636865616274
:10E350006C6520617265612920746F204454434DBF
:10E3600020202020202020202020202020202020AD
:10E3700020202077697468202038626974207769CA
:10E380006474682C2000526561642066726F6D2091
:10E39000534452414D28636163686561626C652036
:10E3A0006172656129202020746F2052414D202820
:10E3B000636163686561626C6520617265612920D3
:10E3C0002020776974682031366269742077696427
:10E3D00074682C2000526561642066726F6D205352
:10E3E0004452414D28636163686561626C652061D8
:10E3F00072656129202020746F2052414D202863CE
:10E400006163686561626C652061726561292020C5
:10E41000207769746820363462697420776964747F
:10E42000682C200052323A202030782530385800AD
:10E4300044436163686520616C726561647920643E
:10E44000697361626C6500526561642066726F6D0C
:10E4500020534452414D28636163686561626C6575
:10E46000206172656129202020746F204454434D3F
:10E47000202020202020202020202020202020209C
:10E4800020202077697468203136626974207769AA
:10E490006474682C200057726974652066726F6D11
:10E4A0002052414D2028636163686561626C65207C
:10E4B0006172656129202020746F20534452414DC0
:10E4C00028756E636163686561626C652061726561
:10E4D0006129207769746820333262697420776912
:10E4E0006474682C200057726974652066726F6DC1
:10E4F0002052414D2028756E636163686561626CCE
:10E500006520617265612920746F20534452414D2A
:10E5100028756E636163686561626C652061726510
:10E5200061292077697468203136626974207769BF
:10E530006474682C20004661696C656420617420F5
:10E54000307825702E200043616368653A2030786A
:10E55000253038582C20534452414D3A20307825EC
:10E560003038580D0A005053503A2020202030787F
:10E570002530385800526561642066726F6D2053F3
:10E580004452414D28636163686561626C65206136
:10E5900072656129202020746F204454434D20204F
:10E5A000202020202020202020202020202020206B
:10E5B00020776974682036346269742077696474DE
:10E5C000682C20005475726E206F6E204443616386
:10E5D00068652C2077726974652D7468726F756731
:10E5E00068206D6F64650057726974652066726F8C
:10E5F0006D204454434D2020202020202020202026
:10E60000202020202020202020746F2053445241BD
:10E610004D28636163686561626C65206172656144
:10E620002920202077697468203136626974207748
:10E63000696474682C200057726974652066726F73
:10E640006D2052414D2028756E636163686561627B
:10E650006C6520617265612920746F2053445241BA
:10E660004D28636163686561626C652061726561F4
:10E6700029202020776974682031366269742077F8
:10E68000696474682C2000436865636B6564204589
:10E6900072726F723A20496E737472756374696F27
:10E6A0006E20427573204572726F7200446174610E
:10E6B0002070696E20636865636B204641494C4554
:10E6C0004400735F736472616D5B61742030782500
:10E6D000585D206E6F7420696E20534452414D2066
:10E6E00072616E67650D0A005365742077726974F4
:10E6F000652D6261636B206661696C6564005772A9
:10E700006974652066726F6D2052414D2028756EC8
:10E71000636163686561626C65206172656129206F
:10E72000746F20534452414D28756E636163686570
:10E7300061626C6520617265612920776974682067
:10E7400036346269742077696474682C20005343FE
:10E75000422D3E484653523A2030782530385800F2
:10E7600046756C6C206368697020636865636B2014
:10E770005041535300636865636B46756C6C436826
:10E7800069705769746853657100577269746520C0
:10E7900066726F6D204454434D202020202020209D
:10E7A000202020202020202020202020746F205393
:10E7B0004452414D28756E636163686561626C65A2
:10E7C000206172656129207769746820333262693B
:10E7D000742077696474682C20005475726E206F01
:10E7E0006E204443616368652C2077726974652DDF
:10E7F0006261636B206D6F6465007573696E67207D
:10E8000074696D653A20256C6C752075732C200039
:10E81000444D41202066726F6D20534452414D207B
:10E82000746F2052414D202077697468203634621D
:10E8300069742077696474682C205265706561740E
:10E840002D426C6F636B206D6F64652C20005053FC
:10E85000523A20307825303858000D0A3D3D3D3D74
:10E860003D3D3D3D204F7468657220526567697378
:10E87000746572203D3D3D3D3D3D3D3D002573208D
:10E880003D3E204661696C656420617420307825C6
:10E89000580D0A00696E74657276616C5F6164641C
:10E8A0007231203D20307825580D0A005265616490
:10E8B0002066726F6D20534452414D28756E63611E
:10E8C00063686561626C6520617265612920746F9F
:10E8D0002052414D2028636163686561626C652048
:10E8E000617265612920202077697468203634625E
:10E8F00069742077696474682C200052333A2020B0
:10E90000307825303858000D0A3D3D3D3D3D3D3DB8
:10E910003D3D205343422052656769737465722000
:10E920003D3D3D3D3D3D3D3D3D0046756C6C2063AC
:10E9300068697020636865636B207769746820720A
:10E94000616E646F6D2073657175656E63652050CF
:10E95000415353002573203D3E204661696C64207D
:10E96000617420307825580D0A0052656164206674
:10E97000726F6D20534452414D2863616368656135
:10E98000626C65206172656129202020746F2052BD
:10E99000414D2028756E636163686561626C652016
:10E9A0006172656129207769746820363462697400
:10E9B0002077696474682C2000577269746520663A
:10E9C000726F6D2052414D202863616368656162FA
:10E9D0006C65206172656129202020746F2053448A
:10E9E00052414D28636163686561626C65206172A4
:10E9F0006561292020207769746820363462697443
:10EA00002077696474682C20005265616420667206
:10EA10006F6D20534452414D28756E636163686584
:10EA200061626C6520617265612920746F204454B5
:10EA3000434D202020202020202020202020202086
:10EA40002020202020776974682036346269742081
:10EA500077696474682C2000577269746520667247
:10EA60006F6D2052414D2028636163686561626C5F
:10EA700065206172656129202020746F2053445203
:10EA8000414D28636163686561626C6520617265F0
:10EA900061292020207769746820313662697420EA
:10EAA00077696474682C20005772697465206672F7
:10EAB0006F6D2052414D2028756E636163686561FA
:10EAC000626C6520617265612920746F2053445225
:10EAD000414D28756E636163686561626C65206194
:10EAE0007265612920776974682033326269742005
:10EAF00077696474682C200046756C6C20636869C3
:10EB00007020636865636B204641494C4544005260
:10EB10006561642066726F6D20534452414D2875C3
:10EB20006E636163686561626C652061726561290D
:10EB300020746F204454434D20202020202020208A
:10EB40002020202020202020202020776974682089
:10EB500033326269742077696474682C20005265CE
:10EB600061642066726F6D20534452414D28636189
:10EB700063686561626C652061726561292020208F
:10EB8000746F2052414D2028636163686561626C37
:10EB900065206172656129202020776974682033BF
:10EBA000326269742077696474682C200057726936
:10EBB00074652066726F6D2052414D2028756E631A
:10EBC0006163686561626C652061726561292074AA
:10EBD0006F20534452414D28636163686561626CE4
:10EBE000652061726561292020207769746820366C
:10EBF000346269742077696474682C20005343423E
:10EC00002D3E435346523A20307825303858005034
:10EC100053504C494D3A20307825303858004578CB
:10EC2000706563743A20307825582C2052656164F1
:10EC30003A20307825580D0A002573203D3E205794
:10EC4000726974653A20307825582C2052656164C9
:10EC50003A20307825580D0A00577269746520668D
:10EC6000726F6D2052414D2028756E636163686537
:10EC700061626C6520617265612920746F20534464
:10EC800052414D28636163686561626C6520617201
:10EC900065612920202077697468203332626974A5
:10ECA0002077696474682C2000696E660052303ADF
:10ECB0002020307825303858005231323A203078D0
:10ECC00025303858004C523A2020307825303858BA
:10ECD0000050433A2020307825303858000D0A0083
:10ECE000446174612070696E20636865636B2050B5
:10ECF00041535300636865636B44514D00757369FC
:10ED00006E67206379636C653A20256C6C752C20E6
:10ED100000526561642066726F6D20534452414D0C
:10ED200028756E636163686561626C6520617265F8
:10ED3000612920746F204454434D2020202020203E
:10ED400020202020202020202020202020776974CF
:10ED5000682031366269742077696474682C2000F9
:10ED600057726974652066726F6D204454434D205C
:10ED70002020202020202020202020202020202093
:10ED80002020746F20534452414D286361636865AD
:10ED900061626C6520617265612920202077697449
:10EDA000682020386269742077696474682C2000B8
:10EDB000444D4120204F7065726174696F6E00444C
:10EDC0004D41202066726F6D2052414D2020746F9E
:10EDD00020534452414D207769746820363462696B
:10EDE000742077696474682C205265706561742D95
:10EDF000426C6F636B206D6F64652C20002573205F
:10EE00003D3E2045787065637420626173652076AD
:10EE1000616C3A20307825582C207265616420306E
:10EE20007825580D0A0057726974652066726F6DF7
:10EE3000204454434D20202020202020202020202A
:10EE40002020202020202020746F20534452414D48
:10EE500028636163686561626C6520617265612920
:10EE600020202077697468203634626974207769BD
:10EE70006474682C200057726974652066726F6D27
:10EE80002052414D2028636163686561626C652092
:10EE90006172656129202020746F20534452414DD6
:10EEA00028756E636163686561626C652061726577
:10EEB0006129207769746820203862697420776935
:10EEC0006474682C20001B5B324A1B5B480046754B
:10EED0006C6C206368697020636865636B20776978
:10EEE0007468206F726465726564207365717565FE
:10EEF0006E63652050415353002573203D3E2046EC
:10EF000061696C65642C2076616C5F773A2030789B
:10EF100025582C2076616C5F723A20307825580D88
:10EF20000A0046756C6C20636869702063686563CD
:10EF30006B2077697468206F7264657265642073F2
:10EF4000657175656E6365204641494C45440044D2
:10EF50004D41202066726F6D204454434D20746FE4
:10EF600020534452414D20776974682036346269D9
:10EF7000742077696474682C205265706561742D03
:10EF8000426C6F636B206D6F64652C20004861726A
:10EF9000644661756C74206F63637572726564207A
:10EFA0006279204445425547004861726446617564
:10EFB0006C74206F63637572726564206279206F70
:10EFC0007468657220657863657074696F6E206619
:10EFD0006F72636564003D3D3D3D3D3D3D3D3D3DC2
:10EFE000204D535020537461636B20203D3D3D3DC7
:10EFF0003D3D3D3D3D3D00495053523A203078253E
:10F0000030385800436865636B6564204572726FE1
:10F01000723A20446976696465204279205A6572A3
:10F020006F00436865636B6564204572726F723A66
:10F0300020496E76616C69642053746174650025A3
:10F0400073203D3E204164647265737320307825DF
:10F050005820616666656374732062617365206120
:10F0600064647265737320307825580D0A005772F6
:10F070006974652066726F6D2052414D202863616E
:10F0800063686561626C652061726561292020207A
:10F09000746F20534452414D28756E6361636865F7
:10F0A00061626C65206172656129207769746820EE
:10F0B00031366269742077696474682C2000577255
:10F0C0006974652066726F6D2052414D202863611E
:10F0D00063686561626C652061726561292020202A
:10F0E000746F20534452414D28756E6361636865A7
:10F0F00061626C652061726561292077697468209E
:10F1000036346269742077696474682C200043681F
:10F1100065636B6564204572726F723A204E6F2092
:10F12000436F70726F636573736F72002573203D58
:10F130003E204661696C6420617420307825580D4A
:10F140000A0D0A0073706565643A20252E32662028
:10F150004D422F730D0A00526561642066726F6D17
:10F1600020534452414D28636163686561626C6558
:10F17000206172656129202020746F2052414D204A
:10F1800028756E636163686561626C652061726594
:10F190006129207769746820313662697420776943
:10F1A0006474682C2000436865636B656420457255
:10F1B000726F723A20556E616C69676E65642041AA
:10F1C0006363657373002573203D3E205772697435
:10F1D000653A20307825580D0A526561643A20203E
:10F1E000307825580D0A00526561642066726F6D93
:10F1F00020534452414D28756E63616368656162B6
:10F200006C6520617265612920746F2052414D2028
:10F2100028756E636163686561626C652061726503
:10F2200061292077697468203332626974207769B4
:10F230006474682C2000444D41202066726F6D205C
:10F24000534452414D20746F204454434D207769FC
:10F2500074682036346269742077696474682C207D
:10F260005265706561742D426C6F636B206D6F64C5
:10F27000652C20005465726D696E616C0043686591
:10F28000636B6564204572726F723A20556E6465D7
:10F2900066696E656420496E737472756374696F14
:10F2A0006E004175746F20726566726573682063C5
:10F2B0006865636B205041535300636865636B411D
:10F2C00064647265737350696E0052656164206690
:10F2D000726F6D20534452414D28756E63616368AF
:10F2E0006561626C6520617265612920746F2052CE
:10F2F000414D2028636163686561626C65206172BD
:10F30000656129202020776974682020386269743B
:10F310002077696474682C200052313A20203078BC
:10F32000253038580073746172745F6164647220B0
:10F330006F7574206F662072616E6765004164644A
:10F34000726573732070696E20636865636B20500B
:10F35000415353002573203D3E204578706563740A
:10F360003A20307825582C20726561643A20307834
:10F3700025580D0A0057726974652066726F6D20FA
:10F380004454434D202020202020202020202020D5
:10F3900020202020202020746F20534452414D28EB
:10F3A000756E636163686561626C65206172656139
:10F3B000292077697468202038626974207769642D
:10F3C00074682C20004D53503A202020203078259E
:10F3D00030385800436865636B6564204572726F0E
:10F3E000723A2050726563697365206461746120AC
:10F3F000627573206572726F7200424641522069D5
:10F40000732076616C69643A203078253038580D65
:10F410000A001B5B306D0044514D2070696E206303
:10F420006865636B204641494C4544004175746FE3
:10F43000207265667265736820636865636B204639
:10F4400041494C454400546573742073697A6520C2
:10F45000697320746F6F20736D616C6C20776974B1
:10F460006820746869732063617365005265616424
:10F470002066726F6D20534452414D28756E636152
:10F4800063686561626C6520617265612920746FD3
:10F490002052414D2028756E636163686561626C1E
:10F4A0006520617265612920776974682031366250
:10F4B00069742077696474682C20005772697465D8
:10F4C0002066726F6D204454434D20202020202060
:10F4D00020202020202020202020202020746F2089
:10F4E000534452414D28756E636163686561626C77
:10F4F0006520617265612920776974682031366200
:10F5000069742077696474682C20005343422D3E4F
:10F51000494353523A2030782530385800526561BB
:10F52000642066726F6D20534452414D28756E639E
:10F530006163686561626C65206172656129207430
:10F540006F2052414D2028756E636163686561626A
:10F550006C652061726561292077697468202038A4
:10F560006269742077696474682C20005365742084
:10F5700077726974652D7468726F7567682066614B
:10F58000696C65640057726974652066726F6D20DE
:10F590004454434D202020202020202020202020C3
:10F5A00020202020202020746F20534452414D28D9
:10F5B000756E636163686561626C65206172656127
:10F5C0002920776974682036346269742077696409
:10F5D00074682C2000436865636B65642045727213
:10F5E0006F723A20537461636B204F766572666C5C
:10F5F0006F7700526561642066726F6D20534452CC
:10F60000414D28636163686561626C652061726564
:10F610006129202020746F2052414D2028756E638F
:10F620006163686561626C6520617265612920773C
:10F630006974682020386269742077696474682C62
:10F6400020006E616E005475726E206F66662044F5
:10F65000436163686500636865636B44617461500E
:10F66000696E00636865636B46756C6C43686970AE
:10F670005769746852616E640057726974652066D8
:10F68000726F6D2052414D2028756E63616368650D
:10F6900061626C6520617265612920746F2053443A
:10F6A00052414D28756E636163686561626C6520C7
:10F6B00061726561292077697468202038626974F5
:10F6C0002077696474682C20001B5B324A00696EE5
:10F6D00074657276616C5F6164647232203D2030C3
:10F6E0007825580D0A002573203D3E206368656328
:10F6F0006B4461746150696E206174207468697331
:10F70000206164647265737320504153530D0A0085
:10F71000526561642066726F6D20534452414D28DA
:10F72000636163686561626C65206172656129204F
:10F730002020746F204454434D202020202020207E
:10F74000202020202020202020202020776974687D
:10F750002020386269742077696474682C2000570F
:10F76000726974652066726F6D204454434D202089
:10F770002020202020202020202020202020202089
:10F7800020746F20534452414D2863616368656162
:10F79000626C652061726561292020207769746838
:10F7A0002033326269742077696474682C20004DBC
:10F7B00053504C494D3A2030782530385800445148
:10F7C0004D2070696E20636865636B205041535310
:10F7D0000046756C6C206368697020636865636BB4
:10F7E00020776974682072616E646F6D2073657133
:10F7F00075656E6365204641494C4544005265611C
:10F80000642066726F6D20534452414D28756E63BB
:10F810006163686561626C6520617265612920744D
:10F820006F2052414D2028636163686561626C6599
:10F830002061726561292020207769746820313643
:10F840006269742077696474682C20005265616471
:10F850002066726F6D20534452414D28756E63616E
:10F8600063686561626C6520617265612920746FEF
:10F870002052414D2028756E636163686561626C3A
:10F880006520617265612920776974682036346269
:10F8900069742077696474682C20005772697465F4
:10F8A0002066726F6D2052414D2028636163686548
:10F8B00061626C65206172656129202020746F206F
:10F8C000534452414D28636163686561626C6520F1
:10F8D0006172656129202020776974682020386270
:10F8E00069742077696474682C20005772697465A4
:10F8F0002066726F6D2052414D20286361636865F8
:10F9000061626C65206172656129202020746F201E
:10F91000534452414D28636163686561626C6520A0
:10F920006172656129202020776974682033326212
:10F9300069742077696474682C20000D0A3D3D3D90
:10F940003D3D3D3D3D3D3D3D3D3D3D3D20496E20E4
:10F95000486172644661756C74203D3D3D3D3D3D9E
:10F960003D3D3D3D3D3D3D3D3D00436865636B652F
:10F9700064204572726F723A20496E76616C6964D8
:10F9800020504300636865636B46756C6C4368691F
:10F99000704E6F43616368650052656164206672F2
:10F9A0006F6D20534452414D286361636865616205
:10F9B0006C65206172656129202020746F20445499
:10F9C000434D2020202020202020202020202020E7
:10F9D00020202020207769746820333262697420E7
:10F9E00077696474682C2000526561642066726FC8
:10F9F0006D20534452414D28636163686561626CB8
:10FA000065206172656129202020746F2052414D6C
:10FA10002028636163686561626C6520617265615D
:10FA20002920202077697468202038626974207743
:10FA3000696474682C2000526561642066726F6D81
:10FA400020534452414D28756E636163686561625D
:10FA50006C6520617265612920746F2052414D20D0
:10FA600028636163686561626C6520617265612904
:10FA700020202077697468203332626974207769A6
:10FA80006474682C2000286E756C6C29003031324B
:10FA90003334353637383941424344454600000057
:10FAA0000000005454522052454747455300D4D4D7
:10FAB00000000022040B0222F4FD00024CFE0002B2
:10FAC00000040E000100000000200000318C000244
:10FAD000000000000000000010000022C0FA000238
:10FAE0000C0B0222D8FA000288FE0002000100007E
:10FAF000200000220F00FFFF0000000101000000B5
:10FB0000090200000C000C010C020C0300000000B4
:10FB100000000000519A000200000000ECFA000210
:10FB2000240B022200FB00020CFE00020008011C54
:10FB3000000100000008011C010100000008011C78
:10FB4000030100000004011C070100001040000038
:10FB500008010000040C00000A010000000C01155F
:10FB60000B010000000C010B0C010000000C010B4C
:10FB70000D010000000C010B0E010000000C010B38
:10FB80000F010000004000000002000010400000D3
:10FB90000102000000000105080200000004010548
:10FBA00009020000000801000A0200000000010034
:10FBB0000B020000000001000C0200000000010028
:10FBC0000D020000000001000E0200000000010014
:10FBD0000F020000000C010B00030000000C010BE1
:10FBE00001030000000C010B0203000010400000A4
:10FBF00003030000000001130704000000040113C8
:10FC00000804000040040107090400004004010743
:10FC10000A040000000C010B03050000000C010B9E
:10FC200004050000000C010B05050000000C010B91
:10FC300006050000000C010B07050000000C010B7D
:10FC400008050000000C010B09050000000C010B69
:10FC50000A0500000504000006060000000C010B68
:10FC600007060000000C010B08060000000C010B49
:10FC700009060000000C010B0A060000000C010B35
:10FC80000B060000000C010B0C060000000C010B21
:10FC90000D060000000C010B0E060000000C010B0D
:10FCA0000F0600000008011C030800000008011CEA
:10FCB00008080000000C010B0D080000000C0113E7
:10FCC0000E080000000C01130F080000000C010BCF
:10FCD000000A0000000C010B010A0000000C010BDF
:10FCE000020A0000000C010B030A0000000C010BCB
:10FCF000040A0000000C010B050A0000000C010BB7
:10FD0000060A0000000C010B080A0000000C010BA1
:10FD1000090A0000000C010B0A0A0000000C010B8C
:10FD20000B0A0000000C010B0C0A0000000C010B78
:10FD30000D0A0000000C010B0E0A00000008010B68
:10FD40000F0A0000000C010B000C0000000C010B5E
:10FD5000010C0000000C010B020C0000000C010B58
:10FD6000030C0000000C010B040C0000000C010B44
:10FD7000050C0000000C010B060C0000000C010B30
:10FD8000070C0000000C010B080C0000000C010B1C
:10FD9000090C0000000C010B0A0C0000000C010B08
:10FDA0000B0C0000000C010B0C0C0000000C010BF4
:10FDB0000D0C0000000C010B0E0C0000000C010BE0
:10FDC000000D0000000C0115010D0000000C0115D4
:10FDD000020D0000000C0115030D0000000C0115C0
:10FDE000040D000000080115050D000010000115AC
:10FDF000070D0000590000002CFB0002000000006D
:10FE000003030403050306034000D4D4099C000245
:10FE1000F19F000201A0000251A00002E9A000022F
:10FE2000F9A0000239A1000249A1000239A2000292
:10FE300049A2000251A200020600000008000000D2
:10FE400003000000050000000A00000049A50002B0
:10FE500061A5000271A5000281A5000239A6000279
:10FE600069A60002B1A60002D9A6000211A70002ED
:10FE700041A7000261A7000289A70002A1A7000212
:10FE8000020403040404D4D481A9000201AA0002DC
:10FE900019AA000281AA000291AA0002B9AA0002CE
:10FEA000C9AA0002D9AA000209AB000269AB00028C
:10FEB00071AB0002000000680000016800000080D3
:10FEC0000000008000000070000000704000002270
:10FED000400001220B000000ECFE000219000000AF
:10FEE00070FF000204000000B4FE00020000016880
:10FEF000000001680001000D0000026800000268B7
:10FF00000001000D000000800000008000010008DA
:10FF10000000008000000080000100080000007068
:10FF2000000000700001000A000000700000007076
:10FF30000001000A000000000000000001000005B0
:10FF40000000012000000120010000044000012207
:10FF5000400001220000000370040222D80B02229C
:10FF600000000003E00B0222E00B0222000000036D
:10FF70000000006800000068000000900001090D0A
:10FF800000000068000000680000007800010B0D10
:10FF90000000006800000068000000270001020D5A
:10FFA0000000006800000068540000020001010D1C
:10FFB000000000800000008000000090000109089F
:10FFC00000000080000000800000007800010B08A5
:10FFD00000000080000000800000002700010208EF
:10FFE00000000080000000805400000200010108B1
:10FFF0000000007000000070000000900001090A7D
:020000040201F7
:1000000000000070000000700000007800010B0A82
:100010000000007000000070000000270001020ACC
:100020000000007000000070540000020001010A8E
:100030000000000000000000000000900101090520
:1000400000000000000000000000007801010B0526
:100050000000000000000000000000270100020571
:100060000000000000000000540000020100010533
:1000700000000020000000200000009001010904A1
:1000800000000020000000200000007801010B04A7
:1000900000000020000000200000002701000204F2
:1000A00000000020000000205400000201000104B4
:1000B000000000220000002200000090000109035F
:1000C00000000022000000220000007800010B0365
:1000D00000000022000000220000002700000203B0
:1000E000000000222400002254000002000001034E
:1000F000D80B0222E00B022278000002000001036C
:1001000001000200080010002000D4D4D4D4D4D4BC
:1001100000000000000000000000000000000010CF
:100120000000000000000000B9340332B7F4AD1441
:1001300010DB1AB30892540E0D307D951447BA1A8D
:1001400066088F4D26ADC66DF598BF85E2B745119F
:10015000CA96853D92BD1DEBFCA11860DCEF5216DE
:100160003C92AE220BB8C1B4839D2D5B0562DA1CB4
:10017000304C7E8F4E8BB25B16F4529F8B56A5127D
:10018000FBD4827643ED8AF08FE7F93115651918B3
:1001900050F19BD94A13EEB4284CF0A686C1251F16
:1001A000035FC270CB9E4916E642889C44EB201444
:1001B000B0650836AD6EA58585F0CA14E2FD031A58
:1001C0000B899979D5B13D09D8DA973A35EBCF103B
:1001D000AC363F5E73BB38CF3E6752FA44AFBA15B8
:1001E0000100000000000000050000000000000009
:1001F00019000000000000007D0000000000000069
:100200007102000000000000350C0000000000003A
:10021000093D0000000000002D3101000000000039
:10022000E1F505000000000065CD1D0000000000A4
:10023000F902950000000000DD0EE9020000000058
:10024000514A8D0E000000009573C2480000000066
:10025000E941CC6B010000008D49FD1A0700000048
:10026000C16FF28623000000C52EBCA2B1000000C1
:10027000D9E9AC2D780300003D9160E458110000ED
:1002800031D6E275BC560000F52E6E4DAEB10100C0
:10029000C9EA268367780800ED95C28F055A2A00BF
:1002A000A1EDCCCE1BC2D30025A4000A8BCA220428
:1002B000000000000000000000000000000000003E
:1002C00000000040955969595555545515555556D6
:1002D000040515411054554045515544404550447E
:1002E00050555545004000404004449665555655CC
:1002F000454045545141154055915555555540512E
:1003000005010000D4D4D4D4010000000000000096
:100310000000000000000020345065C05FC9A652F4
:10032000BB13CBAEC440C21806C8DF7100D5A87C91
:10033000F56F0FDA58FC27136E4756357D2420657C
:1003400002C7E768E48CA41DE9E60268D7CD3961ED
:100350007977FCC2405BEF16798CDE43FFA751F939
:1003600091F3B278F5BDBE11E857E9D6E8BEE87B57
:10037000B054AC8F848D751BEA23A499E9F9D38B13
:10038000B7A3714061DA3E15CEE33ECB73F948085E
:100390008C97B427D51B7010A2BFEFB9EB8532152F
:1003A0004DB44DB49BBB6F1996B6076CF8E7EEAD34
:1003B00036D9B4F59135AE13222218AF4E6A684D86
:1003C00091DAAA3D4F40741E9FBD9EE006A1C098E1
:1003D00057C2A7FDA40E90170E7D497173E3208FBD
:1003E000B220D87605143B12853D7434811343B096
:1003F000AD297A5F27F4351C5445545445550504FE
:10040000001004101404400000000140555515412F
:10041000540400004400010000000040410000447A
:1004200050444550540055555455655100400040C6
:1004300001000001000501001154515154555505AA
:1004400000154150000004401001040500000000A8
:1004500000000406362E342E30004275696C74207C
:10046000776974682052656E6573617320416476A4
:10047000616E63656420466C657869626C652053C3
:100480006F667477617265205061636B6167652088
:0E04900076657273696F6E20362E342E300042
:0404A000B18E000217
:0200000402C92F
:04F04000FFFFFFFFD0
:04F04400EFFFFFFFDC
:04F0C000FFFFFFFD52
:04F0C400FFFFFFFF4C
:04F1200000000000EB
:04F1240000000000E7
:040000050200B6310E
:00000001FF
