:020000040200F8
:1000000040040122B9B5000251B30002419600023A
:10001000C9B50002C9B50002C9B50002C9B50002E0
:10002000000000000000000000000000C9B5000250
:10003000418E000200000000C9B50002C9B50002EF
:1000400079A20002A9A1000251A30002D9A30002D3
:0400500081AC00027D
:1000540000000300F1990002119A00020000000060
:10006400000018D80000000000000000000001009B
:04007400400900003F
:0800780001000000000000007F
:100080000146002009F054B883B010B581B0844611
:1000900003A840F27044C2F202240EC003AB4FF436
:1000A00080712046624600930DF05DF900202146E4
:1000B00009F03EF84EF6DD410020C0F2002109F0C3
:1000C00037F801B0BDE8104003B07047D4D4D4D4A1
:1000D00010B54FF212410020C0F2002109F028F8BB
:1000E0004EF6DD440020C0F20024214609F020F83D
:1000F0004FF2C9610020C0F2002109F019F8002078
:100100002146BDE8104009F013B8D4D4D4D4D4D4D7
:100110002DE9F04F81B02DED088B82B04FF6FE71C6
:1001200083466FF0E040CFF2FF715844884204D814
:100130004FF22530C0F20020F1E04EF61450CEF21E
:1001400000000168C90304D44EF23040C0F2002020
:1001500032E000210167BFF34F8F016843F6E0777B
:1001600021F480310160BFF34F8FC26EC2F34E3174
:10017000D308C2F3C902561C9A074B0100BF00BF47
:1001800003EA070546F001E0154400BF00BF00BFC9
:10019000C0F8605205F140450FF007C00029A1F1F9
:1001A0000101A3F12003EBD1BFF34F8FBFF36F8F9A
:1001B0004FF24660C0F2002009F096FB012000904B
:1001C000102000BF00BF00BF0099CBF80010BFF3A4
:1001D0004F8FBFF36F8FDBF8001001910199009AE8
:1001E0009142009A40F08C8001384FEA4201009120
:1001F000EAD14EF6E040C0F2002009F075FB4FF066
:10020000D0410FF2FC404FF05A320A6040F2000138
:1002100090ED001F1720C2F2000180EF5120042250
:1002200020F001E000BF00BF20FF4244A1EC045FCA
:1002300021EE420F1FF009C04FF0170E40F20008E8
:10024000C2F200084FF0D0404FF05A31424600BF92
:1002500052F8043B19500FF005C8BFF34F8FBFF39E
:100260006F8F00214FF0D0434FF0A53E4FF05A3C26
:10027000002607E000BF00BF01360139172EC2F883
:1002800000C079D058F8260000F1D04240F803E0D1
:10029000BFF34F8FBFF36F8FC558B5F1A53F47D15F
:1002A0001D68B5F15A3F55D10027404605E000BF13
:1002B000013F043017F11704DED0B942F8D00468CA
:1002C000E558B5F15A3FF3D004F1D0434FF2BA24C8
:1002D0004EF23420C0F20024C0F2002021460BF080
:1002E000C5FE4FF25430C0F200204FF05A32214682
:1002F0002B460BF0BBFE4EF21E30C0F200200EE08B
:100300004EF6F9604FF25661019BC0F20020C0F238
:1003100000210BF0ABFE4EF2AC60C0F2002009F001
:10032000E3FA012002B0BDEC088B01B0BDE8F08F0C
:100330004FF2BA244EF67D00C0F20024C0F2002035
:1003400021460BF093FE4FF2C6104FF0A532C0F2DB
:100350000020CCE74FF2BA244FF23F00C0F2002455
:10036000C0F200204FF0D04321460BF07FFE4EF646
:10037000FD50C0F20020B8E745F200094EF69400A7
:10038000C6F655094AF20008C0F200204946C6F6F2
:10039000AA180BF06BFE4FF2CE604146C0F200206F
:1003A0000BF064FEDAA080EF53204FF0000C4FF406
:1003B000807A90ED001F042185EF5A4E82FF556E22
:1003C0004AF001E04846424620EF508100BF00BF9E
:1003D00008EF52A12BFE4F0F37FE05AFA0EC10BE69
:1003E00035FE07AFA2EC10BE29EE418F0FF011C011
:1003F000BFF34F8FBFF36F8F00254E4640464A46EE
:10040000434608E001350433B5F5806F02F104027C
:1004100000F1040013D0AF0756F8047B07D0B7F102
:100420005A3F33D10768B7F1A53FEBD037E0B7F1BA
:10043000A53F2BD10768B7F15A3FE3D044E0BFF3A3
:100440004F8FBFF36F8F0CF1010CBCF57A7FB7D1E2
:100450004FF23D30C0F2002009F046FA0020CBF800
:100460000000CBF80400CBF80800CBF80C004FF0EC
:10047000A531BFF34F8FBFF36F8FCBF800105A2118
:10048000BFF34F8FBFF36F8FA52232E04EF67D0092
:100490004FF2BA21C0F20020C0F2002108E04EF66F
:1004A0007D004FF2BA21C0F20020C0F200211A46AE
:1004B0000BF0DCFD4EF61E404FF0A531C0F20020DF
:1004C0003A460BF0D3FD16E74EF67D004FF2BA2107
:1004D000C0F20020C0F200211A460BF0C7FD4EF614
:1004E0001E404FF05A31E9E70BF800200130042894
:1004F00038D01BF80050A52D32D1BFF34F8FBFF37A
:100500006F8F0BF800100023BFF34F8FBFF36F8F77
:100510005F4603E001330137042BE5D09842F9D060
:100520003D78A52DF6D05A2618464EF6F44400EB39
:100530000B024EF67D00C0F20024C0F200202146DE
:100540000BF094FD4EF639402146C0F200203246B1
:100550002B460BF08BFD4FF21740C0F20020DEE679
:10056000A526E2E74FF2BE704AF2A456C0F2002080
:10057000CAF2A55609F0B8F94FF0D0404FF000711B
:10058000FF224FF0D0440BF017FCBFF34F8FBFF3A7
:100590006F8F0020002109B1802910D2082242F07B
:1005A00001E04FF0FF3252000FF003C832400A431F
:1005B00044F821200131B1F5000FECD110E0B0EB8F
:1005C000D13FB1FA81F203D1182A01D01022E6E717
:1005D000A2F10903C2F12002072B38BF1822DEE77F
:1005E00000214FF0D042002008B1802813D2082308
:1005F00043F001E04FF0FF335B000FF003C83340DE
:1006000052F8204043EA0005AC4215D10130B0F564
:10061000000FE9D12BE0B1EBD03FB0FA80F303D16A
:10062000182B01D01023E3E7A3F10907C3F120033E
:10063000072F38BF1823DBE74FF0D04101EB8002D2
:100640004EF67D004FF68411C0F20020C0F200216A
:100650000BF00CFD4EF61E402946C0F2002022464B
:100660000BF004FD4EF6F820C0F2002057E64EF2E3
:100670006070C0F2002009F037F900F051F820B1A5
:100680004EF62270C0F2002049E64EF6CE60C0F26F
:10069000002009F029F900F0E3F820B14FF2D17001
:1006A000C0F200203BE64EF62A10C0F2002009F00E
:1006B0001BF900F01DF920B14FF22C40C0F20020D0
:1006C0002DE64FF2A220C0F2002009F00DF940F211
:1006D00070500024C2F20220047000F05DF94FF463
:1006E00096704FF47A710AF0EFFD04F0FDF92046A0
:1006F00018E600BF00BF00BF00BF00BF00BF00BFC3
:1007000002000000030000000400000005000000DB
:1007100000000000010000000200000003000000D3
:100720002DE9F04F81B02DED048B82B048A040F24E
:10073000000A4FF0000B4FF0D04990ED009F4FF4AE
:100740008050C2F2000A04244FF0D04640F001E08D
:100750004FEA8B30514628EF580100BF00BF00BF61
:1007600021EE402FA1EC103E21EE440F0FF009C006
:100770004FF48032304651460BF028FB06F58030AE
:100780004FF48041D0464D46D8F800203768974254
:1007900012D10436013905F1040508F10408F3D13A
:1007A0000BF1010B09F58039BBF5007F06464FF4CC
:1007B0008050CBD1002044E04EF275744EF65410B8
:1007C000C0F20024C0F2002021462A460BF04EFC65
:1007D0004EF63940D8F80020C0F2002021463B46B2
:1007E0000BF044FC01200090102000BF00BF00BFB0
:1007F00000992960BFF34F8FBFF36F8F2968019174
:100800000199009A9142009A0FD101384FEA4201B2
:100810000091EDD14FF2E6604EF27571C0F200200A
:10082000C0F200210BF022FC0AE04EF6F9604FF214
:100830005661019BC0F20020C0F200210BF016FCB3
:10084000012002B0BDEC048B01B0BDE8F08F00BF09
:100850000000000001000000020000000300000092
:100860002DE9F0472A200BF0C9FB40F200084FF0B9
:1008700000094FF0D04AC2F200084FF0D0464FF0C6
:10088000D0474FF4804445460BF091FB013C45F8BE
:10089000040B47F8040BF7D106F580304FF4804184
:1008A0004346524600BF00BF53F8045B3468AC4275
:1008B00010D1013906F1040602F10402F4D109F164
:1008C00001090AF5803AB9F5007F0646D9D1002022
:1008D000BDE8F0874FF22C104FF26361C0F20020A8
:1008E000C0F200210BF0C2FB0120BDE8F087D4D498
:1008F00070B540F2E5700BF081FB40F2000540F26C
:1009000000064FF48044C6F60105C2F2000600BF9F
:100910000BF04DFB013C46F8040B45F8040BF7D1F6
:10092000BFF34F8FBFF36F8F0AF012FE44F24021E6
:100930000220C0F20F010AF0C7FC0AF01DFE40F2CF
:10094000000540F200044FF48040C2F20005C6F6F4
:10095000010400BF00BF00BF296822688A4207D196
:10096000013805F1040504F10404F5D1002070BD3F
:100970004EF236502146C0F200200BF077FB4EF2CB
:10098000475029682268C0F200200BF06FFB01205D
:1009900070BDD4D4D4D4D4D42DE9F04F81B02DED92
:1009A000028B8AB040F200016FF0E040C6F6010110
:1009B0000A184FF6FE71CFF2FF718A4208D84EF244
:1009C000C26040F20001C0F20020C6F601010EE054
:1009D00040F20002C6F60002104488420FD84EF2E0
:1009E000562040F20001C0F20020C6F600010AB015
:1009F000BDEC028B01B0BDE8F04F0BF037BB4720D8
:100A00000BF0FCFA40F200054FF48044C2F20005FE
:100A10000BF0CDFA013C45F8040BF9D140F240450A
:100A20004FF48044C2F201250BF0C1FA013C45F8B5
:100A3000040BF9D140F240054FF48044C2F2002586
:100A40000BF0B5FA013C45F8040BF9D14EF2000168
:100A5000CEF20101086820F004000860BFF34F8F58
:100A6000BFF36F8F086801900198400700F1A380E1
:100A70004EF68057CEF2000757F86C0CC0032FD407
:100A800000207860BFF34F8F396843F6E073C1F3FD
:100A90004E30CA08C1F3C9014E1C9107420100BF84
:100AA00002EA030546F001E00D4400BF00BF00BFAD
:100AB000C7F8E05105F140450FF007C00028A0F14C
:100AC0000100A2F12002EBD1BFF34F8F57F86C0C5D
:100AD00040F4803047F86C0CBFF34F8FBFF36F8F3B
:100AE0004EF2DA70C0F2002008F0FEFE00207860BE
:100AF000BFF34F8F396843F6E073C1F34E30CA0835
:100B0000C1F3C9014E1C9107420100BF00BF00BFE5
:100B100002EA030546F001E00D4400BF00BF00BF3C
:100B2000C7F8E05105F140450FF007C00028A0F1DB
:100B30000100A2F12002EBD1BFF34F8FBFF36F8F03
:100B400008F096F80DF1100ACAE9000108F090F8D3
:100B500008F05AF908AC4FF4803EC4E9000140F2B5
:100B6000000040F20001C6F60100C2F2000100BF21
:100B700011F8012B00F8012B0FF007C008F078F8EE
:100B80000DF10808C8E9000108F072F808F03CF916
:100B90000DF1180BCBE90001D4E90001DBE90023DA
:100BA0005940504008430CD14FF24640C0F200205B
:100BB00008F09AFE47E04EF2E860C0F2002003F031
:100BC0003BBFDBE90001D4E90023801A99410AF018
:100BD000F1FE00EE100A9FED981A81EE000A9FEDDB
:100BE000971A4EF6605020EE010A9FED951AC0F25A
:100BF000002020EE010A20EE018A0BF037FAD8E936
:100C00000001DAE90023821A4EF6FD4061EB03038E
:100C1000C0F200200BF02AFADBE90001D4E900233E
:100C2000821A4EF2FA7061EB0303C0F200200BF05F
:100C30001DFAB7EEC80A4FF24410C0F2002053EC80
:100C4000102B0BF013FA00207860BFF34F8F396838
:100C500043F6E073C1F34E30CA08C1F3C9014E1C1C
:100C60009107420100BF00BF02EA030546F001E020
:100C70000D4400BF00BF00BFC7F8E05105F140457B
:100C80000FF007C00028A0F10100A2F12002EBD173
:100C9000BFF34F8FBFF36F8F07F0EAFF08F0B4F890
:100CA000C4E9000107F0E4FFCAE900014FF4004E77
:100CB00040F2000040F20001C6F60100C2F200015D
:100CC00031F8022B20F8022B0FF007C007F0D0FFFD
:100CD000C8E9000107F0CCFF08F096F8CBE9000165
:100CE000D4E90001DBE9002359405040084306D114
:100CF0004FF24640C0F2002008F0F6FD41E0DBE98B
:100D00000001D4E90023801A99410AF053FE00EE55
:100D1000100A9FED491A81EE000A9FED481A4EF223
:100D2000E75020EE010A9FED461AC0F2002020EEA7
:100D3000010A20EE018A0BF099F9D8E90001DAE9FD
:100D40000023821A4EF6FD4061EB0303C0F200203F
:100D50000BF08CF9DBE90001D4E90023821A4EF292
:100D6000FA7061EB0303C0F200200BF07FF9B7EEDD
:100D7000C80A4FF24410C0F2002053EC102B0BF0C5
:100D800075F900207860BFF34F8F396843F6E07340
:100D9000C1F34E30CA08C1F3C9014E1C910742018C
:100DA00002EA030546F001E00D4400BF00BF00BFAA
:100DB000C7F8E05105F140450FF007C00028A0F149
:100DC0000100A2F12002EBD1BFF34F8FBFF36F8F71
:100DD00007F04EFF08F018F8C4E9000107F048FFDB
:100DE000CAE900014FF4804E40F2000040F20001D9
:100DF000C6F60100C2F2000151F8042B40F8042BA2
:100E00000FF007C007F034FFC8E9000107F030FF1A
:100E100007F0FAFFCBE90001D4E90001DBE9002388
:100E20005940504008430DD14FF24640C0F20020D7
:100E300008F05AFD48E000BF0000804700247449D4
:100E40000000803ADBE90001D4E90023801A9941CF
:100E50000AF0B0FD00EE100A1FED091A81EE000A3B
:100E60001FED0A1A4FF25F7020EE010A1FED0C1AF7
:100E7000C0F2002020EE010A20EE018A0BF0F6F805
:100E8000D8E90001DAE90023821A4EF6FD4061EB51
:100E90000303C0F200200BF0E9F8DBE90001D4E91C
:100EA0000023821A4EF2FA7061EB0303C0F20020B5
:100EB0000BF0DCF8B7EEC80A4FF24410C0F2002085
:100EC00053EC102B0BF0D2F800207860BFF34F8F5B
:100ED000396843F6E073C1F34E30CA08C1F3C90163
:100EE0004E1C9107420100BF02EA030546F001E0F3
:100EF0000D4400BF00BF00BFC7F8E05105F14045F9
:100F00000FF007C00028A0F10100A2F12002EBD1F0
:100F1000BFF34F8FBFF36F8F07F0AAFE07F074FF88
:100F2000C4E9000107F0A4FECAE900014FF4005E25
:100F300040F2000040F20001C6F60100C2F20001DA
:100F4000F1E80223E0E802230FF007C007F090FE6B
:100F5000C8E9000107F08CFE07F056FFCBE900015D
:100F6000D4E90001DBE9002359405040084306D191
:100F70004FF24640C0F2002008F0B6FC41E0DBE949
:100F80000001D4E90023801A99410AF013FD00EE14
:100F9000100A1FED571A81EE000A1FED581A4EF67F
:100FA000266020EE010A1FED5A1AC0F2002020EE42
:100FB000010A20EE018A0BF059F8D8E90001DAE9BC
:100FC0000023821A4EF6FD4061EB0303C0F20020BD
:100FD0000BF04CF8DBE90001D4E90023821A4EF251
:100FE000FA7061EB0303C0F200200BF03FF8B7EE9C
:100FF000C80A4FF24410C0F2002053EC102B0BF043
:1010000035F800207860BFF34F8F396843F6E073FE
:10101000C1F34E30CA08C1F3C9014E1C9107420109
:1010200002EA030546F001E00D4400BF00BF00BF27
:10103000C7F8E05105F140450FF007C00028A0F1C6
:101040000100A2F12002EBD1BFF34F8FBFF36F8FEE
:1010500007F00EFE07F0D8FEC4E9000107F008FE15
:10106000CAE900014FF4803E40F2000040F2000166
:10107000C6F60000C2F2000111F8012B00F8012BA6
:101080000FF007C007F0F4FDC8E9000107F0F0FD1C
:1010900007F0BAFECBE90001D4E90001DBE9002347
:1010A00059405040084306D14FF24640C0F200205C
:1010B00008F01AFC41E0DBE90001D4E90023801AC2
:1010C00099410AF077FC00EE100A1FEDA51A81EE97
:1010D000000A1FEDA61A4FF2753020EE010A1FED2F
:1010E000A81AC0F2002020EE010A20EE018A0AF0C0
:1010F000BDFFD8E90001DAE90023821A4EF6FD406F
:1011000061EB0303C0F200200AF0B0FFDBE900014D
:10111000D4E90023821A4EF2FA7061EB0303C0F2A5
:1011200000200AF0A3FFB7EEC80A4FF24410C0F245
:10113000002053EC102B0AF099FF00207860BFF3D9
:101140004F8F396843F6E073C1F34E30CA08C1F3DC
:10115000C9014E1C9107420102EA030546F001E075
:101160000D4400BF00BF00BFC7F8E05105F1404586
:101170000FF007C00028A0F10100A2F12002EBD17E
:10118000BFF34F8FBFF36F8F07F072FD07F03CFE88
:10119000C4E9000107F06CFDCAE900014FF4004EFC
:1011A00040F2000040F20001C6F60000C2F2000169
:1011B00031F8022B20F8022B0FF007C007F058FD82
:1011C000C8E9000107F054FD07F01EFECBE900015D
:1011D000D4E90001DBE9002359405040084306D11F
:1011E0004FF24640C0F2002008F07EFB41E0DBE910
:1011F0000001D4E90023801A99410AF0DBFB00EEDC
:10120000100A9FED971A81EE000A9FED961A4FF291
:10121000BB4020EE010A9FED941AC0F2002020EEA0
:10122000010A20EE018A0AF021FFD8E90001DAE97B
:101230000023821A4EF6FD4061EB0303C0F200204A
:101240000AF014FFDBE90001D4E90023821A4EF210
:10125000FA7061EB0303C0F200200AF007FFB7EE5B
:10126000C80A4FF24410C0F2002053EC102B0AF0D1
:10127000FDFE00207860BFF34F8F396843F6E073BE
:10128000C1F34E30CA08C1F3C9014E1C9107420197
:1012900002EA030546F001E00D4400BF00BF00BFB5
:1012A000C7F8E05105F140450FF007C00028A0F154
:1012B0000100A2F12002EBD1BFF34F8FBFF36F8F7C
:1012C00007F0D6FC07F0A0FDC4E9000107F0D0FC50
:1012D000CAE900014FF4804E40F2000040F20001E4
:1012E000C6F60000C2F2000151F8042B40F8042BAE
:1012F0000FF007C007F0BCFCC8E9000107F0B8FC1C
:1013000007F082FDCBE90001D4E90001DBE900230D
:1013100059405040084306D14FF24640C0F20020E9
:1013200008F0E2FA41E0DBE90001D4E90023801A89
:1013300099410AF03FFB00EE100A9FED491A81EE39
:10134000000A9FED481A4EF28A7020EE010A9FEDC6
:10135000461AC0F2002020EE010A20EE018A0AF0AF
:1013600085FED8E90001DAE90023821A4EF6FD4035
:1013700061EB0303C0F200200AF078FEDBE9000114
:10138000D4E90023821A4EF2FA7061EB0303C0F233
:1013900000200AF06BFEB7EEC80A4FF24410C0F20C
:1013A000002053EC102B0AF061FE00207860BFF3A0
:1013B0004F8F396843F6E073C1F34E30CA08C1F36A
:1013C000C9014E1C9107420102EA030546F001E003
:1013D0000D4400BF00BF00BFC7F8E05105F1404514
:1013E0000FF007C00028A0F10100A2F12002EBD10C
:1013F000BFF34F8FBFF36F8F07F03AFC07F004FD88
:10140000C4E9000107F034FCCAE900014FF4005EB2
:1014100040F2000140F20000C2F20001C6F60000F6
:10142000F1E80223E0E802230FF007C007F020FCF8
:10143000C8E9000107F01CFC07F0E6FCCBE900015D
:10144000D4E90001DBE900235940504008430DD1A5
:101450004FF24640C0F2002008F046FA48E000BFD4
:1014600000008047002474490000803ADBE9000155
:10147000D4E90023801A99410AF09CFA00EE100A80
:101480001FED091A81EE000A1FED0A1A4FF285506E
:1014900020EE010A1FED0C1AC0F2002020EE010A16
:1014A00020EE018A0AF0E2FDD8E90001DAE9002322
:1014B000821A4EF6FD4061EB0303C0F200200AF0F1
:1014C000D5FDDBE90001D4E90023821A4EF2FA705F
:1014D00061EB0303C0F200200AF0C8FDB7EEC80AB2
:1014E0004FF24410C0F2002053EC102B0AF0BEFD66
:1014F00000207860BFF34F8F396843F6E073C1F383
:101500004E30CA08C1F3C9014E1C9107420100BF09
:1015100002EA030546F001E00D4400BF00BF00BF32
:10152000C7F8E05105F140450FF007C00028A0F1D1
:101530000100A2F12002EBD1BFF34F8FBFF36F8FF9
:1015400007F096FB07F060FCC4E9000107F090FB90
:10155000CAE900014FF4803E40F2000040F24041F1
:10156000C6F60100C2F2012111F8012B00F8012B8F
:101570000FF007C007F07CFBC8E9000107F078FB1B
:1015800007F042FCCBE90001D4E90001DBE90023CC
:1015900059405040084306D14FF24640C0F2002067
:1015A00008F0A2F941E0DBE90001D4E90023801A48
:1015B00099410AF0FFF900EE100A1FED571A81EE6B
:1015C000000A1FED581A4FF69B0020EE010A1FED8E
:1015D0005A1AC0F2002020EE010A20EE018A0AF019
:1015E00045FDD8E90001DAE90023821A4EF6FD40F4
:1015F00061EB0303C0F200200AF038FDDBE90001D3
:10160000D4E90023821A4EF2FA7061EB0303C0F2B0
:1016100000200AF02BFDB7EEC80A4FF24410C0F2CA
:10162000002053EC102B0AF021FD00207860BFF35E
:101630004F8F396843F6E073C1F34E30CA08C1F3E7
:10164000C9014E1C9107420102EA030546F001E080
:101650000D4400BF00BF00BFC7F8E05105F1404591
:101660000FF007C00028A0F10100A2F12002EBD189
:10167000BFF34F8FBFF36F8F07F0FAFA07F0C4FB89
:10168000C4E9000107F0F4FACAE900014FF4004E82
:1016900040F2000040F24041C6F60100C2F20121D2
:1016A00031F8022B20F8022B0FF007C007F0E0FA08
:1016B000C8E9000107F0DCFA07F0A6FBCBE900015E
:1016C000D4E90001DBE9002359405040084306D12A
:1016D0004FF24640C0F2002008F006F941E0DBE995
:1016E0000001D4E90023801A99410AF063F900EE61
:1016F000100A1FEDA51A81EE000A1FEDA61A4EF67C
:10170000582020EE010A1FEDA81AC0F2002020EE9A
:10171000010A20EE018A0AF0A9FCD8E90001DAE901
:101720000023821A4EF6FD4061EB0303C0F2002055
:101730000AF09CFCDBE90001D4E90023821A4EF296
:10174000FA7061EB0303C0F200200AF08FFCB7EEE1
:10175000C80A4FF24410C0F2002053EC102B0AF0DC
:1017600085FC00207860BFF34F8F396843F6E07343
:10177000C1F34E30CA08C1F3C9014E1C91074201A2
:1017800002EA030546F001E00D4400BF00BF00BFC0
:10179000C7F8E05105F140450FF007C00028A0F15F
:1017A0000100A2F12002EBD1BFF34F8FBFF36F8F87
:1017B00007F05EFA07F028FBC4E9000107F058FAC9
:1017C000CAE900014FF4804E40F2000040F240416F
:1017D000C6F60100C2F2012151F8042B40F8042B97
:1017E0000FF007C007F044FAC8E9000107F040FA1B
:1017F00007F00AFBCBE90001D4E90001DBE9002393
:1018000059405040084306D14FF24640C0F20020F4
:1018100008F06AF841E0DBE90001D4E90023801A0E
:1018200099410AF0C7F800EE100A9FED971A81EE71
:10183000000A9FED961A4FF6EB0020EE010A9FED8D
:10184000941AC0F2002020EE010A20EE018A0AF06C
:101850000DFCD8E90001DAE90023821A4EF6FD40BA
:1018600061EB0303C0F200200AF000FCDBE9000199
:10187000D4E90023821A4EF2FA7061EB0303C0F23E
:1018800000200AF0F3FBB7EEC80A4FF24410C0F292
:10189000002053EC102B0AF0E9FB00207860BFF326
:1018A0004F8F396843F6E073C1F34E30CA08C1F375
:1018B000C9014E1C9107420102EA030546F001E00E
:1018C0000D4400BF00BF00BFC7F8E05105F140451F
:1018D0000FF007C00028A0F10100A2F12002EBD117
:1018E000BFF34F8FBFF36F8F07F0C2F907F08CFA89
:1018F000C4E9000107F0BCF9CAE900014FF4005E39
:1019000040F2000040F24041C6F60100C2F201215F
:10191000F1E80223E0E802230FF007C007F0A8F97E
:10192000C8E9000107F0A4F907F06EFACBE900015D
:10193000D4E90001DBE9002359405040084306D1B7
:101940004FF24640C0F2002007F0CEFF41E0DBE955
:101950000001D4E90023801A99410AF02BF800EE27
:10196000100A9FED491A81EE000A9FED481A4EF6C3
:10197000B91020EE010A9FED461AC0F2002020EEB9
:10198000010A20EE018A0AF071FBD8E90001DAE9C8
:101990000023821A4EF6FD4061EB0303C0F20020E3
:1019A0000AF064FBDBE90001D4E90023821A4EF25D
:1019B000FA7061EB0303C0F200200AF057FBB7EEA8
:1019C000C80A4FF24410C0F2002053EC102B0AF06A
:1019D0004DFB00207860BFF34F8F396843F6E0730A
:1019E000C1F34E30CA08C1F3C9014E1C9107420130
:1019F00002EA030546F001E00D4400BF00BF00BF4E
:101A0000C7F8E05105F140450FF007C00028A0F1EC
:101A10000100A2F12002EBD1BFF34F8FBFF36F8F14
:101A200007F026F907F0F0F9C4E9000107F020F902
:101A3000CAE900014FF4803E40F2000040F240410C
:101A4000C6F60000C2F2012111F8012B00F8012BAB
:101A50000FF007C007F00CF9C8E9000107F008F91A
:101A600007F0D2F9CBE90001D4E90001DBE900235A
:101A70005940504008430DD14FF24640C0F200207B
:101A800007F032FF48E000BF00008047002474499F
:101A90000000803ADBE90001D4E90023801A994173
:101AA00009F088FF00EE100A1FED091A81EE000A06
:101AB0001FED0A1A4EF6766020EE010A1FED0C1A91
:101AC000C0F2002020EE010A20EE018A0AF0CEFAD0
:101AD000D8E90001DAE90023821A4EF6FD4061EBF5
:101AE0000303C0F200200AF0C1FADBE90001D4E9E7
:101AF0000023821A4EF2FA7061EB0303C0F2002059
:101B00000AF0B4FAB7EEC80A4FF24410C0F200204F
:101B100053EC102B0AF0AAFA00207860BFF34F8F25
:101B2000396843F6E073C1F34E30CA08C1F3C90106
:101B30004E1C9107420100BF02EA030546F001E096
:101B40000D4400BF00BF00BFC7F8E05105F140459C
:101B50000FF007C00028A0F10100A2F12002EBD194
:101B6000BFF34F8FBFF36F8F07F082F807F04CF988
:101B7000C4E9000107F07CF8CAE900014FF4004E07
:101B800040F2000040F24041C6F60000C2F20121DE
:101B900031F8022B20F8022B0FF007C007F068F88D
:101BA000C8E9000107F064F807F02EF9CBE900015D
:101BB000D4E90001DBE9002359405040084306D135
:101BC0004FF24640C0F2002007F08EFE41E0DBE914
:101BD0000001D4E90023801A994109F0EBFE00EEE0
:101BE000100A1FED571A81EE000A1FED581A4FF226
:101BF0006E0020EE010A1FED5A1AC0F2002020EEFE
:101C0000010A20EE018A0AF031FAD8E90001DAE986
:101C10000023821A4EF6FD4061EB0303C0F2002060
:101C20000AF024FADBE90001D4E90023821A4EF21B
:101C3000FA7061EB0303C0F200200AF017FAB7EE66
:101C4000C80A4FF24410C0F2002053EC102B0AF0E7
:101C50000DFA00207860BFF34F8F396843F6E073C8
:101C6000C1F34E30CA08C1F3C9014E1C91074201AD
:101C700002EA030546F001E00D4400BF00BF00BFCB
:101C8000C7F8E05105F140450FF007C00028A0F16A
:101C90000100A2F12002EBD1BFF34F8FBFF36F8F92
:101CA00006F0E6FF07F0B0F8C4E9000106F0E0FF37
:101CB000CAE900014FF4804E40F2000040F240417A
:101CC000C6F60000C2F2012151F8042B40F8042BA3
:101CD0000FF007C006F0CCFFC8E9000106F0C8FF0E
:101CE00007F092F8CBE90001D4E90001DBE9002319
:101CF00059405040084306D14FF24640C0F2002000
:101D000007F0F2FD41E0DBE90001D4E90023801A8D
:101D1000994109F04FFE00EE100A1FEDA51A81EE61
:101D2000000A1FEDA61A4EF2964020EE010A1FEDA2
:101D3000A81AC0F2002020EE010A20EE018A0AF063
:101D400095F9D8E90001DAE90023821A4EF6FD4040
:101D500061EB0303C0F200200AF088F9DBE900011F
:101D6000D4E90023821A4EF2FA7061EB0303C0F249
:101D700000200AF07BF9B7EEC80A4FF24410C0F217
:101D8000002053EC102B0AF071F900207860BFF3AB
:101D90004F8F396843F6E073C1F34E30CA08C1F380
:101DA000C9014E1C9107420102EA030546F001E019
:101DB0000D4400BF00BF00BFC7F8E05105F140452A
:101DC0000FF007C00028A0F10100A2F12002EBD122
:101DD000BFF34F8FBFF36F8F06F04AFF07F014F881
:101DE000C4E9000106F044FFCAE900014FF4005EB7
:101DF00040F2404140F20000C2F20121C6F600006C
:101E0000F1E80223E0E802230FF007C006F030FFFC
:101E1000C8E9000106F02CFF06F0F6FFCBE900014F
:101E2000D4E90001DBE9002359405040084306D1C2
:101E30004FF24640C0F2002007F056FD41E0DBE9DA
:101E40000001D4E90023801A994109F0B3FD00EEA6
:101E5000100A9FED971A81EE000A9FED961A4FF235
:101E6000BE0020EE010A9FED941AC0F2002020EE81
:101E7000010A20EE018A0AF0F9F8D8E90001DAE94E
:101E80000023821A4EF6FD4061EB0303C0F20020EE
:101E90000AF0ECF8DBE90001D4E90023821A4EF2E3
:101EA000FA7061EB0303C0F200200AF0DFF8B7EE2E
:101EB000C80A4FF24410C0F2002053EC102B0AF075
:101EC000D5F800207860BFF34F8F396843F6E07390
:101ED000C1F34E30CA08C1F3C9014E1C910742013B
:101EE00002EA030546F001E00D4400BF00BF00BF59
:101EF000C7F8E05105F140450FF007C00028A0F1F8
:101F00000100A2F12002EBD1BFF34F8FBFF36F8F1F
:101F100006F0AEFE06F078FFC4E9000106F0A8FE68
:101F2000CAE900014FF4803E40F2000040F2400157
:101F3000C6F60100C2F2002111F8012B00F8012BB6
:101F40000FF007C006F094FEC8E9000106F090FE0D
:101F500006F05AFFCBE90001D4E90001DBE90023D8
:101F600059405040084306D14FF24640C0F200208D
:101F700007F0BAFC41E0DBE90001D4E90023801A54
:101F8000994109F017FD00EE100A9FED491A81EE04
:101F9000000A9FED481A4EF2CE2020EE010A9FED76
:101FA000461AC0F2002020EE010A20EE018A0AF053
:101FB0005DF8D8E90001DAE90023821A4EF6FD4007
:101FC00061EB0303C0F200200AF050F8DBE90001E6
:101FD000D4E90023821A4EF2FA7061EB0303C0F2D7
:101FE00000200AF043F8B7EEC80A4FF24410C0F2DE
:101FF000002053EC102B0AF039F800207860BFF372
:102000004F8F396843F6E073C1F34E30CA08C1F30D
:10201000C9014E1C9107420102EA030546F001E0A6
:102020000D4400BF00BF00BFC7F8E05105F14045B7
:102030000FF007C00028A0F10100A2F12002EBD1AF
:10204000BFF34F8FBFF36F8F06F012FE06F0DCFE7A
:10205000C4E9000106F00CFECAE900014FF4004E8D
:1020600040F2000040F24001C6F60100C2F2002139
:1020700031F8022B20F8022B0FF007C006F0F8FD14
:10208000C8E9000106F0F4FD06F0BEFECBE9000150
:10209000D4E90001DBE900235940504008430DD149
:1020A0004FF24640C0F2002007F01EFC48E000BF9F
:1020B00000008047002474490000803ADBE90001F9
:1020C000D4E90023801A994109F074FC00EE100A4B
:1020D0001FED091A81EE000A1FED0A1A4EF2376051
:1020E00020EE010A1FED0C1AC0F2002020EE010ABA
:1020F00020EE018A09F0BAFFD8E90001DAE90023ED
:10210000821A4EF6FD4061EB0303C0F2002009F095
:10211000ADFFDBE90001D4E90023821A4EF2FA7028
:1021200061EB0303C0F2002009F0A0FFB7EEC80A7C
:102130004FF24410C0F2002053EC102B09F096FF30
:1021400000207860BFF34F8F396843F6E073C1F326
:102150004E30CA08C1F3C9014E1C9107420100BFAD
:1021600002EA030546F001E00D4400BF00BF00BFD6
:10217000C7F8E05105F140450FF007C00028A0F175
:102180000100A2F12002EBD1BFF34F8FBFF36F8F9D
:1021900006F06EFD06F038FEC4E9000106F068FDA9
:1021A000CAE900014FF4804E40F2000040F24001C5
:1021B000C6F60100C2F2002151F8042B40F8042BAE
:1021C0000FF007C006F054FDC8E9000106F050FD0D
:1021D00006F01AFECBE90001D4E90001DBE9002397
:1021E00059405040084306D14FF24640C0F200200B
:1021F00007F07AFB41E0DBE90001D4E90023801A13
:10220000994109F0D7FB00EE100A1FED571A81EE35
:10221000000A1FED581A4EF6594020EE010A1FED34
:102220005A1AC0F2002020EE010A20EE018A09F0BD
:102230001DFFD8E90001DAE90023821A4EF6FD40BD
:1022400061EB0303C0F2002009F010FFDBE900019D
:10225000D4E90023821A4EF2FA7061EB0303C0F254
:10226000002009F003FFB7EEC80A4FF24410C0F295
:10227000002053EC102B09F0F9FE00207860BFF32A
:102280004F8F396843F6E073C1F34E30CA08C1F38B
:10229000C9014E1C9107420102EA030546F001E024
:1022A0000D4400BF00BF00BFC7F8E05105F1404535
:1022B0000FF007C00028A0F10100A2F12002EBD12D
:1022C000BFF34F8FBFF36F8F06F0D2FC06F09CFD7B
:1022D000C4E9000106F0CCFCCAE900014FF4005E3D
:1022E00040F2000140F24000C6F60101C2F20020B7
:1022F000F0E80223E1E802230FF007C006F0B8FC83
:10230000C8E9000106F0B4FC06F07EFDCBE900014F
:10231000D4E90001DBE9002359405040084306D1CD
:102320004FF24640C0F2002007F0DEFA41E0DBE960
:102330000001D4E90023801A994109F03BFB00EE2B
:10234000100A1FEDA51A81EE000A1FEDA61A4EF61F
:10235000AD3020EE010A1FEDA81AC0F2002020EED9
:10236000010A20EE018A09F081FED8E90001DAE9CC
:102370000023821A4EF6FD4061EB0303C0F20020F9
:1023800009F074FEDBE90001D4E90023821A4EF261
:10239000FA7061EB0303C0F2002009F067FEB7EEAC
:1023A000C80A4FF24410C0F2002053EC102B09F081
:1023B0005DFE00207860BFF34F8F396843F6E0730D
:1023C000C1F34E30CA08C1F3C9014E1C9107420146
:1023D00002EA030546F001E00D4400BF00BF00BF64
:1023E000C7F8E05105F140450FF007C00028A0F103
:1023F0000100A2F12002EBD1BFF34F8FBFF36F8F2B
:1024000006F036FC06F000FDC4E9000106F030FCE1
:10241000CAE900014FF4803E40F2000040F2400162
:10242000C6F60000C2F2002111F8012B00F8012BC2
:102430000FF007C006F01CFCC8E9000106F018FC0C
:1024400006F0E2FCCBE90001D4E90001DBE900235E
:1024500059405040084306D14FF24640C0F2002098
:1024600007F042FA41E0DBE90001D4E90023801AD9
:10247000994109F09FFA00EE100A9FED971A81EE3C
:10248000000A9FED961A4FF2796020EE010A9FED47
:10249000941AC0F2002020EE010A20EE018A09F011
:1024A000E5FDD8E90001DAE90023821A4EF6FD4085
:1024B00061EB0303C0F2002009F0D8FDDBE9000165
:1024C000D4E90023821A4EF2FA7061EB0303C0F2E2
:1024D000002009F0CBFDB7EEC80A4FF24410C0F25D
:1024E000002053EC102B09F0C1FD00207860BFF3F1
:1024F0004F8F396843F6E073C1F34E30CA08C1F319
:10250000C9014E1C9107420102EA030546F001E0B1
:102510000D4400BF00BF00BFC7F8E05105F14045C2
:102520000FF007C00028A0F10100A2F12002EBD1BA
:10253000BFF34F8FBFF36F8F06F09AFB06F064FC7A
:10254000C4E9000106F094FBCAE900014FF4004E13
:1025500040F2000040F24001C6F60000C2F2002145
:1025600031F8022B20F8022B0FF007C006F080FB99
:10257000C8E9000106F07CFB06F046FCCBE900014F
:10258000D4E90001DBE9002359405040084306D15B
:102590004FF24640C0F2002007F0A6F941E0DBE927
:1025A0000001D4E90023801A994109F003FA00EEF2
:1025B000100A9FED491A81EE000A9FED481A4EF26B
:1025C000E64020EE010A9FED461AC0F2002020EE00
:1025D000010A20EE018A09F049FDD8E90001DAE993
:1025E0000023821A4EF6FD4061EB0303C0F2002087
:1025F00009F03CFDDBE90001D4E90023821A4EF228
:10260000FA7061EB0303C0F2002009F02FFDB7EE72
:10261000C80A4FF24410C0F2002053EC102B09F00E
:1026200025FD00207860BFF34F8F396843F6E073D3
:10263000C1F34E30CA08C1F3C9014E1C91074201D3
:1026400002EA030546F001E00D4400BF00BF00BFF1
:10265000C7F8E05105F140450FF007C00028A0F190
:102660000100A2F12002EBD1BFF34F8FBFF36F8FB8
:1026700006F0FEFA06F0C8FBC4E9000106F0F8FA1D
:10268000CAE900014FF4804E40F2000040F24001E0
:10269000C6F60000C2F2002151F8042B40F8042BCA
:1026A0000FF007C006F0E4FAC8E9000106F0E0FA0E
:1026B00006F0AAFBCBE90001D4E90001DBE9002325
:1026C0005940504008430DD14FF24640C0F200201F
:1026D00007F00AF948E000BF000080470024744971
:1026E0000000803ADBE90001D4E90023801A994117
:1026F00009F060F900EE100A1FED091A81EE000AD8
:102700001FED0A1A4EF6A82020EE010A1FED0C1A42
:10271000C0F2002020EE010A20EE018A09F0A6FC9A
:10272000D8E90001DAE90023821A4EF6FD4061EB98
:102730000303C0F2002009F099FCDBE90001D4E9B1
:102740000023821A4EF2FA7061EB0303C0F20020FC
:1027500009F08CFCB7EEC80A4FF24410C0F200201A
:1027600053EC102B09F082FC00207860BFF34F8FF0
:10277000396843F6E073C1F34E30CA08C1F3C901AA
:102780004E1C9107420100BF02EA030546F001E03A
:102790000D4400BF00BF00BFC7F8E05105F1404540
:1027A0000FF007C00028A0F10100A2F12002EBD138
:1027B000BFF34F8FBFF36F8F06F05AFA06F024FB7A
:1027C000C4E9000106F054FACAE900014FF4005EC2
:1027D00040F2000040F24001C6F60000C2F20021C3
:1027E000F1E80223E0E802230FF007C006F040FA08
:1027F000C8E9000106F03CFA06F006FBCBE900014F
:10280000D4E90001DBE9002359405040084306D1D8
:102810004FF24640C0F2002007F066F841E0DBE9E5
:102820000001D4E90023801A994109F0C3F800EEB1
:10283000100A1FED571A81EE000A1FED581A4EF2CA
:10284000FE6020EE010A1FED5A1AC0F2002020EEB1
:10285000010A20EE018A09F009FCD8E90001DAE951
:102860000023821A4EF6FD4061EB0303C0F2002004
:1028700009F0FCFBDBE90001D4E90023821A4EF2E7
:10288000FA7061EB0303C0F2002009F0EFFBB7EE32
:10289000C80A4FF24410C0F2002053EC102B09F08C
:1028A000E5FB96204FF47A7108F00EFD4FF0D04012
:1028B0004FF0007109F085FA96204FF47A7108F014
:1028C00003FD4FF0D0404FF0007109F07AFAC820B4
:1028D0004FF47A7108F0F8FC4EF6B050C0F20020C8
:1028E00007F002F800207860BFF34F8F396843F695
:1028F000E073C1F34E30CA08C1F3C9014E1C910701
:10290000420100BF00BF00BF02EA030546F001E03C
:102910000D4400BF00BF00BFC7F8E05105F14045BE
:102920000FF007C00028A0F10100A2F12002EBD1B6
:1029300040F2705840F21009C2F20228C2F2002997
:10294000BFF34F8FBFF36F8F002088F8000008207F
:10295000A9F80C004FF48060A9F80E0040F20000C6
:10296000C6F60100C9F8080040F20000C2F20000FB
:1029700000F1006000F50030C9F80400D9F800004B
:1029800040F04050C9F8000006F072F906F03CFA39
:1029900008AAC2E9000106F06BF94FF6E022CAE985
:1029A0000001C0F20022D2E9004A2046514607F059
:1029B0008FFF2046494607F0CBFF204608F008F875
:1029C0000121204608F020F898F8000008B900BF5F
:1029D000FAE706F04DF902AEC6E9000106F048F943
:1029E00006F012FACBE90001204608F035F808ADF0
:1029F000D5E90001DBE9002359405040084306D1E6
:102A00004FF24640C0F2002006F06EFF42E0DBE9E4
:102A10000001D5E90023801A994108F0CBFF00EEB0
:102A2000100A1FEDD31A81EE000A1FEDD41A4EF6DC
:102A30004F7020EE010A1FEDD61AC0F2002020EEE2
:102A4000010A20EE018A09F011FB04AAD6E900016F
:102A5000D2E90023821A4EF6FD4061EB0303C0F277
:102A6000002009F003FBDBE90001D5E90023821A0D
:102A70004EF2FA7061EB0303C0F2002009F0F6FA9F
:102A8000B7EEC80A4FF24410C0F2002053EC102BEE
:102A900009F0ECFA00207860BFF34F8F396843F6F5
:102AA000E073C1F34E30CA08C1F3C9014E1C91074F
:102AB000420100BF00BF00BF02EA030546F001E08B
:102AC0000D4400BF00BF00BFC7F8E05105F140450D
:102AD0000FF007C00028A0F10100A2F12002EBD105
:102AE000BFF34F8FBFF36F8F002088F800000820DE
:102AF000A9F80C004FF48060A9F80E0040F2000025
:102B0000C6F60100C9F8080040F24040C2F20120B8
:102B1000C9F80400D9F8000040F04050C9F800009E
:102B200006F0A6F806F070F908AAC2E9000106F05E
:102B30009FF804AAC2E900012046514607F0C8FEEA
:102B40002046494607F004FF204607F041FF0121D7
:102B5000204607F059FF00BF98F8000008B900BFF1
:102B6000FAE706F085F80DF10809C9E9000106F059
:102B70007FF806F049F9CBE90001204607F06CFF29
:102B80000DF12008D8E90001DBE90023594050404D
:102B9000084307D14FF24640C0F2002006F0A4FEE1
:102BA00004AC42E0DBE90001D8E90023801A994136
:102BB00008F000FF00EE100A9FEDD91A81EE000A1E
:102BC0009FEDD81A4EF6BF5020EE010A9FEDD61A9F
:102BD000C0F2002020EE010A20EE018A09F046FA38
:102BE00004ACD9E90001D4E90023821A4EF6FD4075
:102BF00061EB0303C0F2002009F038FADBE90001C1
:102C0000D8E90023821A4EF2FA7061EB0303C0F296
:102C1000002009F02BFAB7EEC80A4FF24410C0F2B8
:102C2000002053EC102B09F021FA00207860BFF34C
:102C30004F8F57F86C0C43F6E07320F4803047F860
:102C40006C0CBFF34F8F3968C1F34E30CA08C1F323
:102C5000C9014E1C9107420102EA030546F001E05A
:102C60000D4400BF00BF00BFC7F8F45105F1404557
:102C70000FF007C00028A0F10100A2F12002EBD163
:102C80004EF20001BFF34F8FCEF20101BFF36F8F01
:102C9000086840F004000860BFF34F8FBFF36F8FE8
:102CA0000868019057F86C0CC00331D4002078609C
:102CB000BFF34F8F396843F6E073C1F34E30CA0853
:102CC000C1F3C9014E1C9107420100BF00BF00BF04
:102CD00002EA030546F001E00D4400BF00BF00BF5B
:102CE000C7F8E05105F140450FF007C00028A0F1FA
:102CF0000100A2F12002EBD1BFF34F8F57F86C0C0B
:102D000040F4803047F86C0CBFF34F8FBFF36F8FE8
:102D10000198400705D44FF26C50C0F2002001F03A
:102D20008BBE4EF2C450C0F2002006F0DDFD002044
:102D30007860BFF34F8F396843F6E073C1F34E30CC
:102D4000CA08C1F3C9014E1C9107420100BF00BF70
:102D500002EA030546F001E00D4400BF00BF00BFDA
:102D6000C7F8E05105F140450FF007C00028A0F179
:102D70000100A2F12002EBD1BFF34F8FBFF36F8FA1
:102D800005F076FFC4E9000105F072FF06F03CF89B
:102D9000C8E900014FF4803E40F2000040F200011B
:102DA000C6F60100C2F2000111F8012B00F8012B58
:102DB0000FF007C005F05CFFC9E9000105F058FFFE
:102DC00006F022F8CBE90001D8E90001DBE9002395
:102DD00059405040084306D14FF24640C0F200200F
:102DE00006F082FD41E0DBE90001D8E90023801A0A
:102DF000994108F0DFFD00EE100A9FED491A81EEBF
:102E0000000A9FED481A4EF6605020EE010A9FED31
:102E1000461AC0F2002020EE010A20EE018A09F0D5
:102E200025F9D9E90001D4E90023821A4EF6FD40C4
:102E300061EB0303C0F2002009F018F9DBE900019F
:102E4000D8E90023821A4EF2FA7061EB0303C0F254
:102E5000002009F00BF9B7EEC80A4FF24410C0F297
:102E6000002053EC102B09F001F900207860BFF32B
:102E70004F8F396843F6E073C1F34E30CA08C1F38F
:102E8000C9014E1C9107420102EA030546F001E028
:102E90000D4400BF00BF00BFC7F8E05105F1404539
:102EA0000FF007C00028A0F10100A2F12002EBD131
:102EB000BFF34F8FBFF36F8F05F0DAFE05F0A4FF6D
:102EC000C8E9000105F0D4FEC4E900014FF4004E4A
:102ED00040F2000040F20001C6F60100C2F200011B
:102EE00031F8022B20F8022B0FF007C005F0C0FECE
:102EF000C9E9000105F0BCFE05F086FFCBE9000141
:102F0000D8E90001DBE900235940504008430DD1C6
:102F10004FF24640C0F2002006F0E6FC48E000BF59
:102F200000008047002474490000803ADBE900017A
:102F3000D8E90023801A994108F03CFD00EE100A00
:102F40001FED091A81EE000A1FED0A1A4EF2E75032
:102F500020EE010A1FED0C1AC0F2002020EE010A3B
:102F600020EE018A09F082F8D9E90001D4E90023B2
:102F7000821A4EF6FD4061EB0303C0F2002009F017
:102F800075F8DBE90001D8E90023821A4EF2FA70E5
:102F900061EB0303C0F2002009F068F8B7EEC80A3D
:102FA0004FF24410C0F2002053EC102B09F05EF8F1
:102FB00000207860BFF34F8F396843F6E073C1F3A8
:102FC0004E30CA08C1F3C9014E1C9107420100BF2F
:102FD00002EA030546F001E00D4400BF00BF00BF58
:102FE000C7F8E05105F140450FF007C00028A0F1F7
:102FF0000100A2F12002EBD1BFF34F8FBFF36F8F1F
:1030000005F036FE05F000FFC8E9000105F030FECE
:10301000C4E900014FF4804E40F2000040F200018C
:10302000C6F60100C2F2000151F8042B40F8042B4F
:103030000FF007C005F01CFEC9E9000105F018FEFD
:1030400005F0E2FECBE90001D8E90001DBE900234D
:1030500059405040084306D14FF24640C0F200208C
:1030600006F042FC41E0DBE90001D8E90023801AC8
:10307000994108F09FFC00EE100A1FED571A81EEEF
:10308000000A1FED581A4FF25F7020EE010A1FED83
:103090005A1AC0F2002020EE010A20EE018A08F040
:1030A000E5FFD9E90001D4E90023821A4EF6FD407C
:1030B00061EB0303C0F2002008F0D8FFDBE9000158
:1030C000D8E90023821A4EF2FA7061EB0303C0F2D2
:1030D000002008F0CBFFB7EEC80A4FF24410C0F250
:1030E000002053EC102B08F0C1FF00207860BFF3E4
:1030F0004F8F396843F6E073C1F34E30CA08C1F30D
:10310000C9014E1C9107420102EA030546F001E0A5
:103110000D4400BF00BF00BFC7F8E05105F14045B6
:103120000FF007C00028A0F10100A2F12002EBD1AE
:10313000BFF34F8FBFF36F8F05F09AFD05F064FE6C
:10314000C8E9000105F094FDC4E900014FF4005EF8
:1031500040F2000040F20001C6F60100C2F2000198
:10316000F1E80223E0E802230FF007C005F080FD3C
:10317000C9E9000105F07CFD05F046FECBE9000140
:10318000D8E90001DBE9002359405040084306D14B
:103190004FF24640C0F2002006F0A6FB41E0DBE91A
:1031A0000001D8E90023801A994108F003FC00EEE1
:1031B000100A1FEDA51A81EE000A1FEDA61A4EF6A1
:1031C000266020EE010A1FEDA81AC0F2002020EEB2
:1031D000010A20EE018A08F049FFD9E90001D4E98B
:1031E0000023821A4EF6FD4061EB0303C0F200207B
:1031F00008F03CFFDBE90001D8E90023821A4EF217
:10320000FA7061EB0303C0F2002008F02FFFB7EE65
:10321000C80A4FF24410C0F2002053EC102B08F003
:1032200025FF00207860BFF34F8F396843F6E073C5
:10323000C1F34E30CA08C1F3C9014E1C91074201C7
:1032400002EA030546F001E00D4400BF00BF00BFE5
:10325000C7F8E05105F140450FF007C00028A0F184
:103260000100A2F12002EBD1BFF34F8FBFF36F8FAC
:1032700005F0FEFC05F0C8FDC8E9000105F0F8FC0A
:10328000C4E900014FF4803E40F2000040F200012A
:10329000C6F60000C2F2000111F8012B00F8012B64
:1032A0000FF007C005F0E4FCC9E9000105F0E0FCFF
:1032B00005F0AAFDCBE90001D8E90001DBE9002314
:1032C00059405040084306D14FF24640C0F200201A
:1032D00006F00AFB41E0DBE90001D8E90023801A8F
:1032E000994108F067FB00EE100A9FED971A81EEF6
:1032F000000A9FED961A4FF2753020EE010A9FEDFD
:10330000941AC0F2002020EE010A20EE018A08F093
:10331000ADFED9E90001D4E90023821A4EF6FD4042
:1033200061EB0303C0F2002008F0A0FEDBE900011E
:10333000D8E90023821A4EF2FA7061EB0303C0F25F
:10334000002008F093FEB7EEC80A4FF24410C0F216
:10335000002053EC102B08F089FE00207860BFF3AA
:103360004F8F396843F6E073C1F34E30CA08C1F39A
:10337000C9014E1C9107420102EA030546F001E033
:103380000D4400BF00BF00BFC7F8E05105F1404544
:103390000FF007C00028A0F10100A2F12002EBD13C
:1033A000BFF34F8FBFF36F8F05F062FC05F02CFD6C
:1033B000C8E9000105F05CFCC4E900014FF4004ECF
:1033C00040F2000040F20001C6F60000C2F2000127
:1033D00031F8022B20F8022B0FF007C005F048FC53
:1033E000C9E9000105F044FC05F00EFDCBE9000140
:1033F000D8E90001DBE9002359405040084306D1D9
:103400004FF24640C0F2002006F06EFA41E0DBE9E0
:103410000001D8E90023801A994108F0CBFA00EEA8
:10342000100A9FED491A81EE000A9FED481A4FF2EB
:10343000BB4020EE010A9FED461AC0F2002020EEAC
:10344000010A20EE018A08F011FED9E90001D4E951
:103450000023821A4EF6FD4061EB0303C0F2002008
:1034600008F004FEDBE90001D8E90023821A4EF2DD
:10347000FA7061EB0303C0F2002008F0F7FDB7EE2D
:10348000C80A4FF24410C0F2002053EC102B08F091
:10349000EDFD00207860BFF34F8F396843F6E0738D
:1034A000C1F34E30CA08C1F3C9014E1C9107420155
:1034B00002EA030546F001E00D4400BF00BF00BF73
:1034C000C7F8E05105F140450FF007C00028A0F112
:1034D0000100A2F12002EBD1BFF34F8FBFF36F8F3A
:1034E00005F0C6FB05F090FCC8E9000105F0C0FB43
:1034F000C4E900014FF4804E40F2000040F20001A8
:10350000C6F60000C2F2000151F8042B40F8042B6B
:103510000FF007C005F0ACFBC9E9000105F0A8FBFE
:1035200005F072FCCBE90001D8E90001DBE90023DA
:103530005940504008430DD14FF24640C0F20020A0
:1035400006F0D2F948E000BF00008047002474492B
:103550000000803ADBE90001D8E90023801A994194
:1035600008F028FA00EE100A1FED091A81EE000A91
:103570001FED0A1A4EF28A7020EE010A1FED0C1A96
:10358000C0F2002020EE010A20EE018A08F06EFD54
:10359000D9E90001D4E90023821A4EF6FD4061EB1F
:1035A0000303C0F2002008F061FDDBE90001D8E967
:1035B0000023821A4EF2FA7061EB0303C0F200207E
:1035C00008F054FDB7EEC80A4FF24410C0F20020D4
:1035D00053EC102B08F04AFD00207860BFF34F8FAA
:1035E000396843F6E073C1F34E30CA08C1F3C9012C
:1035F0004E1C9107420100BF02EA030546F001E0BC
:103600000D4400BF00BF00BFC7F8E05105F14045C1
:103610000FF007C00028A0F10100A2F12002EBD1B9
:10362000BFF34F8FBFF36F8F05F022FB05F0ECFB6C
:10363000C8E9000105F01CFBC4E900014FF4005E7D
:1036400040F2000040F20001C6F60000C2F20001A4
:10365000F1E80223E0E802230FF007C005F008FBC1
:10366000C9E9000105F004FB05F0CEFBCBE9000140
:10367000D8E90001DBE9002359405040084306D156
:103680004FF24640C0F2002006F02EF941E0DBE99F
:103690000001D8E90023801A994108F08BF900EE67
:1036A000100A1FED571A81EE000A1FED581A4FF24B
:1036B000855020EE010A1FED5A1AC0F2002020EEBC
:1036C000010A20EE018A08F0D1FCD9E90001D4E911
:1036D0000023821A4EF6FD4061EB0303C0F2002086
:1036E00008F0C4FCDBE90001D8E90023821A4EF29D
:1036F000FA7061EB0303C0F2002008F0B7FCB7EEEC
:10370000C80A4FF24410C0F2002053EC102B08F00E
:10371000ADFC00207860BFF34F8F396843F6E0734B
:10372000C1F34E30CA08C1F3C9014E1C91074201D2
:1037300002EA030546F001E00D4400BF00BF00BFF0
:10374000C7F8E05105F140450FF007C00028A0F18F
:103750000100A2F12002EBD1BFF34F8FBFF36F8FB7
:1037600005F086FA05F050FBC8E9000105F080FA83
:10377000C4E900014FF4803E40F2000040F24041B5
:10378000C6F60100C2F2012111F8012B00F8012B4D
:103790000FF007C005F06CFAC9E9000105F068FAFE
:1037A00005F032FBCBE90001D8E90001DBE9002399
:1037B00059405040084306D14FF24640C0F2002025
:1037C00006F092F841E0DBE90001D8E90023801A15
:1037D000994108F0EFF800EE100A1FEDA51A81EEEE
:1037E000000A1FEDA61A4FF69B0020EE010A1FEDFE
:1037F000A81AC0F2002020EE010A20EE018A08F08B
:1038000035FCD9E90001D4E90023821A4EF6FD40C7
:1038100061EB0303C0F2002008F028FCDBE90001A3
:10382000D8E90023821A4EF2FA7061EB0303C0F26A
:10383000002008F01BFCB7EEC80A4FF24410C0F29B
:10384000002053EC102B08F011FC00207860BFF32F
:103850004F8F396843F6E073C1F34E30CA08C1F3A5
:10386000C9014E1C9107420102EA030546F001E03E
:103870000D4400BF00BF00BFC7F8E05105F140454F
:103880000FF007C00028A0F10100A2F12002EBD147
:10389000BFF34F8FBFF36F8F05F0EAF905F0B4FA6D
:1038A000C8E9000105F0E4F9C4E900014FF4004E55
:1038B00040F2000040F24041C6F60100C2F2012190
:1038C00031F8022B20F8022B0FF007C005F0D0F9D9
:1038D000C9E9000105F0CCF905F096FACBE9000141
:1038E000D8E90001DBE9002359405040084306D1E4
:1038F0004FF24640C0F2002005F0F6FF41E0DBE960
:103900000001D8E90023801A994108F053F800EE2D
:10391000100A9FED971A81EE000A9FED961A4EF657
:10392000582020EE010A9FED941AC0F2002020EEEC
:10393000010A20EE018A08F099FBD9E90001D4E9D7
:103940000023821A4EF6FD4061EB0303C0F2002013
:1039500008F08CFBDBE90001D8E90023821A4EF263
:10396000FA7061EB0303C0F2002008F07FFBB7EEB2
:10397000C80A4FF24410C0F2002053EC102B08F09C
:1039800075FB00207860BFF34F8F396843F6E07312
:10399000C1F34E30CA08C1F3C9014E1C9107420160
:1039A00002EA030546F001E00D4400BF00BF00BF7E
:1039B000C7F8E05105F140450FF007C00028A0F11D
:1039C0000100A2F12002EBD1BFF34F8FBFF36F8F45
:1039D00005F04EF905F018FAC8E9000105F048F9BC
:1039E000C4E900014FF4804E40F2000040F2404133
:1039F000C6F60100C2F2012151F8042B40F8042B55
:103A00000FF007C005F034F9C9E9000105F030F9FD
:103A100005F0FAF9CBE90001D8E90001DBE9002360
:103A200059405040084306D14FF24640C0F20020B2
:103A300005F05AFF41E0DBE90001D8E90023801AD4
:103A4000994107F0B7FF00EE100A9FED491A81EE89
:103A5000000A9FED481A4FF6EB0020EE010A9FED99
:103A6000461AC0F2002020EE010A20EE018A08F07A
:103A7000FDFAD9E90001D4E90023821A4EF6FD408F
:103A800061EB0303C0F2002008F0F0FADBE900016B
:103A9000D8E90023821A4EF2FA7061EB0303C0F2F8
:103AA000002008F0E3FAB7EEC80A4FF24410C0F263
:103AB000002053EC102B08F0D9FA00207860BFF3F7
:103AC0004F8F396843F6E073C1F34E30CA08C1F333
:103AD000C9014E1C9107420102EA030546F001E0CC
:103AE0000D4400BF00BF00BFC7F8E05105F14045DD
:103AF0000FF007C00028A0F10100A2F12002EBD1D5
:103B0000BFF34F8FBFF36F8F05F0B2F805F07CF96C
:103B1000C8E9000105F0ACF8C4E900014FF4005E0B
:103B200040F2000040F24041C6F60100C2F201211D
:103B3000F1E80223E0E802230FF007C005F098F84F
:103B4000C9E9000105F094F805F05EF9CBE9000140
:103B5000D8E90001DBE900235940504008430DD16A
:103B60004FF24640C0F2002005F0BEFE48E000BF24
:103B700000008047002474490000803ADBE900011E
:103B8000D8E90023801A994107F014FF00EE100ACB
:103B90001FED091A81EE000A1FED0A1A4EF6B91040
:103BA00020EE010A1FED0C1AC0F2002020EE010ADF
:103BB00020EE018A08F05AFAD9E90001D4E900237D
:103BC000821A4EF6FD4061EB0303C0F2002008F0BC
:103BD0004DFADBE90001D8E90023821A4EF2FA70AF
:103BE00061EB0303C0F2002008F040FAB7EEC80A08
:103BF0004FF24410C0F2002053EC102B08F036FABC
:103C000000207860BFF34F8F396843F6E073C1F34B
:103C10004E30CA08C1F3C9014E1C9107420100BFD2
:103C200002EA030546F001E00D4400BF00BF00BFFB
:103C3000C7F8E05105F140450FF007C00028A0F19A
:103C40000100A2F12002EBD1BFF34F8FBFF36F8FC2
:103C500005F00EF805F0D8F8C8E9000105F008F8FD
:103C6000C4E900014FF4803E40F2000040F24041C0
:103C7000C6F60000C2F2012111F8012B00F8012B59
:103C80000FF007C004F0F4FFC9E9000104F0F0FFF1
:103C900005F0BAF8CBE90001D8E90001DBE900231F
:103CA00059405040084306D14FF24640C0F2002030
:103CB00005F01AFE41E0DBE90001D8E90023801A93
:103CC000994107F077FE00EE100A1FED571A81EEBA
:103CD000000A1FED581A4EF6766020EE010A1FED1D
:103CE0005A1AC0F2002020EE010A20EE018A08F0E4
:103CF000BDF9D9E90001D4E90023821A4EF6FD404E
:103D000061EB0303C0F2002008F0B0F9DBE9000129
:103D1000D8E90023821A4EF2FA7061EB0303C0F275
:103D2000002008F0A3F9B7EEC80A4FF24410C0F221
:103D3000002053EC102B08F099F900207860BFF3B5
:103D40004F8F396843F6E073C1F34E30CA08C1F3B0
:103D5000C9014E1C9107420102EA030546F001E049
:103D60000D4400BF00BF00BFC7F8E05105F140455A
:103D70000FF007C00028A0F10100A2F12002EBD152
:103D8000BFF34F8FBFF36F8F04F072FF05F03CF865
:103D9000C8E9000104F06CFFC4E900014FF4004ED3
:103DA00040F2000040F24041C6F60000C2F201219C
:103DB00031F8022B20F8022B0FF007C004F058FF57
:103DC000C9E9000104F054FF05F01EF8CBE9000139
:103DD000D8E90001DBE9002359405040084306D1EF
:103DE0004FF24640C0F2002005F07EFD41E0DBE9E5
:103DF0000001D8E90023801A994107F0DBFD00EEAD
:103E0000100A1FEDA51A81EE000A1FEDA61A4FF247
:103E10006E0020EE010A1FEDA81AC0F2002020EE6D
:103E2000010A20EE018A08F021F9D9E90001D4E95C
:103E30000023821A4EF6FD4061EB0303C0F200201E
:103E400008F014F9DBE90001D8E90023821A4EF2E8
:103E5000FA7061EB0303C0F2002008F007F9B7EE37
:103E6000C80A4FF24410C0F2002053EC102B08F0A7
:103E7000FDF800207860BFF34F8F396843F6E07398
:103E8000C1F34E30CA08C1F3C9014E1C910742016B
:103E900002EA030546F001E00D4400BF00BF00BF89
:103EA000C7F8E05105F140450FF007C00028A0F128
:103EB0000100A2F12002EBD1BFF34F8FBFF36F8F50
:103EC00004F0D6FE04F0A0FFC8E9000104F0D0FE23
:103ED000C4E900014FF4804E40F2000040F240413E
:103EE000C6F60000C2F2012151F8042B40F8042B61
:103EF0000FF007C004F0BCFEC9E9000104F0B8FEF1
:103F000004F082FFCBE90001D8E90001DBE90023DE
:103F100059405040084306D14FF24640C0F20020BD
:103F200005F0E2FC41E0DBE90001D8E90023801A5A
:103F3000994107F03FFD00EE100A9FED971A81EEC0
:103F4000000A9FED961A4EF2964020EE010A9FED70
:103F5000941AC0F2002020EE010A20EE018A08F037
:103F600085F8D9E90001D4E90023821A4EF6FD4014
:103F700061EB0303C0F2002008F078F8DBE90001F0
:103F8000D8E90023821A4EF2FA7061EB0303C0F203
:103F9000002008F06BF8B7EEC80A4FF24410C0F2E8
:103FA000002053EC102B08F061F800207860BFF37C
:103FB0004F8F396843F6E073C1F34E30CA08C1F33E
:103FC000C9014E1C9107420102EA030546F001E0D7
:103FD0000D4400BF00BF00BFC7F8E05105F14045E8
:103FE0000FF007C00028A0F10100A2F12002EBD1E0
:103FF000BFF34F8FBFF36F8F04F03AFE04F004FF5E
:10400000C8E9000104F034FEC4E900014FF4005E89
:1040100040F2000040F24041C6F60000C2F2012129
:10402000F1E80223E0E802230FF007C004F020FECD
:10403000C9E9000104F01CFE04F0E6FECBE9000132
:10404000D8E90001DBE9002359405040084306D17C
:104050004FF24640C0F2002005F046FC41E0DBE9AB
:104060000001D8E90023801A994107F0A3FC00EE73
:10407000100A9FED491A81EE000A9FED481A4FF28F
:10408000BE0020EE010A9FED461AC0F2002020EE8D
:10409000010A20EE018A07F0E9FFD9E90001D4E91D
:1040A0000023821A4EF6FD4061EB0303C0F20020AC
:1040B00007F0DCFFDBE90001D8E90023821A4EF2A9
:1040C000FA7061EB0303C0F2002007F0CFFFB7EEF8
:1040D000C80A4FF24410C0F2002053EC102B07F036
:1040E000C5FF00207860BFF34F8F396843F6E07357
:1040F000C1F34E30CA08C1F3C9014E1C91074201F9
:1041000002EA030546F001E00D4400BF00BF00BF16
:10411000C7F8E05105F140450FF007C00028A0F1B5
:104120000100A2F12002EBD1BFF34F8FBFF36F8FDD
:1041300004F09EFD04F068FEC8E9000104F098FD5B
:10414000C4E900014FF4803E40F2000040F240011B
:10415000C6F60100C2F2002111F8012B00F8012B74
:104160000FF007C004F084FDC9E9000104F080FDF0
:1041700004F04AFECBE90001D8E90001DBE90023A5
:104180005940504008430DD14FF24640C0F2002044
:1041900005F0AAFB48E000BF0000804700247449F6
:1041A0000000803ADBE90001D8E90023801A994138
:1041B00007F000FC00EE100A1FED091A81EE000A5C
:1041C0001FED0A1A4EF2CE2020EE010A1FED0C1A46
:1041D000C0F2002020EE010A20EE018A07F046FF1F
:1041E000D9E90001D4E90023821A4EF6FD4061EBC3
:1041F0000303C0F2002007F039FFDBE90001D8E932
:104200000023821A4EF2FA7061EB0303C0F2002021
:1042100007F02CFFB7EEC80A4FF24410C0F200209E
:1042200053EC102B07F022FF00207860BFF34F8F74
:10423000396843F6E073C1F34E30CA08C1F3C901CF
:104240004E1C9107420100BF02EA030546F001E05F
:104250000D4400BF00BF00BFC7F8E05105F1404565
:104260000FF007C00028A0F10100A2F12002EBD15D
:10427000BFF34F8FBFF36F8F04F0FAFC04F0C4FD5F
:10428000C8E9000104F0F4FCC4E900014FF4004E59
:1042900040F2000040F24001C6F60100C2F20021E7
:1042A00031F8022B20F8022B0FF007C004F0E0FCDD
:1042B000C9E9000104F0DCFC04F0A6FDCBE9000133
:1042C000D8E90001DBE9002359405040084306D1FA
:1042D0004FF24640C0F2002005F006FB41E0DBE96A
:1042E0000001D8E90023801A994107F063FB00EE32
:1042F000100A1FED571A81EE000A1FED581A4EF2F0
:10430000376020EE010A1FED5A1AC0F2002020EE9D
:10431000010A20EE018A07F0A9FED9E90001D4E9DB
:104320000023821A4EF6FD4061EB0303C0F2002029
:1043300007F09CFEDBE90001D8E90023821A4EF267
:10434000FA7061EB0303C0F2002007F08FFEB7EEB6
:10435000C80A4FF24410C0F2002053EC102B07F0B3
:1043600085FE00207860BFF34F8F396843F6E07315
:10437000C1F34E30CA08C1F3C9014E1C9107420176
:1043800002EA030546F001E00D4400BF00BF00BF94
:10439000C7F8E05105F140450FF007C00028A0F133
:1043A0000100A2F12002EBD1BFF34F8FBFF36F8F5B
:1043B00004F05EFC04F028FDC8E9000104F058FC9C
:1043C000C4E900014FF4804E40F2000040F2400189
:1043D000C6F60100C2F2002151F8042B40F8042B6C
:1043E0000FF007C004F044FCC9E9000104F040FCF0
:1043F00004F00AFDCBE90001D8E90001DBE9002364
:1044000059405040084306D14FF24640C0F20020C8
:1044100005F06AFA41E0DBE90001D8E90023801ADF
:10442000994107F0C7FA00EE100A1FEDA51A81EEB8
:10443000000A1FEDA61A4EF6594020EE010A1FEDA4
:10444000A81AC0F2002020EE010A20EE018A07F02F
:104450000DFED9E90001D4E90023821A4EF6FD4091
:1044600061EB0303C0F2002007F000FEDBE900016E
:10447000D8E90023821A4EF2FA7061EB0303C0F20E
:10448000002007F0F3FDB7EEC80A4FF24410C0F267
:10449000002053EC102B07F0E9FD00207860BFF3FB
:1044A0004F8F396843F6E073C1F34E30CA08C1F349
:1044B000C9014E1C9107420102EA030546F001E0E2
:1044C0000D4400BF00BF00BFC7F8E05105F14045F3
:1044D0000FF007C00028A0F10100A2F12002EBD1EB
:1044E000BFF34F8FBFF36F8F04F0C2FB04F08CFC5F
:1044F000C8E9000104F0BCFBC4E900014FF4005E10
:1045000040F2000040F24001C6F60100C2F2002174
:10451000F1E80223E0E802230FF007C004F0A8FB53
:10452000C9E9000104F0A4FB04F06EFCCBE9000132
:10453000D8E90001DBE9002359405040084306D187
:104540004FF24640C0F2002005F0CEF941E0DBE931
:104550000001D8E90023801A994107F02BFA00EEF8
:10456000100A9FED971A81EE000A9FED961A4EF6FB
:10457000AD3020EE010A9FED941AC0F2002020EE2B
:10458000010A20EE018A07F071FDD9E90001D4E9A2
:104590000023821A4EF6FD4061EB0303C0F20020B7
:1045A00007F064FDDBE90001D8E90023821A4EF22E
:1045B000FA7061EB0303C0F2002007F057FDB7EE7D
:1045C000C80A4FF24410C0F2002053EC102B07F041
:1045D0004DFD00207860BFF34F8F396843F6E073DC
:1045E000C1F34E30CA08C1F3C9014E1C9107420104
:1045F00002EA030546F001E00D4400BF00BF00BF22
:10460000C7F8E05105F140450FF007C00028A0F1C0
:104610000100A2F12002EBD1BFF34F8FBFF36F8FE8
:1046200004F026FB04F0F0FBC8E9000104F020FBD5
:10463000C4E900014FF4803E40F2000040F2400126
:10464000C6F60000C2F2002111F8012B00F8012B80
:104650000FF007C004F00CFBC9E9000104F008FBEF
:1046600004F0D2FBCBE90001D8E90001DBE900232B
:1046700059405040084306D14FF24640C0F2002056
:1046800005F032F941E0DBE90001D8E90023801AA6
:10469000994107F08FF900EE100A9FED491A81EE5B
:1046A000000A9FED481A4FF2796020EE010A9FED53
:1046B000461AC0F2002020EE010A20EE018A07F01F
:1046C000D5FCD9E90001D4E90023821A4EF6FD4059
:1046D00061EB0303C0F2002007F0C8FCDBE9000136
:1046E000D8E90023821A4EF2FA7061EB0303C0F29C
:1046F000002007F0BBFCB7EEC80A4FF24410C0F22E
:10470000002053EC102B07F0B1FC00207860BFF3C1
:104710004F8F396843F6E073C1F34E30CA08C1F3D6
:10472000C9014E1C9107420102EA030546F001E06F
:104730000D4400BF00BF00BFC7F8E05105F1404580
:104740000FF007C00028A0F10100A2F12002EBD178
:10475000BFF34F8FBFF36F8F04F08AFA04F054FB5E
:10476000C8E9000104F084FAC4E900014FF4004EE6
:1047700040F2000040F24001C6F60000C2F2002103
:1047800031F8022B20F8022B0FF007C004F070FA6A
:10479000C9E9000104F06CFA04F036FBCBE9000132
:1047A000D8E90001DBE900235940504008430DD10E
:1047B0004FF24640C0F2002005F096F848E000BFF6
:1047C00000008047002474490000803ADBE90001C2
:1047D000D8E90023801A994107F0ECF800EE100A9E
:1047E0009FEDBD1A81EE000A9FEDBC1A4EF2E64025
:1047F00020EE010A9FEDBA1AC0F2002020EE010A55
:1048000020EE018A07F032FCD9E90001D4E9002347
:10481000821A4EF6FD4061EB0303C0F2002007F060
:1048200025FCDBE90001D8E90023821A4EF2FA7078
:1048300061EB0303C0F2002007F018FCB7EEC80AD2
:104840004FF24410C0F2002053EC102B07F00EFC86
:1048500000207860BFF34F8F396843F6E073C1F3EF
:104860004E30CA08C1F3C9014E1C9107420100BF76
:1048700002EA030546F001E00D4400BF00BF00BF9F
:10488000C7F8E05105F140450FF007C00028A0F13E
:104890000100A2F12002EBD1BFF34F8FBFF36F8F66
:1048A00004F0E6F904F0B0FAC8E9000104F0E0F918
:1048B000C4E900014FF4804E40F2000040F2400194
:1048C000C6F60000C2F2002151F8042B40F8042B78
:1048D0000FF007C004F0CCF9C9E9000104F0C8F9F1
:1048E00004F092FACBE90001D8E90001DBE90023EA
:1048F00059405040084306D14FF24640C0F20020D4
:1049000004F0F2FF41E0DBE90001D8E90023801A5E
:10491000994107F04FF800EE100A9FED6F1A81EEF3
:10492000000A9FED6E1A4EF6A82020EE010A9FEDB8
:104930006C1AC0F2002020EE010A20EE018A07F076
:1049400095FBD9E90001D4E90023821A4EF6FD4017
:1049500061EB0303C0F2002007F088FBDBE90001F4
:10496000D8E90023821A4EF2FA7061EB0303C0F219
:10497000002007F07BFBB7EEC80A4FF24410C0F2EC
:10498000002053EC102B07F071FB00207860BFF380
:104990004F8F396843F6E073C1F34E30CA08C1F354
:1049A000C9014E1C9107420102EA030546F001E0ED
:1049B0000D4400BF00BF00BFC7F8E05105F14045FE
:1049C0000FF007C00028A0F10100A2F12002EBD1F6
:1049D000BFF34F8FBFF36F8F04F04AF904F014FA5E
:1049E000C8E9000104F044F9C4E900014FF4005E95
:1049F00040F2000040F24001C6F60000C2F2002181
:104A0000F1E80223E0E802230FF007C004F030F9D8
:104A1000C9E9000104F02CF904F0F6F9CBE9000132
:104A2000D8E90001DBE900235940504008430BD18D
:104A30004FF24640C0F200200AB0BDEC028B01B03C
:104A4000BDE8F04F04F050BFDBE90001D8E90023D6
:104A5000801A994106F0AEFF00EE100A9FED1E1A73
:104A600081EE000A9FED1D1A4EF2FE6020EE010A53
:104A70009FED1B1AC0F2002020EE010A20EE018AF1
:104A800007F0F4FAD9E90001D4E90023821A4EF6BE
:104A9000FD4061EB0303C0F2002007F0E7FADBE919
:104AA0000001D8E90023821A4EF2FA7061EB030389
:104AB000C0F2002007F0DAFAB7EEC80A4FF244104D
:104AC000C0F2002053EC102B0AB0BDEC028B01B0F9
:104AD000BDE8F04F07F0CABA0000804700247449CF
:104AE0000000803AD4D4D4D42DE9F04F81B02DED1C
:104AF000028B8AB040F200016FF0E040C6F601017F
:104B00000A184FF6FE71CFF2FF718A4208D84EF2B2
:104B1000C26040F20001C0F20020C6F601010EE0C2
:104B200040F20002C6F60002104488420FD84EF24E
:104B3000562040F20001C0F20020C6F600010AB083
:104B4000BDEC028B01B0BDE8F04F07F08FBA4EF616
:104B500080570020CEF2000743F6E0737860BFF381
:104B60004F8F57F86C0C20F4803047F86C0CBFF373
:104B70004F8F3968C1F34E30CA08C1F3C9014E1CCA
:104B80009107420100BF00BF02EA030546F001E0C1
:104B90000D4400BF00BF00BFC7F8F45105F1404508
:104BA0000FF007C00028A0F10100A2F12002EBD114
:104BB0004EF20001CEF20101BFF34F8FBFF36F8FB2
:104BC000086820F004000860BFF34F8FBFF36F8FB9
:104BD000086801900198400700F1A08057F86C0C1C
:104BE000C00331D400207860BFF34F8F396843F69B
:104BF000E073C1F34E30CA08C1F3C9014E1C9107DE
:104C0000420100BF00BF00BF02EA030546F001E019
:104C10000D4400BF00BF00BFC7F8E05105F140459B
:104C20000FF007C00028A0F10100A2F12002EBD193
:104C3000BFF34F8F57F86C0C40F4803047F86C0C82
:104C4000BFF34F8FBFF36F8F4EF2DA70C0F20020C8
:104C500004F04AFE00207860BFF34F8F396843F6B6
:104C6000E073C1F34E30CA08C1F3C9014E1C91076D
:104C7000420100BF00BF00BF02EA030546F001E0A9
:104C80000D4400BF00BF00BFC7F8E05105F140452B
:104C90000FF007C00028A0F10100A2F12002EBD123
:104CA000BFF34F8FBFF36F8F03F0E2FF0DF1100AD8
:104CB000CAE9000103F0DCFF04F0A6F80DF12009B9
:104CC0004FF4803EC9E9000140F2000040F20001CB
:104CD000C2F20000C6F6010111F8012B00F8012B09
:104CE0000FF007C003F0C4FF0DF10808C8E9000188
:104CF00003F0BEFF04F088F806ACC4E90001D9E96E
:104D00000001D4E900235940504008430CD14FF230
:104D10004640C0F2002004F0E7FD47E04EF2E860B4
:104D2000C0F2002003F028BFD4E90001D9E9002334
:104D3000801A994106F03EFE00EE100A9FED981A87
:104D400081EE000A9FED971A4FF2107020EE010AD3
:104D50009FED951AC0F2002020EE010A20EE018A94
:104D600007F084F9D8E90001DAE90023821A4EF647
:104D7000FD4061EB0303C0F2002007F077F9D4E9AE
:104D80000001D9E90023821A4EF2FA7061EB0303A5
:104D9000C0F2002007F06AF9B7EEC80A4FF24410DB
:104DA000C0F2002053EC102B07F060F9002078606F
:104DB000BFF34F8F396843F6E073C1F34E30CA0832
:104DC000C1F3C9014E1C9107420100BF00BF00BFE3
:104DD00002EA030546F001E00D4400BF00BF00BF3A
:104DE000C7F8E05105F140450FF007C00028A0F1D9
:104DF0000100A2F12002EBD1BFF34F8FBFF36F8F01
:104E000003F036FF04F000F8C9E9000103F030FFB9
:104E1000CAE900014FF4004E40F2000040F20001E8
:104E2000C2F20000C6F6010131F8022B20F8022B75
:104E30000FF007C003F01CFFC8E9000103F018FFE2
:104E400003F0E2FFC4E90001D9E90001D4E900233D
:104E500059405040084306D14FF24640C0F200206E
:104E600004F042FD41E0D4E90001D9E90023801AB1
:104E7000994106F09FFD00EE100A9FED491A81EE60
:104E8000000A9FED481A4EF2474020EE010A9FEDBE
:104E9000461AC0F2002020EE010A20EE018A07F037
:104EA000E5F8D8E90001DAE90023821A4EF6FD4060
:104EB00061EB0303C0F2002007F0D8F8D4E9000149
:104EC000D9E90023821A4EF2FA7061EB0303C0F2B3
:104ED000002007F0CBF8B7EEC80A4FF24410C0F23A
:104EE000002053EC102B07F0C1F800207860BFF3CE
:104EF0004F8F396843F6E073C1F34E30CA08C1F3EF
:104F0000C9014E1C9107420102EA030546F001E087
:104F10000D4400BF00BF00BFC7F8E05105F1404598
:104F20000FF007C00028A0F10100A2F12002EBD190
:104F3000BFF34F8FBFF36F8F03F09AFE03F064FF50
:104F4000C9E9000103F094FECAE900014FF4804E64
:104F500040F2000040F20001C2F20000C6F601017A
:104F600051F8042B40F8042B0FF007C003F080FE2B
:104F7000C8E9000103F07CFE03F046FFC4E900012C
:104F8000D9E90001D4E900235940504008430DD12C
:104F90004FF24640C0F2002004F0A6FC48E000BFFB
:104FA00000008047002474490000803AD4E90001E1
:104FB000D9E90023801A994106F0FCFC00EE100AA2
:104FC0001FED091A81EE000A1FED0A1A4FF699101B
:104FD00020EE010A1FED0C1AC0F2002020EE010A9B
:104FE00020EE018A07F042F8D8E90001DAE900234F
:104FF000821A4EF6FD4061EB0303C0F2002007F079
:1050000035F8D4E90001D9E90023821A4EF2FA708A
:1050100061EB0303C0F2002007F028F8B7EEC80ADE
:105020004FF24410C0F2002053EC102B07F01EF892
:1050300000207860BFF34F8F396843F6E073C1F307
:105040004E30CA08C1F3C9014E1C9107420100BF8E
:1050500002EA030546F001E00D4400BF00BF00BFB7
:10506000C7F8E05105F140450FF007C00028A0F156
:105070000100A2F12002EBD1BFF34F8FBFF36F8F7E
:1050800003F0F6FD03F0C0FEC9E9000103F0F0FDF6
:10509000CAE900014FF4005E40F2000040F2000156
:1050A000C2F20000C6F60101F1E80223E0E80223A3
:1050B0000FF007C003F0DCFDC8E9000103F0D8FDE4
:1050C00003F0A2FEC4E90001D9E90001D4E90023FC
:1050D00059405040084306D14FF24640C0F20020EC
:1050E00004F002FC41E0D4E90001D9E90023801A70
:1050F000994106F05FFC00EE100A1FED571A81EE91
:10510000000A1FED581A4EF2755020EE010A1FEDED
:105110005A1AC0F2002020EE010A20EE018A06F0A1
:10512000A5FFD8E90001DAE90023821A4EF6FD4016
:1051300061EB0303C0F2002006F098FFD4E9000100
:10514000D9E90023821A4EF2FA7061EB0303C0F230
:10515000002006F08BFFB7EEC80A4FF24410C0F2F1
:10516000002053EC102B06F081FF00207860BFF385
:105170004F8F396843F6E073C1F34E30CA08C1F36C
:10518000C9014E1C9107420102EA030546F001E005
:105190000D4400BF00BF00BFC7F8E05105F1404516
:1051A0000FF007C00028A0F10100A2F12002EBD10E
:1051B000BFF34F8FBFF36F8F03F05AFD03F024FE50
:1051C000C9E9000103F054FDCAE900014FF4803E33
:1051D00040F2000040F20001C2F20000C6F60001F9
:1051E00011F8012B00F8012B0FF007C003F040FD70
:1051F000C8E9000103F03CFD03F006FEC4E900012C
:10520000D9E90001D4E9002359405040084306D1B0
:105210004FF24640C0F2002004F066FB41E0D4E9C2
:105220000001D9E90023801A994106F0C3FB00EE82
:10523000100A1FEDA51A81EE000A1FEDA61A4EF204
:10524000373020EE010A1FEDA81AC0F2002020EE30
:10525000010A20EE018A06F009FFD8E90001DAE927
:105260000023821A4EF6FD4061EB0303C0F20020DA
:1052700006F0FCFED4E90001D9E90023821A4EF2BF
:10528000FA7061EB0303C0F2002006F0EFFEB7EE08
:10529000C80A4FF24410C0F2002053EC102B06F065
:1052A000E5FE00207860BFF34F8F396843F6E07366
:1052B000C1F34E30CA08C1F3C9014E1C9107420127
:1052C00002EA030546F001E00D4400BF00BF00BF45
:1052D000C7F8E05105F140450FF007C00028A0F1E4
:1052E0000100A2F12002EBD1BFF34F8FBFF36F8F0C
:1052F00003F0BEFC03F088FDC9E9000103F0B8FC2F
:10530000CAE900014FF4004E40F2000040F20001F3
:10531000C2F20000C6F6000131F8022B20F8022B81
:105320000FF007C003F0A4FCC8E9000103F0A0FCE3
:1053300003F06AFDC4E90001D9E90001D4E90023C2
:1053400059405040084306D14FF24640C0F2002079
:1053500004F0CAFA41E0D4E90001D9E90023801A37
:10536000994106F027FB00EE100A9FED991A81EE95
:10537000000A9FED981A4EF6115020EE010A9FED9B
:10538000961AC0F2002020EE010A20EE018A06F0F3
:105390006DFED8E90001DAE90023821A4EF6FD40DD
:1053A00061EB0303C0F2002006F060FED4E90001C7
:1053B000D9E90023821A4EF2FA7061EB0303C0F2BE
:1053C000002006F053FEB7EEC80A4FF24410C0F2B8
:1053D000002053EC102B06F049FE00207860BFF34C
:1053E0004F8F396843F6E073C1F34E30CA08C1F3FA
:1053F000C9014E1C9107420102EA030546F001E093
:105400000D4400BF00BF00BFC7F8E05105F14045A3
:105410000FF007C00028A0F10100A2F12002EBD19B
:10542000BFF34F8FBFF36F8F03F022FC03F0ECFC50
:10543000C9E9000103F01CFCCAE900014FF4804EE9
:1054400040F2000040F20001C2F20000C6F6000186
:1054500051F8042B40F8042B0FF007C003F008FCB0
:10546000C8E9000103F004FC03F0CEFCC4E900012C
:10547000D9E90001D4E9002359405040084306D13E
:105480004FF24640C0F2002004F02EFA41E0D4E989
:105490000001D9E90023801A994106F08BFA00EE49
:1054A000100A9FED4B1A81EE000A9FED4A1A4EF644
:1054B0000F3020EE010A9FED481AC0F2002020EEC6
:1054C000010A20EE018A06F0D1FDD8E90001DAE9EF
:1054D0000023821A4EF6FD4061EB0303C0F2002068
:1054E00006F0C4FDD4E90001D9E90023821A4EF286
:1054F000FA7061EB0303C0F2002006F0B7FDB7EECF
:10550000C80A4FF24410C0F2002053EC102B06F0F2
:10551000ADFD00207860BFF34F8F396843F6E0732C
:10552000C1F34E30CA08C1F3C9014E1C91074201B4
:1055300002EA030546F001E00D4400BF00BF00BFD2
:10554000C7F8E05105F140450FF007C00028A0F171
:105550000100A2F12002EBD1BFF34F8FBFF36F8F99
:1055600003F086FB03F050FCC9E9000103F080FB67
:10557000CAE900014FF4005E40F2000BC2F2000BDA
:1055800040F20000C6F60000594600BF00BF00BF51
:10559000F0E80223E1E802230FF007C003F068FB04
:1055A000C8E9000103F064FB03F02EFCC4E900012C
:1055B000D9E90001D4E900235940504008430DD1F6
:1055C0004FF24640C0F2002004F08EF948E000BFE0
:1055D00000008047002474490000803AD4E90001AB
:1055E000D9E90023801A994106F0E4F900EE100A87
:1055F0001FED091A81EE000A1FED0A1A4EF6092066
:1056000020EE010A1FED0C1AC0F2002020EE010A64
:1056100020EE018A06F02AFDD8E90001DAE900232C
:10562000821A4EF6FD4061EB0303C0F2002006F043
:105630001DFDD4E90001D9E90023821A4EF2FA7067
:1056400061EB0303C0F2002006F010FDB7EEC80ABC
:105650004FF24410C0F2002053EC102B06F006FD70
:1056600000207860BFF34F8F396843F6E073C1F3D1
:105670004E30CA08C1F3C9014E1C9107420100BF58
:1056800002EA030546F001E00D4400BF00BF00BF81
:10569000C7F8E05105F140450FF007C00028A0F120
:1056A0000100A2F12002EBD1BFF34F8FBFF36F8F48
:1056B00003F0DEFA03F0A8FBC9E9000103F0D8FA11
:1056C000CAE900014FF4803E40F2404040F2000140
:1056D000C2F20120C6F6010111F8012B00F8012BDE
:1056E0000FF007C003F0C4FAC8E9000103F0C0FAE4
:1056F00003F08AFBC4E90001D9E90001D4E90023E1
:1057000059405040084306D14FF24640C0F20020B5
:1057100004F0EAF841E0D4E90001D9E90023801A55
:10572000994106F047F900EE100A1FED571A81EE75
:10573000000A1FED581A4FF6E81020EE010A1FED7F
:105740005A1AC0F2002020EE010A20EE018A06F06B
:105750008DFCD8E90001DAE90023821A4EF6FD40FB
:1057600061EB0303C0F2002006F080FCD4E90001E5
:10577000D9E90023821A4EF2FA7061EB0303C0F2FA
:10578000002006F073FCB7EEC80A4FF24410C0F2D6
:10579000002053EC102B06F069FC00207860BFF36A
:1057A0004F8F396843F6E073C1F34E30CA08C1F336
:1057B000C9014E1C9107420102EA030546F001E0CF
:1057C0000D4400BF00BF00BFC7F8E05105F14045E0
:1057D0000FF007C00028A0F10100A2F12002EBD1D8
:1057E000BFF34F8FBFF36F8F03F042FA03F00CFB50
:1057F000C9E9000103F03CFACAE900014FF4004E88
:1058000040F2404040F20001C2F20120C6F6010120
:1058100031F8022B20F8022B0FF007C003F028FA12
:10582000C8E9000103F024FA03F0EEFAC4E900012C
:10583000D9E90001D4E9002359405040084306D17A
:105840004FF24640C0F2002004F04EF841E0D4E9A7
:105850000001D9E90023801A994106F0ABF800EE67
:10586000100A1FEDA51A81EE000A1FEDA61A4EF2CE
:10587000863020EE010A1FEDA81AC0F2002020EEAB
:10588000010A20EE018A06F0F1FBD8E90001DAE90D
:105890000023821A4EF6FD4061EB0303C0F20020A4
:1058A00006F0E4FBD4E90001D9E90023821A4EF2A4
:1058B000FA7061EB0303C0F2002006F0D7FBB7EEED
:1058C000C80A4FF24410C0F2002053EC102B06F02F
:1058D000CDFB00207860BFF34F8F396843F6E0734B
:1058E000C1F34E30CA08C1F3C9014E1C91074201F1
:1058F00002EA030546F001E00D4400BF00BF00BF0F
:10590000C7F8E05105F140450FF007C00028A0F1AD
:105910000100A2F12002EBD1BFF34F8FBFF36F8FD5
:1059200003F0A6F903F070FAC9E9000103F0A0F949
:10593000CAE900014FF4804E40F2404040F20001BD
:10594000C2F20120C6F6010151F8042B40F8042BE5
:105950000FF007C003F08CF9C8E9000103F088F9E3
:1059600003F052FAC4E90001D9E90001D4E90023A7
:1059700059405040084306D14FF24640C0F2002043
:1059800003F0B2FF41E0D4E90001D9E90023801A15
:10599000994106F00FF800EE100A9FED971A81EE7C
:1059A000000A9FED961A4EF65E3020EE010A9FED3A
:1059B000941AC0F2002020EE010A20EE018A06F0BF
:1059C00055FBD8E90001DAE90023821A4EF6FD40C2
:1059D00061EB0303C0F2002006F048FBD4E90001AC
:1059E000D9E90023821A4EF2FA7061EB0303C0F288
:1059F000002006F03BFBB7EEC80A4FF24410C0F29D
:105A0000002053EC102B06F031FB00207860BFF330
:105A10004F8F396843F6E073C1F34E30CA08C1F3C3
:105A2000C9014E1C9107420102EA030546F001E05C
:105A30000D4400BF00BF00BFC7F8E05105F140456D
:105A40000FF007C00028A0F10100A2F12002EBD165
:105A5000BFF34F8FBFF36F8F03F00AF903F0D4F950
:105A6000C9E9000103F004F9CAE900014FF4005E3E
:105A700040F2404040F20001C2F20120C6F60101AE
:105A8000F1E80223E0E802230FF007C003F0F0F88A
:105A9000C8E9000103F0ECF803F0B6F9C4E900012D
:105AA000D9E90001D4E9002359405040084306D108
:105AB0004FF24640C0F2002003F016FF41E0D4E967
:105AC0000001D9E90023801A994105F073FF00EE27
:105AD000100A9FED491A81EE000A9FED481A4EF216
:105AE000D53020EE010A9FED461AC0F2002020EECC
:105AF000010A20EE018A06F0B9FAD8E90001DAE9D4
:105B00000023821A4EF6FD4061EB0303C0F2002031
:105B100006F0ACFAD4E90001D9E90023821A4EF26A
:105B2000FA7061EB0303C0F2002006F09FFAB7EEB3
:105B3000C80A4FF24410C0F2002053EC102B06F0BC
:105B400095FA00207860BFF34F8F396843F6E07311
:105B5000C1F34E30CA08C1F3C9014E1C910742017E
:105B600002EA030546F001E00D4400BF00BF00BF9C
:105B7000C7F8E05105F140450FF007C00028A0F13B
:105B80000100A2F12002EBD1BFF34F8FBFF36F8F63
:105B900003F06EF803F038F9C9E9000103F068F882
:105BA000CAE900014FF4803E40F2400040F200019B
:105BB000C2F20020C6F6010111F8012B00F8012BFA
:105BC0000FF007C003F054F8C8E9000103F050F8E3
:105BD00003F01AF9C4E90001D9E90001D4E900236E
:105BE0005940504008430DD14FF24640C0F20020CA
:105BF00003F07AFE48E000BF0000804700247449AB
:105C00000000803AD4E90001D9E90023801A9941C3
:105C100005F0D0FE00EE100A1FED091A81EE000A11
:105C20001FED0A1A4FF2F35020EE010A1FED0C1A75
:105C3000C0F2002020EE010A20EE018A06F016FADA
:105C4000D8E90001DAE90023821A4EF6FD4061EB43
:105C50000303C0F2002006F009FAD4E90001D9E9F3
:105C60000023821A4EF2FA7061EB0303C0F20020A7
:105C700006F0FCF9B7EEC80A4FF24410C0F200205B
:105C800053EC102B06F0F2F900207860BFF34F8F31
:105C9000396843F6E073C1F34E30CA08C1F3C90155
:105CA0004E1C9107420100BF02EA030546F001E0E5
:105CB0000D4400BF00BF00BFC7F8E05105F14045EB
:105CC0000FF007C00028A0F10100A2F12002EBD1E3
:105CD000BFF34F8FBFF36F8F02F0CAFF03F094F84A
:105CE000C9E9000102F0C4FFCAE900014FF4004E07
:105CF00040F2400040F20001C2F20020C6F601016D
:105D000031F8022B20F8022B0FF007C002F0B0FF91
:105D1000C8E9000102F0ACFF03F076F8C4E9000125
:105D2000D9E90001D4E9002359405040084306D185
:105D30004FF24640C0F2002003F0D6FD41E0D4E926
:105D40000001D9E90023801A994105F033FE00EEE5
:105D5000100A1FED571A81EE000A1FED581A4FF274
:105D6000571020EE010A1FED5A1AC0F2002020EE53
:105D7000010A20EE018A06F079F9D8E90001DAE992
:105D80000023821A4EF6FD4061EB0303C0F20020AF
:105D900006F06CF9D4E90001D9E90023821A4EF229
:105DA000FA7061EB0303C0F2002006F05FF9B7EE72
:105DB000C80A4FF24410C0F2002053EC102B06F03A
:105DC00055F900207860BFF34F8F396843F6E073D0
:105DD000C1F34E30CA08C1F3C9014E1C91074201FC
:105DE00002EA030546F001E00D4400BF00BF00BF1A
:105DF000C7F8E05105F140450FF007C00028A0F1B9
:105E00000100A2F12002EBD1BFF34F8FBFF36F8FE0
:105E100002F02EFF02F0F8FFC9E9000102F028FFAE
:105E2000CAE900014FF4804E40F2400040F2000108
:105E3000C2F20020C6F6010151F8042B40F8042BF1
:105E40000FF007C002F014FFC8E9000102F010FFD4
:105E500002F0DAFFC4E90001D9E90001D4E9002326
:105E600059405040084306D14FF24640C0F200204E
:105E700003F03AFD41E0D4E90001D9E90023801A9A
:105E8000994105F097FD00EE100A1FEDA51A81EE6D
:105E9000000A1FEDA61A4EF27F2020EE010A1FED28
:105EA000A81AC0F2002020EE010A20EE018A06F0B6
:105EB000DDF8D8E90001DAE90023821A4EF6FD4048
:105EC00061EB0303C0F2002006F0D0F8D4E9000132
:105ED000D9E90023821A4EF2FA7061EB0303C0F293
:105EE000002006F0C3F8B7EEC80A4FF24410C0F223
:105EF000002053EC102B06F0B9F800207860BFF3B7
:105F00004F8F396843F6E073C1F34E30CA08C1F3CE
:105F1000C9014E1C9107420102EA030546F001E067
:105F20000D4400BF00BF00BFC7F8E05105F1404578
:105F30000FF007C00028A0F10100A2F12002EBD170
:105F4000BFF34F8FBFF36F8F02F092FE02F05CFF42
:105F5000C9E9000102F08CFECAE900014FF4005EBD
:105F600040F2000140F24000C6F60101C2F20020FA
:105F7000F1E80223E0E802230FF007C002F078FE08
:105F8000C8E9000102F074FE02F03EFFC4E900011E
:105F9000D9E90001D4E9002359405040084306D113
:105FA0004FF24640C0F2002003F09EFC41E0D4E9ED
:105FB0000001D9E90023801A994105F0FBFC00EEAD
:105FC000100A9FED971A81EE000A9FED961A4EF681
:105FD0006A1020EE010A9FED941AC0F2002020EE14
:105FE000010A20EE018A06F041F8D8E90001DAE959
:105FF0000023821A4EF6FD4061EB0303C0F200203D
:1060000006F034F8D4E90001D9E90023821A4EF2EF
:10601000FA7061EB0303C0F2002006F027F8B7EE38
:10602000C80A4FF24410C0F2002053EC102B06F0C7
:106030001DF800207860BFF34F8F396843F6E07396
:10604000C1F34E30CA08C1F3C9014E1C9107420189
:1060500002EA030546F001E00D4400BF00BF00BFA7
:10606000C7F8E05105F140450FF007C00028A0F146
:106070000100A2F12002EBD1BFF34F8FBFF36F8F6E
:1060800002F0F6FD02F0C0FEC9E9000102F0F0FDE9
:10609000CAE900014FF4803E40F2404040F2000166
:1060A000C2F20120C6F6000111F8012B00F8012B05
:1060B0000FF007C002F0DCFDC8E9000102F0D8FDD6
:1060C00002F0A2FEC4E90001D9E90001D4E90023ED
:1060D00059405040084306D14FF24640C0F20020DC
:1060E00003F002FC41E0D4E90001D9E90023801A61
:1060F000994105F05FFC00EE100A9FED491A81EE10
:10610000000A9FED481A4FF2CA2020EE010A9FEDC7
:10611000461AC0F2002020EE010A20EE018A05F0A6
:10612000A5FFD8E90001DAE90023821A4EF6FD4006
:1061300061EB0303C0F2002005F098FFD4E90001F1
:10614000D9E90023821A4EF2FA7061EB0303C0F220
:10615000002005F08BFFB7EEC80A4FF24410C0F2E2
:10616000002053EC102B05F081FF00207860BFF376
:106170004F8F396843F6E073C1F34E30CA08C1F35C
:10618000C9014E1C9107420102EA030546F001E0F5
:106190000D4400BF00BF00BFC7F8E05105F1404506
:1061A0000FF007C00028A0F10100A2F12002EBD1FE
:1061B000BFF34F8FBFF36F8F02F05AFD02F024FE42
:1061C000C9E9000102F054FDCAE900014FF4004E94
:1061D00040F2404040F20001C2F20120C6F6000148
:1061E00031F8022B20F8022B0FF007C002F040FD1F
:1061F000C8E9000102F03CFD02F006FEC4E900011E
:10620000D9E90001D4E900235940504008430DD199
:106210004FF24640C0F2002003F066FB48E000BFAA
:1062200000008047002474490000803AD4E900014E
:10623000D9E90023801A994105F0BCFB00EE100A51
:106240001FED091A81EE000A1FED0A1A4FF2FD70C8
:1062500020EE010A1FED0C1AC0F2002020EE010A08
:1062600020EE018A05F002FFD8E90001DAE90023F7
:10627000821A4EF6FD4061EB0303C0F2002005F0E8
:10628000F5FED4E90001D9E90023821A4EF2FA7032
:1062900061EB0303C0F2002005F0E8FEB7EEC80A88
:1062A0004FF24410C0F2002053EC102B05F0DEFE3C
:1062B00000207860BFF34F8F396843F6E073C1F375
:1062C0004E30CA08C1F3C9014E1C9107420100BFFC
:1062D00002EA030546F001E00D4400BF00BF00BF25
:1062E000C7F8E05105F140450FF007C00028A0F1C4
:1062F0000100A2F12002EBD1BFF34F8FBFF36F8FEC
:1063000002F0B6FC02F080FDC9E9000102F0B0FC29
:10631000CAE900014FF4804E40F2404040F20001D3
:10632000C2F20120C6F6000151F8042B40F8042BFC
:106330000FF007C002F09CFCC8E9000102F098FCD5
:1063400002F062FDC4E90001D9E90001D4E90023AB
:1063500059405040084306D14FF24640C0F2002059
:1063600003F0C2FA41E0D4E90001D9E90023801A20
:10637000994105F01FFB00EE100A1FED571A81EE40
:10638000000A1FED581A4FF6372020EE010A1FEDC4
:106390005A1AC0F2002020EE010A20EE018A05F010
:1063A00065FED8E90001DAE90023821A4EF6FD40C5
:1063B00061EB0303C0F2002005F058FED4E90001B0
:1063C000D9E90023821A4EF2FA7061EB0303C0F29E
:1063D000002005F04BFEB7EEC80A4FF24410C0F2A1
:1063E000002053EC102B05F041FE00207860BFF335
:1063F0004F8F396843F6E073C1F34E30CA08C1F3DA
:10640000C9014E1C9107420102EA030546F001E072
:106410000D4400BF00BF00BFC7F8E05105F1404583
:106420000FF007C00028A0F10100A2F12002EBD17B
:10643000BFF34F8FBFF36F8F02F01AFC02F0E4FC42
:10644000C9E9000102F014FCCAE900014FF4005E42
:1064500040F2404140F20000C2F20121C6F60000C5
:10646000F0E80223E1E802230FF007C002F000FC8D
:10647000C8E9000102F0FCFB02F0C6FCC4E900011F
:10648000D9E90001D4E9002359405040084306D11E
:106490004FF24640C0F2002003F026FA41E0D4E972
:1064A0000001D9E90023801A994105F083FA00EE32
:1064B000100A1FEDA51A81EE000A1FEDA61A4EF66E
:1064C000AC0020EE010A1FEDA81AC0F2002020EE59
:1064D000010A20EE018A05F0C9FDD8E90001DAE9D8
:1064E0000023821A4EF6FD4061EB0303C0F2002048
:1064F00005F0BCFDD4E90001D9E90023821A4EF26F
:10650000FA7061EB0303C0F2002005F0AFFDB7EEB7
:10651000C80A4FF24410C0F2002053EC102B05F0D3
:10652000A5FD00207860BFF34F8F396843F6E07314
:10653000C1F34E30CA08C1F3C9014E1C9107420194
:1065400002EA030546F001E00D4400BF00BF00BFB2
:10655000C7F8E05105F140450FF007C00028A0F151
:106560000100A2F12002EBD1BFF34F8FBFF36F8F79
:1065700002F07EFB02F048FCC9E9000102F078FB62
:10658000CAE900014FF4803E40F2400040F20001B1
:10659000C2F20020C6F6000111F8012B00F8012B11
:1065A0000FF007C002F064FBC8E9000102F060FBD5
:1065B00002F02AFCC4E90001D9E90001D4E9002372
:1065C00059405040084306D14FF24640C0F20020E7
:1065D00003F08AF941E0D4E90001D9E90023801AE7
:1065E000994105F0E7F900EE100A9FED971A81EE48
:1065F000000A9FED961A4FF21D5020EE010A9FED02
:10660000941AC0F2002020EE010A20EE018A05F063
:106610002DFDD8E90001DAE90023821A4EF6FD408B
:1066200061EB0303C0F2002005F020FDD4E9000176
:10663000D9E90023821A4EF2FA7061EB0303C0F22B
:10664000002005F013FDB7EEC80A4FF24410C0F267
:10665000002053EC102B05F009FD00207860BFF3FB
:106660004F8F396843F6E073C1F34E30CA08C1F367
:10667000C9014E1C9107420102EA030546F001E000
:106680000D4400BF00BF00BFC7F8E05105F1404511
:106690000FF007C00028A0F10100A2F12002EBD109
:1066A000BFF34F8FBFF36F8F02F0E2FA02F0ACFB43
:1066B000C9E9000102F0DCFACAE900014FF4004E1A
:1066C00040F2400040F20001C2F20020C6F6000194
:1066D00031F8022B20F8022B0FF007C002F0C8FAA5
:1066E000C8E9000102F0C4FA02F08EFBC4E900011F
:1066F000D9E90001D4E9002359405040084306D1AC
:106700004FF24640C0F2002003F0EEF841E0D4E939
:106710000001D9E90023801A994105F04BF900EEF8
:10672000100A9FED491A81EE000A9FED481A4FF2B8
:106730006C4020EE010A9FED461AC0F2002020EEC8
:10674000010A20EE018A05F091FCD8E90001DAE99E
:106750000023821A4EF6FD4061EB0303C0F20020D5
:1067600005F084FCD4E90001D9E90023821A4EF235
:10677000FA7061EB0303C0F2002005F077FCB7EE7E
:10678000C80A4FF24410C0F2002053EC102B05F061
:106790006DFC00207860BFF34F8F396843F6E073DB
:1067A000C1F34E30CA08C1F3C9014E1C9107420122
:1067B00002EA030546F001E00D4400BF00BF00BF40
:1067C000C7F8E05105F140450FF007C00028A0F1DF
:1067D0000100A2F12002EBD1BFF34F8FBFF36F8F07
:1067E00002F046FA02F010FBC9E9000102F040FA9B
:1067F000CAE900014FF4804E40F2400040F200012F
:10680000C2F20020C6F6000151F8042B40F8042B18
:106810000FF007C002F02CFAC8E9000102F028FAD4
:1068200002F0F2FAC4E90001D9E90001D4E9002339
:106830005940504008430DD14FF24640C0F200206D
:1068400003F052F848E000BF00008047002474497C
:106850000000803AD4E90001D9E90023801A994167
:1068600005F0A8F800EE100A1FED091A81EE000AE3
:106870001FED0A1A4FF2E71020EE010A1FED0C1A65
:10688000C0F2002020EE010A20EE018A05F0EEFBA6
:10689000D8E90001DAE90023821A4EF6FD4061EBE7
:1068A0000303C0F2002005F0E1FBD4E90001D9E9BF
:1068B0000023821A4EF2FA7061EB0303C0F200204B
:1068C00005F0D4FBB7EEC80A4FF24410C0F2002026
:1068D00053EC102B05F0CAFB00207860BFF34F8FFC
:1068E000396843F6E073C1F34E30CA08C1F3C901F9
:1068F0004E1C9107420100BF02EA030546F001E089
:106900000D4400BF00BF00BFC7F8E05105F140458E
:106910000FF007C00028A0F10100A2F12002EBD186
:10692000BFF34F8FBFF36F8F02F0A2F902F06CFA42
:10693000C9E9000102F09CF9CAE900014FF4005EC8
:1069400040F2400040F20001C2F20020C6F6000111
:10695000F1E80223E0E802230FF007C002F088F913
:10696000C8E9000102F084F902F04EFAC4E900011E
:10697000D9E90001D4E9002359405040084306D129
:106980004FF24640C0F2002002F0AEFF41E0D4E9F1
:106990000001D9E90023801A994105F00BF800EEB7
:1069A000100A1FED571A81EE000A1FED581A4FF614
:1069B0004C0020EE010A1FED5A1AC0F2002020EE12
:1069C000010A20EE018A05F051FBD8E90001DAE95D
:1069D0000023821A4EF6FD4061EB0303C0F2002053
:1069E00005F044FBD4E90001D9E90023821A4EF2F4
:1069F000FA7061EB0303C0F2002005F037FBB7EE3D
:106A0000C80A4FF24410C0F2002053EC102B05F0DE
:106A10002DFB4FF496704FF47A7104F055FC4EF64E
:106A2000B050C0F2002002F05FFF00207860BFF39A
:106A30004F8F396843F6E073C1F34E30CA08C1F393
:106A4000C9014E1C9107420102EA030546F001E02C
:106A50000D4400BF00BF00BFC7F8E05105F140453D
:106A60000FF007C00028A0F10100A2F12002EBD135
:106A700040F2705840F21009C2F20228C2F2002916
:106A8000BFF34F8F0BF100610020BFF36F8F88F8C9
:106A900000000820A9F80C004FF48060A9F80E004F
:106AA00001F50030C9F8080040F20000C6F6010008
:106AB000C9F80400D9F8000040F04050C9F80000BF
:106AC00002F0D6F802F0A0F908AAC2E9000102F02B
:106AD000CFF84FF6E022CAE90001C0F20022D2E965
:106AE000004B2046594603F0F3FE2046494603F08A
:106AF0002FFF204603F06CFF0121204603F084FFA6
:106B000098F8000008B900BFFAE702F0B1F802AE49
:106B1000C6E9000102F0ACF802F076F90DF1180AAE
:106B2000CAE90001204603F097FF08ADD5E900014E
:106B3000DAE9002359405040084306D14FF246405D
:106B4000C0F2002002F0D0FE42E0DAE90001D5E90F
:106B50000023801A994104F02DFF00EE100A1FED6A
:106B6000C61A81EE000A1FEDC71A4FF2362020EE3A
:106B7000010A1FEDC91AC0F2002020EE010A20EE22
:106B8000018A05F073FA04AAD6E90001D2E90023CC
:106B9000821A4EF6FD4061EB0303C0F2002005F0BF
:106BA00065FADAE90001D5E90023821A4EF2FA709B
:106BB00061EB0303C0F2002005F058FAB7EEC80AF3
:106BC0004FF24410C0F2002053EC102B05F04EFAA7
:106BD00000207860BFF34F8F396843F6E073C1F34C
:106BE0004E30CA08C1F3C9014E1C9107420100BFD3
:106BF00002EA030546F001E00D4400BF00BF00BFFC
:106C0000C7F8E05105F140450FF007C00028A0F19A
:106C10000100A2F12002EBD1BFF34F8FBFF36F8FC2
:106C2000002088F800000820A9F80C004FF48060CC
:106C3000A9F80E0040F24040C2F20120C9F8080055
:106C400040F20000C6F60100C9F80400D9F80000BF
:106C500040F04050C9F8000002F00AF802F0D4F801
:106C600008AAC2E9000102F003F804AAC2E900017F
:106C70002046594603F02CFE2046494603F068FEA4
:106C8000204603F0A5FE0121204603F0BDFE00BF13
:106C900098F8000008B900BFFAE701F0E9FF0DF12C
:106CA0000809C9E9000101F0E3FF02F0ADF80DF1B8
:106CB000180ACAE90001204603F0CEFE0DF12008B3
:106CC000D8E90001DAE9002359405040084307D1D0
:106CD0004FF24640C0F2002002F006FE04AC42E053
:106CE000DAE90001D8E90023801A994104F062FE34
:106CF00000EE100A9FEDDA1A81EE000A9FEDD91A14
:106D00004EF6100020EE010A9FEDD71AC0F20020C7
:106D100020EE010A20EE018A05F0A8F904ACD9E9B9
:106D20000001D4E90023821A4EF6FD4061EB030313
:106D3000C0F2002005F09AF9DAE90001D8E9002351
:106D4000821A4EF2FA7061EB0303C0F2002005F0E4
:106D50008DF9B7EEC80A4FF24410C0F2002053EC90
:106D6000102B05F083F900207860BFF34F8F57F8A0
:106D70006C0C43F6E07320F4803047F86C0CBFF3E2
:106D80004F8F3968C1F34E30CA08C1F3C9014E1C98
:106D90009107420100BF00BF02EA030546F001E08F
:106DA0000D4400BF00BF00BFC7F8F45105F14045D6
:106DB0000FF007C00028A0F10100A2F12002EBD1E2
:106DC0004EF20001BFF34F8FCEF20101BFF36F8F80
:106DD000086840F004000860BFF34F8FBFF36F8F67
:106DE0000868019057F86C0CC00331D4002078601B
:106DF000BFF34F8F396843F6E073C1F34E30CA08D2
:106E0000C1F3C9014E1C9107420100BF00BF00BF82
:106E100002EA030546F001E00D4400BF00BF00BFD9
:106E2000C7F8E05105F140450FF007C00028A0F178
:106E30000100A2F12002EBD1BFF34F8F57F86C0C89
:106E400040F4803047F86C0CBFF34F8FBFF36F8F67
:106E50000198400705D44FF26C50C0F2002001F0B9
:106E60008BBE4EF2C450C0F2002002F03DFD002067
:106E70007860BFF34F8F396843F6E073C1F34E304B
:106E8000CA08C1F3C9014E1C9107420100BF00BFEF
:106E900002EA030546F001E00D4400BF00BF00BF59
:106EA000C7F8E05105F140450FF007C00028A0F1F8
:106EB0000100A2F12002EBD1BFF34F8FBFF36F8F20
:106EC00001F0D6FEC4E9000101F0D2FE01F09CFF02
:106ED000C8E900014FF4803E40F2000040F200019A
:106EE000C2F20000C6F6010111F8012B00F8012BD7
:106EF0000FF007C001F0BCFEC9E9000101F0B8FEC7
:106F000001F082FFCAE90001D8E90001DAE90023B3
:106F100059405040084306D14FF24640C0F200208D
:106F200002F0E2FC41E0DAE90001D8E90023801A2E
:106F3000994104F03FFD00EE100A9FED491A81EEE1
:106F4000000A9FED481A4FF2107020EE010A9FEDE3
:106F5000461AC0F2002020EE010A20EE018A05F058
:106F600085F8D9E90001D4E90023821A4EF6FD40E4
:106F700061EB0303C0F2002005F078F8DAE90001C4
:106F8000D8E90023821A4EF2FA7061EB0303C0F2D3
:106F9000002005F06BF8B7EEC80A4FF24410C0F2BB
:106FA000002053EC102B05F061F800207860BFF34F
:106FB0004F8F396843F6E073C1F34E30CA08C1F30E
:106FC000C9014E1C9107420102EA030546F001E0A7
:106FD0000D4400BF00BF00BFC7F8E05105F14045B8
:106FE0000FF007C00028A0F10100A2F12002EBD1B0
:106FF000BFF34F8FBFF36F8F01F03AFE01F004FF34
:10700000C8E9000101F034FEC4E900014FF4004E6C
:1070100040F2000040F20001C2F20000C6F6010199
:1070200031F8022B20F8022B0FF007C001F020FEF0
:10703000C9E9000101F01CFE01F0E6FECAE9000109
:10704000D8E90001DAE900235940504008430DD146
:107050004FF24640C0F2002002F046FC48E000BF7C
:1070600000008047002474490000803ADAE90001FA
:10707000D8E90023801A994104F09CFC00EE100A24
:107080001FED091A81EE000A1FED0A1A4EF2474061
:1070900020EE010A1FED0C1AC0F2002020EE010ABA
:1070A00020EE018A04F0E2FFD9E90001D4E90023CF
:1070B000821A4EF6FD4061EB0303C0F2002004F09B
:1070C000D5FFDAE90001D8E90023821A4EF2FA70FE
:1070D00061EB0303C0F2002004F0C8FFB7EEC80A5A
:1070E0004FF24410C0F2002053EC102B04F0BEFF0E
:1070F00000207860BFF34F8F396843F6E073C1F327
:107100004E30CA08C1F3C9014E1C9107420100BFAD
:1071100002EA030546F001E00D4400BF00BF00BFD6
:10712000C7F8E05105F140450FF007C00028A0F175
:107130000100A2F12002EBD1BFF34F8FBFF36F8F9D
:1071400001F096FD01F060FEC8E9000101F090FD3C
:10715000C4E900014FF4804E40F2000040F200010B
:10716000C2F20000C6F6010151F8042B40F8042BCE
:107170000FF007C001F07CFDC9E9000101F078FDC6
:1071800001F042FECAE90001D8E90001DAE9002372
:1071900059405040084306D14FF24640C0F200200B
:1071A00002F0A2FB41E0DAE90001D8E90023801AED
:1071B000994104F0FFFB00EE100A1FED571A81EE13
:1071C000000A1FED581A4FF6991020EE010A1FED24
:1071D0005A1AC0F2002020EE010A20EE018A04F0C3
:1071E00045FFD9E90001D4E90023821A4EF6FD409B
:1071F00061EB0303C0F2002004F038FFDAE900017C
:10720000D8E90023821A4EF2FA7061EB0303C0F250
:10721000002004F02BFFB7EEC80A4FF24410C0F272
:10722000002053EC102B04F021FF00207860BFF306
:107230004F8F396843F6E073C1F34E30CA08C1F38B
:10724000C9014E1C9107420102EA030546F001E024
:107250000D4400BF00BF00BFC7F8E05105F1404535
:107260000FF007C00028A0F10100A2F12002EBD12D
:10727000BFF34F8FBFF36F8F01F0FAFC01F0C4FD35
:10728000C8E9000101F0F4FCC4E900014FF4005E1C
:1072900040F2000040F20001C2F20000C6F6010117
:1072A000F1E80223E0E802230FF007C001F0E0FC60
:1072B000C9E9000101F0DCFC01F0A6FDCAE900010A
:1072C000D8E90001DAE9002359405040084306D1CB
:1072D0004FF24640C0F2002002F006FB41E0DAE93E
:1072E0000001D8E90023801A994104F063FB00EE05
:1072F000100A1FEDA51A81EE000A1FEDA61A4EF224
:10730000755020EE010A1FEDA81AC0F2002020EEF1
:10731000010A20EE018A04F0A9FED9E90001D4E9AE
:107320000023821A4EF6FD4061EB0303C0F20020F9
:1073300004F09CFEDAE90001D8E90023821A4EF23B
:10734000FA7061EB0303C0F2002004F08FFEB7EE89
:10735000C80A4FF24410C0F2002053EC102B04F086
:1073600085FE00207860BFF34F8F396843F6E073E5
:10737000C1F34E30CA08C1F3C9014E1C9107420146
:1073800002EA030546F001E00D4400BF00BF00BF64
:10739000C7F8E05105F140450FF007C00028A0F103
:1073A0000100A2F12002EBD1BFF34F8FBFF36F8F2B
:1073B00001F05EFC01F028FDC8E9000101F058FC75
:1073C000C4E900014FF4803E40F2000040F20001A9
:1073D000C2F20000C6F6000111F8012B00F8012BE3
:1073E0000FF007C001F044FCC9E9000101F040FCC6
:1073F00001F00AFDCAE90001D8E90001DAE9002339
:1074000059405040084306D14FF24640C0F2002098
:1074100002F06AFA41E0DAE90001D8E90023801AB3
:10742000994104F0C7FA00EE100A9FED971A81EE19
:10743000000A9FED961A4EF2373020EE010A9FEDBA
:10744000941AC0F2002020EE010A20EE018A04F016
:107450000DFED9E90001D4E90023821A4EF6FD4061
:1074600061EB0303C0F2002004F000FEDAE9000142
:10747000D8E90023821A4EF2FA7061EB0303C0F2DE
:10748000002004F0F3FDB7EEC80A4FF24410C0F23A
:10749000002053EC102B04F0E9FD00207860BFF3CE
:1074A0004F8F396843F6E073C1F34E30CA08C1F319
:1074B000C9014E1C9107420102EA030546F001E0B2
:1074C0000D4400BF00BF00BFC7F8E05105F14045C3
:1074D0000FF007C00028A0F10100A2F12002EBD1BB
:1074E000BFF34F8FBFF36F8F01F0C2FB01F08CFC35
:1074F000C8E9000101F0BCFBC4E900014FF4004EF3
:1075000040F2000040F20001C2F20000C6F60001A5
:1075100031F8022B20F8022B0FF007C001F0A8FB76
:10752000C9E9000101F0A4FB01F06EFCCAE9000109
:10753000D8E90001DAE9002359405040084306D158
:107540004FF24640C0F2002002F0CEF941E0DAE905
:107550000001D8E90023801A994104F02BFA00EECB
:10756000100A9FED491A81EE000A9FED481A4EF667
:10757000115020EE010A9FED461AC0F2002020EEC5
:10758000010A20EE018A04F071FDD9E90001D4E975
:107590000023821A4EF6FD4061EB0303C0F2002087
:1075A00004F064FDDAE90001D8E90023821A4EF202
:1075B000FA7061EB0303C0F2002004F057FDB7EE50
:1075C000C80A4FF24410C0F2002053EC102B04F014
:1075D0004DFD00207860BFF34F8F396843F6E073AC
:1075E000C1F34E30CA08C1F3C9014E1C91074201D4
:1075F00002EA030546F001E00D4400BF00BF00BFF2
:10760000C7F8E05105F140450FF007C00028A0F190
:107610000100A2F12002EBD1BFF34F8FBFF36F8FB8
:1076200001F026FB01F0F0FBC8E9000101F020FBAE
:10763000C4E900014FF4804E40F2000040F2000126
:10764000C2F20000C6F6000151F8042B40F8042BEA
:107650000FF007C001F00CFBC9E9000101F008FBC5
:1076600001F0D2FBCAE90001D8E90001DAE9002300
:107670005940504008430DD14FF24640C0F200201F
:1076800002F032F948E000BF00008047002474494E
:107690000000803ADAE90001D8E90023801A994114
:1076A00004F088F900EE100A1FED091A81EE000AB5
:1076B0001FED0A1A4EF60F3020EE010A1FED0C1ACC
:1076C000C0F2002020EE010A20EE018A04F0CEFC78
:1076D000D9E90001D4E90023821A4EF6FD4061EB9E
:1076E0000303C0F2002004F0C1FCDAE90001D8E98C
:1076F0000023821A4EF2FA7061EB0303C0F20020FD
:1077000004F0B4FCB7EEC80A4FF24410C0F20020F7
:1077100053EC102B04F0AAFC00207860BFF34F8FCD
:10772000396843F6E073C1F34E30CA08C1F3C901AA
:107730004E1C9107420100BF02EA030546F001E03A
:107740000D4400BF00BF00BFC7F8E05105F1404540
:107750000FF007C00028A0F10100A2F12002EBD138
:10776000BFF34F8FBFF36F8F01F082FA01F04CFB34
:10777000C8E9000101F07CFAC4E900014FF4005EA1
:1077800040F2000040F20001C2F20000C6F6000123
:10779000F1E80223E0E802230FF007C001F068FAE5
:1077A000C9E9000101F064FA01F02EFBCAE9000109
:1077B000D8E90001DAE9002359405040084306D1D6
:1077C0004FF24640C0F2002002F08EF841E0DAE9C4
:1077D0000001D8E90023801A994104F0EBF800EE8B
:1077E000100A1FED571A81EE000A1FED581A4EF6C7
:1077F000092020EE010A1FED5A1AC0F2002020EEE7
:10780000010A20EE018A04F031FCD9E90001D4E933
:107810000023821A4EF6FD4061EB0303C0F2002004
:1078200004F024FCDAE90001D8E90023821A4EF2C0
:10783000FA7061EB0303C0F2002004F017FCB7EE0E
:10784000C80A4FF24410C0F2002053EC102B04F091
:107850000DFC00207860BFF34F8F396843F6E0736A
:10786000C1F34E30CA08C1F3C9014E1C9107420151
:1078700002EA030546F001E00D4400BF00BF00BF6F
:10788000C7F8E05105F140450FF007C00028A0F10E
:107890000100A2F12002EBD1BFF34F8FBFF36F8F36
:1078A00001F0E6F901F0B0FAC8E9000101F0E0F9F1
:1078B000C4E900014FF4803E40F2404040F2000134
:1078C000C2F20120C6F6010111F8012B00F8012BCC
:1078D0000FF007C001F0CCF9C9E9000101F0C8F9C7
:1078E00001F092FACAE90001D8E90001DAE90023BF
:1078F00059405040084306D14FF24640C0F20020A4
:1079000001F0F2FF41E0DAE90001D8E90023801A32
:10791000994104F04FF800EE100A1FEDA51A81EE10
:10792000000A1FEDA61A4FF6E81020EE010A1FED1F
:10793000A81AC0F2002020EE010A20EE018A04F00D
:1079400095FBD9E90001D4E90023821A4EF6FD40E7
:1079500061EB0303C0F2002004F088FBDAE90001C8
:10796000D8E90023821A4EF2FA7061EB0303C0F2E9
:10797000002004F07BFBB7EEC80A4FF24410C0F2BF
:10798000002053EC102B04F071FB00207860BFF353
:107990004F8F396843F6E073C1F34E30CA08C1F324
:1079A000C9014E1C9107420102EA030546F001E0BD
:1079B0000D4400BF00BF00BFC7F8E05105F14045CE
:1079C0000FF007C00028A0F10100A2F12002EBD1C6
:1079D000BFF34F8FBFF36F8F01F04AF901F014FA34
:1079E000C8E9000101F044F9C4E900014FF4004E78
:1079F00040F2404040F20001C2F20120C6F601010F
:107A000031F8022B20F8022B0FF007C001F030F9FB
:107A1000C9E9000101F02CF901F0F6F9CAE9000109
:107A2000D8E90001DAE9002359405040084306D163
:107A30004FF24640C0F2002001F056FF41E0DAE983
:107A40000001D8E90023801A994103F0B3FF00EE4A
:107A5000100A9FED971A81EE000A9FED961A4EF2DA
:107A6000863020EE010A9FED941AC0F2002020EE2D
:107A7000010A20EE018A04F0F9FAD9E90001D4E9FB
:107A80000023821A4EF6FD4061EB0303C0F2002092
:107A900004F0ECFADAE90001D8E90023821A4EF288
:107AA000FA7061EB0303C0F2002004F0DFFAB7EED6
:107AB000C80A4FF24410C0F2002053EC102B04F01F
:107AC000D5FA00207860BFF34F8F396843F6E07332
:107AD000C1F34E30CA08C1F3C9014E1C91074201DF
:107AE00002EA030546F001E00D4400BF00BF00BFFD
:107AF000C7F8E05105F140450FF007C00028A0F19C
:107B00000100A2F12002EBD1BFF34F8FBFF36F8FC3
:107B100001F0AEF801F078F9C8E9000101F0A8F829
:107B2000C4E900014FF4804E40F2404040F20001B1
:107B3000C2F20120C6F6010151F8042B40F8042BD3
:107B40000FF007C001F094F8C9E9000101F090F8C6
:107B500001F05AF9CAE90001D8E90001DAE9002385
:107B600059405040084306D14FF24640C0F2002031
:107B700001F0BAFE41E0DAE90001D8E90023801AF9
:107B8000994103F017FF00EE100A9FED491A81EEAC
:107B9000000A9FED481A4EF65E3020EE010A9FED76
:107BA000461AC0F2002020EE010A20EE018A04F0FD
:107BB0005DFAD9E90001D4E90023821A4EF6FD40AE
:107BC00061EB0303C0F2002004F050FADAE900018F
:107BD000D8E90023821A4EF2FA7061EB0303C0F277
:107BE000002004F043FAB7EEC80A4FF24410C0F286
:107BF000002053EC102B04F039FA00207860BFF31A
:107C00004F8F396843F6E073C1F34E30CA08C1F3B1
:107C1000C9014E1C9107420102EA030546F001E04A
:107C20000D4400BF00BF00BFC7F8E05105F140455B
:107C30000FF007C00028A0F10100A2F12002EBD153
:107C4000BFF34F8FBFF36F8F01F012F801F0DCF834
:107C5000C8E9000101F00CF8C4E900014FF4005E2E
:107C600040F2404040F20001C2F20120C6F601019C
:107C7000F1E80223E0E802230FF007C000F0F8FF6C
:107C8000C9E9000100F0F4FF01F0BEF8CAE9000103
:107C9000D8E90001DAE900235940504008430DD1EA
:107CA0004FF24640C0F2002001F01EFE48E000BF47
:107CB00000008047002474490000803ADAE900019E
:107CC000D8E90023801A994103F074FE00EE100AEF
:107CD0001FED091A81EE000A1FED0A1A4EF2D53087
:107CE00020EE010A1FED0C1AC0F2002020EE010A5E
:107CF00020EE018A04F0BAF9D9E90001D4E90023A1
:107D0000821A4EF6FD4061EB0303C0F2002004F03E
:107D1000ADF9DAE90001D8E90023821A4EF2FA70CF
:107D200061EB0303C0F2002004F0A0F9B7EEC80A2B
:107D30004FF24410C0F2002053EC102B04F096F9DF
:107D400000207860BFF34F8F396843F6E073C1F3CA
:107D50004E30CA08C1F3C9014E1C9107420100BF51
:107D600002EA030546F001E00D4400BF00BF00BF7A
:107D7000C7F8E05105F140450FF007C00028A0F119
:107D80000100A2F12002EBD1BFF34F8FBFF36F8F41
:107D900000F06EFF01F038F8C8E9000100F068FF5C
:107DA000C4E900014FF4803E40F2400040F200017F
:107DB000C2F20020C6F6010111F8012B00F8012BD8
:107DC0000FF007C000F054FFC9E9000100F050FFB8
:107DD00001F01AF8CAE90001D8E90001DAE9002344
:107DE00059405040084306D14FF24640C0F20020AF
:107DF00001F07AFD41E0DAE90001D8E90023801AB8
:107E0000994103F0D7FD00EE100A1FED571A81EEDD
:107E1000000A1FED581A4FF2F35020EE010A1FED31
:107E20005A1AC0F2002020EE010A20EE018A04F066
:107E30001DF9D9E90001D4E90023821A4EF6FD406C
:107E400061EB0303C0F2002004F010F9DAE900014D
:107E5000D8E90023821A4EF2FA7061EB0303C0F2F4
:107E6000002004F003F9B7EEC80A4FF24410C0F244
:107E7000002053EC102B04F0F9F800207860BFF3D9
:107E80004F8F396843F6E073C1F34E30CA08C1F32F
:107E9000C9014E1C9107420102EA030546F001E0C8
:107EA0000D4400BF00BF00BFC7F8E05105F14045D9
:107EB0000FF007C00028A0F10100A2F12002EBD1D1
:107EC000BFF34F8FBFF36F8F00F0D2FE00F09CFF27
:107ED000C8E9000100F0CCFEC4E900014FF4004EF7
:107EE00040F2400040F20001C2F20020C6F601015B
:107EF00031F8022B20F8022B0FF007C000F0B8FE7B
:107F0000C9E9000100F0B4FE00F07EFFCAE90001FB
:107F1000D8E90001DAE9002359405040084306D16E
:107F20004FF24640C0F2002001F0DEFC41E0DAE909
:107F30000001D8E90023801A994103F03BFD00EECF
:107F4000100A1FEDA51A81EE000A1FEDA61A4FF2C6
:107F5000571020EE010A1FEDA81AC0F2002020EEF3
:107F6000010A20EE018A04F081F8D9E90001D4E980
:107F70000023821A4EF6FD4061EB0303C0F200209D
:107F800004F074F8DAE90001D8E90023821A4EF20D
:107F9000FA7061EB0303C0F2002004F067F8B7EE5B
:107FA000C80A4FF24410C0F2002053EC102B04F02A
:107FB0005DF800207860BFF34F8F396843F6E073B7
:107FC000C1F34E30CA08C1F3C9014E1C91074201EA
:107FD00002EA030546F001E00D4400BF00BF00BF08
:107FE000C7F8E05105F140450FF007C00028A0F1A7
:107FF0000100A2F12002EBD1BFF34F8FBFF36F8FCF
:1080000000F036FE00F000FFC8E9000100F030FE8D
:10801000C4E900014FF4804E40F2400040F20001FC
:10802000C2F20020C6F6010151F8042B40F8042BDF
:108030000FF007C000F01CFEC9E9000100F018FEB7
:1080400000F0E2FECAE90001D8E90001DAE9002304
:1080500059405040084306D14FF24640C0F200203C
:1080600001F042FC41E0DAE90001D8E90023801A7E
:10807000994103F09FFC00EE100A9FED971A81EEE4
:10808000000A9FED961A4EF27F2020EE010A9FED26
:10809000941AC0F2002020EE010A20EE018A03F0BB
:1080A000E5FFD9E90001D4E90023821A4EF6FD402C
:1080B00061EB0303C0F2002003F0D8FFDAE900010E
:1080C000D8E90023821A4EF2FA7061EB0303C0F282
:1080D000002003F0CBFFB7EEC80A4FF24410C0F205
:1080E000002053EC102B03F0C1FF00207860BFF399
:1080F0004F8F396843F6E073C1F34E30CA08C1F3BD
:10810000C9014E1C9107420102EA030546F001E055
:108110000D4400BF00BF00BFC7F8E05105F1404566
:108120000FF007C00028A0F10100A2F12002EBD15E
:10813000BFF34F8FBFF36F8F00F09AFD00F064FE26
:10814000C8E9000100F094FDC4E900014FF4005EAD
:1081500040F2400040F20001C2F20020C6F60101E8
:10816000F1E80223E0E802230FF007C000F080FDF1
:10817000C9E9000100F07CFD00F046FECAE90001FB
:10818000D8E90001DAE9002359405040084306D1FC
:108190004FF24640C0F2002001F0A6FB41E0DAE9D0
:1081A0000001D8E90023801A994103F003FC00EE96
:1081B000100A9FED491A81EE000A9FED481A4EF60B
:1081C0006A1020EE010A9FED461AC0F2002020EE50
:1081D000010A20EE018A03F049FFD9E90001D4E940
:1081E0000023821A4EF6FD4061EB0303C0F200202B
:1081F00003F03CFFDAE90001D8E90023821A4EF2CD
:10820000FA7061EB0303C0F2002003F02FFFB7EE1A
:10821000C80A4FF24410C0F2002053EC102B03F0B8
:1082200025FF00207860BFF34F8F396843F6E07375
:10823000C1F34E30CA08C1F3C9014E1C9107420177
:1082400002EA030546F001E00D4400BF00BF00BF95
:10825000C7F8E05105F140450FF007C00028A0F134
:108260000100A2F12002EBD1BFF34F8FBFF36F8F5C
:1082700000F0FEFC00F0C8FDC8E9000100F0F8FCC9
:10828000C4E900014FF4803E40F2404040F200015A
:10829000C2F20120C6F6000111F8012B00F8012BF3
:1082A0000FF007C000F0E4FCC9E9000100F0E0FCB9
:1082B00000F0AAFDCAE90001D8E90001DAE90023CB
:1082C0005940504008430DD14FF24640C0F20020C3
:1082D00001F00AFB48E000BF000080470024744919
:1082E0000000803ADAE90001D8E90023801A9941B8
:1082F00003F060FB00EE100A1FED091A81EE000A80
:108300001FED0A1A4FF2CA2020EE010A1FED0C1AC7
:10831000C0F2002020EE010A20EE018A03F0A6FE42
:10832000D9E90001D4E90023821A4EF6FD4061EB41
:108330000303C0F2002003F099FEDAE90001D8E956
:108340000023821A4EF2FA7061EB0303C0F20020A0
:1083500003F08CFEB7EEC80A4FF24410C0F20020C2
:1083600053EC102B03F082FE00207860BFF34F8F98
:10837000396843F6E073C1F34E30CA08C1F3C9014E
:108380004E1C9107420100BF02EA030546F001E0DE
:108390000D4400BF00BF00BFC7F8E05105F14045E4
:1083A0000FF007C00028A0F10100A2F12002EBD1DC
:1083B000BFF34F8FBFF36F8F00F05AFC00F024FD26
:1083C000C8E9000100F054FCC4E900014FF4004E7C
:1083D00040F2404040F20001C2F20120C6F6000126
:1083E00031F8022B20F8022B0FF007C000F040FC00
:1083F000C9E9000100F03CFC00F006FDCAE90001FB
:10840000D8E90001DAE9002359405040084306D179
:108410004FF24640C0F2002001F066FA41E0DAE98E
:108420000001D8E90023801A994103F0C3FA00EE55
:10843000100A1FED571A81EE000A1FED581A4FF26D
:10844000FD7020EE010A1FED5A1AC0F2002020EE46
:10845000010A20EE018A03F009FED9E90001D4E9FE
:108460000023821A4EF6FD4061EB0303C0F20020A8
:1084700003F0FCFDDAE90001D8E90023821A4EF28C
:10848000FA7061EB0303C0F2002003F0EFFDB7EEDA
:10849000C80A4FF24410C0F2002053EC102B03F036
:1084A000E5FD00207860BFF34F8F396843F6E07335
:1084B000C1F34E30CA08C1F3C9014E1C91074201F5
:1084C00002EA030546F001E00D4400BF00BF00BF13
:1084D000C7F8E05105F140450FF007C00028A0F1B2
:1084E0000100A2F12002EBD1BFF34F8FBFF36F8FDA
:1084F00000F0BEFB00F088FCC8E9000100F0B8FB0A
:10850000C4E900014FF4804E40F2404040F20001C7
:10851000C2F20120C6F6000151F8042B40F8042BEA
:108520000FF007C000F0A4FBC9E9000100F0A0FBB8
:1085300000F06AFCCAE90001D8E90001DAE9002389
:1085400059405040084306D14FF24640C0F2002047
:1085500001F0CAF941E0DAE90001D8E90023801A04
:10856000994103F027FA00EE100A1FEDA51A81EEDB
:10857000000A1FEDA61A4FF6372020EE010A1FED64
:10858000A81AC0F2002020EE010A20EE018A03F0B2
:108590006DFDD9E90001D4E90023821A4EF6FD40B1
:1085A00061EB0303C0F2002003F060FDDAE9000193
:1085B000D8E90023821A4EF2FA7061EB0303C0F28D
:1085C000002003F053FDB7EEC80A4FF24410C0F28A
:1085D000002053EC102B03F049FD00207860BFF31E
:1085E0004F8F396843F6E073C1F34E30CA08C1F3C8
:1085F000C9014E1C9107420102EA030546F001E061
:108600000D4400BF00BF00BFC7F8E05105F1404571
:108610000FF007C00028A0F10100A2F12002EBD169
:10862000BFF34F8FBFF36F8F00F022FB00F0ECFB26
:10863000C8E9000100F01CFBC4E900014FF4005E32
:1086400040F2404040F20001C2F20120C6F60001B3
:10865000F1E80223E0E802230FF007C000F008FB76
:10866000C9E9000100F004FB00F0CEFBCAE90001FB
:10867000D8E90001DAE9002359405040084306D107
:108680004FF24640C0F2002001F02EF941E0DAE955
:108690000001D8E90023801A994103F08BF900EE1C
:1086A000100A9FED971A81EE000A9FED961A4EF67A
:1086B000AC0020EE010A9FED941AC0F2002020EEDB
:1086C000010A20EE018A03F0D1FCD9E90001D4E9C6
:1086D0000023821A4EF6FD4061EB0303C0F2002036
:1086E00003F0C4FCDAE90001D8E90023821A4EF253
:1086F000FA7061EB0303C0F2002003F0B7FCB7EEA1
:10870000C80A4FF24410C0F2002053EC102B03F0C3
:10871000ADFC00207860BFF34F8F396843F6E073FB
:10872000C1F34E30CA08C1F3C9014E1C9107420182
:1087300002EA030546F001E00D4400BF00BF00BFA0
:10874000C7F8E05105F140450FF007C00028A0F13F
:108750000100A2F12002EBD1BFF34F8FBFF36F8F67
:1087600000F086FA00F050FBC8E9000100F080FA42
:10877000C4E900014FF4803E40F2400040F20001A5
:10878000C2F20020C6F6000111F8012B00F8012BFF
:108790000FF007C000F06CFAC9E9000100F068FAB8
:1087A00000F032FBCAE90001D8E90001DAE9002350
:1087B00059405040084306D14FF24640C0F20020D5
:1087C00001F092F841E0DAE90001D8E90023801ACB
:1087D000994103F0EFF800EE100A9FED491A81EE7F
:1087E000000A9FED481A4FF21D5020EE010A9FED3E
:1087F000461AC0F2002020EE010A20EE018A03F0A2
:1088000035FCD9E90001D4E90023821A4EF6FD4077
:1088100061EB0303C0F2002003F028FCDAE9000159
:10882000D8E90023821A4EF2FA7061EB0303C0F21A
:10883000002003F01BFCB7EEC80A4FF24410C0F250
:10884000002053EC102B03F011FC00207860BFF3E4
:108850004F8F396843F6E073C1F34E30CA08C1F355
:10886000C9014E1C9107420102EA030546F001E0EE
:108870000D4400BF00BF00BFC7F8E05105F14045FF
:108880000FF007C00028A0F10100A2F12002EBD1F7
:10889000BFF34F8FBFF36F8F00F0EAF900F0B4FA27
:1088A000C8E9000100F0E4F9C4E900014FF4004E0A
:1088B00040F2400040F20001C2F20020C6F6000182
:1088C00031F8022B20F8022B0FF007C000F0D0F98E
:1088D000C9E9000100F0CCF900F096FACAE90001FC
:1088E000D8E90001DAE900235940504008430DD18E
:1088F0004FF24640C0F2002000F0F6FF48E000BF13
:1089000000008047002474490000803ADAE9000141
:10891000D8E90023801A994103F04CF800EE100AC0
:108920009FEDBD1A81EE000A9FEDBC1A4FF26C401C
:1089300020EE010A9FEDBA1AC0F2002020EE010AD3
:1089400020EE018A03F092FBD9E90001D4E900236B
:10895000821A4EF6FD4061EB0303C0F2002003F0E3
:1089600085FBDAE90001D8E90023821A4EF2FA7099
:1089700061EB0303C0F2002003F078FBB7EEC80AF6
:108980004FF24410C0F2002053EC102B03F06EFBAA
:1089900000207860BFF34F8F396843F6E073C1F36E
:1089A0004E30CA08C1F3C9014E1C9107420100BFF5
:1089B00002EA030546F001E00D4400BF00BF00BF1E
:1089C000C7F8E05105F140450FF007C00028A0F1BD
:1089D0000100A2F12002EBD1BFF34F8FBFF36F8FE5
:1089E00000F046F900F010FAC8E9000100F040F983
:1089F000C4E900014FF4804E40F2400040F2000113
:108A0000C2F20020C6F6000151F8042B40F8042BF6
:108A10000FF007C000F02CF9C9E9000100F028F9B7
:108A200000F0F2F9CAE90001D8E90001DAE900230F
:108A300059405040084306D14FF24640C0F2002052
:108A400000F052FF41E0DAE90001D8E90023801A82
:108A5000994102F0AFFF00EE100A9FED6F1A81EE10
:108A6000000A9FED6E1A4FF2E71020EE010A9FED0B
:108A70006C1AC0F2002020EE010A20EE018A03F0F9
:108A8000F5FAD9E90001D4E90023821A4EF6FD4037
:108A900061EB0303C0F2002003F0E8FADAE9000119
:108AA000D8E90023821A4EF2FA7061EB0303C0F298
:108AB000002003F0DBFAB7EEC80A4FF24410C0F210
:108AC000002053EC102B03F0D1FA00207860BFF3A4
:108AD0004F8F396843F6E073C1F34E30CA08C1F3D3
:108AE000C9014E1C9107420102EA030546F001E06C
:108AF0000D4400BF00BF00BFC7F8E05105F140457D
:108B00000FF007C00028A0F10100A2F12002EBD174
:108B1000BFF34F8FBFF36F8F00F0AAF800F074F926
:108B2000C8E9000100F0A4F8C4E900014FF4005EB8
:108B300040F2400040F20001C2F20020C6F60001FF
:108B4000F1E80223E0E802230FF007C000F090F8FC
:108B5000C9E9000100F08CF800F056F9CAE90001FB
:108B6000D8E90001DAE900235940504008430BD10D
:108B70004FF24640C0F200200AB0BDEC028B01B0BB
:108B8000BDE8F04F00F0B0BEDAE90001D8E90023FB
:108B9000801A994102F00EFF00EE100A9FED1E1A96
:108BA00081EE000A9FED1D1A4FF64C0020EE010ADF
:108BB0009FED1B1AC0F2002020EE010A20EE018A70
:108BC00003F054FAD9E90001D4E90023821A4EF6E1
:108BD000FD4061EB0303C0F2002003F047FADAE93D
:108BE0000001D8E90023821A4EF2FA7061EB030308
:108BF000C0F2002003F03AFAB7EEC80A4FF2441070
:108C0000C0F2002053EC102B0AB0BDEC028B01B077
:108C1000BDE8F04F03F02ABA0000804700247449F1
:108C20000000803AD4D4D4D440F270500121C2F272
:108C3000022001707047D4D480B500F02DFA40F2C4
:108C4000785CEFF3118EC2F2022C002383F31288BA
:108C5000DCE90032C0185141013041F10001CCE99A
:108C600000018EF3118880BD7047D4D4D4D4D4D4FD
:108C70002DE9F0410020EFF3118880F3128800F015
:108C80000FFA40F278570446C2F202270D463A7EA8
:108C9000012A0ED100F04CF958B300F001FA044655
:108CA0000D4600F0F9F900196941441C41F1000535
:108CB0001FE0EFF3108672B600F03AF9B8B100F099
:108CC0003FF900F0E9F90022EFF3118382F31288F3
:108CD000D7E9002580186941013041F10001C7E959
:108CE000000183F3118800F0DBF904460D4686F39A
:108CF0001088D7E900010019D7E902236941821AD7
:108D000071EB030205DAD7E9020188F31188BDE8A7
:108D1000F081C7E9020188F31188BDE8F081D4D45D
:108D20002DE9F04381B040F27857EFF31185C2F29C
:108D300002274FF0000989F31288387600F008F90D
:108D4000804600F0FDF885F3118800F0A5F900F0E9
:108D50009BF944F2402100EE100AC0F20F01B8EE78
:108D6000400A9FED241A40F2745688425FEA2F9120
:108D7000797680EE012A797E81EE000A9FED1E1A37
:108D8000C2F20226002944F6D351C1F2620102FE6A
:108D9000000AA0FB0101B6EE002AA0EE012A880914
:108DA000BDEEC20A87ED040A7861EFF3118489F3FE
:108DB0001288C6F80090FFF75BFFBFF34F8FBFF339
:108DC0006F8F00BFBFF34F8FBFF36F8F0546FFF765
:108DD0004FFF31682944401A306084F31188C7E995
:108DE0000099C7E90299FFF73FFF404601B0BDE88F
:108DF000F08300BF0024744900008047D4D4D4D449
:108E00000120FFF78DBFD4D480B540F27852C2F272
:108E10000222537E012B0CD1126986464FEAE27C76
:108E2000A0FB02030EFB0C3301FB023150EA2F4181
:108E300080BD50EA0F411269D31702F037FE80BDA2
:108E400000F002B8D4D4D4D410B54EF63050CEF2DF
:108E500000000068800631D543F68044CEF200045D
:108E6000206CB0F1FF3F04DC4FF000402060FFF7C2
:108E7000E3FED4F88001C0B202281FD3216889071D
:108E80000AD50221216040F29851C2F20221D1E9B3
:108E900000230133C1E9002304280FD32168090707
:108EA0000AD50821216040F29851C2F20221D1E98D
:108EB00002230133C1E90223062800D210BD216834
:108EC00089060AD52021216040F29851C2F2022180
:108ED000D1E904230133C1E90423062808BF10BDEA
:108EE00008284FF0010C5CEA3C9E40F29851C2F217
:108EF00002210622F646183108E000BF00BF00BF7D
:108F000001320831BEF1010E00D1D7E70CFA02F3AD
:108F1000206C1842F4D02360D1E9000310F58030B2
:108F200043F10003C1E90003EAE7D4D4D4D4D4D494
:108F300043F6C040CEF200000068C00F7047D4D4A2
:108F400043F680404FF00041CEF2000001607047D0
:108F500043F60041CEF20001D1F80002420440F194
:108F60008E80F0B543F60463EFF3108CCEF200036D
:108F700072B64FF000461A6822F001021A600E62C3
:108F80000E661A6842F004021A60C1F880601A681E
:108F900042F002021A60D1F80022D2B2022A54D35F
:108FA0004FF600054FF60404CFF6FF75CFF6FF74B9
:108FB0004FF0080E042A41F805E04FF01E050D5150
:108FC0004FF00304C1F880404FF002070F640C60BB
:108FD0003BD34FF608041327CFF6FF74062A0F5130
:108FE0004FF60C04CFF6FF740D514FF00C04C1F88E
:108FF0008040C1F840E00C6027D34FF610070325EE
:10900000CFF6FF77062ACD514FF61407CFF6FF773C
:109010004FF01E05CD514FF03007C1F880704FF072
:1090200020050D640F6010D0082A4FF0010252EAAB
:10903000329E062400BF00BF02FA04F50134C1F8D5
:1090400080500D640D600FF009C84EF6FC52CEF250
:109050000002176847F0807747F4441717600E64E2
:109060000E601968002241F00101196041F200010F
:10907000CEF200010A608CF31088BDE8F040C0F326
:1090800080307047D4D4D4D440F6D030C2F202201D
:1090900000687047D4D4D4D44FF0FF30002170471B
:1090A00043F27C000021CEF2000000687047D4D467
:1090B00010B540F2C054A821C2F20224204602F0AA
:1090C00080FE0320206160614FF2742040F26961EC
:1090D000C0F20020A061C2F20221E1614FF4806180
:1090E00021620021A1626162E16240F6692220668C
:1090F0004FF0100E4FF69D20C2F202226266C4F8B5
:1091000068E02167E1666167BFF35F8FC0F200200E
:109110000F3000BF00BF00BF10F8011904F8011B99
:109120000FF007C0BFF35F8F10BDD4D4D4D4D4D414
:109130002DE9F04F85B040F2C0598B46C2F20229AA
:10914000044699F80020532A42D0A821484602F04C
:1091500038FE0320C9F81000C9F814004FF274203B
:1091600040F26961C0F20020C9F81800C2F2022181
:10917000C9F81C104FF48061C9F820100021C9F80B
:109180002810C9F82410C9F82C1040F66922C9F833
:1091900060004FF0100E4FF69D20C2F20222C9F877
:1091A0006420C9F868E0C9F87010C9F86C10C9F8F3
:1091B0007410BFF35F8FC0F200200F30494600BF2C
:1091C00010F8012901F8012B0FF007C0BFF35F8FE2
:1091D0000F2C13D8584602F0BCFEEFF311834FF06A
:1091E000200181F31188D9F82470D9F8281082461B
:1091F000B9426FEA070004D90A1806E04FF0FF38B9
:109200001AE2D9F8202008440244D9F82C0000F0D2
:1092100003004FF0FF38DFE810F004000C004A00B4
:109220000D020AF10400824280F05D814FF00008D7
:1092300000E2042AC0F0FE814FF68D219046C0F274
:10924000002103AE02250193095DFF208DF80C007B
:109250008DF80D1022E000BFD9F82010104408440A
:10926000C91B884250EA31803146A84250EA358411
:10927000D9F81C003844224602F0A8FDE019D9F8BC
:109280002010411AA5EB040550EA11872644002D51
:10929000BFF35F8FC9F8247000F0B180D9F82800BF
:1092A000FA43B842D8D91044D9F82010D8E74FF67D
:1092B0008D2104AEC0F2002102250193FF20095D3B
:1092C0008DF810008DF8111022E000BF00BF00BF24
:1092D000D9F8201010440844C91B884250EA318054
:1092E0003146A84250EA3584D9F81C003844224659
:1092F00002F06CFDE019D9F82010411AA5EB040525
:1093000050EA11872644BFF35F8FC9F8247045B136
:10931000D9F82800FA43B842DAD91044D9F8201015
:10932000DAE74FF0000822E0D9F820101044084492
:10933000C91B884250EA31805946504550EA3A8468
:10934000D9F81C003844224602F040FDE019D9F853
:109350002010411AAAEB040A50EA1187A044A34442
:10936000BAF1000FBFF35F8FC9F8247008D0D9F8A5
:109370002800FA43B842D7D91044D9F82010D7E7CB
:1093800040F268604FF68D22C2F20220C0F2002245
:109390000DF1120502260078FF218DF81210105CE5
:1093A0008DF8130022E000BFD9F8201010440844C3
:1093B000C91B884250EA31802946B04250EA3684BF
:1093C000D9F81C003844224602F000FDE019D9F813
:1093D0002010411AA6EB040650EA11872544002EFE
:1093E000BFF35F8FC9F8247000F02381D9F82800FB
:1093F000FA43B842D8D91044D9F82010D8E7A8F1D8
:1094000004004FF0000882455AEA308521E000BF91
:10941000D9F8201010440844C91B884250EA318012
:109420005946A84250EA3584D9F81C0038442246EF
:1094300002F0CCFCE019D9F82010411AA5EB040584
:1094400050EA1187A044A344BFF35F8FC9F824708A
:1094500045B1D9F82800FA43B842D9D91044D9F80F
:109460002010D9E740F268604FF68D22C2F2022048
:10947000C0F200220DF10E0502260078FF218DF8C2
:109480000E10105C8DF80F0024E000BF00BF00BF7D
:10949000D9F8201010440844C91B884250EA318092
:1094A0002946B04250EA3684D9F81C003844224696
:1094B00002F08CFCE019D9F82010411AA6EB040642
:1094C00050EA11872544002EBFF35F8FC9F824703E
:1094D00000F0AF80D9F82800FA43B842D8D9104438
:1094E000D9F82010D8E74FF68D2102AEC0F2002146
:1094F00002250193FF20095D8DF808008DF8091001
:1095000022E000BF00BF00BFD9F82010104408447B
:10951000C91B884250EA31803146A84250EA35845E
:10952000D9F81C003844224602F050FCE019D9F862
:109530002010411AA5EB040550EA11872644BFF319
:109540005F8FC9F8247045B1D9F82800FA43B842B2
:10955000DAD91044D9F82010DAE74FF0000822E0F9
:10956000D9F8201010440844C91B884250EA3180C1
:109570005946504550EA3A84D9F81C0038442246EE
:1095800002F024FCE019D9F82010411AAAEB040AD1
:1095900050EA1187A044A344BAF1000FBFF35F8FD4
:1095A000C9F8247008D0D9F82800FA43B842D7D9AE
:1095B0001044D9F82010D7E740F268604FF68D22AA
:1095C000C2F20220C0F200220DF10A050226007844
:1095D000FF218DF80A10105C8DF80B0020E000BF11
:1095E000D9F8201010440844C91B884250EA318041
:1095F0002946B04250EA3684D9F81C003844224645
:1096000002F0E4FBE019D9F82010411AA6EB040699
:1096100050EA11872544BFF35F8FC9F8247046B123
:10962000D9F82800FA43B842DAD91044D9F8201002
:10963000DAE7019B83F31188404605B0BDE8F08F5F
:1096400070B54FF63B1072B64EF62856C0F20020A9
:10965000CEF20006F6F714FD4EF6DD40C0F2002013
:10966000F6F70EFD7068002807D47068400010D52A
:109670004EF6A970C0F2002003E04EF68D70C0F2E5
:109680000020F6F7FDFC4EF6DD40C0F20020F6F7B4
:10969000F7FC4EF6D670EFF30884C0F20020F6F720
:1096A000EFFC4EF6DD45C0F200252846F6F7E8FC53
:1096B0004EF6AD402168C0F20020F6F7E5FC4FF20F
:1096C00019306168C0F20020F6F7DEFC4EF224404B
:1096D000A168C0F20020F6F7D7FC4EF6FB00E16867
:1096E000C0F20020F6F7D0FC4EF6B9402169C0F276
:1096F0000020F6F7C9FC4EF6C5406169C0F20020B3
:10970000F6F7C2FC4EF6D140A169C0F20020F6F790
:10971000BBFC4EF64E00E169C0F20020F6F7B4FC47
:109720004EF60710C0F20020F6F7AAFC2846F6F71E
:10973000A7FC4EF6FD303168C0F20020F6F7A4FC1D
:109740004FF20B5056F8241CC0F20020F6F79CFC98
:109750004EF24E707168C0F20020F6F795FC4EF69E
:109760005A00C0F20020F6F78BFC2846F6F788FC7A
:109770004EF6F770EFF30581C0F20020F6F784FC97
:10978000306880010BD54FF20400C0F20020F6F7DC
:1097900077FC4EF6DD40C0F20020F6F771FC306831
:1097A000C0010BD54FF2A610C0F20020F6F768FCFE
:1097B0004EF6DD40C0F20020F6F762FC3068C002D1
:1097C0002AD54FF2D550C0F20020F6F759FC4EF6DC
:1097D000DD40C0F20020F6F753FC4FF2C5302146C1
:1097E000C0F20020F6F750FC4FF2AF70EFF30A81A1
:1097F000C0F20020F6F748FC4EF26650EFF3098104
:10980000C0F20020F6F740FC4EF60F40EFF30B815C
:10981000C0F20020F6F738FC306800030BD54FF299
:109820000E10C0F20020F6F72BFC4EF6DD40C0F221
:109830000020F6F725FC306840030BD54FF66A1080
:10984000C0F20020F6F71CFC4EF6DD40C0F200200E
:10985000F6F716FC306880030BD54FF22200C0F2F9
:109860000020F6F70DFC4EF6DD40C0F20020F6F7C2
:1098700007FC3068C0030BD54FF27D20C0F20020FA
:10988000F6F7FEFB4EF6DD40C0F20020F6F7F8FBDF
:109890003068800515D54FF2D430C0F20020F6F7BD
:1098A000EFFB4EF6DD40C0F20020F6F7E9FB306832
:1098B000000406D54FF2FA303169C0F20020F6F705
:1098C000E3FB3068C0050BD54EF28760C0F2002084
:1098D000F6F7D6FB4EF6DD40C0F20020F6F7D0FBDF
:1098E00000BE70BDD4D4D4D480B54FF62031002250
:1098F000C0F200214FF00D0CD1F800E000BF00BF16
:10990000815CDEF824300A2902D049B911E000BF99
:1099100083F804C0DEF82430996C8900FCD5815CA2
:109920001971DEF8241000BF8B6C9B00FCD501324E
:10993000E6E70D201871DEF8240000BF00BF00BF6D
:10994000816C8900FCD50A210171DEF8240000BF7A
:10995000816C8900FCD5002080BDD4D4D4D4D4D46B
:1099600080B540F684208021C2F2022002F029FA5C
:1099700040F67C2C4FF6203040F68022C2F2022CBA
:10998000C0F20020C2F202220023CCF80030D0E95D
:1099900000011360BDE8804000F0DEB8D4D4D4D418
:1099A0000179042923D180B540F6802E40F67C2C25
:1099B000C2F2022EC2F2022C8068DEF80010DCF83F
:1099C00000304A1C803A52EA0192CEF800209A42B6
:1099D00040F68423C2F202235854BDE8804018BFE9
:1099E0007047501C803850EA0290CCF80000704755
:1099F0004FF62031C0F2002109684A6A1071486AA6
:109A0000816C8900FCD500207047D4D4D4D4D4D440
:109A10002DE9F04182B040F6802040F67C27C2F26A
:109A20000220C2F2022700BF01683D688D4201D1C9
:109A300000BFF9E7A94209D940F684220139C2F2F0
:109A400002220160525D8DF8072025E0481BC5F118
:109A50008004803040F68420C2F202200DF1070815
:109A600000EB0501404622465FEA0F9602F0AEF990
:109A7000A64205D2A819B0F1800150EA11800AE08F
:109A8000361B40F6842108EB0400C2F20221324664
:109A900002F09CF9701938609DF8070002B0BDE82B
:109AA000F081D4D4D4D4D4D40020FFF739F9FFF70F
:109AB000FFFAFFF755FFF6F70BFB4EF6C660C0F254
:109AC0000020FFF711FF4FF21240C0F20020FFF715
:109AD0000BFF4FF0D0404FF00071F6F719FB4FF637
:109AE000B420C0F2002004684FF4857101222046A2
:109AF00000F09AFD4FF4FA704FF47A7101F0E4FB34
:109B00004FF485710022204600F08EFD4FF4FA706C
:109B10004FF47A7101F0D8FBE6E7D4D4D4D4D4D48E
:109B2000022818BF704780B540F604304FF6D45174
:109B3000C2F20220C0F2002100F0AEFC0120BDE81C
:109B4000804001F09DBCD4D480B5FFF7ADFF00206C
:109B500080BDD4D4D4D4D4D42DE9F0470D460978AF
:109B600048F200020446C4F2350202EB01206062B2
:109B7000002020702562A2786969A162A969C4E900
:109B80000B0122F00300D5F81C80411CA1706978FC
:109B900011B940F00200A07095F90B204EF20019A7
:109BA000CEF200090126500902F01F034CF2003AE0
:109BB000A97A09EB800006FA03F3C4F2000A4EF614
:109BC000185CC0F88030CEF2000CBFF34F8FBFF3AB
:109BD0006F8F5AF82230002A23F480334AF822305B
:109BE0004FEA01115AF8223004D409EB020383F83A
:109BF000001304E002F00F03634403F8041C40F672
:109C0000B0310120C2F2022141F8224095F905202D
:109C1000530902F01F06B0402E7909EB8303002A96
:109C2000C3F880004FEA0613BFF34F8FBFF36F8F67
:109C30005AF8220020F480304AF822005AF8220014
:109C400004D409EB020080F8003304E002F00F00B6
:109C5000604400F8043C41F82240012695F90720B1
:109C6000500902F01F0306FA03F3AE7909EB8000F6
:109C7000002AC0F880304FEA0613BFF34F8FBFF3BE
:109C80006F8F5AF8220020F480304AF822005AF8E8
:109C9000220004D409EB020080F8003304E002F053
:109CA0000F00604400F8043C41F82240012695F979
:109CB0000920500902F01F0306FA03F32E7A09EB7C
:109CC0008000002AC0F880304FEA0613BFF34F8FA0
:109CD000BFF36F8F5AF8220020F480304AF8220038
:109CE0005AF8220004D409EB020080F8003304E0A3
:109CF00002F00F00604400F8043C41F822400120CB
:109D0000EFF3108680F3108828784FF0004121FA95
:109D100000F043F20401C4F220010A6822EA0000C4
:109D2000086008681E20012101F0CEFA86F3108831
:109D30004FF48061606A4FF480428160E869E9789D
:109D40006E78437802EA8131077866F30921DA03F5
:109D5000437B92B207F0030703F00103114441EA89
:109D60004352636A42EA0762416802F580525A61CF
:109D7000027802F0FE03022B07D14FF60471022A8B
:109D8000CFF6007108BF203100E00968626A1161F6
:109D90000C22017BAB78877862F39F014FF440720D
:109DA000022B08BF4FF48072002B07F00103676A93
:109DB00018BF114341EA0371F960626A00219161A1
:109DC0002A78092A04D8626A0023C1F61F735362F5
:109DD000B0F80F20807B636A40EA022041F60172EE
:109DE000C0F21F0210401863206AC4E90411C4E9DC
:109DF0000611C569A160687C50B34EF25400C4F2EC
:109E00000100017801F00F01022901D801220BE0C5
:109E1000CA1E052A06D24FF61861C0F2002151F879
:109E2000226003E00839102202FA01F6407800F0BF
:109E30000F0001F0F9F940F6D032697CC2F202223B
:109E4000B0FBF6F012685143B1FBF0F00130A060B6
:109E5000606AB8F80A101022A181C9F6075282661A
:109E6000206A90F905104A0901F01F035AF82100F1
:109E700020F480304AF821005AF8210009F5C0701A
:109E80000121BFF35F8F01FA03F340F8223049F854
:109E90002230226A92F90B205AF8223023F48033C0
:109EA0004AF822305AF82230530902F01F02BFF359
:109EB0005F8F01FA02F240F8232049F82320226A3A
:109EC00092F907205AF8223023F480334AF82230DE
:109ED0005AF82230530902F01F02BFF35F8F01FAD4
:109EE00002F240F8232049F82320226A92F909203F
:109EF0005AF8223023F480334AF822305AF82230BC
:109F0000530902F01F02BFF35F8F914040F8231006
:109F100049F8231040F21141606AC0F201018160EA
:109F2000606A00BF00BF00BF017FC907FCD044F6D4
:109F300042110020C5F243316160BDE8F087D4D4FE
:109F400003460020C3E906127047D4D4D4D4D4D435
:109F5000D0F824C0DCF8083023F44013CCF80830E3
:109F6000D0F824C000BF00BFDCF848305B00FBD550
:109F7000DCF8083023F01003CCF80830D0F824C007
:109F80009CF81C30DB06FBD4C0E904120020DCF88E
:109F9000081041F01011CCF808107047D4D4D4D474
:109FA0002DE9F0410446406A4FF6EE728846866815
:109FB000CFF6CE7232408260206A00222261C769E9
:109FC000A260787C50B34EF25400C4F201000178D4
:109FD00001F00F01022901D801220BE0CA1E052A57
:109FE00006D24FF61861C0F2002151F8225003E06A
:109FF0000839102202FA01F5407800F00F0001F054
:10A0000013F940F6D032797CC2F20222B0FBF5F0AF
:10A0100012685143B1FBF0F00130A060606AD8F8DB
:10A02000001026F4401201610020616A8A60BDE8D8
:10A03000F081D4D4D4D4D4D400204FF0FF32C1E97D
:10A0400000227047D4D4D4D48A0703D40622C90787
:10A0500015D116E0426A936823F440139360426A74
:10A06000936C5B00FCD5936823F010039360426A05
:10A07000137FDB06FCD400224261C90701D0002215
:10A08000C26110467047D4D4844681620020CCE976
:10A090000B327047D4D4D4D444F642124168C5F28E
:10A0A000433291426DD1B0B5416A8A6822F44012C0
:10A0B0008A60416A8A6822F010028A60416A00BFA1
:10A0C0000A7FD206FCD4016A4EF2801CCEF2000C4C
:10A0D000054691F907104A0901F01F03012101FA11
:10A0E00003F34CF82230BFF34F8FBFF36F8F026A38
:10A0F00092F90920530902F01F0201FA02F24CF80A
:10A100002320BFF34F8FBFF36F8F426A936823F40E
:10A1100080339360026A92F90520530902F01F020E
:10A1200001FA02F24CF82320BFF34F8FBFF36F8F79
:10A13000026A92F90B20530902F01F0201FA02F29F
:10A140004CF8232043F20402BFF34F8FBFF36F8F0D
:10A15000EFF3108481F31088016AC4F220024FF0FB
:10A16000004C1E20097813682CFA01F11943116084
:10A170001168012101F0A8F884F3108800206860BC
:10A18000B0BD07207047D4D40246C06908600020E3
:10A190000021D1617047D4D406207047D4D4D4D4E0
:10A1A00006207047D4D4D4D4B0B584B04FF07041F9
:10A1B000EFF3038001EB00604CF200318015C4F234
:10A1C0000001425822F48032425040F6B0324158E9
:10A1D000C2F202221458206A00690028606902D085
:10A1E000E0B104B0B0BDC8B1A07800F0030002280F
:10A1F000206905D10088616A20F4DC40486002E0F3
:10A20000616A00780871A078226900F00301606932
:10A21000401A6061114421610028E2D1616A022282
:10A220008D68A06862F3155510B101F08DF8616A70
:10A230008D60A06A00284FF000002061D1D0E06A54
:10A2400020B190E82E008DE82E0000E06846216ADB
:10A25000097801600021816080210171216BC1605A
:10A26000A16A8847E06A00281CBF9DE82E002EC026
:10A2700004B0B0BDD4D4D4D410B586B04FF0704182
:10A28000EFF3038001EB00604CF200318015C4F263
:10A290000001425822F48032425040F6B032415818
:10A2A000C2F202221458A07800F00302606A022A67
:10A2B00003D101686FF35F2100E00178E06901914B
:10A2C000D0B1A06901A901F081FDA078D4E90612FE
:10A2D00000F003000144101AC4E9061034D1A06A4A
:10A2E00090B3E06AE0B1D0E900C2D0E90231CDE933
:10A2F0000431CDE902C214E0A06A28B3E06A40B19B
:10A30000D0E900CED0E90223CDE90423CDE902CE85
:10A3100000E002A8226A127881600260042106E04F
:10A3200002A8216A09780160002181600121017180
:10A33000216BC160A16A8847E06A28B102AC1ECCDB
:10A34000016042608360C46006B010BDD4D4D4D430
:10A35000B0B584B04FF07041EFF3038001EB0060C3
:10A3600040F6B0328115C2F202224FF6EF730416A6
:10A370005558CFF6CF73696A8A681A408A60A96A0D
:10A38000E1B1E86A40B1D0E900C2D0E90231CDE9DB
:10A390000231CDE900C200E06846296A097801600F
:10A3A0000021816002210171296BC160A96A88477F
:10A3B000E86A00281CBF9DE82E002EC04CF2003039
:10A3C000C4F2000050F8241021F4803140F8241029
:10A3D00050F8240004B0B0BD70B584B04FF07041A7
:10A3E000EFF3038001EB006040F6B0328115C2F25A
:10A3F00002225458A178636A01F00301022904D1B2
:10A40000D3F800C06FF35F2C01E093F800C09A6CA2
:10A410002025082105EAD2454FF0100E01EA12610D
:10A420001EEA126229440A4403D0996C090458BFF9
:10A430004032996E051641F0C8519966A16AD9B1AA
:10A44000E06A40B1D0E900E3D0E90216CDE9021696
:10A45000CDE900E300E06846216A0978C0F808C049
:10A4600001600271216BC160A16A8847E06A00281F
:10A470001CBF9DE84E004EC04CF20030C4F20000FC
:10A4800050F8251021F4803140F8251050F82500AF
:10A4900004B070BDD4D4D4D480B545F25422C5F2F2
:10A4A0004F020260084600F037F9002080BDD4D486
:10A4B0000146002000220A607047D4D4D4D4D4D4FA
:10A4C00080B5084600F028F9002080BDD4D4D4D44B
:10A4D00070B586B001A8049003A814460D46ADF8E7
:10A4E000081001920126ADF80C6000F07DF940F6ED
:10A4F000AC30EFF31081C2F2022086F310880268BC
:10A500003AB940F614520023C4F2400213704023BB
:10A51000137002680132026081F31088E10340F693
:10A5200000014FEA1522C4F2400101D4EBB20CE065
:10A5300001EB8216EBB256F8235025F4803546F82D
:10A54000235024F4803546F8235001EB8211012278
:10A5500041F82340EFF3108182F31088026812B1B2
:10A560000268013A0260006838B940F614500022CF
:10A57000C4F2400002708022027081F31088002033
:10A5800006B070BDD4D4D4D404200023C4F240005B
:10A59000CFF6FF7340EAD100C9B220F01B0000687B
:10A5A00043EA104020FA01F1002001F0010111708E
:10A5B0007047D4D4D4D4D4D410B56FF00100CBB24A
:10A5C00000EAD11001210C2401FA03FE0101C4F2BA
:10A5D000400444EA001C4FF48030012A625800FA1B
:10A5E00003F004D122EA000040EA0E0203E022EA6E
:10A5F0000E0141EA00020020CCF8002010BDD4D4A6
:10A600006FF03F00CBB200EA910040F6000100EB92
:10A610008300C4F2400141580020C1F34001117091
:10A620007047D4D4D4D4D4D410B5CBB20120984040
:10A630006FF0010E84B20EEAD110002A40F2080237
:10A640004FF4803C4FEA0011C4F240024FF000008A
:10A6500008BF0CFA03F4545010BDD4D4D4D4D4D4CD
:10A6600080B56FF0010040F2000C00EAD110C4F296
:10A67000400C010103EA020E62EA03025CF80100E9
:10A680004EEA000E002002EA0E024CF8012080BDC6
:10A690006FF0010000EAD11004210001C4F2400172
:10A6A00009580020090C11807047D4D4D4D4D4D4D4
:10A6B0006FF0010003EA020C00EAD11023EA020164
:10A6C0000C230201C4F2400300204CEA01419950DE
:10A6D0007047D4D4D4D4D4D46FF00100042300EA5A
:10A6E000D110C4F240030101002059581180704775
:10A6F0006FF0010003EA020C00EAD11023EA020124
:10A7000008230201C4F2400300204CEA01419950A1
:10A710007047D4D4D4D4D4D470B5044600F064F8CF
:10A7200040F6AC3CEFF31081C2F2022C012080F322
:10A730001088DCF8000038B940F614500022C4F24A
:10A740004000027040220270DCF800000130CCF8BA
:10A75000000081F31088208830B340F6000E0021FD
:10A76000C4F2400E08E000BF0EEB8010013140F84B
:10A7700022302088814217D2606800EBC10250F875
:10A7800031309288D8034FEA1220D2B2ECD50EEBCA
:10A79000801555F8226026F4803645F8226023F4AF
:10A7A000803645F82260DFE70120EFF3108180F367
:10A7B0001088DCF8000020B1DCF800000138CCF88B
:10A7C0000000DCF8000010B181F3108870BD40F685
:10A7D00014500022C4F2400002708022027081F303
:10A7E000108870BDD4D4D4D42DE9F04F81B0044684
:10A7F0000088002867D04EF64C4B0025C4F2010BB0
:10A800004FF0010A04E000BF2088013585425AD28A
:10A810004FF6606642F240080027C0F20026C4F2FC
:10A8200020080CE000BF00BF88F80000C82001210C
:10A8300000F04AFD013708F10208032FE4D06068F8
:10A8400036F8021B00EBC50082888A42F2D100680C
:10A850009BF8001000F0B8500AFA07F9B0F1807FB9
:10A8600009EA010018D158B9012000F0E1FD9BF878
:10A87000000040EA09008BF80000012000F0ACFD68
:10A8800098F900000028D5D498F8000040F0800026
:10A89000CAE700BF00BF00BF58B1012000F0C8FDEB
:10A8A0009BF8000020EA09008BF80000012000F06E
:10A8B00093FD98F90000B0F1FF3FBBDC98F8000071
:10A8C00000F07F00B0E701B0BDE8F08FD4D4D4D45D
:10A8D0002DE9F04381B00D4649684560044608788B
:10A8E0004AF20006C4F200064FF000084FF00109DA
:10A8F00006EB8010A060C868E0604869606143F2C0
:10A900000000C4F81080C4F22000EFF3108789F330
:10A910001088016821F48001016000681E20012177
:10A9200000F0D2FC87F3108886F8009886F810882B
:10A930002046296800F0CCF844F243110020C4F20C
:10A940004D41216001B0BDE8F083D4D4D4D4D4D437
:10A9500010B5044600F0BCF8A168002001220A7777
:10A9600010BDD4D4D4D4D4D480B582B00191009297
:10A9700041684CF2802CC4F2000C4FF0000E496884
:10A980000A784CF822E0826882F81CE00A7849894B
:10A990004CF82210816881F81DE0019911B10199EC
:10A9A00082681160009911B10099826851608168D4
:10A9B0000A8AB2F5804F4FF00C0238BF08228B5044
:10A9C0000122816800200A7702B080BDD4D4D4D49B
:10A9D0008168002001220A777047D4D4D4D4D4D41B
:10A9E00041684CF2802CC4F2000C002349680A78BC
:10A9F0004CF82230826813770A7849894CF8221083
:10AA0000816800204B77704782680901002001317E
:10AA100051777047D4D4D4D48168002000224A777B
:10AA20007047D4D4D4D4D4D44FF480628A604FF425
:10AA300080320A608268138AD2684A600022806885
:10AA4000B2EB933F806880B2C86002D14FF6FF70CE
:10AA5000886000207047D4D4014640684CF2802CB6
:10AA600000224068C4F2000C03784CF823208B6865
:10AA70001A77C368EBB1B0B590F901304EF280158A
:10AA8000CEF200054FF0010E03F01F0C5B090EFA29
:10AA90000CF445F8234040F6B033BFF34F8FBFF3BB
:10AAA0006F8F90F90100C2F2022343F82020BDE825
:10AAB000B04000200A60704706207047D4D4D4D438
:10AAC00003460020D9605A617047D4D4D4D4D4D47A
:10AAD0002DE9F04F81B042684CF28029C4F20009A0
:10AAE000002752684CF2C004137849F82370836839
:10AAF0001F771378568949F823604FF0FF36836833
:10AB00005F774FF440730D684FF4404703EA1553E5
:10AB1000B1F80EC007EA154706EB95763B44022EC6
:10AB20000DD84CEA0C47B1F80CE0022E27F0FC2CB3
:10AB300009D04FF4805606EA1526334303E043F468
:10AB400000534FF0000EC668578904EA153B009782
:10AB5000D6B14FF01C08AF0FAC024EF2001A58BF2E
:10AB60004FF0100892F90150022F9778CEF2000AA8
:10AB700088BF4FF01008002D4FEA07170CD40AEBDE
:10AB8000050686F8007311E04FF00008B5F1404F5C
:10AB90002ED2002500274EE074464EF6145E05F0D6
:10ABA0000F06CEF2000E06F80E70A64640F6B0373D
:10ABB00009EB8506C2F20227012447F82500D6F8E2
:10ABC000807027F48037C6F88070D6F880706F09DF
:10ABD00005F01F05BFF35F8F0AEB870604FA05F542
:10ABE000C6F880514AF827500D68B5F1404FD0D3D0
:10ABF000B1F80C9005F04066CF89B6F1806F03D1B3
:10AC00004BF4005BCA4601E0B2F808A005F4402608
:10AC1000B6F5802F08BF01274E68856807FB09F746
:10AC20002E624AEA0A458E688468C7EA074708BF69
:10AC30004BF0200B66628668B5628668F7628768AB
:10AC4000A7F814B08768009C002C18BF43F00103DC
:10AC50003B824B6887683B6089688368596081687C
:10AC6000C1F808C08168C1F80CE0816852688A6147
:10AC7000806880F8138001B0BDE8F08FD4D4D4D4BC
:10AC800010B582B04FF07041EFF3038001EB00602C
:10AC90004CF200318015C4F20001425822F4803297
:10ACA000425040F6B0324158C2F202221458E168D4
:10ACB0006069019001A88847A068C16800291CBF8D
:10ACC0000121017702B010BD4EF22401C4F201014E
:10ACD0008878098801F00F02A2F1080103293BD806
:10ACE000DFE801F0022C101E40F24041C2F20221C6
:10ACF00051F820004AF6AB21CAF6AA21A0FB0101B7
:10AD0000480830E040F24041C2F2022151F82000F0
:10AD10004AF6AB21CAF6AA21A0FB0101C80822E02D
:10AD200040F24041C2F2022151F820004AF6AB2124
:10AD3000CAF6AA21A0FB0101080914E040F2404133
:10AD4000C2F2022151F820004AF6AB21CAF6AA212C
:10AD5000A0FB0101880806E040F24041C2F2022156
:10AD600051F82000D04040F6D031C2F202210860F4
:10AD70007047D4D4D4D4D4D4D4D4D4D4D4D4D4D484
:10AD80002DE9F0470FF278404EF2FA3840F2404693
:10AD9000C4F201084AF2015190ED001FC2F20226EE
:10ADA0000FF26C40CFF6FF714EF255050231A8F854
:10ADB000001086ED001F06F12003C4F2010590ED9E
:10ADC000001F44F2553040F2AA21C1F2DE3043F6B2
:10ADD000000286ED041FC0F6E571C1F69C4207C370
:10ADE00015F82F0C35F8311C01F00F02A2F1080103
:10ADF00003292BD8DFE801F002200C164AF6AB211C
:10AE000056F82000CAF6AA21A0FB0101480820E05C
:10AE10004AF6AB2156F82000CAF6AA21A0FB010190
:10AE2000C80816E04AF6AB2156F82000CAF6AA2157
:10AE3000A0FB010108090CE04AF6AB2156F82000FE
:10AE4000CAF6AA21A0FB0101880802E056F82000FA
:10AE5000D04040F6D03A4EF60044C2F2022AC4F284
:10AE600001040A214EF60147CAF800004FF650606F
:10AE7000CFF6FF70C4F201072154092085F84D0078
:10AE8000207818B93878800700F0B081207850B960
:10AE900001202070C820012100F016FA00BF00BF79
:10AEA00020780128FCD10020387020704AF2015926
:10AEB000002005F8230C00BF15F8190C0007FBD57E
:10AEC00042F602314EF61450C0F20101C5F873107B
:10AED00040F2834125F8071C002205F80B2C4FF6A1
:10AEE0000211C5F8571040F2415125F8091CCEF265
:10AEF00000004EF20001BFF34F8FBFF36F8F036866
:10AF0000CEF2010123F400330360C0F83C22BFF30A
:10AF10004F8FBFF36F8F0A6822F440520A60BFF36D
:10AF20004F8FBFF36F8F15F8412C02F0F8020132FA
:10AF300005F8412C00BF00BF15F8412CD206FBD408
:10AF40000A6842F440520A60BFF34F8FBFF36F8F1D
:10AF50000168890312D4BFF34F8FBFF36F8F0021B5
:10AF6000C0F83C12BFF34F8FBFF36F8F016841F4FD
:10AF700000310160BFF34F8FBFF36F8F002005F8E2
:10AF80002B0C00BF00BF00BF15F8190C8006FBD5C5
:10AF90004CF200040020C4F21304207020782078C2
:10AFA00020786068FA2807D0FA20C1F6006000BF58
:10AFB00060606168FA29FBD1A0687D2808D07D20F7
:10AFC000CEF2001000BF00BFA060A1687D29FBD1B8
:10AFD00043F23240C3F2232045F8350C42F22010F0
:10AFE00025F8310C052005F82F0C15F82F0C35F835
:10AFF000311C01F00F02A2F1080103292BD8DFE870
:10B0000001F002200C164AF6AB2156F82000CAF6D1
:10B01000AA21A0FB0101480820E04AF6AB2156F81E
:10B020002000CAF6AA21A0FB0101C80816E04AF6D2
:10B03000AB2156F82000CAF6AA21A0FB010108099D
:10B040000CE04AF6AB2156F82000CAF6AA21A0FB74
:10B050000101880802E056F82000D040CAF800003C
:10B060001E200121012700F02FF960686FF39F2057
:10B07000652828BF277015F82F0C35F8311C01F012
:10B080000F02A2F1080103292BD8DFE801F002200A
:10B090000C164AF6AB2156F82000CAF6AA21A0FBEE
:10B0A0000101480820E04AF6AB2156F82000CAF614
:10B0B000AA21A0FB0101C80816E04AF6AB2156F808
:10B0C0002000CAF6AA21A0FB010108090CE04AF6FB
:10B0D000AB2156F82000CAF6AA21A0FB010188087E
:10B0E00002E056F82000D04042F20001CAF8000009
:10B0F000C4F200010120A1F80090BFF35F8F087235
:10B100004FF42540BFF35F8F088095F8850040F02D
:10B11000400085F8850000BF95F98500B0F1FF3F3C
:10B12000FADC012085F87F00C92085F8850095F8B4
:10B13000850000F0BF0085F8850000BF00BF00BF9C
:10B1400095F985000028FBD4012005F8020CE87F62
:10B1500040F04000E87700BF95F91F00B0F1FF3FD5
:10B16000FADC0720E8754A20E8770A20E87700BF74
:10B1700095F91F000028FBD4287840F04000287083
:10B1800095F90000B0F1FF3FFADC022005F8010C50
:10B19000CA202870287800F0BF00287000BF00BFC8
:10B1A00095F900000028FBD495F8220040F04000FB
:10B1B00085F8220000BF00BF95F92200B0F1FF3FE3
:10B1C000FADC0420A876CA2085F8220095F822002F
:10B1D00000F0BF0085F8220095F922000028FBD47A
:10B1E0004FF42540A8F80000BDE8F0874FF47A70CE
:10B1F00000F016F85AE600BF00BF00BF00BF00BF56
:10B20000006CDC0200127A000080000000366E0143
:10B210000080000000CA9A3B0046C3230084D71771
:10B220007047D4D4D4D4D4D440F24041C2F20221E5
:10B2300051F820007047D4D4B0B542F22404C8209D
:10B24000C4F2200401210025257100F03DF825708D
:10B25000207808B12FF005C0207840F0020020705F
:10B2600020788007FCD4002004F8020C00BF00BF47
:10B2700014F8020C08B12FF005C84FF0030E00209F
:10B2800004F11C0100BF00BF11F8102002F07F0282
:10B2900001F8102000BF00BF11F91020002AFBD4D4
:10B2A00001300FF00FC8012000F0C2F84EF64C41FB
:10B2B0000120C4F2010100220A70BDE8B04000F094
:10B2C0008BB8D4D4D4D4D4D440F6D03241F20023B5
:10B2D000C2F20222C0F27A03484312689A420FD3A4
:10B2E00044F23F21C0F20F0111444DF68362C4F2D3
:10B2F0001B32A1FB0212910CA0FB0101C9B11DE0A0
:10B300004CF60021C3F69A31B1FBF2F148F638123F
:10B31000C0F24102904205D24FF47A725043B0FB22
:10B32000F1F006E0B0FBF1F0904207D24FF47A71F1
:10B330004843002808BF704700F006B84FF0FF30C0
:10B3400000F002B8D4D4D4D401380028FCD170471E
:10B35000F0B581B04CF2201540F65837C4F2000524
:10B360000024C2F2022755F8200C296801EA0006E1
:10B3700006E000BF00BF00BF01340437152C09D020
:10B3800026FA04F0C007F7D039680029F4D0204627
:10B390008847F1E745F8106C28683042FCD101B0CD
:10B3A000F0BDD4D4D4D4D4D480B54FF0050E4CF233
:10B3B00000304FF6E051C4F20000C0F2002100BF9F
:10B3C00031F8022B002A18BF026004300FF009C0C8
:10B3D00080BDD4D4D4D4D4D4EFF31081012282F32D
:10B3E000108840F6C432C2F2022232F8103023B183
:10B3F00032F81030013B22F8103032F8102012B130
:10B4000081F3108870474EF2FA3240F2E00CC4F239
:10B410000102C0F2012C13883CF8100043F42543CC
:10B4200023EA0000108081F310887047D4D4D4D46C
:10B4300010B5EFF31081012282F3108840F6C43278
:10B44000C2F2022232F8103083B94EF2FA3E40F2D4
:10B45000E00CC4F2010EC0F2012CBEF800403CF832
:10B460001030234343F42543AEF8003032F8103057
:10B47000013322F8103081F3108810BDD4D4D4D415
:10B48000F0B581B043F650450446C4F2000500BF54
:10B49000287808B12FF005C04FF000064FF0870064
:10B4A00025F82C0C05F8506C8CB10020FFF7C0FF7C
:10B4B0004EF253000127C4F2010007700020FFF78D
:10B4C0008BFF05F8307C00BF28780007FCD40120F2
:10B4D00005F84E0C05F84F6C287808B12FF005C020
:10B4E00042F20350C0F20500BCB14FF40C7125F8D4
:10B4F000081C00BF00BF00BF2978C907FCD145F870
:10B500000C0C012005F8100C47F2A83125F83C1C62
:10B5100005F83A0CA5F1500014E045F80C0C012098
:10B5200005F8100C47F2A83125F83C1C05F83A0C38
:10B5300015F8500CC007FBD1287808B12FF009C0CE
:10B54000A5F140000121017001B0F0BDD4D4D4D4E4
:10B5500043F600400021C4F20000017000BF00BFAC
:10B560000178C907FCD190F8501009B12FF009C03B
:10B57000012101747047D4D410B54EF25304C4F2C3
:10B580000104207838B90020FFF752FF0120207015
:10B590000020FFF721FF43F60040C4F2000000BF87
:10B5A00090F8501009B12FF005C800210174012155
:10B5B000017010BDD4D4D4D400F00AF8FEF7C4FA58
:10B5C000FEE7D4D4D4D4D4D400BE7047D4D4D4D4D9
:10B5D0002DE9F0474EF6145540F20120CEF2000559
:10B5E000C0F20E004EF200042860CEF20104BFF358
:10B5F0004F8FBFF36F8F55F8141CC1F30350012810
:10B600005FEA1F9211F00F0F5FEA0F91114221685C
:10B6100011D102280FD241F0040020604EF2080040
:10B62000BFF34F8FCEF20000BFF36F8F016841F47C
:10B630008031016002E021F004002060BFF34F8FF1
:10B64000BFF36F8F4FF4700040F200016867002075
:10B65000C0F2002145F80C1CFEF762FAFFF790FBE0
:10B660004EF2FA304AF20251C4F201000222018085
:10B670004EF6B021C4F201010A704FF42541018059
:10B680000120FEF74DFA40F24000C2F2012080F3A3
:10B690000A882068800723D555F80C0CB0F1007F8C
:10B6A0001ED120694FF40071C0F3C300626901FA32
:10B6B00000F3C2F3C30081400020DA08CB08014642
:10B6C000074642F005C800BFE7E802010FF005C0D9
:10B6D0004FF0005243F005C0E2E802010FF005C050
:10B6E0004FF6B468C0F20028D8F800708FB1D8F8CF
:10B6F00004003E46041D03E0013E04F10C0408D0A2
:10B7000060790028F8D154E90101091A00F059FBC9
:10B71000F2E7D8F80890B9F1000F13D0D8F80C0070
:10B720004E4600F1080403E0013E04F1100409D084
:10B7300060790028F8D154E902022168121A00F059
:10B7400045FBF1E7FFF7C0FAFFF776FD0320FFF7AF
:10B750006FFE4FF00E0E40F63050C4F24000002154
:10B7600020F8041B0FF005C00320FFF735FE03206F
:10B77000FFF75EFE44F204000021C4F220000160E5
:10B7800041608160C1600320FFF726FED8F810A059
:10B79000D5F8AC104422BAF1000F62F30701C5F8E6
:10B7A000AC1025D0D8F8141000234FF0200E4FF025
:10B7B000010C002404E000BF0134E3B29A4517D91C
:10B7C00001EBC30251F83360526822F01F02203AA5
:10B7D0000EEB5210B0EB561FEED942F001006CF3A5
:10B7E0000406C5F88430C5F88860C5F88C00E3E726
:10B7F000BFF35F8F0520C5F88000286940F48030D2
:10B800002861BFF34F8FBFF36F8F2868C0032DD41B
:10B8100000202867BFF34F8FE96E43F6E073C1F352
:10B820004E30CA08C1F3C9014E1C9107420100BF46
:10B8300002EA030446F001E00C4400BF00BF00BF71
:10B84000C5F84C4204F140440FF007C00028A0F1B5
:10B850000100A2F12002EBD1BFF34F8F286840F422
:10B8600080302860BFF34F8FBFF36F8F4EF21014FC
:10B87000C4F20104D4F8C802800714D42078A0B11F
:10B880000120FFF7D5FD00BF94F9000010F1410F32
:10B89000FADC0020207000BF20783F28FCD801206F
:10B8A000FFF79AFD01E0D4F8C802D4F8C8024007B7
:10B8B00015D42079A8B10120FFF7BAFD00BF00BF61
:10B8C00094F9040010F1410FFADC0020207100BF50
:10B8D00020793F28FCD80120FFF77EFD01E0D4F855
:10B8E000C8020220FEF71CF9A7B1D8F804004FF4F3
:10B8F0008076041D04E000BF013F04F10C0409D070
:10B900006079B6EB002FF7D154E90101091A00F074
:10B9100058FAF1E7B9F1000F16D0D8F80C004FF43F
:10B92000807700F1080404E0B9F1010904F1100482
:10B930000AD06079B7EB002FF6D154E902022168F2
:10B94000121A00F043FAEFE740F6D834C2F20224AC
:10B95000204600F061FB204600F076FBBFF34F8FDE
:10B96000BFF36F8F0020C5F83C0240F2804040F2E8
:10B970008441C0F20120C0F20121BFF34F8F081AA9
:10B98000BFF36F8F8410012C0BDB40F28045C0F2B7
:10B99000012500BF00BF00BF55F8040B8047013CE4
:10B9A000FAD1FFF701FD0020BDE8F04700F000B834
:10B9B0007047D4D450EA010202BF9FED3B0A10EE5B
:10B9C000100A704780EAE17081EAE172B0EBE1733E
:10B9D00062EBE172B3FA83F02030002A4FEAE171A2
:10B9E00018BFB2FA82F0272809D870B5262838D0B7
:10B9F00027280DD1520042EAD3725B0031E0A0F15A
:10BA0000280203FA02F2B0F1480358BF002235E0E1
:10BA1000C0F1060600F11A0C841F23FA06F502FA9B
:10BA20000CFE45EA0E0558BF03FA04F503FA0CF4C0
:10BA300058BF00242543C0F126045FEA0F9CC4F1DF
:10BA40002005002E23FA04F302FA05F543EA050364
:10BA500058BF22FA06F322FA04F243EA0C0358BF55
:10BA60000022C3F380063343013342F100025E013A
:10BA7000BDE8704004D49B0843EA82723F2303E090
:10BA8000DB0843EA42724023181A6FF3DF5201F0D9
:10BA90000041114441EAC05000F17E5000EE100A0E
:10BAA00010EE100A704700BF0000000040B584B0DF
:10BAB00002AE009600F004F8029A039B04B040BD69
:10BAC000B0B584B00D4602A980EAE57000911C462D
:10BAD00082EAE37285EAE571B0EBE57061EBE5714E
:10BAE00083EAE373B2EBE47263EBE47300F017F8FC
:10BAF000DDE90223DDF820C083EAE57382EAE5721E
:10BB0000B2EBE57263EBE573CCE90023E21782EA5E
:10BB1000E57250405140801A914104B0B0BD2DE90A
:10BB2000F04F099D844681B1C2B14BB3B1FA81F7A0
:10BB3000B3FA83F6F71B202F4FD3002D18BFC5E9AA
:10BB400000C100200021BDE8F08FCBB30021002D03
:10BB500064D00020C5E900C1BDE8F08F002B60D0A3
:10BB6000002861D05F1E3B4200F08580B1FA81F76A
:10BB7000B3FA83F6F71B1F2FDFD207F1010C3CE06D
:10BB8000571E3A425DD0B1FA81F7B2FA82F6F71B3E
:10BB900007F1210CBCF1200F24D0BCF11F0F79D884
:10BBA000CCF1200620FA0CF721FA0CF901FA06F57F
:10BBB000B0403D434FF0000ABCF1010F2CD07CE0B7
:10BBC000B0FBF2FC002D1EBF0CFB12000021C5E9EA
:10BBD000000100216046BDE8F08F07F1010CBCF1C7
:10BBE000200F0AD14FF000094FF0200C0D464FF006
:10BBF000000ABCF1010F0FD05FE0C7F11F0720FA68
:10BC00000CF621FA0CF901FA07F5B84035434FF06C
:10BC1000000ABCF1010F50D100248FE00020BDE8E4
:10BC2000F08F6046BDE8F08FB1FBF3FC002D1EBF26
:10BC30000CFB13100021C5E9001000216046BDE88F
:10BC4000F08F002D1EBF00230740C5E90073012AB5
:10BC50000ED092FAA2F24F00B2FA82F202F01F0363
:10BC6000D140D8401F23934307FA03F343EA000C63
:10BC70006046BDE8F08F002D1CBF07EA0100C5E952
:10BC800000C093FAA3F0B0FA80F021FA00F000218E
:10BC9000BDE8F08FACF12007CCF140044FF0000973
:10BCA00020FA07F601FA04F52E4300FA04FA21FA05
:10BCB00007F53046BCF1010FAED02CF0010701268C
:10BCC000023F4FF0000B06EB570E4FEA490444EADF
:10BCD000D5746D0045EAD0754000E743E943891803
:10BCE00043EB0708AF1A64EB0306B8F1000F56EAFE
:10BCF000448457EA4585640044EAD5746D0045EAFA
:10BD0000D07540EADA70AE1A6FEA050164EB0307FA
:10BD100089184FEA40006FEA0401594157EA448903
:10BD200056EA4585CC0F4BEA4A010027A34640EA74
:10BD3000D170490041EAD87A0FF039C85FEACC7176
:10BD40001ED06F004FEA490147EAD07741EAD5712A
:10BD5000B7EB020C4FEA400061EB030EFD435219B2
:10BD60006FEA010653EB060240EADA705EEA4189A7
:10BD70005CEA4785D10F44EA4A0200270C46924606
:10BD80004FEADA7141EA400009994FEA4A02002974
:10BD900018BFC1E9005940EA070122F00100204321
:10BDA000BDE8F08F40B584B002AE0096FFF7B7FE55
:10BDB000029A039B04B040BD0B4611461A4600F0A0
:10BDC0007BB80A46002100F077B8D4D4844641EA13
:10BDD000000313F0030349D1403A23D30B680360F7
:10BDE0004B6843608B688360CB68C3600B690361F9
:10BDF0004B6943618B698361CB69C3610B6A0362E1
:10BE00004B6A43628B6A8362CB6AC3620B6B0363C8
:10BE10004B6B43638B6B8363CB6BC36340304031AD
:10BE2000403ADBD230320BD30B6803604B6843607F
:10BE30008B688360CB68C36010301031103AF3D246
:10BE40000C3205D351F8043B40F8043B043AF9D2D4
:10BE5000043208D0D2071CBF11F8013B00F8013BA7
:10BE600001D30B8803806046704700BF082A13D3B4
:10BE70008B07B1D010F00303AED0C3F10403D21A84
:10BE8000DB071CBF11F8013B00F8013BA4D331F8DC
:10BE9000023B20F8023B9FE7043AD9D3013A11F85C
:10BEA000013B00F8013BF9D20B7803704B784370EB
:10BEB0008B7883706046704770B4840746D0541EF8
:10BEC000002A41D0CDB2034602E0621EE4B314461C
:10BED00003F8015B9A07F8D1032C2ED9CDB245EABD
:10BEE00005250F2C45EA054519D9264603F1100210
:10BEF000103E0F2E42F8105C42F80C5C42F8085CD1
:10BF000042F8045C02F11002F2D8A4F1100222F00F
:10BF10000F0204F00F041032032C13440DD91E46F7
:10BF20002246121F032A46F8045BFAD8221F22F089
:10BF30000302121D134404F003042CB1C9B21C44C3
:10BF400003F8011BA342FBD170BC704714460346A3
:10BF5000C2E720F0030110F00300C0F1000051F827
:10BF6000043B00F1040C4FEACC0C6FF000021CBF44
:10BF700022FA0CF213434FF0010C4CEA0C2C4CEA61
:10BF80000C4CA3EB0C0222EA030212EACC1204BF0F
:10BF900051F8043B001DF4D0C2F1000102EA010295
:10BFA000B2FA82F2C2F11F0200EBD200704780B5F4
:10BFB00000F004F820F0004080BDD4D4F0B50E4F5E
:10BFC00000F04EF8C25947F62D7CC319C4F6954CC3
:10BFD0004FF22D465968C5F65106A2FB0C4502FBEF
:10BFE000065201FB0CF1661CC65142EB0100586081
:10BFF00020F00040F0BD00BF0800000000F000B8D5
:10C0000080B50146034A00F02BF88150104400210E
:10C01000416080BD0800000010B540F2780140F298
:10C020000802C0F20021C0F200020446FFF7CEFE73
:10C0300040F2080040F20001C0F20000C0F200012E
:10C040002044FFF7BEFE10BD40F20801C0F200011F
:10C05000401A40F6D431C2F2022108607047D4D4AD
:10C060000148006870470000D40B022283B080B5FD
:10C0700081B0844603A80EC04FF6B020C0F2002065
:10C08000006803AA6146009200F006F801B0BDE81E
:10C09000804003B07047D4D42DE9F04F99B0814669
:10C0A00080781892800740F1B58518980027D9F854
:10C0B00004808A46179011A8821D0C92421E0530FA
:10C0C00010920E900D91514611F8010B252803D0C6
:10C0D0008A4638B900F0A0BD9AF801500AF1020A68
:10C0E000252D06D14946C04701370028EBD500F081
:10C0F0008BBD002200244FF0000C4FF0000B04E039
:10C100001AF8015B002D00F02D811FFA8BF61F2E0F
:10C1100020D8A5F1200010281ED8DFE810F0150067
:10C120001D001D0018001D001D001D0014001D0035
:10C130001D001D0011001D00CC001D001D00C900C8
:10C140004BF0020B00E0DBE74BF0040BD8E74BF0C1
:10C15000100BD5E77F2E0DD8A5F13000092840D867
:10C16000402E80F0A0800CEB8C014BF0200B00EBFC
:10C17000410CC5E7A5F14C002E2800F2F480DFE861
:10C1800010F08F00F200F200F200F200F200F20074
:10C19000F200F200F200F200F200F200F200F2000F
:10C1A000F200F200F200F200F200F200F200F200FF
:10C1B000F200F200F200F200F200A400F2008F00A0
:10C1C000F2009D00F200F200F200F200F200F20034
:10C1D000F2002F00F200F200F200F200F2002F0055
:10C1E0008EE7A5F12400562800F2BD80DFE810F0AC
:10C1F0008600BB00BB00BB00BB00BB007400BB00E3
:10C20000BB00BB00A400BB00BB00BB00BB00BB006D
:10C21000BB00BB00BB00BB00BB00BB00BB00BB0046
:10C22000BB00BB00BB00BB00BB00BB00BB00BB0036
:10C23000BB00BB00BB00BB00BB00BB00BB00BB0026
:10C240005800BB00BB00BB00BB00BB00BB00BB0079
:10C25000BB00BB00BB00BB00BB00BB00BB00BB0006
:10C26000BB00BB00BB00BB00BB00BB00BB00BB00F6
:10C27000BB00BB00BB00BB006D00BB005800BB0097
:10C280006600BB00BB00BB00BB00BB00BB00BB002B
:10C290005700BB00BB00BB00BB00BB0057002FE733
:10C2A0004BF4207B2CE704EB840100EB410427E7EF
:10C2B0004BF0010B24E74BF0080B21E70BF080005B
:10C2C0004BEA800040F0800B1AE70BF480704BEAD9
:10C2D000400040F4807B13E7002A7FF411AF1798E9
:10C2E0003F2E00F104011791006832D8B0F1FF3FF2
:10C2F00032DD4BF0200B0022844601E712B3189880
:10C30000402E179017A90D986546CDF83C90C14670
:10C3100090465CEA348200F083FC1798402E424637
:10C32000C84600F1040117910068DDF83C9050EA1E
:10C33000358C54EA3084E3E63F2E00F26D844BF0F6
:10C34000400BDDE6624600244FF0000C4FF0000B7E
:10C35000D6E600220446D3E64BF0280BC0F1000CD1
:10C360000022CDE60025CDF83CC03AB1189817A9B7
:10C3700017900D9800F054FCDDF83CC0002C24EA26
:10C38000E47E45F0200048BF2BF0400B61281CBF25
:10C39000A0F16501022925D81799612801F107014B
:10C3A00021F0070101F108021792A0EB050291EDBF
:10C3B000000B0A9244D15FEA4B6058BF4FF0FF3E3A
:10C3C00011A8D2B27146764600F0C8FD451C4BF468
:10C3D000C05B4FF0700C4FF0010EE8B28642D8BF40
:10C3E000461E5CE0A5F16301122900F20A810823D0
:10C3F0000026DFE811F035011300060106010601F1
:10C40000060113000601060106010601060161018D
:10C410005D01060106010D0106012E011FFA8BF1D7
:10C420005FEA0B6000F10C811798021D17920068FB
:10C43000CA0540F10C81890554BF00B240B206E143
:10C440005FEA4B6158BF4FF0060E662809D0652899
:10C450000FD14BF4805B76460EF101010023652479
:10C4600011E04BF4005B01226624112176467346ED
:10C470000AE05FEA0E61A0F10204714676464FF0D1
:10C48000000308BF0121002211A8C9B2112928BF49
:10C49000112100F093FF05464FF0020EA446119BB8
:10C4A0009DF84800A3F10A0111F1130F38BF4FF0B6
:10C4B000020EA3F16401089111F1C70F38BF4FF0CC
:10C4C000030E0F9CC1074FD15FEA8B716FD41FFA27
:10C4D0008BF1202202EAC10211F0040F5FEA1F91E2
:10C4E00010F00C0F45D11BF4405F0493CDE90621F9
:10C4F00040F02B82012E4FF0010056EA80801FFA97
:10C500008BF12A0600F06D810E9BEAB2134413F8FA
:10C51000013C302B40F006826B1E1A0621D02E46BD
:10C520000E9DDAB2154415F8015C302D40F0F9810A
:10C53000B31E1A0615D00E9DDAB2154415F8015C2B
:10C54000302D40F0EE81F31E1A060AD00E9DDAB2AD
:10C55000154415F8015C302D40F0E381351F2A06A3
:10C56000D2D100250022DDE12D22002110F00C0F98
:10C57000B9D000294FF0030050EA1090844212DD38
:10C580000A9E0D465FEA0B7117D4041B93462020C8
:10C590004946C047002800F1378301370134F6D3FC
:10C5A00000245A460AE000240A9E49B10FE02B22DB
:10C5B000002110F00C0FDCD195E7241A294631B97F
:10C5C00010464946C047002800F11E8301379DF8F8
:10C5D00048004FF24261C0F2002100074EF6A94028
:10C5E000C0F2002050EA51852878002800F0F98236
:10C5F000801B4946C0B2C047013701350028F3D53A
:10C6000002E3782840F09880C5F188032E4653E075
:10C610001798011D179100684FF68621C0F200217E
:10C62000002851EA00855FEA4B6058BF4FF0FF3E9B
:10C630002846714600F06AFEDDF83CC0064617E069
:10C640001798890500F18680011D17910068C117B0
:10C6500088E04FF6EF700BEA000B0A2375262BE0FB
:10C660001798012611AD011D179100688DF844003F
:10C670005FEA0B700ED4B4450CD9202049466446BD
:10C68000C047002800F1C082A4F1010C0137B44575
:10C69000F3D8B4463744ACEB0604002E00F0A18278
:10C6A00015F8010B4946C047013E0028F5D5ABE21D
:10C6B0004BF0100B102378264FF6F9700BEA0002AE
:10C6C0005FEA0B600B960AD41798011D1791066854
:10C6D000D1050AD5900554BFB6B2F6B205E0179859
:10C6E00091050AD4011D17910668002156EA010040
:10C6F00008BF2BF0160278D10FE00730154620F066
:10C7000007000246416852F8086B17922A4656EA1B
:10C71000010008BF2BF0160267D100265FEA4B60CC
:10C7200062D50021012C60DA4FF6E9700BEA0001B6
:10C730000B9D480637D467E025204946C0470028AE
:10C7400000F1628228464946C047023700287FF53B
:10C75000BAAC59E2073020F007010A46496852F89E
:10C76000080B179200295A46CDF82CE048BF42F436
:10C77000806250EA010322D080EAE17081EAE1732D
:10C78000B0EBE17063EBE17111AC22F010060A230B
:10C79000224600F06DFB3146061BDDF83CC0DDF89B
:10C7A0002CE0480630D54FF6FE70764500EA0100D1
:10C7B0002BDA002D08BF21F01100714626E05FEA58
:10C7C0004B604FF0000040F19E810021012CDBDA2C
:10C7D0004FF6EE70DDF83CC000EA0B00DDF82CE00F
:10C7E00014E0002500229EE0002111AC30461646E0
:10C7F0007546224600F03CFB3146AE46DDF83CC0B3
:10C80000061B0B9D4806CED4084631461FFA80FB16
:10C81000C0060AD440F206401BEA000F5FEA0F9000
:10C8200044185FEA0B7009D526E0002D4FF0010097
:10C8300050EA009044185FEA0B701DD45FEACB7099
:10C8400008D0B646644505DA06EB0C00A0EB040EF2
:10C85000644611E064450FDACDF82CE0202049460B
:10C86000C047002800F1D0810F9801340137A04261
:10C87000F4D1DDF82CE004465FEACB601BD440F233
:10C8800006401BEA000F26D05FEA8B7075464FF01A
:10C890002B0058BF20205FEA4B51494648BF2D204E
:10C8A000C047002800F1B0810137AE46F346754617
:10C8B000B64514DC1CE030204946F346C04700284A
:10C8C00000F1A28135B328464946C047002800F14F
:10C8D0009B810237DE46F3467546B64508DD3020BB
:10C8E0004946C047002800F18F81013DB542F6DC82
:10C8F0000F985E45A0EB040456EACB800744002E57
:10C9000000F06F8110984946805DC047013E0028C5
:10C91000F5D579E10137DE46F3467546B645DEDCEE
:10C92000E6E71D46049BC90652EA508113F1040F45
:10C9300008DB834206DA4BF4005B8B4204DAD8430F
:10C940000E1802E04E1E00E00026A3F57A711FFAD1
:10C950008BF4099424055FEA8B400395CDE9011C13
:10C9600005940CD411F5FA6F70464FF0050198BF8D
:10C970000420002C58BF032101EB000C03E023EA44
:10C98000E37000F1010CDDF824B0002E079A4FF09F
:10C9900000050B96CBF3001182F0010251EA0690DC
:10C9A0000F9983186344CB1A53EAC5841BF0090F0F
:10C9B00011D10A9E84B1604475461044441A202067
:10C9C0004946C047002800F11F8101370134F6D3E2
:10C9D0000024AE4600E00A9E0798CDF800E000284B
:10C9E000069805D14946C047002800F10D8101375E
:10C9F000059800280ED530204946C047002800F190
:10CA00000381C6F178004946C0B2C047002800F152
:10CA1000FB800237099800070AD44CB12744302024
:10CA20004946C047002800F1EF80013CF7D10024BF
:10CA30000998800427D49DF849004946C04700283A
:10CA400000F1E2800B98012857DB2E204946C047B1
:10CA5000002800F1D9800B98384400F1020B0398AC
:10CA6000C5B20020471CAF4202D20C99085C00E01E
:10CA700030204946C047002800F1C6800B98B842D4
:10CA80003846EFD148E0049820EAE076851B0B9801
:10CA9000C0F1000B0398C0B20F90701C06D12E207D
:10CAA0004946C047002800F1AF8001373020002DF3
:10CAB00004D40F998D42BCBF0E98405D49465E4537
:10CAC00006DDC04701350137013E0028E5D59BE072
:10CAD000C047002800F198800999781CC90640F1E8
:10CAE0009180002E40F08C802E204946C047B0F146
:10CAF000FF3F40F38980023773E00998C00604D4F1
:10CB000007F1010B08E000213EE62E204946C04710
:10CB1000002879D407F1020B02984946801BC0B265
:10CB2000C047002870D4049E2B204946002E48BFE1
:10CB30002D20C047002E48BF7642002864D40198BB
:10CB400010F5FA6F15D844F6D3504946C1F2620089
:10CB5000A6FB0005302000EB9510C0B2C0470028AE
:10CB600052D4A8094FF47A7100FB11620BF103054E
:10CB700006E008980BF10205324610F1C80F3BD8C9
:10CB800048F21F504946C5F2EB101746A2FB0006BB
:10CB9000302000EB5610C0B2C047002834D47009D2
:10CBA000642100FB117201354CF6CD404946CCF6AC
:10CBB000CC401746A2FB0006302000EBD600C0B2E6
:10CBC000C047002820D4F008013500EB8000A7EB17
:10CBD000400202F130004946C0B2C047002813D4D9
:10CBE0006F1C012CFFF66FAA20204946C047013771
:10CBF000013C0028F5D507E000980228D4D2E8E7E8
:10CC00000746EEE70746ECE799F8020040F004001B
:10CC100089F802004FF0FF37384619B0BDE8F08FB1
:10CC2000022AB8BF70472DE9F04F42F689084FF04D
:10CC3000010CC0F2010804464FF0010E03E05F78DA
:10CC40009C1C252F29D1234613F8015B252D01D0EB
:10CC500025B90AE16778A31C252F1DD11C4614F8BD
:10CC6000015B252D01D025B9FFE05F789C1C252FA5
:10CC700013D1234613F8015B252D01D025B9F4E02B
:10CC80006778A31C252F07D11C4614F8015B252DBE
:10CC9000D5D0002DD7D1E8E01C464FF0000A4FF068
:10CCA0000009002604E014F8017B002F00F0A980A1
:10CCB000B346BAF11F0F0AD8A7F12005102D09D8E5
:10CCC0000CFA05F515EA080F40F07C8002E0BAF195
:10CCD0007F0F0AD8A7F13005092D3ED80BEB8B0347
:10CCE0004AF0200A05EB4306DDE7A7F14C052E2D9F
:10CCF00000F288805E46DFE815F067008500850059
:10CD000085008500850085008500850085008500FB
:10CD100085008500850085008500850085008500EB
:10CD200085008500850085008500850085008500DB
:10CD3000850077008500670085007000850085000C
:10CD4000850085008500850085002F008500850011
:10CD50008500850085002F00A5E7A7F12405562D45
:10CD600000F250800026DFE805F0334D4D4D4D4D6B
:10CD7000324D4D4D324D4D4D4D4D4D4D4D4D4D4D19
:10CD80004D4D4D4D4D4D4D4D4D4D4D4D4D4D4D4DD3
:10CD90004D4D2F4D4D4D4D4D4D4D4D4D4D4D4D4DE1
:10CDA0004D4D4D4D4D4D4D4D4D4D4D4D4D4D3F4DC1
:10CDB0002F4D384D4D4D4D4D4D4D2C4D4D4D4D4DF7
:10CDC0002C00FFE75E466EE74AF4207AFAE76AE74E
:10CDD000B9F1000F0FD1D94665E70AF080034AEA9E
:10CDE000830343F0800AEDE70AF480734AEA4303C1
:10CDF00043F4807AE6E7F3457FF455AF6327F146C5
:10CE000000E00027B9F1000F2FD0F14524D147F001
:10CE10002003612B1CBF653B022B05D80B68073331
:10CE200023F00703083313E0A7F16303102B0AD89C
:10CE3000DFE803F00C0909090909090909090909C9
:10CE4000090909090C005FEA0A6309D40B68043375
:10CE50000EF1010E04460B609645FFF6F4AE04E0B9
:10CE60000B685FEA8A54DAD4F1E7BDE8F04F704707
:10CE70002DE9F04703F01F06984691468A4605467D
:10CE80002846514632460023FEF78CFF044600FB3D
:10CE900016500F46A0EB0801092888BF01F13700A2
:10CEA000303089F80000A81B7AF1000049D32046F1
:10CEB000394632460023FEF775FF054600FB164053
:10CEC0008A46A0EB0801092888BF01F137003030FD
:10CED00089F80100A01B77F1000036D3284651469F
:10CEE00032460023FEF75EFF044600FB16500F4655
:10CEF000A0EB0801092888BF01F13700303089F81C
:10CF00000200A81B7AF1000023D32046394632469E
:10CF10000023FEF747FF054600FB16408A46A0EBBC
:10CF20000801092888BF01F13700303089F8030073
:10CF300009F10409A01B77F10000A1D24846BDE821
:10CF4000F08709F10100BDE8F08709F10200BDE8B2
:10CF5000F08709F103094846BDE8F0872DE9F04F55
:10CF600085B05AEC103B4FEADA77CAF30A566FF3F2
:10CF70001F5A077153EA0A0408BF002E0ED040F270
:10CF8000FF75AE423CD10421002C18BF0821394462
:10CF900001710021084605B0BDE8F08F002700238D
:10CFA0004FF0000A0029076037D40D2937D3190F35
:10CFB00000F1050B41EA0A110491190E4FEA1A54C7
:10CFC00041EA0A210391190D4FEA1A4641EA0A3152
:10CFD0000291190C4FEA1A3841EA0A410191190BE2
:10CFE00041EA0A5C190A41EA0A6E190941EA0A791A
:10CFF0004FEA1A1103F00F034FEA1A27009180E05D
:10D000004FF60247002ECFF6FF771CBFA6F2FF3780
:10D010000AF5801A00290760C7D5002146E03326AB
:10D02000A6EB8105C5F1200613274FF0020CA7EBF4
:10D0300081072CFA06F401264FF0000E002F58BF8E
:10D040000CFA07F458BF06FA07FE06FA05F60CFAC2
:10D0500005F558BF002658BF0025D5F100094FF04F
:10D06000000868EB040C013D64F100041D4004EA73
:10D070000A04751B7EEB040411D38C00C4F1340543
:10D08000D4F1140423FA05F7C5F120050AFA05F5D1
:10D0900045EA070558BF2AFA04F5EC0702D09B19A8
:10D0A0004AEB0E0A03EA09030AEA0C0A1F0947EAD7
:10D0B0000A791F0F1D0B47EA0A1704971F0E45EA4E
:10D0C0000A5C47EA0A2703971F0D1D0A47EA0A3739
:10D0D00002971F0C45EA0A6E47EA0A4700F1050B62
:10D0E00013F00F0301974FEA1A174FEA1A544FEA49
:10D0F0001A464FEA1A384FEA1A25009700F0B48012
:10D100002F46991A092B88BF01F1270303F130013B
:10D11000817409F00F030D219D1A092B88BF05F1B9
:10D1200027030C2903F13003437498BF0C210EF040
:10D130000F039D1A092B88BF05F127030B2903F163
:10D140003003037498BF0B210CF00F039D1A092BB9
:10D1500088BF05F127030A2903F13003C37398BF81
:10D160000A21019B3D4603F00F039F1A092B88BF3C
:10D1700007F12703092903F13003837398BF0921BD
:10D18000029B03F00F039F1A092B88BF07F12703A7
:10D19000082903F13003437398BF0821039B03F070
:10D1A0000F039F1A092B88BF07F12703072903F1F3
:10D1B0003003037398BF0721049B03F00F039F1AEA
:10D1C000092B88BF07F12703062903F13003C37237
:10D1D00098BF06210AF00F039F1A092B88BF07F199
:10D1E0002703052903F13003837298BF0521009BB3
:10D1F00003F00F039F1A092B88BF07F127030429A7
:10D2000003F13003437298BF042105F00F039F1A06
:10D21000092B88BF07F12703032903F130030372A9
:10D2200098BF032108F00F039F1A092B88BF07F14D
:10D230002703022903F13003C37106F00F0398BFDF
:10D2400002219A1A092B88BF02F1270303F1300249
:10D250008271012998BF012104F130008BF8000090
:10D26000084605B0BDE8F08F19F00F0348D10C292E
:10D2700046D21EF00F0345D10B2943D21CF00F03F9
:10D2800042D10A2940D2019B13F00F037FF46DAF06
:10D290000929BFF46AAF029B13F00F037FF473AF49
:10D2A0000829BFF470AF039B13F00F037FF479AF2D
:10D2B0000729BFF476AF049B13F00F037FF47FAF11
:10D2C0000629BFF47CAF1AF00F037FF485AF052960
:10D2D000BFF482AF17F00F038CD104298AD215F066
:10D2E0000F0394D1032992D218F00F039CD1022985
:10D2F0009AD206F00F0353EA0107A2D10021ABE74F
:10D300002F4609E72F4614E72F461FE7844639B317
:10D3100070B500EB010C4B1EA1F1020ECC1E0022D9
:10D32000855C85B1934219D085186E7876B19645A3
:10D3300014D0AE786EB1944210D0EE7866B104325B
:10D340009142EDD10AE000EB020C07E005F1010C7F
:10D3500004E005F1020C01E005F1030CBDE87040AA
:10D36000ACEB00007047B0B588B00C464DF2AD3163
:10D37000C0F20021002501914FF400310091011904
:10D38000CDE90655002C0490CDE9025518BF481E82
:10D3900048BF00200590114668461A46FEF77CFEFD
:10D3A000002C1CBF04990D7008B0B0BDD1E9042356
:10D3B0009A421EBF531C0B61107070472DE9F04F4D
:10D3C000A1B056EC108BB246C6F30A546FF31F5A45
:10D3D000F50F58EA0A0708BF002C0ED040F2FF767E
:10D3E000B44215D10821002F08BF0421002429448C
:10D3F0000171204621B0BDE8F08FA91C01713021D8
:10D400000124417100210160204621B0BDE8F08F68
:10D41000A4F23549002CCDE9062308F00106049555
:10D42000CDE9081006BF4FF6CC39CFF6FF790AF5E3
:10D43000801A4FEA8A0242EA9870002F15905FEA3C
:10D440000F90022C5FEA2F91B9F1000F40EA01071B
:10D450004FEA880014900596139749D4484600F087
:10D4600021FD0546B9F1030F88BF013D284600F0B4
:10D4700027FD0DF1580B04462846594600F00BFED7
:10D480001AA81CA95A460297CDE90010A5EB09007D
:10D490002044514600F17C034046AB4600F031FC8D
:10D4A0008246152D5FD8149F4CF6CD46159D1EA8BB
:10D4B000CCF6CC460C4600903846294632464FF012
:10D4C000CC3300F072FEDDE91E01820842EA817170
:10D4D00020F0030008444042F8426AD13846294609
:10D4E00000F0F7FC58455FEA3F901290002087E07B
:10D4F000C9F1000B584600F0DCFC044619F10100AC
:10D5000018BF013CABEB040B584600F0D9FC16A940
:10D51000054658468B4600F03BFD1AA81CA95A4602
:10D520000297CDE90010601B00F17D034046514693
:10D5300000F0E7FB04EB090B8246012C1BD8089B8B
:10D54000002E069D4CF6CD46CCF6CC4608D0DDE943
:10D550001C0201381C9062F100001D900020139005
:10D560000120129050E04CF6CD460020CDE912008B
:10D57000CCF6CC4646E0089B4CF6CD46069DCCF654
:10D58000CC463E2C25D84FF0FF30B4F1200200FAF3
:10D5900004F758BF0027149C58BF9040159A24EAFE
:10D5A000070722EA000038435FEA1F90129000202C
:10D5B00011E0059888B91398C043C01965F10001BE
:10D5C00000F087FC58455FEA3F90139000201290CE
:10D5D00017E000201290139016E047F00200294651
:10D5E00000F077FCDDE91C124B1E62F10005584586
:10D5F00053EA21801C9055EA22801D900020129051
:10D6000013902146089B069D002D0C934AD0BAF139
:10D610000A0071F1000001D2012037E000274FF02D
:10D620000A0C02204FF064094FF47A7842F2107E1F
:10D630000A22A2FB0C4507EB870305EB4303BAEB79
:10D64000040471EB030320D3A2FB093407FB094454
:10D65000BAEB030371EB040314D3A2FB083407FBFA
:10D660000844BAEB030371EB04030DD3A2FB0E23B2
:10D67000043007FB0E37BAEB020371EB0703D8D275
:10D68000013802E0013000E00230089B079A0BEB02
:10D6900002073844B0EBD27FB8BFD00F834253EAC1
:10D6A000B0800C90CDF80CB00DF1680B1D9C16AD40
:10D6B0009BE8000B00201591149011900B902FE027
:10D6C0001599504632464FF0CC3316AD4FEADB0485
:10D6D000009500F06AFD1498BB46129910F0FF0FF8
:10D6E000DDE916235FEA1F90014008EB88001291E4
:10D6F000404210994942B1EB400F13995FEA1F90E5
:10D7000001401391D00840EA437101EB8000AAEB7D
:10D710004000149011988A4601301190D808159055
:10D720005846214632464FF0CC330095CDF834B000
:10D730000E9400F03AFD4046494632464FF0CC3355
:10D74000DDE9164B0095CDE90F9800F02EFDDDE9DF
:10D750001601E20842EA4B774FEAD109C00840EAD5
:10D760004178B8EB070079EBDB00A9D31599BAF142
:10D770000A0071F1000001D201203BE00A97002568
:10D780000A2202204FF00A0C64274FF47A7EA2FB93
:10D790000C3605EB850406EB4406BAEB030371EB8C
:10D7A000060322D3A2FB073605FB0766BAEB030389
:10D7B00071EB060316D3A2FB0E3605FB0E66BAEB21
:10D7C000030371EB06030FD342F210740430A2FB83
:10D7D000042305FB0435BAEB020371EB0503D6D233
:10D7E000013802E0013000E002300A9F4CF6CD46DD
:10D7F000CCF6CC460C9A4AEA010313435FEA1F9326
:10D80000904203DD13B901200B905AE71398C0072B
:10D8100071D0DDF8408032460F994FF0CC3316AD11
:10D820000095404600F0C1FCDDE91610C8F1000388
:10D83000DDF848B0CA0842EA407404EB8202524262
:10D84000B3EB420F5FD1C208DDF84490DDF850C061
:10D85000DDE90D01904632464FF0CC33CDF850C093
:10D86000009500F0A2FC1599324616984FF0CC3383
:10D8700012905046179F009500F097FC4CF6CD4251
:10D8800016A8009020464146CCF6CC424FF0CC334F
:10D89000DDE91665CDF83C8000F087FCF10841EA2F
:10D8A000457E14980EEB8101A046ED0810F0FF0FA5
:10D8B000AAEB410C5FEA1F90DDE916120BEA000BA0
:10D8C00012984CF6CD461595CB0843EA4274C00831
:10D8D00004EB830340EA47705B4209F1010916AD8E
:10D8E000F908C8F10007CCF6CC46D208F246B7EBEF
:10D8F000430FAFD00CE00DF1400BD646DDF850C021
:10D900009BE8000B04E0D646DDF84490DDF850C0FB
:10D91000159A8EEA08010F981346424011430B9A5C
:10D920005FEA0F911143CA07059900295FEA1F9129
:10D93000002A04BF139A11EA02010ED05FFA8CF19B
:10D9400005295FEA0F92042962EA0B025FEA9F91C0
:10D9500042EA0E0202EA010C01E04FF0010C0398CA
:10D9600009EB00051EEB0C0043F10001B0F10A02C7
:10D9700071F1000201D2012338E0AE4600264FF0DB
:10D980000A0802234FF0640B4FF47A7A42F21079BE
:10D990000A25A5FB087206EB860402EB4402C41BB1
:10D9A00071EB02021DD3A5FB0B2406FB0B44821A6C
:10D9B00071EB040212D3A5FB0A2406FB0A44821A67
:10D9C00071EB04020CD3A5FB0952043306FB0926B4
:10D9D000421B71EB0602DCD2013B02E0013300E0A6
:10D9E00002334CF6CD467546CCF6CC460C9A9342A3
:10D9F0005FEADC82012A079A3AD1069F4FB12A4496
:10DA00001A44012AD8BF0122089F974257EAB282DE
:10DA10000C920C9A93422BDD05304CF6CD4741F128
:10DA20000001CCF6CC474008013B40EAC17001350B
:10DA300010EB51024FEA510142F10002A2FB0776BE
:10DA400026F0030707EB96074FF0CC36D21B821A5D
:10DA50004CF6CD40CCF6CC4061F10001A2FB0007B2
:10DA600002FB06724CF6CD46CCF6CC4601FB0621F5
:10DA70000C9A934253EAB2822BB214B22344A3F11C
:10DA80000108012CC0F2348102F00303099ACDF899
:10DA90004880042C02F105091193149402D24FF02E
:10DAA000000AA9E0E31A2244149C02F104084FF092
:10DAB000000A13936422002383460F46FEF772F98F
:10DAC000420800F0010042EAC17212EB510141F13B
:10DAD0000001A1FB062323F0030202EB93020023C3
:10DAE000891A4FF47A7240EA4100394640F030001A
:10DAF00015905846FEF756F942084CF6CD4642EAD4
:10DB0000C172CCF6CC4612EB510100F0010041F19C
:10DB100000024FEA5B0141EAC77111EB570343F181
:10DB20000003A3FB066525F0030606EB95069B1B89
:10DB30006FF00206CB1A4CF6CD41CCF6CC41A3FBDC
:10DB4000011C01EB8105ABEB450545F0300508F8FC
:10DB500004598AEA0605159E254409F805604CF625
:10DB6000CD46CCF6CC46A2FB065626F0030505EBC7
:10DB70009606A2EB06024CF6CD46CCF6CC4640EA21
:10DB800042006FF0030282EA0A0240F030002244B1
:10DB900009F802004FF0CC304FEA570203FB00C0F7
:10DBA00062F1000202FB06004A0801F0010142EAAC
:10DBB000C07212EB500040F10000A0FB062323F0DE
:10DBC000030202EB93020023801A42F2107241EA30
:10DBD00040006FF0010181EA0A0140F03000214469
:10DBE00009F8010058463946FEF7DCF80AF1040A44
:10DBF000139A52457FF45EAFDDF844E0DDF84880CB
:10DC0000149CBEF1000F73D042084CF6CD4742EA97
:10DC1000C172CCF6CC4712EB51036FEA0A0543F10F
:10DC200000032544A3FB077626F0030707EB9607BE
:10DC30004E08DB1BD31A4CF6CD42CCF6CC4266F133
:10DC4000000CA3FB0227BEF1010F02EB8206A0EB42
:10DC5000460646F0300609F8056049D04FF0CC364C
:10DC60004CF6CD4503FB06734CF6CD47CCF6CC47BE
:10DC7000CCF6CC450CFB0733570802F0010247EA0B
:10DC8000C37717EB53034CF6CD4743F10003CCF6B3
:10DC9000CC47BEF1020FA3FB077626F0030707EB84
:10DCA0009607A3EB070342EA4302A4EB0A0303EB44
:10DCB000090642F0300206F8022C19D06422002333
:10DCC000FEF770F8420800F0010042EAC17212EB60
:10DCD000510141F10001A1FB052323F0030202EBF6
:10DCE0009302891A40EA410040F0300006F8030C24
:10DCF000099804990171C0F80080204621B0BDE860
:10DD0000F08F2DE9F04F8BB0490041EAD0740593B4
:10DD10001646D2E9002345002846214608AF009761
:10DD200000F043FAD6E90223834606A8894600900C
:10DD300028462146DDE9087A00F037FA10EB07089B
:10DD4000DDE906234AEB010ADDE90801571C059CC1
:10DD500043F10005B8EB00007AEB0100A4F14104A7
:10DD600055EA338357EA328296E8830017EB0807B7
:10DD7000F568049445EB0A0510EB0B0059EB010024
:10DD8000009457F10000CDE9062345F10001571C2E
:10DD900043F10005B0EB080471EB0A04CDF80CB0B8
:10DDA00055EA338357EA3282CDF8089000F01BFA27
:10DDB000DDE91429169BC2E9000143B3D6E900C18D
:10DDC000D6E902560398B8EB0505DDE906236AEBB0
:10DDD00006066C1E66F10007B0EB0C000298DDF839
:10DDE00010B08841CDF800B054EA358057EA36814A
:10DDF000571E63F10006B8EB00057AEB010557EA00
:10DE0000328256EA338300F0EEF95F463EE0DDE908
:10DE100006204FEA4804D6E900EC01900598D6E9BF
:10DE20000276A0F14005029800954FEA4A05039951
:10DE300045EAD87544EAD0744300E71B65EB060653
:10DE4000B7F1010B43EAD17366F10000DEEB41014B
:10DE500073EB0C0150EA36815BEA3780B4EB0803C0
:10DE6000019F75EB0A035FEA2F937F0043EA4203A9
:10DE700047EAD2775A1E67F10006241A8D4152EA0A
:10DE8000338256EA378300F0AEF9049FDDE90623BA
:10DE9000C9E9000140465146009700F0A4F90BB0D3
:10DEA000BDE8F08F43F24141C0F201014843800CCC
:10DEB000704742F6FB61C0F20B014843000D70470A
:10DEC00049F24F31C0F212014843012101EBD04029
:10DED00070472DE9F04F4CF6CD4E45F6294442F6F9
:10DEE000F50A47F6D50847F6916943F2343B0246F6
:10DEF0000020CCF6CC4E4FF03333CCF28F24C8F652
:10DF00005C7AC2F2E968C3F6FB29C3F2333BA2FB99
:10DF10000E5C4FF0CC3702FB07C7D5F1333501FB60
:10DF20000E7773EB07072ED3A2FB047502FB0A558D
:10DF3000D7F1333701FB045573EB050722D3A2FB5E
:10DF4000087540F63106C1F6AC4602FB0655D7F11E
:10DF5000333701FB085573EB050716D3A2FB097590
:10DF60004CF67066CDF28826043002FB065201FBA7
:10DF70000921B7EB0B0271F133323A46C7D30138AE
:10DF8000BDE8F08F0130BDE8F08F0230BDE8F08FC2
:10DF90002DE9F04F87B005464EF64F40C4F6C460F9
:10DFA0008B46A5FB0001C8081A2100FB01F640F2D0
:10DFB000F001C0F2012101EB0010B54209D190E857
:10DFC0000E00C0688BE80E00CBF80C0007B0BDE86F
:10DFD000F08FD0E9009240F2C011C0F2012101920D
:10DFE000D0E90223A81B51F8307001EBC00044684F
:10DFF00004A800903846214600F0D7F8019B8246DD
:10E0000002A888460090384621464A4600F0CDF8DE
:10E0100081460191DDE90201002210EB0A0758EB6D
:10E02000010842F10000012806D1DDE904010130B8
:10E03000049041F1000005902846FFF741FF044697
:10E040003046FFF73DFF0199241A48463A464346B9
:10E05000009400F0C8F86FF0030240F2902302EA47
:10E060009502C0F201239A581E2303EA4503DA40C1
:10E0700002F003068019DDE9042341F10001CBE938
:10E08000000138464146009400F0ADF8CBE90201AA
:10E0900007B0BDE8F08F2DE9F04F87B08B464EF604
:10E0A0004F4105461930C4F6C461A0FB0101C80800
:10E0B0001A2100FB01F640F2E821C0F2012101EB38
:10E0C0000010AE4209D190E80E00C0688BE80E0047
:10E0D000CBF80C0007B0BDE8F08FD0E900A240F209
:10E0E000C011C0F201210192D0E90223701B51F846
:10E0F000307001EBC000446804A800903846214607
:10E1000000F053F8804602A80090BAF1010201988D
:10E110008946214660F10003384600F046F804467F
:10E120008A46DDE90201002210EB080751EB0908DD
:10E1300042F10000012806D1DDE90401013004901C
:10E1400041F1000005903046FFF7BAFE064628462A
:10E15000FFF7B6FE361A204651463A464346009629
:10E1600000F041F86FF0030240F2D83302EA950262
:10E17000C0F201239A581E2303EA4503DA4002F055
:10E1800003054019DDE9042341F10001013041F1AB
:10E190000001CBE9000138464146009600F023F823
:10E1A000CBE9020107B0BDE8F08FF0B5A2FB01CECC
:10E1B000A2FB0075A3FB011415EB0C05DDF814C0E0
:10E1C00051EB0E06294644F100043246E3FB0012EF
:10E1D000A3FB0003401956EB030044F10000CCE917
:10E1E00000203846F0BD10B5DDF808C0CCF1400E77
:10E1F000CEF1200420FA0CF003FA0EF322FA04F414
:10E200002343DCF1200458BF02FA04F302FA0EF2B1
:10E2100001FA04F440EA040058BF0022BCF12004D3
:10E2200058BF21FA04F021FA0CF158BF0021104325
:10E23000194310BD2573203D3E204164647265730F
:10E2400073203078255820656666656374732030C6
:10E250007825580D0A00735F736472616D5F6E6399
:10E260005B617420307825585D206E6F7420696E74
:10E2700020534452414D2072616E67650D0A005271
:10E280006561642066726F6D20534452414D28636E
:10E290006163686561626C65206172656129202037
:10E2A00020746F2052414D2028756E63616368654C
:10E2B00061626C65206172656129207769746820EC
:10E2C00033326269742077696474682C2000577255
:10E2D0006974652066726F6D2052414D2028756EFD
:10E2E000636163686561626C6520617265612920A4
:10E2F000746F20534452414D2863616368656162C5
:10E300006C6520617265612920202077697468201E
:10E3100020386269742077696474682C2000416435
:10E3200064726573732070696E20636865636B2027
:10E330004641494C454400526561642066726F6DE8
:10E3400020534452414D28756E6361636865616274
:10E350006C6520617265612920746F204454434DBF
:10E3600020202020202020202020202020202020AD
:10E3700020202077697468202038626974207769CA
:10E380006474682C2000526561642066726F6D2091
:10E39000534452414D28636163686561626C652036
:10E3A0006172656129202020746F2052414D202820
:10E3B000636163686561626C6520617265612920D3
:10E3C0002020776974682031366269742077696427
:10E3D00074682C2000526561642066726F6D205352
:10E3E0004452414D28636163686561626C652061D8
:10E3F00072656129202020746F2052414D202863CE
:10E400006163686561626C652061726561292020C5
:10E41000207769746820363462697420776964747F
:10E42000682C200052323A202030782530385800AD
:10E4300044436163686520616C726561647920643E
:10E44000697361626C6500526561642066726F6D0C
:10E4500020534452414D28636163686561626C6575
:10E46000206172656129202020746F204454434D3F
:10E47000202020202020202020202020202020209C
:10E4800020202077697468203136626974207769AA
:10E490006474682C200057726974652066726F6D11
:10E4A0002052414D2028636163686561626C65207C
:10E4B0006172656129202020746F20534452414DC0
:10E4C00028756E636163686561626C652061726561
:10E4D0006129207769746820333262697420776912
:10E4E0006474682C200057726974652066726F6DC1
:10E4F0002052414D2028756E636163686561626CCE
:10E500006520617265612920746F20534452414D2A
:10E5100028756E636163686561626C652061726510
:10E5200061292077697468203136626974207769BF
:10E530006474682C20004661696C656420617420F5
:10E54000307825702E200043616368653A2030786A
:10E55000253038582C20534452414D3A20307825EC
:10E560003038580D0A005053503A2020202030787F
:10E570002530385800526561642066726F6D2053F3
:10E580004452414D28636163686561626C65206136
:10E5900072656129202020746F204454434D20204F
:10E5A000202020202020202020202020202020206B
:10E5B00020776974682036346269742077696474DE
:10E5C000682C20005475726E206F6E204443616386
:10E5D00068652C2077726974652D7468726F756731
:10E5E00068206D6F64650057726974652066726F8C
:10E5F0006D204454434D2020202020202020202026
:10E60000202020202020202020746F2053445241BD
:10E610004D28636163686561626C65206172656144
:10E620002920202077697468203136626974207748
:10E63000696474682C200057726974652066726F73
:10E640006D2052414D2028756E636163686561627B
:10E650006C6520617265612920746F2053445241BA
:10E660004D28636163686561626C652061726561F4
:10E6700029202020776974682031366269742077F8
:10E68000696474682C2000436865636B6564204589
:10E6900072726F723A20496E737472756374696F27
:10E6A0006E20427573204572726F7200446174610E
:10E6B0002070696E20636865636B204641494C4554
:10E6C0004400735F736472616D5B61742030782500
:10E6D000585D206E6F7420696E20534452414D2066
:10E6E00072616E67650D0A005365742077726974F4
:10E6F000652D6261636B206661696C6564005772A9
:10E700006974652066726F6D2052414D2028756EC8
:10E71000636163686561626C65206172656129206F
:10E72000746F20534452414D28756E636163686570
:10E7300061626C6520617265612920776974682067
:10E7400036346269742077696474682C20005343FE
:10E75000422D3E484653523A2030782530385800F2
:10E7600046756C6C206368697020636865636B2014
:10E770005041535300636865636B46756C6C436826
:10E7800069705769746853657100577269746520C0
:10E7900066726F6D204454434D202020202020209D
:10E7A000202020202020202020202020746F205393
:10E7B0004452414D28756E636163686561626C65A2
:10E7C000206172656129207769746820333262693B
:10E7D000742077696474682C20005475726E206F01
:10E7E0006E204443616368652C2077726974652DDF
:10E7F0006261636B206D6F6465007573696E67207D
:10E8000074696D653A20256C6C752075732C200039
:10E81000444D41202066726F6D20534452414D207B
:10E82000746F2052414D202077697468203634621D
:10E8300069742077696474682C205265706561740E
:10E840002D426C6F636B206D6F64652C20005053FC
:10E85000523A20307825303858000D0A3D3D3D3D74
:10E860003D3D3D3D204F7468657220526567697378
:10E87000746572203D3D3D3D3D3D3D3D002573208D
:10E880003D3E204661696C656420617420307825C6
:10E89000580D0A00696E74657276616C5F6164641C
:10E8A0007231203D20307825580D0A005265616490
:10E8B0002066726F6D20534452414D28756E63611E
:10E8C00063686561626C6520617265612920746F9F
:10E8D0002052414D2028636163686561626C652048
:10E8E000617265612920202077697468203634625E
:10E8F00069742077696474682C200052333A2020B0
:10E90000307825303858000D0A3D3D3D3D3D3D3DB8
:10E910003D3D205343422052656769737465722000
:10E920003D3D3D3D3D3D3D3D3D0046756C6C2063AC
:10E9300068697020636865636B207769746820720A
:10E94000616E646F6D2073657175656E63652050CF
:10E95000415353002573203D3E204661696C64207D
:10E96000617420307825580D0A0052656164206674
:10E97000726F6D20534452414D2863616368656135
:10E98000626C65206172656129202020746F2052BD
:10E99000414D2028756E636163686561626C652016
:10E9A0006172656129207769746820363462697400
:10E9B0002077696474682C2000577269746520663A
:10E9C000726F6D2052414D202863616368656162FA
:10E9D0006C65206172656129202020746F2053448A
:10E9E00052414D28636163686561626C65206172A4
:10E9F0006561292020207769746820363462697443
:10EA00002077696474682C20005265616420667206
:10EA10006F6D20534452414D28756E636163686584
:10EA200061626C6520617265612920746F204454B5
:10EA3000434D202020202020202020202020202086
:10EA40002020202020776974682036346269742081
:10EA500077696474682C2000577269746520667247
:10EA60006F6D2052414D2028636163686561626C5F
:10EA700065206172656129202020746F2053445203
:10EA8000414D28636163686561626C6520617265F0
:10EA900061292020207769746820313662697420EA
:10EAA00077696474682C20005772697465206672F7
:10EAB0006F6D2052414D2028756E636163686561FA
:10EAC000626C6520617265612920746F2053445225
:10EAD000414D28756E636163686561626C65206194
:10EAE0007265612920776974682033326269742005
:10EAF00077696474682C200046756C6C20636869C3
:10EB00007020636865636B204641494C4544005260
:10EB10006561642066726F6D20534452414D2875C3
:10EB20006E636163686561626C652061726561290D
:10EB300020746F204454434D20202020202020208A
:10EB40002020202020202020202020776974682089
:10EB500033326269742077696474682C20005265CE
:10EB600061642066726F6D20534452414D28636189
:10EB700063686561626C652061726561292020208F
:10EB8000746F2052414D2028636163686561626C37
:10EB900065206172656129202020776974682033BF
:10EBA000326269742077696474682C200057726936
:10EBB00074652066726F6D2052414D2028756E631A
:10EBC0006163686561626C652061726561292074AA
:10EBD0006F20534452414D28636163686561626CE4
:10EBE000652061726561292020207769746820366C
:10EBF000346269742077696474682C20005343423E
:10EC00002D3E435346523A20307825303858005034
:10EC100053504C494D3A20307825303858004578CB
:10EC2000706563743A20307825582C2052656164F1
:10EC30003A20307825580D0A002573203D3E205794
:10EC4000726974653A20307825582C2052656164C9
:10EC50003A20307825580D0A00577269746520668D
:10EC6000726F6D2052414D2028756E636163686537
:10EC700061626C6520617265612920746F20534464
:10EC800052414D28636163686561626C6520617201
:10EC900065612920202077697468203332626974A5
:10ECA0002077696474682C2000696E660052303ADF
:10ECB0002020307825303858005231323A203078D0
:10ECC00025303858004C523A2020307825303858BA
:10ECD0000050433A2020307825303858000D0A0083
:10ECE000446174612070696E20636865636B2050B5
:10ECF00041535300636865636B44514D00757369FC
:10ED00006E67206379636C653A20256C6C752C20E6
:10ED100000526561642066726F6D20534452414D0C
:10ED200028756E636163686561626C6520617265F8
:10ED3000612920746F204454434D2020202020203E
:10ED400020202020202020202020202020776974CF
:10ED5000682031366269742077696474682C2000F9
:10ED600057726974652066726F6D204454434D205C
:10ED70002020202020202020202020202020202093
:10ED80002020746F20534452414D286361636865AD
:10ED900061626C6520617265612920202077697449
:10EDA000682020386269742077696474682C2000B8
:10EDB000444D4120204F7065726174696F6E00444C
:10EDC0004D41202066726F6D2052414D2020746F9E
:10EDD00020534452414D207769746820363462696B
:10EDE000742077696474682C205265706561742D95
:10EDF000426C6F636B206D6F64652C20002573205F
:10EE00003D3E2045787065637420626173652076AD
:10EE1000616C3A20307825582C207265616420306E
:10EE20007825580D0A0057726974652066726F6DF7
:10EE3000204454434D20202020202020202020202A
:10EE40002020202020202020746F20534452414D48
:10EE500028636163686561626C6520617265612920
:10EE600020202077697468203634626974207769BD
:10EE70006474682C200057726974652066726F6D27
:10EE80002052414D2028636163686561626C652092
:10EE90006172656129202020746F20534452414DD6
:10EEA00028756E636163686561626C652061726577
:10EEB0006129207769746820203862697420776935
:10EEC0006474682C20001B5B324A1B5B480046754B
:10EED0006C6C206368697020636865636B20776978
:10EEE0007468206F726465726564207365717565FE
:10EEF0006E63652050415353002573203D3E2046EC
:10EF000061696C65642C2076616C5F773A2030789B
:10EF100025582C2076616C5F723A20307825580D88
:10EF20000A0046756C6C20636869702063686563CD
:10EF30006B2077697468206F7264657265642073F2
:10EF4000657175656E6365204641494C45440044D2
:10EF50004D41202066726F6D204454434D20746FE4
:10EF600020534452414D20776974682036346269D9
:10EF7000742077696474682C205265706561742D03
:10EF8000426C6F636B206D6F64652C20004861726A
:10EF9000644661756C74206F63637572726564207A
:10EFA0006279204445425547004861726446617564
:10EFB0006C74206F63637572726564206279206F70
:10EFC0007468657220657863657074696F6E206619
:10EFD0006F72636564003D3D3D3D3D3D3D3D3D3DC2
:10EFE000204D535020537461636B20203D3D3D3DC7
:10EFF0003D3D3D3D3D3D00495053523A203078253E
:10F0000030385800436865636B6564204572726FE1
:10F01000723A20446976696465204279205A6572A3
:10F020006F00436865636B6564204572726F723A66
:10F0300020496E76616C69642053746174650025A3
:10F0400073203D3E204164647265737320307825DF
:10F050005820616666656374732062617365206120
:10F0600064647265737320307825580D0A005772F6
:10F070006974652066726F6D2052414D202863616E
:10F0800063686561626C652061726561292020207A
:10F09000746F20534452414D28756E6361636865F7
:10F0A00061626C65206172656129207769746820EE
:10F0B00031366269742077696474682C2000577255
:10F0C0006974652066726F6D2052414D202863611E
:10F0D00063686561626C652061726561292020202A
:10F0E000746F20534452414D28756E6361636865A7
:10F0F00061626C652061726561292077697468209E
:10F1000036346269742077696474682C200043681F
:10F1100065636B6564204572726F723A204E6F2092
:10F12000436F70726F636573736F72002573203D58
:10F130003E204661696C6420617420307825580D4A
:10F140000A0D0A0073706565643A20252E32662028
:10F150004D422F730D0A00526561642066726F6D17
:10F1600020534452414D28636163686561626C6558
:10F17000206172656129202020746F2052414D204A
:10F1800028756E636163686561626C652061726594
:10F190006129207769746820313662697420776943
:10F1A0006474682C2000436865636B656420457255
:10F1B000726F723A20556E616C69676E65642041AA
:10F1C0006363657373002573203D3E205772697435
:10F1D000653A20307825580D0A526561643A20203E
:10F1E000307825580D0A00526561642066726F6D93
:10F1F00020534452414D28756E63616368656162B6
:10F200006C6520617265612920746F2052414D2028
:10F2100028756E636163686561626C652061726503
:10F2200061292077697468203332626974207769B4
:10F230006474682C2000444D41202066726F6D205C
:10F24000534452414D20746F204454434D207769FC
:10F2500074682036346269742077696474682C207D
:10F260005265706561742D426C6F636B206D6F64C5
:10F27000652C20005465726D696E616C0043686591
:10F28000636B6564204572726F723A20556E6465D7
:10F2900066696E656420496E737472756374696F14
:10F2A0006E004175746F20726566726573682063C5
:10F2B0006865636B205041535300636865636B411D
:10F2C00064647265737350696E0052656164206690
:10F2D000726F6D20534452414D28756E63616368AF
:10F2E0006561626C6520617265612920746F2052CE
:10F2F000414D2028636163686561626C65206172BD
:10F30000656129202020776974682020386269743B
:10F310002077696474682C200052313A20203078BC
:10F32000253038580073746172745F6164647220B0
:10F330006F7574206F662072616E6765004164644A
:10F34000726573732070696E20636865636B20500B
:10F35000415353002573203D3E204578706563740A
:10F360003A20307825582C20726561643A20307834
:10F3700025580D0A0057726974652066726F6D20FA
:10F380004454434D202020202020202020202020D5
:10F3900020202020202020746F20534452414D28EB
:10F3A000756E636163686561626C65206172656139
:10F3B000292077697468202038626974207769642D
:10F3C00074682C20004D53503A202020203078259E
:10F3D00030385800436865636B6564204572726F0E
:10F3E000723A2050726563697365206461746120AC
:10F3F000627573206572726F7200424641522069D5
:10F40000732076616C69643A203078253038580D65
:10F410000A001B5B306D0044514D2070696E206303
:10F420006865636B204641494C4544004175746FE3
:10F43000207265667265736820636865636B204639
:10F4400041494C454400546573742073697A6520C2
:10F45000697320746F6F20736D616C6C20776974B1
:10F460006820746869732063617365005265616424
:10F470002066726F6D20534452414D28756E636152
:10F4800063686561626C6520617265612920746FD3
:10F490002052414D2028756E636163686561626C1E
:10F4A0006520617265612920776974682031366250
:10F4B00069742077696474682C20005772697465D8
:10F4C0002066726F6D204454434D20202020202060
:10F4D00020202020202020202020202020746F2089
:10F4E000534452414D28756E636163686561626C77
:10F4F0006520617265612920776974682031366200
:10F5000069742077696474682C20005343422D3E4F
:10F51000494353523A2030782530385800526561BB
:10F52000642066726F6D20534452414D28756E639E
:10F530006163686561626C65206172656129207430
:10F540006F2052414D2028756E636163686561626A
:10F550006C652061726561292077697468202038A4
:10F560006269742077696474682C20005365742084
:10F5700077726974652D7468726F7567682066614B
:10F58000696C65640057726974652066726F6D20DE
:10F590004454434D202020202020202020202020C3
:10F5A00020202020202020746F20534452414D28D9
:10F5B000756E636163686561626C65206172656127
:10F5C0002920776974682036346269742077696409
:10F5D00074682C2000436865636B65642045727213
:10F5E0006F723A20537461636B204F766572666C5C
:10F5F0006F7700526561642066726F6D20534452CC
:10F60000414D28636163686561626C652061726564
:10F610006129202020746F2052414D2028756E638F
:10F620006163686561626C6520617265612920773C
:10F630006974682020386269742077696474682C62
:10F6400020006E616E005475726E206F66662044F5
:10F65000436163686500636865636B44617461500E
:10F66000696E00636865636B46756C6C43686970AE
:10F670005769746852616E640057726974652066D8
:10F68000726F6D2052414D2028756E63616368650D
:10F6900061626C6520617265612920746F2053443A
:10F6A00052414D28756E636163686561626C6520C7
:10F6B00061726561292077697468202038626974F5
:10F6C0002077696474682C20001B5B324A00696EE5
:10F6D00074657276616C5F6164647232203D2030C3
:10F6E0007825580D0A002573203D3E206368656328
:10F6F0006B4461746150696E206174207468697331
:10F70000206164647265737320504153530D0A0085
:10F71000526561642066726F6D20534452414D28DA
:10F72000636163686561626C65206172656129204F
:10F730002020746F204454434D202020202020207E
:10F74000202020202020202020202020776974687D
:10F750002020386269742077696474682C2000570F
:10F76000726974652066726F6D204454434D202089
:10F770002020202020202020202020202020202089
:10F7800020746F20534452414D2863616368656162
:10F79000626C652061726561292020207769746838
:10F7A0002033326269742077696474682C20004DBC
:10F7B00053504C494D3A2030782530385800445148
:10F7C0004D2070696E20636865636B205041535310
:10F7D0000046756C6C206368697020636865636BB4
:10F7E00020776974682072616E646F6D2073657133
:10F7F00075656E6365204641494C4544005265611C
:10F80000642066726F6D20534452414D28756E63BB
:10F810006163686561626C6520617265612920744D
:10F820006F2052414D2028636163686561626C6599
:10F830002061726561292020207769746820313643
:10F840006269742077696474682C20005265616471
:10F850002066726F6D20534452414D28756E63616E
:10F8600063686561626C6520617265612920746FEF
:10F870002052414D2028756E636163686561626C3A
:10F880006520617265612920776974682036346269
:10F8900069742077696474682C20005772697465F4
:10F8A0002066726F6D2052414D2028636163686548
:10F8B00061626C65206172656129202020746F206F
:10F8C000534452414D28636163686561626C6520F1
:10F8D0006172656129202020776974682020386270
:10F8E00069742077696474682C20005772697465A4
:10F8F0002066726F6D2052414D20286361636865F8
:10F9000061626C65206172656129202020746F201E
:10F91000534452414D28636163686561626C6520A0
:10F920006172656129202020776974682033326212
:10F9300069742077696474682C20000D0A3D3D3D90
:10F940003D3D3D3D3D3D3D3D3D3D3D3D20496E20E4
:10F95000486172644661756C74203D3D3D3D3D3D9E
:10F960003D3D3D3D3D3D3D3D3D00436865636B652F
:10F9700064204572726F723A20496E76616C6964D8
:10F9800020504300636865636B46756C6C4368691F
:10F99000704E6F43616368650052656164206672F2
:10F9A0006F6D20534452414D286361636865616205
:10F9B0006C65206172656129202020746F20445499
:10F9C000434D2020202020202020202020202020E7
:10F9D00020202020207769746820333262697420E7
:10F9E00077696474682C2000526561642066726FC8
:10F9F0006D20534452414D28636163686561626CB8
:10FA000065206172656129202020746F2052414D6C
:10FA10002028636163686561626C6520617265615D
:10FA20002920202077697468202038626974207743
:10FA3000696474682C2000526561642066726F6D81
:10FA400020534452414D28756E636163686561625D
:10FA50006C6520617265612920746F2052414D20D0
:10FA600028636163686561626C6520617265612904
:10FA700020202077697468203332626974207769A6
:10FA80006474682C2000286E756C6C29003031324B
:10FA90003334353637383941424344454600000057
:10FAA0000000005454522052454747455300D4D4D7
:10FAB00000000022040B0222D4FD00022CFE0002F2
:10FAC00000040E000100000000200000298C00024C
:10FAD000000000000000000010000022C0FA000238
:10FAE0000C0B0222D8FA000268FE0002000100009E
:10FAF000200000220F00FFFF0000000101000000B5
:10FB0000090200000C000C010C020C0300000000B4
:10FB100000000000A199000200000000ECFA0002C1
:10FB2000240B022200FB0002ECFD00020400000096
:10FB30000C000000040000000D0000001040000058
:10FB400008010000040C00000A010000000C01156F
:10FB50000B010000000C010B0C010000000C010B5C
:10FB60000D010000000C010B0E010000000C010B48
:10FB70000F010000004000000002000010400000E3
:10FB80000102000000000105080200000004010558
:10FB900009020000000801000A020000000801003C
:10FBA0000B020000000001000C0200000000010038
:10FBB0000D020000000001000E0200000000010024
:10FBC0000F020000000C010B00030000000C010BF1
:10FBD00001030000000C010B0203000010400000B4
:10FBE00003030000000001140704000000000114DA
:10FBF0000804000040040107090400004004010754
:10FC00000A0400000000011F0B0400001040000067
:10FC10000C040000000C010B03050000000C010B9C
:10FC200004050000000C010B05050000000C010B91
:10FC300006050000000C010B07050000000C010B7D
:10FC400008050000000C010B09050000000C010B69
:10FC50000A050000000C011C02060000000C011C3B
:10FC600003060000000C011C04060000000C011C2F
:10FC700005060000000C011C06060000000C011C1B
:10FC800007060000000C010B08060000000C010B29
:10FC900009060000000C010B0A060000000C010B15
:10FCA0000B060000000C010B0C060000000C010B01
:10FCB0000D060000000C010B0E06000005040000FC
:10FCC0000F060000000C010B0D08000000000113DE
:10FCD0000E080000000001130F080000000C010BCB
:10FCE000000A0000000C010B010A0000000C010BCF
:10FCF000020A0000000C010B030A0000000C010BBB
:10FD0000040A0000000C010B050A0000000C010BA6
:10FD1000060A0000000C010B080A0000000C010B91
:10FD2000090A0000000C010B0A0A0000000C010B7C
:10FD30000B0A0000000C010B0C0A0000000C010B68
:10FD40000D0A0000000C010B0E0A00000008010B58
:10FD50000F0A0000000C011C000C0000000C011C2C
:10FD6000010C0000000C011C020C0000000C011C26
:10FD7000030C0000000C011C040C00000004011C1A
:10FD8000050C00000004011C060C00000004011C0E
:10FD9000070C00000004011C080C0000000C010B03
:10FDA000000D0000000C0115010D0000000C0115F4
:10FDB000020D0000000C0115030D0000000C0115E0
:10FDC000040D000000080115050D000010000115CC
:10FDD000070D0000550000002CFB00020000000091
:10FDE00003030403050306034000D4D4599B000217
:10FDF000419F0002519F0002A19F000239A0000212
:10FE000049A0000289A0000299A0000289A1000275
:10FE100099A10002A1A10002060000000800000054
:10FE200003000000050000000A00000099A4000281
:10FE3000B1A40002C1A40002D1A4000289A500025D
:10FE4000B9A5000201A6000229A6000261A60002CF
:10FE500091A60002B1A60002D9A60002F1A60002F6
:10FE6000020403040404D4D4D1A8000251A900025E
:10FE700069A90002D1A90002E1A9000209AA0002B1
:10FE800019AA000229AA000259AA0002B9AA00026E
:10FE9000C1AA0002000000680000016800000080A4
:10FEA0000000008000000070000000704000002290
:10FEB000400001220B000000CCFE000219000000EF
:10FEC00050FF00020400000094FE000200000168E0
:10FED000000001680001000D0000026800000268D7
:10FEE0000001000D000000800000008000010008FB
:10FEF0000000008000000080000100080000007089
:10FF0000000000700001000A000000700000007096
:10FF10000001000A000000000000000001000005D0
:10FF20000000012000000120010000044000012227
:10FF3000400001220000000370040222D80B0222BC
:10FF400000000003E00B0222E00B0222000000038D
:10FF50000000006800000068000000900001090D2A
:10FF600000000068000000680000007800010B0D30
:10FF70000000006800000068000000270001020D7A
:10FF80000000006800000068540000020001010D3C
:10FF900000000080000000800000009000010908BF
:10FFA00000000080000000800000007800010B08C5
:10FFB000000000800000008000000027000102080F
:10FFC00000000080000000805400000200010108D1
:10FFD0000000007000000070000000900001090A9D
:10FFE00000000070000000700000007800010B0AA3
:10FFF0000000007000000070000000270001020AED
:020000040201F7
:100000000000007000000070540000020001010AAE
:100010000000000000000000000000900101090540
:1000200000000000000000000000007801010B0546
:100030000000000000000000000000270100020591
:100040000000000000000000540000020100010553
:1000500000000020000000200000009001010904C1
:1000600000000020000000200000007801010B04C7
:100070000000002000000020000000270100020412
:1000800000000020000000205400000201000104D4
:10009000000000220000002200000090000109037F
:1000A00000000022000000220000007800010B0385
:1000B00000000022000000220000002700000203D0
:1000C000000000222400002254000002000001036E
:1000D000D80B0222E00B022278000002000001038C
:1000E00001000200080010002000D4D4D4D4D4D4DD
:1000F00000000000000000000000000000000010F0
:100100000000000000000000B9340332B7F4AD1461
:1001100010DB1AB30892540E0D307D951447BA1AAD
:1001200066088F4D26ADC66DF598BF85E2B74511BF
:10013000CA96853D92BD1DEBFCA11860DCEF5216FE
:100140003C92AE220BB8C1B4839D2D5B0562DA1CD4
:10015000304C7E8F4E8BB25B16F4529F8B56A5129D
:10016000FBD4827643ED8AF08FE7F93115651918D3
:1001700050F19BD94A13EEB4284CF0A686C1251F36
:10018000035FC270CB9E4916E642889C44EB201464
:10019000B0650836AD6EA58585F0CA14E2FD031A78
:1001A0000B899979D5B13D09D8DA973A35EBCF105B
:1001B000AC363F5E73BB38CF3E6752FA44AFBA15D8
:1001C0000100000000000000050000000000000029
:1001D00019000000000000007D0000000000000089
:1001E0007102000000000000350C0000000000005B
:1001F000093D0000000000002D310100000000005A
:10020000E1F505000000000065CD1D0000000000C4
:10021000F902950000000000DD0EE9020000000078
:10022000514A8D0E000000009573C2480000000086
:10023000E941CC6B010000008D49FD1A0700000068
:10024000C16FF28623000000C52EBCA2B1000000E1
:10025000D9E9AC2D780300003D9160E4581100000D
:1002600031D6E275BC560000F52E6E4DAEB10100E0
:10027000C9EA268367780800ED95C28F055A2A00DF
:10028000A1EDCCCE1BC2D30025A4000A8BCA220448
:10029000000000000000000000000000000000005E
:1002A00000000040955969595555545515555556F6
:1002B000040515411054554045515544404550449E
:1002C00050555545004000404004449665555655EC
:1002D000454045545141154055915555555540514E
:1002E00005010000D4D4D4D40100000000000000B7
:1002F0000000000000000020345065C05FC9A65215
:10030000BB13CBAEC440C21806C8DF7100D5A87CB1
:10031000F56F0FDA58FC27136E4756357D2420659C
:1003200002C7E768E48CA41DE9E60268D7CD39610D
:100330007977FCC2405BEF16798CDE43FFA751F959
:1003400091F3B278F5BDBE11E857E9D6E8BEE87B77
:10035000B054AC8F848D751BEA23A499E9F9D38B33
:10036000B7A3714061DA3E15CEE33ECB73F948087E
:100370008C97B427D51B7010A2BFEFB9EB8532154F
:100380004DB44DB49BBB6F1996B6076CF8E7EEAD54
:1003900036D9B4F59135AE13222218AF4E6A684DA6
:1003A00091DAAA3D4F40741E9FBD9EE006A1C09801
:1003B00057C2A7FDA40E90170E7D497173E3208FDD
:1003C000B220D87605143B12853D7434811343B0B6
:1003D000AD297A5F27F4351C54455454455505041E
:1003E0000010041014044000000001405555154150
:1003F000540400004400010000000040410000449B
:1004000050444550540055555455655100400040E6
:1004100001000001000501001154515154555505CA
:1004200000154150000004401001040500000000C8
:1004300000000406362E342E30004275696C74209C
:10044000776974682052656E6573617320416476C4
:10045000616E63656420466C657869626C652053E3
:100460006F667477617265205061636B61676520A8
:0E04700076657273696F6E20362E342E300062
:04048000018E0002E7
:0200000402C92F
:04F04000FFFFFFFFD0
:04F04400EFFFFFFFDC
:04F0C000FFFFFFFD52
:04F0C400FFFFFFFF4C
:04F1200000000000EB
:04F1240000000000E7
:040000050200B5B987
:00000001FF
