:020000040200F8
:1000000080060022C18E0002918D0002B10C000218
:10001000D18E0002D18E0002D18E0002D18E00025C
:10002000000000000000000000000000D18E00026F
:10003000D18E000200000000D18E000219070002DC
:10004000016C0002316B0002D96C0002616D00028C
:100050003975000221770002717800028979000267
:1000600099810002113500024935000279350002FC
:0C007000A1350002198700021987000268
:10007C0001000000000003000116000261160002DE
:10008C000000000012010002020000405B040200AC
:10009C000002010206010A060002000000400100F5
:1000AC0009004300020100C005090400000102021E
:1000BC00010005240010010424020205240600019D
:1000CC000524010301070583031000100904010036
:1000DC00020A000000070581024000000705020229
:1000EC004000000009004300020100C005090400A3
:1000FC000001020201000524001001042402020583
:10010C0024060001052401030107058303100010D8
:10011C0009040100020A0000000705810200020028
:10012C000705020200020000040309041003520038
:10013C0045004E0045005300410053002C03430082
:10014C0044004300200055005300420020004400AE
:10015C0065006D006F006E0073007400720061002A
:10016C00740069006F006E002E0343006F006D0079
:10017C006D0075006E006900630061007400690019
:10018C006F006E007300200044006500760069006B
:10019C006300650073001603460075006C006C006C
:1001AC002D005300700065006500640012034800C8
:1001BC0069002D00530070006500650064001C038D
:1001CC0030003000300030003000300030003000A3
:1001DC00300030003000300031000000B800002248
:1001EC00BC000022CC000022F800002226010022D4
:1001FC003C0100224E01002200001890000000007B
:10020C00000000000000000000000098000000004A
:10021C000000000000000000000000001400254059
:10022C00140025400000000018002540180025404F
:10023C00000000001C0025401C0025404118000255
:10024C00A918000200000000A918000241180002C1
:10025C00A918000200000000A9180002000000000C
:10026C000000000000000000000000000000000082
:10027C000000000000000000000000000000000072
:10028C000000000000000000000000000000000062
:10029C000000000000000000000000000000000052
:1002AC000000000000000000000000000000000042
:1002BC000000000000000000000000000000000032
:1002CC000000000000000000000000000000000022
:0E02DC0000000000A120000000000200000051
:1002F00083B010B581B0844603A840F2B064C2F266
:1003000000240EC003AB4FF4807120466246009378
:100310000AF06DFB0020214600F042FA01B0BDE872
:10032000104003B07047D4D40146002000F038BA22
:1003300083B010B581B0844603A840F2B064C2F225
:1003400000240EC003AB4FF4807120466246009338
:100350000AF04DFB0020214600F022FA4BF67B21EB
:100360000020C0F2002100F01BFA01B0BDE81040EF
:1003700003B07047D4D4D4D482B080B582B08C4658
:100380000146CDE9042304AB00206246019300F04E
:1003900007F802B0BDE8804002B07047D4D4D4D48E
:1003A000F0B583B00E46074602A801A91C461546C3
:1003B00001F0DAF94BF62820DDE90121C0F2002036
:1003C000FFF796FF4BF66450C0F2002050F827105C
:1003D000002000F0E5F956B10020314600F0E0F9C8
:1003E0004BF6F4010020C0F2002100F0D9F94BF6E1
:1003F00009410020C0F2002100F0D2F940F2B066BD
:100400004FF48071C2F200262A46304623460AF095
:10041000EEFA40F200003146C2F2002004780020DB
:1004200000F0BEF934B14BF67B210020C0F2002170
:1004300000F0B6F903B0F0BD82B080B582B08C4652
:100440000146CDE9042304AB012062460193FFF786
:10045000A7FF02B0BDE8804002B07047D4D4D4D426
:1004600082B080B582B08C460146CDE9042304AB4E
:10047000022062460193FFF793FF02B0BDE880407F
:1004800002B07047D4D4D4D482B080B582B08C4648
:100490000146CDE9042304AB032062460193FFF734
:1004A0007FFF02B0BDE8804002B07047D4D4D4D4FE
:1004B00080B500F015F940F2B87CEFF3108EC2F26F
:1004C000002C72B6DCE90032C0185141013041F114
:1004D0000001CCE900018EF3108880BDD4D4D4D4BF
:1004E0007047D4D4D4D4D4D42DE9F041EFF310889C
:1004F00072B600F0FDF840F2B8770446C2F2002769
:100500000D463A7E012A0ED100F0E2F848B300F021
:10051000EFF804460D4600F0E3F800196941441C69
:1005200041F100051DE0EFF3108672B600F0D0F83F
:10053000A8B100F0E9F800F0D3F8EFF3108272B63A
:10054000D7E90035C0186941013041F10001C7E920
:10055000000182F3108800F0CBF804460D4686F3C4
:100560001088D7E900010019D7E902236941821AEE
:1005700071EB030205DAD7E9020188F31088BDE8C0
:10058000F081C7E9020188F31088BDE8F081D4D476
:100590002DE9F04381B040F2B876EFF31085C2F256
:1005A000002672B6307600F06FF8804600F0ACF8A6
:1005B00085F3108800F094F800F082F844F24021AE
:1005C00000EE100AC0F20F01B8EE400A9FED231AA8
:1005D00040F2B07488425FEA2F91717680EE012A72
:1005E000717E81EE000A9FED1E1AC2F200240029DE
:1005F00044F6D351C1F262014FF0000702FE000A37
:10060000A0FB0101B6EE002AA0EE012A8809BDEE8A
:10061000C20A86ED040A7061EFF3108972B6276092
:10062000FFF762FFBFF34F8FBFF36F8F00BFBFF3C2
:100630004F8FBFF36F8F0546FFF756FF21682944A0
:10064000401A206089F31088C6E90077C6E902776E
:10065000FFF746FF404601B0BDE8F083002474492F
:1006600000008047D4D4D4D40120FFF791BFD4D464
:1006700080B540F2B8720023C2F20022526908F03D
:1006800079FD80BDD4D4D4D4C0B94EF21001EFF3BB
:100690001080CEF2000172B600226FF07F430A6034
:1006A0004B604EF60453CEF20003DA778A600722DD
:1006B0000A604FF00071196080F3108801207047C4
:1006C00043F21470C2F2002000687047D4D4D4D42E
:1006D0004EF60450CEF200000068C0F38060704710
:1006E0004EF214000021CEF2000000687047D4D40E
:1006F0004EF21400CEF2000001684068081A4FF074
:10070000000161F1000170474EF604504FF0007196
:10071000CEF2000001607047FFF7CABED4D4D4D433
:1007200010B540F2D874A821C2F20024204608F087
:10073000A7FE0320206160614BF6D23040F68101B4
:10074000C0F20020A061C2F20021E1614FF480619B
:1007500021620021A1626162E16240F6814220666D
:100760004FF0100E4BF69450C2F200226266C4F8AD
:1007700068E02167E1666167BFF35F8FC0F2002028
:100780000F3000BF00BF00BF10F8011904F8011BB3
:100790000FF007C0BFF35F8F10BDD4D4D4D4D4D42E
:1007A0002DE9F04F85B040F2D8798B46C2F200298E
:1007B000044699F80020532A42D0A821484608F060
:1007C0005FFE0320C9F81000C9F814004BF6D230C0
:1007D00040F68101C0F20020C9F81800C2F20021E1
:1007E000C9F81C104FF48061C9F820100021C9F825
:1007F0002810C9F82410C9F82C1040F68142C9F815
:1008000060004FF0100E4BF69450C2F20022C9F86F
:100810006420C9F868E0C9F87010C9F86C10C9F80C
:100820007410BFF35F8FC0F200200F30494600BF45
:1008300010F8012901F8012B0FF007C0BFF35F8FFB
:100840000F2C13D8584608F0E2FEEFF311834FF057
:10085000200181F31188D9F82470D9F82810824634
:10086000B9426FEA070004D90A1806E04FF0FF38D2
:100870001AE2D9F8202008440244D9F82C0000F0EC
:1008800003004FF0FF38DFE810F004000C004A00CE
:100890000D020AF10400824280F05D814FF00008F1
:1008A00000E2042AC0F0FE814BF674519046C0F27B
:1008B000002103AE02250193095DFF208DF80C0095
:1008C0008DF80D1022E000BFD9F820101044084424
:1008D000C91B884250EA31803146A84250EA35842B
:1008E000D9F81C003844224608F0CEFDE019D9F8AA
:1008F0002010411AA5EB040550EA11872644002D6B
:10090000BFF35F8FC9F8247000F0B180D9F82800D8
:10091000FA43B842D8D91044D9F82010D8E74BF69A
:10092000745104AEC0F2002102250193FF20095D3D
:100930008DF810008DF8111022E000BF00BF00BF3D
:10094000D9F8201010440844C91B884250EA31806D
:100950003146A84250EA3584D9F81C003844224672
:1009600008F092FDE019D9F82010411AA5EB040512
:1009700050EA11872644BFF35F8FC9F8247045B150
:10098000D9F82800FA43B842DAD91044D9F820102F
:10099000DAE74FF0000822E0D9F8201010440844AC
:1009A000C91B884250EA31805946504550EA3A8482
:1009B000D9F81C003844224608F066FDE019D9F841
:1009C0002010411AAAEB040A50EA1187A044A3445C
:1009D000BAF1000FBFF35F8FC9F8247008D0D9F8BF
:1009E0002800FA43B842D7D91044D9F82010D7E7E5
:1009F00040F680004BF67452C2F20020C0F2002292
:100A00000DF1120502260078FF218DF81210105CFE
:100A10008DF8130022E000BFD9F8201010440844DC
:100A2000C91B884250EA31802946B04250EA3684D8
:100A3000D9F81C003844224608F026FDE019D9F800
:100A40002010411AA6EB040650EA11872544002E17
:100A5000BFF35F8FC9F8247000F02381D9F8280014
:100A6000FA43B842D8D91044D9F82010D8E7A8F1F1
:100A700004004FF0000882455AEA308521E000BFAB
:100A8000D9F8201010440844C91B884250EA31802C
:100A90005946A84250EA3584D9F81C003844224609
:100AA00008F0F2FCE019D9F82010411AA5EB040572
:100AB00050EA1187A044A344BFF35F8FC9F82470A4
:100AC00045B1D9F82800FA43B842D9D91044D9F829
:100AD0002010D9E740F680004BF67452C2F2002095
:100AE000C0F200220DF10E0502260078FF218DF8DC
:100AF0000E10105C8DF80F0024E000BF00BF00BF97
:100B0000D9F8201010440844C91B884250EA3180AB
:100B10002946B04250EA3684D9F81C0038442246AF
:100B200008F0B2FCE019D9F82010411AA6EB04062F
:100B300050EA11872544002EBFF35F8FC9F8247057
:100B400000F0AF80D9F82800FA43B842D8D9104451
:100B5000D9F82010D8E74BF6745102AEC0F200214C
:100B600002250193FF20095D8DF808008DF809101A
:100B700022E000BF00BF00BFD9F820101044084495
:100B8000C91B884250EA31803146A84250EA358478
:100B9000D9F81C003844224608F076FCE019D9F850
:100BA0002010411AA5EB040550EA11872644BFF333
:100BB0005F8FC9F8247045B1D9F82800FA43B842CC
:100BC000DAD91044D9F82010DAE74FF0000822E013
:100BD000D9F8201010440844C91B884250EA3180DB
:100BE0005946504550EA3A84D9F81C003844224608
:100BF00008F04AFCE019D9F82010411AAAEB040ABF
:100C000050EA1187A044A344BAF1000FBFF35F8FED
:100C1000C9F8247008D0D9F82800FA43B842D7D9C7
:100C20001044D9F82010D7E740F680004BF67452F4
:100C3000C2F20020C0F200220DF10A05022600785F
:100C4000FF218DF80A10105C8DF80B0020E000BF2A
:100C5000D9F8201010440844C91B884250EA31805A
:100C60002946B04250EA3684D9F81C00384422465E
:100C700008F00AFCE019D9F82010411AA6EB040686
:100C800050EA11872544BFF35F8FC9F8247046B13D
:100C9000D9F82800FA43B842DAD91044D9F820101C
:100CA000DAE7019B83F31188404605B0BDE8F08F79
:100CB00070B54BF6F34072B64EF62856C0F20020DF
:100CC000CEF20006FFF730FB4BF67B20C0F200208F
:100CD000FFF72AFB7068002807D47068400010D521
:100CE0004BF6A820C0F2002003E04BF68C20C0F2A7
:100CF0000020FFF719FB4BF67B20C0F20020FFF726
:100D000013FB4BF6D520EFF30884C0F20020FFF769
:100D10000BFB4BF67B25C0F200252846FFF704FBB2
:100D20004BF64B202168C0F20020FFF701FB4BF689
:100D30000E406168C0F20020FFF7FAFA4BF6E800B7
:100D4000A168C0F20020FFF7F3FA4BF6C710E16884
:100D5000C0F20020FFF7ECFA4BF657202169C0F2F1
:100D60000020FFF7E5FA4BF663206169C0F200202E
:100D7000FFF7DEFA4BF66F20A169C0F20020FFF703
:100D8000D7FA4BF68510E169C0F20020FFF7D0FAE0
:100D90004BF6D310C0F20020FFF7C6FA2846FFF743
:100DA000C3FA4BF6F6103168C0F20020FFF7C0FA24
:100DB0004BF6934056F8241CC0F20020FFF7B8FA17
:100DC0004BF649107168C0F20020FFF7B1FA4BF6FC
:100DD0009110C0F20020FFF7A7FA2846FFF7A4FA07
:100DE0004BF6F620EFF30581C0F20020FFF7A0FAE2
:100DF000306880010BD54BF60330C0F20020FFF7BE
:100E000093FA4BF67B20C0F20020FFF78DFA306892
:100E1000C0010BD54BF69D30C0F20020FFF784FADD
:100E20004BF67B20C0F20020FFF77EFA3068C0024C
:100E30002AD54BF6A540C0F20020FFF775FA4BF615
:100E40007B20C0F20020FFF76FFA4BF61D402146D1
:100E5000C0F20020FFF76CFA4BF6E440EFF30A8192
:100E6000C0F20020FFF764FA4BF6F600EFF30981B9
:100E7000C0F20020FFF75CFA4BF60820EFF30B817D
:100E8000C0F20020FFF754FA306800030BD54BF690
:100E90004B30C0F20020FFF747FA4BF67B20C0F240
:100EA0000020FFF741FA306840030BD54BF6225083
:100EB000C0F20020FFF738FA4BF67B20C0F200208A
:100EC000FFF732FA306880030BD54BF62130C0F2C1
:100ED0000020FFF729FA4BF67B20C0F20020FFF735
:100EE00023FA3068C0030BD54BF6DB30C0F200208C
:100EF000FFF71AFA4BF67B20C0F20020FFF714FA36
:100F00003068800515D54BF62C40C0F20020FFF765
:100F10000BFA4BF67B20C0F20020FFF705FA306891
:100F2000000406D54BF652403169C0F20020FFF7AD
:100F3000FFF93068C0050BD54BF61D10C0F200203C
:100F4000FFF7F2F94BF67B20C0F20020FFF7ECF937
:100F500000BE70BDD4D4D4D440F6984040F694413D
:100F6000C2F20020C2F200210068096881425FEAF3
:100F70000F907047D4D4D4D410B540F69C4040F6BE
:100F8000A041C2F20020C2F200210024048040F6F9
:100F900094400C60C2F2002040F69841C2F2002159
:100FA000046040F6A4400C60C2F200204FF480516F
:100FB00008F066FA41F6A4404FF48051C2F20020D6
:100FC000C0E90044C0E90244C0E90444C0E9064461
:100FD00041F6C440C2F2002008F052FA42F6C44280
:100FE0004BF64C60C2F20022C0F20020C2E900447D
:100FF000D0E9000114615461C2E90244C2E9064427
:10100000BDE8104005F038B92DE9F04F81B08246B7
:1010100000284FF0000018BF002902D101B0BDE840
:10102000F08F40F69440C2F20020D0F8008040F6E5
:101030009840C2F200200068404503D1002001B072
:10104000BDE8F08F3DD9A0EB080042F6C443C2F2E0
:10105000002303EB880B00225B4620F001E000BF79
:10106000B3EC041FF9FE202F1FF007C08A4252EA9A
:1010700031874FF00009002FE0D041F6C44008F15D
:101080000104C2F2002000EB4826B84600BF00BFB2
:10109000DBF80050AF42C0F09A80504631462A46F5
:1010A00008F0F2F940F69440AA44C2F200207F1BF7
:1010B00006F500764BF8049B046004F10104E7D1C7
:1010C000AAE042F6C44BB8F1070FC2F2002B0ED8CB
:1010D000C8F1080300220BEB880723F001E000BFF2
:1010E000B7EC041FF9FE202F1FF007C000E000221C
:1010F00060B142F6C443C2F2002320F001E000BF19
:10110000B3EC041FF9FE202F1FF007C08A4252EAF9
:101110003186002E3FF492AF41F6C4494446C2F2F4
:101120000029009604E000BF08F10108002E4AD013
:101130005BF8285009EB48275046AE4218D2394692
:10114000324608F0A1F9A81B20D006F10F010F29A3
:1011500006EB48211DD840F001E0494400BF00BF24
:1011600011F8012B002607F8012B0FF007C81BE030
:1011700039462A4608F088F940F69440AA44C2F25B
:1011800000200134761B046000200DE000200026C2
:101190000AE0494400F001E00026B1EC101EA7EC83
:1011A000101E1FF007C800BF082C4BF82800BBD347
:1011B00040F694400024C2F200204FF00008046082
:1011C0000EB12FF04BC8009801B0BDE8F08F50462B
:1011D00031463A4608F058F907F10F000F28A5EB01
:1011E00007000CD840F001E0F11900BF00BF00BFBC
:1011F00011F8012B06F8012B0FF007C00AE0F119D6
:1012000000F001E000BF00BFB1EC101EA6EC101E04
:101210001FF007C0CBF80000404601B0BDE8F08FDA
:1012200070B500F0B9F840F69C44C2F20024208862
:10123000C10640F19A80810765D440F6A045C2F20C
:1012400000252968002961D040F0020041F6A4463B
:1012500020F0400020804BF64C604A1EC0F2002077
:1012600040F6A441C2F20026C2F20021006801EB60
:10127000422156F82220802305F0FEF840F2DD518D
:10128000884235D0024640F2DC50824225D0002A06
:101290006CD100BF00BF00BF00F07EF8208800F0D6
:1012A00054011429F8D041066BD44BF600404BF69C
:1012B000B411C0F20020C0F20021FFF7E5F8208849
:1012C000400723D44BF600404BF63321C0F20020F8
:1012D000C0F20021FFF7B0F818E04BF600404BF6E3
:1012E000BC01C0F20020C0F20021FFF7CDF809E0F8
:1012F0004BF600404BF68A41C0F20020C0F20021BC
:10130000FFF7AEF8208820F002002080208800F04F
:101310002100012808BF70BD40F6984041F6C44244
:10132000C2F20020C2F20022802301684BF64C601A
:10133000C0F2002002EB41214FF40072006805F07A
:1013400053F860B102464BF613104BF65B11C0F236
:101350000020C0F20021BDE87040FFF795B820885A
:1013600040F0010020F02000208070BD4BF60040CE
:101370004BF67131C0F20020C0F20021FFF770F887
:10138000C4E7296820F0020001392080002029608C
:1013900046F82100BAE7D4D470B58AB001A80DF19F
:1013A000030105F009FA9DF803000F2800F20E81F1
:1013B000DFE810F0100085007C006A0034004F0068
:1013C0008E00A2000201C6002200610046000C014E
:1013D0000C0119004BF67E204BF67741C0F200203D
:1013E000C0F20021F0E04BF67E204BF64B51C0F2EC
:1013F0000020C0F20021E7E04BF67E204BF66F1193
:10140000C0F20020C0F20021FEF7B6FF40F69C407B
:10141000C2F20020018841F040016AE04BF67E20D4
:101420004BF66931C0F20020C0F20021FEF7A4FFA4
:1014300040F69C40C2F20020018821F0140158E0DF
:101440004BF67E204BF6D441C0F20020C0F20021C2
:10145000BAE04BF67E204BF66A41C0F20020C0F2A3
:101460000021FEF789FF40F69C40C2F2002001886F
:1014700041F004013DE04BF67E204BF61A41C0F2EC
:101480000020C0F200219FE04BF67E204BF67F410A
:10149000C0F20020C0F20021FEF76EFF40F69C4033
:1014A000C2F20020018841F0140122E04BF67E20B8
:1014B0004BF6BD31C0F20020C0F2002184E04BF6B3
:1014C0007E204BF63C51C0F20020C0F200217BE0B0
:1014D0004BF67E204BF64451C0F20020C0F20021B2
:1014E000FEF74AFF40F69C40C2F20020018821F03E
:1014F000040101800AB070BD4BF67E204BF6CC4152
:10150000C0F20020C0F20021FEF736FF9DF8110066
:101510000002B0F5085F69D0B0F5045F58D0B0F5AF
:10152000005F53D14BF64C6042F6E441C0F200201C
:10153000C2F200210722006805F0CEF90AB070BDA2
:101540004BF67E204BF60511C0F20020C0F20021C0
:10155000FEF712FF40F69C4E40F69844C2F2002E71
:10156000C2F2002440F6944C42F6C445BEF8000096
:10157000C2F2002CC2F20025039A40F0200120683C
:10158000431CDCF80060072B4FF0000353EA809304
:1015900045F8202021F00100AEF80000B34256EAE1
:1015A0001691236001D0072910D9072988BF00218F
:1015B000CCF800100AB070BD4BF67E204BF6172118
:1015C000C0F20020C0F20021FEF7D6FE0AB070BDC6
:1015D0004BF64C6042F6E441C0F20020C2F200211A
:1015E0000722006805F0B0F90AB070BD4BF64C60F8
:1015F0000021C0F20020006805F0DEF90AB070BDDD
:1016000080B540F6A04EC2F2002EDEF80020072A78
:1016100002D94FF0FF3080BD41F6A44CC2F2002C3D
:101620005CF82230B3F5007F07D3072A02F10102EC
:10163000CEF80020EDD05CF8223040F6A4410A2814
:10164000C2F2002101EB4221C85403F101004CF821
:10165000220002D1501CCEF80000002080BDD4D45E
:1016600080B582B040F6984040F69441C2F2002026
:10167000C2F2002100BF00BF02680B68934201D193
:1016800000BFF9E70DF107000121FFF7BDFC9DF850
:10169000070002B080BDD4D400204FF0000AFEF74E
:1016A00077FFFFF73DF800F093F84BF6D060C0F2FB
:1016B0000020D0E90041204606F042FA204606F01C
:1016C0000BFC42F6EC448121C2F20024204607F0D4
:1016D000D7FEFFF751FC4BF684304BF67141C0F258
:1016E0000020C0F2002107F0E3FF42F670554BF6F0
:1016F000C70B4BF63E394BF61B18C2F20025C0F261
:10170000002BC0F20029C0F20028002704E000BF2F
:101710008021204607F0B4FEFFF782FD2868B0F56F
:101720007A7F06D958463946C5F800A007F0C0FFB1
:101730000137FFF711FC08B92FF013C080212046B4
:10174000FFF762FC0028E3D006464846214607F032
:10175000AFFF301910F8010C0A28D9D0404607F025
:10176000BCFFD5E7D4D4D4D4F0B581B00C4605463F
:10177000FEF7BAFEFEF77CFF4FF47A7200230646AE
:101780004FF47A7707F0F6FC00FB176128602160C0
:1017900001B0F0BDD4D4D4D40079002818BF70476C
:1017A00042F67050C2F200200168013101607047BA
:1017B000022818BF704742F678504CF2E011C2F28E
:1017C0000020C0F2002105F02BBBD4D4D4D4D4D453
:1017D00010B54BF60C70C0F20020D0E9000105F006
:1017E00007FC04464BF6C3404BF6C531C0F200205F
:1017F000C0F200212246FEF7BFFD204610BDD4D422
:1018000000790138C1B2022988BF704742F674528C
:10181000C00040F20121C2F20022C0B2C0F20401B5
:1018200021FA00F01178084310707047D4D4D4D452
:1018300080B5FFF731FF002080BDD4D4D4D4D4D4F8
:1018400043F24C21C2F200210988012918BF7047D8
:1018500080B58AB0838CD0E90312891A0391D91E0E
:10186000827F89B28DF8062002294FF080028DF820
:10187000072006D84CF20A22C0F2002232F81110DA
:1018800001E040F2DC5190F82000ADF808108DF82E
:10189000040001A9092002F02FFB0AB0BDE8804036
:1018A0007047D4D4D4D4D4D443F24C21C2F2002112
:1018B0000988012918BF704780B58AB090F82010B8
:1018C00043F2AC23C2F20023827F808C8DF8062085
:1018D0005B5C93426FF07F0252EA029201388DF80E
:1018E000072018BF40F2DC50ADF808008DF8041056
:1018F00001A90A2002F000FB0AB0BDE88040704751
:1019000010B5044639B100F06FFE204600F0ACFE81
:101910006FF3DF2010BD00F003FEC00505D42046A4
:1019200000F02AFE00F07F0010BD4FF4807010BD63
:10193000F0B581B0044690F8206043F2BC200D461B
:10194000C2F20020002730F8160002280FD142F61C
:1019500010702946C2F2002040F82570204603F09E
:1019600047F8013894F8206002285FEA2F97204654
:10197000294600F09DFC2046294600F0D1FC204677
:10198000294600F009FD2046294602F095FA204636
:10199000294600F029FE42F638706421C2F2002088
:1019A00016FB010005EB850100EB410232F8021F36
:1019B00017B141F48061118005EB850200EB42060E
:1019C000204600F03DFEF188204600F065FE31899A
:1019D000204600F075FE0021204600F005FE20465E
:1019E000294600F0FDFE2046294602F04DFA204629
:1019F000294600F0A1FE2046294600F0F5FC2046CD
:101A0000294600F00DFD2046294601B0BDE8F04012
:101A100000F022BDD4D4D4D4B0B5044690F8200050
:101A200043F2BC220D46C2F2002232F81000022816
:101A300006D142F610700021C2F2002040F82510B5
:101A40002046294602F038FA2046294600F030FCAC
:101A50002046294600F064FC2046294600F09CFC04
:101A600000214FF4004248F22F03204600F0C0F955
:101A70000021204600F084F910F02F0FF8D1204605
:101A8000294600F0B1FD0021204600F0D9FD0021DB
:101A9000204600F001FE0021204600F011FE00214A
:101AA000204600F0A1FD2046294600F099FE204680
:101AB000294602F0E9F92046294600F03DFE20467D
:101AC000294600F019FF2046294600F031FF204644
:101AD000294600F089FC2046294600F0A1FC20465A
:101AE0002946BDE8B04000F0B7BCD4D4D4D4D4D497
:101AF00070B51546013A022A0E4604460DD220461C
:101B00002946324600F0ACFA2046294600F038F962
:101B100000F00F00B042F7D116E0002D18BF70BDE5
:101B200043EA0605002145F4004248F22F0320460F
:101B300000F05EF900BF00BF0021204600F020F950
:101B400000F02F00A842F7D170BDD4D4D4D4D4D49F
:101B5000B0B50C46054600F0CFFE28462146BDE84C
:101B6000B04000F0E5BED4D4F0B581B001220C46FF
:101B7000054600F081FE00264FF6FF7700BF00BF4C
:101B80002846214600F0B0FD800602D50136BE424F
:101B9000F6D101B0F0BDD4D470B51446013A022A92
:101BA0000E4605460DD228462146324600F058FA28
:101BB0002846214600F0E4F800F00F00B042F7D1CB
:101BC00012E08CB91E43002146F4004248F22F0374
:101BD000284600F00DF900BF0021284600F0D0F89B
:101BE00000F02F00B042F7D1002600BF00BF00BFB9
:101BF0002846214600F098FA81040DD4284600F0CA
:101C000023F8284600F038F80A2001F075FC632E0E
:101C100006F10106ECD3FF2070BDD4D4D4D4D4D4C3
:101C200070B514460D46064600F082FE3046294641
:101C3000224600F099FE30462946BDE8704000F08B
:101C40003FBED4D4D4D4D4D490F8200043F2BC21E5
:101C5000C2F2002131F81010022908D10021002819
:101C6000C4F2060108BF01F5F8110888704700208A
:101C70007047D4D4D4D4D4D490F8200043F2BC21FB
:101C8000C2F2002131F81010022908D104210028E5
:101C9000C4F2060108BF01F5F8110888704700205A
:101CA0007047D4D4D4D4D4D490F8200043F2BC21CB
:101CB000C2F2002131F81010022908D108210028B1
:101CC000C4F2060108BF01F5F8110888704700202A
:101CD0007047D4D4D4D4D4D490F8202043F2BC207C
:101CE000C2F20020002930F812304FF0000008BF87
:101CF000022B00D07047012A04D11620C4F206003E
:101D0000008870471420C4F2250000887047D4D49E
:101D100090F8203043F2BC20C2F20020012B30F8B2
:101D2000130008BF02280CD01420C4F2250039B1DA
:101D3000022904D0012918BF7047043000E00830A0
:101D400002807047D4D4D4D490F8203043F2BC2021
:101D5000C2F20020012B30F8130008BF02280CD07B
:101D60001420C4F2250039B1022904D0012918BF7A
:101D70007047043000E0083002707047D4D4D4D4E7
:101D800090F8202043F2BC20C2F2002030F812006C
:101D9000022810D102291DD001290FD059B92020C5
:101DA000012AC4F2060000F5F81004BF2020C4F296
:101DB00006000088704700200088704720212820F6
:101DC000C4F20601C4F22500012A08BF01F108008F
:101DD0000088704728202021C4F22500C4F20601A3
:101DE0000430012A08BF01F10C0000887047D4D4E8
:101DF00090F820C043F2BC20C2F2002030F81C0052
:101E0000022810D1022921D0012913D059B920204C
:101E1000BCF1010FC4F2060000F5F81004BF202049
:101E2000C4F2060000E0002001881A4099431144E2
:101E30000180704720212820C4F20601C4F2250049
:101E4000BCF1010F08BF01F10800EDE728202021B7
:101E5000C4F22500C4F206010430BCF1010F08BF32
:101E600001F10C00E0E7D4D490F8202043F2BC202C
:101E7000C2F2002030F8120002280FD102291ED031
:101E8000012911D051B92020012AC4F2060000F521
:101E9000F81004BF2020C4F2060000E000200188F2
:101EA00021F400510180704720212820C4F206014E
:101EB000C4F22500012A08BF01F10800EFE728203D
:101EC0002021C4F22500C4F206010430012A08BF13
:101ED00001F10C00E3E7D4D410B590F8202043F2D0
:101EE000BC23C2F2002333F81230022B0FD1022997
:101EF0002DD0012920D051B92021012AC4F2060198
:101F000001F5F81404BF2024C4F2060400E0002404
:101F100001F0FAFA218838B14EF6F07008402080BE
:101F200020880007FCD102E021F480502080208826
:101F300040F48050208010BD20212824C4F20601E6
:101F4000C4F22504012A08BF01F10804E0E72823B0
:101F50002021C4F22503C4F206011C1D012A08BF7A
:101F600001F10C04D4E7D4D490F8202043F2BC2033
:101F7000C2F2002030F8120002280FD102291ED030
:101F8000012911D051B92020012AC4F2060000F520
:101F9000F81004BF2020C4F2060000E000200188F1
:101FA00021F480510180704720212820C4F20601CD
:101FB000C4F22500012A08BF01F10800EFE728203C
:101FC0002021C4F22500C4F206010430012A08BF12
:101FD00001F10C00E3E7D4D490F8200043F2BC2CCC
:101FE000C2F2002C3CF81030022B0FD1022928D06D
:101FF00001291BD051B920210128C4F2060101F5A5
:10200000F81104BF2021C4F2060100E000213CF8D1
:102010001000022809D10888002A20F440600880B6
:1020200008BF704708881043088070472023282184
:10203000C4F20603C4F22501012808BF03F1080118
:10204000E5E728212023C4F22501C4F20603043168
:10205000012808BF03F10C01D9E7D4D4D4D4D4D4D7
:10206000B0B582B090F8203043F2BC25C2F2002512
:10207000144635F81350022D0FD1022920D0012922
:1020800013D099BB2020012BC4F2060000F5F815EF
:1020900004BF2025C4F2060529E0002501390129E5
:1020A0002A88ADF8062019D924E020212825C4F279
:1020B0000601C4F22505012B08BF01F108050AE05D
:1020C00028222021C4F22502C4F20601151D012B8D
:1020D00008BF01F10C052988ADF8061001F014FACB
:1020E00040B9BDF8060020F4805001E000252888A2
:1020F000ADF80600BDF8060020F00F00ADF80600B0
:10210000BDF80600288000BF28880007FCD1BDF874
:1021100006002043ADF80600BDF80600288002B096
:10212000B0BDD4D4D4D4D4D490F8202043F2BC2071
:10213000C2F2002030F81200022810D102291DD06E
:1021400001290FD059B92220012AC4F2060000F556
:10215000F81004BF2220C4F2060000887047002057
:102160000088704722212A20C4F20601C4F225000B
:10217000012A08BF01F10800008870472A202221A7
:10218000C4F22500C4F206010430012A08BF01F19F
:102190000C0000887047D4D490F8202043F2BC2073
:1021A000C2F2002030F8120002280FD102291ED0FE
:1021B000012911D051B92220012AC4F2060000F5EC
:1021C000F81004BF2220C4F2060000E000200188BD
:1021D00041F400410180704722212A20C4F2060107
:1021E000C4F22500012A08BF01F10800EFE72A2008
:1021F0002221C4F22500C4F206010430012A08BFDE
:1022000001F10C00E3E7D4D490F8202043F2BC2085
:10221000C2F2002030F8120002280FD102291DD08E
:10222000012910D051B92220012AC4F2060000F57C
:10223000F81004BF2220C4F2060000E000204FF492
:1022400080410180704722212A20C4F20601C4F295
:102250002500012A08BF01F10800F0E72A20222109
:10226000C4F22500C4F206010430012A08BF01F1BE
:102270000C00E4E7D4D4D4D490F8200043F2BC227C
:10228000C2F2002232F81020022A18BF704736220C
:102290000028C4F206024FF0010008BF02F5F81250
:1022A00088401188084310807047D4D4D4D4D4D443
:1022B00090F8200043F2BC22C2F2002232F8102033
:1022C000022A18BF704736220028C4F206024FF0D7
:1022D000010008BF02F5F8128840118821EA0000C9
:1022E00010807047D4D4D4D490F8200043F2BC229C
:1022F000C2F2002232F81020022A18BF704738229A
:102300000028C4F206024FF0010008BF02F5F812DF
:1023100088401188084310807047D4D4D4D4D4D4D2
:1023200090F8200043F2BC22C2F2002232F81020C2
:10233000022A18BF704738220028C4F206024FF064
:10234000010008BF02F5F8128840118821EA000058
:1023500010807047D4D4D4D490F8202043F2BC200D
:10236000C2F20020002A30F8120008BF022800D074
:10237000704742F69C700022C2F2002020F8112023
:102380003A20C4F22500012202FA01F10388194320
:1023900001807047D4D4D4D490F8200043F2BC22FA
:1023A000C2F2002232F81020022A18BF70473A22E7
:1023B0000028C4F206024FF0010008BF02F5F8122F
:1023C0008840118821EA000010807047D4D4D4D40A
:1023D00040210028C4F2060108BF01F5F811088861
:1023E0007047D4D4D4D4D4D490F8200043F2BC2283
:1023F000C2F2002232F81020022A18BF70470122D0
:10240000002840F2460002FA01F1C4F2060040F250
:10241000FF3208BF00F5F81022EA01010180704781
:1024200090F8200043F2BC22C2F2002232F81020C1
:10243000022A18BF70470122002840F2480002FA21
:1024400001F1C4F2060040F2FF3208BF00F5F810B7
:1024500022EA01010180704790F8200043F2BC227B
:10246000C2F2002232F81020022A18BF704701225F
:10247000002840F24A0002FA01F1C4F2060040F2DC
:10248000FF3208BF00F5F81022EA01010180704711
:1024900090F8200043F2BC21C2F2002131F8101064
:1024A000022908D14C210028C4F2060108BF01F519
:1024B000F8110888704700207047D4D4D4D4D4D4FD
:1024C00054210028C4F2060108BF01F5F81108885C
:1024D0007047D4D4D4D4D4D456210028C4F20601F1
:1024E00008BF01F5F81108887047D4D4D4D4D4D4E7
:1024F00058210028C4F2060108BF01F5F811088828
:102500007047D4D4D4D4D4D45A210028C4F20601BC
:1025100008BF01F5F81108887047D4D4D4D4D4D4B6
:1025200090F8200043F2BC21C2F2002131F81010D3
:10253000022908D15C210028C4F2060108BF01F578
:10254000F8110888704700207047D4D4D4D4D4D46C
:1025500090F8200043F2BC22C2F2002232F8102090
:10256000022A18BF70475C220028C4F2060208BF86
:1025700002F5F8121180704790F8200043F2BC2158
:10258000C2F2002131F81010022908D15E21002882
:10259000C4F2060108BF01F5F81108887047002051
:1025A0007047D4D4D4D4D4D490F8200043F2BC22C1
:1025B000C2F2002232F81020022A18BF70475E22B1
:1025C0000028C4F2060208BF02F5F8121180704715
:1025D00060210028C4F2060108BF01F5F81108883F
:1025E0007047D4D4D4D4D4D490F8200043F2BC2281
:1025F000C2F2002232F81020022A18BF704764226B
:102600000028C4F2060208BF02F5F81211807047D4
:1026100090F8200043F2BC21C2F2002131F81010E2
:10262000022908D168210028C4F2060108BF01F57B
:10263000F8110888704700207047D4D4D4D4D4D47B
:1026400090F8200043F2BC22C2F2002232F810209F
:10265000022A18BF704768220028C4F2060208BF89
:1026600002F5F8121180704790F8200043F2BC2167
:10267000C2F2002131F81010022908D16C21002883
:10268000C4F2060108BF01F5F81108887047002060
:102690007047D4D4D4D4D4D490F8200043F2BC22D0
:1026A000C2F2002232F81020022A18BF70476C22B2
:1026B0000028C4F2060208BF02F5F8121180704724
:1026C00090F8200043F2BC22C2F2002232F810201F
:1026D000022A18BF70476E220028C4F2060208BF03
:1026E00002F5F8121180704781B00022ADF8022087
:1026F00090F8200043F2BC22C2F2002232F81020EF
:10270000022A13D160220028C4F2060202F110034B
:1027100002BF7023C4F2250302F5F81203EB410057
:10272000002918BF821E1088ADF80200BDF8020013
:1027300001B07047D4D4D4D490F8200043F2BC2226
:10274000C2F2002232F81020022A18BF704770220D
:102750000028C4F2060208BF02F5F81202EB41009D
:1027600030F8021C41F4005120F8021C7047D4D408
:1027700090F8200043F2BC22C2F2002232F810206E
:10278000022A18BF704770220028C4F2060208BF50
:1027900002F5F81202EB410030F8021C41F400711E
:1027A00020F8021C7047D4D490F8200043F2BC22D9
:1027B000C2F2002232F81020022A18BF704770229D
:1027C0000028C4F2060208BF02F5F81202EB41002D
:1027D00030F8021C21F4007120F8021C7047D4D498
:1027E00090F8200043F2BC22C2F2002232F81020FE
:1027F000022A18BF704750B16020C4F2060059B1D8
:1028000000EB4100C18941F48071C18170476020B3
:102810000029C4F22500F3D1018841F480710180C0
:102820007047D4D4D4D4D4D490F8200043F2BC233D
:10283000C2F2002333F81030022B18BF7047602318
:102840000028C4F2060303F1100C02BF40F2700C22
:10285000C4F2250C03F5F8130CEB4100002918BF56
:10286000831E188820F003001880188810431880F1
:102870007047D4D4D4D4D4D490F8200043F2BC23ED
:10288000C2F2002333F81030022B18BF7047002823
:1028900040F26000C4F2060005D000291CBF00EB26
:1028A00041000E3008E029B16E20C4F2250000EB93
:1028B000410001E000F5F810018891430180704764
:1028C00090F8200043F2BC22C2F2002232F810201D
:1028D000022A18BF704790220028C4F2060208BFDF
:1028E00002F5F81202EB810030F8041C41F400718B
:1028F00020F8041C7047D4D490F8200043F2BC2286
:10290000C2F2002232F81020022A18BF704790222B
:102910000028C4F2060208BF02F5F81202EB81009B
:1029200030F8041C21F4007120F8041C7047D4D442
:1029300090F8200043F2BC22C2F2002232F81020AC
:10294000022A18BF704790220028C4F2060208BF6E
:1029500002F5F81202EB810030F8041C41F480719A
:1029600020F8041C7047D4D490F8200043F2BC2314
:10297000C2F2002333F81030022B18BF70479223A5
:102980000028C4F2060308BF03F5F81303EB810027
:1029900020F8042C7047D4D47047D4D4D4D4D4D4E1
:1029A0007047D4D4D4D4D4D42DE9F04F81B00446A8
:1029B00090F8207043F2BC209246C2F2002030F81A
:1029C0001730012B02D14FF0000905E042F6E86212
:1029D000C2F2002252F821902C25BAF1010F08BF53
:1029E000302562595268526892F8008042F634628B
:1029F000C2F2002202EB071353F8282032F001063E
:102A000016D000912046514603EB880BFFF7ACFA35
:102A100094F82000F0B94CF22C30BAF1010FC4F256
:102A2000000012D1016821F480310160006811E0DA
:102A300030F81700012800F09B80084651462246D6
:102A400001B0BDE8F04F01F04BBD416821F4803189
:102A50004160406842F64461C2F2002101EBC700C8
:102A600030F81800864215D24FB942F64C629BF8F6
:102A70000000C2F2002200F0010002F8080042F655
:102A8000506009EB0602C2F2002000EB071040F88C
:102A9000282003E0B6FBF0F202FB00F6CBF8006062
:102AA00040F2A81C94F820206059D4F82CE0C2F21F
:102AB000002C002A5FEA0F93406801EBC205DEF8A4
:102AC0000410476843EAC3020AEB4A0309683F78E7
:102AD0000CEB820202EB830335F817205B688B60F6
:102AE00005EB470CE36A4AF20005C4F20005D3E99E
:102AF00000304068007805EB801700259F6000BF1C
:102B0000B87F6B1C000623EAE075A8B26428F7D3EF
:102B1000964256EA3280C1F80490721E4008C8817D
:102B2000BCF80000B2FBF0F001308881DEF808202C
:102B3000DEF8000052689047204600F0E5FC009D5A
:102B400028B90023204629465246FEF7D1FF2046E9
:102B50005146FFF7C1F9204600F0D6FC40B10023F2
:102B600020462946524601B0BDE8F04FFEF7C0BFEF
:102B700001B0BDE8F08FD4D448B101294FF02C0149
:102B800008BF3021405840684068007870470A20EC
:102B90007047D4D4D4D4D4D42DE9F047044690F867
:102BA000200043F2BC231646C2F200238A4633F8C3
:102BB0001030012B02D14FF0000805E042F6E86129
:102BC000C2F2002151F82A802C27012E08BF30279D
:102BD000E15942F63462C2F20022496802EB001069
:102BE0004968097850F82120002A08BFBDE8F0871D
:102BF00000EB810920463146FFF7B6F994F8200032
:102C000080B94CF22C30012EC4F2000005D10168CD
:102C100021F480310160006804E0416821F48031D2
:102C200041604068206BE2594AF2000794F820E0C6
:102C3000D0E90001C4F200075268D9F800C0496821
:102C400052680978127807EB81110027816000BF74
:102C5000887F0137000627EAE077B8B26428F7D307
:102C600094F82000276B40F2A81306EB46050028D5
:102C70005FEA0F907968C2F2002340EAC000096859
:102C800003EB800042F6446300EB8500C2F20023B0
:102C900003EBCE0301254068486033F81200C1F809
:102CA0000880013800EBD07005EB5000C88133F884
:102CB0001200ACF10102B2FBF0F001308881BA6879
:102CC000386852689047204600F01EFC28B900235F
:102CD000204651463246FEF70BFF2046514601F092
:102CE0009FF8D9F800100139B1FBF0F051460130DE
:102CF00082B22046FEF794FF20465146FFF7BCFA09
:102D00002046514601F078F820463146FFF7ACF8EE
:102D100020463146FFF7E0F8204600F0F5FB28B1E9
:102D20000023204651463246FEF7E2FE2046514639
:102D3000BDE8F04701F0B8B880B590F8203043F214
:102D4000BC2CC2F2002C002B5FEA0F923CF813E07F
:102D5000BEF1020F52EA038201294FF02C0108BF95
:102D60003021405842F66061C2F20021406801EB18
:102D7000C2014068007831F810103CF81330022B83
:102D800018BF80BD42F63463C2F2002303EB021287
:102D900042F6C063C2F2002352F8200053F821200B
:102DA000101A43F8210080BDB0B58EB042F66865B8
:102DB000C2F2002595F8410095F84010814252D0AA
:102DC00005EBC10135F830208DF820204B68D4B2D6
:102DD000596A0B919A6A43F2BC23C2F200230C9207
:102DE00033F81430012B39D005EBC000408801289E
:102DF0004AF20000C4F2000013D1D2E90012526876
:102E0000127800EB82108860002100BF00BF00BF75
:102E1000827F0131120621EAE2718AB2642AF7D375
:102E200012E0D1E900125268127800EB821088603B
:102E3000002100BF00BF00BF827F0131120621EADE
:102E4000E2718AB2642AF7D395F8410005EBC0001D
:102E50004188684600F03CF895F84100013000F0E8
:102E6000070085F841000EB0B0BDD4D4D4D4D4D47A
:102E700001294AF20001C4F2000112D1006BD0E92D
:102E800000204068007801EB80100021906000BFB6
:102E9000827F0131120621EAE2718AB2642AF7D3F5
:102EA00012E0C06AD0E900204068007801EB801091
:102EB0000021906000BF00BF827F0131120621EA2D
:102EC000E2718AB2642AF7D37047D4D4D4D4D4D46C
:102ED0002DE9F04F81B02C22012908BF3022825801
:102EE00090F8207043F2BC285268C2F20028526861
:102EF000157842F66062C2F2002202EBC70212F8B5
:102F0000154038F81720012A00F09C8042F64462F0
:102F100042F6C06AC2F20022C2F2002A02EBC702E5
:102F200042F6E86C5AF82430C2F2002C32F8152030
:102F3000934212D242F64C62C2F2002202EB8702A6
:102F4000525D002A5BD10E4621460546FFF784FA02
:102F500028463146FFF720F924E042F634625CF857
:102F60002490C2F2002202EB071656F825209B1A85
:102F70004AF824301DD121460646FFF76DFA304647
:102F800021463546FFF7B0FB40040BD438F8170054
:102F9000012857D0012120462A4601B0BDE8F04F54
:102FA00001F062BF2846214601B0BDE8F04FFFF7AF
:102FB000D3B906EB850E9144CEF8003057B942F6EE
:102FC0004C6B4FF6FE76C2F2002B03F00102334049
:102FD0000BF8052042F650669AB2C2F2002606EBC4
:102FE000071619FA83F346F8253042B1CEF80020CF
:102FF0004946234601B0BDE8F04F00F029B838F843
:103000001720012A16D042F64C6242F65063C2F2F3
:103010000022C2F2002302EB870203EB0713525D8A
:103020004AF8242053F825204CF824200246204654
:1030300001F056FA42F64C600021C2F2002000EB8B
:103040008700415501B0BDE8F08FD4D4D4D4D4D496
:103050002DE9F04F81B088461946994692460546BB
:10306000FFF7C2FA2846FFF7D3FA044610F0100F14
:103070004FF0010050EA009B284600F045FA28B9BD
:103080000023284649465A46FEF732FD284659464F
:10309000FEF76AFF95F8200000284FEAC46010D1BF
:1030A0004CF22C310028C4F2000105D40A6822F445
:1030B00080320A60096804E04A6822F480324A607B
:1030C000496895F8201042F64467C2F2002740F2A2
:1030D000A81400295FEA0F9200284FF02C0058BF77
:1030E0003020285842EAC20207EBC107C2F200248E
:1030F00040680BEB4B0604EB82024368E86A02EB84
:10310000860641681B787668096837F8132007EB54
:1031100043038E604AF20007EE6AC4F20007D6E964
:1031200000646468247807EB84140027B46000BF4F
:10313000A67F0137360627EAE677BEB2642EF7D3BC
:1031400092455AEA3282C1F804805208CA811A882C
:10315000AAF10103B3FBF2F201328A8182680068AE
:103160005268904728465946FEF7B6FE284600F0BA
:10317000CBF940B10023284649465A4601B0BDE884
:10318000F04FFEF7B5BC01B0BDE8F08FD4D4D4D475
:1031900010B58EB042F668600022C2F2002043F201
:1031A000CC6CC2F2002C4FF0020E90F840108DF85B
:1031B000202020F8312090F840104B1C03F007032A
:1031C00000EBC10180F8403000EBC30443F2BC20A7
:1031D000C2F20020A1F802E0DCF830106160008843
:1031E000012803D068460221FEF7BEFE0EB010BDD6
:1031F00080B584B0006B81680068CA6969469047F1
:10320000BDF8040004B080BD10B543F204010028ED
:10321000C4F22001086813D0C00413D50120EFF3D5
:10322000108480F31088086820F400600860086843
:103230001E20012105F068FD84F31088002010BDD8
:10324000000502D440F2DD5010BD0120EFF31084E0
:1032500080F31088086820F40060086008681E2069
:10326000012105F051FD84F31088002010BDD4D455
:10327000C0B300200021C4F2060080220181A0F822
:103280006020A0F87010A0F87210A0F87410A0F8D8
:103290007610A0F87810A0F87A10A0F87C10A0F8AA
:1032A0007E10A0F88010C186018741870186418683
:1032B000A0F84610A0F84810A0F84A10028822F0A2
:1032C00010020280028822F020020280028822F08E
:1032D00040020280028822F001020280A0F802115E
:1032E0000020704700200021C4F2250080220181C7
:1032F000A0F86020A0F87010A0F87210A0F8741068
:10330000A0F87610A0F87810A0F87A10A0F87C1039
:10331000A0F87E10A0F88010C18601874187018641
:103320004186A0F84610A0F84810A0F84A1001887D
:1033300021F010010180018821F020010180018825
:1033400021F040010180018821F00101018000206D
:103350007047D4D4D4D4D4D410B50446FFF788FF32
:10336000012C1AD0DCB943F20400C4F22000016839
:10337000090517D40168090517D40121EFF310845A
:1033800081F31088016841F40061016000681E202B
:10339000012105F0B9FC84F31088002010BD40F233
:1033A000E25010BD40F2DC5010BD4FF4BC6010BDC7
:1033B000B0B500B1B0BD40F200404EF2001EC4F204
:1033C000250043F2CC6CCEF2000EC2F2002C026853
:1033D00022F01002026091F90E304CF20032C4F279
:1033E0000002002B1DD4487D0EEB030401250001D3
:1033F00084F800034CF8231052F8230020F48030A6
:1034000042F8230052F82300580903F01F03BFF3CA
:103410005F8F0EEB800405FA03F3C4F880314EF899
:10342000203091F90F30002B1DD4887D0EEB030462
:103430000125000184F800034CF8231052F8230002
:1034400020F4803042F8230052F82300580903F09A
:103450001F03BFF35F8F0EEB800405FA03F3C4F87C
:1034600080314EF8203091F90D30002B1DD4087DAD
:103470000EEB03040125000184F800034CF823102F
:1034800052F8230020F4803042F8230052F8230041
:10349000580903F01F03BFF35F8F0EEB800405FA9A
:1034A00003F3C4F880314EF8203091F90C30002B32
:1034B00048BFB0BDC87C0EEB0304000184F80003D4
:1034C0004CF8231052F8230020F4803042F82300F7
:1034D00052F82300580903F01F0201230EEB80016C
:1034E00003FA02F2BFF35F8FC1F880214EF820206B
:1034F000B0BDD4D4D4D4D4D4012105F005BCD4D4E7
:103500004FF47A7105F000BC00207047D4D4D4D4B5
:103510004FF07041EFF3038001EB00604CF200319B
:103520008015C4F20001425822F4803242504058C3
:1035300043F2BC21C2F200210888012808BF70476D
:1035400001F006BAD4D4D4D44FF07041EFF3038025
:1035500001EB00604CF200318015C4F200014258CA
:1035600022F48032425043F2CC624158C2F200222F
:103570001058807800F0C4BA4FF07041EFF3038028
:1035800001EB00604CF200318015C4F2000142589A
:1035900022F48032425040587047D4D4D4D4D4D48A
:1035A0004FF07041EFF3038001EB00604CF200310B
:1035B0008015C4F20001425822F480324250405833
:1035C0007047D4D4D4D4D4D42DE9F04F81B040F294
:1035D000400840F240094FF6F073C4F22508C4F2E7
:1035E0000609C0F21E03444609EB0306012A02BF86
:1035F0004024C4F20604A9F110062788E388B4F831
:1036000008E0B4F80AB0368834F80A5C34F808AC3C
:1036100034F806CCB7F5807F4FF0000404800C80AE
:1036200002D201B0BDE8F08F3E4074041CD434B225
:10363000B4F1FF3F20DDB6F5005F25D2B6F5805F1F
:103640002FD22B40F7059DB239D515F0010336D0A6
:10365000012A59EA088240F2FE33D3800122028017
:103660000A8001B0BDE8F08F012A59EA08816FF4A1
:1036700080420A80122110E0012A59EA088147F6A7
:10368000FF720A80112108E0012A59EA08816FF4CB
:10369000804202F500520A801321018001B0BDE88A
:1036A000F08F012A59EA08826FF4804303F54053F2
:1036B0001380142202800F8001B0BDE8F08F0CEA65
:1036C0000B035FEA465B9BB20AD513F0010407D0F7
:1036D000012A59EA088240F2FE335381022210E0A7
:1036E0000AEA0E045FEA865E1FFA84FC0FD51CF01E
:1036F00001040CD0012A59EA088240F2FE331381FA
:10370000032202800120088001B0BDE8F08FB6F5E9
:10371000006F17D2002F35D4BBF1000F3FD4BEF19C
:10372000000F7FF57EAF012A59EA088240F2FF338D
:1037300023EA0C03138103220280A1F800C001B028
:10374000BDE8F08F044610460D461646FEF740FED3
:10375000012E59EA088728806FF4804000F56050F8
:10376000388015202080288800F0070006287FF484
:1037700058AF304600F0D0F900202080288001B0FA
:10378000BDE8F08F012A59EA088240F2FF33AB43CB
:10379000D380012202800D8001B0BDE8F08F012AA4
:1037A00059EA088240F2FF379F4357810222028084
:1037B0000B8001B0BDE8F08F10B5044600F0ACF905
:1037C0002046FEF77DFE43F25221C2F2002108801E
:1037D0002046FEF781FE43F25421C2F20021088008
:1037E0002046FEF785FE43F25621C2F200210880F2
:1037F0002046FEF789FE43F25821C2F200210880DC
:1038000010BDD4D4D4D4D4D480B590F82000FEF721
:10381000DFFD00F0700030285FEA1F9080BDD4D437
:10382000B0B542F6B27143F24E25C2F20021C2F2A7
:1038300000250446FF200988288001290FD1204651
:1038400000F052F92046FEF7C3FD410408D44006BB
:1038500058BFB0BD204600F02FF900202880B0BD31
:10386000D52028802046BDE8B04000F049B9D4D426
:103870007047D4D4D4D4D4D410B5044690F82000E2
:1038800000F03EF994F82000BDE8104000F02CB99B
:103890000346022208461946FEF7C6BFD4D4D4D444
:1038A00000210222FEF7C0BF2DE9F0418046470803
:1038B0001D4614460E4608D034F8022B28463146E1
:1038C000FEF726FA013F3804F6D15FEAC87010D03F
:1038D000002228463146FEF77FFB14F8012B2846CC
:1038E0003146FEF731FA4FF4806228463146FEF742
:1038F00073FB2046BDE8F0812DE9F0418046460883
:103900001D4614460F4608D028463946FEF7E4F90E
:10391000013E24F8020B3004F6D15FEAC87005D0EE
:1039200028463946FEF7D8F904F8010B2046BDE8D1
:10393000F081D4D4D4D4D4D4F0B581B004460E46AA
:10394000104621461546FEF70FF928462146FEF798
:10395000AFFC28462146FEF7E3FC28462146FEF749
:103960001BFD28462146FEF7F3F800212846FEF706
:1039700007FA00F00F00A04205D100210022002329
:103980002846FEF7B5F801212846FEF7F9F900F0C0
:103990000F00A04209D10021012200232846FEF792
:1039A000A7F801212846FEF7DFFA02212846FEF794
:1039B000E7F900F00F00A04209D100210222002304
:1039C0002846FEF795F802212846FEF7CDFA28464C
:1039D000214600F059FA28462146FEF7ADFE42F690
:1039E0001077C2F2002757F82400D0B142F6C06128
:1039F000C2F2002151F82410016157F82400214639
:103A000086842846FEF770FE57F82410C88457F8BD
:103A10002400436813B1002100229847002047F892
:103A2000240001B0F0BDD4D410B542F6AC64C2F2AB
:103A300000242188002908BF10BDFEF7ADFF6420D7
:103A4000FFF75AFD0020208010BDD4D4D4D4D4D4A4
:103A500010B542F6AC64C2F200242188002908BFE8
:103A600010BDFEF799FF6420FFF746FD002020807F
:103A700010BDD4D4D4D4D4D442F6AC610122C2F265
:103A800000210A80FEF78CBF00210028C4F2060145
:103A900008BF01F5F811088840F010000880704751
:103AA00000210028C4F2060108BF01F5F8110888BA
:103AB00020F010000880704708210028C4F2060199
:103AC00008BF01F5F811088840F48070088070473D
:103AD00030210028C4F2060108BF01F5F81108885A
:103AE00040F480400880704730210028C4F206016D
:103AF00008BF01F5F811088820F48040088070475D
:103B000040210028C4F206014BF6FF7008BF01F502
:103B1000F81108807047D4D440210028C4F206016F
:103B20004FF6F77008BF01F5F81108807047D4D43C
:103B300060210028C4F2060108BF01F5F8110888C9
:103B400040F0040008807047002818BF704700202C
:103B5000C4F22500018841F48061018000BF00BFEC
:103B600001884905FCD5018821F0200101800188E8
:103B700041F0010101804FF480610184018581855C
:103B80004FF41D4101867047002840F200000CBF31
:103B9000C4F22500C4F206000288012914BF22F0F5
:103BA000100142F0100101807047D4D4D4D4D4D491
:103BB000002840F260000CBFC4F22500C4F20600E9
:103BC0000288002922F003020280028814BF42F01A
:103BD000020142F0010101807047D4D4D4D4D4D47E
:103BE000007843F2BC23C2F2002333F81030022BDA
:103BF00008D143F25A23C2F200231B88012B03D1C0
:103C0000D52070470020704780B58EB08DF8200019
:103C100043F25C20C2F20020012303806B46104671
:103C20001A4600F019FA00200EB080BDD4D4D4D4C6
:103C300010B598B0037843F2BC24C2F200248DF88A
:103C4000243034F81330022B1FD1002908BF002A7A
:103C500009D043F25A20C2F200200088012809D17D
:103C6000D52018B010BD0446808888B101A8FFF7A0
:103C700017FE11E043F25C200123C2F20020038012
:103C800001AB10461A4600F0ABF9002018B010BD89
:103C900001A8002100F008F9D4E90301CDE91201DF
:103CA00020780FA98DF83C0093208DF83F00082064
:103CB00000241194ADF8404000F01EF9204618B0E1
:103CC00010BDD4D4D4D4D4D490F803C0BCF1090F1F
:103CD00001D90020704780B542F6AE63C2F20023DE
:103CE00013F81CC043F24443C2F20023CCEBCC0EC9
:103CF00003EBCE0ECEF80C200378AEF81EC08EF883
:103D00002030CEF80810CEF8102040F2CC12C17846
:103D1000C2F2002252F83110CEF80410C169CEF878
:103D20002C10006ACEF830007046BDE8804000F0EC
:103D300007BCD4D4D4D4D4D490F803C0BCF1090FB8
:103D400001D90020704710B542F6AE6390F800E04C
:103D5000C2F2002343F2444403EB4C0C43F2AE2383
:103D6000C2F20023C2F200249CF801C013F80E3006
:103D7000CCEBCC0E634504EBCE0309D140F26424B6
:103D80000A78C2F2002422720A224978617221461E
:103D900099601A610178A3F81EC083F8201040F2E0
:103DA000CC12C178C2F2002202EBC101496859600D
:103DB000C169D962006A18631846BDE8104000F076
:103DC000BFBBD4D4D4D4D4D4C278092A12D801EB3E
:103DD000420142F6AE62C9B2C2F20022515C49B160
:103DE00080B58EB000788DF82000684600F0E4FBC6
:103DF0000EB080BDFF207047092988BF7047FEF7CD
:103E000073BAD4D4D4D4D4D4092901D900207047AA
:103E100080B5FEF769FC00F0030080BDD4D4D4D493
:103E2000092901D90020704710B541B10446FEF7B9
:103E3000DBFB2046FEF718FC6FF3DF2010BDFEF71A
:103E40009BFB6FF3DF2010BD092901D900207047CB
:103E500010B50446FEF7C8FB2046FEF7D9FB00F07C
:103E6000100010BDD4D4D4D4092901D90020704742
:103E700010B50446FEF7B8FB2046FEF7C9FB00F478
:103E8000404010BDD4D4D4D4092988BF7047B0B500
:103E900004460D46FEF76CFC20462946BDE8B040BE
:103EA000FEF782BCD4D4D4D4092988BF704701223C
:103EB000FEF7BABCD4D4D4D4092988BF7047B0B5B2
:103EC00004460D46FDF750FE022220462946BDE875
:103ED000B040FEF7D1BCD4D480B5FDF7E5FE00F0CC
:103EE0000700402101380022032838BF01EB80126F
:103EF00090B280BDD4D4D4D42DE9F04389B043F23C
:103F0000C02C0C46C2F2002C9CF800800CEB080E72
:103F100008F1010508EBC8028EF802000CEB820ED6
:103F20000EF10C095FFA85FEE8CCA9E8E800BEF1C5
:103F3000090F4FF0000353EA889E94E8EC0089E8EB
:103F4000EC008CF800E043F2344C0B78C2F2002C09
:103F50005CF82370F7B1887143F2B820C2F20020F8
:103F6000EE4650F8230040B1074674CFAEE8740027
:103F700097E87C008EE87C0000E070468E460346A1
:103F8000BEE8F000F0C39EE8F400F4C309785CF8E2
:103F90002110884709B0BDE8F083D4D4D4D4D4D458
:103FA00000F0C2B8D4D4D4D442F6B271C2F2002127
:103FB0000988012910D180B544F291620346C0F20C
:103FC000002240F25510002100F00AFB43F24E207F
:103FD000C2F20020008880BDFF207047D4D4D4D422
:103FE000B0B5144643F25A22C2F2002201231380D4
:103FF00042F6C06242F6E863C2F20022C2F2002337
:10400000106000221960002120232046FDF770FD7A
:1040100000212046FEF7F8F800212046FEF71CFAA2
:1040200000200021224600F08BFD0546022802D028
:10403000012D04D05DB900212046FEF78DF9002145
:104040002046FFF7D9FE00212046FFF72DFF284626
:10405000B0BDD4D4D4D4D4D410B5144643F25A222B
:10406000C2F200220123138042F6C06242F6E863E6
:10407000C2F20022C2F20023106000221960002167
:1040800000232046FDF734FD00212046FEF7BCF852
:1040900000212046FEF7F0F800212046FFF7ACFE95
:1040A00000212046BDE81040FFF7FEBED4D4D4D492
:1040B000B0B5054643F25A20C2F2002043F25C221A
:1040C0000C46C2F200220021018020461180FEF73A
:1040D00063F900212046FEF7EBF800212046FEF7A9
:1040E0001FF994F820004FF4806200210128204637
:1040F00008BF4FF40062FDF76FFF25F002000528AE
:1041000004D12046BDE8B040FFF7CABB082D05D159
:1041100000212046BDE8B040FDF726BD94F8200000
:10412000BDE8B040FFF704BDB0B58EB043F26825DE
:10413000C2F2002595F8410095F84010814200F048
:10414000A18005EBC00135F830204B684988013A61
:1041500098789C6A0C94142A8DF820005B6A0B9363
:1041600000F28980DFE802F00B1B2B8787878787A7
:1041700087878787878787872F37870F1F0068463E
:1041800000F082FB77E0C1F30210012101FA00F098
:1041900010F0F00F2DD0684601F04AFA6BE0684647
:1041A00000F0AEFB67E011F007042DD001F005012F
:1041B000012918BF052C31D1FFF7FEFA2EE0684621
:1041C00000F096FB57E001F06FFA402818D16846DE
:1041D00001F0E2F94FE043F20020C2F20020436A0E
:1041E0001BB168460021002298476846FFF744FB50
:1041F00041E010F00D0F3ED1684601F0ADF93AE014
:10420000684601F0D5F936E042F6B470C2F20020FB
:104210000088012802D16846FFF72AFB43F25220AA
:10422000C2F20020008810F0600F2FD043F25E2110
:1042300043F25422C2F20021C2F2002243F2582C6F
:104240000880108843F20022488043F25620C2F2D0
:104250000022C2F20020C2F2002CD36A0088BCF80F
:1042600000208880CA8033B143F25E206A46C2F2E1
:1042700000202146984795F84100013000F00700E2
:1042800085F84100FEF790FD0EB0B0BDDFE804F008
:1042900015240D110928040469460720FFF708FFBB
:1042A000E9E7684601F0F4FEE5E7684601F0A0FEA4
:1042B000E1E7684601F0B4FCDDE743F25A2043F23F
:1042C0005C22C2F20020C2F2002200210180684676
:1042D000118001F09DFACEE7684601F0E5FACAE7E1
:1042E000684601F0A1FCC6E780B542F6B07042F620
:1042F000B272C2F20020C2F200220021018042F616
:10430000B8701180C2F200204FF4FF7105F0B8F8C8
:1043100080BDD4D4D4D4D4D480B542F6B071C2F226
:104320000021088042F6B870C2F200204FF4FF71FD
:1043300005F0A6F880BDD4D480B54FF0020E43F24C
:10434000B610C2F20020203087FF5F0800BF00BF18
:1043500000ED901EA0EC881E0FF007C080BDD4D4E5
:1043600043F20020C2F20020806800797047D4D464
:1043700080B543F20021C2F200218B681A78B3F8AD
:1043800002E0964513D913444FF0000C06E000BF3D
:1043900019780A440B4492B272450AD2597804291A
:1043A000F6D19978884208BF93F803C0F0E74FF040
:1043B000000C1FFA8CF080BD2DE9F04743F200227B
:1043C000C2F2002293681F785A88BA4298BFBDE8AB
:1043D000F08743F2B6183B444FF0000C4FF0200E2C
:1043E000C2F200284FF000094FF0000A3C4605E0F9
:1043F0001D787C19A7B22B44974227D25D78052DF2
:104400000AD0042DF4D19D78A84219D1DD78A942B3
:1044100016D193F804C015E01FFA8CF41FFA8AF540
:10442000A542E5D29C7809EB0A060AF1010AF6B228
:1044300004F00F050EEA9404444424F81560D7E70D
:104440001D79A9441D782C44E4B2D3E7BDE8F08778
:1044500042F6B070C2F20020008840B143F2002062
:10446000C2F200208068C079C0F34010704700207D
:104470007047D4D4D4D4D4D443F20020C2F2002064
:104480008068C079C0F380107047D4D4D4D4D4D419
:10449000B0B5092888BFB0BD0446154600F068FCD9
:1044A000032805D8DFE800F002120A0B03210EE012
:1044B000FF2801D1152103E0072101E0B0BD05214E
:1044C00020462A46BDE8B040FFF736BA0421204610
:1044D0002A46BDE8B04000F0C7BCD4D4D4D4D4D46C
:1044E00070B5092888BF70BD044610460E462146A7
:1044F0001546FDF7DDFE204631462A4600F020FB3A
:10450000022808D3FF2810D0022810D128462146BF
:10451000FDF7B2FE03E028462146FDF71DFF2846C1
:104520002146BDE87040FFF767BC152100E0072178
:1045300020462A46BDE87040FFF7FEB9D4D4D4D453
:10454000C18B29B370B542F610760446C2F200263C
:1045500056F8210028B12046FFF786FCB0F5404F01
:104560001AD12046FFF750F9012813D1E58B2046D8
:1045700046F82540FFF748F901280FD12046294683
:10458000FFF762FC88B1284600F05AFA002070BD9F
:10459000FF207047FF2070BDD52070BD0721284641
:1045A0002246FFF7C9F9002070BD284600F050FBF5
:1045B000002070BDD4D4D4D409290ED8024642F6C6
:1045C0001070C2F2002050F8210030B180B50846CA
:1045D0000821FFF7B1F9002080BDFF207047D4D437
:1045E000B0B5A0F2551CBCF10F0F34D80FF2040087
:1045F000DFE80CF00831191331313131313131310B
:104600003131311F93F820001C46FFF721FA94F84E
:104610002000BDE8B040FFF703B993F82000BDE8E3
:10462000B040FFF73DBA93F82000BDE8B040FFF777
:104630002BBA08460C4619461546FFF729F943F2EE
:10464000342043F24822C2F20020C2F200220121AB
:1046500020F814101560B0BD43F2002044F29162BE
:10466000C2F200200021C0F20022C0E90011C0E91E
:104670000211C0E9041244F29961C0F20021C0E9BC
:104680000622C0E90822C0E90A217047D4D4D4D454
:104690007047D4D4D4D4D4D47047D4D4D4D4D4D4BC
:1046A000F0B5486843F20024C2F2002444F21975C0
:1046B000D0E900C2C0F20025002AD0F810E0D0E90D
:1046C000023153EA0282C4E900C104F1080144F254
:1046D000E97644F6190781E80C4004F11401007DE5
:1046E000C0F20026C0F20027E0C144F6490104F1FF
:1046F000200CC0F2002144F6610244F6810346F228
:104700002917C0F20022C0F20023C0F2002784F86B
:1047100030008CE88E00F0BD2DE9F04393B043F2F9
:104720004C220D46C2F200228046D0E90B01CDE9B1
:1047300008011388012B09D198F82010002010805F
:104740008DF828100AA90620FFF7D6FBC02D0DD141
:1047500043F20021C2F20021D1E90226304612B113
:1047600007205070C86870B102210BE043F20020AE
:10477000C2F200208668002E1CBF02217170C06842
:1047800008B1072141705EB198F82000778800F0E9
:1047900043FE3478A7421BD94FF000090FE000BF59
:1047A000FEE700BF00BF00BF5FFA89F2284641461E
:1047B00000F046FD2878204484B2BC4208D2351966
:1047C00068780528F0D00428F4D195F80590F1E731
:1047D00098F8200001A98DF804000120FFF78CFB58
:1047E00013B0BDE8F083D4D480B58AB043F24C2135
:1047F0000122C2F200210A8090F820108DF80410E6
:10480000D0E90B10CDE9081001A90320FFF774FBD4
:104810000AB080BDD4D4D4D443F24C21C2F20021DA
:104820000A88012A18BF704780B58AB090F8200026
:1048300000220A808DF8040001A90620FFF75CFB26
:104840000AB0BDE88040704780B58AB090F820007B
:1048500001A98DF804000420FFF74EFB0AB080BDCB
:1048600080B58AB090F820108DF80410D0E90B10B4
:10487000CDE9081001A90520FFF73EFB0AB080BD75
:104880007047D4D4D4D4D4D410B5CA07044604D1C4
:104890002046BDE8104000F063BB00200021224606
:1048A00000F066FA022806DC0CD200212046BDE8A2
:1048B0001040FDF7FDBC03280CD0FF2818BF10BD29
:1048C00007200CE002280FD100212046BDE810404F
:1048D000FFF7EABA00212046FDF796FC05202146A5
:1048E000BDE81040FFF7E4BB10BDD4D4D4D4D4D479
:1048F000CA0718BF704700F007BCD4D4D4D4D4D4AE
:1049000010B5CA07044604D12046BDE8104000F0A7
:104910002BBC00200021224600F012F9022809D306
:104920000ED0FF2818BF10BD07202146BDE810405B
:10493000FFF7BEBB00212046BDE81040FDF72CBDAF
:1049400000212046BDE81040FFF7AEBAD4D4D4D43D
:10495000B0B54FF07041EFF3038001EB006043F21C
:10496000CC618015C2F200210C58A078FFF75CF8EA
:1049700043F26825C2F2002595F8400005EBC0001F
:10498000811C4460A278FEF71FFE95F840000130BC
:1049900000F0070085F84000B0BDD4D4D4D4D4D4FE
:1049A00091F8201042F638726423C2F2002211FB03
:1049B0000322102101EAD00100F00F0001440C3263
:1049C000012005E000BF00BF01300A320A280AD0EA
:1049D00032F8023C012BF7D1138803F01F039942F0
:1049E000F2D180B27047FF2080B27047D4D4D4D4C3
:1049F000092903D8C26A22B1052909D90022104623
:104A0000704705294FF00002F9D8036B002BF6D050
:104A100010B50446FDF7E8FD2046FDF7F9FD10F05E
:104A2000100F4FF0010050EA009010BDD4D4D4D440
:104A300080B5FDF709F9C0F3C01080BDD4D4D4D43B
:104A4000092888BF70472DE9F04381B0044642F63B
:104A50001070C2F20020214650F8245028462E69DA
:104A6000FDF782F842F6C06842F6E860C2F200281C
:104A7000C2F2002048F82460A96840F824102846B3
:104A80002146FDF7E9FC28462146FDF7ADFCE86A22
:104A900010B1052C05D944E0052C42D8286B00281C
:104AA0003FD028462146FDF79FFD2846FDF7B0FD83
:104AB00010F0100F95F820004FF0010151EA019914
:104AC0000028284649465FEA0F96FEF755F842F659
:104AD00060610746C2F2002101EBC60121F81040D7
:104AE00028462146FCF70CFF42F64461C2F2002141
:104AF00001EBC60258F82410814222F8170002D3B5
:104B0000B1FBF0F1414342F634604A46C2F2002064
:104B100000EB061040F8271028462146FDF744FF19
:104B200004E0002120462A46FFF7DAFC2846214609
:104B300001B0BDE8F043FFF7B7B9D4D4D4D4D4D48E
:104B4000092801D9FF2070472DE9F04F81B00446B4
:104B500015460E46084304D0002328462146324617
:104B600003E00022202328462146FDF715F8FF2800
:104B700003D1FF2001B0BDE8F08F28462146FCF7A5
:104B8000BFFE814628462146FFF74AF942F6C06B30
:104B9000C2F2002B5BF82410494503D90220009093
:104BA0004F4615E04FF001024FF0000771B11FFAB8
:104BB00081FC002C08BF0227BCFBF0F303FB10C0F4
:104BC000002857EA02820F46009201E0012000907F
:104BD00028462146FFF718F9804628462146FCF76B
:104BE000C3FF42F6E86ABFB2C2F2002A3846314635
:104BF0002B465AF82420FEF757FE5BF824104AF89B
:104C0000240049450ED200204BF8240028463146A6
:104C1000FDF78AFA00B2002807D428463146FDF78E
:104C2000BBFA02E0C81B4BF8240028462146FDF7DA
:104C300013FC08F00300012803D128462146FFF7A2
:104C400033F9009801B0BDE8F08FD4D4D4D4D4D4D3
:104C50002DE9F04381B0092802D901B0BDE8F08305
:104C6000044642F61070C2F20020214650F824504B
:104C700028462E69FCF778FF42F6C06842F6E860E5
:104C8000C2F20028C2F2002048F82460A96840F867
:104C90002410E86A10B1052C04D940E0052C3ED858
:104CA000286BE0B328462146FDF79EFC2846FDF719
:104CB000AFFC95F8201000295FEA0F9610F0100F56
:104CC0004FF0010050EA009928464946FDF754FF8D
:104CD00042F660610746C2F2002101EBC60121F8ED
:104CE000104028462146FCF70BFE42F6446142F68E
:104CF0003462C2F20021C2F2002201EBC60102EBD3
:104D0000061221F8170058F8240042F82700284618
:104D100021464A4601B0BDE8F043FDF73DBF002201
:104D2000002328462146FCF7E3FE28462146FFF7EC
:104D300077F85EB1B6FBF0F101FB1060002851EA94
:104D40000190214682B22846FCF76AFF2846214698
:104D5000FFF7AAF828462146FDF78EFA2846214695
:104D600001B0BDE8F043FFF747B8D4D4D4D4D4D4CD
:104D7000092801D9FF2070472DE9F04F81B0044682
:104D80000E4615460023104621463246FCF704FF26
:104D9000FF2803D1FF2001B0BDE8F08F0746284669
:104DA00021466FF31F37FFF73BF842F6C068C2F2A7
:104DB000002858F82410B9420CD228462146FCF7A6
:104DC000D3FE58F8249048F824704FF0030AD7B364
:104DD0004F4625E00CD124B9B7FBF0F101FB107070
:104DE00060B328462146FCF7BFFE4FF0000A27E0DB
:104DF00017B14FF0020A07E0814628462146FCF72A
:104E0000B3FE48464FF0010AB7FBF0F101FB10700A
:104E1000B0B128462146FCF7A7FE4FF0010AB9467B
:104E200042F6E86BB8B2C2F2002B31462B465BF873
:104E30002420FEF761FD4BF8240008E04FF0020A41
:104E4000B946002FC4D128463146FDF7DDF91FFAD7
:104E500089F058F82410081A48F82400504601B088
:104E6000BDE8F08FD4D4D4D4092888BF70472DE989
:104E7000F04104460E4692F8208010462146154621
:104E8000FCF772FEE86A18B1052C07D9002712E07A
:104E9000052C4FF000070ED8286B60B1284621463C
:104EA000FDF7A2FB2846FDF7B3FB10F0100F4FF003
:104EB000010050EA009728462146FDF7F9F92846F7
:104EC0002146FDF72DFA28462146FDF765FA2846CA
:104ED0002146FCF73DFE022F0CD0012F17D10121F6
:104EE0002846FCF7C1FF0121B8F1000F0AD04FF4AA
:104EF000006209E002212846FCF7B6FF0221B8F162
:104F0000000FF4D14FF480622846FDF765F842F6B1
:104F10001077C2F2002757F82400E0B142F6C061D2
:104F2000C2F2002151F82410016157F824002146F3
:104F300086842846FDF7D8FB57F824100022002568
:104F4000C884002157F82400C48357F8240043681C
:104F5000984747F82450BDE8F0417047D4D4D4D4E2
:104F60002DE9F04F83B0834642F6C060C2F20020C4
:104F700042F6107442F634680F46051DC2F2002452
:104F8000C2F20028012601912BE0101A029A504328
:104F900001EB840108609BF82000296808EB0010F1
:104FA00050F8240088424FF0040050EA909458468C
:104FB000494608BF0324FDF7BFFE304621465A4646
:104FC000FFF752FF58464946FDF71EF942F61074A6
:104FD000C2F2002400BF00BF013604350A2E00F0E3
:104FE0008E8027FA06F0C007F6D058463146FDF706
:104FF00033FA54F826000028EED0DBF82C0010B16C
:10500000052E06D96AE0052E68D8DBF830000028A6
:1050100064D058463146FDF7E7FA5846FDF7F8FAEE
:1050200010F0100F4FF0010050EA00995846494621
:10503000FDF7A2FD9BF8201042F64467C2F200275C
:10504000044607EBC10131F810004946029058466A
:10505000FCF78AFF58464946FDF70AFF00235846E9
:1050600031464A46FCF798FD9BF8201042F66062F4
:10507000C2F2002242F6C063C2F2002302EBC10278
:1050800007EBC101074632F81420584631F81410D6
:1050900053F82220013AB2FBF1F101F1010AFEF7C7
:1050A000A7F89BF820101FFA8AF282426FF31F378D
:1050B00008EB011141F82470019F7FF66CAF9BF85B
:1050C000201008EB011151F82430002B3FF45DAFA4
:1050D000C0431044029A00FB023059E7584631465B
:1050E000FEF7B2FE0021102804D130465A46FFF7E1
:1050F000F7F971E730465A46FFF7CAF96CE703B093
:10510000BDE8F08FD4D4D4D4F0B581B042F6107796
:105110000C4605460126C2F2002704E000BF00BF8E
:1051200001360A2E1CD024FA06F0C007F8D057F832
:1051300026000028F4D028463146FEF795FEB0F54B
:10514000404FEDD12846FDF7A3F900B20521B0F19B
:10515000FF3F30462A46C8BF0721FEF7EDFBDFE7D9
:1051600001B0F0BDD4D4D4D42DE9F04381B00546CC
:1051700042F69C70C2F2002042F610780C46871C62
:105180004FF00109C2F20028012609E0062130464D
:105190002A46FEF7D1FB00BF01360237062E2CD07F
:1051A00024FA06F0C007F7D058F826000028F3D0FC
:1051B00095F8200000EB800037F820000128EBD0A4
:1051C00028463146FEF720FE8007DFD428463146C8
:1051D000FDF78AFA40040BD495F8200001212A46F5
:1051E00000EB800027F820903046FFF73DFED3E724
:1051F00028463146FDF7B0F8CEE7062607E0012144
:1052000030462A46FFF730FE01360A2E13D024FA24
:1052100006F0C007F8D058F826000028F4D0284639
:105220003146FEF7F1FD8007E9D5062130462A46D2
:10523000FEF782FBE8E701B0BDE8F083D4D4D4D414
:105240002DE9F0414378052B04D1C37803F0030323
:10525000022B03D20023D8B2BDE8F081032B36D154
:10526000022A4FF0000340F0D18090F90220B2F101
:10527000FF3F00F3CB8091F8203042F6387264276C
:10528000C2F2002213FB072243F2AE2E48F2100CAA
:10529000C2F2002E02F13C04062204E000BF00BF6F
:1052A00001320A2A75D034F80A5B002DF8D11EF8B5
:1052B0000350002DF4D10EF8032042F6AE6691F8AB
:1052C0002030C2F200261EF80370F77069E090F9F2
:1052D0000230B3F1FF3F2CDD0A2ABBD191F8203018
:1052E00042F638726427C2F2002213FB072243F20F
:1052F000AD2CC2F2002C02F10A04012203E000BF2F
:105300000132062A47D034F80A7B002FF8D11CF866
:105310000370002FF4D10CF8032042F6AE6691F82A
:105320002030C2F200261CF803704FF4854C377011
:1053300037E00A2A7FF48EAF91F8203042F63872B7
:105340006427C2F2002213FB072243F2AC2CC2F204
:10535000002C02F10A04012205E000BF00BF00BFDB
:105360000132062A1AD034F80A7B002FF8D11CF833
:105370000370002FF4D10CF8032042F6AE6691F8CA
:105380002030C2F200261CF8037044F2102C777013
:1053900007E00A2205E04FF4854C01E044F2102CAE
:1053A0000622D5B242F6387E6424C2F2002E13FBE8
:1053B00004E6AB0053FA82F736F81730012B4FF0B2
:1053C000000323D006EB47068778B0F8048001205D
:1053D000308005EB850591F8200007F00F0610FBE3
:1053E00004E04CEA060700EB4500478091F82000F6
:1053F00010FB04E000EB4500A0F8068091F82000C7
:1054000010FB04E000EB450003811346D8B2BDE871
:10541000F081D4D4D4D4D4D480B542F63871642287
:10542000C2F2002110FB02114FF0090E0022F646D5
:105430000A3106E000BF00BF0A31BEF1010E00D103
:1054400006E00B88012BF7D10A60C1F80620F3E7CC
:1054500043F2AC210022C2F2002143F2AE23C2F299
:1054600000230A5443F2AD21C2F200211A540A5417
:1054700080BDD4D4D4D4D4D42DE9F04142F63871CF
:105480000446C2F20021012501F10A064FF064082A
:105490000AE000BF00BF00BF20462946FCF748FADB
:1054A00001350A360A2D32D094F8200000FB08F0AE
:1054B000305A0128F4D100212046FCF761FCAFB23C
:1054C00000F00F00B84205D1002100220023204641
:1054D000FCF70EFB01212046FCF752FC00F00F0008
:1054E000B84205D10021012200232046FCF700FB31
:1054F00002212046FCF744FC00F00F00B842CBD15B
:105500000021022200232046FCF7F2FAC4E7BDE89E
:10551000F081D4D4D4D4D4D4F0B581B042F638716B
:105520000446C2F20021012501F10A06642703E0C6
:1055300001350A360A2D0AD094F820007843305AF3
:105540000128F5D120462946FCF766FAF0E701B0BC
:10555000F0BDD4D4D4D4D4D4B0B5044600F0C8F847
:10556000FEF7C2FE2046FEF7B7FC43F20025C2F26A
:1055700000256B691BB10146002220469847002197
:105580002046FCF7E5FF2868C1792046BDE8B04019
:10559000FDF70AB8D4D4D4D410B504460A20FDF7D8
:1055A000AFFF94F82000BDE81040FEF76DBAD4D4E8
:1055B000F0B581B0044690F82000FEF771FA42F68B
:1055C000B0700021C2F2002042F63872C2F200220E
:1055D0000125018042F6B270C2F2002002F10A06F3
:1055E0006427018004E000BF01350A360A2D0FD080
:1055F00094F820007843305A0128F5D10821284634
:105600002246FEF799F920462946FCF705FAEBE712
:1056100043F20020C2F20020C36933B11E210022F0
:10562000204601B0BDE8F040184701B0F0BDD4D429
:10563000B0B5044690F82000FEF74AFA94F820002E
:10564000FCF7C6FE05462046FCF716FB94F8201032
:105650006A061AD500F00300012816D10846FEF7A5
:105660000BFA00F049F843F20020C2F20020036A6E
:10567000002B08BFB0BD42F6B2700022C2F200207B
:1056800001882046BDE8B04018470846FEF738FAC2
:1056900094F82000BDE8B040FEF726BAD4D4D4D4A4
:1056A000FEF7FEB8D4D4D4D470B5044600BF00BF12
:1056B0002046FCF78DFE05460A20FDF71DFF20461B
:1056C000FCF786FE06460A20FDF716FF2046FCF78B
:1056D0007FFE06F0800205F080019142E8D100F0E3
:1056E00080008242E4D14020002908BF432070BDE1
:1056F0007047D4D4D4D4D4D47047D4D4D4D4D4D44C
:1057000070B5054643F2B6100C46C2F200204021A7
:1057100003F0B6FE42F6B8704FF4FF71C2F20020FB
:1057200003F0AEFE43F250200026C2F2002043F206
:105730004821C2F20021068043F25220C2F200202A
:105740000E603421068043F25420C2F2002006800D
:1057500043F25620C2F20020068043F25820C2F2E3
:105760000020068043F25A20C2F20020068043F255
:105770005C20C2F20020068043F24C20C2F20020DE
:10578000068043F25E20C2F200204660066043F2CB
:105790000020C2F2002003F073FE42F6E8602821E8
:1057A000C2F2002003F06CFE42F6C0602821C2F273
:1057B000002003F065FE43F2C02043F23422C2F21F
:1057C000002040F60E61C2F2002241814FF00E31FE
:1057D000C0F80610C0F8021042F610702821C2F27C
:1057E0000020166056609660D660166103F048FE91
:1057F00042F6B07042F6B271C2F20020C2F200214D
:1058000006800E8028462146BDE87040FEF748BF5E
:10581000F0B581B043F252216FF0FF02C2F20021D5
:105820000023497802EB012143F25C224FEA712107
:10583000C2F20022052913801BD004292FD143F284
:10584000542642F6B074C2F20026C2F20024054685
:10585000318827880846FEF75FFD3188B9421ED09F
:1058600043F20021C2F200218B69C3B1218828468E
:1058700010E043F20021C2F200218B6A7BB143F2B7
:10588000562142F6B872C2F20021C2F20022098803
:1058900032F81110002201B0BDE8F040184701B005
:1058A000F0BDD4D4D4D4D4D470B543F25221C2F2D2
:1058B0000021098821F0FF024FEA7222062A00F235
:1058C0008481DFE812F007008201820140007A0043
:1058D0009E00820143F25422C2F200221288002A62
:1058E00040F0738143F25822C2F200221288022A49
:1058F00040F06B8143F2AF2501F01F01C2F2002599
:1059000002294FF000022A8000F0E280012900F015
:10591000CF80002940F0598143F25621C2F2002184
:105920000988002940F051810446FEF7A5FD42F6A2
:10593000B2712870C2F200210988012940F0E88084
:1059400040F00200E3E001F01F02012A00F087802E
:10595000002A40F03A8143F254214FF0FF32C2F264
:105960000021098802EB1122072A00F22E81CDB214
:10597000DFE812F00800D80012012B012B012F01E3
:10598000ED002B0143F25621C2F200210988294380
:1059900040F01B81024643F20020C2F2002043F295
:1059A0005823C2F2002301681B880878834238BF5D
:1059B0001846BDE87040FEF713BBC90640F00581EC
:1059C00043F25421C2F200210988002901BF43F2A9
:1059D0005621C2F200210988002940F0F68043F2E6
:1059E0005821C2F200210988012940F0EE8042F6D8
:1059F000B071C2F200210B7843F2B121C2F2002152
:105A000026E001F01F01012940F0DF8043F254211C
:105A1000C2F200210988002940F0D78043F25821C2
:105A2000C2F200210988012940F0CF8043F25621BB
:105A3000C2F200210988FE2900F2C78042F6B8723E
:105A4000C2F2002212F8113043F2B321C2F2002157
:105A5000024601200B70BDE87040FEF7C1BA43F268
:105A60005E2243F25423C2F20022C2F2002343F228
:105A700058261180198843F20023518043F25621A1
:105A8000C2F20023C2F20021C2F20026DB6A0988BA
:105A90003688002B9180D68008BF70BD43F25E2609
:105AA0000021C2F2002602463046BDE87040184789
:105AB0000446FDF7A9FE012840F0988043F25620E5
:105AC000C2F200200588FEF74BFC854220D38DE012
:105AD00043F256260446C2F20026318809070FD049
:105AE000FDF792FE012840F0818030882146FEF7C4
:105AF00057FFFF287AD001462046FEF785F903E0DC
:105B000090F82000FCF764FD800701D50120287083
:105B100043F2AF210220C2F200212246BDE87040CC
:105B2000FEF75EBA43F25621C2F2002109882943EA
:105B30004BD10446FEF7D0F943F20021C028C2F24F
:105B4000002101F1080208BF01F10C0219E004462E
:105B5000FEF76EFF012801BF43F25620C2F200207B
:105B6000008850EA050041D12046FEF7B5F943F21E
:105B70000021C028C2F2002101F10C0208BF01F18E
:105B8000080243F258201168C2F200204A880088B7
:105B90008242C2D81046C0E743F20021C2F200217F
:105BA00091F83020954210D20246086943F25823FA
:105BB00050F82510C2F2002308781B88834229D2AE
:105BC0001846BDE87040FEF70BBABDE87040FDF71F
:105BD00067BE0446FEF72CFF012801BF43F25620A2
:105BE000C2F20020008850EA050004D02046BDE83B
:105BF0007040FDF755BE43F2002043F25822C2F236
:105C00000020C2F20022416812880878824238BF20
:105C1000104682E7BDE87040FEF7E2B9D4D4D4D490
:105C2000FDF73EBED4D4D4D42DE9F0418AB043F27E
:105C300052260446C2F20026318821F0FF02A2F566
:105C400080724FEA7222052A00F26D81DFE812F0BD
:105C50000600530035006B018500D00043F2582048
:105C6000C2F200200088002840F05D8101F01F0092
:105C7000022800F0FD80012800F05581002840F046
:105C8000528143F25420C2F200200088012840F0E3
:105C90004A8143F25620C2F200200088002840F0DA
:105CA0004281FEF7D5FB012840F03D8142F6B270FB
:105CB0000021C2F20020018019E0C80640F03381C3
:105CC00043F2582043F25621C2F20020C2F20021D2
:105CD0000088098880B2084340F0258143F25420AF
:105CE000C2F2002000887F2800F21D81002120469A
:105CF000FEF7DAF81AE143F25820C2F200200088D9
:105D0000002840F0108101F01F00022800F0D98027
:105D1000012800F00881002840F0058143F254205A
:105D2000C2F200200088022800F0E280012840F042
:105D3000338143F25620C2F200200088002840F050
:105D4000F280FEF785FB012840F0ED8042F6B2704C
:105D50000121C2F200200180C8E7C80640F0E380BC
:105D600043F2002043F25425C2F20020C2F2002583
:105D700080682988407900295FEA0F9281425FEAB2
:105D80000F90024240F0CF8043F25620C2F2002032
:105D90000088002840F0C78043F25820C2F200205B
:105DA0000088002840F0BF8000212046FEF77CF8E4
:105DB0002888002800F0BA8042F6B071C2F20021B3
:105DC0000988884200F0B280FEF7B6FAFEF7C8FAFA
:105DD00050B10546002700BFB8B20021FEF7ECFA2B
:105DE0000137B8B2A842F7D32046FFF795FB3BE056
:105DF0002046FDF709FD012840F09580308800F02D
:105E00001F00012840F08F8043F25625C2F2002582
:105E10002F88FEF7A5FA874200F2858043F25820CA
:105E2000C2F20020008800287DD143F2542828883F
:105E3000C2F20028B8F80070FEF79AFA874272D8CA
:105E4000288842F6B877C2F2002798F8001027F8A1
:105E5000101000212046FEF727F8FEF76DFA28887B
:105E600037F81010FEF7A8FA2046FFF705FB5DE0B3
:105E700043F25420C2F200200088002853D143F29C
:105E80005620C2F200200088010700F089802146D8
:105E9000FEF786FDFF2846D0054620462946FDF739
:105EA000B3FF012840F0818020462946FBF75CFEC5
:105EB00020462946FCF794FC20462946FDF7F4FFCE
:105EC0007BE043F25420C2F20020008858BB43F22A
:105ED0005620C2F20020008801073FF407AF214698
:105EE000FEF75EFDFF281ED02146FDF7D1FCFDE642
:105EF0002046FDF7F1FFC02815D143F25620C2F22B
:105F00000020008800F5804109B200290BD442F638
:105F1000B47143F25023C2F20021C2F200230122E5
:105F20000A801880E2E62046FDF7BAFC43F25C25C1
:105F3000C2F200252888012827D143F25421308855
:105F4000C2F20021ADF8100000260396088843F243
:105F50005821ADF8120043F25620C2F20020C2F2DE
:105F60000021ADF808600088ADF814000888ADF88D
:105F7000160093208DF8070094F820008DF8040097
:105F800001A90820FDF7B8FF2E8000202146FEF76A
:105F90008FF80AB0BDE8F0812046FFF781FBC5E726
:105FA00000212046FDF788FFA0E620462946FDF7A0
:105FB00083FF20462946FCF713FC002120460027DA
:105FC000FDF772FF43F23420C2F2002030F81510C2
:105FD0000129ABD143F2482120F81570C2F200210B
:105FE000002220460B68002198479FE7D4D4D4D4E0
:105FF00070B58AB043F252250446C2F20025697892
:1060000009024FEA712106293ED8DFE801F0043D7C
:106010003D040404040000212046FDF745FF43F23F
:106020005C26C2F200263088012827D143F2542191
:106030002888C2F20021ADF81000002503950888D9
:1060400043F25821ADF8120043F25620C2F200206C
:10605000C2F20021ADF808500088ADF8140008889D
:10606000ADF8160093208DF8070094F820008DF805
:10607000040001A90820FDF73FFF358000202146DC
:10608000FEF716F80AB070BD2046FDF709FCC6E71A
:1060900070B58AB043F252264FF4E062C2F2002695
:1060A00004467178B2EB012F04D100212046FDF7A0
:1060B000FBFE02E02046FDF7F3FB43F25C25C2F253
:1060C00000252888012827D143F254213088C2F2C4
:1060D0000021ADF8100000260396088843F25821ED
:1060E000ADF8120043F25620C2F20020C2F20021A5
:1060F000ADF808600088ADF814000888ADF8160007
:1061000093208DF8070094F820008DF8040001A971
:106110000820FDF7F1FE2E8000202146FDF7C8FF84
:106120000AB070BDD4D4D4D470B58AB0038803F05B
:106130006003402B18BF202B17D106292AD8DFE88F
:1061400001F04E0430045B80290092F820108DF895
:106150000410016840680590049100200390ADF898
:10616000080093208DF807000EE093218DF80710AA
:1061700001684068CDE9041092F820008DF8040011
:1061800000200390ADF8080001A90720FDF7B4FE38
:106190000AB070BD072011460AB0BDE87040FDF797
:1061A00087BF01684068CDE9041000211046002532
:1061B0001446FDF779FE94F8200001A98DF804003B
:1061C00093208DF8070008200395ADF80850FDF7DF
:1061D00093FE43F25C20C2F20020058045E043F2CA
:1061E0005A2043F25C22C2F20020C2F200220021B7
:1061F000018011800AB070BD01684568CDE90415C1
:106200000021104600261446FDF74EFE42F6C060FF
:1062100094F82010C2F200208DF8041001A9ADF806
:1062200008600068C0EB1540039093208DF80700CC
:106230000820FDF761FE43F25C20C2F200200680D8
:1062400013E001684068CDE9041092F820008DF851
:10625000040000200390ADF8080093208DF807009B
:1062600001A907201446FDF747FE00202146FDF74F
:106270001FFF0AB070BDD4D4F0B581B00D46897847
:1062800001700446E87843F23846C2F2002600F076
:106290007F00E070286AA06143F23440EA69C2F2EC
:1062A000002040F8212020786A6AE261A96A216210
:1062B000305C012802D140F2DD5665E022B192E85F
:1062C0000B001A689047216A11B107C912689047FC
:1062D0002878012807D0207843F2BC21C2F200219F
:1062E000022221F8102043F2C0204FF4BA71C2F20A
:1062F000002003F0C5F8207843F23C47C2F20027A3
:1063000001213154002647F8206043F240412078B3
:10631000C2F2002121F8106043F24440C2F2002092
:106320004FF40C7103F0ACF8287801282CD02078B9
:10633000FCF76AFF064638BB20462946FFF7E0F91E
:1063400020782946FDF734F82078FDF7FDFB20780A
:10635000FFF7AAF9402805D10A20FDF7D1F82078E7
:10636000FDF792FB287801280DD0207857F82010EF
:1063700041F0010147F82010207857F8201041F033
:10638000020147F820100026304601B0F0BDD4D4F9
:1063900070B504460078FCF7DFFF00281CBF4FF4FF
:1063A000BC6070BD217843F23842C2F2002243F251
:1063B000BC25C2F200250020505435F81120012AD6
:1063C00007D00646FEF748F92078FFF725F8217830
:1063D000304643F23C42C2F2002242F821002178CA
:1063E00025F8110070BDD4D470B58EB090F800C0FF
:1063F000CE0706D0BCF1000F02BF40F2E2500EB053
:1064000070BD43F2BC2EC2F2002E3EF81C40022C9E
:1064100002D103F07F03C37043F23C43C2F2002376
:1064200053F82C3023B33EF81C308DF820C03EF8D2
:106430001C30012B1CD06B46044618460D461646F0
:10644000FDF74AFD2078FBF7C3FF00F07003302B07
:106450000ED1324629462046FDF736FCD52840F2BB
:10646000DC5151EA1191002851EA10800EB070BD44
:1064700040F2DC500EB070BD70B58EB090F800C028
:10648000CE0706D0BCF1000F02BF40F2E2500EB0C2
:1064900070BD43F2BC2EC2F2002E3EF81C40022C0E
:1064A00002D103F07F03C37043F23C43C2F20023E6
:1064B00053F82C3023B33EF81C308DF820C03EF842
:1064C0001C30012B1CD06B46044618460D46164660
:1064D000FDF702FD2078FBF77BFF00F07003302B07
:1064E0000ED1324629462046FDF726FCD52840F23B
:1064F000DC5151EA1191002851EA10800EB070BDB4
:1065000040F2DC500EB070BDB0B58EB004460078DD
:1065100043F2BC23C2F2002333F81050022D02D103
:1065200002F07F02E27043F23C42C2F2002252F8D3
:10653000202002B333F810208DF8200033F810002B
:10654000012818D068460D46FDF7C6FC2078FBF7F9
:106550003FFF00F0700030280DD129462046FDF79E
:1065600033FCD52840F2DC5151EA1191002851EA60
:1065700010800EB0B0BD40F2DC500EB0B0BDD4D42F
:1065800040F2DC507047D4D440F2DC507047D4D491
:1065900040F2DC507047D4D4027843F23C43C2F25C
:1065A000002353F82230A3B370B58EB043F2BC235E
:1065B000C2F2002333F8122006228A7002788DF886
:1065C000202033F81220012A4FF000021CD06B4625
:1065D000054618460A7014460E46FDF77DFC00215C
:1065E000C02808BF0221802808BF012171702878C7
:1065F000FBF7EEFE4CF29421C0F30210C0F2002132
:106600002246085CF470B0700EB0BDE870401046D1
:10661000704740F2DC50704740F2DC507047D4D4F1
:1066200040F2DC507047D4D440F2DC507047D4D4F0
:1066300070B58EB00446007843F2BC2543F23C426C
:10664000C2F20025C2F2002235F8103052F82020A4
:10665000FAB135F810208DF8200035F81000012827
:1066600017D068460E46FDF737FC2078FBF7B0FEE2
:1066700000F0700030280CD14FF0010CA6F800C0DB
:106680002078314635F81000012806D100200EB0E0
:1066900070BD40F2DC500EB070BD42F638704FF065
:1066A000090EC2F20020F64600F10A036422012519
:1066B000012608E000BF00BF0A3301360020BEF10A
:1066C000010E00D1E7E720785043185A0128F3D192
:1066D0000CFA06F005430D80EEE7D4D4D4D4D4D41C
:1066E00070B59CB00446007843F2BC268DF82000BB
:1066F000A27043F23C42C2F20026C2F2002236F8F7
:10670000103052F82020002A46D00D4636F81010DE
:106710008DF8580036F8100001283DD00EA8FDF77E
:10672000DBFB2078FBF754FE00F07000302833D1FB
:10673000207836F81010012902D101201CB070BD5C
:10674000A17842F638726423C2F2002210FB0320C3
:1067500001EB810100EB4100408800F00F00287040
:10676000A178267816FB032201EB810302EB43029A
:106770005288D20602D580302870A1786846FDF78D
:1067800073FBB0F5404F0DD0B0F5004F08D0B0F519
:10679000804F01D1002006E040F2DC501CB070BDFB
:1067A000012000E0022068706846A178FDF738FB00
:1067B000688000201CB070BD2DE9F0418846054678
:1067C0000E200870FDF7ECFB43F2C020C2F200205F
:1067D000417802788A4217D001EBC10100EB8101B8
:1067E0000C315CC95CC591E8DC00DCC54178014432
:1067F000897888F8001041784A1CD2B2092A4FF0F3
:10680000000252EA819141700020BDE8F081D4D4A9
:1068100043F234420146C2F2002200201160704768
:10682000007843F2BC22C2F2002232F81020012A82
:1068300002D140F2DC50704780B5FDF7A5F9002089
:1068400080BDD4D4D4D4D4D4F0B58FB0044600786D
:1068500043F23C47C2F2002757F8207047B343F297
:10686000BC27C2F2002737F810608DF8240037F8F3
:10687000100001280BD001A815460E461F46FDF753
:106880002BFB2078FBF7A4FD3B4631462A4663707C
:106890000888A0814B880006E38120468B882382EC
:1068A000CB88114663821A4606D4FDF7C1F905E08C
:1068B00040F2DC500FB0F0BDFDF792F90146FF2821
:1068C0004FF0000008BF40F2DC50D52908BF40F26D
:1068D000DD500FB0F0BDD4D470B58EB00446007852
:1068E00043F23C43C2F2002353F820302BB343F26F
:1068F000BC23C2F2002333F810608DF8200033F877
:106900001000012809D0684615460E46FDF7E4FA46
:106910002078FBF75DFD31462A462046FDF760F9F9
:106920000146FF284FF0000008BF40F2DC50D52997
:1069300008BF40F2DD500EB070BD40F2DC500EB02A
:1069400070BDD4D4D4D4D4D470B58EB004460078FD
:1069500043F23C43C2F2002353F820302BB343F2FE
:10696000BC23C2F2002333F810608DF8200033F806
:106970001000012809D0684615460E46FDF7ACFA0E
:106980002078FBF725FD31462A462046FDF750F9D1
:106990000146FF284FF0000008BF40F2DC50D52927
:1069A00008BF40F2DD500EB070BD40F2DC500EB0BA
:1069B00070BDD4D4D4D4D4D4B0B58EB0044600784D
:1069C00043F23C42C2F2002252F82020D2B143F2FC
:1069D000BC22C2F2002232F810308DF8200032F8CA
:1069E0001020012A08D068460D46FDF775FA207878
:1069F000FBF7EEFC20782946A180FDF7D9F80020AE
:106A00000EB0B0BD40F2DC500EB0B0BDD4D4D4D482
:106A100080B58EB000788DF820006846FDF7C4FA86
:106A200040F2DC51D52808BF40F2E151002851EA7C
:106A300010800EB080BDD4D4007843F2BC21C2F2E5
:106A4000002131F81000022804D180B5FDF7A8FA22
:106A5000002080BD40F2DC507047D4D4D4D4D4D4CC
:106A6000007843F2BC22C2F2002232F81020022A3F
:106A700007D143F2B822C2F2002242F820100020CF
:106A8000704740F2DC507047027800200A7070476F
:106A9000C278002042F080020A707047D4D4D4D467
:106AA000427800200A707047827800200A70704790
:106AB000007843F2BC22C2F2002232F81020012AF0
:106AC0000ED010B50C46FBF783FC4BF68451C0F397
:106AD0000210C0F2002131F810002080BDE8104003
:106AE00000207047D4D4D4D40246002092680A60B3
:106AF0007047D4D4D4D4D4D4D0E9032300204B603D
:106B00000A607047D4D4D4D4002940F2DC5108BFC5
:106B10000121002808BF012108467047D4D4D4D4ED
:106B2000002840F2DC5008BF01207047D4D4D4D4F0
:106B3000B0B584B04FF07041EFF3038001EB00601B
:106B40004CF200318015C4F20001425822F4803228
:106B5000425043F2CC624158C2F200221458206ADB
:106B600000690028606902D0E0B104B0B0BDC8B1CE
:106B7000A07800F003000228206905D10088616A2E
:106B800020F4DC40486002E0616A00780871A07877
:106B9000226900F003016069401A606111442161BB
:106BA0000028E2D1616A02228D68A06862F315555F
:106BB00010B102F0E9F8616A8D60A06A00284FF018
:106BC00000002061D1D0E06A20B190E82E008DE86D
:106BD0002E0000E06846216A09780160002181608A
:106BE00080210171216BC160A16A8847E06A002899
:106BF0001CBF9DE82E002EC004B0B0BDD4D4D4D4A8
:106C000010B586B04FF07041EFF3038001EB0060E8
:106C10004CF200318015C4F20001425822F4803257
:106C2000425043F2CC624158C2F200221458A0787C
:106C300000F00302606A022A03D101686FF35F214A
:106C400000E00178E0690191D0B1A06901A902F0EA
:106C50001BFCA078D4E9061200F003000144101ACE
:106C6000C4E9061034D1A06A90B3E06AE0B1D0E97B
:106C700000C2D0E90231CDE90431CDE902C214E00D
:106C8000A06A28B3E06A40B1D0E900CED0E902237F
:106C9000CDE90423CDE902CE00E002A8226A1278F1
:106CA00081600260042106E002A8216A097801607F
:106CB0000021816001210171216BC160A16A8847B7
:106CC000E06A28B102AC1ECC016042608360C460FF
:106CD00006B010BDD4D4D4D4B0B584B04FF0704158
:106CE000EFF3038001EB006043F2CC628115C2F246
:106CF00000224FF6EF7304165558CFF6CF73696A2A
:106D00008A681A408A60A96AE1B1E86A40B1D0E9AC
:106D100000C2D0E90231CDE90231CDE900C200E084
:106D20006846296A097801600021816002210171A9
:106D3000296BC160A96A8847E86A00281CBF9DE8E2
:106D40002E002EC04CF20030C4F2000050F8241087
:106D500021F4803140F8241050F8240004B0B0BD74
:106D600070B584B04FF07041EFF3038001EB006029
:106D700043F2CC628115C2F200225458A178636AB2
:106D800001F00301022904D1D3F800C06FF35F2C96
:106D900001E093F800C09A6C2025082105EAD2454D
:106DA0004FF0100E01EA12611EEA126229440A44F1
:106DB00003D0996C090458BF4032996E051641F012
:106DC000C8519966A16AD9B1E06A40B1D0E900E33F
:106DD000D0E90216CDE90216CDE900E300E06846ED
:106DE000216A0978C0F808C001600271216BC16096
:106DF000A16A8847E06A00281CBF9DE84E004EC08B
:106E00004CF20030C4F2000050F8251021F480311B
:106E100040F8251050F8250004B070BDD4D4D4D467
:106E200080B545F25422C5F24F020260084600F0D8
:106E300003F8002080BDD4D470B5044600F064F897
:106E400043F2C86CEFF31081C2F2002C012080F3F2
:106E50001088DCF8000038B940F614500022C4F263
:106E60004000027040220270DCF800000130CCF8D3
:106E7000000081F31088208830B340F6000E002116
:106E8000C4F2400E08E000BF0EEB8010013140F864
:106E900022302088814217D2606800EBC10250F88E
:106EA00031309288D8034FEA1220D2B2ECD50EEBE3
:106EB000801555F8226026F4803645F8226023F4C8
:106EC000803645F82260DFE70120EFF3108180F380
:106ED0001088DCF8000020B1DCF800000138CCF8A4
:106EE0000000DCF8000010B181F3108870BD40F69E
:106EF00014500022C4F2400002708022027081F31C
:106F0000108870BDD4D4D4D42DE9F04F81B004469C
:106F10000088002867D04EF64C4B0025C4F2010BC8
:106F20004FF0010A04E000BF2088013585425AD2A3
:106F30004CF29C2642F240080027C0F20026C4F220
:106F400020080CE000BF00BF88F80000C820012125
:106F500001F0DAFE013708F10208032FE4D060687F
:106F600036F8021B00EBC50082888A42F2D1006825
:106F70009BF8001000F0B8500AFA07F9B0F1807FD2
:106F800009EA010018D158B9012001F071FF9BF8FE
:106F9000000040EA09008BF80000012001F03CFFEE
:106FA00098F900000028D5D498F8000040F080003F
:106FB000CAE700BF00BF00BF58B1012001F058FF71
:106FC0009BF8000020EA09008BF80000012001F086
:106FD00023FF98F90000B0F1FF3FBBDC98F80000F8
:106FE00000F07F00B0E701B0BDE8F08FD4D4D4D476
:106FF00070B50D4609784EF200020446C4F225022F
:1070000002EB012020612560A8686060287B207267
:10701000E8696063286AE0630020A063C4E90500B2
:10702000C4E9070084F8290084F82A0084F82B00BA
:1070300084F82C000120EFF3108680F31088297863
:10704000C1F10901884043F20401C4F220010A6839
:1070500022EA0000086008681E20012101F054FEA9
:1070600086F310882046294600F0C2F844F6431102
:107070000020C5F24921E16070BDD4D4D4D4D4D469
:107080009C46012380F82AC000F0AAB9D4D4D4D4F5
:107090009C46002380F82AC000F0A2B9D4D4D4D4EE
:1070A000B0B5044600690025C5712046216800F08E
:1070B0009FF894F82600216984F82800A069C4E9A3
:1070C0000750002084F82C5084F82A50B322CA714B
:1070D000B0BDD4D4D4D4D4D40346002059601A729D
:1070E0007047D4D4D4D4D4D4844641630020CCE9AE
:1070F0000E327047D4D4D4D444F64312C068C5F2DB
:10710000492290425FEA1F9200200A707047D4D44F
:10711000B0B5044600690025C5712046216800F01D
:1071200067F894F82600A16984F828002069C4E96A
:107130000751B32184F82C5084F82A50C1714EF2C3
:1071400080112069CEF20001C571E560206890F9D8
:107150001100430900F01F02012000FA02F241F879
:107160002320BFF34F8FBFF36F8F226892F90E2059
:10717000530902F01F0200FA02F241F82320BFF384
:107180004F8FBFF36F8F226892F91020530902F0DE
:107190001F0200FA02F241F82320BFF34F8FBFF322
:1071A0006F8F226892F90F20530902F01F0200FA34
:1071B00002F241F8232043F20402BFF34F8FBFF3E2
:1071C0006F8FEFF3108580F310882168C4F22002DE
:1071D00009781368C1F10901884001211843106042
:1071E00010681E2001F090FD85F310880020B0BDCE
:1071F000F0B502690023137040230269137002691D
:1072000013785B06FCD5C023137002680369082558
:107210004EF6185C526ACEF2000C127942F0E0028F
:107220001A7402680369526AD27842F0E0025A7412
:1072300002680369526A927862F306159D700268CB
:107240000569526A13785278012B5FEA1F9343EA6B
:10725000420242F00402EA70026844F24025C0F2A1
:107260000F0503695268AA424FF0770208BF6FF01A
:1072700008025A71002302699371B3230269D37122
:107280004EF2001291F911404B7BCEF20002002C1D
:107290004FEA031303D4151985F8003304E004F012
:1072A0000F05654405F8043C43F2CC6E4CF2003304
:1072B000C2F2002EC4F2000301274EF8240053F856
:1072C000245025F4803543F8245053F824506509A0
:1072D00004F01F04BFF35F8F02EB850607FA04F486
:1072E000C6F8804142F8254091F90F404D7B002CB3
:1072F0004FEA051503D4161986F8005304E004F08C
:107300000F06664406F8045C4EF8240053F8245037
:1073100025F4803543F8245053F82450650904F0CF
:107320001F04BFF35F8F02EB850607FA04F4C6F86B
:10733000804142F8254091F910404D7B002C4FEAE6
:10734000051503D4161986F8005304E004F00F065F
:10735000664406F8045C4EF8240053F8245025F4E3
:10736000803543F8245053F82450650904F01F0475
:10737000BFF35F8F02EB850607FA04F4C6F880417D
:1073800042F8254091F90E40497B002C4FEA01114B
:1073900003D4171987F8001305E004F00F0505EB77
:1073A0000C0707F8041C4EF8240004F01F0753F8DC
:1073B0002410012621F4803143F8241053F82410BE
:1073C000610906FA07F7BFF35F8F02EB8103C3F889
:1073D000807142F821709F2100690170F0BDD4D402
:1073E00090F808C0C0E90512BCF1010F09D190F86E
:1073F00004C04FF48071A0F8251043EA4C0180F8D6
:10740000241010B581B04EF2200180F82930C4F26A
:10741000010109680091009901F00F210091DDF848
:1074200000E0DDF800C001690B7C90F82C40BCB98D
:10743000CEF30322A2EB1C6203FA02F2042A09D360
:10744000920800BF00BF00BF91F90130002B04D5A6
:10745000013AF9D1082001B010BD0022CA71826939
:107460000021C0E9072190F8262080F8281080F834
:10747000272080F82B1080F82D1080F82E1080F82F
:107480002F1080F830100168496A0A784B7891F81B
:1074900005C08C79012A5FEA1F9242EA4302036920
:1074A00042EA0C1242EAC41242F00402DA700269A3
:1074B000137943F0100313710269137903F0F70392
:1074C00013710269137903F0EF0313710269C9792B
:1074D000137903F07F0343EAC111117101694A79FD
:1074E00042F001024A71016891F90F1000290BD492
:1074F00001F01F02012303FA02F24EF200134909C0
:10750000CEF2000343F8212001694A7A02F0F30227
:107510004A720169BF22CA7190F82C1019B100217A
:1075200080F82C1002E0006902214170002001B0B7
:1075300010BDD4D4D4D4D4D410B582B04FF070419F
:10754000EFF3038001EB00604CF200328015C4F2CF
:107550000002835823F4803383508058EFF3038074
:1075600001EB006043F2CC618015C2F200210C589F
:1075700094F82D0078B1E069002800F0C8802168F7
:10758000496AC97901293FD1A06B58B3D0E90012EB
:10759000CDE9001227E0A069022804D8206901790A
:1075A00041F040010171E06901280ED120690179A3
:1075B00041F0100101712069017941F00801017168
:1075C0002069017901F0EF0101712068406AC079FA
:1075D00001287CD1A06B002868D0D0E90012CDE949
:1075E000001264E06846E16B016005210171616B86
:1075F0008847A06B00281CBFDDE90012C0E900121B
:10760000002084F82B00E069012819D0022807D057
:1076100003286FD12069017941F04001017169E0CF
:107620002069017941F0100101712069017941F06F
:10763000080101712069017901F0EF01017159E040
:1076400094F82A0001284DD120684EF28013CEF222
:10765000000390F90F00420900F01F01012000FA19
:1076600001F143F82210BFF34F8FBFF36F8F2169F1
:10767000CA7942F08002CA7121690A7942F0100287
:107680000A7121690A7902F0F7020A7121690A79FF
:1076900002F0EF020A71216904224A7021694A79D5
:1076A00002F0FE024A7184F82C0023E06846E16B88
:1076B000016005210171616B8847A06B00281CBF28
:1076C000DDE90012C0E90012002084F82B002069D7
:1076D000C07C8DF800009DF80000012084F82D008A
:1076E00002B010BD2069417A01F0F70141722069B2
:1076F00008214170D4E90401C07C226A8854D4E98D
:107700000701013801F10101C4E9070101D002B00C
:1077100010BD2069017901F0BF01017102B010BDF7
:10772000B0B582B04FF07041EFF3038001EB006021
:107730004CF200358015C4F20005425922F4803223
:1077400042514059EFF3038001EB006043F2CC61FA
:107750008015C2F200210C5894F82700D8B194F893
:107760002600032807D194F82800022803D194F8B2
:107770003000002843D0206994F82410817494F8D4
:10778000280094F82710013084F82800481E84F857
:10779000270002B0B0BD94F8290080BB2068406A81
:1077A000C07901281CD194F82B00C8B9206AB8B15F
:1077B000A06B20B1D0E90012CDE9001200E06846CC
:1077C000E16B016005210171616B8847A06B0028A6
:1077D0001CBFDDE90012C0E90012002084F82B0074
:1077E000E06970B1D4E90401226A895C8174D4E94A
:1077F0000701013801F10101C4E9070101D002B01C
:10780000B0BD2069C17901F07F01C17120696FF0BD
:10781000BE0100BF00BF00BF90F90720B2F1FF3FDB
:1078200003DC002901F10101F6D1206890F9100074
:1078300055F8201021F4803145F8201055F820002B
:10784000206890F9100000280BD44EF2802300F03D
:107850001F014009CEF20003012202FA01F143F8B0
:1078600020102069C17941F04001C17102B0B0BD62
:1078700010B582B04FF07041EFF3038001EB006070
:1078800043F2CC618015C2F200210C582068406A96
:10789000C079012817D1A06B20B1D0E90012CDE941
:1078A000001200E06846E16B016005210171616B27
:1078B0008847A06B00281CBFDDE90012C0E9001258
:1078C000002084F82B0094F82900012806D194F8B0
:1078D0002700012802D194F8300080B3E06970BB22
:1078E00094F82A00012822D120684EF28013CEF2AB
:1078F0000003012290F90F0000F01F01400902FA75
:1079000001F143F82010BFF34F8FBFF36F8F206951
:10791000C17941F08001C171206904214170206961
:10792000417901F0FE01417184F82C2007E02069C3
:10793000417A01F0F7014172206908214170206904
:10794000C17901F0BF01C17120696FF0BE0100BFB4
:10795000C279520603D5002901F10101F8D14FF097
:107960007041EFF3038001EB00604CF200318015B1
:10797000C4F20001425822F480324250405802B012
:1079800010BDD4D4D4D4D4D470B582B04FF07041EB
:10799000EFF3038001EB006043F2CC618015C2F28B
:1079A00000210C5821694A7A4B7A02F01F0002F03C
:1079B00003020F2803F0E0034B7201D83AB92DE01F
:1079C00021694B785B0658BF42F001021AB30125CA
:1079D00084F82B5020690026C67120462168FFF7E5
:1079E00007FC94F82600A16984F828002069C4E9FE
:1079F0000761B32184F82C6084F82A60C171A06B00
:107A000020B1D0E90012CDE9001200E06846E16B38
:107A10000160057158E04A78520611D4010706D476
:107A200094F82C20012A31D110F004022ED0E06904
:107A300010B994F82B00A8B3002919D4012138E01B
:107A4000012084F82B000820487020682369406AD0
:107A500041790278807942EA011141EAC01040F090
:107A60000200D8702069417941F00101417137E08D
:107A70000020A169C4E9070194F8261084F82810B1
:107A8000012184F82C0084F82A000FE0400727D554
:107A90002068406AC079012822D10421204600F0E4
:107AA00033F81DE094F8290080F003012069B32227
:107AB000C271A06B20B1D0E90023CDE9002300E022
:107AC0006846E26B02600171616B8847A06B002819
:107AD0001CBFDDE90012C0E90012002084F82B0071
:107AE0004FF07041EFF3038001EB00604CF2003186
:107AF0008015C4F20001425822F4803242504058AE
:107B000002B070BDD4D4D4D410B582B00446806B1A
:107B100020B1D0E90023CDE9002300E06846E26B04
:107B200002600171616B8847A06B00281CBFDDE912
:107B30000012C0E90012002084F82B0002B010BD32
:107B40002DE9F04381B00D46097C044601220D2940
:107B50005FEA9F9002FA01F1E16065602074287C81
:107B600042F20001C4F2320100274FF0004801EB5D
:107B70000020A06068696061A869E06143F6107048
:107B8000A761C4F23200EE690260EFF3108982F35C
:107B90001088287C011F28FA00F006296FF0006188
:107BA00051EA30A043F21001C4F220010A681040EB
:107BB000086008681E20012101F0A6F889F31088EA
:107BC0004FF42541A0684FF0060E0160A068C7621F
:107BD000A068C763A0688764287A2978A268C0056E
:107BE0000329696808BF00F58030D0620139A068B8
:107BF000C0F81080A068C0F81480A068C0F8188091
:107C0000A0684762A0688762A068B269C261A06884
:107C1000F2690262A0688166A06841666168D6F870
:107C200050C0C969F64601F1300207E000BF00BF4D
:107C300001370432BEF1010E00D112E091F8483054
:107C4000FB40DB07F4D03B46042F08BF0323032F80
:107C500008BF0423A06800EB83001368013BC364E2
:107C6000E6E7287C0D2802D8A06800214164A068BE
:107C700000218163A068C0F88810306D40B996F883
:107C8000200096F82110400340EA41704CEA000CB5
:107C900096F84800A16800284FF4A00008BF4FF4F0
:107CA000AA000864A068C0F834C043F2CC6C96F80F
:107CB000540096F85510A268C2F2002C4901D36A0C
:107CC00041EA001003211843D062A0680123016338
:107CD000A0680363D4E90201C1604EF2001095F977
:107CE00012704CF20031CEF20000C4F20001002FFD
:107CF0001AD46D7CC2192D0182F800534CF827402C
:107D000051F8272022F4803241F8272051F827200B
:107D10007A0907F01F07BFF35F8F00EB8205BB40B6
:107D2000C5F8803140F8223096F92830002B1DD458
:107D300096F82220C7180125120187F800234CF875
:107D4000234051F8232022F4803241F8232051F8B7
:107D500023205A0903F01F03BFF35F8F00EB820754
:107D600005FA03F3C7F8803140F8223096F929303C
:107D7000002B1DD496F82320C7180125120187F87F
:107D800000234CF8234051F8232022F4803241F89C
:107D9000232051F823205A0903F01F03BFF35F8FFC
:107DA00000EB820705FA03F3C7F8803140F8223070
:107DB00096F92A30002B1DD496F82420C7180125E7
:107DC000120187F800234CF8234051F8232022F4B5
:107DD000803241F8232051F823205A0903F01F0371
:107DE000BFF35F8F00EB820705FA03F3C7F880311A
:107DF00040F8223096F92B30002B1DD496F8252020
:107E0000C7180125120187F800234CF8234051F8C8
:107E1000232022F4803241F8232051F823205A09EC
:107E200003F01F03BFF35F8F00EB820705FA03F334
:107E3000C7F8803140F8223096F92C30002B1DD441
:107E400096F82620C7180125120187F800234CF860
:107E5000234051F8232022F4803241F8232051F8A6
:107E600023205A0903F01F03BFF35F8F00EB820743
:107E700005FA03F3C7F8803140F8223096F92D3027
:107E8000002B1DD496F82720C718120187F800236D
:107E90004CF82340012751F8232022F4803241F886
:107EA000232051F82310590903F01F03BFF35F8FFC
:107EB00000EB810207FA03F3C2F8803140F8213069
:107EC00045F254010020C0F24701216001B0BDE835
:107ED000F083D4D4D4D4D4D4D0E9021200204A60A0
:107EE0007047D4D4D4D4D4D4D0E9021200208A600C
:107EF0007047D4D4D4D4D4D4D0E902120020CA60BC
:107F00007047D4D4D4D4D4D480B5D0E9011EC96983
:107F1000D1E901C3CA6843F00043CEF8143042F0FF
:107F2000004283689A614CF0004382681361826862
:107F30000B695362826800204969916280BDD4D484
:107F400081684FF000420A6181684A6181688A61F4
:107F5000002281684A62816800208A627047D4D416
:107F60008268013991668268D36ADB0703D1516662
:107F7000D0E90201C16000207047D4D4D4D4D4D455
:107F800006207047D4D4D4D41346042A08BF032350
:107F9000032AA1F1010108BF0423806800EB8302DA
:107FA0000020D1647047D4D48268526E01328A6056
:107FB0008068D0F82CC04EF22000C4F201000368A3
:107FC000808843EA000200F00F00120703F00F025E
:107FD00008D443F21473C2F200231B6803FA00F0C2
:107FE000D0401EE070B500F0070E032543F2147672
:107FF00005FA0EF44FF0010EC2F20026082838BF31
:108000000EFA00F403F007001B0705FA00F03568CC
:1080100005FB04F358BF0EFA02F0B3FBF0F0BDE825
:108020007040CCF3C352D0404860002001220A7057
:108030007047D4D4D4D4D4D48268D26A02F0010276
:108040000A7182680020926C0A607047D4D4D4D43C
:10805000844641610020CCE906327047D4D4D4D4A0
:10806000B0B543684EF2801E43F2CC6CCEF2000EE7
:1080700093F91210DB69C2F2002C00290ED44A09D0
:1080800001F01F04012505FA04F44EF82240BFF365
:108090004F8FBFF36F8F00224CF8212093F92810E7
:1080A00000290ED44A0901F01F04012505FA04F441
:1080B0004EF82240BFF34F8FBFF36F8F00224CF872
:1080C000212093F9291000290ED44A0901F01F0438
:1080D000012505FA04F44EF82240BFF34F8FBFF399
:1080E0006F8F00224CF8212093F92A1000290ED41A
:1080F0004A0901F01F04012505FA04F44EF8224054
:10810000BFF34F8FBFF36F8F00224CF8212093F9FC
:108110002B1000290ED44A0901F01F04012505FA8D
:1081200004F44EF82240BFF34F8FBFF36F8F00224D
:108130004CF8212093F92C1000290ED44A0901F0A3
:108140001F04012505FA04F44EF82240BFF34F8FB7
:10815000BFF36F8F00224CF8212093F92D100029D6
:108160000ED44A0901F01F03012404FA03F34EF868
:108170002230BFF34F8FBFF36F8F00224CF82120C6
:10818000D0E90212002303608A60816800204B63FB
:10819000B0BDD4D4D4D4D4D410B584B04FF0704191
:1081A000EFF3038001EB00614CF2003E8A15C4F24C
:1081B000000E43F2CC6452F80E30C2F2002423F4D5
:1081C000803342F80E3052F80E30A45862681378AB
:1081D000012B40F0AE80D4E902300916D2694EF28C
:1081E000802C98600023A068CEF2000C8364A06805
:1081F000C364A068036501235EF8210020F4803089
:108200004EF821005EF82100480901F01F01BFF37C
:108210005F8F03FA01F14CF8201092F84830D8072C
:1082200017D092F92810002913D45EF821000123F9
:1082300020F480304EF821005EF82100480901F05A
:108240001F01BFF35F8F03FA01F14CF8201092F881
:108250004830980715D592F92910002911D45EF8F5
:108260002100012320F480304EF821005EF8210027
:10827000BFF35F8F480901F01F0103FA01F14CF8C9
:10828000201092F92A10002911D45EF82100012350
:1082900020F480304EF821005EF82100BFF35F8F9C
:1082A000480901F01F0103FA01F14CF8201092F97E
:1082B0002B10002911D45EF82100012320F4803016
:1082C0004EF821005EF82100BFF35F8F480901F0EE
:1082D0001F0103FA01F14CF8201092F92C1000292B
:1082E00011D45EF82100012320F480304EF82100E3
:1082F0005EF82100BFF35F8F480901F01F0103FA08
:1083000001F14CF8201092F92D10002911D45EF8DB
:108310002100012220F480304EF821005EF8210077
:10832000BFF35F8F480901F01F0102FA01F14CF819
:1083300020106069A8B1A06930B10DF1040C90E87B
:108340000E008CE80E0000E001A8002101718160A0
:10835000E169016061698847A06910B101AB0ECB8A
:108360000EC004B010BDD4D42DE9F04381B00D4649
:1083700049684560044608784AF20006C4F20006DF
:108380004FF000084FF0010906EB8010A060C868AC
:10839000E0604869606143F20000C4F81080C4F2F4
:1083A0002000EFF3108789F31088016821F4800121
:1083B000016000681E20012100F0A6FC87F31088F0
:1083C00086F8009886F810882046296800F0CCF8D6
:1083D00044F243110020C4F24D41216001B0BDE8D8
:1083E000F083D4D4D4D4D4D410B5044600F0BCF86F
:1083F000A168002001220A7710BDD4D4D4D4D4D4EB
:1084000080B582B00191009241684CF2802CC4F298
:10841000000C4FF0000E49680A784CF822E08268A0
:1084200082F81CE00A7849894CF82210816881F8AA
:108430001DE0019911B1019982681160009911B193
:1084400000998268516081680A8AB2F5804F4FF0C6
:108450000C0238BF08228B500122816800200A7765
:1084600002B080BDD4D4D4D48168002001220A7720
:108470007047D4D4D4D4D4D441684CF2802CC4F204
:10848000000C002349680A784CF822308268137780
:108490000A7849894CF82210816800204B77704790
:1084A000826809010020013151777047D4D4D4D4B7
:1084B0008168002000224A777047D4D4D4D4D4D421
:1084C0004FF480628A604FF480320A608268138AB7
:1084D000D2684A6000228068B2EB933F806880B225
:1084E000C86002D14FF6FF70886000207047D4D476
:1084F000014640684CF2802C00224068C4F2000C17
:1085000003784CF823208B681A77C368EBB1B0B5B9
:1085100090F901304EF28015CEF200054FF0010EB9
:1085200003F01F0C5B090EFA0CF445F8234043F2EC
:10853000CC63BFF34F8FBFF36F8F90F90100C2F28E
:10854000002343F82020BDE8B04000200A607047B7
:1085500006207047D4D4D4D403460020D9605A6191
:108560007047D4D4D4D4D4D42DE9F04F81B042682C
:108570004CF28029C4F20009002752684CF2C00472
:10858000137849F8237083681F771378568949F860
:1085900023604FF0FF3683685F774FF440730D68B8
:1085A0004FF4404703EA1553B1F80EC007EA1547E8
:1085B00006EB95763B44022E0DD84CEA0C47B1F8F9
:1085C0000CE0022E27F0FC2C09D04FF4805606EA6E
:1085D0001526334303E043F400534FF0000EC66802
:1085E000578904EA153B0097D6B14FF01C08AF0F2E
:1085F000AC024EF2001A58BF4FF0100892F9015029
:10860000022F9778CEF2000A88BF4FF01008002D95
:108610004FEA07170CD40AEB050686F8007311E041
:108620004FF00008B5F1404F2ED2002500274EE054
:1086300074464EF6145E05F00F06CEF2000E06F8F4
:108640000E70A64643F2CC6709EB8506C2F20027FE
:10865000012447F82500D6F8807027F48037C6F843
:108660008070D6F880706F0905F01F05BFF35F8F2B
:108670000AEB870604FA05F5C6F880514AF8275038
:108680000D68B5F1404FD0D3B1F80C9005F04066BD
:10869000CF89B6F1806F03D14BF4005BCA4601E08D
:1086A000B2F808A005F44026B6F5802F08BF0127D0
:1086B0004E68856807FB09F72E624AEA0A458E680C
:1086C0008468C7EA074708BF4BF0200B66628668DC
:1086D000B5628668F7628768A7F814B08768009C5F
:1086E000002C18BF43F001033B824B6887683B6056
:1086F0008968836859608168C1F808C08168C1F8D9
:108700000CE0816852688A61806880F8138001B04B
:10871000BDE8F08FD4D4D4D410B582B04FF07041FE
:10872000EFF3038001EB00604CF200318015C4F2DE
:108730000001425822F48032425043F2CC62415848
:10874000C2F200221458E1686069019001A88847CC
:10875000A068C16800291CBF0121017702B010BDCB
:108760004EF22401C4F201018878098801F00F0259
:10877000A2F1080103293BD8DFE801F0022C101E0A
:1087800040F28061C2F2002151F820004AF6AB218C
:10879000CAF6AA21A0FB0101480830E040F280613E
:1087A000C2F2002151F820004AF6AB21CAF6AA21F4
:1087B000A0FB0101C80822E040F28061C2F2002162
:1087C00051F820004AF6AB21CAF6AA21A0FB01010C
:1087D000080914E040F28061C2F2002151F8200043
:1087E0004AF6AB21CAF6AA21A0FB0101880806E0DF
:1087F00040F28061C2F2002151F82000D04043F2E3
:108800001471C2F2002108607047D4D4D4D4D4D4F7
:108810002DE9F0470FF238404EF2FA3840F2806608
:10882000C4F201084AF2015190ED001FC2F2002685
:108830000FF22C40CFF6FF714EF255050231A8F829
:10884000001086ED001F06F12003C4F2010590ED33
:10885000001F41F6004048F20041C0F64E6044F26D
:10886000553286ED041FC1F2D771C1F2DE3207C363
:1088700015F82F0C35F8311C01F00F02A2F1080198
:1088800003292BD8DFE801F002200C164AF6AB21B1
:1088900056F82000CAF6AA21A0FB0101480820E0F2
:1088A0004AF6AB2156F82000CAF6AA21A0FB010126
:1088B000C80816E04AF6AB2156F82000CAF6AA21ED
:1088C000A0FB010108090CE04AF6AB2156F8200094
:1088D000CAF6AA21A0FB0101880802E056F8200090
:1088E000D04043F2147A4EF60044C2F2002AC4F299
:1088F00001040A214EF60147CAF800004FF6506005
:10890000CFF6FF70C4F201072154092085F84D000D
:10891000207818B93878800700F09081207850B915
:1089200001202070C820012100F0EEF900BF00BF37
:1089300020780128FCD10020387020704AF20159BB
:10894000002005F8230C00BF15F8190C0007FBD513
:108950004EF614504FF60211C5F8731040F2415113
:1089600025F8071C002205F80B2C49F20251C5F826
:10897000571040F2514125F8091CCEF20000BFF318
:108980004F8FBFF36F8F03684EF2000123F4003363
:108990000360C0F83C22CEF20101BFF34F8FBFF35A
:1089A0006F8F0A6822F440520A60BFF34F8FBFF303
:1089B0006F8F15F8412C02F0F802013205F8412CB6
:1089C00015F8412CD206FBD40A6842F440520A60E2
:1089D000BFF34F8FBFF36F8F0168890312D4BFF3CA
:1089E0004F8FBFF36F8F0021C0F83C12BFF34F8F42
:1089F000BFF36F8F016841F400310160BFF34F8F07
:108A0000BFF36F8F002005F82B0C00BF00BF00BF25
:108A100015F8190C8006FBD54CF200040020C4F2B6
:108A2000130420702078207820786068C82807D048
:108A3000C820C1F6006000BF60606168C829FBD132
:108A4000A068642808D06420CEF2001000BF00BFE8
:108A5000A060A1686429FBD149F69820C9F6890075
:108A600045F8350C48F6800025F8310C052005F84E
:108A70002F0C15F82F0C35F8311C01F00F02A2F164
:108A8000080103292BD8DFE801F002200C164AF672
:108A9000AB2156F82000CAF6AA21A0FB0101480824
:108AA00020E04AF6AB2156F82000CAF6AA21A0FB26
:108AB0000101C80816E04AF6AB2156F82000CAF6B4
:108AC000AA21A0FB010108090CE04AF6AB2156F8E7
:108AD0002000CAF6AA21A0FB0101880802E056F88E
:108AE0002000D040CAF800001E200121012700F01C
:108AF0000BF960686FF39F20652828BF277015F871
:108B00002F0C35F8311C01F00F02A2F108010329E6
:108B10002BD8DFE801F002200C164AF6AB2156F8FC
:108B20002000CAF6AA21A0FB0101480820E04AF66D
:108B3000AB2156F82000CAF6AA21A0FB0101C80803
:108B400016E04AF6AB2156F82000CAF6AA21A0FB8F
:108B5000010108090CE04AF6AB2156F82000CAF6DC
:108B6000AA21A0FB0101880802E056F82000D040AD
:108B700042F20001CAF80000C4F200010120A1F88D
:108B80000090BFF35F8F08724FF42540BFF35F8FF3
:108B9000088095F8850040F0400085F8850000BF0A
:108BA00095F98500B0F1FF3FFADC052085F87F00DC
:108BB000C92085F8850095F8850000F0BF0085F88C
:108BC000850000BF00BF00BF95F985000028FBD4D9
:108BD000012005F8020CE87F40F04000E87700BF74
:108BE00095F91F00B0F1FF3FFADC0620E875482038
:108BF000E8770820E87700BF95F91F000028FBD42C
:108C0000287840F04000287095F90000B0F1FF3F4F
:108C1000FADC012005F8010CC8202870287800F043
:108C2000BF00287000BF00BF95F900000028FBD4EA
:108C30004FF42540A8F80000BDE8F0874FF47A70A3
:108C400000F016F87AE600BF00BF00BF00BF00BF0B
:108C5000006CDC0200127A000080000000366E0119
:108C6000008000000046C32300CA9A3B00C2EB0B01
:108C70007047D4D4D4D4D4D4B0B542F22404C8209C
:108C8000C4F2200401210025257100F03DF8257073
:108C9000207808B12FF005C0207840F00200207045
:108CA00020788007FCD4002004F8020C00BF00BF2D
:108CB00014F8020C08B12FF005C84FF0030E002085
:108CC00004F11C0100BF00BF11F8102002F07F0268
:108CD00001F8102000BF00BF11F91020002AFBD4BA
:108CE00001300FF00FC8012000F0C2F84EF64C41E1
:108CF0000120C4F2010100220A70BDE8B04000F07A
:108D00008BB8D4D4D4D4D4D443F2147241F2002317
:108D1000C2F20022C0F27A03484312689A420FD38B
:108D200044F23F21C0F20F0111444DF68362C4F2B8
:108D30001B32A1FB0212910CA0FB0101C9B11DE085
:108D40004CF60021C3F69A31B1FBF2F148F6381225
:108D5000C0F24102904205D24FF47A725043B0FB08
:108D6000F1F006E0B0FBF1F0904207D24FF47A71D7
:108D70004843002808BF704700F006B84FF0FF30A6
:108D800000F002B8D4D4D4D401380028FCD1704704
:108D9000F0B581B04CF2201543F27467C4F20005BF
:108DA0000024C2F2002755F8200C296801EA0006C9
:108DB00006E000BF00BF00BF01340437152C09D006
:108DC00026FA04F0C007F7D039680029F4D020460D
:108DD0008847F1E745F8106C28683042FCD101B0B3
:108DE000F0BDD4D4D4D4D4D480B54FF00F0E4CF20F
:108DF00000304CF2EC11C4F20000C0F2002100BFC0
:108E000031F8022B002A18BF026004300FF009C0AD
:108E100080BDD4D4D4D4D4D4EFF31081012282F312
:108E2000108843F20872C2F2002232F8103023B1E7
:108E300032F81030013B22F8103032F8102012B115
:108E400081F3108870474EF2FA324CF2705CC4F233
:108E50000102C0F2002C13883CF8100043F42543B3
:108E600023EA0000108081F310887047D4D4D4D452
:108E700010B5EFF31081012282F3108843F20872DB
:108E8000C2F2002232F8103083B94EF2FA3E4CF2B0
:108E9000705CC4F2010EC0F2002CBEF800403CF839
:108EA0001030234343F42543AEF8003032F810303D
:108EB000013322F8103081F3108810BDD4D4D4D4FB
:108EC00000F00AF8F8F7B4FCFEE7D4D4D4D4D4D434
:108ED00000BE7047D4D4D4D42DE9F04381B04EF60F
:108EE000085840F20120CEF20008C0F20E004EF207
:108EF0000004C8F80C00CEF20104BFF34F8FBFF39B
:108F00006F8F58F8081CC1F3035001285FEA1F92C5
:108F100011F00F0F5FEA0F911142216811D1022861
:108F20000FD241F0040020604EF20800BFF34F8FD3
:108F3000CEF20000BFF36F8F016841F48031016011
:108F400002E021F004002060BFF34F8FBFF36F8F6A
:108F50004FF4700040F20001C8F880000020C0F219
:108F60000021C8F800100025F8F722FCFFF750FC9C
:108F70004EF2FA304EF6B022C4F20100C4F2010201
:108F80004AF20251018015704FF425410180012001
:108F9000F8F70EFC40F28020C2F2002080F30A882D
:108FA0002068800724D5D8F80000B0F1007F1FD1D9
:108FB00020694FF40071C0F3C300626901FA00F345
:108FC000C2F3C30081400020DA08CB0801460746FF
:108FD00042F007C000BF00BFE7E802010FF005C084
:108FE0004FF0005243F005C0E2E802010FF005C067
:108FF0004CF24434C0F20024276897B160683E46C2
:10900000051D05E000BF00BF013E05F10C0508D0BD
:1090100068790028F8D155E90101091A00F030FA01
:10902000F2E7D4F80890B9F1000F13D0E0684E468B
:1090300000F1080504E000BF013E05F1100509D06C
:1090400068790028F8D155E902022968121A00F05F
:109050001BFAF1E7FFF784FBFFF70EFE0320FFF793
:1090600007FF4FF00E0E40F63050C4F240000021D2
:1090700020F8041B0FF005C00320FFF7CDFE0320EE
:10908000FFF7F6FE44F204000021C4F22000016064
:1090900041608160C1600320FFF7BEFE0220F8F747
:1090A00087FB9FB160684FF48076051D04E000BF28
:1090B000013F05F10C0509D06879B6EB002FF7D117
:1090C00055E90101091A00F0DBF9F1E7B9F1000FE8
:1090D00016D0E0684FF4807500F1080405E000BF89
:1090E000B9F1010904F110040AD06079B5EB002F41
:1090F000F6D154E902022168121A00F0C5F9EFE72F
:1091000043F21C74C2F20024204600F0AEFA20465E
:1091100000F0C3FABFF34F8FBFF36F8F0020C8F882
:1091200048024CF610104CF61411C0F20020C0F2A8
:109130000021BFF34F8F081ABFF36F8F8410012CEB
:109140000BDB4CF61015C0F2002500BF00BF00BFBE
:1091500055F8040B8047013CFAD1FFF745FE00208B
:1091600001B0BDE8F04300F003B8D4D4D4D4D4D4D3
:109170007047D4D440B584B002AE009600F004F835
:10918000029A039B04B040BDB0B584B00D4602A95D
:1091900080EAE57000911C4682EAE37285EAE57197
:1091A000B0EBE57061EBE57183EAE373B2EBE47277
:1091B00063EBE47300F017F8DDE90223DDF820C06B
:1091C00083EAE57382EAE572B2EBE57263EBE5737D
:1091D000CCE90023E21782EAE57250405140801A40
:1091E000914104B0B0BD2DE9F04F099D844681B195
:1091F000C2B14BB3B1FA81F7B3FA83F6F71B202F54
:109200004FD3002D18BFC5E900C100200021BDE8E3
:10921000F08FCBB30021002D64D00020C5E900C140
:10922000BDE8F08F002B60D0002861D05F1E3B426C
:1092300000F08580B1FA81F7B3FA83F6F71B1F2F90
:10924000DFD207F1010C3CE0571E3A425DD0B1FA83
:1092500081F7B2FA82F6F71B07F1210CBCF1200F5F
:1092600024D0BCF11F0F79D8CCF1200620FA0CF7DE
:1092700021FA0CF901FA06F5B0403D434FF0000A1F
:10928000BCF1010F2CD07CE0B0FBF2FC002D1EBF26
:109290000CFB12000021C5E9000100216046BDE879
:1092A000F08F07F1010CBCF1200F0AD14FF000093B
:1092B0004FF0200C0D464FF0000ABCF1010F0FD00B
:1092C0005FE0C7F11F0720FA0CF621FA0CF901FA4A
:1092D00007F5B84035434FF0000ABCF1010F50D1FB
:1092E00000248FE00020BDE8F08F6046BDE8F08FDD
:1092F000B1FBF3FC002D1EBF0CFB13100021C5E9D0
:10930000001000216046BDE8F08F002D1EBF002335
:109310000740C5E90073012A0ED092FAA2F24F006D
:10932000B2FA82F202F01F03D140D8401F239343C8
:1093300007FA03F343EA000C6046BDE8F08F002D06
:109340001CBF07EA0100C5E900C093FAA3F0B0FA18
:1093500080F021FA00F00021BDE8F08FACF1200789
:10936000CCF140044FF0000920FA07F601FA04F5A9
:109370002E4300FA04FA21FA07F53046BCF1010F3A
:10938000AED02CF001070126023F4FF0000B06EB98
:10939000570E4FEA490444EAD5746D0045EAD0758A
:1093A0004000E743E943891843EB0708AF1A64EB31
:1093B0000306B8F1000F56EA448457EA4585640075
:1093C00044EAD5746D0045EAD07540EADA70AE1A09
:1093D0006FEA050164EB030789184FEA40006FEA62
:1093E0000401594157EA448956EA4585CC0F4BEAB6
:1093F0004A010027A34640EAD170490041EAD87AE1
:109400000FF039C85FEACC711ED06F004FEA4901F6
:1094100047EAD07741EAD571B7EB020C4FEA40003A
:1094200061EB030EFD4352196FEA010653EB06028E
:1094300040EADA705EEA41895CEA4785D10F44EA86
:109440004A0200270C4692464FEADA7141EA400090
:1094500009994FEA4A02002918BFC1E9005940EAB8
:10946000070122F001002043BDE8F08F40B584B031
:1094700002AE0096FFF7B7FE029A039B04B040BD10
:109480000A46002100F076B8844641EA000313F052
:10949000030349D1403A23D30B6803604B68436010
:1094A0008B688360CB68C3600B6903614B69436160
:1094B0008B698361CB69C3610B6A03624B6A436248
:1094C0008B6A8362CB6AC3620B6B03634B6B436330
:1094D0008B6B8363CB6BC36340304031403ADBD24C
:1094E00030320BD30B6803604B6843608B6883603A
:1094F000CB68C36010301031103AF3D20C3205D370
:1095000051F8043B40F8043B043AF9D2043208D045
:10951000D2071CBF11F8013B00F8013B01D30B88B7
:1095200003806046704700BF082A13D38B07B1D071
:1095300010F00303AED0C3F10403D21ADB071CBF43
:1095400011F8013B00F8013BA4D331F8023B20F8AD
:10955000023B9FE7043AD9D3013A11F8013B00F8E6
:10956000013BF9D20B7803704B7843708B78837092
:109570006046704770B4840746D0541E002A41D01C
:10958000CDB2034602E0621EE4B3144603F8015B69
:109590009A07F8D1032C2ED9CDB245EA05250F2C18
:1095A00045EA054519D9264603F11002103E0F2E53
:1095B00042F8105C42F80C5C42F8085C42F8045C2B
:1095C00002F11002F2D8A4F1100222F00F0204F00E
:1095D0000F041032032C13440DD91E462246121FCD
:1095E000032A46F8045BFAD8221F22F00302121D58
:1095F000134404F003042CB1C9B21C4403F8011B4A
:10960000A342FBD170BC704714460346C2E720F06A
:10961000030110F00300C0F1000051F8043B00F119
:10962000040C4FEACC0C6FF000021CBF22FA0CF2C3
:1096300013434FF0010C4CEA0C2C4CEA0C4CA3EBFE
:109640000C0222EA030212EACC1204BF51F8043BD6
:10965000001DF4D0C2F1000102EA0102B2FA82F266
:10966000C2F11F0200EBD200704710B540F2EA21B0
:1096700040F20002C0F20021C0F200020446FFF7EF
:1096800003FF40F2000040F20001C0F20000C0F20F
:1096900000012044FFF7F4FE10BD40F20801C0F2C3
:1096A0000001401A43F21871C2F2002108607047AD
:1096B00083B080B581B0844603A80EC04BF6A85095
:1096C000C0F20020006803AA6146009200F028F86A
:1096D00001B0BDE8804003B0704770B505464BF659
:1096E000A850C0F200200468A078800714D56668EE
:1096F000287828B12146B04701350028F8D507E081
:109700000A202146B047B0F1FF3FC4BF002070BD22
:10971000A07840F00400A0704FF0FF3070BDD4D4AA
:109720002DE9F04F99B0814680781892800740F17A
:10973000B58518980027D9F804808A46179011A893
:10974000821D0C92421E053010920E900D915146D2
:1097500011F8010B252803D08A4638B900F0A0BDC6
:109760009AF801500AF1020A252D06D14946C04750
:1097700001370028EBD500F08BBD002200244FF00C
:10978000000C4FF0000B04E01AF8015B002D00F014
:109790002D811FFA8BF61F2E20D8A5F1200010284E
:1097A0001ED8DFE810F015001D001D0018001D0078
:1097B0001D001D0014001D001D001D0011001D00D6
:1097C000CC001D001D00C9004BF0020B00E0DBE7E0
:1097D0004BF0040BD8E74BF0100BD5E77F2E0DD8DC
:1097E000A5F13000092840D8402E80F0A0800CEB75
:1097F0008C014BF0200B00EB410CC5E7A5F14C00B0
:109800002E2800F2F480DFE810F08F00F200F20062
:10981000F200F200F200F200F200F200F200F200B8
:10982000F200F200F200F200F200F200F200F200A8
:10983000F200F200F200F200F200F200F200F20098
:10984000F200A400F2008F00F2009D00F200F2008E
:10985000F200F200F200F200F2002F00F200F2003B
:10986000F200F200F2002F008EE7A5F12400562846
:1098700000F2BD80DFE810F08600BB00BB00BB003B
:10988000BB00BB007400BB00BB00BB00A400BB005E
:10989000BB00BB00BB00BB00BB00BB00BB00BB00F0
:1098A000BB00BB00BB00BB00BB00BB00BB00BB00E0
:1098B000BB00BB00BB00BB00BB00BB00BB00BB00D0
:1098C000BB00BB00BB00BB005800BB00BB00BB0023
:1098D000BB00BB00BB00BB00BB00BB00BB00BB00B0
:1098E000BB00BB00BB00BB00BB00BB00BB00BB00A0
:1098F000BB00BB00BB00BB00BB00BB00BB00BB0090
:109900006D00BB005800BB006600BB00BB00BB0085
:10991000BB00BB00BB00BB005700BB00BB00BB00D3
:10992000BB00BB0057002FE74BF4207B2CE704EB78
:10993000840100EB410427E74BF0010B24E74BF0D7
:10994000080B21E70BF080004BEA800040F0800B11
:109950001AE70BF480704BEA400040F4807B13E779
:10996000002A7FF411AF17983F2E00F104011791E0
:10997000006832D8B0F1FF3F32DD4BF0200B0022FF
:10998000844601E712B31898402E179017A90D9836
:109990006546CDF83C90C14690465CEA348200F0C2
:1099A00083FC1798402E4246C84600F104011791E7
:1099B0000068DDF83C9050EA358C54EA3084E3E6E8
:1099C0003F2E00F26D844BF0400BDDE66246002432
:1099D0004FF0000C4FF0000BD6E600220446D3E611
:1099E0004BF0280BC0F1000C0022CDE60025CDF88D
:1099F0003CC03AB1189817A917900D9800F054FC84
:109A0000DDF83CC0002C24EAE47E45F0200048BF8D
:109A10002BF0400B61281CBFA0F16501022925D85D
:109A20001799612801F1070121F0070101F10802EE
:109A30001792A0EB050291ED000B0A9244D15FEA68
:109A40004B6058BF4FF0FF3E11A8D2B27146764628
:109A500000F0C8FD451C4BF4C05B4FF0700C4FF09C
:109A6000010EE8B28642D8BF461E5CE0A5F1630154
:109A7000122900F20A8108230026DFE811F03501DF
:109A80001300060106010601060113000601060186
:109A900006010601060161015D01060106010D01D5
:109AA00006012E011FFA8BF15FEA0B6000F10C81B9
:109AB0001798021D17920068CA0540F10C818905AC
:109AC00054BF00B240B206E15FEA4B6158BF4FF0AD
:109AD000060E662809D065280FD14BF4805B7646C8
:109AE0000EF101010023652411E04BF4005B01221B
:109AF00066241121764673460AE05FEA0E61A0F102
:109B00000204714676464FF0000308BF012100228F
:109B100011A8C9B2112928BF112100F093FF0546F1
:109B20004FF0020EA446119B9DF84800A3F10A01D4
:109B300011F1130F38BF4FF0020EA3F16401089129
:109B400011F1C70F38BF4FF0030E0F9CC1074FD163
:109B50005FEA8B716FD41FFA8BF1202202EAC102F7
:109B600011F0040F5FEA1F9110F00C0F45D11BF4A8
:109B7000405F0493CDE9062140F02B82012E4FF087
:109B8000010056EA80801FFA8BF12A0600F06D81F1
:109B90000E9BEAB2134413F8013C302B40F00682CE
:109BA0006B1E1A0621D02E460E9DDAB2154415F80A
:109BB000015C302D40F0F981B31E1A0615D00E9DC0
:109BC000DAB2154415F8015C302D40F0EE81F31E39
:109BD0001A060AD00E9DDAB2154415F8015C302D34
:109BE00040F0E381351F2A06D2D100250022DDE1B5
:109BF0002D22002110F00C0FB9D000294FF00300E6
:109C000050EA1090844212DD0A9E0D465FEA0B7105
:109C100017D4041B934620204946C047002800F172
:109C2000378301370134F6D300245A460AE0002472
:109C30000A9E49B10FE02B22002110F00C0FDCD15D
:109C400095E7241A294631B910464946C0470028ED
:109C500000F11E8301379DF848004BF6E041C0F249
:109C6000002100074BF64020C0F2002050EA518549
:109C70002878002800F0F982801B4946C0B2C0470E
:109C8000013701350028F3D502E3782840F09880A9
:109C9000C5F188032E4653E01798011D17910068FF
:109CA0004BF65C51C0F20021002851EA00855FEAC2
:109CB0004B6058BF4FF0FF3E2846714600F06AFEE9
:109CC000DDF83CC0064617E01798890500F186804C
:109CD000011D17910068C11788E04FF6EF700BEA7D
:109CE000000B0A2375262BE01798012611AD011DE4
:109CF000179100688DF844005FEA0B700ED4B445EC
:109D00000CD9202049466446C047002800F1C08293
:109D1000A4F1010C0137B445F3D8B4463744ACEB99
:109D20000604002E00F0A18215F8010B4946C04739
:109D3000013E0028F5D5ABE24BF0100B102378263E
:109D40004FF6F9700BEA00025FEA0B600B960AD43B
:109D50001798011D17910668D1050AD5900554BFC3
:109D6000B6B2F6B205E0179891050AD4011D179115
:109D70000668002156EA010008BF2BF0160278D1D0
:109D80000FE00730154620F007000246416852F800
:109D9000086B17922A4656EA010008BF2BF01602FC
:109DA00067D100265FEA4B6062D50021012C60DAA2
:109DB0004FF6E9700BEA00010B9D480637D467E0C7
:109DC00025204946C047002800F1628228464946BE
:109DD000C047023700287FF5BAAC59E2073020F0BF
:109DE00007010A46496852F8080B179200295A469B
:109DF000CDF82CE048BF42F4806250EA010322D043
:109E000080EAE17081EAE173B0EBE17063EBE1714C
:109E100011AC22F010060A23224600F06DFB3146F9
:109E2000061BDDF83CC0DDF82CE0480630D54FF6C7
:109E3000FE70764500EA01002BDA002D08BF21F004
:109E40001100714626E05FEA4B604FF0000040F1E0
:109E50009E810021012CDBDA4FF6EE70DDF83CC06C
:109E600000EA0B00DDF82CE014E0002500229EE063
:109E7000002111AC304616467546224600F03CFBE8
:109E80003146AE46DDF83CC0061B0B9D4806CED4DD
:109E9000084631461FFA80FBC0060AD440F206404D
:109EA0001BEA000F5FEA0F9044185FEA0B7009D5B8
:109EB00026E0002D4FF0010050EA009044185FEAC0
:109EC0000B701DD45FEACB7008D0B646644505DA46
:109ED00006EB0C00A0EB040E644611E064450FDABB
:109EE000CDF82CE020204946C047002800F1D08161
:109EF0000F9801340137A042F4D1DDF82CE004467C
:109F00005FEACB601BD440F206401BEA000F26D06C
:109F10005FEA8B7075464FF02B0058BF20205FEA38
:109F20004B51494648BF2D20C047002800F1B08161
:109F30000137AE46F3467546B64514DC1CE03020CA
:109F40004946F346C047002800F1A28135B32846B0
:109F50004946C047002800F19B810237DE46F346A0
:109F60007546B64508DD30204946C047002800F157
:109F70008F81013DB542F6DC0F985E45A0EB0404ED
:109F800056EACB800744002E00F06F8110984946B6
:109F9000805DC047013E0028F5D579E10137DE46F6
:109FA000F3467546B645DEDCE6E71D46049BC9066A
:109FB00052EA508113F1040F08DB834206DA4BF4B6
:109FC000005B8B4204DAD8430E1802E04E1E00E01C
:109FD0000026A3F57A711FFA8BF4099424055FEA31
:109FE0008B400395CDE9011C05940CD411F5FA6F53
:109FF00070464FF0050198BF0420002C58BF032184
:10A0000001EB000C03E023EAE37000F1010CDDF842
:10A0100024B0002E079A4FF000050B96CBF30011E9
:10A0200082F0010251EA06900F9983186344CB1A1B
:10A0300053EAC5841BF0090F11D10A9E84B1604414
:10A0400075461044441A20204946C047002800F1B4
:10A050001F8101370134F6D30024AE4600E00A9E8A
:10A060000798CDF800E00028069805D14946C0477A
:10A07000002800F10D810137059800280ED5302009
:10A080004946C047002800F10381C6F178004946DF
:10A09000C0B2C047002800F1FB80023709980007D2
:10A0A0000AD44CB1274430204946C047002800F16B
:10A0B000EF80013CF7D100240998800427D49DF853
:10A0C00049004946C047002800F1E2800B9801286A
:10A0D00057DB2E204946C047002800F1D9800B9855
:10A0E000384400F1020B0398C5B20020471CAF4270
:10A0F00002D20C99085C00E030204946C047002895
:10A1000000F1C6800B98B8423846EFD148E0049879
:10A1100020EAE076851B0B98C0F1000B0398C0B2D3
:10A120000F90701C06D12E204946C047002800F130
:10A13000AF8001373020002D04D40F998D42BCBF71
:10A140000E98405D49465E4506DDC0470135013742
:10A15000013E0028E5D59BE0C047002800F198802B
:10A160000999781CC90640F19180002E40F08C803E
:10A170002E204946C047B0F1FF3F40F389800237A7
:10A1800073E00998C00604D407F1010B08E0002130
:10A190003EE62E204946C047002879D407F1020B3D
:10A1A00002984946801BC0B2C047002870D4049E64
:10A1B0002B204946002E48BF2D20C047002E48BF07
:10A1C0007642002864D4019810F5FA6F15D844F649
:10A1D000D3504946C1F26200A6FB0005302000EBD7
:10A1E0009510C0B2C047002852D4A8094FF47A7124
:10A1F00000FB11620BF1030506E008980BF1020564
:10A20000324610F1C80F3BD848F21F504946C5F2FC
:10A21000EB101746A2FB0006302000EB5610C0B230
:10A22000C047002834D47009642100FB1172013545
:10A230004CF6CD404946CCF6CC401746A2FB000672
:10A24000302000EBD600C0B2C047002820D4F00870
:10A25000013500EB8000A7EB400202F130004946D7
:10A26000C0B2C047002813D46F1C012CFFF66FAAA0
:10A2700020204946C0470137013C0028F5D507E0BA
:10A2800000980228D4D2E8E70746EEE70746ECE755
:10A2900099F8020040F0040089F802004FF0FF37FF
:10A2A000384619B0BDE8F08F022AB8BF70472DE9D3
:10A2B000F04F42F689084FF0010CC0F20108044645
:10A2C0004FF0010E03E05F789C1C252F29D1234617
:10A2D00013F8015B252D01D025B90AE16778A31C8D
:10A2E000252F1DD11C4614F8015B252D01D025B961
:10A2F000FFE05F789C1C252F13D1234613F8015BE8
:10A30000252D01D025B9F4E06778A31C252F07D1AE
:10A310001C4614F8015B252DD5D0002DD7D1E8E0DF
:10A320001C464FF0000A4FF00009002604E014F824
:10A33000017B002F00F0A980B346BAF11F0F0AD8A5
:10A34000A7F12005102D09D80CFA05F515EA080F1C
:10A3500040F07C8002E0BAF17F0F0AD8A7F1300507
:10A36000092D3ED80BEB8B034AF0200A05EB430680
:10A37000DDE7A7F14C052E2D00F288805E46DFE870
:10A3800015F0670085008500850085008500850043
:10A390008500850085008500850085008500850095
:10A3A0008500850085008500850085008500850085
:10A3B00085008500850085008500770085006700A1
:10A3C000850070008500850085008500850085007A
:10A3D00085002F00850085008500850085002F0001
:10A3E000A5E7A7F12405562D00F250800026DFE8EE
:10A3F00005F0334D4D4D4D4D324D4D4D324D4D4D82
:10A400004D4D4D4D4D4D4D4D4D4D4D4D4D4D4D4D7C
:10A410004D4D4D4D4D4D4D4D4D4D2F4D4D4D4D4D8A
:10A420004D4D4D4D4D4D4D4D4D4D4D4D4D4D4D4D5C
:10A430004D4D4D4D4D4D3F4D2F4D384D4D4D4D4D8D
:10A440004D4D2C4D4D4D4D4D2C00FFE75E466EE7BA
:10A450004AF4207AFAE76AE7B9F1000F0FD1D9463A
:10A4600065E70AF080034AEA830343F0800AEDE7D8
:10A470000AF480734AEA430343F4807AE6E7F3453B
:10A480007FF455AF6327F14600E00027B9F1000FD4
:10A490002FD0F14524D147F02003612B1CBF653B31
:10A4A000022B05D80B68073323F00703083313E0AA
:10A4B000A7F16303102B0AD8DFE803F00C090909A0
:10A4C0000909090909090909090909090C005FEACB
:10A4D0000A6309D40B6804330EF1010E04460B60C5
:10A4E0009645FFF6F4AE04E00B685FEA8A54DAD4CE
:10A4F000F1E7BDE8F04F70472DE9F04703F01F0684
:10A50000984691468A4605462846514632460023DB
:10A51000FEF7ACFF044600FB16500F46A0EB080107
:10A52000092888BF01F13700303089F80000A81BE6
:10A530007AF1000049D32046394632460023FEF71F
:10A5400095FF054600FB16408A46A0EB0801092846
:10A5500088BF01F13700303089F80100A01B77F186
:10A56000000036D32846514632460023FEF77EFFD0
:10A57000044600FB16500F46A0EB0801092888BFCF
:10A5800001F13700303089F80200A81B7AF1000091
:10A5900023D32046394632460023FEF767FF05469F
:10A5A00000FB16408A46A0EB0801092888BF01F18C
:10A5B0003700303089F8030009F10409A01B77F156
:10A5C0000000A1D24846BDE8F08709F10100BDE8CE
:10A5D000F08709F10200BDE8F08709F10309484658
:10A5E000BDE8F0872DE9F04F85B05AEC103B4FEAFB
:10A5F000DA77CAF30A566FF31F5A077153EA0A044F
:10A6000008BF002E0ED040F2FF75AE423CD10421AF
:10A61000002C18BF0821394401710021084605B0FB
:10A62000BDE8F08F002700234FF0000A00290760E3
:10A6300037D40D2937D3190F00F1050B41EA0A1160
:10A640000491190E4FEA1A5441EA0A210391190D97
:10A650004FEA1A4641EA0A310291190C4FEA1A38B8
:10A6600041EA0A410191190B41EA0A5C190A41EADF
:10A670000A6E190941EA0A794FEA1A1103F00F0329
:10A680004FEA1A27009180E04FF60247002ECFF6DE
:10A69000FF771CBFA6F2FF370AF5801A0029076072
:10A6A000C7D5002146E03326A6EB8105C5F120067B
:10A6B00013274FF0020CA7EB81072CFA06F40126B2
:10A6C0004FF0000E002F58BF0CFA07F458BF06FADF
:10A6D00007FE06FA05F60CFA05F558BF002658BF26
:10A6E0000025D5F100094FF0000868EB040C013D8E
:10A6F00064F100041D4004EA0A04751B7EEB0404A7
:10A7000011D38C00C4F13405D4F1140423FA05F7F5
:10A71000C5F120050AFA05F545EA070558BF2AFAEA
:10A7200004F5EC0702D09B194AEB0E0A03EA090371
:10A730000AEA0C0A1F0947EA0A791F0F1D0B47EAAC
:10A740000A1704971F0E45EA0A5C47EA0A2703978F
:10A750001F0D1D0A47EA0A3702971F0C45EA0A6EC9
:10A7600047EA0A4700F1050B13F00F0301974FEA80
:10A770001A174FEA1A544FEA1A464FEA1A384FEAA4
:10A780001A25009700F0B4802F46991A092B88BF2C
:10A7900001F1270303F13001817409F00F030D214A
:10A7A0009D1A092B88BF05F127030C2903F13003FB
:10A7B000437498BF0C210EF00F039D1A092B88BF1C
:10A7C00005F127030B2903F13003037498BF0B2114
:10A7D0000CF00F039D1A092B88BF05F127030A29E6
:10A7E00003F13003C37398BF0A21019B3D4603F078
:10A7F0000F039F1A092B88BF07F12703092903F1CB
:10A800003003837398BF0921029B03F00F039F1A43
:10A81000092B88BF07F12703082903F1300343738D
:10A8200098BF0821039B03F00F039F1A092B88BFD1
:10A8300007F12703072903F13003037398BF0721AA
:10A84000049B03F00F039F1A092B88BF07F127030E
:10A85000062903F13003C37298BF06210AF00F03E3
:10A860009F1A092B88BF07F12703052903F130033D
:10A87000837298BF0521009B03F00F039F1A092BD9
:10A8800088BF07F12703042903F13003437298BFFF
:10A89000042105F00F039F1A092B88BF07F1270336
:10A8A000032903F13003037298BF032108F00F035B
:10A8B0009F1A092B88BF07F12703022903F13003F0
:10A8C000C37106F00F0398BF02219A1A092B88BFA3
:10A8D00002F1270303F130028271012998BF01219F
:10A8E00004F130008BF80000084605B0BDE8F08F99
:10A8F00019F00F0348D10C2946D21EF00F0345D1A1
:10A900000B2943D21CF00F0342D10A2940D2019BEC
:10A9100013F00F037FF46DAF0929BFF46AAF029BF8
:10A9200013F00F037FF473AF0829BFF470AF039BDC
:10A9300013F00F037FF479AF0729BFF476AF049BC0
:10A9400013F00F037FF47FAF0629BFF47CAF1AF03A
:10A950000F037FF485AF0529BFF482AF17F00F0313
:10A960008CD104298AD215F00F0394D1032992D2F5
:10A9700018F00F039CD102299AD206F00F0353EA74
:10A980000107A2D10021ABE72F4609E72F4614E7C4
:10A990002F461FE7844639B370B500EB010C4B1E00
:10A9A000A1F1020ECC1E0022855C85B1934219D024
:10A9B00085186E7876B1964514D0AE786EB1944213
:10A9C00010D0EE7866B104329142EDD10AE000EB8E
:10A9D000020C07E005F1010C04E005F1020C01E0B6
:10A9E00005F1030CBDE87040ACEB00007047B0B55A
:10A9F00088B00C464AF63521C0F2002100250191AD
:10AA00004FF4003100910119CDE90655002C049056
:10AA1000CDE9025518BF481E48BF002005901146D9
:10AA200068461A46FEF77CFE002C1CBF04990D7088
:10AA300008B0B0BDD1E904239A421EBF531C0B617C
:10AA4000107070472DE9F04FA1B056EC108BB24654
:10AA5000C6F30A546FF31F5AF50F58EA0A0708BFE6
:10AA6000002C0ED040F2FF76B44215D10821002F01
:10AA700008BF0421002429440171204621B0BDE80B
:10AA8000F08FA91C01713021012441710021016066
:10AA9000204621B0BDE8F08FA4F23549002CCDE965
:10AAA000062308F001060495CDE9081006BF4FF60D
:10AAB000CC39CFF6FF790AF5801A4FEA8A0242EACA
:10AAC0009870002F15905FEA0F90022C5FEA2F918B
:10AAD000B9F1000F40EA01074FEA8800149005968B
:10AAE000139749D4484600F021FD0546B9F1030FFC
:10AAF00088BF013D284600F027FD0DF1580B0446A4
:10AB00002846594600F00BFE1AA81CA95A4602977F
:10AB1000CDE90010A5EB09002044514600F17C036B
:10AB20004046AB4600F031FC8246152D5FD8149F9D
:10AB30004CF6CD46159D1EA8CCF6CC460C46009092
:10AB40003846294632464FF0CC3300F072FEDDE93C
:10AB50001E01820842EA817120F00300084440424D
:10AB6000F8426AD13846294600F0F7FC58455FEABA
:10AB70003F901290002087E0C9F1000B584600F08A
:10AB8000DCFC044619F1010018BF013CABEB040BDF
:10AB9000584600F0D9FC16A9054658468B4600F0E9
:10ABA0003BFD1AA81CA95A460297CDE90010601B6C
:10ABB00000F17D034046514600F0E7FB04EB090B32
:10ABC0008246012C1BD8089B002E069D4CF6CD46D4
:10ABD000CCF6CC4608D0DDE91C0201381C9062F1AD
:10ABE00000001D90002013900120129050E04CF6C0
:10ABF000CD460020CDE91200CCF6CC4646E0089BBD
:10AC00004CF6CD46069DCCF6CC463E2C25D84FF0D2
:10AC1000FF30B4F1200200FA04F758BF0027149C5B
:10AC200058BF9040159A24EA070722EA00003843EB
:10AC30005FEA1F901290002011E0059888B91398E0
:10AC4000C043C01965F1000100F087FC58455FEA78
:10AC50003F9013900020129017E000201290139064
:10AC600016E047F00200294600F077FCDDE91C12EF
:10AC70004B1E62F10005584553EA21801C9055EAAD
:10AC800022801D900020129013902146089B069D63
:10AC9000002D0C934AD0BAF10A0071F1000001D2E4
:10ACA000012037E000274FF00A0C02204FF0640922
:10ACB0004FF47A7842F2107E0A22A2FB0C4507EB91
:10ACC000870305EB4303BAEB040471EB030320D3C2
:10ACD000A2FB093407FB0944BAEB030371EB04033D
:10ACE00014D3A2FB083407FB0844BAEB030371EB4F
:10ACF00004030DD3A2FB0E23043007FB0E37BAEB7F
:10AD0000020371EB0703D8D2013802E0013000E002
:10AD10000230089B079A0BEB02073844B0EBD27F56
:10AD2000B8BFD00F834253EAB0800C90CDF80CB07E
:10AD30000DF1680B1D9C16AD9BE8000B00201591D2
:10AD4000149011900B902FE01599504632464FF019
:10AD5000CC3316AD4FEADB04009500F06AFD149881
:10AD6000BB46129910F0FF0FDDE916235FEA1F9032
:10AD7000014008EB88001291404210994942B1EB22
:10AD8000400F13995FEA1F9001401391D00840EAE9
:10AD9000437101EB8000AAEB4000149011988A46A1
:10ADA00001301190D80815905846214632464FF090
:10ADB000CC330095CDF834B00E9400F03AFD404607
:10ADC000494632464FF0CC33DDE9164B0095CDE9CC
:10ADD0000F9800F02EFDDDE91601E20842EA4B77FC
:10ADE0004FEAD109C00840EA4178B8EB070079EB97
:10ADF000DB00A9D31599BAF10A0071F1000001D264
:10AE000001203BE00A9700250A2202204FF00A0C9D
:10AE100064274FF47A7EA2FB0C3605EB850406EB23
:10AE20004406BAEB030371EB060322D3A2FB0736F9
:10AE300005FB0766BAEB030371EB060316D3A2FB0F
:10AE40000E3605FB0E66BAEB030371EB06030FD358
:10AE500042F210740430A2FB042305FB0435BAEB64
:10AE6000020371EB0503D6D2013802E0013000E0A5
:10AE700002300A9F4CF6CD46CCF6CC460C9A4AEAF4
:10AE8000010313435FEA1F93904203DD13B90120CE
:10AE90000B905AE71398C00771D0DDF84080324616
:10AEA0000F994FF0CC3316AD0095404600F0C1FC31
:10AEB000DDE91610C8F10003DDF848B0CA0842EA1F
:10AEC000407404EB82025242B3EB420F5FD1C208DE
:10AED000DDF84490DDF850C0DDE90D0190463246C2
:10AEE0004FF0CC33CDF850C0009500F0A2FC15997E
:10AEF000324616984FF0CC3312905046179F00956B
:10AF000000F097FC4CF6CD4216A800902046414632
:10AF1000CCF6CC424FF0CC33DDE91665CDF83C8061
:10AF200000F087FCF10841EA457E14980EEB8101A0
:10AF3000A046ED0810F0FF0FAAEB410C5FEA1F904E
:10AF4000DDE916120BEA000B12984CF6CD4615956A
:10AF5000CB0843EA4274C00804EB830340EA47701D
:10AF60005B4209F1010916ADF908C8F10007CCF6FA
:10AF7000CC46D208F246B7EB430FAFD00CE00DF150
:10AF8000400BD646DDF850C09BE8000B04E0D646E7
:10AF9000DDF84490DDF850C0159A8EEA08010F984C
:10AFA0001346424011430B9A5FEA0F911143CA07BF
:10AFB000059900295FEA1F91002A04BF139A11EA3C
:10AFC00002010ED05FFA8CF105295FEA0F92042985
:10AFD00062EA0B025FEA9F9142EA0E0202EA010C6A
:10AFE00001E04FF0010C039809EB00051EEB0C008B
:10AFF00043F10001B0F10A0271F1000201D2012314
:10B0000038E0AE4600264FF00A0802234FF0640BEA
:10B010004FF47A7A42F210790A25A5FB087206EB02
:10B02000860402EB4402C41B71EB02021DD3A5FB94
:10B030000B2406FB0B44821A71EB040212D3A5FB0E
:10B040000A2406FB0A44821A71EB04020CD3A5FB06
:10B050000952043306FB0926421B71EB0602DCD2BF
:10B06000013B02E0013300E002334CF6CD46754669
:10B07000CCF6CC460C9A93425FEADC82012A079A0E
:10B080003AD1069F4FB12A441A44012AD8BF01225F
:10B09000089F974257EAB2820C920C9A93422BDD9A
:10B0A00005304CF6CD4741F10001CCF6CC474008C5
:10B0B000013B40EAC170013510EB51024FEA5101EA
:10B0C00042F10002A2FB077626F0030707EB960782
:10B0D0004FF0CC36D21B821A4CF6CD40CCF6CC4089
:10B0E00061F10001A2FB000702FB06724CF6CD469F
:10B0F000CCF6CC4601FB06210C9A934253EAB2826D
:10B100002BB214B22344A3F10108012CC0F2348104
:10B1100002F00303099ACDF84880042C02F10509D6
:10B120001193149402D24FF0000AA9E0E31A2244CA
:10B13000149C02F104084FF0000A139364220023C8
:10B1400083460F46FEF792F9420800F0010042EAFA
:10B15000C17212EB510141F10001A1FB062323F062
:10B16000030202EB93020023891A4FF47A7240EA39
:10B170004100394640F0300015905846FEF776F908
:10B1800042084CF6CD4642EAC172CCF6CC4612EBF0
:10B19000510100F0010041F100024FEA5B0141EA78
:10B1A000C77111EB570343F10003A3FB066525F0BC
:10B1B000030606EB95069B1B6FF00206CB1A4CF6B6
:10B1C000CD41CCF6CC41A3FB011C01EB8105ABEBDF
:10B1D000450545F0300508F804598AEA0605159E2C
:10B1E000254409F805604CF6CD46CCF6CC46A2FBCA
:10B1F000065626F0030505EB9606A2EB06024CF672
:10B20000CD46CCF6CC4640EA42006FF0030282EA1B
:10B210000A0240F03000224409F802004FF0CC301E
:10B220004FEA570203FB00C062F1000202FB060076
:10B230004A0801F0010142EAC07212EB500040F1ED
:10B240000000A0FB062323F0030202EB930200237D
:10B25000801A42F2107241EA40006FF0010181EA67
:10B260000A0140F03000214409F8010058463946EF
:10B27000FEF7FCF80AF1040A139A52457FF45EAF18
:10B28000DDF844E0DDF84880149CBEF1000F73D077
:10B2900042084CF6CD4742EAC172CCF6CC4712EBDD
:10B2A00051036FEA0A0543F100032544A3FB077627
:10B2B00026F0030707EB96074E08DB1BD31A4CF664
:10B2C000CD42CCF6CC4266F1000CA3FB0227BEF1C6
:10B2D000010F02EB8206A0EB460646F0300609F8A5
:10B2E000056049D04FF0CC364CF6CD4503FB0673D4
:10B2F0004CF6CD47CCF6CC47CCF6CC450CFB07330F
:10B30000570802F0010247EAC37717EB53034CF6E4
:10B31000CD4743F10003CCF6CC47BEF1020FA3FBAF
:10B32000077626F0030707EB9607A3EB070342EA2D
:10B330004302A4EB0A0303EB090642F0300206F8CD
:10B34000022C19D064220023FEF790F8420800F086
:10B35000010042EAC17212EB510141F10001A1FB6F
:10B36000052323F0030202EB9302891A40EA41000D
:10B3700040F0300006F8030C099804990171C0F8F8
:10B380000080204621B0BDE8F08F2DE9F04F8BB052
:10B39000490041EAD07405931646D2E900234500DE
:10B3A0002846214608AF009700F043FAD6E9022369
:10B3B000834606A88946009028462146DDE9087A9A
:10B3C00000F037FA10EB0708DDE906234AEB010A23
:10B3D000DDE90801571C059C43F10005B8EB0000AE
:10B3E0007AEB0100A4F1410455EA338357EA328233
:10B3F00096E8830017EB0807F568049445EB0A0507
:10B4000010EB0B0059EB0100009457F10000CDE95F
:10B41000062345F10001571C43F10005B0EB080479
:10B4200071EB0A04CDF80CB055EA338357EA328247
:10B43000CDF8089000F01BFADDE91429169BC2E94B
:10B44000000143B3D6E900C1D6E902560398B8EB30
:10B450000505DDE906236AEB06066C1E66F10007AA
:10B46000B0EB0C000298DDF810B08841CDF800B0C8
:10B4700054EA358057EA3681571E63F10006B8EB6F
:10B4800000057AEB010557EA328256EA338300F071
:10B49000EEF95F463EE0DDE906204FEA4804D6E9D2
:10B4A00000EC01900598D6E90276A0F140050298DB
:10B4B00000954FEA4A05039945EAD87544EAD074E5
:10B4C0004300E71B65EB0606B7F1010B43EAD173B6
:10B4D00066F10000DEEB410173EB0C0150EA3681AE
:10B4E0005BEA3780B4EB0803019F75EB0A035FEA60
:10B4F0002F937F0043EA420347EAD2775A1E67F14F
:10B500000006241A8D4152EA338256EA378300F04E
:10B51000AEF9049FDDE90623C9E900014046514622
:10B52000009700F0A4F90BB0BDE8F08F43F2414161
:10B53000C0F201014843800C704742F6FB61C0F243
:10B540000B014843000D704749F24F31C0F2120120
:10B550004843012101EBD04070472DE9F04F4CF6F4
:10B56000CD4E45F6294442F6F50A47F6D50847F68A
:10B57000916943F2343B02460020CCF6CC4E4FF0AA
:10B580003333CCF28F24C8F65C7AC2F2E968C3F692
:10B59000FB29C3F2333BA2FB0E5C4FF0CC3702FB1E
:10B5A00007C7D5F1333501FB0E7773EB07072ED3B1
:10B5B000A2FB047502FB0A55D7F1333701FB045592
:10B5C00073EB050722D3A2FB087540F63106C1F6DE
:10B5D000AC4602FB0655D7F1333701FB085573EB38
:10B5E000050716D3A2FB09754CF67066CDF28826C6
:10B5F000043002FB065201FB0921B7EB0B0271F18B
:10B6000033323A46C7D30138BDE8F08F0130BDE888
:10B61000F08F0230BDE8F08F2DE9F04F87B005467E
:10B620004EF64F40C4F6C4608B46A5FB0001C80827
:10B630001A2100FB01F64CF28051C0F2002101EB0F
:10B640000010B54209D190E80E00C0688BE80E00EA
:10B65000CBF80C0007B0BDE8F08FD0E900924CF2B7
:10B660005061C0F200210192D0E90223A81B51F8D9
:10B67000307001EBC000446804A8009038462146B1
:10B6800000F0D7F8019B824602A888460090384611
:10B6900021464A4600F0CDF881460191DDE90201DC
:10B6A000002210EB0A0758EB010842F100000128C4
:10B6B00006D1DDE904010130049041F1000005905C
:10B6C0002846FFF741FF04463046FFF73DFF01994A
:10B6D000241A48463A464346009400F0C8F86FF0F2
:10B6E00003024CF2207302EA9502C0F200239A583A
:10B6F0001E2303EA4503DA4002F003068019DDE960
:10B70000042341F10001CBE9000138464146009491
:10B7100000F0ADF8CBE9020107B0BDE8F08F2DE9EC
:10B72000F04F87B08B464EF64F4105461930C4F6B0
:10B73000C461A0FB0101C8081A2100FB01F64CF20C
:10B740007871C0F2002101EB0010AE4209D190E8FF
:10B750000E00C0688BE80E00CBF80C0007B0BDE807
:10B76000F08FD0E900A24CF25061C0F200210192AA
:10B77000D0E90223701B51F8307001EBC00044681F
:10B7800004A800903846214600F053F8804602A8ED
:10B790000090BAF1010201988946214660F1000348
:10B7A000384600F046F804468A46DDE902010022E8
:10B7B00010EB080751EB090842F10000012806D1FF
:10B7C000DDE904010130049041F1000005903046AC
:10B7D000FFF7BAFE06462846FFF7B6FE361A2046A1
:10B7E00051463A464346009600F041F86FF0030296
:10B7F0004CF6680302EA9502C0F200239A581E2311
:10B8000003EA4503DA4002F003054019DDE90423A9
:10B8100041F10001013041F10001CBE9000138465E
:10B820004146009600F023F8CBE9020107B0BDE8DD
:10B83000F08FF0B5A2FB01CEA2FB0075A3FB0114B3
:10B8400015EB0C05DDF814C051EB0E06294644F14A
:10B8500000043246E3FB0012A3FB0003401956EB41
:10B86000030044F10000CCE900203846F0BD10B5DB
:10B87000DDF808C0CCF1400ECEF1200420FA0CF027
:10B8800003FA0EF322FA04F42343DCF1200458BF38
:10B8900002FA04F302FA0EF201FA04F440EA040098
:10B8A00058BF0022BCF1200458BF21FA04F021FA4D
:10B8B0000CF158BF00211043194310BD55534220CD
:10B8C0004661696C656400526564697265637420E1
:10B8D000737464696F20746F205553422C20636E1B
:10B8E000743A2025750D0A0052323A20203078250E
:10B8F0003038580020005053503A20202020307813
:10B9000025303858005265616420436F6D706C6556
:10B9100074650075736252656164000D004368656B
:10B92000636B6564204572726F723A20496E73745E
:10B9300072756374696F6E20427573204572726F01
:10B940007200494E464F2020005343422D3E484648
:10B9500053523A20307825303858005553422052FF
:10B96000656164206661696C65643A2025750057DD
:10B970007269746520436F6D706C65746500444531
:10B9800042554720005053523A20307825303858DD
:10B99000000D0A3D3D3D3D3D3D3D3D204F746865F8
:10B9A00072205265676973746572203D3D3D3D3D6F
:10B9B0003D3D3D0044617461206E6F742077726973
:10B9C0006520646F6E650052333A20203078253050
:10B9D0003858000D0A3D3D3D3D3D3D3D3D3D205328
:10B9E0004342205265676973746572203D3D3D3D59
:10B9F0003D3D3D3D3D005343422D3E435346523A6B
:10BA000020307825303858005053504C494D3A205A
:10BA1000307825303858005265717565737420434D
:10BA20006F6D706C657465005B25642E2530336422
:10BA30005D20005553422064656174746163680041
:10BA4000696E66005741524E20200052303A202045
:10BA5000307825303858005231323A20307825304D
:10BA60003858004C523A2020307825303858005051
:10BA7000433A2020307825303858000D0A0075737D
:10BA8000624576656E74436865636B0048617264F5
:10BA90004661756C74206F636375727265642062B1
:10BAA0007920444542554700486172644661756C8F
:10BAB00074206F63637572726564206279206F749D
:10BAC00068657220657863657074696F6E20666F53
:10BAD00072636564003D3D3D3D3D3D3D3D3D3D2046
:10BAE0004D535020537461636B20203D3D3D3D3DDF
:10BAF0003D3D3D3D3D00495053523A203078253080
:10BB0000385800436865636B6564204572726F72D4
:10BB10003A20446976696465204279205A65726FDB
:10BB200000436865636B6564204572726F723A20EA
:10BB3000496E76616C696420537461746500526566
:10BB40006365697665643A20257300436865636BB5
:10BB50006564204572726F723A204E6F20436F7099
:10BB6000726F636573736F720053757370656E6483
:10BB700000556E636865636B2072657475726E3A0A
:10BB8000202575004653502056657273696F6E3AD2
:10BB90002025730D0A004552524F5220004368651C
:10BBA000636B6564204572726F723A20556E616CEA
:10BBB00069676E6564204163636573730041646403
:10BBC0007265737300494943204F70656E3A2025B2
:10BBD00075005465726D696E616C00436865636BD6
:10BBE0006564204572726F723A20556E64656669AD
:10BBF0006E656420496E737472756374696F6E004C
:10BC00007573625772697465003D3D3E2000523184
:10BC10003A2020307825303858004243004D5350A8
:10BC20003A2020202030782530385800436865635A
:10BC30006B6564204572726F723A20507265636959
:10BC40007365206461746120627573206572726F20
:10BC50007200424641522069732076616C69643AF1
:10BC6000203078253038580D0A00526573756D659F
:10BC700000362E342E3000506F77657265640043B5
:10BC80006F6E666967757265640055534220427530
:10BC90007379005343422D3E494353523A20307842
:10BCA0002530385800436865636B656420457272BF
:10BCB0006F723A20537461636B204F766572666CC5
:10BCC0006F77004949435F496E6974005265717529
:10BCD000657374004F76657263757272656E740079
:10BCE0006E616E004D53504C494D3A2030782530EE
:10BCF0003858000D0A3D3D3D3D3D3D3D3D3D3D3DFE
:10BD00003D3D3D3D20496E20486172644661756C41
:10BD100074203D3D3D3D3D3D3D3D3D3D3D3D3D3D39
:10BD20003D00436865636B6564204572726F723ACB
:10BD300020496E76616C69642050430044656661F9
:10BD4000756C7400446574616368004D534320430F
:10BD50004D4420436F6D706C65746500286E756C82
:10BD60006C2900D47EB9000242B9000244BA000234
:10BD700096BB0002303132333435363738394142E0
:10BD8000434445460600010002000300040004008D
:10BD900004000400000000000000545452205245EA
:10BDA0004747455300D4D4D4040000221400002295
:10BDB0003000002274000022260000226C010022C4
:10BDC00007000000010E03000000000001009800C1
:10BDD00000000000000000000000000088010022B8
:10BDE000C4BD0002802D0022DCBD0002F8C20002AA
:10BDF000000D0300000000000100990091310002D5
:10BE0000000000000000000098010022F0BD0002C8
:10BE1000982D002208BE0002F8C200020201008034
:10BE2000ACBD000200000000090A0B0CDFDFDF0CD4
:10BE30000C0C0CFFFFFF00000000000000000000E1
:10BE400010BE0002E4BD000200000000B02D002280
:10BE50001CBE000210C20002000000000000000032
:10BE600000000000000000000000000000000000D2
:10BE700000000000000000000000FFFFFFFFFFFFC8
:10BE8000DFDFDFDFDFDF0000000000000000000078
:10BE900000000000000000000000000000000000A2
:10BEA0000000000000000000000000000000000092
:10BEB00000000000400D030000000000A08601000B
:10BEC000000F0800991700020000000058BE000291
:10BED000D42D0022B0BE0002C4C200020101011A2A
:10BEE0001900000000000000801A06000000000099
:10BEF000010C04050607000000000000000000001F
:10BF00000118000200000000DCBE0002F42D002237
:10BF1000E4BE0002A4C200020008011C00010000EF
:10BF20000008011C010100000008011C03010000C1
:10BF30000004011C0701000010400000080100007F
:10BF4000040C00000A010000000C01150B010000A8
:10BF5000000C010B0C010000000C010B0D01000096
:10BF6000000C010B0E010000000C010B0F01000082
:10BF7000004000000002000010400000010200002C
:10BF8000000001050802000000040105090200008C
:10BF9000000801000A020000000001000B0200007E
:10BFA000000001000C020000000001000D02000072
:10BFB000000001000E020000000001000F0200005E
:10BFC000000C010B00030000000C010B010300003A
:10BFD000000C010B020300001040000003030000EE
:10BFE000000001130704000000040113080400000E
:10BFF0004004010709040000400401070A0400008E
:10C00000000C010B03050000000C010B04050000EF
:10C01000000C010B05050000000C010B06050000DB
:10C02000000C010B07050000000C010B08050000C7
:10C03000000C010B09050000000C010B0A050000B3
:10C040000504000006060000000C010B07060000B6
:10C05000000C010B08060000000C010B0906000093
:10C06000000C010B0A060000000C010B0B0600007F
:10C07000000C010B0C060000000C010B0D0600006B
:10C08000000C010B0E060000000C010B0F06000057
:10C090000008011C030800000008011C080800003B
:10C0A000000C010B0D080000000C01130E0800002D
:10C0B000000C01130F080000000C010B000A000027
:10C0C000000C010B010A0000000C010B020A000029
:10C0D000000C010B030A0000000C010B040A000015
:10C0E000000C010B050A0000000C010B060A000001
:10C0F000000C010B080A0000000C010B090A0000EB
:10C10000000C010B0A0A0000000C010B0B0A0000D6
:10C11000000C010B0C0A0000000C010B0D0A0000C2
:10C12000000C010B0E0A00000008010B0F0A0000B2
:10C13000000C010B000C0000000C010B010C0000B6
:10C14000000C010B020C0000000C010B030C0000A2
:10C15000000C010B040C0000000C010B050C00008E
:10C16000000C010B060C0000000C010B070C00007A
:10C17000000C010B080C0000000C010B090C000066
:10C18000000C010B0A0C0000000C010B0B0C000052
:10C19000000C010B0C0C0000000C010B0D0C00003E
:10C1A000000C010B0E0C0000000C010B000D000038
:10C1B000000C0115010D0000000C0115020D00001E
:10C1C000000C0115030D0000000C0115040D00000A
:10C1D00000080115050D000010000115070D0000F5
:10C1E0005900000018BF0002000000000303040310
:10C1F000050306039C009D009E009F0087019A0096
:10C200009B0098009900400041000000DE05DF051A
:10C210007962000291630002E9630002796400021E
:10C2200009650002816500028965000291650002CE
:10C230009965000219660002216600022966000263
:10C2400031660002E1660002B9670002116800026F
:10C250002168000249680002D968000249690002A9
:10C26000B9690002116A0002396A0002616A0002BB
:10C27000896A0002916A0002A16A0002A96A0002AA
:10C28000B16A0002E96A0002F96A0002096B000261
:10C29000216B0002060102030404040402040304E7
:10C2A0000404D4D4F16F0002817000029170000286
:10C2B000A1700002D9700002E9700002F97000025A
:10C2C00011710002417B0002D97E0002E97E00026A
:10C2D000F97E0002097F0002417F0002617F0002B7
:10C2E000817F0002897F0002A97F0002398000025D
:10C2F000518000026180000269830002E98300022C
:10C30000018400026984000279840002A184000291
:10C31000B1840002C1840002F18400025185000250
:10C3200059850002000000680000006800000080DD
:10C3300000000080000000700000007080020022F9
:10C34000800200220B0000005CC300021900000004
:10C35000E0C300020400000024C3000200000068E3
:10C36000000000680001000D000000680000006887
:10C370000001000D000000800000008000010008A6
:10C380000000008000000080000100080000007034
:10C39000000000700001000A000000700000007042
:10C3A0000001000A0000000000000000010000057C
:10C3B0000000002000000020010000048002002294
:10C3C0008002002200000003B00600221C37002279
:10C3D000000000031C3700221C370022000000036D
:10C3E0000000006800000068000000900001090DD6
:10C3F00000000068000000680000007800010B0DDC
:10C400000000006800000068000000270001020D25
:10C4100000000068000000687C0000020001010DBF
:10C42000000000800000008000000090000109086A
:10C4300000000080000000800000007800010B0870
:10C4400000000080000000800000002700010208BA
:10C4500000000080000000807C0000020001010854
:10C460000000007000000070000000900001090A48
:10C4700000000070000000700000007800010B0A4E
:10C480000000007000000070000000270001020A98
:10C4900000000070000000707C0000020001010A32
:10C4A00000000000000000000000009001010905EC
:10C4B00000000000000000000000007801010B05F2
:10C4C000000000000000000000000027010002053D
:10C4D00000000000000000007C00000201000105D7
:10C4E000000000200000002000000090010109046D
:10C4F00000000020000000200000007801010B0473
:10C5000000000020000000200000002701000204BD
:10C5100000000020000000207C0000020100010457
:10C52000000000220000002200000090000109032A
:10C5300000000022000000220000007800010B0330
:10C54000000000220000002200000027000002037B
:10C55000000000226E0200227C00000200000103A5
:10C560001C3700221C370022EA02000200000103EF
:10C5700001000200080010002000D4D4D4D4D4D488
:10C58000000000000000000000000000000000109B
:10C590000000000000000000B9340332B7F4AD140D
:10C5A00010DB1AB30892540E0D307D951447BA1A59
:10C5B00066088F4D26ADC66DF598BF85E2B745116B
:10C5C000CA96853D92BD1DEBFCA11860DCEF5216AA
:10C5D0003C92AE220BB8C1B4839D2D5B0562DA1C80
:10C5E000304C7E8F4E8BB25B16F4529F8B56A51249
:10C5F000FBD4827643ED8AF08FE7F931156519187F
:10C6000050F19BD94A13EEB4284CF0A686C1251FE1
:10C61000035FC270CB9E4916E642889C44EB20140F
:10C62000B0650836AD6EA58585F0CA14E2FD031A23
:10C630000B899979D5B13D09D8DA973A35EBCF1006
:10C64000AC363F5E73BB38CF3E6752FA44AFBA1583
:10C6500001000000000000000500000000000000D4
:10C6600019000000000000007D0000000000000034
:10C670007102000000000000350C00000000000006
:10C68000093D0000000000002D3101000000000005
:10C69000E1F505000000000065CD1D000000000070
:10C6A000F902950000000000DD0EE9020000000024
:10C6B000514A8D0E000000009573C2480000000032
:10C6C000E941CC6B010000008D49FD1A0700000014
:10C6D000C16FF28623000000C52EBCA2B10000008D
:10C6E000D9E9AC2D780300003D9160E458110000B9
:10C6F00031D6E275BC560000F52E6E4DAEB101008C
:10C70000C9EA268367780800ED95C28F055A2A008A
:10C71000A1EDCCCE1BC2D30025A4000A8BCA2204F3
:10C720000000000000000000000000000000000009
:10C7300000000040955969595555545515555556A1
:10C740000405154110545540455155444045504449
:10C750005055554500400040400444966555565597
:10C7600045404554514115405591555555554051F9
:10C7700005010000D4D4D4D4010000000000000062
:10C780000000000000000020345065C05FC9A652C0
:10C79000BB13CBAEC440C21806C8DF7100D5A87C5D
:10C7A000F56F0FDA58FC27136E4756357D24206548
:10C7B00002C7E768E48CA41DE9E60268D7CD3961B9
:10C7C0007977FCC2405BEF16798CDE43FFA751F905
:10C7D00091F3B278F5BDBE11E857E9D6E8BEE87B23
:10C7E000B054AC8F848D751BEA23A499E9F9D38BDF
:10C7F000B7A3714061DA3E15CEE33ECB73F948082A
:10C800008C97B427D51B7010A2BFEFB9EB853215FA
:10C810004DB44DB49BBB6F1996B6076CF8E7EEADFF
:10C8200036D9B4F59135AE13222218AF4E6A684D51
:10C8300091DAAA3D4F40741E9FBD9EE006A1C098AC
:10C8400057C2A7FDA40E90170E7D497173E3208F88
:10C85000B220D87605143B12853D7434811343B061
:10C86000AD297A5F27F4351C5445545445550504C9
:10C8700000100410140440000000014055551541FB
:10C880005404000044000100000000404100004446
:10C890005044455054005555545565510040004092
:10C8A0000100000100050100115451515455550576
:10C8B0000015415000000440100104050000000074
:10C8C00000000406362E342E30004275696C742048
:10C8D000776974682052656E657361732041647670
:10C8E000616E63656420466C657869626C6520538F
:10C8F0006F667477617265205061636B6167652054
:0EC9000076657273696F6E20362E342E30000D
:04C9100069060002B2
:0200000402C92F
:04F04000FFFFFFFFD0
:04F04400EFFFFFFFDC
:04F0C000FFFFFFFD52
:04F0C400FFFFFFFF4C
:04F1200000000000EB
:04F1240000000000E7
:0400000502008EC1A6
:00000001FF
