:020000040200F8
:100000004004012279B5000211B3000249960002B2
:1000100089B5000289B5000289B5000289B50002E0
:1000200000000000000000000000000089B5000290
:10003000498E00020000000089B5000289B5000267
:1000400081A20002B1A1000259A30002E1A30002B3
:0400500089AC000275
:1000540000000300F9990002199A00020000000050
:10006400000018D80000000000000000000001009B
:04007400400900003F
:0800780001000000000000007F
:100080000146002009F058B883B010B581B084460D
:1000900003A840F27044C2F202240EC003AB4FF436
:1000A00080712046624600930DF005F9002021463C
:1000B00009F042F84EF62D410020C0F2002109F06F
:1000C0003BF801B0BDE8104003B07047D4D4D4D49D
:1000D00010B54FF262310020C0F2002109F02CF877
:1000E0004EF62D440020C0F20024214609F024F8E9
:1000F0004FF219610020C0F2002109F01DF8002024
:100100002146BDE8104009F017B8D4D4D4D4D4D4D3
:100110002DE9F04F81B02DED088B82B04FF6FE71C6
:1001200083466FF0E040CFF2FF715844884204D814
:100130004FF27520C0F20020F1E04EF61450CEF2DE
:1001400000000168C90304D44EF28030C0F20020E0
:1001500032E000210167BFF34F8F016843F6E0777B
:1001600021F480310160BFF34F8FC26EC2F34E3174
:10017000D308C2F3C902561C9A074B0100BF00BF47
:1001800003EA070546F001E0154400BF00BF00BFC9
:10019000C0F8605205F140450FF007C00029A1F1F9
:1001A0000101A3F12003EBD1BFF34F8FBFF36F8F9A
:1001B0004FF29650C0F2002009F09AFB0120009007
:1001C000102000BF00BF00BF0099CBF80010BFF3A4
:1001D0004F8FBFF36F8FDBF8001001910199009AE8
:1001E0009142009A40F08C8001384FEA4201009120
:1001F000EAD14EF63040C0F2002009F079FB4FF012
:10020000D0410FF2FC404FF05A320A6040F2000138
:1002100090ED001F1720C2F2000180EF5120042250
:1002200020F001E000BF00BF20FF4244A1EC045FCA
:1002300021EE420F1FF009C04FF0170E40F20008E8
:10024000C2F200084FF0D0404FF05A31424600BF92
:1002500052F8043B19500FF005C8BFF34F8FBFF39E
:100260006F8F00214FF0D0434FF0A53E4FF05A3C26
:10027000002607E000BF00BF01360139172EC2F883
:1002800000C079D058F8260000F1D04240F803E0D1
:10029000BFF34F8FBFF36F8FC558B5F1A53F47D15F
:1002A0001D68B5F15A3F55D10027404605E000BF13
:1002B000013F043017F11704DED0B942F8D00468CA
:1002C000E558B5F15A3FF3D004F1D0434FF20A2478
:1002D0004EF28410C0F20024C0F2002021460BF040
:1002E0006DFE4FF2A420C0F200204FF05A3221469A
:1002F0002B460BF063FE4EF26E20C0F200200EE0A3
:100300004EF649604FF2A651019BC0F20020C0F2A8
:1003100000210BF053FE4EF2FC50C0F2002009F019
:10032000E7FA012002B0BDEC088B01B0BDE8F08F08
:100330004FF20A244EF2CD70C0F20024C0F2002029
:1003400021460BF03BFE4FF216104FF0A532C0F2E3
:100350000020CCE74FF20A244EF68F70C0F2002442
:10036000C0F200204FF0D04321460BF027FE4EF69E
:100370004D50C0F20020B8E745F200094EF2E4709B
:10038000C6F655094AF20008C0F200204946C6F6F2
:10039000AA180BF013FE4FF21E604146C0F2002077
:1003A0000BF00CFEDAA080EF53204FF0000C4FF45E
:1003B000807A90ED001F042185EF5A4E82FF556E22
:1003C0004AF001E04846424620EF508100BF00BF9E
:1003D00008EF52A12BFE4F0F37FE05AFA0EC10BE69
:1003E00035FE07AFA2EC10BE29EE418F0FF011C011
:1003F000BFF34F8FBFF36F8F00254E4640464A46EE
:10040000434608E001350433B5F5806F02F104027C
:1004100000F1040013D0AF0756F8047B07D0B7F102
:100420005A3F33D10768B7F1A53FEBD037E0B7F1BA
:10043000A53F2BD10768B7F15A3FE3D044E0BFF3A3
:100440004F8FBFF36F8F0CF1010CBCF57A7FB7D1E2
:100450004FF28D20C0F2002009F04AFA0020CBF8BC
:100460000000CBF80400CBF80800CBF80C004FF0EC
:10047000A531BFF34F8FBFF36F8FCBF800105A2118
:10048000BFF34F8FBFF36F8FA52232E04EF2CD70D6
:100490004FF20A21C0F20020C0F2002108E04EF223
:1004A000CD704FF20A21C0F20020C0F200211A469E
:1004B0000BF084FD4EF66E304FF0A531C0F20020F7
:1004C0003A460BF07BFD16E74EF2CD704FF20A2153
:1004D000C0F20020C0F200211A460BF06FFD4EF66C
:1004E0006E304FF05A31E9E70BF800200130042854
:1004F00038D01BF80050A52D32D1BFF34F8FBFF37A
:100500006F8F0BF800100023BFF34F8FBFF36F8F77
:100510005F4603E001330137042BE5D09842F9D060
:100520003D78A52DF6D05A2618464EF6444400EBE9
:100530000B024EF2CD70C0F20024C0F20020214622
:100540000BF03CFD4EF689302146C0F200203246C9
:100550002B460BF033FD4FF26730C0F20020DEE691
:10056000A526E2E74FF20E704AF2A456C0F2002030
:10057000CAF2A55609F0BCF94FF0D0404FF0007117
:10058000FF224FF0D0440BF0BBFBBFF34F8FBFF304
:100590006F8F0020002109B1802910D2082242F07B
:1005A00001E04FF0FF3252000FF003C832400A431F
:1005B00044F821200131B1F5000FECD110E0B0EB8F
:1005C000D13FB1FA81F203D1182A01D01022E6E717
:1005D000A2F10903C2F12002072B38BF1822DEE77F
:1005E00000214FF0D042002008B1802813D2082308
:1005F00043F001E04FF0FF335B000FF003C83340DE
:1006000052F8204043EA0005AC4215D10130B0F564
:10061000000FE9D12BE0B1EBD03FB0FA80F303D16A
:10062000182B01D01023E3E7A3F10907C3F120033E
:10063000072F38BF1823DBE74FF0D04101EB8002D2
:100640004EF2CD704FF6D401C0F20020C0F200216E
:100650000BF0B4FC4EF66E302946C0F20020224664
:100660000BF0ACFC4EF64820C0F2002057E64EF2EC
:10067000B060C0F2002009F03BF900F051F820B161
:100680004EF67260C0F2002049E64EF61E60C0F2DF
:10069000002009F02DF900F0E3F820B14FF22170AD
:1006A000C0F200203BE64EF67A00C0F2002009F0CE
:1006B0001FF900F01DF920B14FF27C30C0F200208C
:1006C0002DE64FF2F210C0F2002009F011F940F2CD
:1006D00070500024C2F20220047000F05DF94FF463
:1006E00096704FF47A710AF0CFFD04F001FA2046BB
:1006F00018E600BF00BF00BF00BF00BF00BF00BFC3
:1007000002000000030000000400000005000000DB
:1007100000000000010000000200000003000000D3
:100720002DE9F04F81B02DED048B82B048A040F24E
:10073000000A4FF0000B4FF0D04990ED009F4FF4AE
:100740008050C2F2000A04244FF0D04640F001E08D
:100750004FEA8B30514628EF580100BF00BF00BF61
:1007600021EE402FA1EC103E21EE440F0FF009C006
:100770004FF48032304651460BF0CCFA06F580300B
:100780004FF48041D0464D46D8F800203768974254
:1007900012D10436013905F1040508F10408F3D13A
:1007A0000BF1010B09F58039BBF5007F06464FF4CC
:1007B0008050CBD1002044E04EF2C5644EF6A40038
:1007C000C0F20024C0F2002021462A460BF0F6FBBE
:1007D0004EF68930D8F80020C0F2002021463B4672
:1007E0000BF0ECFB01200090102000BF00BF00BF09
:1007F00000992960BFF34F8FBFF36F8F2968019174
:100800000199009A9142009A0FD101384FEA4201B2
:100810000091EDD14FF236604EF2C561C0F200207A
:10082000C0F200210BF0CAFB0AE04EF649604FF21D
:10083000A651019BC0F20020C0F200210BF0BEFBCC
:10084000012002B0BDEC048B01B0BDE8F08F00BF09
:100850000000000001000000020000000300000092
:100860002DE9F0472A200BF06DFB40F200084FF015
:1008700000094FF0D04AC2F200084FF0D0464FF0C6
:10088000D0474FF4804445460BF035FB013C45F81A
:10089000040B47F8040BF7D106F580304FF4804184
:1008A0004346524600BF00BF53F8045B3468AC4275
:1008B00010D1013906F1040602F10402F4D109F164
:1008C00001090AF5803AB9F5007F0646D9D1002022
:1008D000BDE8F0874FF27C004FF2B351C0F2002028
:1008E000C0F200210BF06AFB0120BDE8F087D4D4F0
:1008F00070B540F2E5700BF025FB40F2000540F2C8
:1009000000064FF48044C6F60105C2F2000600BF9F
:100910000BF0F1FA013C46F8040B45F8040BF7D153
:10092000BFF34F8FBFF36F8F0AF0F2FD44F2402107
:100930000220C0F20F010AF0A7FC0AF0FDFD40F210
:10094000000540F200044FF48040C2F20005C6F6F4
:10095000010400BF00BF00BF296822688A4207D196
:10096000013805F1040504F10404F5D1002070BD3F
:100970004EF286402146C0F200200BF01FFB4EF2E3
:10098000974029682268C0F200200BF017FB012075
:1009900070BDD4D4D4D4D4D42DE9F04F81B02DED92
:1009A000028B8AB040F200016FF0E040C6F6010110
:1009B0000A184FF6FE71CFF2FF718A4208D84EF244
:1009C000126040F20001C0F20020C6F601010EE004
:1009D00040F20002C6F60002104488420FD84EF2E0
:1009E000A61040F20001C0F20020C6F600010AB0D5
:1009F000BDEC028B01B0BDE8F04F0BF0DFBA472031
:100A00000BF0A0FA40F200054FF48044C2F200055A
:100A10000BF071FA013C45F8040BF9D140F2404566
:100A20004FF48044C2F201250BF065FA013C45F811
:100A3000040BF9D140F240054FF48044C2F2002586
:100A40000BF059FA013C45F8040BF9D14EF20001C4
:100A5000CEF20101086820F004000860BFF34F8F58
:100A6000BFF36F8F086801900198400700F1A280E2
:100A70004EF68057CEF2000757F86C0CC0032FD407
:100A800000207860BFF34F8F396843F6E073C1F3FD
:100A90004E30CA08C1F3C9014E1C9107420100BF84
:100AA00002EA030546F001E00D4400BF00BF00BFAD
:100AB000C7F8E05105F140450FF007C00028A0F14C
:100AC0000100A2F12002EBD1BFF34F8F57F86C0C5D
:100AD00040F4803047F86C0CBFF34F8FBFF36F8F3B
:100AE0004EF22A70C0F2002008F002FF0020786069
:100AF000BFF34F8F396843F6E073C1F34E30CA0835
:100B0000C1F3C9014E1C9107420100BF00BF00BFE5
:100B100002EA030546F001E00D4400BF00BF00BF3C
:100B2000C7F8E05105F140450FF007C00028A0F1DB
:100B30000100A2F12002EBD1BFF34F8FBFF36F8F03
:100B400008F09AF80DF1100ACAE9000108F094F8CB
:100B500008F05EF90DF120094FF4803EC9E900016B
:100B600040F2000040F20001C6F60100C2F20001AE
:100B700011F8012B00F8012B0FF007C008F07CF8EA
:100B80000DF10808C8E9000108F076F808F040F90E
:100B900006ACC4E90001D9E90001D4E900235940B9
:100BA000504008430CD14FF29630C0F2002008F0BC
:100BB0009FFE47E04EF23860C0F2002003F040BFD5
:100BC000D4E90001D9E90023801A99410AF096FE80
:100BD00000EE100A9FED981A81EE000A9FED971A19
:100BE0004EF6B04020EE010A9FED951AC0F20020AB
:100BF00020EE010A20EE018A0BF0E0F9D8E90001AD
:100C0000DAE90023821A4EF64D4061EB0303C0F28D
:100C100000200BF0D3F9D4E90001D9E90023821AAE
:100C20004EF24A7061EB0303C0F200200BF0C6F9EC
:100C3000B7EEC80A4FF29400C0F2002053EC102B1C
:100C40000BF0BCF900207860BFF34F8F396843F692
:100C5000E073C1F34E30CA08C1F3C9014E1C9107BD
:100C6000420100BF00BF00BF02EA030546F001E0F9
:100C70000D4400BF00BF00BFC7F8E05105F140457B
:100C80000FF007C00028A0F10100A2F12002EBD173
:100C9000BFF34F8FBFF36F8F07F0EEFF08F0B8F888
:100CA000C9E9000107F0E8FFCAE900014FF4004E6E
:100CB00040F2000040F20001C6F60100C2F200015D
:100CC00031F8022B20F8022B0FF007C007F0D4FFF9
:100CD000C8E9000107F0D0FF08F09AF8C4E9000164
:100CE000D9E90001D4E9002359405040084306D116
:100CF0004FF29630C0F2002008F0FAFD41E0D4E94E
:100D00000001D9E90023801A99410AF0F7FD00EEAD
:100D1000100A9FED491A81EE000A9FED481A4EF223
:100D2000375020EE010A9FED461AC0F2002020EE57
:100D3000010A20EE018A0BF041F9D8E90001DAE955
:100D40000023821A4EF64D4061EB0303C0F20020EF
:100D50000BF034F9D4E90001D9E90023821A4EF2EC
:100D60004A7061EB0303C0F200200BF027F9B7EEE5
:100D7000C80A4FF29400C0F2002053EC102B0BF085
:100D80001DF900207860BFF34F8F396843F6E07398
:100D9000C1F34E30CA08C1F3C9014E1C910742018C
:100DA00002EA030546F001E00D4400BF00BF00BFAA
:100DB000C7F8E05105F140450FF007C00028A0F149
:100DC0000100A2F12002EBD1BFF34F8FBFF36F8F71
:100DD00007F052FF08F01CF8C9E9000107F04CFFCA
:100DE000CAE900014FF4804E40F2000040F20001D9
:100DF000C6F60100C2F2000151F8042B40F8042BA2
:100E00000FF007C007F038FFC8E9000107F034FF12
:100E100007F0FEFFC4E90001D9E90001D4E900238D
:100E20005940504008430DD14FF29630C0F2002097
:100E300008F05EFD48E000BF0000804700247449D0
:100E40000000803AD4E90001D9E90023801A9941D1
:100E50000AF054FD00EE100A1FED091A81EE000A97
:100E60001FED0A1A4FF2AF6020EE010A1FED0C1AB7
:100E7000C0F2002020EE010A20EE018A0BF09EF85D
:100E8000D8E90001DAE90023821A4EF64D4061EB01
:100E90000303C0F200200BF091F8D4E90001D9E976
:100EA0000023821A4EF24A7061EB0303C0F2002065
:100EB0000BF084F8B7EEC80A4FF29400C0F200209D
:100EC00053EC102B0BF07AF800207860BFF34F8FB3
:100ED000396843F6E073C1F34E30CA08C1F3C90163
:100EE0004E1C9107420100BF02EA030546F001E0F3
:100EF0000D4400BF00BF00BFC7F8E05105F14045F9
:100F00000FF007C00028A0F10100A2F12002EBD1F0
:100F1000BFF34F8FBFF36F8F07F0AEFE07F078FF80
:100F2000C9E9000107F0A8FECAE900014FF4005E1C
:100F300040F2000040F20001C6F60100C2F20001DA
:100F4000F1E80223E0E802230FF007C007F094FE67
:100F5000C8E9000107F090FE07F05AFFC4E900015C
:100F6000D9E90001D4E9002359405040084306D193
:100F70004FF29630C0F2002008F0BAFC41E0D4E90C
:100F80000001D9E90023801A99410AF0B7FC00EE6C
:100F9000100A1FED571A81EE000A1FED581A4EF67F
:100FA000765020EE010A1FED5A1AC0F2002020EE02
:100FB000010A20EE018A0BF001F8D8E90001DAE914
:100FC0000023821A4EF64D4061EB0303C0F200206D
:100FD0000AF0F4FFD4E90001D9E90023821A4EF2A5
:100FE0004A7061EB0303C0F200200AF0E7FFB7EE9E
:100FF000C80A4FF29400C0F2002053EC102B0AF004
:10100000DDFF00207860BFF34F8F396843F6E0734F
:10101000C1F34E30CA08C1F3C9014E1C9107420109
:1010200002EA030546F001E00D4400BF00BF00BF27
:10103000C7F8E05105F140450FF007C00028A0F1C6
:101040000100A2F12002EBD1BFF34F8FBFF36F8FEE
:1010500007F012FE07F0DCFEC9E9000107F00CFE04
:10106000CAE900014FF4803E40F2000040F2000166
:10107000C6F60000C2F2000111F8012B00F8012BA6
:101080000FF007C007F0F8FDC8E9000107F0F4FD14
:1010900007F0BEFEC4E90001D9E90001D4E900234C
:1010A00059405040084306D14FF29630C0F200201C
:1010B00008F01EFC41E0D4E90001D9E90023801AC0
:1010C00099410AF01BFC00EE100A1FEDA51A81EEF3
:1010D000000A1FEDA61A4FF2C52020EE010A1FEDEF
:1010E000A81AC0F2002020EE010A20EE018A0AF0C0
:1010F00065FFD8E90001DAE90023821A4EF64D4077
:1011000061EB0303C0F200200AF058FFD4E90001AC
:10111000D9E90023821A4EF24A7061EB0303C0F250
:1011200000200AF04BFFB7EEC80A4FF29400C0F25D
:10113000002053EC102B0AF041FF00207860BFF331
:101140004F8F396843F6E073C1F34E30CA08C1F3DC
:10115000C9014E1C9107420102EA030546F001E075
:101160000D4400BF00BF00BFC7F8E05105F1404586
:101170000FF007C00028A0F10100A2F12002EBD17E
:10118000BFF34F8FBFF36F8F07F076FD07F040FE80
:10119000C9E9000107F070FDCAE900014FF4004EF3
:1011A00040F2000040F20001C6F60000C2F2000169
:1011B00031F8022B20F8022B0FF007C007F05CFD7E
:1011C000C8E9000107F058FD07F022FEC4E900015C
:1011D000D9E90001D4E9002359405040084306D121
:1011E0004FF29630C0F2002008F082FB41E0D4E9D3
:1011F0000001D9E90023801A99410AF07FFB00EE33
:10120000100A9FED991A81EE000A9FED981A4FF28D
:101210000B4020EE010A9FED961AC0F2002020EE4E
:10122000010A20EE018A0AF0C9FED8E90001DAE9D4
:101230000023821A4EF64D4061EB0303C0F20020FA
:101240000AF0BCFED4E90001D9E90023821A4EF26B
:101250004A7061EB0303C0F200200AF0AFFEB7EE64
:10126000C80A4FF29400C0F2002053EC102B0AF091
:10127000A5FE00207860BFF34F8F396843F6E07316
:10128000C1F34E30CA08C1F3C9014E1C9107420197
:1012900002EA030546F001E00D4400BF00BF00BFB5
:1012A000C7F8E05105F140450FF007C00028A0F154
:1012B0000100A2F12002EBD1BFF34F8FBFF36F8F7C
:1012C00007F0DAFC07F0A4FDC9E9000107F0D4FC3F
:1012D000CAE900014FF4804E40F2000040F20001E4
:1012E000C6F60000C2F2000151F8042B40F8042BAE
:1012F0000FF007C007F0C0FCC8E9000107F0BCFC14
:1013000007F086FDC4E90001D9E90001D4E9002312
:1013100059405040084306D14FF29630C0F20020A9
:1013200008F0E6FA41E0D4E90001D9E90023801A87
:1013300099410AF0E3FA00EE100A9FED4B1A81EE94
:10134000000A9FED4A1A4EF2DA6020EE010A9FED84
:10135000481AC0F2002020EE010A20EE018A0AF0AD
:101360002DFED8E90001DAE90023821A4EF64D403D
:1013700061EB0303C0F200200AF020FED4E9000173
:10138000D9E90023821A4EF24A7061EB0303C0F2DE
:1013900000200AF013FEB7EEC80A4FF29400C0F224
:1013A000002053EC102B0AF009FE00207860BFF3F8
:1013B0004F8F396843F6E073C1F34E30CA08C1F36A
:1013C000C9014E1C9107420102EA030546F001E003
:1013D0000D4400BF00BF00BFC7F8E05105F1404514
:1013E0000FF007C00028A0F10100A2F12002EBD10C
:1013F000BFF34F8FBFF36F8F07F03EFC07F008FD80
:10140000C9E9000107F038FCCAE900014FF4005EA9
:1014100040F2000BC2F2000B40F20000C6F60000E2
:10142000594600BF00BF00BFF1E80223E0E80223F5
:101430000FF007C007F020FCC8E9000107F01CFC12
:1014400007F0E6FCC4E90001D9E90001D4E9002372
:101450005940504008430DD14FF29630C0F2002061
:1014600008F046FA48E000BF0000804700247449B5
:101470000000803AD4E90001D9E90023801A99419B
:101480000AF03CFA00EE100A1FED091A81EE000A7C
:101490001FED0A1A4FF2D54020EE010A1FED0C1A7B
:1014A000C0F2002020EE010A20EE018A0AF086FD3B
:1014B000D8E90001DAE90023821A4EF64D4061EBCB
:1014C0000303C0F200200AF079FDD4E90001D9E954
:1014D0000023821A4EF24A7061EB0303C0F200202F
:1014E0000AF06CFDB7EEC80A4FF29400C0F200207B
:1014F00053EC102B0AF062FD00207860BFF34F8F91
:10150000396843F6E073C1F34E30CA08C1F3C9012C
:101510004E1C9107420100BF02EA030546F001E0BC
:101520000D4400BF00BF00BFC7F8E05105F14045C2
:101530000FF007C00028A0F10100A2F12002EBD1BA
:10154000BFF34F8FBFF36F8F07F096FB07F060FC80
:10155000C9E9000107F090FBCAE900014FF4803EA1
:1015600040F2000040F24041C6F60100C2F2012103
:1015700011F8012B00F8012B0FF007C007F07CFBDE
:10158000C8E9000107F078FB07F042FCC4E900015C
:10159000D9E90001D4E9002359405040084306D15D
:1015A0004FF29630C0F2002008F0A2F941E0D4E9F1
:1015B0000001D9E90023801A99410AF09FF900EE51
:1015C000100A1FED571A81EE000A1FED581A4FF24C
:1015D000EB7020EE010A1FED5A1AC0F2002020EE37
:1015E000010A20EE018A0AF0E9FCD8E90001DAE9F3
:1015F0000023821A4EF64D4061EB0303C0F2002037
:101600000AF0DCFCD4E90001D9E90023821A4EF289
:101610004A7061EB0303C0F200200AF0CFFCB7EE82
:10162000C80A4FF29400C0F2002053EC102B0AF0CD
:10163000C5FC00207860BFF34F8F396843F6E07334
:10164000C1F34E30CA08C1F3C9014E1C91074201D3
:1016500002EA030546F001E00D4400BF00BF00BFF1
:10166000C7F8E05105F140450FF007C00028A0F190
:101670000100A2F12002EBD1BFF34F8FBFF36F8FB8
:1016800007F0FAFA07F0C4FBC9E9000107F0F4FA21
:10169000CAE900014FF4004E40F2000040F2404120
:1016A000C6F60100C2F2012131F8022B20F8022B0C
:1016B0000FF007C007F0E0FAC8E9000107F0DCFA14
:1016C00007F0A6FBC4E90001D9E90001D4E9002331
:1016D00059405040084306D14FF29630C0F20020E6
:1016E00008F006F941E0D4E90001D9E90023801AA5
:1016F00099410AF003F900EE100A1FEDA51A81EED8
:10170000000A1FEDA61A4EF6A81020EE010A1FEDE2
:10171000A81AC0F2002020EE010A20EE018A0AF089
:101720004DFCD8E90001DAE90023821A4EF64D405B
:1017300061EB0303C0F200200AF040FCD4E9000191
:10174000D9E90023821A4EF24A7061EB0303C0F21A
:1017500000200AF033FCB7EEC80A4FF29400C0F242
:10176000002053EC102B0AF029FC00207860BFF316
:101770004F8F396843F6E073C1F34E30CA08C1F3A6
:10178000C9014E1C9107420102EA030546F001E03F
:101790000D4400BF00BF00BFC7F8E05105F1404550
:1017A0000FF007C00028A0F10100A2F12002EBD148
:1017B000BFF34F8FBFF36F8F07F05EFA07F028FB80
:1017C000C9E9000107F058FACAE900014FF4804E58
:1017D00040F2000040F24041C6F60100C2F2012191
:1017E00051F8042B40F8042B0FF007C007F044FA1F
:1017F000C8E9000107F040FA07F00AFBC4E900015C
:10180000D9E90001D4E9002359405040084306D1EA
:101810004FF29630C0F2002008F06AF841E0D4E9B7
:101820000001D9E90023801A99410AF067F800EE17
:10183000100A9FED971A81EE000A9FED961A4FF657
:101840003B0020EE010A9FED941AC0F2002020EE2A
:10185000010A20EE018A0AF0B1FBD8E90001DAE9B9
:101860000023821A4EF64D4061EB0303C0F20020C4
:101870000AF0A4FBD4E90001D9E90023821A4EF250
:101880004A7061EB0303C0F200200AF097FBB7EE49
:10189000C80A4FF29400C0F2002053EC102B0AF05B
:1018A0008DFB00207860BFF34F8F396843F6E073FB
:1018B000C1F34E30CA08C1F3C9014E1C9107420161
:1018C00002EA030546F001E00D4400BF00BF00BF7F
:1018D000C7F8E05105F140450FF007C00028A0F11E
:1018E0000100A2F12002EBD1BFF34F8FBFF36F8F46
:1018F00007F0C2F907F08CFAC9E9000107F0BCF95A
:10190000CAE900014FF4005E40F2000040F240419D
:10191000C6F60100C2F20121F1E80223E0E8022349
:101920000FF007C007F0A8F9C8E9000107F0A4F913
:1019300007F06EFAC4E90001D9E90001D4E90023F7
:1019400059405040084306D14FF29630C0F2002073
:1019500007F0CEFF41E0D4E90001D9E90023801A65
:10196000994109F0CBFF00EE100A9FED491A81EE74
:10197000000A9FED481A4EF6091020EE010A9FED6D
:10198000461AC0F2002020EE010A20EE018A0AF079
:1019900015FBD8E90001DAE90023821A4EF64D4022
:1019A00061EB0303C0F200200AF008FBD4E9000158
:1019B000D9E90023821A4EF24A7061EB0303C0F2A8
:1019C00000200AF0FBFAB7EEC80A4FF29400C0F20A
:1019D000002053EC102B0AF0F1FA00207860BFF3DE
:1019E0004F8F396843F6E073C1F34E30CA08C1F334
:1019F000C9014E1C9107420102EA030546F001E0CD
:101A00000D4400BF00BF00BFC7F8E05105F14045DD
:101A10000FF007C00028A0F10100A2F12002EBD1D5
:101A2000BFF34F8FBFF36F8F07F026F907F0F0F980
:101A3000C9E9000107F020F9CAE900014FF4803E2E
:101A400040F2000040F24041C6F60000C2F201211F
:101A500011F8012B00F8012B0FF007C007F00CF96B
:101A6000C8E9000107F008F907F0D2F9C4E900015C
:101A7000D9E90001D4E900235940504008430DD171
:101A80004FF29630C0F2002007F032FF48E000BF6E
:101A900000008047002474490000803AD4E9000126
:101AA000D9E90023801A994109F028FF00EE100AB5
:101AB0001FED091A81EE000A1FED0A1A4EF6C650F4
:101AC00020EE010A1FED0C1AC0F2002020EE010AE0
:101AD00020EE018A0AF072FAD8E90001DAE900235F
:101AE000821A4EF64D4061EB0303C0F200200AF06B
:101AF00065FAD4E90001D9E90023821A4EF24A704E
:101B000061EB0303C0F200200AF058FAB7EEC80AEE
:101B10004FF29400C0F2002053EC102B0AF04EFA62
:101B200000207860BFF34F8F396843F6E073C1F34C
:101B30004E30CA08C1F3C9014E1C9107420100BFD3
:101B400002EA030546F001E00D4400BF00BF00BFFC
:101B5000C7F8E05105F140450FF007C00028A0F19B
:101B60000100A2F12002EBD1BFF34F8FBFF36F8FC3
:101B700007F082F807F04CF9C9E9000107F07CF89A
:101B8000CAE900014FF4004E40F2000040F240412B
:101B9000C6F60000C2F2012131F8022B20F8022B18
:101BA0000FF007C007F068F8C8E9000107F064F813
:101BB00007F02EF9C4E90001D9E90001D4E90023B6
:101BC00059405040084306D14FF29630C0F20020F1
:101BD00007F08EFE41E0D4E90001D9E90023801A24
:101BE000994109F08BFE00EE100A1FED571A81EEA5
:101BF000000A1FED581A4EF6BE7020EE010A1FEDC6
:101C00005A1AC0F2002020EE010A20EE018A0AF0E2
:101C1000D5F9D8E90001DAE90023821A4EF64D40E1
:101C200061EB0303C0F200200AF0C8F9D4E9000117
:101C3000D9E90023821A4EF24A7061EB0303C0F225
:101C400000200AF0BBF9B7EEC80A4FF29400C0F2C8
:101C5000002053EC102B0AF0B1F900207860BFF39C
:101C60004F8F396843F6E073C1F34E30CA08C1F3B1
:101C7000C9014E1C9107420102EA030546F001E04A
:101C80000D4400BF00BF00BFC7F8E05105F140455B
:101C90000FF007C00028A0F10100A2F12002EBD153
:101CA000BFF34F8FBFF36F8F06F0E6FF07F0B0F87A
:101CB000C9E9000106F0E0FFCAE900014FF4804ED7
:101CC00040F2000040F24041C6F60000C2F201219D
:101CD00051F8042B40F8042B0FF007C006F0CCFF9E
:101CE000C8E9000106F0C8FF07F092F8C4E9000156
:101CF000D9E90001D4E9002359405040084306D1F6
:101D00004FF29630C0F2002007F0F2FD41E0D4E936
:101D10000001D9E90023801A994109F0EFFD00EE96
:101D2000100A1FEDA51A81EE000A1FEDA61A4EF249
:101D3000E63020EE010A1FEDA81AC0F2002020EEC6
:101D4000010A20EE018A0AF039F9D8E90001DAE93E
:101D50000023821A4EF64D4061EB0303C0F20020CF
:101D60000AF02CF9D4E90001D9E90023821A4EF2D5
:101D70004A7061EB0303C0F200200AF01FF9B7EECE
:101D8000C80A4FF29400C0F2002053EC102B0AF066
:101D900015F900207860BFF34F8F396843F6E07380
:101DA000C1F34E30CA08C1F3C9014E1C910742016C
:101DB00002EA030546F001E00D4400BF00BF00BF8A
:101DC000C7F8E05105F140450FF007C00028A0F129
:101DD0000100A2F12002EBD1BFF34F8FBFF36F8F51
:101DE00006F04AFF07F014F8C9E9000106F044FFC5
:101DF000CAE900014FF4005E40F2404140F20000A9
:101E0000C2F20121C6F60000F1E80223E0E8022355
:101E10000FF007C006F030FFC8E9000106F02CFF04
:101E200006F0F6FFC4E90001D9E90001D4E9002376
:101E300059405040084306D14FF29630C0F200207E
:101E400007F056FD41E0D4E90001D9E90023801AEA
:101E5000994109F053FD00EE100A9FED971A81EEAB
:101E6000000A9FED961A4FF20E0020EE010A9FED38
:101E7000941AC0F2002020EE010A20EE018A0AF036
:101E80009DF8D8E90001DAE90023821A4EF64D40A8
:101E900061EB0303C0F200200AF090F8D4E90001DE
:101EA000D9E90023821A4EF24A7061EB0303C0F2B3
:101EB00000200AF083F8B7EEC80A4FF29400C0F28F
:101EC000002053EC102B0AF079F800207860BFF363
:101ED0004F8F396843F6E073C1F34E30CA08C1F33F
:101EE000C9014E1C9107420102EA030546F001E0D8
:101EF0000D4400BF00BF00BFC7F8E05105F14045E9
:101F00000FF007C00028A0F10100A2F12002EBD1E0
:101F1000BFF34F8FBFF36F8F06F0AEFE06F078FF72
:101F2000C9E9000106F0A8FECAE900014FF4803EAD
:101F300040F2000040F24001C6F60100C2F200216A
:101F400011F8012B00F8012B0FF007C006F094FEEA
:101F5000C8E9000106F090FE06F05AFFC4E900014E
:101F6000D9E90001D4E9002359405040084306D183
:101F70004FF29630C0F2002007F0BAFC41E0D4E9FD
:101F80000001D9E90023801A994109F0B7FC00EE5D
:101F9000100A9FED491A81EE000A9FED481A4EF291
:101FA0001E2020EE010A9FED461AC0F2002020EE0E
:101FB000010A20EE018A0AF001F8D8E90001DAE905
:101FC0000023821A4EF64D4061EB0303C0F200205D
:101FD00009F0F4FFD4E90001D9E90023821A4EF296
:101FE0004A7061EB0303C0F2002009F0E7FFB7EE8F
:101FF000C80A4FF29400C0F2002053EC102B09F0F5
:10200000DDFF00207860BFF34F8F396843F6E0733F
:10201000C1F34E30CA08C1F3C9014E1C91074201F9
:1020200002EA030546F001E00D4400BF00BF00BF17
:10203000C7F8E05105F140450FF007C00028A0F1B6
:102040000100A2F12002EBD1BFF34F8FBFF36F8FDE
:1020500006F012FE06F0DCFEC9E9000106F00CFEF7
:10206000CAE900014FF4004E40F2000040F2400186
:10207000C6F60100C2F2002131F8022B20F8022B33
:102080000FF007C006F0F8FDC8E9000106F0F4FD06
:1020900006F0BEFEC4E90001D9E90001D4E900233D
:1020A0005940504008430DD14FF29630C0F2002005
:1020B00007F01EFC48E000BF000080470024744980
:1020C0000000803AD4E90001D9E90023801A99413F
:1020D00009F014FC00EE100A1FED091A81EE000A47
:1020E0001FED0A1A4EF2875020EE010A1FED0C1A5E
:1020F000C0F2002020EE010A20EE018A09F05EFF06
:10210000D8E90001DAE90023821A4EF64D4061EB6E
:102110000303C0F2002009F051FFD4E90001D9E91E
:102120000023821A4EF24A7061EB0303C0F20020D2
:1021300009F044FFB7EEC80A4FF29400C0F2002045
:1021400053EC102B09F03AFF00207860BFF34F8F5B
:10215000396843F6E073C1F34E30CA08C1F3C901D0
:102160004E1C9107420100BF02EA030546F001E060
:102170000D4400BF00BF00BFC7F8E05105F1404566
:102180000FF007C00028A0F10100A2F12002EBD15E
:10219000BFF34F8FBFF36F8F06F06EFD06F038FE72
:1021A000C9E9000106F068FDCAE900014FF4804E5C
:1021B00040F2000040F24001C6F60100C2F20021E8
:1021C00051F8042B40F8042B0FF007C006F054FD23
:1021D000C8E9000106F050FD06F01AFEC4E900014E
:1021E000D9E90001D4E9002359405040084306D101
:1021F0004FF29630C0F2002007F07AFB41E0D4E9BC
:102200000001D9E90023801A994109F077FB00EE1B
:10221000100A1FED571A81EE000A1FED581A4EF6EC
:10222000A93020EE010A1FED5A1AC0F2002020EE5C
:10223000010A20EE018A09F0C1FED8E90001DAE9BD
:102240000023821A4EF64D4061EB0303C0F20020DA
:1022500009F0B4FED4E90001D9E90023821A4EF254
:102260004A7061EB0303C0F2002009F0A7FEB7EE4D
:10227000C80A4FF29400C0F2002053EC102B09F072
:102280009DFE00207860BFF34F8F396843F6E073FE
:10229000C1F34E30CA08C1F3C9014E1C9107420177
:1022A00002EA030546F001E00D4400BF00BF00BF95
:1022B000C7F8E05105F140450FF007C00028A0F134
:1022C0000100A2F12002EBD1BFF34F8FBFF36F8F5C
:1022D00006F0D2FC06F09CFDC9E9000106F0CCFC3A
:1022E000CAE900014FF4005E40F2000140F24000F4
:1022F000C6F60101C2F20020F0E80223E1E8022361
:102300000FF007C006F0B8FCC8E9000106F0B4FC05
:1023100006F07EFDC4E90001D9E90001D4E90023FB
:1023200059405040084306D14FF29630C0F2002089
:1023300007F0DEFA41E0D4E90001D9E90023801A70
:10234000994109F0DBFA00EE100A1FEDA51A81EEA3
:10235000000A1FEDA61A4EF6FD2020EE010A1FED21
:10236000A81AC0F2002020EE010A20EE018A09F02E
:1023700025FED8E90001DAE90023821A4EF64D4025
:1023800061EB0303C0F2002009F018FED4E900015C
:10239000D9E90023821A4EF24A7061EB0303C0F2BE
:1023A000002009F00BFEB7EEC80A4FF29400C0F20D
:1023B000002053EC102B09F001FE00207860BFF3E1
:1023C0004F8F396843F6E073C1F34E30CA08C1F34A
:1023D000C9014E1C9107420102EA030546F001E0E3
:1023E0000D4400BF00BF00BFC7F8E05105F14045F4
:1023F0000FF007C00028A0F10100A2F12002EBD1EC
:10240000BFF34F8FBFF36F8F06F036FC06F000FD71
:10241000C9E9000106F030FCCAE900014FF4803E32
:1024200040F2000040F24001C6F60000C2F2002176
:1024300011F8012B00F8012B0FF007C006F01CFC6F
:10244000C8E9000106F018FC06F0E2FCC4E900014E
:10245000D9E90001D4E9002359405040084306D18E
:102460004FF29630C0F2002007F042FA41E0D4E982
:102470000001D9E90023801A994109F03FFA00EEE2
:10248000100A9FED971A81EE000A9FED961A4FF2FF
:10249000C95020EE010A9FED941AC0F2002020EEF0
:1024A000010A20EE018A09F089FDD8E90001DAE984
:1024B0000023821A4EF64D4061EB0303C0F2002068
:1024C00009F07CFDD4E90001D9E90023821A4EF21B
:1024D0004A7061EB0303C0F2002009F06FFDB7EE14
:1024E000C80A4FF29400C0F2002053EC102B09F000
:1024F00065FD00207860BFF34F8F396843F6E073C5
:10250000C1F34E30CA08C1F3C9014E1C9107420104
:1025100002EA030546F001E00D4400BF00BF00BF22
:10252000C7F8E05105F140450FF007C00028A0F1C1
:102530000100A2F12002EBD1BFF34F8FBFF36F8FE9
:1025400006F09AFB06F064FCC9E9000106F094FB72
:10255000CAE900014FF4004E40F2000040F2400191
:10256000C6F60000C2F2002131F8022B20F8022B3F
:102570000FF007C006F080FBC8E9000106F07CFB05
:1025800006F046FCC4E90001D9E90001D4E90023C2
:1025900059405040084306D14FF29630C0F2002017
:1025A00007F0A6F941E0D4E90001D9E90023801A37
:1025B000994109F0A3F900EE100A9FED491A81EE46
:1025C000000A9FED481A4EF2364020EE010A9FEDB8
:1025D000461AC0F2002020EE010A20EE018A09F01E
:1025E000EDFCD8E90001DAE90023821A4EF64D40ED
:1025F00061EB0303C0F2002009F0E0FCD4E9000124
:10260000D9E90023821A4EF24A7061EB0303C0F24B
:10261000002009F0D3FCB7EEC80A4FF29400C0F2D4
:10262000002053EC102B09F0C9FC00207860BFF3A8
:102630004F8F396843F6E073C1F34E30CA08C1F3D7
:10264000C9014E1C9107420102EA030546F001E070
:102650000D4400BF00BF00BFC7F8E05105F1404581
:102660000FF007C00028A0F10100A2F12002EBD179
:10267000BFF34F8FBFF36F8F06F0FEFA06F0C8FB73
:10268000C9E9000106F0F8FACAE900014FF4804EEA
:1026900040F2000040F24001C6F60000C2F2002104
:1026A00051F8042B40F8042B0FF007C006F0E4FAB1
:1026B000C8E9000106F0E0FA06F0AAFBC4E900014F
:1026C000D9E90001D4E900235940504008430DD115
:1026D0004FF29630C0F2002007F00AF948E000BF40
:1026E00000008047002474490000803AD4E90001CA
:1026F000D9E90023801A994109F000F900EE100A87
:102700001FED091A81EE000A1FED0A1A4EF6F810A5
:1027100020EE010A1FED0C1AC0F2002020EE010A83
:1027200020EE018A09F04AFCD8E90001DAE9002329
:10273000821A4EF64D4061EB0303C0F2002009F00F
:102740003DFCD4E90001D9E90023821A4EF24A7017
:1027500061EB0303C0F2002009F030FCB7EEC80AB9
:102760004FF29400C0F2002053EC102B09F026FC2D
:1027700000207860BFF34F8F396843F6E073C1F3F0
:102780004E30CA08C1F3C9014E1C9107420100BF77
:1027900002EA030546F001E00D4400BF00BF00BFA0
:1027A000C7F8E05105F140450FF007C00028A0F13F
:1027B0000100A2F12002EBD1BFF34F8FBFF36F8F67
:1027C00006F05AFA06F024FBC9E9000106F054FAB3
:1027D000CAE900014FF4005E40F2000040F24001FF
:1027E000C6F60000C2F20021F1E80223E0E802236D
:1027F0000FF007C006F040FAC8E9000106F03CFA05
:1028000006F006FBC4E90001D9E90001D4E9002380
:1028100059405040084306D14FF29630C0F2002094
:1028200007F066F841E0D4E90001D9E90023801AF5
:10283000994109F063F800EE100A1FED571A81EE76
:10284000000A1FED581A4EF24E6020EE010A1FEDED
:102850005A1AC0F2002020EE010A20EE018A09F087
:10286000ADFBD8E90001DAE90023821A4EF64D40AB
:1028700061EB0303C0F2002009F0A0FBD4E90001E2
:10288000D9E90023821A4EF24A7061EB0303C0F2C9
:10289000002009F093FBB7EEC80A4FF29400C0F293
:1028A000002053EC102B09F089FB4FF0D0404FF083
:1028B000007109F02AFAC8204FF47A7108F0E4FC9C
:1028C0004EF60050C0F2002007F012F800207860A9
:1028D000BFF34F8F396843F6E073C1F34E30CA0837
:1028E000C1F3C9014E1C9107420100BF00BF00BFE8
:1028F00002EA030546F001E00D4400BF00BF00BF3F
:10290000C7F8E05105F140450FF007C00028A0F1DD
:102910000100A2F12002EBD140F2705840F2100900
:10292000C2F20228C2F20029BFF34F8FBFF36F8FAC
:10293000002088F800000820A9F80C004FF48060FF
:10294000A9F80E0040F20000C6F60100C9F8080020
:102950000BF1006000F50030C9F80400D9F8000060
:1029600040F04050C9F8000006F086F906F050FA31
:1029700008AAC2E9000106F07FF94FF63022CAE941
:102980000001C0F20022D2E9004B2046594607F070
:10299000A3FF2046494607F0DFFF204608F01CF859
:1029A0000121204608F034F898F8000008B900BF6B
:1029B000FAE706F061F902AEC6E9000106F05CF93B
:1029C00006F026FA0DF1180ACAE90001204608F0BF
:1029D00047F808ADD5E90001DAE900235940504035
:1029E000084306D14FF29630C0F2002006F080FF77
:1029F00042E0DAE90001D5E90023801A994108F0A4
:102A00007DFF00EE100A1FEDCA1A81EE000A1FEDCD
:102A1000CB1A4EF69F6020EE010A1FEDCD1AC0F2D0
:102A2000002020EE010A20EE018A09F0C7FA04AA6C
:102A3000D6E90001D2E90023821A4EF64D4061EB3F
:102A40000303C0F2002009F0B9FADAE90001D5E980
:102A50000023821A4EF24A7061EB0303C0F2002099
:102A600009F0ACFAB7EEC80A4FF29400C0F20020A9
:102A700053EC102B09F0A2FA00207860BFF34F8FBF
:102A8000396843F6E073C1F34E30CA08C1F3C90197
:102A90004E1C9107420100BF02EA030546F001E027
:102AA0000D4400BF00BF00BFC7F8E05105F140452D
:102AB0000FF007C00028A0F10100A2F12002EBD125
:102AC000BFF34F8FBFF36F8F002088F800000820FE
:102AD000A9F80C004FF48060A9F80E0040F2000045
:102AE000C6F60100C9F8080040F24040C2F20120D9
:102AF000C9F80400D9F8000040F04050C9F80000BF
:102B000006F0BAF806F084F908AAC2E9000106F056
:102B1000B3F804AAC2E900012046594607F0DCFEDA
:102B20002046494607F018FF204607F055FF0121CF
:102B3000204607F06DFF00BF98F8000008B900BFFD
:102B4000FAE706F099F80DF10809C9E9000106F065
:102B500093F806F05DF90DF1180ACAE90001204664
:102B600007F07EFF0DF12008D8E90001DAE9002323
:102B700059405040084307D14FF29630C0F2002030
:102B800006F0B6FE04AC42E0DAE90001D8E9002321
:102B9000801A994108F0B2FE00EE100A9FEDE21A89
:102BA00081EE000A9FEDE11A4EF60F5020EE010A69
:102BB0009FEDDF1AC0F2002020EE010A20EE018A0C
:102BC00009F0FCF904ACD9E90001D4E90023821A28
:102BD0004EF64D4061EB0303C0F2002009F0EEF920
:102BE000DAE90001D8E90023821A4EF24A7061EB5B
:102BF0000303C0F2002009F0E1F9B7EEC80A4FF272
:102C00009400C0F2002053EC102B09F0D7F9962065
:102C10004FF47A7108F038FB4FF0D0404FF000715C
:102C200009F073F896204FF47A7108F02DFB00201C
:102C30007860BFF34F8F57F86C0C43F6E07320F4C5
:102C4000803047F86C0CBFF34F8F3968C1F34E30BA
:102C5000CA08C1F3C9014E1C9107420100BF00BF61
:102C600002EA030546F001E00D4400BF00BF00BFCB
:102C7000C7F8F45105F140450FF007C00028A0F156
:102C80000100A2F12002EBD14EF20001BFF34F8F01
:102C9000CEF20101BFF36F8F086840F004000860B6
:102CA000BFF34F8FBFF36F8F0868019057F86C0C1C
:102CB000C00331D400207860BFF34F8F396843F6EA
:102CC000E073C1F34E30CA08C1F3C9014E1C91072D
:102CD000420100BF00BF00BF02EA030546F001E069
:102CE0000D4400BF00BF00BFC7F8E05105F14045EB
:102CF0000FF007C00028A0F10100A2F12002EBD1E3
:102D0000BFF34F8F57F86C0C40F4803047F86C0CD1
:102D1000BFF34F8FBFF36F8F0198400705D44FF279
:102D2000BC40C0F2002001F08BBE4EF21450C0F245
:102D3000002006F0DDFD00207860BFF34F8F39687A
:102D400043F6E073C1F34E30CA08C1F3C9014E1C0B
:102D50009107420100BF00BF02EA030546F001E00F
:102D60000D4400BF00BF00BFC7F8E05105F140456A
:102D70000FF007C00028A0F10100A2F12002EBD162
:102D8000BFF34F8FBFF36F8F05F076FFC4E90001EB
:102D900005F072FF06F03CF8C8E900014FF4803EF0
:102DA00040F2000040F20001C6F60100C2F200014C
:102DB00011F8012B00F8012B0FF007C005F05CFFA4
:102DC000C9E9000105F058FF06F022F8CAE9000140
:102DD000D8E90001DAE9002359405040084306D100
:102DE0004FF29630C0F2002006F082FD41E0DAE9B1
:102DF0000001D8E90023801A994108F07FFD00EE18
:102E0000100A9FED491A81EE000A9FED481A4EF60E
:102E1000B04020EE010A9FED461AC0F2002020EEDD
:102E2000010A20EE018A09F0C9F8D9E90001D4E9C4
:102E30000023821A4EF64D4061EB0303C0F20020DE
:102E400009F0BCF8DAE90001D8E90023821A4EF251
:102E50004A7061EB0303C0F2002009F0AFF8B7EE4F
:102E6000C80A4FF29400C0F2002053EC102B09F076
:102E7000A5F800207860BFF34F8F396843F6E07300
:102E8000C1F34E30CA08C1F3C9014E1C910742017B
:102E900002EA030546F001E00D4400BF00BF00BF99
:102EA000C7F8E05105F140450FF007C00028A0F138
:102EB0000100A2F12002EBD1BFF34F8FBFF36F8F60
:102EC00005F0DAFE05F0A4FFC8E9000105F0D4FE24
:102ED000C4E900014FF4004E40F2000040F200014E
:102EE000C6F60100C2F2000131F8022B20F8022BD5
:102EF0000FF007C005F0C0FEC9E9000105F0BCFEF7
:102F000005F086FFCAE90001D8E90001DAE90023EB
:102F10005940504008430DD14FF29630C0F2002086
:102F200006F0E6FC48E000BF00008047002474493A
:102F30000000803ADAE90001D8E90023801A9941BB
:102F400008F0DCFC00EE100A1FED091A81EE000A01
:102F50001FED0A1A4EF2375020EE010A1FED0C1A2F
:102F6000C0F2002020EE010A20EE018A09F026F8C6
:102F7000D9E90001D4E90023821A4EF64D4061EBF5
:102F80000303C0F2002009F019F8DAE90001D8E9DA
:102F90000023821A4EF24A7061EB0303C0F2002054
:102FA00009F00CF8B7EEC80A4FF29400C0F2002006
:102FB00053EC102B09F002F800207860BFF34F8F1C
:102FC000396843F6E073C1F34E30CA08C1F3C90152
:102FD0004E1C9107420100BF02EA030546F001E0E2
:102FE0000D4400BF00BF00BFC7F8E05105F14045E8
:102FF0000FF007C00028A0F10100A2F12002EBD1E0
:10300000BFF34F8FBFF36F8F05F036FE05F000FF63
:10301000C8E9000105F030FEC4E900014FF4804E1C
:1030200040F2000040F20001C6F60100C2F20001C9
:1030300051F8042B40F8042B0FF007C005F01CFEDC
:10304000C9E9000105F018FE05F0E2FECAE9000139
:10305000D8E90001DAE9002359405040084306D17D
:103060004FF29630C0F2002006F042FC41E0DAE96F
:103070000001D8E90023801A994108F03FFC00EED6
:10308000100A1FED571A81EE000A1FED581A4FF271
:10309000AF6020EE010A1FED5A1AC0F2002020EEA8
:1030A000010A20EE018A08F089FFD9E90001D4E97C
:1030B0000023821A4EF64D4061EB0303C0F200205C
:1030C00008F07CFFDAE90001D8E90023821A4EF209
:1030D0004A7061EB0303C0F2002008F06FFFB7EE07
:1030E000C80A4FF29400C0F2002053EC102B08F0F5
:1030F00065FF00207860BFF34F8F396843F6E073B7
:10310000C1F34E30CA08C1F3C9014E1C91074201F8
:1031100002EA030546F001E00D4400BF00BF00BF16
:10312000C7F8E05105F140450FF007C00028A0F1B5
:103130000100A2F12002EBD1BFF34F8FBFF36F8FDD
:1031400005F09AFD05F064FEC8E9000105F094FD64
:10315000C4E900014FF4005E40F2000040F20001BB
:10316000C6F60100C2F20001F1E80223E0E8022302
:103170000FF007C005F080FDC9E9000105F07CFDF6
:1031800005F046FECAE90001D8E90001DAE90023AA
:1031900059405040084306D14FF29630C0F200200B
:1031A00006F0A6FB41E0DAE90001D8E90023801A25
:1031B000994108F0A3FB00EE100A1FEDA51A81EE5D
:1031C000000A1FEDA61A4EF6765020EE010A1FEDFA
:1031D000A81AC0F2002020EE010A20EE018A08F0B1
:1031E000EDFED9E90001D4E90023821A4EF64D40E4
:1031F00061EB0303C0F2002008F0E0FEDAE9000111
:10320000D8E90023821A4EF24A7061EB0303C0F240
:10321000002008F0D3FEB7EEC80A4FF29400C0F2C7
:10322000002053EC102B08F0C9FE00207860BFF39B
:103230004F8F396843F6E073C1F34E30CA08C1F3CB
:10324000C9014E1C9107420102EA030546F001E064
:103250000D4400BF00BF00BFC7F8E05105F1404575
:103260000FF007C00028A0F10100A2F12002EBD16D
:10327000BFF34F8FBFF36F8F05F0FEFC05F0C8FD65
:10328000C8E9000105F0F8FCC4E900014FF4803EF4
:1032900040F2000040F20001C6F60000C2F2000158
:1032A00011F8012B00F8012B0FF007C005F0E4FC2A
:1032B000C9E9000105F0E0FC05F0AAFDCAE900013A
:1032C000D8E90001DAE9002359405040084306D10B
:1032D0004FF29630C0F2002006F00AFB41E0DAE936
:1032E0000001D8E90023801A994108F007FB00EE9D
:1032F000100A9FED971A81EE000A9FED961A4FF281
:10330000C52020EE010A9FED941AC0F2002020EEA5
:10331000010A20EE018A08F051FED9E90001D4E942
:103320000023821A4EF64D4061EB0303C0F20020E9
:1033300008F044FEDAE90001D8E90023821A4EF2CF
:103340004A7061EB0303C0F2002008F037FEB7EECD
:10335000C80A4FF29400C0F2002053EC102B08F082
:103360002DFE00207860BFF34F8F396843F6E0737D
:10337000C1F34E30CA08C1F3C9014E1C9107420186
:1033800002EA030546F001E00D4400BF00BF00BFA4
:10339000C7F8E05105F140450FF007C00028A0F143
:1033A0000100A2F12002EBD1BFF34F8FBFF36F8F6B
:1033B00005F062FC05F02CFDC8E9000105F05CFC9D
:1033C000C4E900014FF4004E40F2000040F2000159
:1033D000C6F60000C2F2000131F8022B20F8022BE1
:1033E0000FF007C005F048FCC9E9000105F044FCF6
:1033F00005F00EFDCAE90001D8E90001DAE9002371
:1034000059405040084306D14FF29630C0F2002098
:1034100006F06EFA41E0DAE90001D8E90023801AEB
:10342000994108F06BFA00EE100A9FED491A81EEFF
:10343000000A9FED481A4FF20B4020EE010A9FED63
:10344000461AC0F2002020EE010A20EE018A08F0A0
:10345000B5FDD9E90001D4E90023821A4EF64D40AA
:1034600061EB0303C0F2002008F0A8FDDAE90001D7
:10347000D8E90023821A4EF24A7061EB0303C0F2CE
:10348000002008F09BFDB7EEC80A4FF29400C0F28E
:10349000002053EC102B08F091FD00207860BFF362
:1034A0004F8F396843F6E073C1F34E30CA08C1F359
:1034B000C9014E1C9107420102EA030546F001E0F2
:1034C0000D4400BF00BF00BFC7F8E05105F1404503
:1034D0000FF007C00028A0F10100A2F12002EBD1FB
:1034E000BFF34F8FBFF36F8F05F0C6FB05F090FC65
:1034F000C8E9000105F0C0FBC4E900014FF4804EAB
:1035000040F2000040F20001C6F60000C2F20001E5
:1035100051F8042B40F8042B0FF007C005F0ACFB6A
:10352000C9E9000105F0A8FB05F072FCCAE9000139
:10353000D8E90001DAE900235940504008430DD191
:103540004FF29630C0F2002006F0D2F948E000BFFA
:1035500000008047002474490000803ADAE9000145
:10356000D8E90023801A994108F0C8F900EE100A42
:103570001FED091A81EE000A1FED0A1A4EF2DA60F9
:1035800020EE010A1FED0C1AC0F2002020EE010A05
:1035900020EE018A08F012FDD9E90001D4E90023E8
:1035A000821A4EF64D4061EB0303C0F2002008F092
:1035B00005FDDAE90001D8E90023821A4EF24A70CB
:1035C00061EB0303C0F2002008F0F8FCB7EEC80A74
:1035D0004FF29400C0F2002053EC102B08F0EEFCE8
:1035E00000207860BFF34F8F396843F6E073C1F372
:1035F0004E30CA08C1F3C9014E1C9107420100BFF9
:1036000002EA030546F001E00D4400BF00BF00BF21
:10361000C7F8E05105F140450FF007C00028A0F1C0
:103620000100A2F12002EBD1BFF34F8FBFF36F8FE8
:1036300005F022FB05F0ECFBC8E9000105F01CFBDE
:10364000C4E900014FF4005E40F2000040F20001C6
:10365000C6F60000C2F20001F1E80223E0E802230E
:103660000FF007C005F008FBC9E9000105F004FBF5
:1036700005F0CEFBCAE90001D8E90001DAE9002330
:1036800059405040084306D14FF29630C0F2002016
:1036900006F02EF941E0DAE90001D8E90023801AAA
:1036A000994108F02BF900EE100A1FED571A81EE30
:1036B000000A1FED581A4FF2D54020EE010A1FED07
:1036C0005A1AC0F2002020EE010A20EE018A08F00A
:1036D00075FCD9E90001D4E90023821A4EF64D4069
:1036E00061EB0303C0F2002008F068FCDAE9000196
:1036F000D8E90023821A4EF24A7061EB0303C0F24C
:10370000002008F05BFCB7EEC80A4FF29400C0F24C
:10371000002053EC102B08F051FC00207860BFF320
:103720004F8F396843F6E073C1F34E30CA08C1F3D6
:10373000C9014E1C9107420102EA030546F001E06F
:103740000D4400BF00BF00BFC7F8E05105F1404580
:103750000FF007C00028A0F10100A2F12002EBD178
:10376000BFF34F8FBFF36F8F05F086FA05F050FB64
:10377000C8E9000105F080FAC4E900014FF4803E79
:1037800040F2000040F24041C6F60100C2F20121C1
:1037900011F8012B00F8012B0FF007C005F06CFAAF
:1037A000C9E9000105F068FA05F032FBCAE9000139
:1037B000D8E90001DAE9002359405040084306D116
:1037C0004FF29630C0F2002006F092F841E0DAE9BC
:1037D0000001D8E90023801A994108F08FF800EE23
:1037E000100A1FEDA51A81EE000A1FEDA61A4FF26E
:1037F000EB7020EE010A1FEDA81AC0F2002020EEA7
:10380000010A20EE018A08F0D9FBD9E90001D4E9C8
:103810000023821A4EF64D4061EB0303C0F20020F4
:1038200008F0CCFBDAE90001D8E90023821A4EF255
:103830004A7061EB0303C0F2002008F0BFFBB7EE53
:10384000C80A4FF29400C0F2002053EC102B08F08D
:10385000B5FB00207860BFF34F8F396843F6E07303
:10386000C1F34E30CA08C1F3C9014E1C9107420191
:1038700002EA030546F001E00D4400BF00BF00BFAF
:10388000C7F8E05105F140450FF007C00028A0F14E
:103890000100A2F12002EBD1BFF34F8FBFF36F8F76
:1038A00005F0EAF905F0B4FAC8E9000105F0E4F919
:1038B000C4E900014FF4004E40F2000040F24041E4
:1038C000C6F60100C2F2012131F8022B20F8022BCA
:1038D0000FF007C005F0D0F9C9E9000105F0CCF9F7
:1038E00005F096FACAE90001D8E90001DAE90023F7
:1038F00059405040084306D14FF29630C0F20020A4
:1039000005F0F6FF41E0DAE90001D8E90023801A6A
:10391000994107F0F3FF00EE100A9FED971A81EE30
:10392000000A9FED961A4EF6A81020EE010A9FEDB0
:10393000941AC0F2002020EE010A20EE018A08F05D
:103940003DFBD9E90001D4E90023821A4EF64D402F
:1039500061EB0303C0F2002008F030FBDAE900015C
:10396000D8E90023821A4EF24A7061EB0303C0F2D9
:10397000002008F023FBB7EEC80A4FF29400C0F213
:10398000002053EC102B08F019FB00207860BFF3E7
:103990004F8F396843F6E073C1F34E30CA08C1F364
:1039A000C9014E1C9107420102EA030546F001E0FD
:1039B0000D4400BF00BF00BFC7F8E05105F140450E
:1039C0000FF007C00028A0F10100A2F12002EBD106
:1039D000BFF34F8FBFF36F8F05F04EF905F018FA64
:1039E000C8E9000105F048F9C4E900014FF4804E30
:1039F00040F2000040F24041C6F60100C2F201214F
:103A000051F8042B40F8042B0FF007C005F034F9EF
:103A1000C9E9000105F030F905F0FAF9CAE9000139
:103A2000D8E90001DAE9002359405040084306D1A3
:103A30004FF29630C0F2002005F05AFF41E0DAE97B
:103A40000001D8E90023801A994107F057FF00EEE2
:103A5000100A9FED491A81EE000A9FED481A4FF6B1
:103A60003B0020EE010A9FED461AC0F2002020EE36
:103A7000010A20EE018A08F0A1FAD9E90001D4E98F
:103A80000023821A4EF64D4061EB0303C0F2002082
:103A900008F094FADAE90001D8E90023821A4EF21C
:103AA0004A7061EB0303C0F2002008F087FAB7EE1A
:103AB000C80A4FF29400C0F2002053EC102B08F01B
:103AC0007DFA00207860BFF34F8F396843F6E073CA
:103AD000C1F34E30CA08C1F3C9014E1C910742011F
:103AE00002EA030546F001E00D4400BF00BF00BF3D
:103AF000C7F8E05105F140450FF007C00028A0F1DC
:103B00000100A2F12002EBD1BFF34F8FBFF36F8F03
:103B100005F0B2F805F07CF9C8E9000105F0ACF851
:103B2000C4E900014FF4005E40F2000040F2404161
:103B3000C6F60100C2F20121F1E80223E0E8022307
:103B40000FF007C005F098F8C9E9000105F094F8F6
:103B500005F05EF9CAE90001D8E90001DAE90023BD
:103B60005940504008430DD14FF29630C0F200202A
:103B700005F0BEFE48E000BF000080470024744905
:103B80000000803ADAE90001D8E90023801A99415F
:103B900007F0B4FE00EE100A1FED091A81EE000ACC
:103BA0001FED0A1A4EF6091020EE010A1FED0C1A3D
:103BB000C0F2002020EE010A20EE018A08F0FEF992
:103BC000D9E90001D4E90023821A4EF64D4061EB99
:103BD0000303C0F2002008F0F1F9DAE90001D8E9A6
:103BE0000023821A4EF24A7061EB0303C0F20020F8
:103BF00008F0E4F9B7EEC80A4FF29400C0F20020D2
:103C000053EC102B08F0DAF900207860BFF34F8FE7
:103C1000396843F6E073C1F34E30CA08C1F3C901F5
:103C20004E1C9107420100BF02EA030546F001E085
:103C30000D4400BF00BF00BFC7F8E05105F140458B
:103C40000FF007C00028A0F10100A2F12002EBD183
:103C5000BFF34F8FBFF36F8F05F00EF805F0D8F864
:103C6000C8E9000105F008F8C4E900014FF4803EFE
:103C700040F2000040F24041C6F60000C2F20121CD
:103C800011F8012B00F8012B0FF007C004F0F4FF2E
:103C9000C9E9000104F0F0FF05F0BAF8CAE9000133
:103CA000D8E90001DAE9002359405040084306D121
:103CB0004FF29630C0F2002005F01AFE41E0DAE93A
:103CC0000001D8E90023801A994107F017FE00EEA1
:103CD000100A1FED571A81EE000A1FED581A4EF612
:103CE000C65020EE010A1FED5A1AC0F2002020EE45
:103CF000010A20EE018A08F061F9D9E90001D4E94E
:103D00000023821A4EF64D4061EB0303C0F20020FF
:103D100008F054F9DAE90001D8E90023821A4EF2DA
:103D20004A7061EB0303C0F2002008F047F9B7EED8
:103D3000C80A4FF29400C0F2002053EC102B08F098
:103D40003DF900207860BFF34F8F396843F6E07388
:103D5000C1F34E30CA08C1F3C9014E1C910742019C
:103D600002EA030546F001E00D4400BF00BF00BFBA
:103D7000C7F8E05105F140450FF007C00028A0F159
:103D80000100A2F12002EBD1BFF34F8FBFF36F8F81
:103D900004F072FF05F03CF8C8E9000104F06CFF84
:103DA000C4E900014FF4004E40F2000040F24041EF
:103DB000C6F60000C2F2012131F8022B20F8022BD6
:103DC0000FF007C004F058FFC9E9000104F054FFE8
:103DD00005F01EF8CAE90001D8E90001DAE900237C
:103DE00059405040084306D14FF29630C0F20020AF
:103DF00005F07EFD41E0DAE90001D8E90023801AF0
:103E0000994107F07BFD00EE100A1FEDA51A81EE27
:103E1000000A1FEDA61A4EF6BE7020EE010A1FED35
:103E2000A81AC0F2002020EE010A20EE018A08F054
:103E3000C5F8D9E90001D4E90023821A4EF64D40B5
:103E400061EB0303C0F2002008F0B8F8DAE90001E2
:103E5000D8E90023821A4EF24A7061EB0303C0F2E4
:103E6000002008F0ABF8B7EEC80A4FF29400C0F299
:103E7000002053EC102B08F0A1F800207860BFF36D
:103E80004F8F396843F6E073C1F34E30CA08C1F36F
:103E9000C9014E1C9107420102EA030546F001E008
:103EA0000D4400BF00BF00BFC7F8E05105F1404519
:103EB0000FF007C00028A0F10100A2F12002EBD111
:103EC000BFF34F8FBFF36F8F04F0D6FE04F0A0FF57
:103ED000C8E9000104F0D0FEC4E900014FF4804EAF
:103EE00040F2000040F24041C6F60000C2F201215B
:103EF00051F8042B40F8042B0FF007C004F0BCFE6F
:103F0000C9E9000104F0B8FE04F082FFCAE900012B
:103F1000D8E90001DAE9002359405040084306D1AE
:103F20004FF29630C0F2002005F0E2FC41E0DAE901
:103F30000001D8E90023801A994107F0DFFC00EE68
:103F4000100A9FED971A81EE000A9FED961A4EF225
:103F5000E63020EE010A9FED941AC0F2002020EE18
:103F6000010A20EE018A08F029F8D9E90001D4E914
:103F70000023821A4EF64D4061EB0303C0F200208D
:103F800008F01CF8DAE90001D8E90023821A4EF2A1
:103F90004A7061EB0303C0F2002008F00FF8B7EE9F
:103FA000C80A4FF29400C0F2002053EC102B08F026
:103FB00005F800207860BFF34F8F396843F6E0734F
:103FC000C1F34E30CA08C1F3C9014E1C910742012A
:103FD00002EA030546F001E00D4400BF00BF00BF48
:103FE000C7F8E05105F140450FF007C00028A0F1E7
:103FF0000100A2F12002EBD1BFF34F8FBFF36F8F0F
:1040000004F03AFE04F004FFC8E9000104F034FEB5
:10401000C4E900014FF4005E40F2000040F240416C
:10402000C6F60000C2F20121F1E80223E0E8022313
:104030000FF007C004F020FEC9E9000104F01CFEE7
:1040400004F0E6FECAE90001D8E90001DAE900233C
:1040500059405040084306D14FF29630C0F200203C
:1040600005F046FC41E0DAE90001D8E90023801AB6
:10407000994107F043FC00EE100A9FED491A81EECA
:10408000000A9FED481A4FF20E0020EE010A9FED44
:10409000461AC0F2002020EE010A20EE018A07F045
:1040A0008DFFD9E90001D4E90023821A4EF64D4074
:1040B00061EB0303C0F2002007F080FFDAE90001A2
:1040C000D8E90023821A4EF24A7061EB0303C0F272
:1040D000002007F073FFB7EEC80A4FF29400C0F259
:1040E000002053EC102B07F069FF00207860BFF32D
:1040F0004F8F396843F6E073C1F34E30CA08C1F3FD
:10410000C9014E1C9107420102EA030546F001E095
:104110000D4400BF00BF00BFC7F8E05105F14045A6
:104120000FF007C00028A0F10100A2F12002EBD19E
:10413000BFF34F8FBFF36F8F04F09EFD04F068FE56
:10414000C8E9000104F098FDC4E900014FF4803E85
:1041500040F2000040F24001C6F60100C2F2002128
:1041600011F8012B00F8012B0FF007C004F084FDBB
:10417000C9E9000104F080FD04F04AFECAE900012B
:10418000D8E90001DAE900235940504008430DD135
:104190004FF29630C0F2002005F0AAFB48E000BFC5
:1041A00000008047002474490000803ADAE90001E9
:1041B000D8E90023801A994107F0A0FB00EE100A0D
:1041C0001FED091A81EE000A1FED0A1A4EF21E2099
:1041D00020EE010A1FED0C1AC0F2002020EE010AA9
:1041E00020EE018A07F0EAFED9E90001D4E90023B4
:1041F000821A4EF64D4061EB0303C0F2002007F037
:10420000DDFEDAE90001D8E90023821A4EF24A7095
:1042100061EB0303C0F2002007F0D0FEB7EEC80A3E
:104220004FF29400C0F2002053EC102B07F0C6FEB2
:1042300000207860BFF34F8F396843F6E073C1F315
:104240004E30CA08C1F3C9014E1C9107420100BF9C
:1042500002EA030546F001E00D4400BF00BF00BFC5
:10426000C7F8E05105F140450FF007C00028A0F164
:104270000100A2F12002EBD1BFF34F8FBFF36F8F8C
:1042800004F0FAFC04F0C4FDC8E9000104F0F4FCF9
:10429000C4E900014FF4004E40F2000040F240013A
:1042A000C6F60100C2F2002131F8022B20F8022BE1
:1042B0000FF007C004F0E0FCC9E9000104F0DCFCE9
:1042C00004F0A6FDCAE90001D8E90001DAE90023FB
:1042D00059405040084306D14FF29630C0F20020BA
:1042E00005F006FB41E0DAE90001D8E90023801A75
:1042F000994107F003FB00EE100A1FED571A81EEFB
:10430000000A1FED581A4EF2875020EE010A1FEDE9
:104310005A1AC0F2002020EE010A20EE018A07F0AE
:104320004DFED9E90001D4E90023821A4EF64D4032
:1043300061EB0303C0F2002007F040FEDAE9000160
:10434000D8E90023821A4EF24A7061EB0303C0F2EF
:10435000002007F033FEB7EEC80A4FF29400C0F217
:10436000002053EC102B07F029FE00207860BFF3EB
:104370004F8F396843F6E073C1F34E30CA08C1F37A
:10438000C9014E1C9107420102EA030546F001E013
:104390000D4400BF00BF00BFC7F8E05105F1404524
:1043A0000FF007C00028A0F10100A2F12002EBD11C
:1043B000BFF34F8FBFF36F8F04F05EFC04F028FD56
:1043C000C8E9000104F058FCC4E900014FF4804E34
:1043D00040F2000040F24001C6F60100C2F20021A6
:1043E00051F8042B40F8042B0FF007C004F044FCF4
:1043F000C9E9000104F040FC04F00AFDCAE900012B
:10440000D8E90001DAE9002359405040084306D1B9
:104410004FF29630C0F2002005F06AFA41E0DAE986
:104420000001D8E90023801A994107F067FA00EEED
:10443000100A1FEDA51A81EE000A1FEDA61A4EF60E
:10444000A93020EE010A1FEDA81AC0F2002020EECC
:10445000010A20EE018A07F0B1FDD9E90001D4E993
:104460000023821A4EF64D4061EB0303C0F2002098
:1044700007F0A4FDDAE90001D8E90023821A4EF220
:104480004A7061EB0303C0F2002007F097FDB7EE1E
:10449000C80A4FF29400C0F2002053EC102B07F032
:1044A0008DFD00207860BFF34F8F396843F6E073CD
:1044B000C1F34E30CA08C1F3C9014E1C9107420135
:1044C00002EA030546F001E00D4400BF00BF00BF53
:1044D000C7F8E05105F140450FF007C00028A0F1F2
:1044E0000100A2F12002EBD1BFF34F8FBFF36F8F1A
:1044F00004F0C2FB04F08CFCC8E9000104F0BCFB32
:10450000C4E900014FF4005E40F2000040F24001B7
:10451000C6F60100C2F20021F1E80223E0E802231E
:104520000FF007C004F0A8FBC9E9000104F0A4FBE8
:1045300004F06EFCCAE90001D8E90001DAE90023C1
:1045400059405040084306D14FF29630C0F2002047
:1045500005F0CEF941E0DAE90001D8E90023801A3C
:10456000994107F0CBF900EE100A9FED971A81EE02
:10457000000A9FED961A4EF6FD2020EE010A9FEDEF
:10458000941AC0F2002020EE010A20EE018A07F002
:1045900015FDD9E90001D4E90023821A4EF64D40F9
:1045A00061EB0303C0F2002007F008FDDAE9000127
:1045B000D8E90023821A4EF24A7061EB0303C0F27D
:1045C000002007F0FBFCB7EEC80A4FF29400C0F2DF
:1045D000002053EC102B07F0F1FC00207860BFF3B3
:1045E0004F8F396843F6E073C1F34E30CA08C1F308
:1045F000C9014E1C9107420102EA030546F001E0A1
:104600000D4400BF00BF00BFC7F8E05105F14045B1
:104610000FF007C00028A0F10100A2F12002EBD1A9
:10462000BFF34F8FBFF36F8F04F026FB04F0F0FB56
:10463000C8E9000104F020FBC4E900014FF4803E0A
:1046400040F2000040F24001C6F60000C2F2002134
:1046500011F8012B00F8012B0FF007C004F00CFB40
:10466000C9E9000104F008FB04F0D2FBCAE900012B
:10467000D8E90001DAE9002359405040084306D147
:104680004FF29630C0F2002005F032F941E0DAE94D
:104690000001D8E90023801A994107F02FF900EEB4
:1046A000100A9FED491A81EE000A9FED481A4FF259
:1046B000C95020EE010A9FED461AC0F2002020EEFC
:1046C000010A20EE018A07F079FCD9E90001D4E95A
:1046D0000023821A4EF64D4061EB0303C0F2002026
:1046E00007F06CFCDAE90001D8E90023821A4EF2E7
:1046F0004A7061EB0303C0F2002007F05FFCB7EEE5
:10470000C80A4FF29400C0F2002053EC102B07F0BF
:1047100055FC00207860BFF34F8F396843F6E07393
:10472000C1F34E30CA08C1F3C9014E1C91074201C2
:1047300002EA030546F001E00D4400BF00BF00BFE0
:10474000C7F8E05105F140450FF007C00028A0F17F
:104750000100A2F12002EBD1BFF34F8FBFF36F8FA7
:1047600004F08AFA04F054FBC8E9000104F084FA6A
:10477000C4E900014FF4004E40F2000040F2400155
:10478000C6F60000C2F2002131F8022B20F8022BFD
:104790000FF007C004F070FAC9E9000104F06CFAE8
:1047A00004F036FBCAE90001D8E90001DAE9002388
:1047B0005940504008430DD14FF29630C0F20020CE
:1047C00005F096F848E000BF0000804700247449D7
:1047D0000000803ADAE90001D8E90023801A994103
:1047E00007F08CF800EE100A9FEDBD1A81EE000A6A
:1047F0009FEDBC1A4EF2364020EE010A9FEDBA1A28
:10480000C0F2002020EE010A20EE018A07F0D6FB5C
:10481000D9E90001D4E90023821A4EF64D4061EB3C
:104820000303C0F2002007F0C9FBDAE90001D8E970
:104830000023821A4EF24A7061EB0303C0F200209B
:1048400007F0BCFBB7EEC80A4FF29400C0F200209C
:1048500053EC102B07F0B2FB00207860BFF34F8FB2
:10486000396843F6E073C1F34E30CA08C1F3C90199
:104870004E1C9107420100BF02EA030546F001E029
:104880000D4400BF00BF00BFC7F8E05105F140452F
:104890000FF007C00028A0F10100A2F12002EBD127
:1048A000BFF34F8FBFF36F8F04F0E6F904F0B0FA57
:1048B000C8E9000104F0E0F9C4E900014FF4804EBA
:1048C00040F2000040F24001C6F60000C2F20021B2
:1048D00051F8042B40F8042B0FF007C004F0CCF97A
:1048E000C9E9000104F0C8F904F092FACAE900012C
:1048F000D8E90001DAE9002359405040084306D1C5
:104900004FF29630C0F2002004F0F2FF41E0DAE905
:104910000001D8E90023801A994106F0EFFF00EE6C
:10492000100A9FED6F1A81EE000A9FED6E1A4EF687
:10493000F81020EE010A9FED6C1AC0F2002020EE64
:10494000010A20EE018A07F039FBD9E90001D4E918
:104950000023821A4EF64D4061EB0303C0F20020A3
:1049600007F02CFBDAE90001D8E90023821A4EF2A5
:104970004A7061EB0303C0F2002007F01FFBB7EEA3
:10498000C80A4FF29400C0F2002053EC102B07F03D
:1049900015FB00207860BFF34F8F396843F6E07352
:1049A000C1F34E30CA08C1F3C9014E1C9107420140
:1049B00002EA030546F001E00D4400BF00BF00BF5E
:1049C000C7F8E05105F140450FF007C00028A0F1FD
:1049D0000100A2F12002EBD1BFF34F8FBFF36F8F25
:1049E00004F04AF904F014FAC8E9000104F044F9AB
:1049F000C4E900014FF4005E40F2000040F24001C3
:104A0000C6F60000C2F20021F1E80223E0E802232A
:104A10000FF007C004F030F9C9E9000104F02CF9E7
:104A200004F0F6F9CAE90001D8E90001DAE9002347
:104A30005940504008430BD14FF29630C0F200204D
:104A40000AB0BDEC028B01B0BDE8F04F04F050BFDE
:104A5000DAE90001D8E90023801A994106F04EFFF7
:104A600000EE100A9FED1E1A81EE000A9FED1D1A3E
:104A70004EF24E6020EE010A9FED1B1AC0F200209C
:104A800020EE010A20EE018A07F098FAD9E9000128
:104A9000D4E90023821A4EF64D4061EB0303C0F2C5
:104AA000002007F08BFADAE90001D8E90023821A26
:104AB0004EF24A7061EB0303C0F2002007F07EFA69
:104AC000B7EEC80A4FF29400C0F2002053EC102B4E
:104AD0000AB0BDEC028B01B0BDE8F04F07F06EBA32
:104AE00000008047002474490000803AD4D4D4D414
:104AF0002DE9F04F81B02DED028B8AB040F200011C
:104B00006FF0E040C6F601010A184FF6FE71CFF2D1
:104B1000FF718A4208D84EF2126040F20001C0F2E2
:104B20000020C6F601010EE040F20002C6F60002C7
:104B3000104488420FD84EF2A61040F20001C0F295
:104B40000020C6F600010AB0BDEC028B01B0BDE842
:104B5000F04F07F033BA4EF680570020CEF2000730
:104B600043F6E0737860BFF34F8F57F86C0C20F476
:104B7000803047F86C0CBFF34F8F3968C1F34E306B
:104B8000CA08C1F3C9014E1C9107420100BF00BF12
:104B900002EA030546F001E00D4400BF00BF00BF7C
:104BA000C7F8F45105F140450FF007C00028A0F107
:104BB0000100A2F12002EBD14EF20001CEF2010180
:104BC000BFF34F8FBFF36F8F086820F004000860B9
:104BD000BFF34F8FBFF36F8F0868019001984007B4
:104BE00000F1A08057F86C0CC00331D4002078602D
:104BF000BFF34F8F396843F6E073C1F34E30CA08F4
:104C0000C1F3C9014E1C9107420100BF00BF00BFA4
:104C100002EA030546F001E00D4400BF00BF00BFFB
:104C2000C7F8E05105F140450FF007C00028A0F19A
:104C30000100A2F12002EBD1BFF34F8F57F86C0CAB
:104C400040F4803047F86C0CBFF34F8FBFF36F8F89
:104C50004EF22A70C0F2002004F04AFE0020786074
:104C6000BFF34F8F396843F6E073C1F34E30CA0883
:104C7000C1F3C9014E1C9107420100BF00BF00BF34
:104C800002EA030546F001E00D4400BF00BF00BF8B
:104C9000C7F8E05105F140450FF007C00028A0F12A
:104CA0000100A2F12002EBD1BFF34F8FBFF36F8F52
:104CB00003F0E2FF0DF1100ACAE9000103F0DCFF86
:104CC00004F0A6F80DF120094FF4803EC9E9000177
:104CD00040F2000040F20001C2F20000C6F60101FD
:104CE00011F8012B00F8012B0FF007C003F0C4FFEF
:104CF0000DF10808C8E9000103F0BEFF04F088F8D0
:104D000006ACC4E90001D9E90001D4E90023594007
:104D1000504008430CD14FF29630C0F2002004F00E
:104D2000E7FD47E04EF23860C0F2002003F028BFF4
:104D3000D4E90001D9E90023801A994106F0DEFD8B
:104D400000EE100A9FED981A81EE000A9FED971A67
:104D50004FF2606020EE010A9FED951AC0F200202C
:104D600020EE010A20EE018A07F028F9D8E90001B7
:104D7000DAE90023821A4EF64D4061EB0303C0F2DC
:104D8000002007F01BF9D4E90001D9E90023821AB9
:104D90004EF24A7061EB0303C0F2002007F00EF9F7
:104DA000B7EEC80A4FF29400C0F2002053EC102B6B
:104DB00007F004F900207860BFF34F8F396843F69D
:104DC000E073C1F34E30CA08C1F3C9014E1C91070C
:104DD000420100BF00BF00BF02EA030546F001E048
:104DE0000D4400BF00BF00BFC7F8E05105F14045CA
:104DF0000FF007C00028A0F10100A2F12002EBD1C2
:104E0000BFF34F8FBFF36F8F03F036FF04F000F84E
:104E1000C9E9000103F030FFCAE900014FF4004E78
:104E200040F2000040F20001C2F20000C6F60101AB
:104E300031F8022B20F8022B0FF007C003F01CFF03
:104E4000C8E9000103F018FF03F0E2FFC4E9000124
:104E5000D9E90001D4E9002359405040084306D164
:104E60004FF29630C0F2002004F042FD41E0D4E958
:104E70000001D9E90023801A994106F03FFD00EEB8
:104E8000100A9FED491A81EE000A9FED481A4EF272
:104E9000973020EE010A9FED461AC0F2002020EE66
:104EA000010A20EE018A07F089F8D8E90001DAE961
:104EB0000023821A4EF64D4061EB0303C0F200203E
:104EC00007F07CF8D4E90001D9E90023821A4EF2F8
:104ED0004A7061EB0303C0F2002007F06FF8B7EEF1
:104EE000C80A4FF29400C0F2002053EC102B07F0D8
:104EF00065F800207860BFF34F8F396843F6E073A0
:104F0000C1F34E30CA08C1F3C9014E1C91074201DA
:104F100002EA030546F001E00D4400BF00BF00BFF8
:104F2000C7F8E05105F140450FF007C00028A0F197
:104F30000100A2F12002EBD1BFF34F8FBFF36F8FBF
:104F400003F09AFE03F064FFC9E9000103F094FE48
:104F5000CAE900014FF4804E40F2000040F2000127
:104F6000C2F20000C6F6010151F8042B40F8042BF0
:104F70000FF007C003F080FEC8E9000103F07CFEDB
:104F800003F046FFC4E90001D9E90001D4E9002398
:104F90005940504008430DD14FF29630C0F20020E6
:104FA00004F0A6FC48E000BF0000804700247449DC
:104FB0000000803AD4E90001D9E90023801A994120
:104FC00006F09CFC00EE100A1FED091A81EE000AA3
:104FD0001FED0A1A4FF6E90020EE010A1FED0C1A28
:104FE000C0F2002020EE010A20EE018A06F0E6FF62
:104FF000D8E90001DAE90023821A4EF64D4061EB50
:105000000303C0F2002006F0D9FFD4E90001D9E97A
:105010000023821A4EF24A7061EB0303C0F20020B3
:1050200006F0CCFFB7EEC80A4FF29400C0F20020A1
:1050300053EC102B06F0C2FF00207860BFF34F8FB7
:10504000396843F6E073C1F34E30CA08C1F3C901B1
:105050004E1C9107420100BF02EA030546F001E041
:105060000D4400BF00BF00BFC7F8E05105F1404547
:105070000FF007C00028A0F10100A2F12002EBD13F
:10508000BFF34F8FBFF36F8F03F0F6FD03F0C0FE49
:10509000C9E9000103F0F0FDCAE900014FF4005E28
:1050A00040F2000040F20001C2F20000C6F6010129
:1050B000F1E80223E0E802230FF007C003F0DCFD73
:1050C000C8E9000103F0D8FD03F0A2FEC4E9000125
:1050D000D9E90001D4E9002359405040084306D1E2
:1050E0004FF29630C0F2002004F002FC41E0D4E917
:1050F0000001D9E90023801A994106F0FFFB00EE78
:10510000100A1FED571A81EE000A1FED581A4EF2D1
:10511000C54020EE010A1FED5A1AC0F2002020EE11
:10512000010A20EE018A06F049FFD8E90001DAE918
:105130000023821A4EF64D4061EB0303C0F20020BB
:1051400006F03CFFD4E90001D9E90023821A4EF2AF
:105150004A7061EB0303C0F2002006F02FFFB7EEA8
:10516000C80A4FF29400C0F2002053EC102B06F056
:1051700025FF00207860BFF34F8F396843F6E07356
:10518000C1F34E30CA08C1F3C9014E1C9107420158
:1051900002EA030546F001E00D4400BF00BF00BF76
:1051A000C7F8E05105F140450FF007C00028A0F115
:1051B0000100A2F12002EBD1BFF34F8FBFF36F8F3D
:1051C00003F05AFD03F024FEC9E9000103F054FD89
:1051D000CAE900014FF4803E40F2000040F20001B5
:1051E000C2F20000C6F6000111F8012B00F8012BF5
:1051F0000FF007C003F040FDC8E9000103F03CFDDB
:1052000003F006FEC4E90001D9E90001D4E9002356
:1052100059405040084306D14FF29630C0F200206A
:1052200004F066FB41E0D4E90001D9E90023801ACB
:10523000994106F063FB00EE100A1FEDA51A81EEFE
:10524000000A1FEDA61A4EF2872020EE010A1FED7C
:10525000A81AC0F2002020EE010A20EE018A06F012
:10526000ADFED8E90001DAE90023821A4EF64D407E
:1052700061EB0303C0F2002006F0A0FED4E90001B8
:10528000D9E90023821A4EF24A7061EB0303C0F29F
:10529000002006F093FEB7EEC80A4FF29400C0F269
:1052A000002053EC102B06F089FE00207860BFF33D
:1052B0004F8F396843F6E073C1F34E30CA08C1F32B
:1052C000C9014E1C9107420102EA030546F001E0C4
:1052D0000D4400BF00BF00BFC7F8E05105F14045D5
:1052E0000FF007C00028A0F10100A2F12002EBD1CD
:1052F000BFF34F8FBFF36F8F03F0BEFC03F088FD49
:10530000C9E9000103F0B8FCCAE900014FF4004EFE
:1053100040F2000040F20001C2F20000C6F60001B7
:1053200031F8022B20F8022B0FF007C003F0A4FC89
:10533000C8E9000103F0A0FC03F06AFDC4E9000124
:10534000D9E90001D4E9002359405040084306D16F
:105350004FF29630C0F2002004F0CAFA41E0D4E9DE
:105360000001D9E90023801A994106F0C7FA00EE3E
:10537000100A9FED991A81EE000A9FED981A4EF6D9
:10538000614020EE010A9FED961AC0F2002020EE47
:10539000010A20EE018A06F011FED8E90001DAE9DF
:1053A0000023821A4EF64D4061EB0303C0F2002049
:1053B00006F004FED4E90001D9E90023821A4EF276
:1053C0004A7061EB0303C0F2002006F0F7FDB7EE70
:1053D000C80A4FF29400C0F2002053EC102B06F0E4
:1053E000EDFD00207860BFF34F8F396843F6E0731E
:1053F000C1F34E30CA08C1F3C9014E1C91074201E6
:1054000002EA030546F001E00D4400BF00BF00BF03
:10541000C7F8E05105F140450FF007C00028A0F1A2
:105420000100A2F12002EBD1BFF34F8FBFF36F8FCA
:1054300003F022FC03F0ECFCC9E9000103F01CFCC2
:10544000CAE900014FF4804E40F2000040F2000132
:10545000C2F20000C6F6000151F8042B40F8042BFC
:105460000FF007C003F008FCC8E9000103F004FCDA
:1054700003F0CEFCC4E90001D9E90001D4E900231E
:1054800059405040084306D14FF29630C0F20020F8
:1054900004F02EFA41E0D4E90001D9E90023801A92
:1054A000994106F02BFA00EE100A9FED4B1A81EE9F
:1054B000000A9FED4A1A4EF65F2020EE010A9FED8A
:1054C000481AC0F2002020EE010A20EE018A06F000
:1054D00075FDD8E90001DAE90023821A4EF64D4045
:1054E00061EB0303C0F2002006F068FDD4E900017F
:1054F000D9E90023821A4EF24A7061EB0303C0F22D
:10550000002006F05BFDB7EEC80A4FF29400C0F22F
:10551000002053EC102B06F051FD00207860BFF303
:105520004F8F396843F6E073C1F34E30CA08C1F3B8
:10553000C9014E1C9107420102EA030546F001E051
:105540000D4400BF00BF00BFC7F8E05105F1404562
:105550000FF007C00028A0F10100A2F12002EBD15A
:10556000BFF34F8FBFF36F8F03F086FB03F050FC48
:10557000C9E9000103F080FBCAE900014FF4005EB5
:1055800040F2000BC2F2000B40F20000C6F6000031
:10559000594600BF00BF00BFF0E80223E1E8022344
:1055A0000FF007C003F068FBC8E9000103F064FBDB
:1055B00003F02EFCC4E90001D9E90001D4E900237D
:1055C0005940504008430DD14FF29630C0F20020B0
:1055D00004F08EF948E000BF0000804700247449C1
:1055E0000000803AD4E90001D9E90023801A9941EA
:1055F00006F084F900EE100A1FED091A81EE000A88
:105600001FED0A1A4EF6591020EE010A1FED0C1A72
:10561000C0F2002020EE010A20EE018A06F0CEFC46
:10562000D8E90001DAE90023821A4EF64D4061EB19
:105630000303C0F2002006F0C1FCD4E90001D9E95F
:105640000023821A4EF24A7061EB0303C0F200207D
:1056500006F0B4FCB7EEC80A4FF29400C0F2002086
:1056600053EC102B06F0AAFC00207860BFF34F8F9C
:10567000396843F6E073C1F34E30CA08C1F3C9017B
:105680004E1C9107420100BF02EA030546F001E00B
:105690000D4400BF00BF00BFC7F8E05105F1404511
:1056A0000FF007C00028A0F10100A2F12002EBD109
:1056B000BFF34F8FBFF36F8F03F0DEFA03F0A8FB49
:1056C000C9E9000103F0D8FACAE900014FF4803EAD
:1056D00040F2404040F20001C2F20120C6F6010152
:1056E00011F8012B00F8012B0FF007C003F0C4FAEA
:1056F000C8E9000103F0C0FA03F08AFBC4E9000125
:10570000D9E90001D4E9002359405040084306D1AB
:105710004FF29630C0F2002004F0EAF841E0D4E9FC
:105720000001D9E90023801A994106F0E7F800EE5C
:10573000100A1FED571A81EE000A1FED581A4FF696
:10574000381020EE010A1FED5A1AC0F2002020EE98
:10575000010A20EE018A06F031FCD8E90001DAE9FD
:105760000023821A4EF64D4061EB0303C0F2002085
:1057700006F024FCD4E90001D9E90023821A4EF294
:105780004A7061EB0303C0F2002006F017FCB7EE8D
:10579000C80A4FF29400C0F2002053EC102B06F020
:1057A0000DFC00207860BFF34F8F396843F6E0733B
:1057B000C1F34E30CA08C1F3C9014E1C9107420122
:1057C00002EA030546F001E00D4400BF00BF00BF40
:1057D000C7F8E05105F140450FF007C00028A0F1DF
:1057E0000100A2F12002EBD1BFF34F8FBFF36F8F07
:1057F00003F042FA03F00CFBC9E9000103F03CFAA4
:10580000CAE900014FF4004E40F2404040F200016E
:10581000C2F20120C6F6010131F8022B20F8022B5A
:105820000FF007C003F028FAC8E9000103F024FADA
:1058300003F0EEFAC4E90001D9E90001D4E900233C
:1058400059405040084306D14FF29630C0F2002034
:1058500004F04EF841E0D4E90001D9E90023801AB0
:10586000994106F04BF800EE100A1FEDA51A81EEE3
:10587000000A1FEDA61A4EF2D62020EE010A1FEDF7
:10588000A81AC0F2002020EE010A20EE018A06F0DC
:1058900095FBD8E90001DAE90023821A4EF64D4063
:1058A00061EB0303C0F2002006F088FBD4E900019D
:1058B000D9E90023821A4EF24A7061EB0303C0F269
:1058C000002006F07BFBB7EEC80A4FF29400C0F24E
:1058D000002053EC102B06F071FB00207860BFF322
:1058E0004F8F396843F6E073C1F34E30CA08C1F3F5
:1058F000C9014E1C9107420102EA030546F001E08E
:105900000D4400BF00BF00BFC7F8E05105F140459E
:105910000FF007C00028A0F10100A2F12002EBD196
:10592000BFF34F8FBFF36F8F03F0A6F903F070FA48
:10593000C9E9000103F0A0F9CAE900014FF4804E63
:1059400040F2404040F20001C2F20120C6F60101DF
:1059500051F8042B40F8042B0FF007C003F08CF92A
:10596000C8E9000103F088F903F052FAC4E9000124
:10597000D9E90001D4E9002359405040084306D139
:105980004FF29630C0F2002003F0B2FF41E0D4E9BC
:105990000001D9E90023801A994105F0AFFF00EE1C
:1059A000100A9FED971A81EE000A9FED961A4EF6A7
:1059B000AE2020EE010A9FED941AC0F2002020EEE6
:1059C000010A20EE018A06F0F9FAD8E90001DAE9C5
:1059D0000023821A4EF64D4061EB0303C0F2002013
:1059E00006F0ECFAD4E90001D9E90023821A4EF25C
:1059F0004A7061EB0303C0F2002006F0DFFAB7EE55
:105A0000C80A4FF29400C0F2002053EC102B06F0AD
:105A1000D5FA00207860BFF34F8F396843F6E07302
:105A2000C1F34E30CA08C1F3C9014E1C91074201AF
:105A300002EA030546F001E00D4400BF00BF00BFCD
:105A4000C7F8E05105F140450FF007C00028A0F16C
:105A50000100A2F12002EBD1BFF34F8FBFF36F8F94
:105A600003F00AF903F0D4F9C9E9000103F004F9DD
:105A7000CAE900014FF4005E40F2404040F20001EC
:105A8000C2F20120C6F60101F1E80223E0E8022398
:105A90000FF007C003F0F0F8C8E9000103F0ECF8DC
:105AA00003F0B6F9C4E90001D9E90001D4E9002303
:105AB00059405040084306D14FF29630C0F20020C2
:105AC00003F016FF41E0D4E90001D9E90023801A70
:105AD000994105F013FF00EE100A9FED491A81EE7F
:105AE000000A9FED481A4EF2253020EE010A9FED84
:105AF000461AC0F2002020EE010A20EE018A06F0CC
:105B00005DFAD8E90001DAE90023821A4EF64D4029
:105B100061EB0303C0F2002006F050FAD4E9000163
:105B2000D9E90023821A4EF24A7061EB0303C0F2F6
:105B3000002006F043FAB7EEC80A4FF29400C0F214
:105B4000002053EC102B06F039FA00207860BFF3E8
:105B50004F8F396843F6E073C1F34E30CA08C1F382
:105B6000C9014E1C9107420102EA030546F001E01B
:105B70000D4400BF00BF00BFC7F8E05105F140452C
:105B80000FF007C00028A0F10100A2F12002EBD124
:105B9000BFF34F8FBFF36F8F03F06EF803F038F948
:105BA000C9E9000103F068F8CAE900014FF4803E3A
:105BB00040F2400040F20001C2F20020C6F60101AE
:105BC00011F8012B00F8012B0FF007C003F054F877
:105BD000C8E9000103F050F803F01AF9C4E9000124
:105BE000D9E90001D4E900235940504008430DD1C0
:105BF0004FF29630C0F2002003F07AFE48E000BF7A
:105C000000008047002474490000803AD4E9000174
:105C1000D9E90023801A994105F070FE00EE100AC0
:105C20001FED091A81EE000A1FED0A1A4FF24350C8
:105C300020EE010A1FED0C1AC0F2002020EE010A2E
:105C400020EE018A06F0BAF9D8E90001DAE900236A
:105C5000821A4EF64D4061EB0303C0F2002006F0BD
:105C6000ADF9D4E90001D9E90023821A4EF24A7055
:105C700061EB0303C0F2002006F0A0F9B7EEC80AFA
:105C80004FF29400C0F2002053EC102B06F096F96E
:105C900000207860BFF34F8F396843F6E073C1F39B
:105CA0004E30CA08C1F3C9014E1C9107420100BF22
:105CB00002EA030546F001E00D4400BF00BF00BF4B
:105CC000C7F8E05105F140450FF007C00028A0F1EA
:105CD0000100A2F12002EBD1BFF34F8FBFF36F8F12
:105CE00002F0CAFF03F094F8C9E9000102F0C4FF12
:105CF000CAE900014FF4004E40F2400040F20001BA
:105D0000C2F20020C6F6010131F8022B20F8022B66
:105D10000FF007C002F0B0FFC8E9000102F0ACFFCD
:105D200003F076F8C4E90001D9E90001D4E90023C1
:105D300059405040084306D14FF29630C0F200203F
:105D400003F0D6FD41E0D4E90001D9E90023801A2F
:105D5000994105F0D3FD00EE100A1FED571A81EEB0
:105D6000000A1FED581A4FF2A70020EE010A1FED9E
:105D70005A1AC0F2002020EE010A20EE018A06F035
:105D80001DF9D8E90001DAE90023821A4EF64D40E8
:105D900061EB0303C0F2002006F010F9D4E9000122
:105DA000D9E90023821A4EF24A7061EB0303C0F274
:105DB000002006F003F9B7EEC80A4FF29400C0F2D3
:105DC000002053EC102B06F0F9F800207860BFF3A8
:105DD0004F8F396843F6E073C1F34E30CA08C1F300
:105DE000C9014E1C9107420102EA030546F001E099
:105DF0000D4400BF00BF00BFC7F8E05105F14045AA
:105E00000FF007C00028A0F10100A2F12002EBD1A1
:105E1000BFF34F8FBFF36F8F02F02EFF02F0F8FF3A
:105E2000C9E9000102F028FFCAE900014FF4804EE1
:105E300040F2400040F20001C2F20020C6F601012B
:105E400051F8042B40F8042B0FF007C002F014FFA8
:105E5000C8E9000102F010FF02F0DAFFC4E9000116
:105E6000D9E90001D4E9002359405040084306D144
:105E70004FF29630C0F2002003F03AFD41E0D4E941
:105E80000001D9E90023801A994105F037FD00EEA1
:105E9000100A1FEDA51A81EE000A1FEDA61A4EF298
:105EA000CF1020EE010A1FEDA81AC0F2002020EE4C
:105EB000010A20EE018A06F081F8D8E90001DAE94A
:105EC0000023821A4EF64D4061EB0303C0F200201E
:105ED00006F074F8D4E90001D9E90023821A4EF2E1
:105EE0004A7061EB0303C0F2002006F067F8B7EEDA
:105EF000C80A4FF29400C0F2002053EC102B06F0B9
:105F00005DF800207860BFF34F8F396843F6E07387
:105F1000C1F34E30CA08C1F3C9014E1C91074201BA
:105F200002EA030546F001E00D4400BF00BF00BFD8
:105F3000C7F8E05105F140450FF007C00028A0F177
:105F40000100A2F12002EBD1BFF34F8FBFF36F8F9F
:105F500002F092FE02F05CFFC9E9000102F08CFE43
:105F6000CAE900014FF4005E40F2000140F2400037
:105F7000C6F60101C2F20020F1E80223E0E80223A4
:105F80000FF007C002F078FEC8E9000102F074FECD
:105F900002F03EFFC4E90001D9E90001D4E9002381
:105FA00059405040084306D14FF29630C0F20020CD
:105FB00003F09EFC41E0D4E90001D9E90023801AF6
:105FC000994105F09BFC00EE100A9FED971A81EEB7
:105FD000000A9FED961A4EF6BA0020EE010A9FEDD8
:105FE000941AC0F2002020EE010A20EE018A05F08A
:105FF000E5FFD8E90001DAE90023821A4EF64D40A8
:1060000061EB0303C0F2002005F0D8FFD4E90001E2
:10601000D9E90023821A4EF24A7061EB0303C0F201
:10602000002005F0CBFFB7EEC80A4FF29400C0F293
:10603000002053EC102B05F0C1FF00207860BFF367
:106040004F8F396843F6E073C1F34E30CA08C1F38D
:10605000C9014E1C9107420102EA030546F001E026
:106060000D4400BF00BF00BFC7F8E05105F1404537
:106070000FF007C00028A0F10100A2F12002EBD12F
:10608000BFF34F8FBFF36F8F02F0F6FD02F0C0FE3B
:10609000C9E9000102F0F0FDCAE900014FF4803EB9
:1060A00040F2404040F20001C2F20120C6F6000179
:1060B00011F8012B00F8012B0FF007C002F0DCFDF6
:1060C000C8E9000102F0D8FD02F0A2FEC4E9000117
:1060D000D9E90001D4E9002359405040084306D1D2
:1060E0004FF29630C0F2002003F002FC41E0D4E908
:1060F0000001D9E90023801A994105F0FFFB00EE69
:10610000100A9FED491A81EE000A9FED481A4FF2DE
:106110001A2020EE010A9FED461AC0F2002020EE60
:10612000010A20EE018A05F049FFD8E90001DAE909
:106130000023821A4EF64D4061EB0303C0F20020AB
:1061400005F03CFFD4E90001D9E90023821A4EF2A0
:106150004A7061EB0303C0F2002005F02FFFB7EE99
:10616000C80A4FF29400C0F2002053EC102B05F047
:1061700025FF00207860BFF34F8F396843F6E07346
:10618000C1F34E30CA08C1F3C9014E1C9107420148
:1061900002EA030546F001E00D4400BF00BF00BF66
:1061A000C7F8E05105F140450FF007C00028A0F105
:1061B0000100A2F12002EBD1BFF34F8FBFF36F8F2D
:1061C00002F05AFD02F024FEC9E9000102F054FD7C
:1061D000CAE900014FF4004E40F2404040F2000195
:1061E000C2F20120C6F6000131F8022B20F8022B82
:1061F0000FF007C002F040FDC8E9000102F03CFDCD
:1062000002F006FEC4E90001D9E90001D4E9002347
:106210005940504008430DD14FF29630C0F2002053
:1062200003F066FB48E000BF00008047002474498B
:106230000000803AD4E90001D9E90023801A99418D
:1062400005F05CFB00EE100A1FED091A81EE000A52
:106250001FED0A1A4FF24D7020EE010A1FED0C1AC5
:10626000C0F2002020EE010A20EE018A05F0A6FE11
:10627000D8E90001DAE90023821A4EF64D4061EBBD
:106280000303C0F2002005F099FED4E90001D9E92A
:106290000023821A4EF24A7061EB0303C0F2002021
:1062A00005F08CFEB7EEC80A4FF29400C0F2002051
:1062B00053EC102B05F082FE00207860BFF34F8F67
:1062C000396843F6E073C1F34E30CA08C1F3C9011F
:1062D0004E1C9107420100BF02EA030546F001E0AF
:1062E0000D4400BF00BF00BFC7F8E05105F14045B5
:1062F0000FF007C00028A0F10100A2F12002EBD1AD
:10630000BFF34F8FBFF36F8F02F0B6FC02F080FD3A
:10631000C9E9000102F0B0FCCAE900014FF4804E67
:1063200040F2404040F20001C2F20120C6F60001F6
:1063300051F8042B40F8042B0FF007C002F09CFC2E
:10634000C8E9000102F098FC02F062FDC4E9000116
:10635000D9E90001D4E9002359405040084306D14F
:106360004FF29630C0F2002003F0C2FA41E0D4E9C7
:106370000001D9E90023801A994105F0BFFA00EE27
:10638000100A1FED571A81EE000A1FED581A4FF63A
:10639000871020EE010A1FED5A1AC0F2002020EEED
:1063A000010A20EE018A05F009FED8E90001DAE9C8
:1063B0000023821A4EF64D4061EB0303C0F2002029
:1063C00005F0FCFDD4E90001D9E90023821A4EF260
:1063D0004A7061EB0303C0F2002005F0EFFDB7EE59
:1063E000C80A4FF29400C0F2002053EC102B05F0C5
:1063F000E5FD00207860BFF34F8F396843F6E07306
:10640000C1F34E30CA08C1F3C9014E1C91074201C5
:1064100002EA030546F001E00D4400BF00BF00BFE3
:10642000C7F8E05105F140450FF007C00028A0F182
:106430000100A2F12002EBD1BFF34F8FBFF36F8FAA
:1064400002F01AFC02F0E4FCC9E9000102F014FCBD
:10645000CAE900014FF4005E40F2404140F2000002
:10646000C2F20121C6F60000F0E80223E1E80223AF
:106470000FF007C002F000FCC8E9000102F0FCFBCD
:1064800002F0C6FCC4E90001D9E90001D4E9002307
:1064900059405040084306D14FF29630C0F20020D8
:1064A00003F026FA41E0D4E90001D9E90023801A7B
:1064B000994105F023FA00EE100A1FEDA51A81EEAE
:1064C000000A1FEDA61A4EF2FC7020EE010A1FED25
:1064D000A81AC0F2002020EE010A20EE018A05F081
:1064E0006DFDD8E90001DAE90023821A4EF64D402D
:1064F00061EB0303C0F2002005F060FDD4E9000168
:10650000D9E90023821A4EF24A7061EB0303C0F20C
:10651000002005F053FDB7EEC80A4FF29400C0F218
:10652000002053EC102B05F049FD00207860BFF3EC
:106530004F8F396843F6E073C1F34E30CA08C1F398
:10654000C9014E1C9107420102EA030546F001E031
:106550000D4400BF00BF00BFC7F8E05105F1404542
:106560000FF007C00028A0F10100A2F12002EBD13A
:10657000BFF34F8FBFF36F8F02F07EFB02F048FC3A
:10658000C9E9000102F078FBCAE900014FF4803E3E
:1065900040F2400040F20001C2F20020C6F60001C5
:1065A00011F8012B00F8012B0FF007C002F064FB7B
:1065B000C8E9000102F060FB02F02AFCC4E9000116
:1065C000D9E90001D4E9002359405040084306D1DD
:1065D0004FF29630C0F2002003F08AF941E0D4E98E
:1065E0000001D9E90023801A994105F087F900EEEE
:1065F000100A9FED971A81EE000A9FED961A4FF24E
:106600006D4020EE010A9FED941AC0F2002020EEAA
:10661000010A20EE018A05F0D1FCD8E90001DAE98F
:106620000023821A4EF64D4061EB0303C0F20020B6
:1066300005F0C4FCD4E90001D9E90023821A4EF226
:106640004A7061EB0303C0F2002005F0B7FCB7EE1F
:10665000C80A4FF29400C0F2002053EC102B05F052
:10666000ADFC00207860BFF34F8F396843F6E073CC
:10667000C1F34E30CA08C1F3C9014E1C9107420153
:1066800002EA030546F001E00D4400BF00BF00BF71
:10669000C7F8E05105F140450FF007C00028A0F110
:1066A0000100A2F12002EBD1BFF34F8FBFF36F8F38
:1066B00002F0E2FA02F0ACFBC9E9000102F0DCFAF8
:1066C000CAE900014FF4004E40F2400040F20001E0
:1066D000C2F20020C6F6000131F8022B20F8022B8E
:1066E0000FF007C002F0C8FAC8E9000102F0C4FACE
:1066F00002F08EFBC4E90001D9E90001D4E90023CE
:1067000059405040084306D14FF29630C0F2002065
:1067100003F0EEF841E0D4E90001D9E90023801A42
:10672000994105F0EBF800EE100A9FED491A81EE51
:10673000000A9FED481A4FF2BC3020EE010A9FED8F
:10674000461AC0F2002020EE010A20EE018A05F070
:1067500035FCD8E90001DAE90023821A4EF64D40F3
:1067600061EB0303C0F2002005F028FCD4E900012E
:10677000D9E90023821A4EF24A7061EB0303C0F29A
:10678000002005F01BFCB7EEC80A4FF29400C0F2DF
:10679000002053EC102B05F011FC00207860BFF3B3
:1067A0004F8F396843F6E073C1F34E30CA08C1F326
:1067B000C9014E1C9107420102EA030546F001E0BF
:1067C0000D4400BF00BF00BFC7F8E05105F14045D0
:1067D0000FF007C00028A0F10100A2F12002EBD1C8
:1067E000BFF34F8FBFF36F8F02F046FA02F010FB3A
:1067F000C9E9000102F040FACAE900014FF4804EF5
:1068000040F2400040F20001C2F20020C6F6000152
:1068100051F8042B40F8042B0FF007C002F02CFABB
:10682000C8E9000102F028FA02F0F2FAC4E9000116
:10683000D9E90001D4E900235940504008430DD163
:106840004FF29630C0F2002003F052F848E000BF4B
:1068500000008047002474490000803AD4E9000118
:10686000D9E90023801A994105F048F800EE100A92
:106870001FED091A81EE000A1FED0A1A4FF23710B8
:1068800020EE010A1FED0C1AC0F2002020EE010AD2
:1068900020EE018A05F092FBD8E90001DAE9002335
:1068A000821A4EF64D4061EB0303C0F2002005F062
:1068B00085FBD4E90001D9E90023821A4EF24A701F
:1068C00061EB0303C0F2002005F078FBB7EEC80AC5
:1068D0004FF29400C0F2002053EC102B05F06EFB39
:1068E00000207860BFF34F8F396843F6E073C1F33F
:1068F0004E30CA08C1F3C9014E1C9107420100BFC6
:1069000002EA030546F001E00D4400BF00BF00BFEE
:10691000C7F8E05105F140450FF007C00028A0F18D
:106920000100A2F12002EBD1BFF34F8FBFF36F8FB5
:1069300002F0A2F902F06CFAC9E9000102F09CF938
:10694000CAE900014FF4005E40F2400040F200014D
:10695000C2F20020C6F60001F1E80223E0E80223BB
:106960000FF007C002F088F9C8E9000102F084F9CD
:1069700002F04EFAC4E90001D9E90001D4E900238C
:1069800059405040084306D14FF29630C0F20020E3
:1069900002F0AEFF41E0D4E90001D9E90023801AFA
:1069A000994104F0ABFF00EE100A1FED571A81EE7B
:1069B000000A1FED581A4FF29C7020EE010A1FEDDD
:1069C0005A1AC0F2002020EE010A20EE018A05F0DA
:1069D000F5FAD8E90001DAE90023821A4EF64D40B3
:1069E00061EB0303C0F2002005F0E8FAD4E90001EE
:1069F000D9E90023821A4EF24A7061EB0303C0F218
:106A0000002005F0DBFAB7EEC80A4FF29400C0F29E
:106A1000002053EC102B05F0D1FA4FF496704FF490
:106A20007A7104F031FC4EF60050C0F2002002F002
:106A30005FFF00207860BFF34F8F396843F6E07343
:106A4000C1F34E30CA08C1F3C9014E1C910742017F
:106A500002EA030546F001E00D4400BF00BF00BF9D
:106A6000C7F8E05105F140450FF007C00028A0F13C
:106A70000100A2F12002EBD140F2705840F210095F
:106A8000C2F20228C2F20029BFF34F8F0BF100615E
:106A90000020BFF36F8F88F800000820A9F80C00D1
:106AA0004FF48060A9F80E0001F50030C9F8080025
:106AB00040F20000C6F60100C9F80400D9F8000051
:106AC00040F04050C9F8000002F0D6F802F0A0F9FA
:106AD00008AAC2E9000102F0CFF84FF63022CAE955
:106AE0000001C0F20022D2E9004B2046594603F0D3
:106AF000F3FE2046494603F02FFF204603F06CFFCB
:106B00000121204603F084FF98F8000008B900BF77
:106B1000FAE702F0B1F802AEC6E9000102F0ACF803
:106B200002F076F90DF1180ACAE90001204603F0D7
:106B300097FF08ADD5E90001DAE90023594050403C
:106B4000084306D14FF29630C0F2002002F0D0FE8A
:106B500042E0DAE90001D5E90023801A994104F006
:106B6000CDFE00EE100A1FEDC61A81EE000A1FEDE1
:106B7000C71A4FF2861020EE010A1FEDC91AC0F2A3
:106B8000002020EE010A20EE018A05F017FA04AA7F
:106B9000D6E90001D2E90023821A4EF64D4061EB9E
:106BA0000303C0F2002005F009FADAE90001D5E993
:106BB0000023821A4EF24A7061EB0303C0F20020F8
:106BC00005F0FCF9B7EEC80A4FF29400C0F20020BD
:106BD00053EC102B05F0F2F900207860BFF34F8FD3
:106BE000396843F6E073C1F34E30CA08C1F3C901F6
:106BF0004E1C9107420100BF02EA030546F001E086
:106C00000D4400BF00BF00BFC7F8E05105F140458B
:106C10000FF007C00028A0F10100A2F12002EBD183
:106C2000BFF34F8FBFF36F8F002088F8000008205C
:106C3000A9F80C004FF48060A9F80E0040F2404023
:106C4000C2F20120C9F8080040F20000C6F60100B7
:106C5000C9F80400D9F8000040F04050C9F800001D
:106C600002F00AF802F0D4F808AAC2E9000102F022
:106C700003F804AAC2E900012046594603F02CFE9D
:106C80002046494603F068FE204603F0A5FE012198
:106C9000204603F0BDFE00BF98F8000008B900BF11
:106CA000FAE701F0E9FF0DF10809C9E9000101F077
:106CB000E3FF02F0ADF80DF1180ACAE90001204621
:106CC00003F0CEFE0DF12008D8E90001DAE9002337
:106CD00059405040084307D14FF29630C0F200208F
:106CE00002F006FE04AC42E0DAE90001D8E9002334
:106CF000801A994104F002FE00EE100A9FEDDA1AA4
:106D000081EE000A9FEDD91A4EF2607020EE010A62
:106D10009FEDD71AC0F2002020EE010A20EE018A72
:106D200005F04CF904ACD9E90001D4E90023821A3A
:106D30004EF64D4061EB0303C0F2002005F03EF932
:106D4000DAE90001D8E90023821A4EF24A7061EBB9
:106D50000303C0F2002005F031F9B7EEC80A4FF284
:106D60009400C0F2002053EC102B05F027F900200E
:106D70007860BFF34F8F57F86C0C43F6E07320F444
:106D8000803047F86C0CBFF34F8F3968C1F34E3039
:106D9000CA08C1F3C9014E1C9107420100BF00BFE0
:106DA00002EA030546F001E00D4400BF00BF00BF4A
:106DB000C7F8F45105F140450FF007C00028A0F1D5
:106DC0000100A2F12002EBD14EF20001BFF34F8F80
:106DD000CEF20101BFF36F8F086840F00400086035
:106DE000BFF34F8FBFF36F8F0868019057F86C0C9B
:106DF000C00331D400207860BFF34F8F396843F669
:106E0000E073C1F34E30CA08C1F3C9014E1C9107AB
:106E1000420100BF00BF00BF02EA030546F001E0E7
:106E20000D4400BF00BF00BFC7F8E05105F1404569
:106E30000FF007C00028A0F10100A2F12002EBD161
:106E4000BFF34F8F57F86C0C40F4803047F86C0C50
:106E5000BFF34F8FBFF36F8F0198400705D44FF2F8
:106E6000BC40C0F2002001F08BBE4EF21450C0F2C4
:106E7000002002F03DFD00207860BFF34F8F39689D
:106E800043F6E073C1F34E30CA08C1F3C9014E1C8A
:106E90009107420100BF00BF02EA030546F001E08E
:106EA0000D4400BF00BF00BFC7F8E05105F14045E9
:106EB0000FF007C00028A0F10100A2F12002EBD1E1
:106EC000BFF34F8FBFF36F8F01F0D6FEC4E900010F
:106ED00001F0D2FE01F09CFFC8E900014FF4803EB2
:106EE00040F2000040F20001C2F20000C6F60101CB
:106EF00011F8012B00F8012B0FF007C001F0BCFEC8
:106F0000C9E9000101F0B8FE01F082FFCAE9000101
:106F1000D8E90001DAE9002359405040084306D17E
:106F20004FF29630C0F2002002F0E2FC41E0DAE9D4
:106F30000001D8E90023801A994104F0DFFC00EE3B
:106F4000100A9FED491A81EE000A9FED481A4FF290
:106F5000606020EE010A9FED461AC0F2002020EE8C
:106F6000010A20EE018A05F029F8D9E90001D4E9E7
:106F70000023821A4EF64D4061EB0303C0F200205D
:106F800005F01CF8DAE90001D8E90023821A4EF274
:106F90004A7061EB0303C0F2002005F00FF8B7EE72
:106FA000C80A4FF29400C0F2002053EC102B05F0F9
:106FB00005F800207860BFF34F8F396843F6E0731F
:106FC000C1F34E30CA08C1F3C9014E1C91074201FA
:106FD00002EA030546F001E00D4400BF00BF00BF18
:106FE000C7F8E05105F140450FF007C00028A0F1B7
:106FF0000100A2F12002EBD1BFF34F8FBFF36F8FDF
:1070000001F03AFE01F004FFC8E9000101F034FE8E
:10701000C4E900014FF4004E40F2000040F20001CC
:10702000C2F20000C6F6010131F8022B20F8022B53
:107030000FF007C001F020FEC9E9000101F01CFEBD
:1070400001F0E6FECAE90001D8E90001DAE900230F
:107050005940504008430DD14FF29630C0F2002005
:1070600002F046FC48E000BF00008047002474495D
:107070000000803ADAE90001D8E90023801A99413A
:1070800004F03CFC00EE100A1FED091A81EE000A24
:107090001FED0A1A4EF2973020EE010A1FED0C1A6E
:1070A000C0F2002020EE010A20EE018A04F086FFE3
:1070B000D9E90001D4E90023821A4EF64D4061EB74
:1070C0000303C0F2002004F079FFDAE90001D8E9F7
:1070D0000023821A4EF24A7061EB0303C0F20020D3
:1070E00004F06CFFB7EEC80A4FF29400C0F2002023
:1070F00053EC102B04F062FF00207860BFF34F8F39
:10710000396843F6E073C1F34E30CA08C1F3C901D0
:107110004E1C9107420100BF02EA030546F001E060
:107120000D4400BF00BF00BFC7F8E05105F1404566
:107130000FF007C00028A0F10100A2F12002EBD15E
:10714000BFF34F8FBFF36F8F01F096FD01F060FE2C
:10715000C8E9000101F090FDC4E900014FF4804E40
:1071600040F2000040F20001C2F20000C6F6010148
:1071700051F8042B40F8042B0FF007C001F07CFD00
:10718000C9E9000101F078FD01F042FECAE9000101
:10719000D8E90001DAE9002359405040084306D1FC
:1071A0004FF29630C0F2002002F0A2FB41E0DAE993
:1071B0000001D8E90023801A994104F09FFB00EEFA
:1071C000100A1FED571A81EE000A1FED581A4FF6EC
:1071D000E90020EE010A1FED5A1AC0F2002020EE4D
:1071E000010A20EE018A04F0E9FED9E90001D4E9A0
:1071F0000023821A4EF64D4061EB0303C0F20020DB
:1072000004F0DCFEDAE90001D8E90023821A4EF22C
:107210004A7061EB0303C0F2002004F0CFFEB7EE2A
:10722000C80A4FF29400C0F2002053EC102B04F077
:10723000C5FE00207860BFF34F8F396843F6E073D6
:10724000C1F34E30CA08C1F3C9014E1C9107420177
:1072500002EA030546F001E00D4400BF00BF00BF95
:10726000C7F8E05105F140450FF007C00028A0F134
:107270000100A2F12002EBD1BFF34F8FBFF36F8F5C
:1072800001F0FAFC01F0C4FDC8E9000101F0F4FCD2
:10729000C4E900014FF4005E40F2000040F200013A
:1072A000C2F20000C6F60101F1E80223E0E8022381
:1072B0000FF007C001F0E0FCC9E9000101F0DCFCBF
:1072C00001F0A6FDCAE90001D8E90001DAE90023CE
:1072D00059405040084306D14FF29630C0F200208A
:1072E00002F006FB41E0DAE90001D8E90023801A48
:1072F000994104F003FB00EE100A1FEDA51A81EE80
:10730000000A1FEDA61A4EF2C54020EE010A1FED3D
:10731000A81AC0F2002020EE010A20EE018A04F033
:107320004DFED9E90001D4E90023821A4EF64D4002
:1073300061EB0303C0F2002004F040FEDAE9000133
:10734000D8E90023821A4EF24A7061EB0303C0F2BF
:10735000002004F033FEB7EEC80A4FF29400C0F2EA
:10736000002053EC102B04F029FE00207860BFF3BE
:107370004F8F396843F6E073C1F34E30CA08C1F34A
:10738000C9014E1C9107420102EA030546F001E0E3
:107390000D4400BF00BF00BFC7F8E05105F14045F4
:1073A0000FF007C00028A0F10100A2F12002EBD1EC
:1073B000BFF34F8FBFF36F8F01F05EFC01F028FD2C
:1073C000C8E9000101F058FCC4E900014FF4803E17
:1073D00040F2000040F20001C2F20000C6F60001D7
:1073E00011F8012B00F8012B0FF007C001F044FC4D
:1073F000C9E9000101F040FC01F00AFDCAE9000101
:10740000D8E90001DAE9002359405040084306D189
:107410004FF29630C0F2002002F06AFA41E0DAE959
:107420000001D8E90023801A994104F067FA00EEC0
:10743000100A9FED971A81EE000A9FED961A4EF200
:10744000872020EE010A9FED941AC0F2002020EE62
:10745000010A20EE018A04F0B1FDD9E90001D4E966
:107460000023821A4EF64D4061EB0303C0F2002068
:1074700004F0A4FDDAE90001D8E90023821A4EF2F3
:107480004A7061EB0303C0F2002004F097FDB7EEF1
:10749000C80A4FF29400C0F2002053EC102B04F005
:1074A0008DFD00207860BFF34F8F396843F6E0739D
:1074B000C1F34E30CA08C1F3C9014E1C9107420105
:1074C00002EA030546F001E00D4400BF00BF00BF23
:1074D000C7F8E05105F140450FF007C00028A0F1C2
:1074E0000100A2F12002EBD1BFF34F8FBFF36F8FEA
:1074F00001F0C2FB01F08CFCC8E9000101F0BCFB0B
:10750000C4E900014FF4004E40F2000040F20001D7
:10751000C2F20000C6F6000131F8022B20F8022B5F
:107520000FF007C001F0A8FBC9E9000101F0A4FBBE
:1075300001F06EFCCAE90001D8E90001DAE9002394
:1075400059405040084306D14FF29630C0F2002017
:1075500002F0CEF941E0DAE90001D8E90023801A0F
:10756000994104F0CBF900EE100A9FED491A81EE23
:10757000000A9FED481A4EF6614020EE010A9FED89
:10758000461AC0F2002020EE010A20EE018A04F023
:1075900015FDD9E90001D4E90023821A4EF64D40C9
:1075A00061EB0303C0F2002004F008FDDAE90001FA
:1075B000D8E90023821A4EF24A7061EB0303C0F24D
:1075C000002004F0FBFCB7EEC80A4FF29400C0F2B2
:1075D000002053EC102B04F0F1FC00207860BFF386
:1075E0004F8F396843F6E073C1F34E30CA08C1F3D8
:1075F000C9014E1C9107420102EA030546F001E071
:107600000D4400BF00BF00BFC7F8E05105F1404581
:107610000FF007C00028A0F10100A2F12002EBD179
:10762000BFF34F8FBFF36F8F01F026FB01F0F0FB2C
:10763000C8E9000101F020FBC4E900014FF4804ECD
:1076400040F2000040F20001C2F20000C6F6000164
:1076500051F8042B40F8042B0FF007C001F00CFB8D
:10766000C9E9000101F008FB01F0D2FBCAE9000101
:10767000D8E90001DAE900235940504008430DD110
:107680004FF29630C0F2002002F032F948E000BF1D
:1076900000008047002474490000803ADAE90001C4
:1076A000D8E90023801A994104F028F900EE100A65
:1076B0001FED091A81EE000A1FED0A1A4EF65F202F
:1076C00020EE010A1FED0C1AC0F2002020EE010A84
:1076D00020EE018A04F072FCD9E90001D4E900230C
:1076E000821A4EF64D4061EB0303C0F2002004F015
:1076F00065FCDAE90001D8E90023821A4EF24A70EB
:1077000061EB0303C0F2002004F058FCB7EEC80A96
:107710004FF29400C0F2002053EC102B04F04EFC0A
:1077200000207860BFF34F8F396843F6E073C1F3F0
:107730004E30CA08C1F3C9014E1C9107420100BF77
:1077400002EA030546F001E00D4400BF00BF00BFA0
:10775000C7F8E05105F140450FF007C00028A0F13F
:107760000100A2F12002EBD1BFF34F8FBFF36F8F67
:1077700001F082FA01F04CFBC8E9000101F07CFA4B
:10778000C4E900014FF4005E40F2000040F2000145
:10779000C2F20000C6F60001F1E80223E0E802238D
:1077A0000FF007C001F068FAC9E9000101F064FABE
:1077B00001F02EFBCAE90001D8E90001DAE9002353
:1077C00059405040084306D14FF29630C0F2002095
:1077D00002F08EF841E0DAE90001D8E90023801ACE
:1077E000994104F08BF800EE100A1FED571A81EE54
:1077F000000A1FED581A4EF6591020EE010A1FED2F
:107800005A1AC0F2002020EE010A20EE018A04F08C
:10781000D5FBD9E90001D4E90023821A4EF64D4088
:1078200061EB0303C0F2002004F0C8FBDAE90001B9
:10783000D8E90023821A4EF24A7061EB0303C0F2CA
:10784000002004F0BBFBB7EEC80A4FF29400C0F270
:10785000002053EC102B04F0B1FB00207860BFF344
:107860004F8F396843F6E073C1F34E30CA08C1F355
:10787000C9014E1C9107420102EA030546F001E0EE
:107880000D4400BF00BF00BFC7F8E05105F14045FF
:107890000FF007C00028A0F10100A2F12002EBD1F7
:1078A000BFF34F8FBFF36F8F01F0E6F901F0B0FA2D
:1078B000C8E9000101F0E0F9C4E900014FF4803E9D
:1078C00040F2404040F20001C2F20120C6F6010140
:1078D00011F8012B00F8012B0FF007C001F0CCF9D3
:1078E000C9E9000101F0C8F901F092FACAE9000102
:1078F000D8E90001DAE9002359405040084306D195
:107900004FF29630C0F2002001F0F2FF41E0DAE9D8
:107910000001D8E90023801A994103F0EFFF00EE3F
:10792000100A1FEDA51A81EE000A1FEDA61A4FF6E8
:10793000381020EE010A1FEDA81AC0F2002020EE38
:10794000010A20EE018A04F039FBD9E90001D4E9EB
:107950000023821A4EF64D4061EB0303C0F2002073
:1079600004F02CFBDAE90001D8E90023821A4EF278
:107970004A7061EB0303C0F2002004F01FFBB7EE76
:10798000C80A4FF29400C0F2002053EC102B04F010
:1079900015FB00207860BFF34F8F396843F6E07322
:1079A000C1F34E30CA08C1F3C9014E1C9107420110
:1079B00002EA030546F001E00D4400BF00BF00BF2E
:1079C000C7F8E05105F140450FF007C00028A0F1CD
:1079D0000100A2F12002EBD1BFF34F8FBFF36F8FF5
:1079E00001F04AF901F014FAC8E9000101F044F984
:1079F000C4E900014FF4004E40F2404040F2000163
:107A0000C2F20120C6F6010131F8022B20F8022B48
:107A10000FF007C001F030F9C9E9000101F02CF9BD
:107A200001F0F6F9CAE90001D8E90001DAE900231A
:107A300059405040084306D14FF29630C0F2002022
:107A400001F056FF41E0DAE90001D8E90023801A8D
:107A5000994103F053FF00EE100A9FED971A81EE53
:107A6000000A9FED961A4EF2D62020EE010A9FEDF5
:107A7000941AC0F2002020EE010A20EE018A04F0E0
:107A80009DFAD9E90001D4E90023821A4EF64D404F
:107A900061EB0303C0F2002004F090FADAE9000180
:107AA000D8E90023821A4EF24A7061EB0303C0F258
:107AB000002004F083FAB7EEC80A4FF29400C0F237
:107AC000002053EC102B04F079FA00207860BFF30B
:107AD0004F8F396843F6E073C1F34E30CA08C1F3E3
:107AE000C9014E1C9107420102EA030546F001E07C
:107AF0000D4400BF00BF00BFC7F8E05105F140458D
:107B00000FF007C00028A0F10100A2F12002EBD184
:107B1000BFF34F8FBFF36F8F01F0AEF801F078F92C
:107B2000C8E9000101F0A8F8C4E900014FF4804E53
:107B300040F2404040F20001C2F20120C6F60101CD
:107B400051F8042B40F8042B0FF007C001F094F813
:107B5000C9E9000101F090F801F05AF9CAE9000101
:107B6000D8E90001DAE9002359405040084306D122
:107B70004FF29630C0F2002001F0BAFE41E0DAE99F
:107B80000001D8E90023801A994103F0B7FE00EE06
:107B9000100A9FED491A81EE000A9FED481A4EF631
:107BA000AE2020EE010A9FED461AC0F2002020EE22
:107BB000010A20EE018A04F001FAD9E90001D4E9B2
:107BC0000023821A4EF64D4061EB0303C0F2002001
:107BD00004F0F4F9DAE90001D8E90023821A4EF240
:107BE0004A7061EB0303C0F2002004F0E7F9B7EE3E
:107BF000C80A4FF29400C0F2002053EC102B04F09E
:107C0000DDF900207860BFF34F8F396843F6E073E9
:107C1000C1F34E30CA08C1F3C9014E1C910742019D
:107C200002EA030546F001E00D4400BF00BF00BFBB
:107C3000C7F8E05105F140450FF007C00028A0F15A
:107C40000100A2F12002EBD1BFF34F8FBFF36F8F82
:107C500001F012F801F0DCF8C8E9000101F00CF8BD
:107C6000C4E900014FF4005E40F2404040F20001E0
:107C7000C2F20120C6F60101F1E80223E0E8022386
:107C80000FF007C000F0F8FFC9E9000100F0F4FFB1
:107C900001F0BEF8CAE90001D8E90001DAE90023E1
:107CA0005940504008430DD14FF29630C0F20020A9
:107CB00001F01EFE48E000BF000080470024744928
:107CC0000000803ADAE90001D8E90023801A9941DE
:107CD00003F014FE00EE100A1FED091A81EE000AEF
:107CE0001FED0A1A4EF2253020EE010A1FED0C1A84
:107CF000C0F2002020EE010A20EE018A04F05EF9B5
:107D0000D9E90001D4E90023821A4EF64D4061EB17
:107D10000303C0F2002004F051F9DAE90001D8E9C8
:107D20000023821A4EF24A7061EB0303C0F2002076
:107D300004F044F9B7EEC80A4FF29400C0F20020F4
:107D400053EC102B04F03AF900207860BFF34F8F0A
:107D5000396843F6E073C1F34E30CA08C1F3C90174
:107D60004E1C9107420100BF02EA030546F001E004
:107D70000D4400BF00BF00BFC7F8E05105F140450A
:107D80000FF007C00028A0F10100A2F12002EBD102
:107D9000BFF34F8FBFF36F8F00F06EFF01F038F825
:107DA000C8E9000100F068FFC4E900014FF4803E1B
:107DB00040F2400040F20001C2F20020C6F601018C
:107DC00011F8012B00F8012B0FF007C000F054FF51
:107DD000C9E9000100F050FF01F01AF8CAE90001FA
:107DE000D8E90001DAE9002359405040084306D1A0
:107DF0004FF29630C0F2002001F07AFD41E0DAE95E
:107E00000001D8E90023801A994103F077FD00EEC4
:107E1000100A1FED571A81EE000A1FED581A4FF293
:107E2000435020EE010A1FED5A1AC0F2002020EE46
:107E3000010A20EE018A04F0C1F8D9E90001D4E971
:107E40000023821A4EF64D4061EB0303C0F200207E
:107E500004F0B4F8DAE90001D8E90023821A4EF2FE
:107E60004A7061EB0303C0F2002004F0A7F8B7EEFC
:107E7000C80A4FF29400C0F2002053EC102B04F01B
:107E80009DF800207860BFF34F8F396843F6E073A8
:107E9000C1F34E30CA08C1F3C9014E1C910742011B
:107EA00002EA030546F001E00D4400BF00BF00BF39
:107EB000C7F8E05105F140450FF007C00028A0F1D8
:107EC0000100A2F12002EBD1BFF34F8FBFF36F8F00
:107ED00000F0D2FE00F09CFFC8E9000100F0CCFEEB
:107EE000C4E900014FF4004E40F2400040F20001AE
:107EF000C2F20020C6F6010131F8022B20F8022B55
:107F00000FF007C000F0B8FEC9E9000100F0B4FEB0
:107F100000F07EFFCAE90001D8E90001DAE9002398
:107F200059405040084306D14FF29630C0F200202D
:107F300001F0DEFC41E0DAE90001D8E90023801A13
:107F4000994103F0DBFC00EE100A1FEDA51A81EE4B
:107F5000000A1FEDA61A4FF2A70020EE010A1FED3E
:107F6000A81AC0F2002020EE010A20EE018A04F0D7
:107F700025F8D9E90001D4E90023821A4EF64D40D4
:107F800061EB0303C0F2002004F018F8DAE9000105
:107F9000D8E90023821A4EF24A7061EB0303C0F263
:107FA000002004F00BF8B7EEC80A4FF29400C0F2BC
:107FB000002053EC102B04F001F800207860BFF390
:107FC0004F8F396843F6E073C1F34E30CA08C1F3EE
:107FD000C9014E1C9107420102EA030546F001E087
:107FE0000D4400BF00BF00BFC7F8E05105F1404598
:107FF0000FF007C00028A0F10100A2F12002EBD190
:10800000BFF34F8FBFF36F8F00F036FE00F000FF1D
:10801000C8E9000100F030FEC4E900014FF4804ED1
:1080200040F2400040F20001C2F20020C6F6010119
:1080300051F8042B40F8042B0FF007C000F01CFE91
:10804000C9E9000100F018FE00F0E2FECAE90001F3
:10805000D8E90001DAE9002359405040084306D12D
:108060004FF29630C0F2002001F042FC41E0DAE924
:108070000001D8E90023801A994103F03FFC00EE8B
:10808000100A9FED971A81EE000A9FED961A4EF2A4
:10809000CF1020EE010A9FED941AC0F2002020EECE
:1080A000010A20EE018A03F089FFD9E90001D4E931
:1080B0000023821A4EF64D4061EB0303C0F200200C
:1080C00003F07CFFDAE90001D8E90023821A4EF2BE
:1080D0004A7061EB0303C0F2002003F06FFFB7EEBC
:1080E000C80A4FF29400C0F2002053EC102B03F0AA
:1080F00065FF00207860BFF34F8F396843F6E07367
:10810000C1F34E30CA08C1F3C9014E1C91074201A8
:1081100002EA030546F001E00D4400BF00BF00BFC6
:10812000C7F8E05105F140450FF007C00028A0F165
:108130000100A2F12002EBD1BFF34F8FBFF36F8F8D
:1081400000F09AFD00F064FEC8E9000100F094FD23
:10815000C4E900014FF4005E40F2400040F200012B
:10816000C2F20020C6F60101F1E80223E0E8022392
:108170000FF007C000F080FDC9E9000100F07CFDB0
:1081800000F046FECAE90001D8E90001DAE900235F
:1081900059405040084306D14FF29630C0F20020BB
:1081A00001F0A6FB41E0DAE90001D8E90023801ADA
:1081B000994103F0A3FB00EE100A9FED491A81EEEE
:1081C000000A9FED481A4EF6BA0020EE010A9FED14
:1081D000461AC0F2002020EE010A20EE018A03F0C8
:1081E000EDFED9E90001D4E90023821A4EF64D4094
:1081F00061EB0303C0F2002003F0E0FEDAE90001C6
:10820000D8E90023821A4EF24A7061EB0303C0F2F0
:10821000002003F0D3FEB7EEC80A4FF29400C0F27C
:10822000002053EC102B03F0C9FE00207860BFF350
:108230004F8F396843F6E073C1F34E30CA08C1F37B
:10824000C9014E1C9107420102EA030546F001E014
:108250000D4400BF00BF00BFC7F8E05105F1404525
:108260000FF007C00028A0F10100A2F12002EBD11D
:10827000BFF34F8FBFF36F8F00F0FEFC00F0C8FD1F
:10828000C8E9000100F0F8FCC4E900014FF4803EA9
:1082900040F2404040F20001C2F20120C6F6000167
:1082A00011F8012B00F8012B0FF007C000F0E4FCDF
:1082B000C9E9000100F0E0FC00F0AAFDCAE90001F4
:1082C000D8E90001DAE900235940504008430DD1B4
:1082D0004FF29630C0F2002001F00AFB48E000BFE8
:1082E00000008047002474490000803ADAE9000168
:1082F000D8E90023801A994103F000FB00EE100A30
:108300001FED091A81EE000A1FED0A1A4FF21A201A
:1083100020EE010A1FED0C1AC0F2002020EE010A27
:1083200020EE018A03F04AFED9E90001D4E90023D6
:10833000821A4EF64D4061EB0303C0F2002003F0B9
:108340003DFEDAE90001D8E90023821A4EF24A70B4
:1083500061EB0303C0F2002003F030FEB7EEC80A61
:108360004FF29400C0F2002053EC102B03F026FED5
:1083700000207860BFF34F8F396843F6E073C1F394
:108380004E30CA08C1F3C9014E1C9107420100BF1B
:1083900002EA030546F001E00D4400BF00BF00BF44
:1083A000C7F8E05105F140450FF007C00028A0F1E3
:1083B0000100A2F12002EBD1BFF34F8FBFF36F8F0B
:1083C00000F05AFC00F024FDC8E9000100F054FC64
:1083D000C4E900014FF4004E40F2404040F2000179
:1083E000C2F20120C6F6000131F8022B20F8022B60
:1083F0000FF007C000F040FCC9E9000100F03CFCB0
:1084000000F006FDCAE90001D8E90001DAE900231D
:1084100059405040084306D14FF29630C0F2002038
:1084200001F066FA41E0DAE90001D8E90023801A98
:10843000994103F063FA00EE100A1FED571A81EE1E
:10844000000A1FED581A4FF24D7020EE010A1FED81
:108450005A1AC0F2002020EE010A20EE018A03F031
:10846000ADFDD9E90001D4E90023821A4EF64D4052
:1084700061EB0303C0F2002003F0A0FDDAE9000184
:10848000D8E90023821A4EF24A7061EB0303C0F26E
:10849000002003F093FDB7EEC80A4FF29400C0F23B
:1084A000002053EC102B03F089FD00207860BFF30F
:1084B0004F8F396843F6E073C1F34E30CA08C1F3F9
:1084C000C9014E1C9107420102EA030546F001E092
:1084D0000D4400BF00BF00BFC7F8E05105F14045A3
:1084E0000FF007C00028A0F10100A2F12002EBD19B
:1084F000BFF34F8FBFF36F8F00F0BEFB00F088FC1F
:10850000C8E9000100F0B8FBC4E900014FF4804E57
:1085100040F2404040F20001C2F20120C6F60001E4
:1085200051F8042B40F8042B0FF007C000F0A4FB17
:10853000C9E9000100F0A0FB00F06AFCCAE90001F3
:10854000D8E90001DAE9002359405040084306D138
:108550004FF29630C0F2002001F0CAF941E0DAE9AA
:108560000001D8E90023801A994103F0C7F900EE11
:10857000100A1FEDA51A81EE000A1FEDA61A4FF68C
:10858000871020EE010A1FEDA81AC0F2002020EE8D
:10859000010A20EE018A03F011FDD9E90001D4E9B6
:1085A0000023821A4EF64D4061EB0303C0F2002017
:1085B00003F004FDDAE90001D8E90023821A4EF243
:1085C0004A7061EB0303C0F2002003F0F7FCB7EE42
:1085D000C80A4FF29400C0F2002053EC102B03F0B5
:1085E000EDFC00207860BFF34F8F396843F6E073ED
:1085F000C1F34E30CA08C1F3C9014E1C91074201B4
:1086000002EA030546F001E00D4400BF00BF00BFD1
:10861000C7F8E05105F140450FF007C00028A0F170
:108620000100A2F12002EBD1BFF34F8FBFF36F8F98
:1086300000F022FB00F0ECFBC8E9000100F01CFB9D
:10864000C4E900014FF4005E40F2404040F20001F6
:10865000C2F20120C6F60001F1E80223E0E802239D
:108660000FF007C000F008FBC9E9000100F004FBAF
:1086700000F0CEFBCAE90001D8E90001DAE90023E5
:1086800059405040084306D14FF29630C0F20020C6
:1086900001F02EF941E0DAE90001D8E90023801A5F
:1086A000994103F02BF900EE100A9FED971A81EE25
:1086B000000A9FED961A4EF2FC7020EE010A9FED23
:1086C000941AC0F2002020EE010A20EE018A03F085
:1086D00075FCD9E90001D4E90023821A4EF64D4019
:1086E00061EB0303C0F2002003F068FCDAE900014B
:1086F000D8E90023821A4EF24A7061EB0303C0F2FC
:10870000002003F05BFCB7EEC80A4FF29400C0F201
:10871000002053EC102B03F051FC00207860BFF3D5
:108720004F8F396843F6E073C1F34E30CA08C1F386
:10873000C9014E1C9107420102EA030546F001E01F
:108740000D4400BF00BF00BFC7F8E05105F1404530
:108750000FF007C00028A0F10100A2F12002EBD128
:10876000BFF34F8FBFF36F8F00F086FA00F050FB1E
:10877000C8E9000100F080FAC4E900014FF4803E2E
:1087800040F2400040F20001C2F20020C6F60001B3
:1087900011F8012B00F8012B0FF007C000F06CFA64
:1087A000C9E9000100F068FA00F032FBCAE90001F3
:1087B000D8E90001DAE9002359405040084306D1C6
:1087C0004FF29630C0F2002001F092F841E0DAE971
:1087D0000001D8E90023801A994103F08FF800EED8
:1087E000100A9FED491A81EE000A9FED481A4FF2D8
:1087F0006D4020EE010A9FED461AC0F2002020EEE7
:10880000010A20EE018A03F0D9FBD9E90001D4E97D
:108810000023821A4EF64D4061EB0303C0F20020A4
:1088200003F0CCFBDAE90001D8E90023821A4EF20A
:108830004A7061EB0303C0F2002003F0BFFBB7EE08
:10884000C80A4FF29400C0F2002053EC102B03F042
:10885000B5FB00207860BFF34F8F396843F6E073B3
:10886000C1F34E30CA08C1F3C9014E1C9107420141
:1088700002EA030546F001E00D4400BF00BF00BF5F
:10888000C7F8E05105F140450FF007C00028A0F1FE
:108890000100A2F12002EBD1BFF34F8FBFF36F8F26
:1088A00000F0EAF900F0B4FAC8E9000100F0E4F9D8
:1088B000C4E900014FF4004E40F2400040F20001D4
:1088C000C2F20020C6F6000131F8022B20F8022B7C
:1088D0000FF007C000F0D0F9C9E9000100F0CCF9B1
:1088E00000F096FACAE90001D8E90001DAE90023AC
:1088F0005940504008430DD14FF29630C0F200204D
:1089000000F0F6FF48E000BF0000804700247449F3
:108910000000803ADAE90001D8E90023801A994181
:1089200002F0ECFF00EE100A9FEDBD1A81EE000A86
:108930009FEDBC1A4FF2BC3020EE010A9FEDBA1A2F
:10894000C0F2002020EE010A20EE018A03F036FB7F
:10895000D9E90001D4E90023821A4EF64D4061EBBB
:108960000303C0F2002003F029FBDAE90001D8E993
:108970000023821A4EF24A7061EB0303C0F200201A
:1089800003F01CFBB7EEC80A4FF29400C0F20020BF
:1089900053EC102B03F012FB00207860BFF34F8FD5
:1089A000396843F6E073C1F34E30CA08C1F3C90118
:1089B0004E1C9107420100BF02EA030546F001E0A8
:1089C0000D4400BF00BF00BFC7F8E05105F14045AE
:1089D0000FF007C00028A0F10100A2F12002EBD1A6
:1089E000BFF34F8FBFF36F8F00F046F900F010FA1E
:1089F000C8E9000100F040F9C4E900014FF4804EDD
:108A000040F2400040F20001C2F20020C6F6000130
:108A100051F8042B40F8042B0FF007C000F02CF99C
:108A2000C9E9000100F028F900F0F2F9CAE90001F3
:108A3000D8E90001DAE9002359405040084306D143
:108A40004FF29630C0F2002000F052FF41E0DAE928
:108A50000001D8E90023801A994102F04FFF00EE8F
:108A6000100A9FED6F1A81EE000A9FED6E1A4FF209
:108A7000371020EE010A9FED6C1AC0F2002020EEA4
:108A8000010A20EE018A03F099FAD9E90001D4E93C
:108A90000023821A4EF64D4061EB0303C0F2002022
:108AA00003F08CFADAE90001D8E90023821A4EF2C9
:108AB0004A7061EB0303C0F2002003F07FFAB7EEC7
:108AC000C80A4FF29400C0F2002053EC102B03F0C0
:108AD00075FA00207860BFF34F8F396843F6E07372
:108AE000C1F34E30CA08C1F3C9014E1C91074201BF
:108AF00002EA030546F001E00D4400BF00BF00BFDD
:108B0000C7F8E05105F140450FF007C00028A0F17B
:108B10000100A2F12002EBD1BFF34F8FBFF36F8FA3
:108B200000F0AAF800F074F9C8E9000100F0A4F818
:108B3000C4E900014FF4005E40F2400040F2000141
:108B4000C2F20020C6F60001F1E80223E0E80223A9
:108B50000FF007C000F090F8C9E9000100F08CF8B0
:108B600000F056F9CAE90001D8E90001DAE900236A
:108B70005940504008430BD14FF29630C0F20020CC
:108B80000AB0BDEC028B01B0BDE8F04F00F0B0BE02
:108B9000DAE90001D8E90023801A994102F0AEFE1B
:108BA00000EE100A9FED1E1A81EE000A9FED1D1ABD
:108BB0004FF29C7020EE010A9FED1B1AC0F20020BC
:108BC00020EE010A20EE018A03F0F8F9D9E900014C
:108BD000D4E90023821A4EF64D4061EB0303C0F244
:108BE000002003F0EBF9DAE90001D8E90023821A4A
:108BF0004EF24A7061EB0303C0F2002003F0DEF98D
:108C0000B7EEC80A4FF29400C0F2002053EC102BCC
:108C10000AB0BDEC028B01B0BDE8F04F03F0CEB955
:108C200000008047002474490000803AD4D4D4D492
:108C300040F270500121C2F2022001707047D4D47A
:108C400080B500F02DFA40F2785CEFF3118EC2F29D
:108C5000022C002383F31288DCE90032C018514152
:108C6000013041F10001CCE900018EF3118880BD93
:108C70007047D4D4D4D4D4D42DE9F0410020EFF3FC
:108C8000118880F3128800F00FFA40F278570446FA
:108C9000C2F202270D463A7E012A0ED100F04CF9AD
:108CA00058B300F001FA04460D4600F0F9F9001936
:108CB0006941441C41F100051FE0EFF3108672B6D4
:108CC00000F03AF9B8B100F03FF900F0E9F90022FC
:108CD000EFF3118382F31288D7E9002580186941E8
:108CE000013041F10001C7E9000183F3118800F070
:108CF000DBF904460D4686F31088D7E90001001918
:108D0000D7E902236941821A71EB030205DAD7E938
:108D1000020188F31188BDE8F081C7E9020188F3F8
:108D20001188BDE8F081D4D42DE9F04381B040F240
:108D30007857EFF31185C2F202274FF0000989F34B
:108D40001288387600F008F9804600F0FDF885F3C7
:108D5000118800F0A5F900F09BF944F2402100EEE3
:108D6000100AC0F20F01B8EE400A9FED241A40F23B
:108D7000745688425FEA2F91797680EE012A797ED7
:108D800081EE000A9FED1E1AC2F20226002944F667
:108D9000D351C1F2620102FE000AA0FB0101B6EE4E
:108DA000002AA0EE012A8809BDEEC20A87ED040A56
:108DB0007861EFF3118489F31288C6F80090FFF709
:108DC0005BFFBFF34F8FBFF36F8F00BFBFF34F8FBA
:108DD000BFF36F8F0546FFF74FFF31682944401AF4
:108DE000306084F31188C7E90099C7E90299FFF759
:108DF0003FFF404601B0BDE8F08300BF0024744946
:108E000000008047D4D4D4D40120FFF78DBFD4D440
:108E100080B540F27852C2F20222537E012B0CD16F
:108E2000126986464FEAE27CA0FB02030EFB0C337C
:108E300001FB023150EA2F4180BD50EA0F41126917
:108E4000D31702F0D7FD80BD00F002B8D4D4D4D43B
:108E500010B54EF63050CEF200000068800631D5D5
:108E600043F68044CEF20004206CB0F1FF3F04DCF6
:108E70004FF000402060FFF7E3FED4F88001C0B25D
:108E800002281FD3216889070AD50221216040F2F8
:108E90009851C2F20221D1E900230133C1E9002334
:108EA00004280FD3216809070AD50821216040F260
:108EB0009851C2F20221D1E902230133C1E9022310
:108EC000062800D210BD216889060AD5202121601C
:108ED00040F29851C2F20221D1E904230133C1E9E1
:108EE0000423062808BF10BD08284FF0010C5CEAD7
:108EF0003C9E40F29851C2F202210622F6461831F9
:108F000008E000BF00BF00BF01320831BEF1010E12
:108F100000D1D7E70CFA02F3206C1842F4D023609A
:108F2000D1E9000310F5803043F10003C1E90003EB
:108F3000EAE7D4D4D4D4D4D443F6C040CEF200006F
:108F40000068C00F7047D4D443F680404FF0004112
:108F5000CEF200000160704743F60041CEF20001FE
:108F6000D1F80002420440F18E80F0B543F604636C
:108F7000EFF3108CCEF2000372B64FF000461A6881
:108F800022F001021A600E620E661A6842F00402B4
:108F90001A60C1F880601A6842F002021A60D1F8C3
:108FA0000022D2B2022A54D34FF600054FF6040431
:108FB000CFF6FF75CFF6FF744FF0080E042A41F884
:108FC00005E04FF01E050D514FF00304C1F880403D
:108FD0004FF002070F640C603BD34FF608041327D1
:108FE000CFF6FF74062A0F514FF60C04CFF6FF742C
:108FF0000D514FF00C04C1F88040C1F840E00C6006
:1090000027D34FF610070325CFF6FF77062ACD5159
:109010004FF61407CFF6FF774FF01E05CD514FF0F6
:109020003007C1F880704FF020050D640F6010D03C
:10903000082A4FF0010252EA329E062400BF00BF08
:1090400002FA04F50134C1F880500D640D600FF090
:1090500009C84EF6FC52CEF20002176847F080773E
:1090600047F4441717600E640E601968002241F03F
:109070000101196041F20001CEF200010A608CF397
:109080001088BDE8F040C0F380307047D4D4D4D409
:1090900040F6D030C2F2022000687047D4D4D4D455
:1090A0004FF0FF300021704743F27C000021CEF2E8
:1090B000000000687047D4D410B540F2C054A82115
:1090C000C2F20224204602F020FE032020616061EB
:1090D0004FF2C41040F26961C0F20020A061C2F2F8
:1090E0000221E1614FF4806121620021A16261628D
:1090F000E16240F6692220664FF0100E4FF6ED1047
:10910000C2F202226266C4F868E02167E166616724
:10911000BFF35F8FC0F200200F3000BF00BF00BF61
:1091200010F8011904F8011B0FF007C0BFF35F8F9F
:1091300010BDD4D4D4D4D4D42DE9F04F85B040F2AE
:10914000C0598B46C2F20229044699F80020532ADE
:1091500042D0A821484602F0D8FD0320C9F81000EB
:10916000C9F814004FF2C41040F26961C0F2002047
:10917000C9F81800C2F20221C9F81C104FF480612E
:10918000C9F820100021C9F82810C9F82410C9F81E
:109190002C1040F66922C9F860004FF0100E4FF60F
:1091A000ED10C2F20222C9F86420C9F868E0C9F8DB
:1091B0007010C9F86C10C9F87410BFF35F8FC0F25B
:1091C00000200F30494600BF10F8012901F8012B9B
:1091D0000FF007C0BFF35F8F0F2C13D8584602F073
:1091E0005CFEEFF311834FF0200181F31188D9F871
:1091F0002470D9F828108246B9426FEA070004D9D2
:109200000A1806E04FF0FF381AE2D9F82020084487
:109210000244D9F82C0000F003004FF0FF38DFE8DB
:1092200010F004000C004A000D020AF10400824212
:1092300080F05D814FF0000800E2042AC0F0FE815A
:109240004FF6DD119046C0F2002103AE02250193D6
:10925000095DFF208DF80C008DF80D1022E000BF95
:10926000D9F8201010440844C91B884250EA3180C4
:109270003146A84250EA3584D9F81C0038442246C9
:1092800002F048FDE019D9F82010411AA5EB0405B9
:1092900050EA11872644002DBFF35F8FC9F8247070
:1092A00000F0B180D9F82800FA43B842D8D9104468
:1092B000D9F82010D8E74FF6DD1104AEC0F2002136
:1092C00002250193FF20095D8DF810008DF8111023
:1092D00022E000BF00BF00BFD9F8201010440844AE
:1092E000C91B884250EA31803146A84250EA358491
:1092F000D9F81C003844224602F00CFDE019D9F8D8
:109300002010411AA5EB040550EA11872644BFF34B
:109310005F8FC9F8247045B1D9F82800FA43B842E4
:10932000DAD91044D9F82010DAE74FF0000822E02B
:10933000D9F8201010440844C91B884250EA3180F3
:109340005946504550EA3A84D9F81C003844224620
:1093500002F0E0FCE019D9F82010411AAAEB040A47
:1093600050EA1187A044A344BAF1000FBFF35F8F06
:10937000C9F8247008D0D9F82800FA43B842D7D9E0
:109380001044D9F82010D7E740F268604FF6DD129C
:10939000C2F20220C0F200220DF11205022600786E
:1093A000FF218DF81210105C8DF8130022E000BF31
:1093B000D9F8201010440844C91B884250EA318073
:1093C0002946B04250EA3684D9F81C003844224677
:1093D00002F0A0FCE019D9F82010411AA6EB04060F
:1093E00050EA11872544002EBFF35F8FC9F824701F
:1093F00000F02381D9F82800FA43B842D8D91044A4
:10940000D9F82010D8E7A8F104004FF000088245F1
:109410005AEA308521E000BFD9F8201010440844F2
:10942000C91B884250EA31805946A84250EA358427
:10943000D9F81C003844224602F06CFCE019D9F837
:109440002010411AA5EB040550EA1187A044A3445B
:10945000BFF35F8FC9F8247045B1D9F82800FA43EB
:10946000B842D9D91044D9F82010D9E740F2686041
:109470004FF6DD12C2F20220C0F200220DF10E05FD
:1094800002260078FF218DF80E10105C8DF80F0079
:1094900024E000BF00BF00BFD9F8201010440844EA
:1094A000C91B884250EA31802946B04250EA3684CE
:1094B000D9F81C003844224602F02CFCE019D9F8F7
:1094C0002010411AA6EB040650EA11872544002E0D
:1094D000BFF35F8FC9F8247000F0AF80D9F828007F
:1094E000FA43B842D8D91044D9F82010D8E74FF63B
:1094F000DD1102AEC0F2002102250193FF20095DBB
:109500008DF808008DF8091022E000BF00BF00BFF1
:10951000D9F8201010440844C91B884250EA318011
:109520003146A84250EA3584D9F81C003844224616
:1095300002F0F0FBE019D9F82010411AA5EB040560
:1095400050EA11872644BFF35F8FC9F8247045B1F4
:10955000D9F82800FA43B842DAD91044D9F82010D3
:10956000DAE74FF0000822E0D9F820101044084450
:10957000C91B884250EA31805946504550EA3A8426
:10958000D9F81C003844224602F0C4FBE019D9F88F
:109590002010411AAAEB040A50EA1187A044A34400
:1095A000BAF1000FBFF35F8FC9F8247008D0D9F863
:1095B0002800FA43B842D7D91044D9F82010D7E789
:1095C00040F268604FF6DD12C2F20220C0F20022C3
:1095D0000DF10A0502260078FF218DF80A10105CB3
:1095E0008DF80B0020E000BFD9F82010104408448B
:1095F000C91B884250EA31802946B04250EA36847D
:10960000D9F81C003844224602F084FBE019D9F84E
:109610002010411AA6EB040650EA11872544BFF337
:109620005F8FC9F8247046B1D9F82800FA43B842D0
:10963000DAD91044D9F82010DAE7019B83F31188B6
:10964000404605B0BDE8F08F70B54FF68B0072B69E
:109650004EF62856C0F20020CEF20006F6F710FDB6
:109660004EF62D40C0F20020F6F70AFD7068002883
:1096700007D47068400010D54EF6F960C0F20020A3
:1096800003E04EF6DD60C0F20020F6F7F9FC4EF67E
:109690002D40C0F20020F6F7F3FC4EF62670EFF3F3
:1096A0000884C0F20020F6F7EBFC4EF62D45C0F220
:1096B00000252846F6F7E4FC4EF6FD302168C0F29E
:1096C0000020F6F7E1FC4FF269206168C0F200204B
:1096D000F6F7DAFC4EF27430A168C0F20020F6F71B
:1096E000D3FC4EF64B00E168C0F20020F6F7CCFC4C
:1096F0004EF609402169C0F20020F6F7C5FC4EF68F
:1097000015406169C0F20020F6F7BEFC4EF621401C
:10971000A169C0F20020F6F7B7FC4EF29E70E16935
:10972000C0F20020F6F7B0FC4EF65700C0F2002061
:10973000F6F7A6FC2846F6F7A3FC4EF64D30316846
:10974000C0F20020F6F7A0FC4FF25B4056F8241C54
:10975000C0F20020F6F798FC4EF29E607168C0F2ED
:109760000020F6F791FC4EF2AA70C0F20020F6F746
:1097700087FC2846F6F784FC4EF64770EFF3058128
:10978000C0F20020F6F780FC306880010BD54EF661
:109790005470C0F20020F6F773FC4EF62D40C0F274
:1097A0000020F6F76DFC3068C0010BD54FF2F600D3
:1097B000C0F20020F6F764FC4EF62D40C0F2002007
:1097C000F6F75EFC3068C0022AD54FF22550C0F291
:1097D0000020F6F755FC4EF62D40C0F20020F6F7BB
:1097E0004FFC4FF215302146C0F20020F6F74CFC3A
:1097F0004FF2FF60EFF30A81C0F20020F6F744FC5D
:109800004EF2B640EFF30981C0F20020F6F73CFCBF
:109810004EF65F30EFF30B81C0F20020F6F734FC18
:10982000306800030BD54FF25E00C0F20020F6F75F
:1098300027FC4EF62D40C0F20020F6F721FC3068E0
:1098400040030BD54FF6BA00C0F20020F6F718FC23
:109850004EF62D40C0F20020F6F712FC306880036F
:109860000BD54EF67270C0F20020F6F709FC4EF6EA
:109870002D40C0F20020F6F703FC3068C0030BD582
:109880004FF2CD10C0F20020F6F7FAFB4EF62D4055
:10989000C0F20020F6F7F4FB3068800515D54FF2D2
:1098A0002430C0F20020F6F7EBFB4EF62D40C0F25C
:1098B0000020F6F7E5FB3068000406D54FF24A3089
:1098C0003169C0F20020F6F7DFFB3068C0050BD528
:1098D0004EF2D750C0F20020F6F7D2FB4EF62D40E4
:1098E000C0F20020F6F7CCFB00BE70BDD4D4D4D4B7
:1098F00080B54FF670210022C0F200214FF00D0C10
:10990000D1F800E000BF00BF815CDEF824300A29F6
:1099100002D049B911E000BF83F804C0DEF824305A
:10992000996C8900FCD5815C1971DEF8241000BFA8
:109930008B6C9B00FCD50132E6E70D201871DEF838
:10994000240000BF00BF00BF816C8900FCD50A2144
:109950000171DEF8240000BF816C8900FCD5002075
:1099600080BDD4D4D4D4D4D480B540F68420802112
:10997000C2F2022002F0C9F940F67C2C4FF67020AA
:1099800040F68022C2F2022CC0F20020C2F2022273
:109990000023CCF80030D0E900011360BDE880401E
:1099A00000F0DEB8D4D4D4D40179042923D180B511
:1099B00040F6802E40F67C2CC2F2022EC2F2022C1F
:1099C0008068DEF80010DCF800304A1C803A52EA69
:1099D0000192CEF800209A4240F68423C2F202237C
:1099E0005854BDE8804018BF7047501C803850EA7A
:1099F0000290CCF8000070474FF67021C0F20021B1
:109A000009684A6A1071486A816C8900FCD5002097
:109A10007047D4D4D4D4D4D42DE9F04182B040F6E8
:109A2000802040F67C27C2F20220C2F2022700BF4B
:109A300001683D688D4201D100BFF9E7A94209D90B
:109A400040F684220139C2F202220160525D8DF893
:109A5000072025E0481BC5F18004803040F68420B3
:109A6000C2F202200DF1070800EB05014046224634
:109A70005FEA0F9602F04EF9A64205D2A819B0F19E
:109A8000800150EA11800AE0361B40F6842108EB81
:109A90000400C2F20221324602F03CF9701938602B
:109AA0009DF8070002B0BDE8F081D4D4D4D4D4D45A
:109AB0000020FFF739F9FFF7FFFAFFF755FFF6F738
:109AC00007FB4EF61660C0F20020FFF711FF4FF2C1
:109AD0006230C0F20020FFF70BFF4FF0D0404FF094
:109AE0000071F6F715FB4FF60420C0F20020046861
:109AF0004FF485710122204600F09AFD4FF4FA7070
:109B00004FF47A7101F0C0FB4FF4857100222046BA
:109B100000F08EFD4FF4FA704FF47A7101F0B4FB4F
:109B2000E6E7D4D4D4D4D4D4022818BF704780B583
:109B300040F604304FF60451C2F20220C0F2002178
:109B400000F0AEFC0120BDE8804001F079BCD4D427
:109B500080B5FFF7ADFF002080BDD4D4D4D4D4D4D9
:109B60002DE9F0470D46097848F200020446C4F298
:109B7000350202EB01206062002020702562A2788D
:109B80006969A162A969C4E90B0122F00300D5F853
:109B90001C80411CA170697811B940F00200A070CE
:109BA00095F90B204EF20019CEF20009012650095A
:109BB00002F01F034CF2003AA97A09EB800006FA82
:109BC00003F3C4F2000A4EF6185CC0F88030CEF2FF
:109BD000000CBFF34F8FBFF36F8F5AF82230002A6B
:109BE00023F480334AF822304FEA01115AF8223028
:109BF00004D409EB020383F8001304E002F00F031E
:109C0000634403F8041C40F6B0310120C2F2022183
:109C100041F8224095F90520530902F01F06B04093
:109C20002E7909EB8303002AC3F880004FEA06135C
:109C3000BFF34F8FBFF36F8F5AF8220020F48030AC
:109C40004AF822005AF8220004D409EB020080F8F6
:109C5000003304E002F00F00604400F8043C41F8D7
:109C60002240012695F90720500902F01F0306FA49
:109C700003F3AE7909EB8000002AC0F880304FEA88
:109C80000613BFF34F8FBFF36F8F5AF8220020F4F3
:109C900080304AF822005AF8220004D409EB02006E
:109CA00080F8003304E002F00F00604400F8043C48
:109CB00041F82240012695F90920500902F01F03BE
:109CC00006FA03F32E7A09EB8000002AC0F88030F0
:109CD0004FEA0613BFF34F8FBFF36F8F5AF822007E
:109CE00020F480304AF822005AF8220004D409EB0C
:109CF000020080F8003304E002F00F00604400F836
:109D0000043C41F822400120EFF3108680F31088D4
:109D100028784FF0004121FA00F043F20401C4F228
:109D200020010A6822EA0000086008681E2001215C
:109D300001F0AAFA86F310884FF48061606A4FF44C
:109D400080428160E869E9786E78437802EA81317F
:109D5000077866F30921DA03437B92B207F0030721
:109D600003F00103114441EA4352636A42EA076285
:109D7000416802F580525A61027802F0FE03022B1C
:109D800007D14FF60471022ACFF6007108BF2031C7
:109D900000E00968626A11610C22017BAB78877868
:109DA00062F39F014FF44072022B08BF4FF48072A0
:109DB000002B07F00103676A18BF114341EA0371E2
:109DC000F960626A002191612A78092A04D8626ADE
:109DD0000023C1F61F735362B0F80F20807B636AC3
:109DE00040EA022041F60172C0F21F0210401863DF
:109DF000206AC4E90411C4E90611C569A160687C40
:109E000050B34EF25400C4F20100017801F00F018A
:109E1000022901D801220BE0CA1E052A06D24FF6FC
:109E20004851C0F2002151F8226003E008391022A5
:109E300002FA01F6407800F00F0001F0D5F940F683
:109E4000D032697CC2F20222B0FBF6F012685143B4
:109E5000B1FBF0F00130A060606AB8F80A1010227F
:109E6000A181C9F607528266206A90F905104A0955
:109E700001F01F035AF8210020F480304AF8210035
:109E80005AF8210009F5C0700121BFF35F8F01FA74
:109E900003F340F8223049F82230226A92F90B206D
:109EA0005AF8223023F480334AF822305AF822300C
:109EB000530902F01F02BFF35F8F01FA02F240F86C
:109EC000232049F82320226A92F907205AF82230E9
:109ED00023F480334AF822305AF82230530902F032
:109EE0001F02BFF35F8F01FA02F240F8232049F806
:109EF0002320226A92F909205AF8223023F4803371
:109F00004AF822305AF82230530902F01F02BFF3F8
:109F10005F8F914040F8231049F8231040F211411F
:109F2000606AC0F201018160606A00BF00BF00BFCB
:109F3000017FC907FCD044F642110020C5F243312D
:109F40006160BDE8F087D4D403460020C3E906125F
:109F50007047D4D4D4D4D4D4D0F824C0DCF808309A
:109F600023F44013CCF80830D0F824C000BF00BF61
:109F7000DCF848305B00FBD5DCF8083023F0100338
:109F8000CCF80830D0F824C09CF81C30DB06FBD499
:109F9000C0E904120020DCF8081041F01011CCF8E0
:109FA00008107047D4D4D4D42DE9F0410446406A57
:109FB0004FF6EE7288468668CFF6CE7232408260E7
:109FC000206A00222261C769A260787C50B34EF2F9
:109FD0005400C4F20100017801F00F01022901D8F8
:109FE00001220BE0CA1E052A06D24FF64851C0F2E4
:109FF000002151F8225003E00839102202FA01F53D
:10A00000407800F00F0001F0EFF840F6D032797C94
:10A01000C2F20222B0FBF5F012685143B1FBF0F03E
:10A020000130A060606AD8F8001026F44012016187
:10A030000020616A8A60BDE8F081D4D4D4D4D4D43D
:10A0400000204FF0FF32C1E900227047D4D4D4D4AD
:10A050008A0703D40622C90715D116E0426A93681D
:10A0600023F440139360426A936C5B00FCD59368C1
:10A0700023F010039360426A137FDB06FCD40022B6
:10A080004261C90701D00022C26110467047D4D492
:10A09000844681620020CCE90B327047D4D4D4D4FA
:10A0A00044F642124168C5F2433291426DD1B0B5D7
:10A0B000416A8A6822F440128A60416A8A6822F002
:10A0C00010028A60416A00BF0A7FD206FCD4016A8E
:10A0D0004EF2801CCEF2000C054691F907104A0999
:10A0E00001F01F03012101FA03F34CF82230BFF302
:10A0F0004F8FBFF36F8F026A92F90920530902F064
:10A100001F0201FA02F24CF82320BFF34F8FBFF376
:10A110006F8F426A936823F480339360026A92F9E6
:10A120000520530902F01F0201FA02F24CF8232025
:10A13000BFF34F8FBFF36F8F026A92F90B20530961
:10A1400002F01F0201FA02F24CF8232043F204024B
:10A15000BFF34F8FBFF36F8FEFF3108481F310883D
:10A16000016AC4F220024FF0004C1E2009781368E7
:10A170002CFA01F1194311601168012101F084F8F2
:10A1800084F3108800206860B0BD07207047D4D4E5
:10A190000246C069086000200021D1617047D4D414
:10A1A00006207047D4D4D4D406207047D4D4D4D455
:10A1B000B0B584B04FF07041EFF3038001EB006065
:10A1C0004CF200318015C4F20001425822F4803272
:10A1D000425040F6B0324158C2F202221458206A6E
:10A1E00000690028606902D0E0B104B0B0BDC8B118
:10A1F000A07800F003000228206905D10088616A78
:10A2000020F4DC40486002E0616A00780871A078C0
:10A21000226900F003016069401A60611144216104
:10A220000028E2D1616A02228D68A06862F31555A8
:10A2300010B101F069F8616A8D60A06A00284FF0E2
:10A2400000002061D1D0E06A20B190E82E008DE8B6
:10A250002E0000E06846216A0978016000218160D3
:10A2600080210171216BC160A16A8847E06A0028E2
:10A270001CBF9DE82E002EC004B0B0BDD4D4D4D4F1
:10A2800010B586B04FF07041EFF3038001EB006032
:10A290004CF200318015C4F20001425822F48032A1
:10A2A000425040F6B0324158C2F202221458A0780F
:10A2B00000F00302606A022A03D101686FF35F2194
:10A2C00000E00178E0690191D0B1A06901A901F035
:10A2D00021FDA078D4E9061200F003000144101A11
:10A2E000C4E9061034D1A06A90B3E06AE0B1D0E9C5
:10A2F00000C2D0E90231CDE90431CDE902C214E057
:10A30000A06A28B3E06A40B1D0E900CED0E90223C8
:10A31000CDE90423CDE902CE00E002A8226A12783A
:10A3200081600260042106E002A8216A09780160C8
:10A330000021816001210171216BC160A16A884700
:10A34000E06A28B102AC1ECC016042608360C46048
:10A3500006B010BDD4D4D4D4B0B584B04FF07041A1
:10A36000EFF3038001EB006040F6B0328115C2F2DA
:10A3700002224FF6EF7304165558CFF6CF73696A71
:10A380008A681A408A60A96AE1B1E86A40B1D0E9F6
:10A3900000C2D0E90231CDE90231CDE900C200E0CE
:10A3A0006846296A097801600021816002210171F3
:10A3B000296BC160A96A8847E86A00281CBF9DE82C
:10A3C0002E002EC04CF20030C4F2000050F82410D1
:10A3D00021F4803140F8241050F8240004B0B0BDBE
:10A3E00070B584B04FF07041EFF3038001EB006073
:10A3F00040F6B0328115C2F202225458A178636A45
:10A4000001F00301022904D1D3F800C06FF35F2CDF
:10A4100001E093F800C09A6C2025082105EAD24596
:10A420004FF0100E01EA12611EEA126229440A443A
:10A4300003D0996C090458BF4032996E051641F05B
:10A44000C8519966A16AD9B1E06A40B1D0E900E388
:10A45000D0E90216CDE90216CDE900E300E0684636
:10A46000216A0978C0F808C001600271216BC160DF
:10A47000A16A8847E06A00281CBF9DE84E004EC0D4
:10A480004CF20030C4F2000050F8251021F4803165
:10A4900040F8251050F8250004B070BDD4D4D4D4B1
:10A4A00080B545F25422C5F24F020260084600F022
:10A4B00037F9002080BDD4D40146002000220A6074
:10A4C0007047D4D4D4D4D4D480B5084600F028F949
:10A4D000002080BDD4D4D4D470B586B001A8049037
:10A4E00003A814460D46ADF8081001920126ADF8F8
:10A4F0000C6000F07DF940F6AC30EFF31081C2F251
:10A50000022086F3108802683AB940F614520023FC
:10A51000C4F24002137040231370026801320260DB
:10A5200081F31088E10340F600014FEA1522C4F2DE
:10A53000400101D4EBB20CE001EB8216EBB256F80D
:10A54000235025F4803546F8235024F4803546F80E
:10A55000235001EB8211012241F82340EFF31081D7
:10A5600082F31088026812B10268013A0260006842
:10A5700038B940F614500022C4F240000270802224
:10A58000027081F31088002006B070BDD4D4D4D4FA
:10A5900004200023C4F24000CFF6FF7340EAD1004C
:10A5A000C9B220F01B00006843EA104020FA01F114
:10A5B000002001F0010111707047D4D4D4D4D4D458
:10A5C00010B56FF00100CBB200EAD11001210C24CC
:10A5D00001FA03FE0101C4F2400444EA001C4FF4F6
:10A5E0008030012A625800FA03F004D122EA000008
:10A5F00040EA0E0203E022EA0E0141EA00020020D6
:10A60000CCF8002010BDD4D46FF03F00CBB200EAEC
:10A61000910040F6000100EB8300C4F24001415874
:10A620000020C1F3400111707047D4D4D4D4D4D4E5
:10A6300010B5CBB2012098406FF0010E84B20EEA43
:10A64000D110002A40F208024FF4803C4FEA00117A
:10A65000C4F240024FF0000008BF0CFA03F454505B
:10A6600010BDD4D4D4D4D4D480B56FF0010040F25E
:10A67000000C00EAD110C4F2400C010103EA020E02
:10A6800062EA03025CF801004EEA000E002002EAD2
:10A690000E024CF8012080BD6FF0010000EAD110DD
:10A6A00004210001C4F2400109580020090C118066
:10A6B0007047D4D4D4D4D4D46FF0010003EA020C90
:10A6C00000EAD11023EA02010C230201C4F2400384
:10A6D00000204CEA014199507047D4D4D4D4D4D44A
:10A6E0006FF00100042300EAD110C4F2400301011D
:10A6F00000205958118070476FF0010003EA020CE6
:10A7000000EAD11023EA020108230201C4F2400347
:10A7100000204CEA014199507047D4D4D4D4D4D409
:10A7200070B5044600F064F840F6AC3CEFF31081DD
:10A73000C2F2022C012080F31088DCF8000038B946
:10A7400040F614500022C4F2400002704022027011
:10A75000DCF800000130CCF8000081F3108820887C
:10A7600030B340F6000E0021C4F2400E08E000BFF6
:10A770000EEB8010013140F822302088814217D240
:10A78000606800EBC10250F831309288D8034FEA7C
:10A790001220D2B2ECD50EEB801555F8226026F4CB
:10A7A000803645F8226023F4803645F82260DFE7E2
:10A7B0000120EFF3108180F31088DCF8000020B155
:10A7C000DCF800000138CCF80000DCF8000010B123
:10A7D00081F3108870BD40F614500022C4F240008E
:10A7E00002708022027081F3108870BDD4D4D4D45A
:10A7F0002DE9F04F81B004460088002867D04EF65E
:10A800004C4B0025C4F2010B4FF0010A04E000BFDD
:10A810002088013585425AD24FF6905642F24008C0
:10A820000027C0F20026C4F220080CE000BF00BFE1
:10A8300088F80000C820012100F026FD013708F14A
:10A840000208032FE4D0606836F8021B00EBC50055
:10A8500082888A42F2D100689BF8001000F0B8505C
:10A860000AFA07F9B0F1807F09EA010018D158B956
:10A87000012000F0BDFD9BF8000040EA09008BF8C4
:10A880000000012000F088FD98F900000028D5D4D0
:10A8900098F8000040F08000CAE700BF00BF00BF8A
:10A8A00058B1012000F0A4FD9BF8000020EA090047
:10A8B0008BF80000012000F06FFD98F90000B0F166
:10A8C000FF3FBBDC98F8000000F07F00B0E701B06C
:10A8D000BDE8F08FD4D4D4D42DE9F04381B00D4637
:10A8E00049684560044608784AF20006C4F200064A
:10A8F0004FF000084FF0010906EB8010A060C86817
:10A90000E0604869606143F20000C4F81080C4F25E
:10A910002000EFF3108789F31088016821F480018B
:10A92000016000681E20012100F0AEFC87F3108852
:10A9300086F8009886F810882046296800F0CCF840
:10A9400044F243110020C4F24D41216001B0BDE842
:10A95000F083D4D4D4D4D4D410B5044600F0BCF8D9
:10A96000A168002001220A7710BDD4D4D4D4D4D455
:10A9700080B582B00191009241684CF2802CC4F203
:10A98000000C4FF0000E49680A784CF822E082680B
:10A9900082F81CE00A7849894CF82210816881F815
:10A9A0001DE0019911B1019982681160009911B1FE
:10A9B00000998268516081680A8AB2F5804F4FF031
:10A9C0000C0238BF08228B500122816800200A77D0
:10A9D00002B080BDD4D4D4D48168002001220A778B
:10A9E0007047D4D4D4D4D4D441684CF2802CC4F26F
:10A9F000000C002349680A784CF8223082681377EB
:10AA00000A7849894CF82210816800204B777047FA
:10AA1000826809010020013151777047D4D4D4D421
:10AA20008168002000224A777047D4D4D4D4D4D48B
:10AA30004FF480628A604FF480320A608268138A21
:10AA4000D2684A6000228068B2EB933F806880B28F
:10AA5000C86002D14FF6FF70886000207047D4D4E0
:10AA6000014640684CF2802C00224068C4F2000C81
:10AA700003784CF823208B681A77C368EBB1B0B524
:10AA800090F901304EF28015CEF200054FF0010E24
:10AA900003F01F0C5B090EFA0CF445F8234040F656
:10AAA000B033BFF34F8FBFF36F8F90F90100C2F245
:10AAB000022343F82020BDE8B04000200A60704720
:10AAC00006207047D4D4D4D403460020D9605A61FC
:10AAD0007047D4D4D4D4D4D42DE9F04F81B0426897
:10AAE0004CF28029C4F20009002752684CF2C004DD
:10AAF000137849F8237083681F771378568949F8CB
:10AB000023604FF0FF3683685F774FF440730D6822
:10AB10004FF4404703EA1553B1F80EC007EA154752
:10AB200006EB95763B44022E0DD84CEA0C47B1F863
:10AB30000CE0022E27F0FC2C09D04FF4805606EAD8
:10AB40001526334303E043F400534FF0000EC6686C
:10AB5000578904EA153B0097D6B14FF01C08AF0F98
:10AB6000AC024EF2001A58BF4FF0100892F9015093
:10AB7000022F9778CEF2000A88BF4FF01008002D00
:10AB80004FEA07170CD40AEB050686F8007311E0AC
:10AB90004FF00008B5F1404F2ED2002500274EE0BF
:10ABA00074464EF6145E05F00F06CEF2000E06F85F
:10ABB0000E70A64640F6B03709EB8506C2F20227B2
:10ABC000012447F82500D6F8807027F48037C6F8AE
:10ABD0008070D6F880706F0905F01F05BFF35F8F96
:10ABE0000AEB870604FA05F5C6F880514AF82750A3
:10ABF0000D68B5F1404FD0D3B1F80C9005F0406628
:10AC0000CF89B6F1806F03D14BF4005BCA4601E0F7
:10AC1000B2F808A005F44026B6F5802F08BF01273A
:10AC20004E68856807FB09F72E624AEA0A458E6876
:10AC30008468C7EA074708BF4BF0200B6662866846
:10AC4000B5628668F7628768A7F814B08768009CC9
:10AC5000002C18BF43F001033B824B6887683B60C0
:10AC60008968836859608168C1F808C08168C1F843
:10AC70000CE0816852688A61806880F8138001B0B6
:10AC8000BDE8F08FD4D4D4D410B582B04FF0704169
:10AC9000EFF3038001EB00604CF200318015C4F249
:10ACA0000001425822F48032425040F6B0324158FE
:10ACB000C2F202221458E1686069019001A8884735
:10ACC000A068C16800291CBF0121017702B010BD36
:10ACD0004EF22401C4F201018878098801F00F02C4
:10ACE000A2F1080103293BD8DFE801F0022C101E75
:10ACF00040F24041C2F2022151F820004AF6AB2155
:10AD0000CAF6AA21A0FB0101480830E040F2404108
:10AD1000C2F2022151F820004AF6AB21CAF6AA215C
:10AD2000A0FB0101C80822E040F24041C2F202212A
:10AD300051F820004AF6AB21CAF6AA21A0FB010176
:10AD4000080914E040F24041C2F2022151F820000B
:10AD50004AF6AB21CAF6AA21A0FB0101880806E049
:10AD600040F24041C2F2022151F82000D04040F6AA
:10AD7000D031C2F2022108607047D4D4D4D4D4D4E4
:10AD80002DE9F0470FF238404EF2FA3840F24046D3
:10AD9000C4F201084AF2015190ED001FC2F20226EE
:10ADA0000FF22C40CFF6FF714EF255050231A8F894
:10ADB000001086ED001F06F12003C4F2010590ED9E
:10ADC000001F43F6000048F20041C1F69C4044F2E7
:10ADD000553286ED041FC1F2D771C1F2DE3207C3CE
:10ADE00015F82F0C35F8311C01F00F02A2F1080103
:10ADF00003292BD8DFE801F002200C164AF6AB211C
:10AE000056F82000CAF6AA21A0FB0101480820E05C
:10AE10004AF6AB2156F82000CAF6AA21A0FB010190
:10AE2000C80816E04AF6AB2156F82000CAF6AA2157
:10AE3000A0FB010108090CE04AF6AB2156F82000FE
:10AE4000CAF6AA21A0FB0101880802E056F82000FA
:10AE5000D04040F6D03A4EF60044C2F2022AC4F284
:10AE600001040A214EF60147CAF800004FF650606F
:10AE7000CFF6FF70C4F201072154092085F84D0078
:10AE8000207818B93878800700F09481207850B97C
:10AE900001202070C820012100F0F6F900BF00BF9A
:10AEA00020780128FCD10020387020704AF2015926
:10AEB000002005F8230C00BF15F8190C0007FBD57E
:10AEC0004FF60211C5F8731040F2415125F8071CE6
:10AED00042F602314EF614500022C0F2010105F88C
:10AEE0000B2CC5F8571040F2834125F8091CCEF20F
:10AEF00000004EF20001BFF34F8FBFF36F8F036866
:10AF0000CEF2010123F400330360C0F83C22BFF30A
:10AF10004F8FBFF36F8F0A6822F440520A60BFF36D
:10AF20004F8FBFF36F8F15F8412C02F0F8020132FA
:10AF300005F8412C00BF00BF15F8412CD206FBD408
:10AF40000A6842F440520A60BFF34F8FBFF36F8F1D
:10AF50000168890312D4BFF34F8FBFF36F8F0021B5
:10AF6000C0F83C12BFF34F8FBFF36F8F016841F4FD
:10AF700000310160BFF34F8FBFF36F8F002005F8E2
:10AF80002B0C00BF00BF00BF15F8190C8006FBD5C5
:10AF90004CF200040020C4F21304207020782078C2
:10AFA00020786068C82807D0C820C1F6006000BFBC
:10AFB00060606168C829FBD1A068642808D064205B
:10AFC000CEF2001000BF00BFA060A1686429FBD1D1
:10AFD00049F69820C9F6890045F8350C48F68000F6
:10AFE00025F8310C052005F82F0C15F82F0C35F835
:10AFF000311C01F00F02A2F1080103292BD8DFE870
:10B0000001F002200C164AF6AB2156F82000CAF6D1
:10B01000AA21A0FB0101480820E04AF6AB2156F81E
:10B020002000CAF6AA21A0FB0101C80816E04AF6D2
:10B03000AB2156F82000CAF6AA21A0FB010108099D
:10B040000CE04AF6AB2156F82000CAF6AA21A0FB74
:10B050000101880802E056F82000D040CAF800003C
:10B060001E200121012700F00FF960686FF39F2077
:10B07000652828BF277015F82F0C35F8311C01F012
:10B080000F02A2F1080103292BD8DFE801F002200A
:10B090000C164AF6AB2156F82000CAF6AA21A0FBEE
:10B0A0000101480820E04AF6AB2156F82000CAF614
:10B0B000AA21A0FB0101C80816E04AF6AB2156F808
:10B0C0002000CAF6AA21A0FB010108090CE04AF6FB
:10B0D000AB2156F82000CAF6AA21A0FB010188087E
:10B0E00002E056F82000D04042F20001CAF8000009
:10B0F000C4F200010120A1F80090BFF35F8F087235
:10B100004FF42540BFF35F8F088095F8850040F02D
:10B11000400085F8850000BF95F98500B0F1FF3F3C
:10B12000FADC012085F87F00C72085F8850095F8B6
:10B13000850000F0BF0085F8850000BF00BF00BF9C
:10B1400095F985000028FBD4012005F8020CE87F62
:10B1500040F04000E87700BF95F91F00B0F1FF3FD5
:10B16000FADC0720E8754820E8770820E87700BF78
:10B1700095F91F000028FBD4287840F04000287083
:10B1800095F90000B0F1FF3FFADC022005F8010C50
:10B19000C8202870287800F0BF00287000BF00BFCA
:10B1A00095F900000028FBD44FF42540A8F80000D2
:10B1B000BDE8F0874FF47A7000F012F876E600BF31
:10B1C000006CDC0200127A000080000000366E0184
:10B1D000008000000046C32300CA9A3BAA02E50F84
:10B1E0007047D4D4D4D4D4D440F24041C2F2022126
:10B1F00051F820007047D4D4B0B542F22404C820DE
:10B20000C4F2200401210025257100F03DF82570CD
:10B21000207808B12FF005C0207840F0020020709F
:10B2200020788007FCD4002004F8020C00BF00BF87
:10B2300014F8020C08B12FF005C84FF0030E0020DF
:10B2400004F11C0100BF00BF11F8102002F07F02C2
:10B2500001F8102000BF00BF11F91020002AFBD414
:10B2600001300FF00FC8012000F0C2F84EF64C413B
:10B270000120C4F2010100220A70BDE8B04000F0D4
:10B280008BB8D4D4D4D4D4D440F6D03241F20023F5
:10B29000C2F20222C0F27A03484312689A420FD3E4
:10B2A00044F23F21C0F20F0111444DF68362C4F213
:10B2B0001B32A1FB0212910CA0FB0101C9B11DE0E0
:10B2C0004CF60021C3F69A31B1FBF2F148F6381280
:10B2D000C0F24102904205D24FF47A725043B0FB63
:10B2E000F1F006E0B0FBF1F0904207D24FF47A7132
:10B2F0004843002808BF704700F006B84FF0FF3001
:10B3000000F002B8D4D4D4D401380028FCD170475E
:10B31000F0B581B04CF2201540F65837C4F2000564
:10B320000024C2F2022755F8200C296801EA000621
:10B3300006E000BF00BF00BF01340437152C09D060
:10B3400026FA04F0C007F7D039680029F4D0204667
:10B350008847F1E745F8106C28683042FCD101B00D
:10B36000F0BDD4D4D4D4D4D480B54FF0050E4CF273
:10B3700000304FF61051C4F20000C0F2002100BFAF
:10B3800031F8022B002A18BF026004300FF009C008
:10B3900080BDD4D4D4D4D4D4EFF31081012282F36D
:10B3A000108840F6C432C2F2022232F8103023B1C3
:10B3B00032F81030013B22F8103032F8102012B170
:10B3C00081F3108870474EF2FA3240F2100CC4F24A
:10B3D0000102C0F2012C13883CF8100043F425430D
:10B3E00023EA0000108081F310887047D4D4D4D4AD
:10B3F00010B5EFF31081012282F3108840F6C432B9
:10B40000C2F2022232F8103083B94EF2FA3E40F214
:10B41000100CC4F2010EC0F2012CBEF800403CF842
:10B420001030234343F42543AEF8003032F8103097
:10B43000013322F8103081F3108810BDD4D4D4D455
:10B44000F0B581B043F650450446C4F2000500BF94
:10B45000287808B12FF005C04FF000064FF08700A4
:10B4600025F82C0C05F8506C8CB10020FFF7C0FFBC
:10B470004EF253000127C4F2010007700020FFF7CD
:10B480008BFF05F8307C00BF28780007FCD4012032
:10B4900005F84E0C05F84F6C287808B12FF005C060
:10B4A00042F20350C0F20500BCB14FF40C7125F814
:10B4B000081C00BF00BF00BF2978C907FCD145F8B0
:10B4C0000C0C012005F8100C47F2A83125F83C1CA3
:10B4D00005F83A0CA5F1500014E045F80C0C0120D9
:10B4E00005F8100C47F2A83125F83C1C05F83A0C79
:10B4F00015F8500CC007FBD1287808B12FF009C00F
:10B50000A5F140000121017001B0F0BDD4D4D4D424
:10B5100043F600400021C4F20000017000BF00BFEC
:10B520000178C907FCD190F8501009B12FF009C07B
:10B53000012101747047D4D410B54EF25304C4F203
:10B540000104207838B90020FFF752FF0120207055
:10B550000020FFF721FF43F60040C4F2000000BFC7
:10B5600090F8501009B12FF005C800210174012195
:10B57000017010BDD4D4D4D400F00AF8FEF7E8FA74
:10B58000FEE7D4D4D4D4D4D400BE7047D4D4D4D419
:10B590002DE9F0474EF6145540F20120CEF2000599
:10B5A000C0F20E004EF200042860CEF20104BFF398
:10B5B0004F8FBFF36F8F55F8141CC1F30350012850
:10B5C0005FEA1F9211F00F0F5FEA0F91114221689D
:10B5D00011D102280FD241F0040020604EF2080081
:10B5E000BFF34F8FCEF20000BFF36F8F016841F4BD
:10B5F0008031016002E021F004002060BFF34F8F32
:10B60000BFF36F8F4FF4700040F2000168670020B5
:10B61000C0F2002145F80C1CFEF786FAFFF7B0FBDC
:10B620004EF2FA304AF20251C4F2010002220180C5
:10B630004EF6B021C4F201010A704FF42541018099
:10B640000120FEF771FA40F24000C2F2012080F3BF
:10B650000A882068800723D555F80C0CB0F1007FCC
:10B660001ED120694FF40071C0F3C300626901FA72
:10B6700000F3C2F3C30081400020DA08CB08014682
:10B68000074642F005C800BFE7E802010FF005C019
:10B690004FF0005243F005C0E2E802010FF005C090
:10B6A0004FF6E458C0F20028D8F800708FB1D8F8EF
:10B6B00004003E46041D03E0013E04F10C0408D0E2
:10B6C00060790028F8D154E90101091A00F01DFB46
:10B6D000F2E7D8F80890B9F1000F13D0D8F80C00B1
:10B6E0004E4600F1080403E0013E04F1100409D0C5
:10B6F00060790028F8D154E902022168121A00F09A
:10B7000009FBF1E7FFF7E4FAFFF776FD0320FFF707
:10B710006FFE4FF00E0E40F63050C4F24000002194
:10B7200020F8041B0FF005C00320FFF735FE0320AF
:10B73000FFF75EFE44F204000021C4F22000016025
:10B7400041608160C1600320FFF726FED8F810A099
:10B75000D5F8AC104422BAF1000F62F30701C5F826
:10B76000AC1025D0D8F8141000234FF0200E4FF065
:10B77000010C002404E000BF0134E3B29A4517D95C
:10B7800001EBC30251F83360526822F01F02203AE5
:10B790000EEB5210B0EB561FEED942F001006CF3E5
:10B7A0000406C5F88430C5F88860C5F88C00E3E766
:10B7B000BFF35F8F0520C5F88000286940F4803012
:10B7C0002861BFF34F8FBFF36F8F2868C0032DD45C
:10B7D00000202867BFF34F8FE96E43F6E073C1F393
:10B7E0004E30CA08C1F3C9014E1C9107420100BF87
:10B7F00002EA030446F001E00C4400BF00BF00BFB2
:10B80000C5F84C4204F140440FF007C00028A0F1F5
:10B810000100A2F12002EBD1BFF34F8F286840F462
:10B8200080302860BFF34F8FBFF36F8F0220FEF789
:10B830007BF99FB1D8F804004FF48076041D03E033
:10B84000013F04F10C0409D06079B6EB002FF7D169
:10B8500054E90101091A00F058FAF1E7B9F1000FB3
:10B8600016D0D8F80C004FF4807700F1080404E0FB
:10B87000B9F1010904F110040AD06079B7EB002F87
:10B88000F6D154E902022168121A00F043FAEFE7F8
:10B8900040F6D834C2F20224204600F061FB204674
:10B8A00000F076FBBFF34F8FBFF36F8F0020C5F81A
:10B8B0003C0240F2B03040F2B431C0F20120C0F29C
:10B8C0000121BFF34F8F081ABFF36F8F8410012C33
:10B8D0000BDB40F2B035C0F2012500BF00BF00BF56
:10B8E00055F8040B8047013CFAD1FFF73DFD0020DD
:10B8F000BDE8F04700F000B87047D4D450EA010228
:10B9000002BF9FED3B0A10EE100A704780EAE1701B
:10B9100081EAE172B0EBE17362EBE172B3FA83F0BA
:10B920002030002A4FEAE17118BFB2FA82F02728CE
:10B9300009D870B5262838D027280DD1520042EA00
:10B94000D3725B0031E0A0F1280203FA02F2B0F1F9
:10B95000480358BF002235E0C0F1060600F11A0C7A
:10B96000841F23FA06F502FA0CFE45EA0E0558BFBD
:10B9700003FA04F503FA0CF458BF00242543C0F180
:10B9800026045FEA0F9CC4F12005002E23FA04F37D
:10B9900002FA05F543EA050358BF22FA06F322FA34
:10B9A00004F243EA0C0358BF0022C3F3800633437A
:10B9B000013342F100025E01BDE8704004D49B08EF
:10B9C00043EA82723F2303E0DB0843EA42724023EA
:10B9D000181A6FF3DF5201F00041114441EAC050E0
:10B9E00000F17E5000EE100A10EE100A704700BF02
:10B9F0000000000040B584B002AE009600F004F8EC
:10BA0000029A039B04B040BDB0B584B00D4602A9B4
:10BA100080EAE57000911C4682EAE37285EAE571EE
:10BA2000B0EBE57061EBE57183EAE373B2EBE472CE
:10BA300063EBE47300F017F8DDE90223DDF820C0C2
:10BA400083EAE57382EAE572B2EBE57263EBE573D4
:10BA5000CCE90023E21782EAE57250405140801A97
:10BA6000914104B0B0BD2DE9F04F099D844681B1EC
:10BA7000C2B14BB3B1FA81F7B3FA83F6F71B202FAB
:10BA80004FD3002D18BFC5E900C100200021BDE83B
:10BA9000F08FCBB30021002D64D00020C5E900C198
:10BAA000BDE8F08F002B60D0002861D05F1E3B42C4
:10BAB00000F08580B1FA81F7B3FA83F6F71B1F2FE8
:10BAC000DFD207F1010C3CE0571E3A425DD0B1FADB
:10BAD00081F7B2FA82F6F71B07F1210CBCF1200FB7
:10BAE00024D0BCF11F0F79D8CCF1200620FA0CF736
:10BAF00021FA0CF901FA06F5B0403D434FF0000A77
:10BB0000BCF1010F2CD07CE0B0FBF2FC002D1EBF7D
:10BB10000CFB12000021C5E9000100216046BDE8D0
:10BB2000F08F07F1010CBCF1200F0AD14FF0000992
:10BB30004FF0200C0D464FF0000ABCF1010F0FD062
:10BB40005FE0C7F11F0720FA0CF621FA0CF901FAA1
:10BB500007F5B84035434FF0000ABCF1010F50D152
:10BB600000248FE00020BDE8F08F6046BDE8F08F34
:10BB7000B1FBF3FC002D1EBF0CFB13100021C5E927
:10BB8000001000216046BDE8F08F002D1EBF00238D
:10BB90000740C5E90073012A0ED092FAA2F24F00C5
:10BBA000B2FA82F202F01F03D140D8401F23934320
:10BBB00007FA03F343EA000C6046BDE8F08F002D5E
:10BBC0001CBF07EA0100C5E900C093FAA3F0B0FA70
:10BBD00080F021FA00F00021BDE8F08FACF12007E1
:10BBE000CCF140044FF0000920FA07F601FA04F501
:10BBF0002E4300FA04FA21FA07F53046BCF1010F92
:10BC0000AED02CF001070126023F4FF0000B06EBEF
:10BC1000570E4FEA490444EAD5746D0045EAD075E1
:10BC20004000E743E943891843EB0708AF1A64EB88
:10BC30000306B8F1000F56EA448457EA45856400CC
:10BC400044EAD5746D0045EAD07540EADA70AE1A60
:10BC50006FEA050164EB030789184FEA40006FEAB9
:10BC60000401594157EA448956EA4585CC0F4BEA0D
:10BC70004A010027A34640EAD170490041EAD87A38
:10BC80000FF039C85FEACC711ED06F004FEA49014E
:10BC900047EAD07741EAD571B7EB020C4FEA400092
:10BCA00061EB030EFD4352196FEA010653EB0602E6
:10BCB00040EADA705EEA41895CEA4785D10F44EADE
:10BCC0004A0200270C4692464FEADA7141EA4000E8
:10BCD00009994FEA4A02002918BFC1E9005940EA10
:10BCE000070122F001002043BDE8F08F40B584B089
:10BCF00002AE0096FFF7B7FE029A039B04B040BD68
:10BD00000B4611461A4600F07BB80A46002100F0A7
:10BD100077B8D4D4844641EA000313F0030349D131
:10BD2000403A23D30B6803604B6843608B688360A1
:10BD3000CB68C3600B6903614B6943618B698361A5
:10BD4000CB69C3610B6A03624B6A43628B6A83628D
:10BD5000CB6AC3620B6B03634B6B43638B6B836375
:10BD6000CB6BC36340304031403ADBD230320BD32F
:10BD70000B6803604B6843608B688360CB68C3606B
:10BD800010301031103AF3D20C3205D351F8043B85
:10BD900040F8043B043AF9D2043208D0D2071CBF61
:10BDA00011F8013B00F8013B01D30B88038060468A
:10BDB000704700BF082A13D38B07B1D010F00303DC
:10BDC000AED0C3F10403D21ADB071CBF11F8013B4C
:10BDD00000F8013BA4D331F8023B20F8023B9FE777
:10BDE000043AD9D3013A11F8013B00F8013BF9D2EA
:10BDF0000B7803704B7843708B7883706046704784
:10BE000070B4840746D0541E002A41D0CDB20346F8
:10BE100002E0621EE4B3144603F8015B9A07F8D10E
:10BE2000032C2ED9CDB245EA05250F2C45EA054550
:10BE300019D9264603F11002103E0F2E42F8105C6D
:10BE400042F80C5C42F8085C42F8045C02F1100213
:10BE5000F2D8A4F1100222F00F0204F00F04103205
:10BE6000032C13440DD91E462246121F032A46F8FE
:10BE7000045BFAD8221F22F00302121D134404F0BF
:10BE800003042CB1C9B21C4403F8011BA342FBD12B
:10BE900070BC704714460346C2E720F0030110F05F
:10BEA0000300C0F1000051F8043B00F1040C4FEA1C
:10BEB000CC0C6FF000021CBF22FA0CF213434FF0BF
:10BEC000010C4CEA0C2C4CEA0C4CA3EB0C0222EAC1
:10BED000030212EACC1204BF51F8043B001DF4D057
:10BEE000C2F1000102EA0102B2FA82F2C2F11F02BB
:10BEF00000EBD200704780B500F004F820F000405D
:10BF000080BDD4D4F0B50E4F00F052F8C25947F6B8
:10BF10002D7CC319C4F6954C4FF22D465968C5F6D1
:10BF20005106A2FB0C4502FB065201FB0CF1661CFC
:10BF3000C65142EB0100586020F00040F0BD00BF48
:10BF40000800000000F000B880B50146034A00F088
:10BF50002FF8815010440021416080BD080000008E
:10BF600010B540F2780140F20802C0F20021C0F2A0
:10BF700000020446FFF7CEFE40F2080040F2000146
:10BF8000C0F20000C0F200012044FFF7BEFE10BD69
:10BF900040F20801C0F20001401A40F6D431C2F26A
:10BFA000022108607047D4D4D4D4D4D4D4D4D4D407
:10BFB0000148006870470000D40B022283B080B5AE
:10BFC00081B0844603A80EC04FF60020C0F20020C6
:10BFD000006803AA6146009200F006F801B0BDE8CF
:10BFE000804003B07047D4D42DE9F04F99B081461A
:10BFF00080781892800740F1B58518980027D9F805
:10C0000004808A46179011A8821D0C92421E0530AA
:10C0100010920E900D91514611F8010B252803D076
:10C020008A4638B900F0A0BD9AF801500AF1020A18
:10C03000252D06D14946C04701370028EBD500F031
:10C040008BBD002200244FF0000C4FF0000B04E0E9
:10C050001AF8015B002D00F02D811FFA8BF61F2EC0
:10C0600020D8A5F1200010281ED8DFE810F0150018
:10C070001D001D0018001D001D001D0014001D00E6
:10C080001D001D0011001D00CC001D001D00C90079
:10C090004BF0020B00E0DBE74BF0040BD8E74BF072
:10C0A000100BD5E77F2E0DD8A5F13000092840D818
:10C0B000402E80F0A0800CEB8C014BF0200B00EBAD
:10C0C000410CC5E7A5F14C002E2800F2F480DFE812
:10C0D00010F08F00F200F200F200F200F200F20025
:10C0E000F200F200F200F200F200F200F200F200C0
:10C0F000F200F200F200F200F200F200F200F200B0
:10C10000F200F200F200F200F200A400F2008F0050
:10C11000F2009D00F200F200F200F200F200F200E4
:10C12000F2002F00F200F200F200F200F2002F0005
:10C130008EE7A5F12400562800F2BD80DFE810F05C
:10C140008600BB00BB00BB00BB00BB007400BB0093
:10C15000BB00BB00A400BB00BB00BB00BB00BB001E
:10C16000BB00BB00BB00BB00BB00BB00BB00BB00F7
:10C17000BB00BB00BB00BB00BB00BB00BB00BB00E7
:10C18000BB00BB00BB00BB00BB00BB00BB00BB00D7
:10C190005800BB00BB00BB00BB00BB00BB00BB002A
:10C1A000BB00BB00BB00BB00BB00BB00BB00BB00B7
:10C1B000BB00BB00BB00BB00BB00BB00BB00BB00A7
:10C1C000BB00BB00BB00BB006D00BB005800BB0048
:10C1D0006600BB00BB00BB00BB00BB00BB00BB00DC
:10C1E0005700BB00BB00BB00BB00BB0057002FE7E4
:10C1F0004BF4207B2CE704EB840100EB410427E7A0
:10C200004BF0010B24E74BF0080B21E70BF080000B
:10C210004BEA800040F0800B1AE70BF480704BEA89
:10C22000400040F4807B13E7002A7FF411AF179899
:10C230003F2E00F104011791006832D8B0F1FF3FA2
:10C2400032DD4BF0200B0022844601E712B3189830
:10C25000402E179017A90D986546CDF83C90C14621
:10C2600090465CEA348200F083FC1798402E4246E8
:10C27000C84600F1040117910068DDF83C9050EACF
:10C28000358C54EA3084E3E63F2E00F26D844BF0A7
:10C29000400BDDE6624600244FF0000C4FF0000B2F
:10C2A000D6E600220446D3E64BF0280BC0F1000C82
:10C2B0000022CDE60025CDF83CC03AB1189817A968
:10C2C00017900D9800F054FCDDF83CC0002C24EAD7
:10C2D000E47E45F0200048BF2BF0400B61281CBFD6
:10C2E000A0F16501022925D81799612801F10701FC
:10C2F00021F0070101F108021792A0EB050291ED70
:10C30000000B0A9244D15FEA4B6058BF4FF0FF3EEA
:10C3100011A8D2B27146764600F0C8FD451C4BF418
:10C32000C05B4FF0700C4FF0010EE8B28642D8BFF0
:10C33000461E5CE0A5F16301122900F20A81082380
:10C340000026DFE811F035011300060106010601A1
:10C35000060113000601060106010601060161013E
:10C360005D01060106010D0106012E011FFA8BF188
:10C370005FEA0B6000F10C811798021D17920068AC
:10C38000CA0540F10C81890554BF00B240B206E1F4
:10C390005FEA4B6158BF4FF0060E662809D065284A
:10C3A0000FD14BF4805B76460EF10101002365242A
:10C3B00011E04BF4005B012266241121764673469E
:10C3C0000AE05FEA0E61A0F10204714676464FF082
:10C3D000000308BF0121002211A8C9B2112928BFFA
:10C3E000112100F093FF05464FF0020EA446119B69
:10C3F0009DF84800A3F10A0111F1130F38BF4FF067
:10C40000020EA3F16401089111F1C70F38BF4FF07C
:10C41000030E0F9CC1074FD15FEA8B716FD41FFAD7
:10C420008BF1202202EAC10211F0040F5FEA1F9192
:10C4300010F00C0F45D11BF4405F0493CDE90621A9
:10C4400040F02B82012E4FF0010056EA80801FFA47
:10C450008BF12A0600F06D810E9BEAB2134413F8AB
:10C46000013C302B40F006826B1E1A0621D02E466E
:10C470000E9DDAB2154415F8015C302D40F0F981BB
:10C48000B31E1A0615D00E9DDAB2154415F8015CDC
:10C49000302D40F0EE81F31E1A060AD00E9DDAB25E
:10C4A000154415F8015C302D40F0E381351F2A0654
:10C4B000D2D100250022DDE12D22002110F00C0F49
:10C4C000B9D000294FF0030050EA1090844212DDE9
:10C4D0000A9E0D465FEA0B7117D4041B9346202079
:10C4E0004946C047002800F1378301370134F6D3AD
:10C4F00000245A460AE000240A9E49B10FE02B228C
:10C50000002110F00C0FDCD195E7241A294631B92F
:10C5100010464946C047002800F11E8301379DF8A8
:10C5200048004FF29251C0F2002100074EF6F93058
:10C53000C0F2002050EA51852878002800F0F982E6
:10C54000801B4946C0B2C047013701350028F3D5EA
:10C5500002E3782840F09880C5F188032E4653E026
:10C560001798011D179100684FF6D611C0F20021EF
:10C57000002851EA00855FEA4B6058BF4FF0FF3E4C
:10C580002846714600F06AFEDDF83CC0064617E01A
:10C590001798890500F18680011D17910068C11761
:10C5A00088E04FF6EF700BEA000B0A2375262BE0AC
:10C5B0001798012611AD011D179100688DF84400F0
:10C5C0005FEA0B700ED4B4450CD92020494664466E
:10C5D000C047002800F1C082A4F1010C0137B44526
:10C5E000F3D8B4463744ACEB0604002E00F0A18229
:10C5F00015F8010B4946C047013E0028F5D5ABE2CE
:10C600004BF0100B102378264FF6F9700BEA00025E
:10C610005FEA0B600B960AD41798011D1791066804
:10C62000D1050AD5900554BFB6B2F6B205E0179809
:10C6300091050AD4011D17910668002156EA0100F0
:10C6400008BF2BF0160278D10FE00730154620F016
:10C6500007000246416852F8086B17922A4656EACC
:10C66000010008BF2BF0160267D100265FEA4B607D
:10C6700062D50021012C60DA4FF6E9700BEA000167
:10C680000B9D480637D467E025204946C04700285F
:10C6900000F1628228464946C047023700287FF5EC
:10C6A000BAAC59E2073020F007010A46496852F84F
:10C6B000080B179200295A46CDF82CE048BF42F4E7
:10C6C000806250EA010322D080EAE17081EAE173DE
:10C6D000B0EBE17063EBE17111AC22F010060A23BC
:10C6E000224600F06DFB3146061BDDF83CC0DDF84C
:10C6F0002CE0480630D54FF6FE70764500EA010082
:10C700002BDA002D08BF21F01100714626E05FEA08
:10C710004B604FF0000040F19E810021012CDBDADC
:10C720004FF6EE70DDF83CC000EA0B00DDF82CE0BF
:10C7300014E0002500229EE0002111AC3046164690
:10C740007546224600F03CFB3146AE46DDF83CC063
:10C75000061B0B9D4806CED4084631461FFA80FBC7
:10C76000C0060AD440F206401BEA000F5FEA0F90B1
:10C7700044185FEA0B7009D526E0002D4FF0010048
:10C7800050EA009044185FEA0B701DD45FEACB704A
:10C7900008D0B646644505DA06EB0C00A0EB040EA3
:10C7A000644611E064450FDACDF82CE020204946BC
:10C7B000C047002800F1D0810F9801340137A04212
:10C7C000F4D1DDF82CE004465FEACB601BD440F2E4
:10C7D00006401BEA000F26D05FEA8B7075464FF0CB
:10C7E0002B0058BF20205FEA4B51494648BF2D20FF
:10C7F000C047002800F1B0810137AE46F3467546C8
:10C80000B64514DC1CE030204946F346C0470028FA
:10C8100000F1A28135B328464946C047002800F1FF
:10C820009B810237DE46F3467546B64508DD30206B
:10C830004946C047002800F18F81013DB542F6DC32
:10C840000F985E45A0EB040456EACB800744002E07
:10C8500000F06F8110984946805DC047013E002876
:10C86000F5D579E10137DE46F3467546B645DEDC9F
:10C87000E6E71D46049BC90652EA508113F1040FF6
:10C8800008DB834206DA4BF4005B8B4204DAD843C0
:10C890000E1802E04E1E00E00026A3F57A711FFA82
:10C8A0008BF4099424055FEA8B400395CDE9011CC4
:10C8B00005940CD411F5FA6F70464FF0050198BF3E
:10C8C0000420002C58BF032101EB000C03E023EAF5
:10C8D000E37000F1010CDDF824B0002E079A4FF050
:10C8E00000050B96CBF3001182F0010251EA06908D
:10C8F0000F9983186344CB1A53EAC5841BF0090FC0
:10C9000011D10A9E84B1604475461044441A202017
:10C910004946C047002800F11F8101370134F6D392
:10C920000024AE4600E00A9E0798CDF800E00028FB
:10C93000069805D14946C047002800F10D8101370E
:10C94000059800280ED530204946C047002800F140
:10C950000381C6F178004946C0B2C047002800F103
:10C96000FB800237099800070AD44CB127443020D5
:10C970004946C047002800F1EF80013CF7D1002470
:10C980000998800427D49DF849004946C0470028EB
:10C9900000F1E2800B98012857DB2E204946C04762
:10C9A000002800F1D9800B98384400F1020B03985D
:10C9B000C5B20020471CAF4202D20C99085C00E0CF
:10C9C00030204946C047002800F1C6800B98B84285
:10C9D0003846EFD148E0049820EAE076851B0B98B2
:10C9E000C0F1000B0398C0B20F90701C06D12E202E
:10C9F0004946C047002800F1AF8001373020002DA4
:10CA000004D40F998D42BCBF0E98405D49465E45E7
:10CA100006DDC04701350137013E0028E5D59BE022
:10CA2000C047002800F198800999781CC90640F198
:10CA30009180002E40F08C802E204946C047B0F1F6
:10CA4000FF3F40F38980023773E00998C00604D4A1
:10CA500007F1010B08E000213EE62E204946C047C1
:10CA6000002879D407F1020B02984946801BC0B216
:10CA7000C047002870D4049E2B204946002E48BF92
:10CA80002D20C047002E48BF7642002864D401986C
:10CA900010F5FA6F15D844F6D3504946C1F262003A
:10CAA000A6FB0005302000EB9510C0B2C04700285F
:10CAB00052D4A8094FF47A7100FB11620BF10305FF
:10CAC00006E008980BF10205324610F1C80F3BD87A
:10CAD00048F21F504946C5F2EB101746A2FB00066C
:10CAE000302000EB5610C0B2C047002834D4700983
:10CAF000642100FB117201354CF6CD404946CCF65D
:10CB0000CC401746A2FB0006302000EBD600C0B296
:10CB1000C047002820D4F008013500EB8000A7EBC7
:10CB2000400202F130004946C0B2C047002813D489
:10CB30006F1C012CFFF66FAA20204946C047013721
:10CB4000013C0028F5D507E000980228D4D2E8E798
:10CB50000746EEE70746ECE799F8020040F00400CC
:10CB600089F802004FF0FF37384619B0BDE8F08F62
:10CB7000022AB8BF70472DE9F04F42F689084FF0FE
:10CB8000010CC0F2010804464FF0010E03E05F788B
:10CB90009C1C252F29D1234613F8015B252D01D09C
:10CBA00025B90AE16778A31C252F1DD11C4614F86E
:10CBB000015B252D01D025B9FFE05F789C1C252F56
:10CBC00013D1234613F8015B252D01D025B9F4E0DC
:10CBD0006778A31C252F07D11C4614F8015B252D6F
:10CBE000D5D0002DD7D1E8E01C464FF0000A4FF019
:10CBF0000009002604E014F8017B002F00F0A98052
:10CC0000B346BAF11F0F0AD8A7F12005102D09D895
:10CC10000CFA05F515EA080F40F07C8002E0BAF145
:10CC20007F0F0AD8A7F13005092D3ED80BEB8B03F7
:10CC30004AF0200A05EB4306DDE7A7F14C052E2D4F
:10CC400000F288805E46DFE815F067008500850009
:10CC500085008500850085008500850085008500AC
:10CC6000850085008500850085008500850085009C
:10CC7000850085008500850085008500850085008C
:10CC800085007700850067008500700085008500BD
:10CC9000850085008500850085002F0085008500C2
:10CCA0008500850085002F00A5E7A7F12405562DF6
:10CCB00000F250800026DFE805F0334D4D4D4D4D1C
:10CCC000324D4D4D324D4D4D4D4D4D4D4D4D4D4DCA
:10CCD0004D4D4D4D4D4D4D4D4D4D4D4D4D4D4D4D84
:10CCE0004D4D2F4D4D4D4D4D4D4D4D4D4D4D4D4D92
:10CCF0004D4D4D4D4D4D4D4D4D4D4D4D4D4D3F4D72
:10CD00002F4D384D4D4D4D4D4D4D2C4D4D4D4D4DA7
:10CD10002C00FFE75E466EE74AF4207AFAE76AE7FE
:10CD2000B9F1000F0FD1D94665E70AF080034AEA4E
:10CD3000830343F0800AEDE70AF480734AEA430371
:10CD400043F4807AE6E7F3457FF455AF6327F14675
:10CD500000E00027B9F1000F2FD0F14524D147F0B2
:10CD60002003612B1CBF653B022B05D80B680733E2
:10CD700023F00703083313E0A7F16303102B0AD84D
:10CD8000DFE803F00C09090909090909090909097A
:10CD9000090909090C005FEA0A6309D40B68043326
:10CDA0000EF1010E04460B609645FFF6F4AE04E06A
:10CDB0000B685FEA8A54DAD4F1E7BDE8F04F7047B8
:10CDC0002DE9F04703F01F06984691468A4605462E
:10CDD0002846514632460023FEF788FF044600FBF2
:10CDE00016500F46A0EB0801092888BF01F1370053
:10CDF000303089F80000A81B7AF1000049D32046A2
:10CE0000394632460023FEF771FF054600FB164007
:10CE10008A46A0EB0801092888BF01F137003030AD
:10CE200089F80100A01B77F1000036D3284651464F
:10CE300032460023FEF75AFF044600FB16500F4609
:10CE4000A0EB0801092888BF01F13700303089F8CC
:10CE50000200A81B7AF1000023D32046394632464F
:10CE60000023FEF743FF054600FB16408A46A0EB71
:10CE70000801092888BF01F13700303089F8030024
:10CE800009F10409A01B77F10000A1D24846BDE8D2
:10CE9000F08709F10100BDE8F08709F10200BDE863
:10CEA000F08709F103094846BDE8F0872DE9F04F06
:10CEB00085B05AEC103B4FEADA77CAF30A566FF3A3
:10CEC0001F5A077153EA0A0408BF002E0ED040F221
:10CED000FF75AE423CD10421002C18BF0821394413
:10CEE00001710021084605B0BDE8F08F002700233E
:10CEF0004FF0000A0029076037D40D2937D3190FE6
:10CF000000F1050B41EA0A110491190E4FEA1A5477
:10CF100041EA0A210391190D4FEA1A4641EA0A3102
:10CF20000291190C4FEA1A3841EA0A410191190B92
:10CF300041EA0A5C190A41EA0A6E190941EA0A79CA
:10CF40004FEA1A1103F00F034FEA1A27009180E00D
:10CF50004FF60247002ECFF6FF771CBFA6F2FF3731
:10CF60000AF5801A00290760C7D5002146E033265C
:10CF7000A6EB8105C5F1200613274FF0020CA7EBA5
:10CF800081072CFA06F401264FF0000E002F58BF3F
:10CF90000CFA07F458BF06FA07FE06FA05F60CFA73
:10CFA00005F558BF002658BF0025D5F100094FF000
:10CFB000000868EB040C013D64F100041D4004EA24
:10CFC0000A04751B7EEB040411D38C00C4F13405F4
:10CFD000D4F1140423FA05F7C5F120050AFA05F582
:10CFE00045EA070558BF2AFA04F5EC0702D09B1959
:10CFF0004AEB0E0A03EA09030AEA0C0A1F0947EA88
:10D000000A791F0F1D0B47EA0A1704971F0E45EAFE
:10D010000A5C47EA0A2703971F0D1D0A47EA0A37E9
:10D0200002971F0C45EA0A6E47EA0A4700F1050B12
:10D0300013F00F0301974FEA1A174FEA1A544FEAF9
:10D040001A464FEA1A384FEA1A25009700F0B480C2
:10D050002F46991A092B88BF01F1270303F13001EC
:10D06000817409F00F030D219D1A092B88BF05F16A
:10D0700027030C2903F13003437498BF0C210EF0F1
:10D080000F039D1A092B88BF05F127030B2903F114
:10D090003003037498BF0B210CF00F039D1A092B6A
:10D0A00088BF05F127030A2903F13003C37398BF32
:10D0B0000A21019B3D4603F00F039F1A092B88BFED
:10D0C00007F12703092903F13003837398BF09216E
:10D0D000029B03F00F039F1A092B88BF07F1270358
:10D0E000082903F13003437398BF0821039B03F021
:10D0F0000F039F1A092B88BF07F12703072903F1A4
:10D100003003037398BF0721049B03F00F039F1A9A
:10D11000092B88BF07F12703062903F13003C372E7
:10D1200098BF06210AF00F039F1A092B88BF07F149
:10D130002703052903F13003837298BF0521009B63
:10D1400003F00F039F1A092B88BF07F12703042957
:10D1500003F13003437298BF042105F00F039F1AB7
:10D16000092B88BF07F12703032903F1300303725A
:10D1700098BF032108F00F039F1A092B88BF07F1FE
:10D180002703022903F13003C37106F00F0398BF90
:10D1900002219A1A092B88BF02F1270303F13002FA
:10D1A0008271012998BF012104F130008BF8000041
:10D1B000084605B0BDE8F08F19F00F0348D10C29DF
:10D1C00046D21EF00F0345D10B2943D21CF00F03AA
:10D1D00042D10A2940D2019B13F00F037FF46DAFB7
:10D1E0000929BFF46AAF029B13F00F037FF473AFFA
:10D1F0000829BFF470AF039B13F00F037FF479AFDE
:10D200000729BFF476AF049B13F00F037FF47FAFC1
:10D210000629BFF47CAF1AF00F037FF485AF052910
:10D22000BFF482AF17F00F038CD104298AD215F016
:10D230000F0394D1032992D218F00F039CD1022935
:10D240009AD206F00F0353EA0107A2D10021ABE7FF
:10D250002F4609E72F4614E72F461FE7844639B3C8
:10D2600070B500EB010C4B1EA1F1020ECC1E00228A
:10D27000855C85B1934219D085186E7876B1964554
:10D2800014D0AE786EB1944210D0EE7866B104320C
:10D290009142EDD10AE000EB020C07E005F1010C30
:10D2A00004E005F1020C01E005F1030CBDE870405B
:10D2B000ACEB00007047B0B588B00C464DF2FD21D4
:10D2C000C0F20021002501914FF4003100910119B5
:10D2D000CDE90655002C0490CDE9025518BF481E33
:10D2E00048BF00200590114668461A46FEF77CFEAE
:10D2F000002C1CBF04990D7008B0B0BDD1E9042307
:10D300009A421EBF531C0B61107070472DE9F04FFD
:10D31000A1B056EC108BB246C6F30A546FF31F5AF5
:10D32000F50F58EA0A0708BF002C0ED040F2FF762E
:10D33000B44215D10821002F08BF0421002429443C
:10D340000171204621B0BDE8F08FA91C0171302188
:10D350000124417100210160204621B0BDE8F08F19
:10D36000A4F23549002CCDE9062308F00106049506
:10D37000CDE9081006BF4FF6CC39CFF6FF790AF594
:10D38000801A4FEA8A0242EA9870002F15905FEAED
:10D390000F90022C5FEA2F91B9F1000F40EA0107CC
:10D3A0004FEA880014900596139749D4484600F038
:10D3B00021FD0546B9F1030F88BF013D284600F065
:10D3C00027FD0DF1580B04462846594600F00BFE88
:10D3D0001AA81CA95A460297CDE90010A5EB09002E
:10D3E0002044514600F17C034046AB4600F031FC3E
:10D3F0008246152D5FD8149F4CF6CD46159D1EA86C
:10D40000CCF6CC460C4600903846294632464FF0C2
:10D41000CC3300F072FEDDE91E01820842EA817120
:10D4200020F0030008444042F8426AD138462946B9
:10D4300000F0F7FC58455FEA3F901290002087E02B
:10D44000C9F1000B584600F0DCFC044619F101005C
:10D4500018BF013CABEB040B584600F0D9FC16A9F1
:10D46000054658468B4600F03BFD1AA81CA95A46B3
:10D470000297CDE90010601B00F17D034046514644
:10D4800000F0E7FB04EB090B8246012C1BD8089B3C
:10D49000002E069D4CF6CD46CCF6CC4608D0DDE9F4
:10D4A0001C0201381C9062F100001D9000201390B6
:10D4B0000120129050E04CF6CD460020CDE912003C
:10D4C000CCF6CC4646E0089B4CF6CD46069DCCF605
:10D4D000CC463E2C25D84FF0FF30B4F1200200FAA4
:10D4E00004F758BF0027149C58BF9040159A24EAAF
:10D4F000070722EA000038435FEA1F9012900020DD
:10D5000011E0059888B91398C043C01965F100016E
:10D5100000F087FC58455FEA3F901390002012907E
:10D5200017E000201290139016E047F00200294601
:10D5300000F077FCDDE91C124B1E62F10005584536
:10D5400053EA21801C9055EA22801D900020129001
:10D5500013902146089B069D002D0C934AD0BAF1EA
:10D560000A0071F1000001D2012037E000274FF0DE
:10D570000A0C02204FF064094FF47A7842F2107ED0
:10D580000A22A2FB0C4507EB870305EB4303BAEB2A
:10D59000040471EB030320D3A2FB093407FB094405
:10D5A000BAEB030371EB040314D3A2FB083407FBAB
:10D5B0000844BAEB030371EB04030DD3A2FB0E2363
:10D5C000043007FB0E37BAEB020371EB0703D8D226
:10D5D000013802E0013000E00230089B079A0BEBB3
:10D5E00002073844B0EBD27FB8BFD00F834253EA72
:10D5F000B0800C90CDF80CB00DF1680B1D9C16ADF1
:10D600009BE8000B00201591149011900B902FE0D7
:10D610001599504632464FF0CC3316AD4FEADB0435
:10D62000009500F06AFD1498BB46129910F0FF0FA8
:10D63000DDE916235FEA1F90014008EB8800129194
:10D64000404210994942B1EB400F13995FEA1F9095
:10D6500001401391D00840EA437101EB8000AAEB2E
:10D660004000149011988A4601301190D808159006
:10D670005846214632464FF0CC330095CDF834B0B1
:10D680000E9400F03AFD4046494632464FF0CC3306
:10D69000DDE9164B0095CDE90F9800F02EFDDDE990
:10D6A0001601E20842EA4B774FEAD109C00840EA86
:10D6B0004178B8EB070079EBDB00A9D31599BAF1F3
:10D6C0000A0071F1000001D201203BE00A97002519
:10D6D0000A2202204FF00A0C64274FF47A7EA2FB44
:10D6E0000C3605EB850406EB4406BAEB030371EB3D
:10D6F000060322D3A2FB073605FB0766BAEB03033A
:10D7000071EB060316D3A2FB0E3605FB0E66BAEBD1
:10D71000030371EB06030FD342F210740430A2FB33
:10D72000042305FB0435BAEB020371EB0503D6D2E3
:10D73000013802E0013000E002300A9F4CF6CD468D
:10D74000CCF6CC460C9A4AEA010313435FEA1F93D6
:10D75000904203DD13B901200B905AE71398C007DC
:10D7600071D0DDF8408032460F994FF0CC3316ADC2
:10D770000095404600F0C1FCDDE91610C8F1000339
:10D78000DDF848B0CA0842EA407404EB8202524213
:10D79000B3EB420F5FD1C208DDF84490DDF850C012
:10D7A000DDE90D01904632464FF0CC33CDF850C044
:10D7B000009500F0A2FC1599324616984FF0CC3334
:10D7C00012905046179F009500F097FC4CF6CD4202
:10D7D00016A8009020464146CCF6CC424FF0CC3300
:10D7E000DDE91665CDF83C8000F087FCF10841EAE0
:10D7F000457E14980EEB8101A046ED0810F0FF0F56
:10D80000AAEB410C5FEA1F90DDE916120BEA000B50
:10D8100012984CF6CD461595CB0843EA4274C008E1
:10D8200004EB830340EA47705B4209F1010916AD3E
:10D83000F908C8F10007CCF6CC46D208F246B7EB9F
:10D84000430FAFD00CE00DF1400BD646DDF850C0D1
:10D850009BE8000B04E0D646DDF84490DDF850C0AC
:10D86000159A8EEA08010F981346424011430B9A0D
:10D870005FEA0F911143CA07059900295FEA1F91DA
:10D88000002A04BF139A11EA02010ED05FFA8CF14C
:10D8900005295FEA0F92042962EA0B025FEA9F9171
:10D8A00042EA0E0202EA010C01E04FF0010C03987B
:10D8B00009EB00051EEB0C0043F10001B0F10A0278
:10D8C00071F1000201D2012338E0AE4600264FF08C
:10D8D0000A0802234FF0640B4FF47A7A42F210796F
:10D8E0000A25A5FB087206EB860402EB4402C41B62
:10D8F00071EB02021DD3A5FB0B2406FB0B44821A1D
:10D9000071EB040212D3A5FB0A2406FB0A44821A17
:10D9100071EB04020CD3A5FB0952043306FB092664
:10D92000421B71EB0602DCD2013B02E0013300E056
:10D9300002334CF6CD467546CCF6CC460C9A934253
:10D940005FEADC82012A079A3AD1069F4FB12A4446
:10D950001A44012AD8BF0122089F974257EAB2828F
:10D960000C920C9A93422BDD05304CF6CD4741F1D9
:10D970000001CCF6CC474008013B40EAC1700135BC
:10D9800010EB51024FEA510142F10002A2FB07766F
:10D9900026F0030707EB96074FF0CC36D21B821A0E
:10D9A0004CF6CD40CCF6CC4061F10001A2FB000763
:10D9B00002FB06724CF6CD46CCF6CC4601FB0621A6
:10D9C0000C9A934253EAB2822BB214B22344A3F1CD
:10D9D0000108012CC0F2348102F00303099ACDF84A
:10D9E0004880042C02F105091193149402D24FF0DF
:10D9F000000AA9E0E31A2244149C02F104084FF043
:10DA0000000A13936422002383460F46FEF76EF943
:10DA1000420800F0010042EAC17212EB510141F1EB
:10DA20000001A1FB062323F0030202EB9302002373
:10DA3000891A4FF47A7240EA4100394640F03000CA
:10DA400015905846FEF752F942084CF6CD4642EA88
:10DA5000C172CCF6CC4612EB510100F0010041F14D
:10DA600000024FEA5B0141EAC77111EB570343F132
:10DA70000003A3FB066525F0030606EB95069B1B3A
:10DA80006FF00206CB1A4CF6CD41CCF6CC41A3FB8D
:10DA9000011C01EB8105ABEB450545F0300508F8AD
:10DAA00004598AEA0605159E254409F805604CF6D6
:10DAB000CD46CCF6CC46A2FB065626F0030505EB78
:10DAC0009606A2EB06024CF6CD46CCF6CC4640EAD2
:10DAD00042006FF0030282EA0A0240F03000224462
:10DAE00009F802004FF0CC304FEA570203FB00C0A8
:10DAF00062F1000202FB06004A0801F0010142EA5D
:10DB0000C07212EB500040F10000A0FB062323F08E
:10DB1000030202EB93020023801A42F2107241EAE0
:10DB200040006FF0010181EA0A0140F03000214419
:10DB300009F8010058463946FEF7D8F80AF1040AF8
:10DB4000139A52457FF45EAFDDF844E0DDF848807B
:10DB5000149CBEF1000F73D042084CF6CD4742EA48
:10DB6000C172CCF6CC4712EB51036FEA0A0543F1C0
:10DB700000032544A3FB077626F0030707EB96076F
:10DB80004E08DB1BD31A4CF6CD42CCF6CC4266F1E4
:10DB9000000CA3FB0227BEF1010F02EB8206A0EBF3
:10DBA000460646F0300609F8056049D04FF0CC36FD
:10DBB0004CF6CD4503FB06734CF6CD47CCF6CC476F
:10DBC000CCF6CC450CFB0733570802F0010247EABC
:10DBD000C37717EB53034CF6CD4743F10003CCF664
:10DBE000CC47BEF1020FA3FB077626F0030707EB35
:10DBF0009607A3EB070342EA4302A4EB0A0303EBF5
:10DC0000090642F0300206F8022C19D064220023E3
:10DC1000FEF76CF8420800F0010042EAC17212EB14
:10DC2000510141F10001A1FB052323F0030202EBA6
:10DC30009302891A40EA410040F0300006F8030CD4
:10DC4000099804990171C0F80080204621B0BDE810
:10DC5000F08F2DE9F04F8BB0490041EAD074059365
:10DC60001646D2E9002345002846214608AF009712
:10DC700000F043FAD6E90223834606A889460090BD
:10DC800028462146DDE9087A00F037FA10EB07084C
:10DC9000DDE906234AEB010ADDE90801571C059C72
:10DCA00043F10005B8EB00007AEB0100A4F1410458
:10DCB00055EA338357EA328296E8830017EB080768
:10DCC000F568049445EB0A0510EB0B0059EB0100D5
:10DCD000009457F10000CDE9062345F10001571CDF
:10DCE00043F10005B0EB080471EB0A04CDF80CB069
:10DCF00055EA338357EA3282CDF8089000F01BFAD8
:10DD0000DDE91429169BC2E9000143B3D6E900C13D
:10DD1000D6E902560398B8EB0505DDE906236AEB60
:10DD200006066C1E66F10007B0EB0C000298DDF8E9
:10DD300010B08841CDF800B054EA358057EA3681FA
:10DD4000571E63F10006B8EB00057AEB010557EAB0
:10DD5000328256EA338300F0EEF95F463EE0DDE9B9
:10DD600006204FEA4804D6E900EC01900598D6E970
:10DD70000276A0F14005029800954FEA4A05039902
:10DD800045EAD87544EAD0744300E71B65EB060604
:10DD9000B7F1010B43EAD17366F10000DEEB4101FC
:10DDA00073EB0C0150EA36815BEA3780B4EB080371
:10DDB000019F75EB0A035FEA2F937F0043EA42035A
:10DDC00047EAD2775A1E67F10006241A8D4152EABB
:10DDD000338256EA378300F0AEF9049FDDE906236B
:10DDE000C9E9000140465146009700F0A4F90BB084
:10DDF000BDE8F08F43F24141C0F201014843800C7D
:10DE0000704742F6FB61C0F20B014843000D7047BA
:10DE100049F24F31C0F212014843012101EBD040D9
:10DE200070472DE9F04F4CF6CD4E45F6294442F6A9
:10DE3000F50A47F6D50847F6916943F2343B0246A6
:10DE40000020CCF6CC4E4FF03333CCF28F24C8F602
:10DE50005C7AC2F2E968C3F6FB29C3F2333BA2FB4A
:10DE60000E5C4FF0CC3702FB07C7D5F1333501FB11
:10DE70000E7773EB07072ED3A2FB047502FB0A553E
:10DE8000D7F1333701FB045573EB050722D3A2FB0F
:10DE9000087540F63106C1F6AC4602FB0655D7F1CF
:10DEA000333701FB085573EB050716D3A2FB097541
:10DEB0004CF67066CDF28826043002FB065201FB58
:10DEC0000921B7EB0B0271F133323A46C7D301385F
:10DED000BDE8F08F0130BDE8F08F0230BDE8F08F73
:10DEE0002DE9F04F87B005464EF64F40C4F6C460AA
:10DEF0008B46A5FB0001C8081A2100FB01F640F281
:10DF00002001C0F2012101EB0010B54209D190E8D7
:10DF10000E00C0688BE80E00CBF80C0007B0BDE81F
:10DF2000F08FD0E9009240F2F001C0F2012101929D
:10DF3000D0E90223A81B51F8307001EBC0004468FF
:10DF400004A800903846214600F0D7F8019B82468D
:10DF500002A888460090384621464A4600F0CDF88F
:10DF600081460191DDE90201002210EB0A0758EB1E
:10DF7000010842F10000012806D1DDE90401013069
:10DF8000049041F1000005902846FFF741FF044648
:10DF90003046FFF73DFF0199241A48463A4643466A
:10DFA000009400F0C8F86FF0030240F2C01302EAD8
:10DFB0009502C0F201239A581E2303EA4503DA4072
:10DFC00002F003068019DDE9042341F10001CBE9E9
:10DFD000000138464146009400F0ADF8CBE902015B
:10DFE00007B0BDE8F08F2DE9F04F87B08B464EF6B5
:10DFF0004F4105461930C4F6C461A0FB0101C808B1
:10E000001A2100FB01F640F21821C0F2012101EBB8
:10E010000010AE4209D190E80E00C0688BE80E00F7
:10E02000CBF80C0007B0BDE8F08FD0E900A240F2B9
:10E03000F001C0F201210192D0E90223701B51F8D6
:10E04000307001EBC000446804A8009038462146B7
:10E0500000F053F8804602A80090BAF1010201983E
:10E060008946214660F10003384600F046F8044630
:10E070008A46DDE90201002210EB080751EB09088E
:10E0800042F10000012806D1DDE9040101300490CD
:10E0900041F1000005903046FFF7BAFE06462846DB
:10E0A000FFF7B6FE361A204651463A4643460096DA
:10E0B00000F041F86FF0030240F2083302EA9502E3
:10E0C000C0F201239A581E2303EA4503DA4002F006
:10E0D00003054019DDE9042341F10001013041F15C
:10E0E0000001CBE9000138464146009600F023F8D4
:10E0F000CBE9020107B0BDE8F08FF0B5A2FB01CE7D
:10E10000A2FB0075A3FB011415EB0C05DDF814C090
:10E1100051EB0E06294644F100043246E3FB00129F
:10E12000A3FB0003401956EB030044F10000CCE9C7
:10E1300000203846F0BD10B5DDF808C0CCF1400E27
:10E14000CEF1200420FA0CF003FA0EF322FA04F4C4
:10E150002343DCF1200458BF02FA04F302FA0EF262
:10E1600001FA04F440EA040058BF0022BCF1200484
:10E1700058BF21FA04F021FA0CF158BF00211043D6
:10E18000194310BD2573203D3E20416464726573C0
:10E190007320307825582065666665637473203077
:10E1A0007825580D0A00735F736472616D5F6E634A
:10E1B0005B617420307825585D206E6F7420696E25
:10E1C00020534452414D2072616E67650D0A005222
:10E1D0006561642066726F6D20534452414D28631F
:10E1E0006163686561626C652061726561292020E8
:10E1F00020746F2052414D2028756E6361636865FD
:10E2000061626C652061726561292077697468209C
:10E2100033326269742077696474682C2000577205
:10E220006974652066726F6D2052414D2028756EAD
:10E23000636163686561626C652061726561292054
:10E24000746F20534452414D286361636865616275
:10E250006C652061726561292020207769746820CF
:10E2600020386269742077696474682C20004164E6
:10E2700064726573732070696E20636865636B20D8
:10E280004641494C454400526561642066726F6D99
:10E2900020534452414D28756E6361636865616225
:10E2A0006C6520617265612920746F204454434D70
:10E2B000202020202020202020202020202020205E
:10E2C000202020776974682020386269742077697B
:10E2D0006474682C2000526561642066726F6D2042
:10E2E000534452414D28636163686561626C6520E7
:10E2F0006172656129202020746F2052414D2028D1
:10E30000636163686561626C652061726561292083
:10E3100020207769746820313662697420776964D7
:10E3200074682C2000526561642066726F6D205302
:10E330004452414D28636163686561626C65206188
:10E3400072656129202020746F2052414D2028637E
:10E350006163686561626C65206172656129202076
:10E360002077697468203634626974207769647430
:10E37000682C200052323A2020307825303858005E
:10E3800044436163686520616C72656164792064EF
:10E39000697361626C6500526561642066726F6DBD
:10E3A00020534452414D28636163686561626C6526
:10E3B000206172656129202020746F204454434DF0
:10E3C000202020202020202020202020202020204D
:10E3D000202020776974682031366269742077695B
:10E3E0006474682C200057726974652066726F6DC2
:10E3F0002052414D2028636163686561626C65202D
:10E400006172656129202020746F20534452414D70
:10E4100028756E636163686561626C652061726511
:10E4200061292077697468203332626974207769C2
:10E430006474682C200057726974652066726F6D71
:10E440002052414D2028756E636163686561626C7E
:10E450006520617265612920746F20534452414DDB
:10E4600028756E636163686561626C6520617265C1
:10E470006129207769746820313662697420776970
:10E480006474682C20004661696C656420617420A6
:10E49000307825702E200043616368653A2030781B
:10E4A000253038582C20534452414D3A203078259D
:10E4B0003038580D0A005053503A20202020307830
:10E4C0002530385800526561642066726F6D2053A4
:10E4D0004452414D28636163686561626C652061E7
:10E4E00072656129202020746F204454434D202000
:10E4F000202020202020202020202020202020201C
:10E50000207769746820363462697420776964748E
:10E51000682C20005475726E206F6E204443616336
:10E5200068652C2077726974652D7468726F7567E1
:10E5300068206D6F64650057726974652066726F3C
:10E540006D204454434D20202020202020202020D6
:10E55000202020202020202020746F20534452416E
:10E560004D28636163686561626C652061726561F5
:10E5700029202020776974682031366269742077F9
:10E58000696474682C200057726974652066726F24
:10E590006D2052414D2028756E636163686561622C
:10E5A0006C6520617265612920746F20534452416B
:10E5B0004D28636163686561626C652061726561A5
:10E5C00029202020776974682031366269742077A9
:10E5D000696474682C2000436865636B656420453A
:10E5E00072726F723A20496E737472756374696FD8
:10E5F0006E20427573204572726F720044617461BF
:10E600002070696E20636865636B204641494C4504
:10E610004400735F736472616D5B617420307825B0
:10E62000585D206E6F7420696E20534452414D2016
:10E6300072616E67650D0A005365742077726974A4
:10E64000652D6261636B206661696C656400577259
:10E650006974652066726F6D2052414D2028756E79
:10E66000636163686561626C652061726561292020
:10E67000746F20534452414D28756E636163686521
:10E6800061626C6520617265612920776974682018
:10E6900036346269742077696474682C20005343AF
:10E6A000422D3E484653523A2030782530385800A3
:10E6B00046756C6C206368697020636865636B20C5
:10E6C0005041535300636865636B46756C6C4368D7
:10E6D0006970576974685365710057726974652071
:10E6E00066726F6D204454434D202020202020204E
:10E6F000202020202020202020202020746F205344
:10E700004452414D28756E636163686561626C6552
:10E7100020617265612920776974682033326269EB
:10E72000742077696474682C20005475726E206FB1
:10E730006E204443616368652C2077726974652D8F
:10E740006261636B206D6F6465007573696E67202D
:10E7500074696D653A20256C6C752075732C2000EA
:10E76000444D41202066726F6D20534452414D202C
:10E77000746F2052414D20207769746820363462CE
:10E7800069742077696474682C20526570656174BF
:10E790002D426C6F636B206D6F64652C20005053AD
:10E7A000523A20307825303858000D0A3D3D3D3D25
:10E7B0003D3D3D3D204F7468657220526567697329
:10E7C000746572203D3D3D3D3D3D3D3D002573203E
:10E7D0003D3E204661696C65642061742030782577
:10E7E000580D0A00696E74657276616C5F616464CD
:10E7F0007231203D20307825580D0A005265616441
:10E800002066726F6D20534452414D28756E6361CE
:10E8100063686561626C6520617265612920746F4F
:10E820002052414D2028636163686561626C6520F8
:10E83000617265612920202077697468203634620E
:10E8400069742077696474682C200052333A202060
:10E85000307825303858000D0A3D3D3D3D3D3D3D69
:10E860003D3D2053434220526567697374657220B1
:10E870003D3D3D3D3D3D3D3D3D0046756C6C20635D
:10E8800068697020636865636B20776974682072BB
:10E89000616E646F6D2073657175656E6365205080
:10E8A000415353002573203D3E204661696C64202E
:10E8B000617420307825580D0A0052656164206625
:10E8C000726F6D20534452414D28636163686561E6
:10E8D000626C65206172656129202020746F20526E
:10E8E000414D2028756E636163686561626C6520C7
:10E8F00061726561292077697468203634626974B1
:10E900002077696474682C200057726974652066EA
:10E91000726F6D2052414D202863616368656162AA
:10E920006C65206172656129202020746F2053443A
:10E9300052414D28636163686561626C6520617254
:10E9400065612920202077697468203634626974F3
:10E950002077696474682C200052656164206672B7
:10E960006F6D20534452414D28756E636163686535
:10E9700061626C6520617265612920746F20445466
:10E98000434D202020202020202020202020202037
:10E990002020202020776974682036346269742032
:10E9A00077696474682C20005772697465206672F8
:10E9B0006F6D2052414D2028636163686561626C10
:10E9C00065206172656129202020746F20534452B4
:10E9D000414D28636163686561626C6520617265A1
:10E9E000612920202077697468203136626974209B
:10E9F00077696474682C20005772697465206672A8
:10EA00006F6D2052414D2028756E636163686561AA
:10EA1000626C6520617265612920746F20534452D5
:10EA2000414D28756E636163686561626C65206144
:10EA300072656129207769746820333262697420B5
:10EA400077696474682C200046756C6C2063686973
:10EA50007020636865636B204641494C4544005211
:10EA60006561642066726F6D20534452414D287574
:10EA70006E636163686561626C65206172656129BE
:10EA800020746F204454434D20202020202020203B
:10EA9000202020202020202020202077697468203A
:10EAA00033326269742077696474682C200052657F
:10EAB00061642066726F6D20534452414D2863613A
:10EAC00063686561626C6520617265612920202040
:10EAD000746F2052414D2028636163686561626CE8
:10EAE0006520617265612920202077697468203370
:10EAF000326269742077696474682C2000577269E7
:10EB000074652066726F6D2052414D2028756E63CA
:10EB10006163686561626C6520617265612920745A
:10EB20006F20534452414D28636163686561626C94
:10EB3000652061726561292020207769746820361C
:10EB4000346269742077696474682C2000534342EE
:10EB50002D3E435346523A203078253038580050E5
:10EB600053504C494D3A203078253038580045787C
:10EB7000706563743A20307825582C2052656164A2
:10EB80003A20307825580D0A002573203D3E205745
:10EB9000726974653A20307825582C20526561647A
:10EBA0003A20307825580D0A00577269746520663E
:10EBB000726F6D2052414D2028756E6361636865E8
:10EBC00061626C6520617265612920746F20534415
:10EBD00052414D28636163686561626C65206172B2
:10EBE0006561292020207769746820333262697456
:10EBF0002077696474682C2000696E660052303A90
:10EC00002020307825303858005231323A20307880
:10EC100025303858004C523A20203078253038586A
:10EC20000050433A2020307825303858000D0A0033
:10EC3000446174612070696E20636865636B205065
:10EC400041535300636865636B44514D00757369AC
:10EC50006E67206379636C653A20256C6C752C2097
:10EC600000526561642066726F6D20534452414DBD
:10EC700028756E636163686561626C6520617265A9
:10EC8000612920746F204454434D202020202020EF
:10EC90002020202020202020202020202077697480
:10ECA000682031366269742077696474682C2000AA
:10ECB00057726974652066726F6D204454434D200D
:10ECC0002020202020202020202020202020202044
:10ECD0002020746F20534452414D2863616368655E
:10ECE00061626C65206172656129202020776974FA
:10ECF000682020386269742077696474682C200069
:10ED0000444D4120204F7065726174696F6E0044FC
:10ED10004D41202066726F6D2052414D2020746F4E
:10ED200020534452414D207769746820363462691B
:10ED3000742077696474682C205265706561742D45
:10ED4000426C6F636B206D6F64652C20002573200F
:10ED50003D3E20457870656374206261736520765E
:10ED6000616C3A20307825582C207265616420301F
:10ED70007825580D0A0057726974652066726F6DA8
:10ED8000204454434D2020202020202020202020DB
:10ED90002020202020202020746F20534452414DF9
:10EDA00028636163686561626C65206172656129D1
:10EDB000202020776974682036346269742077696E
:10EDC0006474682C200057726974652066726F6DD8
:10EDD0002052414D2028636163686561626C652043
:10EDE0006172656129202020746F20534452414D87
:10EDF00028756E636163686561626C652061726528
:10EE000061292077697468202038626974207769E5
:10EE10006474682C20001B5B324A1B5B48004675FB
:10EE20006C6C206368697020636865636B20776928
:10EE30007468206F726465726564207365717565AE
:10EE40006E63652050415353002573203D3E20469C
:10EE500061696C65642C2076616C5F773A2030784C
:10EE600025582C2076616C5F723A20307825580D39
:10EE70000A0046756C6C206368697020636865637E
:10EE80006B2077697468206F7264657265642073A3
:10EE9000657175656E6365204641494C4544004483
:10EEA0004D41202066726F6D204454434D20746F95
:10EEB00020534452414D207769746820363462698A
:10EEC000742077696474682C205265706561742DB4
:10EED000426C6F636B206D6F64652C20004861721B
:10EEE000644661756C74206F63637572726564202B
:10EEF0006279204445425547004861726446617515
:10EF00006C74206F63637572726564206279206F20
:10EF10007468657220657863657074696F6E2066C9
:10EF20006F72636564003D3D3D3D3D3D3D3D3D3D72
:10EF3000204D535020537461636B20203D3D3D3D77
:10EF40003D3D3D3D3D3D00495053523A20307825EE
:10EF500030385800436865636B6564204572726F92
:10EF6000723A20446976696465204279205A657254
:10EF70006F00436865636B6564204572726F723A17
:10EF800020496E76616C6964205374617465002554
:10EF900073203D3E20416464726573732030782590
:10EFA00058206166666563747320626173652061D1
:10EFB00064647265737320307825580D0A005772A7
:10EFC0006974652066726F6D2052414D202863611F
:10EFD00063686561626C652061726561292020202B
:10EFE000746F20534452414D28756E6361636865A8
:10EFF00061626C652061726561292077697468209F
:10F0000031366269742077696474682C2000577205
:10F010006974652066726F6D2052414D20286361CE
:10F0200063686561626C65206172656129202020DA
:10F03000746F20534452414D28756E636163686557
:10F0400061626C652061726561292077697468204E
:10F0500036346269742077696474682C20004368D0
:10F0600065636B6564204572726F723A204E6F2043
:10F07000436F70726F636573736F72002573203D09
:10F080003E204661696C6420617420307825580DFB
:10F090000A0D0A0073706565643A20252E326620D9
:10F0A0004D422F730D0A00526561642066726F6DC8
:10F0B00020534452414D28636163686561626C6509
:10F0C000206172656129202020746F2052414D20FB
:10F0D00028756E636163686561626C652061726545
:10F0E00061292077697468203136626974207769F4
:10F0F0006474682C2000436865636B656420457206
:10F10000726F723A20556E616C69676E656420415A
:10F110006363657373002573203D3E2057726974E5
:10F12000653A20307825580D0A526561643A2020EE
:10F13000307825580D0A00526561642066726F6D43
:10F1400020534452414D28756E6361636865616266
:10F150006C6520617265612920746F2052414D20D9
:10F1600028756E636163686561626C6520617265B4
:10F170006129207769746820333262697420776965
:10F180006474682C2000444D41202066726F6D200D
:10F19000534452414D20746F204454434D207769AD
:10F1A00074682036346269742077696474682C202E
:10F1B0005265706561742D426C6F636B206D6F6476
:10F1C000652C20005465726D696E616C0043686542
:10F1D000636B6564204572726F723A20556E646588
:10F1E00066696E656420496E737472756374696FC5
:10F1F0006E004175746F2072656672657368206376
:10F200006865636B205041535300636865636B41CD
:10F2100064647265737350696E0052656164206640
:10F22000726F6D20534452414D28756E636163685F
:10F230006561626C6520617265612920746F20527E
:10F24000414D2028636163686561626C652061726D
:10F2500065612920202077697468202038626974EC
:10F260002077696474682C200052313A202030786D
:10F27000253038580073746172745F616464722061
:10F280006F7574206F662072616E676500416464FB
:10F29000726573732070696E20636865636B2050BC
:10F2A000415353002573203D3E20457870656374BB
:10F2B0003A20307825582C20726561643A203078E5
:10F2C00025580D0A0057726974652066726F6D20AB
:10F2D0004454434D20202020202020202020202086
:10F2E00020202020202020746F20534452414D289C
:10F2F000756E636163686561626C652061726561EA
:10F3000029207769746820203862697420776964DD
:10F3100074682C20004D53503A202020203078254E
:10F3200030385800436865636B6564204572726FBE
:10F33000723A20507265636973652064617461205C
:10F34000627573206572726F720042464152206985
:10F35000732076616C69643A203078253038580D16
:10F360000A001B5B306D0044514D2070696E2063B4
:10F370006865636B204641494C4544004175746F94
:10F38000207265667265736820636865636B2046EA
:10F3900041494C454400546573742073697A652073
:10F3A000697320746F6F20736D616C6C2077697462
:10F3B00068207468697320636173650052656164D5
:10F3C0002066726F6D20534452414D28756E636103
:10F3D00063686561626C6520617265612920746F84
:10F3E0002052414D2028756E636163686561626CCF
:10F3F0006520617265612920776974682031366201
:10F4000069742077696474682C2000577269746588
:10F410002066726F6D204454434D20202020202010
:10F4200020202020202020202020202020746F2039
:10F43000534452414D28756E636163686561626C27
:10F4400065206172656129207769746820313662B0
:10F4500069742077696474682C20005343422D3E00
:10F46000494353523A20307825303858005265616C
:10F47000642066726F6D20534452414D28756E634F
:10F480006163686561626C652061726561292074E1
:10F490006F2052414D2028756E636163686561621B
:10F4A0006C65206172656129207769746820203855
:10F4B0006269742077696474682C20005365742035
:10F4C00077726974652D7468726F756768206661FC
:10F4D000696C65640057726974652066726F6D208F
:10F4E0004454434D20202020202020202020202074
:10F4F00020202020202020746F20534452414D288A
:10F50000756E636163686561626C652061726561D7
:10F5100029207769746820363462697420776964B9
:10F5200074682C2000436865636B656420457272C3
:10F530006F723A20537461636B204F766572666C0C
:10F540006F7700526561642066726F6D205344527C
:10F55000414D28636163686561626C652061726515
:10F560006129202020746F2052414D2028756E6340
:10F570006163686561626C652061726561292077ED
:10F580006974682020386269742077696474682C13
:10F5900020006E616E005475726E206F66662044A6
:10F5A000436163686500636865636B4461746150BF
:10F5B000696E00636865636B46756C6C436869705F
:10F5C0005769746852616E64005772697465206689
:10F5D000726F6D2052414D2028756E6361636865BE
:10F5E00061626C6520617265612920746F205344EB
:10F5F00052414D28756E636163686561626C652078
:10F6000061726561292077697468202038626974A5
:10F610002077696474682C20001B5B324A00696E95
:10F6200074657276616C5F6164647232203D203073
:10F630007825580D0A002573203D3E2063686563D8
:10F640006B4461746150696E2061742074686973E1
:10F65000206164647265737320504153530D0A0036
:10F66000526561642066726F6D20534452414D288B
:10F67000636163686561626C652061726561292000
:10F680002020746F204454434D202020202020202F
:10F69000202020202020202020202020776974682E
:10F6A0002020386269742077696474682C200057C0
:10F6B000726974652066726F6D204454434D20203A
:10F6C000202020202020202020202020202020203A
:10F6D00020746F20534452414D2863616368656113
:10F6E000626C6520617265612920202077697468E9
:10F6F0002033326269742077696474682C20004D6D
:10F7000053504C494D3A20307825303858004451F8
:10F710004D2070696E20636865636B2050415353C0
:10F720000046756C6C206368697020636865636B64
:10F7300020776974682072616E646F6D20736571E3
:10F7400075656E6365204641494C454400526561CC
:10F75000642066726F6D20534452414D28756E636C
:10F760006163686561626C652061726561292074FE
:10F770006F2052414D2028636163686561626C654A
:10F7800020617265612920202077697468203136F4
:10F790006269742077696474682C20005265616422
:10F7A0002066726F6D20534452414D28756E63611F
:10F7B00063686561626C6520617265612920746FA0
:10F7C0002052414D2028756E636163686561626CEB
:10F7D000652061726561292077697468203634621A
:10F7E00069742077696474682C20005772697465A5
:10F7F0002066726F6D2052414D20286361636865F9
:10F8000061626C65206172656129202020746F201F
:10F81000534452414D28636163686561626C6520A1
:10F820006172656129202020776974682020386220
:10F8300069742077696474682C2000577269746554
:10F840002066726F6D2052414D20286361636865A8
:10F8500061626C65206172656129202020746F20CF
:10F86000534452414D28636163686561626C652051
:10F8700061726561292020207769746820333262C3
:10F8800069742077696474682C20000D0A3D3D3D41
:10F890003D3D3D3D3D3D3D3D3D3D3D3D20496E2095
:10F8A000486172644661756C74203D3D3D3D3D3D4F
:10F8B0003D3D3D3D3D3D3D3D3D00436865636B65E0
:10F8C00064204572726F723A20496E76616C696489
:10F8D00020504300636865636B46756C6C436869D0
:10F8E000704E6F43616368650052656164206672A3
:10F8F0006F6D20534452414D2863616368656162B6
:10F900006C65206172656129202020746F20445449
:10F91000434D202020202020202020202020202097
:10F920002020202020776974682033326269742097
:10F9300077696474682C2000526561642066726F78
:10F940006D20534452414D28636163686561626C68
:10F9500065206172656129202020746F2052414D1D
:10F960002028636163686561626C6520617265610E
:10F9700029202020776974682020386269742077F4
:10F98000696474682C2000526561642066726F6D32
:10F9900020534452414D28756E636163686561620E
:10F9A0006C6520617265612920746F2052414D2081
:10F9B00028636163686561626C65206172656129B5
:10F9C0002020207769746820333262697420776957
:10F9D0006474682C2000286E756C6C2900303132FC
:10F9E0003334353637383941424344454600000008
:10F9F0000000005454522052454747455300D4D488
:10FA000000000022040B022204FD00025CFD000243
:10FA100000040E000100000000200000318C0002F4
:10FA200000000000000000001000002210FA000298
:10FA30000C0B022228FA000298FD000200010000CF
:10FA4000200000220F00FFFF000000010100000065
:10FA5000090200000C000C010C020C030000000065
:10FA600000000000A9990002000000003CFA00021A
:10FA7000240B022250FA00021CFD0002104000007C
:10FA800008010000040C00000A010000000C011530
:10FA90000B010000000C010B0C010000000C010B1D
:10FAA0000D010000000C010B0E010000000C010B09
:10FAB0000F010000004000000002000010400000A4
:10FAC0000102000000000105080200000004010519
:10FAD00009020000000801000A02000000080100FD
:10FAE0000B020000000001000C02000000000100F9
:10FAF0000D020000000001000E02000000000100E5
:10FB00000F020000000C010B00030000000C010BB1
:10FB100001030000000C010B020300001040000074
:10FB2000030300000000011307040000000001139C
:10FB30000804000040040107090400004004010714
:10FB40000A040000000C010B03050000000C010B6F
:10FB500004050000000C010B05050000000C010B62
:10FB600006050000000C010B07050000000C010B4E
:10FB700008050000000C010B09050000000C010B3A
:10FB80000A0500000008011C020600000008011C14
:10FB9000030600000008011C040600000008011C08
:10FBA000050600000008011C060600000008011CF4
:10FBB00007060000000C010B08060000000C010BFA
:10FBC00009060000000C010B0A060000000C010BE6
:10FBD0000B060000000C010B0C060000000C010BD2
:10FBE0000D060000000C010B0E06000005040000CD
:10FBF0000F060000000C010B0D08000000000113AF
:10FC00000E080000000001130F080000000C010B9B
:10FC1000000A0000000C010B010A0000000C010B9F
:10FC2000020A0000000C010B030A0000000C010B8B
:10FC3000040A0000000C010B050A0000000C010B77
:10FC4000060A0000000C010B080A0000000C010B62
:10FC5000090A0000000C010B0A0A0000000C010B4D
:10FC60000B0A0000000C010B0C0A0000000C010B39
:10FC70000D0A0000000C010B0E0A00000008010B29
:10FC80000F0A00000008011C000C00000008011C05
:10FC9000010C00000008011C020C00000008011CFF
:10FCA000030C00000008011C040C00000004011CEF
:10FCB000050C00000008011C060C00000008011CD7
:10FCC000070C00000004011C080C0000000C010BD4
:10FCD000000D0000000C0115010D0000000C0115C5
:10FCE000020D0000000C0115030D0000000C0115B1
:10FCF000040D000000080115050D0000100001159D
:10FD0000070D0000510000007CFA00020000000016
:10FD100003030403050306034000D4D4619B0002DF
:10FD2000499F0002599F0002A99F000241A00002C2
:10FD300051A0000291A00002A1A0000291A1000226
:10FD4000A1A10002A9A10002060000000800000015
:10FD500003000000050000000A000000A1A400024A
:10FD6000B9A40002C9A40002D9A4000291A500020E
:10FD7000C1A5000209A6000231A6000269A6000280
:10FD800099A60002B9A60002E1A60002F9A60002A7
:10FD9000020403040404D4D4D9A8000259A900021F
:10FDA00071A90002D9A90002E9A9000211AA000262
:10FDB00021AA000231AA000261AA0002C1AA00021F
:10FDC000C9AA00020000006800000168000000806D
:10FDD0000000008000000070000000704000002261
:10FDE000400001220B000000FCFD00021900000091
:10FDF00080FE000204000000C4FD00020000016853
:10FE0000000001680001000D0000026800000268A7
:10FE10000001000D000000800000008000010008CB
:10FE20000000008000000080000100080000007059
:10FE3000000000700001000A000000700000007067
:10FE40000001000A000000000000000001000005A1
:10FE500000000120000001200100000440000122F8
:10FE6000400001220000000370040222D80B02228D
:10FE700000000003E00B0222E00B0222000000035E
:10FE80000000006800000068000000900001090DFB
:10FE900000000068000000680000007800010B0D01
:10FEA0000000006800000068000000270001020D4B
:10FEB0000000006800000068540000020001010D0D
:10FEC0000000008000000080000000900001090890
:10FED00000000080000000800000007800010B0896
:10FEE00000000080000000800000002700010208E0
:10FEF00000000080000000805400000200010108A2
:10FF00000000007000000070000000900001090A6D
:10FF100000000070000000700000007800010B0A73
:10FF20000000007000000070000000270001020ABD
:10FF30000000007000000070540000020001010A7F
:10FF40000000000000000000000000900101090511
:10FF500000000000000000000000007801010B0517
:10FF60000000000000000000000000270100020562
:10FF70000000000000000000540000020100010524
:10FF80000000002000000020000000900101090492
:10FF900000000020000000200000007801010B0498
:10FFA00000000020000000200000002701000204E3
:10FFB00000000020000000205400000201000104A5
:10FFC0000000002200000022000000900001090350
:10FFD00000000022000000220000007800010B0356
:10FFE00000000022000000220000002700000203A1
:10FFF000000000222400002254000002000001033F
:020000040201F7
:10000000D80B0222E00B022278000002000001035C
:1000100001000200080010002000D4D4D4D4D4D4AD
:1000200000000000000000000000000000000010C0
:100030000000000000000000B9340332B7F4AD1432
:1000400010DB1AB30892540E0D307D951447BA1A7E
:1000500066088F4D26ADC66DF598BF85E2B7451190
:10006000CA96853D92BD1DEBFCA11860DCEF5216CF
:100070003C92AE220BB8C1B4839D2D5B0562DA1CA5
:10008000304C7E8F4E8BB25B16F4529F8B56A5126E
:10009000FBD4827643ED8AF08FE7F93115651918A4
:1000A00050F19BD94A13EEB4284CF0A686C1251F07
:1000B000035FC270CB9E4916E642889C44EB201435
:1000C000B0650836AD6EA58585F0CA14E2FD031A49
:1000D0000B899979D5B13D09D8DA973A35EBCF102C
:1000E000AC363F5E73BB38CF3E6752FA44AFBA15A9
:1000F00001000000000000000500000000000000FA
:1001000019000000000000007D0000000000000059
:100110007102000000000000350C0000000000002B
:10012000093D0000000000002D310100000000002A
:10013000E1F505000000000065CD1D000000000095
:10014000F902950000000000DD0EE9020000000049
:10015000514A8D0E000000009573C2480000000057
:10016000E941CC6B010000008D49FD1A0700000039
:10017000C16FF28623000000C52EBCA2B1000000B2
:10018000D9E9AC2D780300003D9160E458110000DE
:1001900031D6E275BC560000F52E6E4DAEB10100B1
:1001A000C9EA268367780800ED95C28F055A2A00B0
:1001B000A1EDCCCE1BC2D30025A4000A8BCA220419
:1001C000000000000000000000000000000000002F
:1001D00000000040955969595555545515555556C7
:1001E000040515411054554045515544404550446F
:1001F00050555545004000404004449665555655BD
:10020000454045545141154055915555555540511E
:1002100005010000D4D4D4D4010000000000000087
:100220000000000000000020345065C05FC9A652E5
:10023000BB13CBAEC440C21806C8DF7100D5A87C82
:10024000F56F0FDA58FC27136E4756357D2420656D
:1002500002C7E768E48CA41DE9E60268D7CD3961DE
:100260007977FCC2405BEF16798CDE43FFA751F92A
:1002700091F3B278F5BDBE11E857E9D6E8BEE87B48
:10028000B054AC8F848D751BEA23A499E9F9D38B04
:10029000B7A3714061DA3E15CEE33ECB73F948084F
:1002A0008C97B427D51B7010A2BFEFB9EB85321520
:1002B0004DB44DB49BBB6F1996B6076CF8E7EEAD25
:1002C00036D9B4F59135AE13222218AF4E6A684D77
:1002D00091DAAA3D4F40741E9FBD9EE006A1C098D2
:1002E00057C2A7FDA40E90170E7D497173E3208FAE
:1002F000B220D87605143B12853D7434811343B087
:10030000AD297A5F27F4351C5445545445550504EE
:100310000010041014044000000001405555154120
:10032000540400004400010000000040410000446B
:1003300050444550540055555455655100400040B7
:10034000010000010005010011545151545555059B
:100350000015415000000440100104050000000099
:1003600000000406362E342E30004275696C74206D
:10037000776974682052656E657361732041647695
:10038000616E63656420466C657869626C652053B4
:100390006F667477617265205061636B6167652079
:0E03A00076657273696F6E20362E342E300033
:0403B000098E0002B0
:0200000402C92F
:04F04000FFFFFFFFD0
:04F04400EFFFFFFFDC
:04F0C000FFFFFFFD52
:04F0C400FFFFFFFF4C
:04F1200000000000EB
:04F1240000000000E7
:040000050200B579C7
:00000001FF
