:020000040200F8
:1000000080400020254C0002C54A000275320002E3
:10001000214C0002214C0002214C0002214C000224
:10002000000000000000000000000000214C000261
:10003000952D000200000000214C0002214C00021E
:10004000E93C00020D3C0002D13D00024D3E0002A1
:10005000F0B5B0F9004083B0230603D504F07F006B
:1000600003B0F0BD0D46C4F3C30101EB011214F05F
:10007000070306461746298F1DD0012B18D10A46C3
:1000800005F12800394601F043FAAB8F298F07B2FA
:1000900003B9A88701F04CFF034624F0FF0407F0E2
:1000A0007F00044344F080042B87348003B0F0BD0C
:1000B0002746A0B2EEE7212A98BF2227B5F90230E1
:1000C0000191D5E90510B5F90020009701F020FE57
:1000D000EB8F298F07B2002BDCD1E887DAE700BF6E
:1000E0002DE9F041B0F9005014462A060E4682B0C0
:1000F00024D505F07F07B6F900502B0606D505F08C
:100100007F08A7EB080002B0BDE8F081C5F3C3018A
:1001100001EB011215F007039446218F35D0012B16
:100120005AD10A4604F12800614601F0F1F9A38F83
:100130000FFA80F803B9A087218F3CE0C5F3C30113
:1001400001EB011215F0070380461746218F46D0B8
:10015000012B17D10A4604F12800394601F0D8F9DD
:10016000A38F07B203B9A087218F01F0E1FE07F04A
:100170007F0725F0FF053D4345F080052087A8F85F
:100180000050B8E72F46A8B2EFE7212A98BF4FF0FA
:10019000220C0191B4F90230B4F90020D4E9051021
:1001A000CDF800C001F0B4FDE38F0FFA80F8002B0A
:1001B000C2D1218FE08701F0BBFE08F07F0825F057
:1001C000FF0548EA0505208745F08005A7EB0800F4
:1001D000358002B0BDE8F081A846A8B2EBE7212A3D
:1001E00098BF22270191B4F90230B4F90020D4E974
:1001F0000510009701F08CFDE38F07B2002BB3D1FF
:10020000218FE087B1E700BF2AB1B0F90200B1F950
:100210000230C01A7047B0F9003023F0FF02C3F378
:10022000072313430380B1F9003023F0FF02C3F327
:10023000072313430B80B0F90200B1F90230C01A52
:10024000704700BFB1F900300380B1F9023043803C
:10025000704700BF2DE9F04F8E46B0F90480054687
:10026000B8F1000F4FF000017646446A85B040F3C4
:1002700080818C4689460B468246002ECFB2C0F262
:10028000E280002C00F07981204601E0006820B176
:100290004268B2F90220B242F8D1002500E01446CB
:1002A000226825602546002AF9D1002800F0D9806F
:1002B0004268B2F90020D50703D5C2F340221344A7
:1002C0009BB2026822B11568056020681060226048
:1002D00009F101091FFA89F9002EA8BF013601F1C1
:1002E0000101A8BF36B28845C7D15546CCEB890C71
:1002F000634499B2BEF1000F00F3D080002223685E
:100300009642D3F800905D68D9F804005860C9F8A7
:1003100004501868254600681860C9F800205CDBA6
:100320006B68B3F90230B34208D02D68002D00F09D
:1003300016816B68B3F90230B342F6D16368B3F942
:10034000000001F0A1FF2D680146002DF6D12568BF
:100350006A68D9F80430C9F804206B602B684FF044
:10036000010CC9F800304FF00008C5F8009089462C
:10037000002C66D00020074686460125BCF1000F00
:100380000CEB050221464FF00003B8BF2A46AE44ED
:1003900002E00968013309B1013AFAD1002B254680
:1003A00066460C4608DDEEB92A462D68013B68B169
:1003B00002601046002BF6DC002E36DD002C36D015
:1003C00093B92246013E24680028F1D11746104611
:1003D000F0E72D68002D00F0C2806B681B78BB42EF
:1003E000F7D1ABE7002CDFD0D5F804A06168BAF9EB
:1003F000002022F0FF0BC2F307224BEA020BAAF8FF
:1004000000B0B1F9002022F0FF0BC2F307224BEA43
:10041000020BA1F800B0BAF902A0B1F9022092458E
:10042000C2DD2246013E2468C1E7002CA5D1BEF101
:10043000010FC0F8008021D03C464FEA4C0C002C44
:1004400098D12460FFDE002C00F09780204603E066
:10045000006800283FF421AF426812789742F7D134
:100460001BE722680CF1010C52681FFA8CFC92F910
:10047000012002F0010213449BB22DE73C6849467B
:1004800044B17B68B3F9000001F0FEFE2468014628
:10049000002CF6D1084605B0BDE8F08FCDE9017615
:1004A0004FF001092646AA460391002E63D000248E
:1004B0003546A04622460126B9F1000F09EB060396
:1004C00028464FF0000BB8BF3346324403E00068C3
:1004D0000BF1010B08B1013BF9D12E4637465E46C0
:1004E000002E05469346CDF800900ADDB9F1000FC5
:1004F00015D13A463F68013E74B122601446002E81
:10050000F4DCB9F1000F18DDF5B156B92A4609F14E
:10051000FF392D68002CF0D190461446EFE7002DEE
:10052000E7D0524669687868FFF7DAFD0028E0DD19
:100530002A4609F1FF392D68DEE75A46DDF80090BA
:10054000002DB8D1594602E05946DDF8009000234D
:100550000129236008D046464FEA4909A5E72568E6
:10056000002D7FF4EBAEF3E64446DDE90176039916
:10057000C4E60F46BEE63660FFDE00231B68FFDEE2
:1005800000232DE9F04748F28006734C9446A4FB03
:1005900000421209023A01EBC2050B604D606B800C
:1005A0004B6801F11004A5421E8005F1040001F121
:1005B000080305EB820E0DD905F10806B645D1F802
:1005C00000A009D90B6023466FF00044C1E902A0E6
:1005D00030466C60D1F800A062B303F10806B54262
:1005E0004FF0000447F6FF791FFA8CF822D9071D57
:1005F000BE4540F2A980C3F800A01FFA84FA0B6040
:1006000058608AEA0803DB000AF0070A03F078035F
:1006100043EA0A0303EB03230134A0F802900380AA
:100620009442D1F800A005D0334603F10806B54244
:100630003846DCD8DAF800005346D8B1464C4FF4BF
:100640000070A4FB02420126920807E06E801B683E
:1006500000F580701C68013680B25CB1B2425D6802
:10066000F4D800F4E0648CEA06073C43C4F30D04BC
:100670006C80ECE700240125A6462646A046012012
:10068000002D05EB000C0B464FF00002B8BF84466E
:10069000064402E01B68013213B1BCF1010CF9D130
:1006A000002A284608DD98B90F68013A74B1216024
:1006B000002A0C463946F6DC00282DDD7BB34AB90A
:1006C0000F46013819461B68002CF0D18E46EFE723
:1006D000002BE9D0D1F804905F68B9F900C02CF084
:1006E000FF0ACCF3072C4AEA0C0CA9F800C0B7F9B2
:1006F00000C02CF0FF0ACCF3072C4AEA0C0CA7F838
:1007000000C0B9F90290B7F902C0E145CCDD0F464F
:10071000013819461B68C9E70BB11946AFE7012E2E
:10072000C4F800800AD06D00BEF1000F09D07346F6
:100730004FF0000E194674467646A0E77046BDE8B5
:10074000F087CEF800E0FFDE0134A2423FF472AF42
:1007500007461E4668E700BFCDCCCCCC30B58446FA
:100760001068039D00F10804AC4217D21D6805F122
:10077000040E049D754511D91460DCF80020026058
:10078000CCF800001A68141D42601C60B1F900200A
:1007900043681A80B1F902205A8030BD002030BD74
:1007A0000346002210B4D0E9000144685C60416057
:1007B00019680968196002605DF8044B704700BF52
:1007C0004A6810B4446842600A684C6002605DF890
:1007D000044B0860704700BFB1F90220002A09DB12
:1007E00010B912E0006878B14368B3F9023093425F
:1007F000F8D1704740B1B1F9002001E0006818B1AC
:1008000043681B789A42F9D17047704738B100228B
:1008100000E01846036802600246002BF9D17047D9
:100820002DE9F04F07464FF0010C8A46914683B000
:10083000002F50D00022154690460120BCF1000F39
:100840000CEB000339464FF00004B8BF03460244E6
:1008500002E00968013409B1013BFAD1002C3E469F
:10086000E3460F46CDE900C20ADDBBF1000F15D10A
:1008700032463668013C75B12A601546002CF4DC1E
:10088000BBF1000F17DDDFB154B93A460BF1FF3B66
:100890003F68002DF0D190461546EFE7002FE7D0D6
:1008A0004A4679687068D0470028E1DD3A460BF186
:1008B000FF3B3F68DFE7DDE900C2002FBDD101E06B
:1008C000DDE900C20023012A2B6006D047464FEA2B
:1008D0004C0C002FAED13F60FFDE404603B0BDE8B8
:1008E000F08F00BF70B50025C6690446C0E90E55FB
:1008F000AEB101212046FFF7ADFC218F01F018FBBE
:1009000003464FF0FF3123872046FFF7A3FC218FDA
:1009100001F00EFB208725B10135AE42E9D1002060
:1009200070BD012E6087FAD00125E2E72DE9F04F76
:100930002DED028B0023ADF6340D04A905AA0DF1AF
:100940005A00049301F034F8012001F085FA0346BF
:100950000220ADF8183001F07FFA03460320ADF80D
:100960001A3001F079FA03460420ADF81C3001F08A
:1009700073FA034605200D9301F06EFA002808BFB4
:100980000720069B0E90002B40F0F880BDF91C302C
:10099000002B00F08181002200F0010318A910F063
:1009A00002050891194618BF591C10F00400ADF853
:1009B000582040F0CC804FF4FA62B2FBF1F20C9276
:1009C000002B40F09782002D40F06A810E9BDD07DE
:1009D00007D5BDF9182009990C98FFF7D1FD0E9B9A
:1009E0000F909C0762D4590705D50B9ABDF91810D2
:1009F0000C9801F01DF80D9B002B68D00DF120081C
:100A000000F0A8FF002200230D9D0024C8E90C235C
:100A1000D5B1012106A8FFF71DFCBDF8501001F06B
:100A200087FA03464FF0FF3106A8ADF85030FFF7C4
:100A300011FCBDF8501001F07BFAADF85000002C0D
:100A40007ED00134A542E4D100F08EFF00F096FF85
:100A500000218146BDF9180001F016FC0146BDF9E0
:100A60001A0001F011FC0146BDF91C0001F00CFC5C
:100A70000146BDF9300001F007FC47F60533984206
:100A8000824600F01D8240F2978048F60223984289
:100A900000F024824EF6F513984240F027814FF083
:100AA0000308884801F08CFC454695E0BDF91A40E2
:100AB000BDF9182010AB0A990C9842EA044200F0E4
:100AC00037FD0E9B580790D40D9B002B96D1012328
:100AD000002400250DF1200803EB83035B000D9338
:100AE00000F038FF0D9F0026C8E90C45CFB1012169
:100AF00006A8FFF7AFFBBDF8501001F019FA034646
:100B00004FF0FF3106A8ADF85030FFF7A3FBBDF85A
:100B1000501001F00DFAADF850004EB30136B74257
:100B2000E5D100F021FF00F029FF00F031FFB7EE22
:100B3000007BB4EEC70BF1EE10FA2DD50D9BCBE781
:100B4000012DADF852003FF47FAF012461E74FF46F
:100B5000FA624E1CB2FBF6F20C92002B40F0A5801C
:100B6000002D40F0C28118AB02FB01310B912DE743
:100B7000012FADF85200D4D00126B8E7012B7FF445
:100B80000AAFBDF91C30002B7FF405AF66234E4A37
:100B9000ADF81C300692FEE6FCEEC07B17EE903AF4
:100BA000012B4FF00A0138BF0123B1FBF3F30D9A7B
:100BB00003FB02220D9223E741F6F203984200F074
:100BC000868144F6AF63984240F090804FF002086F
:100BD0003E4801F0F5FB45463D4F3E68002E00F0D3
:100BE0008A800024C3460395A046254619E0394B68
:100BF000F28F33F81B309A424BD02946364801F029
:100C0000DBFBB6F8403001339BB2A6F840304344DA
:100C1000691C9EB20FFA83F83B688DB29D4280F04A
:100C20002581002306AA05EB051402EB8404206A43
:100C30002E01C207A4F840300FD5284B628F33F83D
:100C40001B309A4209D02946254801F0B5FBB4F87B
:100C50004030206A0133A4F84030830713D506AB37
:100C6000741903EB84041F4BA28F33F81B309A4294
:100C700009D029461C4801F09FFBB4F84030206A97
:100C80000133A4F840302E4406AB440703EB86063C
:100C9000ADD4B6F84030BAE76623ADF81C307AE63A
:100CA00018A902FB03130A9390E618AC0994002DCF
:100CB0003FF459AF18AC02FB03430A9300283FF4FA
:100CC00085AE50E700A6000215341534CCA500020D
:100CD000300000200C000020C0A6000224000020EC
:100CE0005CA60002180000208CA600024FF6FF76DA
:100CF0004FF0FF35824F01F055FB0C9906448148B7
:100D000001F05AFB4946804801F056FB484600F086
:100D10003FFE7E4853EC102B01F04EFB484600F09E
:100D200037FEB5EEC00BF1EE10FAB6B211DD3A683F
:100D30000D9B484602FB03F307EE903AB8EE678B33
:100D400000F026FE88EE007B714853EC172B01F073
:100D500033FB484600F01CFEB2EE047BB4EEC70B3A
:100D6000F1EE10FA00F184800D9B3968694803FBAD
:100D700001F101F021FB6849684801F01DFB684959
:100D8000684801F019FB6849684801F015FB5146B5
:100D9000674801F011FB0E9A3B68D00736B214D5B4
:100DA000002B51D00024DFF8B48104EB041306AA11
:100DB00002EB830321465A8F404601F0FDFA0134CD
:100DC0003B68A4B29C42F0D30E9A910714D500243C
:100DD000002B39D0DFF8888104EB041306AA02EB5C
:100DE000830321469A8F404601F0E6FA01343B68BE
:100DF000A4B29C42F0D30E9A520712D500241BB322
:100E0000DFF8608104EB041306AA02EB830321469A
:100E1000DA8F404601F0D0FA01343B68A4B29C421C
:100E2000F0D38BB10024DFF8408104EB041306AA51
:100E300002EB830321461A8F404601F0BDFA0134CC
:100E40003B68A4B29C42F0D3002E16D0D4BF3948E0
:100E5000394801F0B5FA0DF15A0000F0C9FD002043
:100E60000DF6340DBDEC028BBDE8F08F039D42E71B
:100E7000324801F0A5FA013676E7314801F0A0FAD0
:100E8000032DE8D13A680D9B484602FB03F307EEB9
:100E9000903AB8EE678B00F07BFD88EE007B1E4930
:100EA0001F4B00910193274853EC172B01F084FA54
:100EB0001D49254801F080FA244801F081FACAE76B
:100EC0004FF00108224801F07BFA454684E64FF0D6
:100ED0000408204801F074FA45467DE64FF000080A
:100EE0001D4801F06DFA454676E618A802FB03039B
:100EF0000A9338E618AC0994002D3FF467ADD9E6A3
:100F000030000020F4A6000210A700022CA7000267
:100F100044A700029CA70002B8A70002C8A70002CD
:100F2000E0A70002F0A7000208A8000210A8000233
:100F300028A8000234A9000298A900025CA70002B8
:100F4000C4A8000210A900022CA9000298A7000260
:100F5000A0A5000230A6000270A5000244A800026D
:100F600064A8000284A80002A4A800022DE9F04FA2
:100F70008FB08046CDE90113BDF96070002800F004
:100F8000B48215460021C20808F1FF3C120128F086
:100F90000706BCF1060FA4EE307BBBB200972846D3
:100FA000B34692460F460B9208954FEA48040A96BC
:100FB00008F007095AD9AAF1100E4FEA1E1E0EF1C9
:100FC000010E4EF001E0024692ED807E16EF44687D
:100FD000A2EC887E0FF009C0B9F1000F3DD05A464F
:100FE00002EB010E35F81E601E4425F81E60561CEB
:100FF000B04532D90E4435F816E09E4425F816E087
:10100000961CB04529D90E4435F816E09E4425F8C3
:1010100016E0D61CB04520D90E4435F816E09E44A3
:1010200025F816E0161DB04517D90E4435F816E020
:101030009E4425F816E0561DB0450ED90E4435F8ED
:1010400016E006329E44904525F816E005D90A447C
:1010500035F812601E4425F812607E1CB0454144EC
:10106000204405D0BCF1060F3746A4D80022B7E7CC
:101070004FF000090198C6EB867291000438C8460B
:101080008B468446BA4605970391009F2A1904901F
:101090000093101BA2EB000EAEF1020E4FEA5E0EA3
:1010A0000EF1010E4EF001E001460CEB890231F920
:1010B000023B07FB03F342F8043F0FF009C0D045A1
:1010C000B144A0EB0B0208F1010301D09846E0E720
:1010D0004FF000096FEA07570399019A009B521AD3
:1010E000099206936FEA1757134648462246494627
:1010F000CA464C46DDF81480DDF804E0DDF80CB09B
:1011000000960EEB890CA3EB0C03043B9B08013308
:1011100005E0B44250EAD090013B00B20CD0264624
:101120005CF8044B80B22144B942F2DD0A30013B45
:101130004FF0000100B2F2D1009EC245ACEB0B03B0
:10114000B1440AF1010C01D0E246DAE7069B002126
:1011500014460D9301F098F8029A049BA2F1020A3A
:10116000039AA5F1020B9A1ADC46CDF800B0984616
:101170009346069007930AEB04090C960023A9EB0B
:101180000A0EAEF1020E4FEA5E0E0EF1010E4EF0A7
:1011900001E0504661461A4648F8043F31F8023FE4
:1011A00030F8026F13FB0622C8F800200FF00BC0C6
:1011B000C345A444E2D14FF00009DDE90C63484681
:1011C0004946CA464A46DDF800B0DDF804E0CDF8ED
:1011D00030B0DDF80CB0DDF824C0DDF814800096E6
:1011E000059309940EEB8904ACEB0403043B9B08C4
:1011F000013305E0B24250EAD090013B00B20CD07E
:10120000164654F8042B80B21144B942F2DD0A307C
:10121000013B4FF0000100B2F2D1009BC24599445E
:10122000ACEB0B0C0AF1010301D09A46DAE7059BFF
:101230000699DDF830B0009E099C009301F024F877
:101240000021D9468A46009BCDE90C75049A039D7E
:101250000590CDF818B0099390464FF0000BCDE9FA
:101260000012DDF808C0002E14BFB6464FF0010E84
:101270006246494600234EF001E048F804AF178863
:1012800031F8020F224410FB0733C8F800300FF08A
:101290000BC00BF1010B5E450CF1020CE3D8DDE94C
:1012A000001201318E42A144A2EB0502D4D80020E5
:1012B000DDE90C75014602468246DDF818B0099B4F
:1012C000CDF800B0DDF81090DDF80CB0002ECE4661
:1012D00014BFB4464FF0010C06E0414550EAD090EF
:1012E000BCF1010C00B20DD088465EF8041F80B23C
:1012F0000A44BA42F1DD0A30BCF1010C4FF00002A1
:1013000000B2F1D10AF1010A5645A9EB0B09DDD86B
:101310004FF0000A0599DDF800B0D146009300F0C7
:10132000B3FF009B0995CDE9053704990490DDE9E9
:101330000230CDF808A01F468C464FF000089A46B0
:10134000CDE900B1002E14BFB6464FF0010E39466C
:1013500000224EF001E0009D4CF8049FB1F800B06F
:1013600035F8023F214413FB0BF3C3F3830BC3F3A4
:10137000461303FB0B22CCF800200FF011C808F134
:101380000108464507F10207DCD85346DDE900B104
:10139000DDF808A0A3440AF1010A5645A1EB0001BB
:1013A000C7D80020DDE90537014602468146099D80
:1013B000DDF81CA0DDF80CB0002ED64614BFB446F4
:1013C0004FF0010C06E0414550EAD090BCF1010C11
:1013D00000B20DD088465EF8041F80B20A44BA42BB
:1013E000F1DD0A30BCF1010C4FF0000200B2F1D186
:1013F00009F101094E45AAEB0B0ADDD804990093C7
:1014000000F042FFDDE90A890021009B0F46A4EEAF
:10141000303BDDF820C0072E65D9A9F1100E4FEA48
:101420001E1E0EF1010E62464EF001E092ED807E2E
:1014300016FF4468A2EC887E0FF009C0464549D0EB
:10144000424601EB020A35F81AE0AEEB030E25F82E
:101450001AE002F1010EB6453CD28E4435F81EA0CA
:10146000AAEB030A25F81EA002F1020EB64531D2FE
:101470008E4435F81EA0AAEB030A25F81EA002F13F
:10148000030EB64526D28E4435F81EA0AAEB030AF9
:1014900025F81EA002F1040E76451BD98E4435F8BE
:1014A0001EA0AAEB030A25F81EA002F1050E764540
:1014B00010D98E4435F81EA00632AAEB030A9642D4
:1014C00025F81EA006D90A4435F812E0AEEB030E4B
:1014D00025F812E00137B7423144A4449BD300B24F
:1014E0000FB0BDE8F08F0022ABE7014600F0CCFE64
:1014F0000146404600F0C8FE0146404600F0C4FEEA
:101500000146404600F0C0FE00B20FB0BDE8F08FCB
:1015100010B5144682B00091C168D0E9012300687B
:10152000FFF724FD214602B0BDE8104000F0ACBE3C
:101530002DE9F04F002A08BF012287B0002860D0B3
:10154000002406462046013404FB04F5B6EBC50F23
:10155000F8D800FB00F6013921F00307391D4FEAE6
:10156000460B054601EB4606002848D0012400FA48
:1015700004FC05954FF0000A6546CDE9031B00EB1E
:101580000409A6F10208A9EB040E4EF001E0C446DE
:10159000CDE901A4E24604FB02F2D2F1000B1FFAEE
:1015A0008BFB92B2A1B252EA4BB201EB020B1FFAD3
:1015B0008BFB5944BA44C9B2AAEB060A2CF802BF05
:1015C0000134AAF806100FF01BC8DDE901AB0AF1DF
:1015D000010A504500EB0B048144A844D3D1059D7A
:1015E000DDE9031B06EB0B02013A22F00302043291
:1015F000C3E90116DA601D6007B0BDE8F08F8346CD
:10160000F0E74FF0FF35294421F003074FF0020BBC
:101610002846391DBE1DA9E72DE9F047074650B3FE
:10162000002488464FEA8009114608EB80052646CB
:1016300020462246A44608EB840EA5EB0E03043B8D
:101640009B08013305E0924550EAA090013B00B2AF
:101650000CD092465EF8042B80B294446145F2DAD5
:101660000A30013B4FF0000C00B2F2D10136B74214
:101670004D443C44DFD1BDE8F08700BF60B32DE9A5
:10168000F043002406462546C0EB80784FEA400927
:1016900002EB40020F1F4FEA8808A2EB0900A2EB01
:1016A000000EAEF1020E4FEA5E0E0EF1010E844600
:1016B0004EF001E007EB84013CF9022B03FB02F240
:1016C00041F8042F0FF009C00135AE423444A0EBBD
:1016D0000802E2D1BDE8F083704700BF002873D054
:1016E000A4EE302B1FFA82FC00222DE9F04F0C46AD
:1016F0001546C6084FEA40093601471E20F0070A82
:1017000000F00708062F5DD9A6F1100E4FEA1E1E45
:101710000EF1010E23464EF001E093ED807E16EFB0
:101720004468A3EC887E0FF009C0B8F1000F42D0E6
:10173000534603EB020B31F81BE0E64421F81BE0B3
:1017400003F1010E704536D9964431F81EB0E344DA
:1017500021F81EB003F1020E70452CD9964431F8E1
:101760001EB0E34421F81EB003F1030E704522D9E8
:10177000964431F81EB0E34421F81EB003F1040E84
:10178000704518D9964431F81EB0E34421F81EB0D4
:1017900003F1050E70450ED9964431F81EB006339C
:1017A000E344984221F81EB005D9134431F813E000
:1017B000E64421F813E00135A84202444C44A1D18B
:1017C000BDE8F08F0023B4E7704700BF48B32DE9B0
:1017D000F0474FF000080C1F9E1E4FEA400A951E6E
:1017E00004EB800906EB4007A7EB060EAEF1020EF4
:1017F0004FEA5E0E0EF1010E31462A4600234EF0EE
:1018000001E044F8048F32F802CF31F8020F1CFBDC
:10181000003323600FF009C84C455544E4D1BDE8BE
:10182000F0877047002840D02DE9F04F164600227F
:10183000A1F1040B9A46114690461546DC4685B048
:10184000440003EB400906EB40075246CDE9011581
:101850000CEB850B0390A7EB060EAEF1020E4FEAE0
:101860005E0E0EF1010E114630464EF001E00023EF
:101870004BF8048F00920D8830F9022B214412FBA3
:101880000533CBF800300FF00BC0009A02324A4506
:10189000E1D10398DDE90115013188422644054470
:1018A0002744D2D105B0BDE8F08F704700284AD058
:1018B0002DE9F04F8246A1F1040B002102EB400715
:1018C0001646450003EB40098846084654461A462A
:1018D00085B0CDE9021494461446CDE900700BEBB7
:1018E000810A009B6146A3EB060EAEF1020E4FEAA1
:1018F0005E0E0EF1010E30464EF001E000224AF875
:10190000048F0B8830F9027B294413FB07F3C3F3E0
:101910008307C3F3461303FB0722CAF800200FF026
:1019200011C00CF1020CE145DBD12246DDE900706B
:10193000039C0299013084422E4421442F44C8D193
:1019400005B0BDE8F08F704708B500F02DFD00F040
:101950002FFD08BD08B500F027FD00F029FD014B63
:10196000186008BD8440002008B500F01DFD00F09F
:101970001FFD014B186008BD80400020024A034B48
:1019800010681B68C01A7047804000208440002007
:1019900007EE100A9FED040BB8EE477B87EE000BB5
:1019A000704700BFAFF300800000000000408F4090
:1019B00001220E4B02705A69920315D45A6912F42F
:1019C000003211D1BFF34F8FBFF36F8FC3F8502296
:1019D000BFF34F8FBFF36F8F5A6942F400325A61E1
:1019E000BFF34F8FBFF36F8F704700BF00ED00E074
:1019F00000220E4B02705A69920315D45A6912F4F0
:101A0000003211D1BFF34F8FBFF36F8FC3F8502255
:101A1000BFF34F8FBFF36F8F5A6942F400325A61A0
:101A2000BFF34F8FBFF36F8F704700BF00ED00E033
:101A30002DE9F04F06461046721E012A40F28380BF
:101A400001318BB203F0070107294FF0000C4FF072
:101A50002C08DFF800B1DFF800A1DFF80091C3F334
:101A6000C1043BD0042963D8033901294ED859F861
:101A700024100CF109040133A2429BB236D900EBC9
:101A80000C0E4D1CAEEB0505062D54D808250F781D
:101A900000F80C700CF1010791F801C0042D00F85A
:101AA00007C08F788EF80270CF788EF803700CD054
:101AB00008250F798EF804704F798EF805708F79AC
:101AC0008EF80670C9798EF8071003F00701072910
:101AD000A4460EF80580C3F3C104C3D15BF82410FB
:101AE0000CF109040133A2429BB2C8D8B4452DD2EF
:101AF0000CF101039E42A6EB0C024FF00001BDE881
:101B0000F04F38BF0122604400F05EBC1049013341
:101B100051F824100CF10504A2429BB20CF101070C
:101B2000E4D90D7800EB0C0E00F80C500425B3E757
:101B30005AF824109DE70D68496840F80C500825B4
:101B4000CEF80410C1E74FF0000CD1E7BDE8F08FEC
:101B50006C0000203C0000204C0000205C000020B5
:101B6000036884461878002800F0B5802C2800F01F
:101B7000B0802B3830B40E2828D8DFE800F0922748
:101B800092332708080808080808080808000868A9
:101B90005A1C013008605B78ABB12C2B00F09E80A2
:101BA0002E2B74D0303B092B09D901200B6903443B
:101BB0000B611318CCF8003030BC70478C6012F801
:101BC000013F002BE9D113460420F3E7D1E90020BF
:101BD000441C012001320344C1E90024CCF8003048
:101BE00030BC704708685A1C013008605B786BB1E4
:101BF0002C2B00F0838003F0DF00452809D0303B18
:101C0000092B48D812F8013F002BF1D113460520CB
:101C1000D0E74869531C013048615078002863D0F0
:101C20002C2863D02B280AD02D2808D00120CB687F
:101C30000344CB60931CCCF8003030BC7047C868BC
:101C4000931C0130C860907800284BD02C284FD0CE
:101C50008C693038092804F1010406D9D31C8C6141
:101C6000CCF80030012030BC70478C611C4613F862
:101C7000012FA2F13000002A3CD02C2A3CD00928A8
:101C8000F4D901204B6803444B60A31C92E70B6915
:101C900001330B61B6E701204B6903444B61131814
:101CA00088E708685A1C013008605D7865B32C2D00
:101CB00027D08C68A5F13000092804F101047FF6D3
:101CC0007DAF2E2D03D001208C60023372E78C6033
:101CD00098E700200133CCF8003070471346042009
:101CE000013367E7062065E7032063E70320F7E792
:101CF0000620F5E707205DE70720F1E713460520FA
:101D0000EEE713460220EBE71346022052E700BF3E
:101D10002DE9F0430C4693B00021804691460AA875
:101D200020221E46BDF96870BDF86C50019400F089
:101D30004BFB2022002102A800F046FB2378002B59
:101D400000F086800AA901A8FFF70AFF12AA02EB99
:101D5000800C019B5CF8402C1B7801324CF8402C25
:101D6000002BEFD1A0444445019417D2012F214606
:101D70004DD1621C9045A8EB040363D3B8F1000F6A
:101D800060D00A7801312C2A1CBF82EA090201F8CE
:101D9000012C013BF5D12378002B55D00AA901A8CD
:101DA000FFF7DEFE12AA02EB8002019B52F8401CF4
:101DB0001B78013142F8401C002BEFD1A045019463
:101DC00012D9012F33D1621C9045A8EB040337D3FD
:101DD000B8F1000F34D0227801342C2A1CBF724095
:101DE00004F8012C013BF6D109AE374601AC294677
:101DF00054F8040F00F028F9014656F8040F00F0DB
:101E000023F9BC420546F2D113B0BDE8F083234666
:101E10001A782C2A1CBF82EA09021A703B444345F7
:101E2000F6D32378002BB9D144450194DCD2237832
:101E30002C2B1CBF734023703C444445F7D3D3E79D
:101E40000123C8E701239CE744450194BBD3CBE7BA
:101E5000A04444458AD3C7E70138042813D8DFE8F3
:101E600000F006090C0F0300084B18687047084B78
:101E700018687047074B18687047074B1868704719
:101E8000064B186870470020704700BF884000204C
:101E9000904000208C4000203800002034000020BA
:101EA00010B480EA0103214C43F30003234083EA8A
:101EB00051039BB283EA500242F30002224082EABD
:101EC000530292B282EA900343F30003234083EA71
:101ED00052039BB283EAD00242F30002224082EA1C
:101EE000530292B282EA101343F30003234083EAC1
:101EF00052039BB283EA501242F30002224082EA6C
:101F0000530292B282EA901343F30003234083EA20
:101F100052039BB283EAD01040F30000204080EAD5
:101F2000530080B25DF8044B704700BF01A0FFFF73
:101F3000C3B2444A83EA010C4CF3000C0CEA020CD5
:101F40008CEA510189B281EA530C4CF3000C0CEA83
:101F5000020C8CEA510C1FFA8CFC8CEA930141F3C1
:101F60000001114081EA5C0189B281EAD30C4CF393
:101F7000000C0CEA020C8CEA510C1FFA8CFC8CEA67
:101F8000131141F30001114081EA5C0189B281EA39
:101F9000531C4CF3000C0CEA020C8CEA510C1FFA97
:101FA0008CFC8CEA931141F30001114081EA5C0141
:101FB00089B281EAD31343F30003134083EA510348
:101FC0009BB283EA102141F30001114081EA5303DF
:101FD0009BB283EA502141F30001114081EA530191
:101FE00089B281EA902343F30003134083EA51034B
:101FF0009BB283EAD02141F30001114081EA5301F1
:1020000089B281EA103343F30003134083EA51039A
:102010009BB283EA503141F30001114081EA530140
:1020200089B281EA903343F30003134083EA5103FA
:102030009BB283EAD03040F30000104080EA5300A6
:1020400080B2704701A0FFFFC2B28E4B82EA010C42
:102050004CF3000C0CEA030C8CEA510C1FFA8CFCBC
:102060008CEA520141F30001194081EA5C0189B216
:1020700081EA920C4CF3000C0CEA030C8CEA510C34
:102080001FFA8CFC8CEAD20141F30001194081EA6D
:102090005C0189B281EA121C4CF3000C0CEA030CBF
:1020A0008CEA510C1FFA8CFC8CEA521141F30001AE
:1020B000194081EA5C0189B281EA921C4CF3000C60
:1020C0000CEA030C8CEA510C1FFA8CFC8CEAD2113E
:1020D00041F30001194081EA5C01C0F3072289B293
:1020E00082EA010C4CF3000C0CEA030C8CEA510C54
:1020F0001FFA8CFC8CEA520141F30001194081EA7D
:102100005C0189B281EA920C4CF3000C0CEA030CDE
:102110008CEA510C1FFA8CFC8CEAD20141F30001CD
:10212000194081EA5C0189B281EA121C4CF3000C6F
:102130000CEA030C8CEA510C1FFA8CFC8CEA52114D
:1021400041F30001194081EA5C0189B281EA921CE5
:102150004CF3000C0CEA030C8CEA510C1FFA8CFCBB
:102160008CEAD21141F30001194081EA5C01C0F30D
:10217000074289B282EA010C4CF3000C0CEA030C12
:102180008CEA510189B281EA520C4CF3000C0CEA42
:10219000030C8CEA510C1FFA8CFC8CEA920141F37F
:1021A0000001194081EA5C0189B281EAD20C4CF34A
:1021B000000C0CEA030C8CEA510C1FFA8CFC8CEA24
:1021C000121141F30001194081EA5C0189B281EAF0
:1021D000521C4CF3000C0CEA030C8CEA510C1FFA55
:1021E0008CFC8CEA921141F30001194081EA5C01F8
:1021F00089B281EAD21242F300021A4082EA510205
:1022000092B282EA106141F30001194081EA520260
:1022100092B282EA506141F30001194081EA520111
:1022200089B281EA906242F300021A4082EA5102C6
:1022300092B282EAD06141F30001194081EA520171
:1022400089B281EA107242F300021A4082EA510216
:1022500092B282EA507141F30001194081EA5201C1
:1022600089B281EA907242F300021A4082EA510276
:1022700092B282EAD07040F30000184080EA520027
:1022800080B2704701A0FFFFC3B2454A83EA010C48
:102290004CF3000C0CEA020C8CEA510189B281EA81
:1022A000530C4CF3000C0CEA020C8CEA510C1FFA94
:1022B0008CFC8CEA930141F30001114081EA5C013E
:1022C00089B281EAD30C4CF3000C0CEA020C8CEAC4
:1022D000510C1FFA8CFC8CEA131141F300011140E0
:1022E00081EA5C0189B281EA531C4CF3000C0CEAD0
:1022F000020C8CEA510C1FFA8CFC8CEA931141F30E
:102300000001114081EA5C0189B281EAD31343F3F1
:102310000003134083EA5103C0F307209BB280EA15
:10232000030141F30001114081EA53039BB283EAA8
:10233000500141F30001114081EA530189B281EA61
:10234000900343F30003134083EA51039BB283EAF3
:10235000D00141F30001114081EA530189B281EAC1
:10236000101343F30003134083EA51039BB283EA43
:10237000501141F30001114081EA530189B281EA11
:10238000901343F30003134083EA51039BB283EAA3
:10239000D01040F30000104080EA530080B2704734
:1023A00001A0FFFF002070475FF800F0CD2B000276
:1023B0005FF800F0812D00025FF800F0E1540002A8
:1023C0005FF800F0A15500025FF800F045560002EA
:1023D000ACA90002B4A90002BCA90002475EBF3943
:1023E000A4E53A8E848D000052BE99110856D71F7D
:1023F00047070000B0D44033796A14E7C1E3000016
:10240000010000008038010066000000C4A900023D
:10241000D0A90002DCA90002E8A90002F4A9000288
:1024200000AA00020CAA000218AA000224AA0002B4
:1024300030AA00023CAA000248AA000254AA0002E4
:0C2440005CAA000264AA00026CAA000260
:10244C004009000000000000030000009C1800225E
:10245C001800002200000000000000009C18002260
:10246C00041900226C19002200000000000000007A
:10247C000000000000000000000000000000000050
:10248C000000000000000000000000000000000040
:10249C000000000000000000000000000000000030
:1024AC000000000000000000000000000000000020
:1024BC000000000000000000000000000000000010
:1024CC000000000000000000000000000000000000
:1024DC0000000000000000000000000000000000F0
:1024EC0000000000000000000000000000000000E0
:1024FC0001000000000000000E33CDAB34126DE67D
:10250C00ECDE05000B0000000000000000000000E5
:10251C0000000000000000000000000000000000AF
:10252C00000000000000000000000000000000009F
:10253C00000000000000000000000000000000008F
:10254C00000000000000000000000000000000007F
:10255C00000000000000000000000000000000006F
:10256C00000000000000000000000000000000005F
:10257C000000000000000000E0190022FFFFFFFF38
:10258C00000002000000000000000000000000003D
:10259C004801002248010022500100225001002273
:1025AC005801002258010022600100226001002223
:1025BC0068010022680100227001002270010022D3
:1025CC007801002278010022800100228001002283
:1025DC008801002288010022900100229001002233
:1025EC009801002298010022A0010022A0010022E3
:1025FC00A8010022A8010022B0010022B001002293
:10260C00B8010022B8010022C0010022C001002242
:10261C00C8010022C8010022D0010022D0010022F2
:10262C00D8010022D8010022E0010022E0010022A2
:10263C00E8010022E8010022F0010022F001002252
:10264C00F8010022F8010022000200220002002200
:10265C0008020022080200221002002210020022AE
:10266C00180200221802002220020022200200225E
:10267C00280200222802002230020022300200220E
:10268C0038020022380200224002002240020022BE
:10269C00480200224802002250020022500200226E
:1026AC00580200225802002260020022600200221E
:1026BC0068020022680200227002002270020022CE
:1026CC00780200227802002280020022800200227E
:1026DC00880200228802002290020022900200222E
:1026EC009802002298020022A0020022A0020022DE
:1026FC00A8020022A8020022B0020022B00200228E
:10270C00B8020022B8020022C0020022C00200223D
:10271C00C8020022C8020022D0020022D0020022ED
:10272C00D8020022D8020022E0020022E00200229D
:10273C00E8020022E8020022F0020022F00200224D
:10274C00F8020022F80200220003002200030022FB
:10275C0008030022080300221003002210030022A9
:10276C001803002218030022200300222003002259
:10277C002803002228030022300300223003002209
:10278C0038030022380300224003002240030022B9
:10279C004803002248030022500300225003002269
:1027AC005803002258030022600300226003002219
:1027BC0068030022680300227003002270030022C9
:1027CC007803002278030022800300228003002279
:1027DC008803002288030022900300229003002229
:1027EC009803002298030022A0030022A0030022D9
:1027FC00A8030022A8030022B0030022B003002289
:10280C00B8030022B8030022C0030022C003002238
:10281C00C8030022C8030022D0030022D0030022E8
:10282C00D8030022D8030022E0030022E003002298
:10283C00E8030022E8030022F0030022F003002248
:10284C00F8030022F80300220004002200040022F6
:10285C0008040022080400221004002210040022A4
:10286C001804002218040022200400222004002254
:10287C002804002228040022300400223004002204
:10288C0038040022380400224004002240040022B4
:10289C004804002248040022500400225004002264
:1028AC005804002258040022600400226004002214
:1028BC0068040022680400227004002270040022C4
:1028CC007804002278040022800400228004002274
:1028DC008804002288040022900400229004002224
:1028EC009804002298040022A0040022A0040022D4
:1028FC00A8040022A8040022B0040022B004002284
:10290C00B8040022B8040022C0040022C004002233
:10291C00C8040022C8040022D0040022D0040022E3
:10292C00D8040022D8040022E0040022E004002293
:10293C00E8040022E8040022F0040022F004002243
:10294C00F8040022F80400220005002200050022F1
:10295C00080500220805002210050022100500229F
:10296C00180500221805002220050022200500224F
:10297C0028050022280500223005002230050022FF
:10298C0038050022380500224005002240050022AF
:10299C0043000000000000000000000000000000E8
:1029AC00000000000000000000000000000000001B
:1029BC0043000000000000000000000000000000C8
:1029CC0000000000000000000000000000000000FB
:1029DC0043000000000000000000000000000000A8
:1029EC0000000000000000000000000000000000DB
:1029FC004300000000000000000000000000000088
:102A0C0000000000000000000000000000000000BA
:102A1C004300000000000000000000000000000067
:102A2C00000000000000000000000000000000009A
:102A3C004300000000000000000000000000000047
:102A4C00000000000000000000000000000000007A
:102A5C004300000000000000000000000000000027
:102A6C00000000000000000000000000000000005A
:102A7C007DA100025596000200000000E8B600029D
:102A8C00E0AE0002F0AC0002F0AC0002F0AC0002D0
:102A9C00F0AC0002F0AC0002F0AC0002F0AC0002B2
:102AAC00F0AC0002F0AC0002FFFFFFFFFFFFFFFFE6
:102ABC00FFFFFFFFFFFF00000100415343494900A6
:102ACC0000000000000000000000000000000000FA
:102ADC000000000000000000000041534349490081
:102AEC0000000000000000000000000000000000DA
:0C2AFC00000000000000000000000000CE
:102B08000348044B834202D0034B03B11847704774
:102B1800BC060022BC06002200000000064B074944
:102B2800C91A891048BF0131491003D0044B0BB1B1
:102B380001481847704700BFBC060022BC060022A7
:102B48000000000010B5064C237843B9FFF7D8FF02
:102B5800044B13B10448AFF300800123237010BD68
:102B6800F01600220000000028F1C90208B5054B44
:102B78001BB105490548AFF30080BDE80840FFF7E1
:102B8800CDBF00BF00000000F416002228F1C902E2
:102B980070B500F01BFAEFF3118C002383F3128851
:102BA800064E0130D6E9004541F10001021941EB1A
:102BB8000503C6E900238CF3118870BD10170022A5
:102BC800704700BF2DE9F84FEFF31187002383F317
:102BD800128800F0FFF9274D04462B7E0E46ABB154
:102BE80000F0ECF9E8B9D5E90023101946EB030128
:102BF800D5E90223904271EB0303ACBFC5E902019A
:102C0800D5E9020187F31188BDE8F88F03F0FF08C2
:102C1800EFF3108972B600F0D1F980B989F3108802
:102C2800E1E700F0D7F980460E4600F0CFF9441CE2
:102C380041F1000314EB080446EB0306D3E700F068
:102C4800CFF900F0C3F9EFF3118488F31288D5E9BE
:102C580000AB013041F1000110EB0A0241EB0B031C
:102C6800C5E9002384F3118800F0B4F904460E4640
:102C7800D4E700BF1017002270B500F0A7F900F0E4
:102C880097F9264A264B90428CBF002201225A7699
:102C98005A7E07EE900A002A3AD0F8EE675A9FED5E
:102CA800215AC5EE257AF5EEC07A9FED1F6AFEEE31
:102CB800006AF1EE10FAB6EE007A67EE867A27FE21
:102CC800267A77EE877AFDEEE77A184AC3ED047A1A
:102CD800A2FB002080095861EFF31186002383F3DB
:102CE8001288134C2360FFF76DFF0546BFF34F8F23
:102CF800BFF36F8F00BFBFF34F8FBFF36F8FFFF727
:102D080061FF2368401BC01A206086F3118870BDDC
:102D1800B8EE675ADFED035AC3E700BF3F420F0022
:102D2800101700220024744900008047D34D621018
:102D38000C17002270B5EFF31186002282F3128877
:102D48000A4D287600F0A4F8044600F049F986F305
:102D58001188FFF791FF00220023C5E90023C5E988
:102D68000223FFF72DFF204670BD00BF1017002279
:102D78000120FFF7DFBF00BF08B5034A00235269EF
:102D880002F0E8F808BD00BF101700223D4B1B6B8E
:102D98009B065CD5D0B53C4BD3F8C02C002A57DB3A
:102DA800394AD2F8003E13F0FE0F00D1D0BDD2F858
:102DB800801C8E0709D50226344CC2F8806CD4E9F1
:102DC80000673046791CC4E9000113F0FC0FEDD010
:102DD8002D4AD2F8801C0C0709D508262B4CC2F8BE
:102DE800806CD4E902673046791CC4E90201DAB282
:102DF800052ADBD92449D1F8800C800635D4062A67
:102E0800D4D0214AD2F8C01C49060BD540211F4C0A
:102E1800C2F8801CD4E9060110F5803641F100079C
:102E2800C4E9066713F0F80FC0D0174BD3F8C02CCD
:102E38001206BBD58022154CC3F8802CD4E9082390
:102E480012F5803043F10001C4E90801D0BD704794
:102E58004FF00042C3F8802CFFF79AFE0A4AD2F8D6
:102E6800003E13F0FE0FA1D0A1E72020074CC1F8C7
:102E7800800CD4E904673046791C062AC4E90401A9
:102E8800BFD1D0BD00ED00E0003000E030170022D7
:102E9800454BD3F8000E10F4804072D0F0B4EFF335
:102EA800108072B64FF00042D3F8041E21F00101E1
:102EB800C3F8041EC3F8202CC3F8602CD3F8041EF2
:102EC80041F00401C3F8041EC3F8802CD3F8042E83
:102ED80042F00202C3F8042ED3F8002E12F0FE0FBF
:102EE800D1B21CD0032408251E26022712F0FC0F9D
:102EF800C3F80054C3F80464C3F8804CC3F8407C9A
:102F0800C3F8004C0BD00C241327C3F80874C3F87B
:102F18000C64C3F8804CC3F8405CC3F8004C052926
:102F280010D91E250326204B3024C3F81064C3F89B
:102F3800145420250629C3F8804CC3F8405CC3F814
:102F4800004C1FD14FF000410025184C164AD4F808
:102F5800FC3043F0987343F48033C4F8FC30C2F873
:102F6800401CC2F8001CD2F8043EA4F55D4443F0AE
:102F78000103C2F8043E256080F310880120F0BCEC
:102F880070477047402112F0F80FC3F8801CC3F84F
:102F9800401CC3F8001CD5D08022C3F8802CC3F88D
:102FA800402CC3F8002CCDE7003000E000ED00E035
:102FB800014B1868704700BF98180022024BD3F8DD
:102FC800C00CC00F704700BF003000E04FF0FF306A
:102FD80000217047014B0021D86F7047003000E096
:102FE8004FF00042014BC3F8802C7047003000E0DE
:102FF800022801D80020704708B502F0C5FB092255
:1030080003461A604FF0FF3008BD00BF022808B51C
:103018009CBF4FF400534B6002F0B6FB09220346F5
:103028001A60002008BD00BF022801D8012070479F
:1030380008B502F0A9FB092203461A60002008BD62
:1030480008B502F0A1FB092203461A604FF0FF30D1
:1030580008BD00BF2DE9F04F83B0934600914AB3F5
:103068004FF00009234E244F35683C68DFF88CA0E8
:10307800A54204D100BF3C683568AC42FAD0AC42E6
:103088000AEB04011AD305F18008A8EB0408D84517
:1030980028BFD846C4F180020098019202F082FB52
:1030A800019A904517D24444802C20D03C60C144FA
:1030B800CB45DDD8584603B0BDE8F08FA5EB040832
:1030C800D84528BFD84600984246A5EB080502F027
:1030D80069FB3560EBE7009B08499818A4F180026A
:1030E8004244019202F05EFB019A1444DEE7002498
:1030F8003C60DCE7581700225C17002260170022AA
:103108000A4B101E10B41C680CDD0139626A01EB11
:10311800000C11F8013F1371626A936C9B00FCD597
:103128006145F6D15DF8044B704700BF10B000024E
:10313800034A044B10681B68C01A18BF0120704767
:103148005C1700225817002238B580220021074852
:1031580002F074FA0023064D064C074A2B602360E0
:10316800D2E90001BDE8384000F026BB6017002214
:103178005C1700225817002210B000020379042BB4
:1031880000D0704710B4114A114C136880687F2B27
:1031980003F10101E05410D00E4B11601A689142FE
:1031A80002D05DF8044B70477F2901F1010200D17C
:1031B80000221A605DF8044B70470020054B106030
:1031C80019680029EDD10122F3E700BF5817002242
:1031D800601700225C17002280B50E460746154688
:1031E8001C4672B61A4802F0D7F91A4802F0D4F908
:1031F800384602F0D1F93146174802F06DF9174800
:1032080002F0CAF9284602F0C7F9154802F0C4F9D5
:10321800144802F0C1F9204602F0BEF9124B1C68AE
:1032280001224FF48571204600F09AFE4FF47A711E
:10323800C82001F0FFFB00224FF48571204600F002
:103248008FFE4FF47A71C82001F0F4FBE8E700BF65
:1032580074AA000294AA00029CAA0002ACAA000266
:1032680090AA0002B8AA000204B0000238B572B6EB
:10327800524802F091F9524BDA6A002AC0F299805A
:10328800DB6A59005DD4EFF308844E4802F084F9F4
:1032980021684D4802F020F961684C4802F01CF999
:1032A800A1684B4802F018F9E1684A4802F014F99D
:1032B8002169494802F010F96169484802F00CF99F
:1032C800A169474802F008F93D4DE169454802F017
:1032D80003F9454802F060F9A96A444802F0FCF88D
:1032E8006968434802F0F8F8E96A424802F0F4F8DD
:1032F800414802F051F9EFF30581404802F0ECF83B
:10330800AB6A9A0151D42E4B9B6ADB0149D42C4BF2
:103318009B6ADD022ED42A4B9B6A1C0326D4284BB9
:103328009B6A58031ED4264B9B6A990316D4244BD8
:103338009B6ADA030ED4224B9B6ADB0505D400BED8
:1033480038BD2F4802F028F99DE72E4802F024F9ED
:1033580000BE38BD2C4802F01FF9ECE72B4802F0FC
:103368001BF9E4E72A4802F017F9DCE7294802F0DC
:1033780013F9D4E7284802F00FF92146274802F04C
:10338800ABF8EFF30A81264802F0A6F8EFF30981BB
:10339800244802F0A1F8EFF30B81234802F09CF8CF
:1033A800B9E7224802F0F8F8B1E7214802F0F4F84A
:1033B800A9E7204802F0F0F865E700BFC4AA0002B8
:1033C80000ED00E044AB000268AB000278AB0002FD
:1033D80088AB000298AB0002A8AB0002B8AB0002B1
:1033E800C8AB0002D8AB0002E8AB00020CAC00028C
:1033F80020AC000234AC000248AC00026CAC000205
:1034080014AB0002B4AD00028CAD00026CAD00023A
:1034180050AD000230AD0002C0AC0002E0AC0002CA
:10342800F4AC000208AD00021CAD00029CAC000226
:103438007CAC0002F4AA000230B583B0FFF784FE2A
:103448000020FFF777FC2C4802F0A6F82B4C2A4DF9
:1034580002E0284602F0A0F82146022001F0EAFA2C
:10346800FFF766FE0028F4D0254802F095F8FFF72C
:10347800A9FB04460D46BFF34F8FBFF36F8F07F0CC
:103488006FF8BFF34F8FBFF36F8FFFF79BFB0346B8
:103498001C4A1B1B126861EB05051B489C1A65EB4F
:1034A800E27502F079F8194802F016F8184802F0A7
:1034B80073F822462B46CDE900451649164802F016
:1034C8000BF8164B1C6801224FF48571204600F05A
:1034D80047FD4FF47A714FF4FA7001F0ABFA00220D
:1034E8004FF48571204600F03BFD4FF47A714FF49C
:1034F800FA7001F09FFAE6E7DCAD000240420F00E7
:1035080004AE00020C17002298A7000228AE0002A1
:1035180044AE00026CAE000278AE000204B00002B5
:10352800022800D070470249024800F025BF00BFBA
:1035380050B00002E017002208B5FFF77DFF002019
:1035480008BD00BF03460020C3E90612704700BF4C
:10355800844610B4406A836823F440138360DCF81F
:103568002440A36C5800FCD5A36823F01003A36083
:10357800DCF82440237FC3F30010DB06FAD4CCE93F
:103588000412A36843F01013A3605DF8044B70475E
:1035980084460020CCE90B32CCF82810704700BFD5
:1035A8004FF0FF330020C1E9003370478B07844692
:1035B8001DD5426A936823F440139360426A936C62
:1035C8005800FCD5936823F010039360DCF82400BE
:1035D800037FC3F30012DB06FAD41046CCF814209C
:1035E800CB0703D500231846CCF81C3070470620BB
:1035F800F6E700BF0346002210B4DC6910460C60F1
:10360800DA615DF8044B704706207047F8B5394B0E
:1036180042689A426BD10446426A936823F4401385
:103628009360426A936823F010039360426A137FA1
:10363800C3F30015DB06FAD40121236A2E4A93F955
:103648000730580903F01F03203001FA03F342F84A
:103658002030BFF34F8FBFF36F8F236A93F9093080
:10366800580903F01F0301FA03F3203042F8203011
:10367800BFF34F8FBFF36F8F606A836823F4803383
:103688008360236A93F90530580903F01F0301FA90
:1036980003F3203042F82030BFF34F8FBFF36F8F12
:1036A800236A93F90B30580903F01F0301FA03F357
:1036B800203042F82030BFF34F8FBFF36F8FEFF306
:1036C800108681F310884FF00043276A0B4A97F859
:1036D80000C0506823FA0CF30343536053681E205C
:1036E80001F0A8F986F3108865602846F8BD072020
:1036F800F8BD00BF4249435300E100E000302040DC
:103708000620704700222DE9F0410D46416A044623
:103718008B6823F4401623F4441323F011038B60C1
:10372800036A0261DF6982607B7C3BB9636A2A684D
:1037380000201A61636A9E60BDE8F0811C4B93F813
:10374800543003F00F03072B2BD8DFE803F00404F1
:103758000427241B1E214FF0010808FA03F8144B14
:1037680093F8550000F00F0001F000F9B0FBF8F0F5
:10377800104A7B7C126802FB03F3B3FBF0F30133BE
:10378800A360D3E74FF00308E9E74FF00508E6E741
:103798004FF00A08E3E74FF00808E0E74FF00608A3
:1037A800DDE74FF01008083B08FA03F8D7E700BF39
:1037B80000E0014098180022F8B500274FF0010EEC
:1037C8000B78016203F5800303F556531B0207705B
:1037D80043624B690D4683628B690446C0E90B73EB
:1037E8008378CE696EF3010383704B78DFF880C36A
:1037F800BB4214BF72460222837862F301038370CE
:1038080091F90B308A7A580903F01F0120300EFA1B
:1038180001F14CF82010BFF34F8FBFF36F8FCA49E7
:1038280003F5C65051F820E067F3104E41F820E048
:1038380051F82010BB42C0F27A811201D2B29C44E6
:103848008CF800230127C149DFF824E341F823401D
:1038580095F905302A79580903F01F0C203007FA2A
:103868000CF74EF82070BFF34F8FBFF36F8FB64839
:1038780003F5C65750F827C02CF4803C40F827C001
:1038880050F827001201002BD2B2C0F27F810EEB54
:10389800030080F80023012741F8234095F90730F9
:1038A800DFF8CCE2580903F01F0C203007FA0CF7B8
:1038B800AA794EF82070BFF34F8FBFF36F8FA248DD
:1038C80003F5C65750F827C02CF4803C40F827C0B1
:1038D80050F827001201002BD2B2C0F251810EEB32
:1038E800030080F80023012741F8234095F90930A7
:1038F800DFF87CE2580903F01F0C203007FA0CF7B8
:103908002A7A4EF82070BFF34F8FBFF36F8F8E481F
:1039180003F5C65C50F82C7027F4803740F82C70FB
:1039280050F82C001201002BD2B2C0F223810EEB0A
:10393800030080F8002341F82340EFF310870121AA
:1039480081F310884FF000402A78814BD0405A68A4
:1039580022EA00025A605B681E2001F06BF887F3C8
:1039680010884FF48062636A9A606B78E978EA6934
:103978001B02890301F4804103F440730B4311785F
:103988005068090601F040710B435178C90389B2A8
:103998000B43517B490501F400110B43616A43F461
:1039A80080534B611378991E012940F2C780036840
:1039B800616A0B61117BAB7801F0030141F03001C2
:1039C80033B1022B14BF4FF440734FF48073194383
:1039D800937800201B0703F080530B43616ACB6088
:1039E8000123616A886129788B40C3F3090313B105
:1039F800636A584959620021937BD07B127C00F09E
:103A08001F0003F0010343EA002302F01F02606A6B
:103A180043EA02430363C4E90411C4E90611236AB3
:103A2800DD69A1606B7C002B40F0B6807189636A08
:103A3800494AA1819A66226A434B92F9051001F519
:103A4800C65253F8220020F4803043F8220053F87D
:103A58002220BFF35F8F01204A09920001F01F0165
:103A680002F1604202F5614200FA01F1C2F88011E8
:103A78001160226A92F90B1001F5C65253F82250D0
:103A880025F4803543F8225053F82220BFF35F8F86
:103A98004A09920001F01F0102F1604200FA01F1A7
:103AA80002F56142C2F880111160226A92F907108A
:103AB80001F5C65253F8225025F4803543F82250B8
:103AC80053F82220BFF35F8F4A09920001F01F01CB
:103AD80002F1604200FA01F102F56142C2F8801178
:103AE8001160226A92F9092002F5C65153F8215053
:103AF80025F4803543F8215053F82130BFF35F8F08
:103B080053099B0002F01F0203F16043904003F544
:103B18006143C3F880011860104A636A9A60626A58
:103B2800137FDB07FCD50E4B00206360F8BD0D4901
:103B3800120103F00F00D2B20A5483E60A49022B9D
:103B48000A4B18BF0B4633E7006000407818002284
:103B58000030204000001F1F1000079D11040100C5
:103B68004249435314ED00E004FF00FF24FF00FF27
:103B780000E100E0204803F00F0738440276DAE657
:103B88001D4803F00F0738440276ACE61A4803F0E4
:103B98000F07384402767EE6184B93F8543003F04A
:103BA8000F03072B24D8DFE803F0040404211F19AE
:103BB8001B1D01279F40114B93F8550000F00F0083
:103BC80000F0D4FEB0FBF7F00D4B1A686B7C02FBDB
:103BD80003F3B3FBF0F30133A36027E70327EAE716
:103BE8000527E8E70A27E6E70827E4E70627E2E7E4
:103BF8001027083B9F40DEE7FCEC00E000E00140B6
:103C08009818002270B584B0EFF30383103B324A52
:103C18005BB203F5C65152F8210020F4803042F817
:103C2800210052F821202D4A52F82340236A1B69AB
:103C3800002B2FD063690BB104B070BD636A9D6817
:103C4800A06825F4801545F4001500283AD1002213
:103C58009D60A36A2261002BEED0E56A6E46002DB6
:103C68002ED095E80F0086E80F0000228023216AF5
:103C780028460978AA6029602B71236BEB60A36A38
:103C88009847E46A002CD7D096E80F0084E80F0024
:103C980004B070BD6269636A002AD0D0A278216935
:103CA80002F00302022A11D00A781A71A278D4E924
:103CB800041302F003029B1A1144C4E90413BAE77F
:103CC8003546D2E700F0B0FE636AC0E70A8822F4FE
:103CD800DC4292B25A60E9E700600040781800229E
:103CE800F0B587B0EFF30383103B354A5BB203F5B9
:103CF800C65152F8210020F4803042F8210052F8D1
:103D08002120304A52F82340A27802F00303022B04
:103D1800636A0CBF1D681D78E3690CBFC5F308050D
:103D2800EDB20195E3B9A36AC3B1E66A02AF002E0A
:103D380041D096E80F0087E80F000423226A304636
:103D48001278B56032603371236BF360A36A9847C9
:103D5800E46A1CB197E80F0084E80F0007B0F0BDD3
:103D680002F0030201A9A06901F01CFDD4E90613C1
:103D7800A27802F0030211449B1AC4E90613002B2F
:103D8800ECD1A36A002BE9D0E56A02AFADB195E8A2
:103D98000F0087E80F0000220123216A28460978CE
:103DA800AA6029602B71236BEB60A36A9847E46AC9
:103DB800002CCFD1D2E73E46BFE73D46EBE700BF38
:103DC8000060004078180022F0B585B0EFF3038357
:103DD8001A4A103B5CB252F824506A6A936823F47A
:103DE800401323F010039360AB6AC3B1EE6A6F46C9
:103DF80016B396E80F0087E80F0000220223296A0D
:103E080030460978B260316033712B6BF360AB6A6E
:103E18009847ED6A1DB197E80F0085E80F00084A3A
:103E280004F5C65352F8231021F4803142F82310C8
:103E380052F8233005B0F0BD3E46DEE77818002280
:103E4800006000402DE9F04184B0EFF303832A4A73
:103E5800103B5CB252F82450AB78696A03F0030354
:103E6800022B0CBF0E680E788A6C08BFC6F30806D2
:103E7800C2F30073C2F300604FEA031343EA40132E
:103E8800C2F3C06243EAC20018BFF6B2DA0684463B
:103E980004D58B6C1B0458BF40F0400C8B6E43F06C
:103EA800C8538B66AB6ABBB1EF6AE84617B397E8AD
:103EB8000F0088E80F002B6A38461B78BE603B600D
:103EC80087F804C02B6BFB60AB6A9847ED6A1DB19D
:103ED80098E80F0085E80F00084A04F5C65352F821
:103EE800231021F4803142F8231052F8233004B013
:103EF800BDE8F0814746DEE7781800220060004000
:103F08000022034610461A60704700BF10B40B0A1F
:103F1800064C1B0153FA81F154F821300020C3F3F9
:103F280040035DF8044B1370704700BF0008404021
:103F3800090A490101F1804101F580014B6800201F
:103F480013807047090A490123EA020C01F18041F4
:103F58001A4001F5800142EA0C4200208A6070474D
:103F6800002001238242CAB203FA02F39AB24FEA4E
:103F7800034308BF1A460B0A5B0103F1804303F5AC
:103F880080039A60704700BF10B4090A490101F123
:103F9800804101F580010C6802EA030C4CEA040C2C
:103FA80062EA030202EA0C020A6000205DF8044B90
:103FB800704700BF090A490101F1804101F58001FC
:103FC8004B680020C3F30F4313807047012310B4DC
:103FD8004FEA112C4FEA4C1C0CF1804C0CF5800C6C
:103FE800DCF80440C9B28B4099B203EA14435B1A67
:103FF800B3FA83F35B0900205DF8044B1370704734
:10400800090A490123EA020C01F180411A4001F52D
:10401800800142EA0C420020CA60704701200B0A66
:104028005B0103F1804303F58003C9B28840D96876
:10403800012A4FEA004C13BF814321EA0C010143D6
:1040480041EA0C010020D960704700BF2DE9F84310
:1040580080460088002800F08E80002440F2024646
:10406800964D974F05E0B8F800000134A04240F2A1
:104078008280D8F804104FEAC40901EBC4039A8877
:10408800B24241D040F203418A421DD040F204417D
:104098008A42E8D11B6803F0B853B3F1807F95F8E2
:1040A8004C3C52D05B0700F1E58097F84430DB09BF
:1040B800D9D097F84430012123F08003C82087F82D
:1040C800443000F0B7FCCEE71B6803F0B853B3F1F7
:1040D800807F95F84C3C67D0990700F1B480784B05
:1040E80093F84230DB09BED0754A012192F842307C
:1040F800C82023F0800382F8423000F09BFCD8F8F7
:1041080004304B449A88C1E751F8343003F0B8536F
:10411800B3F1807F95F84C3C2FD0DB0700F1B780D6
:10412800674B93F84030DB099FD0654A012192F82C
:104138004030C82023F0800382F8403000F07AFC39
:10414800D8F804304B449A889CE75A076ED597F8FC
:104158004430DB0987D197F84430C82043F0800306
:10416800012187F8443000F065FCB8F800000134FC
:10417800A0423FF67EAFBDE8F883DA0741D597F84D
:104188004030DB097FF471AF4D4A012192F840308D
:10419800C82043F0800382F8403000F04BFCD8F888
:1041A80004304B449A886DE7980714D597F8423045
:1041B800DB097FF458AF424A012192F84230C82007
:1041C80043F0800382F8423000F034FCD8F8043021
:1041D8004B449A885AE7012000F0DCFC95F84C3CE7
:1041E800012043F0020385F84C3C00F0A3FC344B5B
:1041F80093F84230DB09DED0D8F804304B449A8873
:1042080044E7012000F0C6FC012095F84C3C03432C
:1042180085F84C3C00F08EFC294B93F84030DB09C4
:10422800B2D0D8F804304B449A882BE7012000F02C
:10423800B1FC95F84C3C012043F0040385F84C3C54
:1042480000F078FC83E7012000F0A4FC95F84C3CD2
:10425800012003F0FD0385F84C3C00F06BFC184B83
:1042680093F84230DB097FF43FAFD8F804304B4471
:104278009A880BE7012000F08DFC95F84C3C012052
:1042880003F0FB0385F84C3C00F054FC0DE70120DB
:1042980000F080FC95F84C3C012003F0FE0385F803
:1042A8004C3C00F047FC064B93F84030DB097FF4A8
:1042B8003CAFD8F804304B449A88E3E600E001406C
:1042C8000020204070B50546FFF7C0FEEFF31082CE
:1042D800012383F31088254E33681BB940202449F5
:1042E8000B75087533680133336082F310882B88A7
:1042F8000022FBB11F4C6B6803EBC20053F832106D
:10430800838811F4803F4FEA132EDBB221F480300A
:1043180003EB0E1C21D054F82C30013223F48033E7
:1043280044F82C3044F82C0044F82C10298893B217
:104338009942E0D8EFF31082012383F310883368A1
:1043480013B13368013B336033681BB980200849D7
:104358000B75087582F3108870BD44F82C102988F5
:10436800013293B29942C6D8E4E700BF741800221C
:10437800000D40400008404008B5034B0360084664
:10438800FFF7A0FF002008BD54524F5008B508465B
:10439800FFF798FF002008BD70B5012686B001AB75
:1043A80003A80C4615460493ADF80C60ADF8081048
:1043B8000192FFF74BFEEFF3108186F310881D4B37
:1043C8001A681AB91C480275402202751A68013227
:1043D8001A6081F31088E9034FEA1422E4B219D471
:1043E800110116480A1940F82250EFF310820121F2
:1043F80081F31088196811B11968013919601B68AF
:104408001BB980200C490B75087582F310880020B1
:1044180006B070BD0948110104EB021250F8226081
:1044280026F4803640F8226025F4803640F8226071
:10443800D7E700BF74180022000D40400008404034
:104448001D4A92F82630928CDBB202F00F02A2F1DC
:10445800080103292BD8DFE801F020160C021749C0
:10446800174A51F82330A2FB03231B09154A13608E
:1044780070471249124A51F82330A2FB0323114A0C
:10448800DB08136070470D490D4A51F82330A2FB31
:1044980003230C4A9B08136070470849084A51F8DF
:1044A8002330A2FB0323074A5B08136070470349C4
:1044B80051F82330D340D9E700E00140C01600226C
:1044C800ABAAAAAA98180022704700BF4AF2035163
:1044D800F8B5594B594AB3F8FA43A3F8FA13536895
:1044E8000746D903A4B21AD5544B00255A6892033B
:1044F80029D50026504A524992F8753092F86D2015
:1045080003F00F0302F00F0251F82330072A00F2DC
:104518008E80DFE802F0292929888A828486EFF3D1
:104528001086012585F31088536843F4803353605F
:1045380053681E20294600F07DFA86F310883F4B09
:104548005A689203D5D4EFF31086012181F31088BD
:104558005A6842F400325A605B681E2000F06AFA1A
:1045680086F310880226C5E7012101FA02F2B3FB9F
:10457800F2F30121334AA2FB03239B0C03FA01F057
:1045880000F058FA2C4A92F8753043F0400382F84C
:10459800753092F87530DB09FBD07B78264982F8B4
:1045A8006D303B7843F0400382F875303B7882F8F1
:1045B800753091F87530DB09FBD135B9BEB91E4BA2
:1045C80044F42544A3F8FA43F8BDEFF3108501211C
:1045D80081F31088194B5A6822F480325A605B685C
:1045E8001E2000F027FA85F31088002EE7D0EFF39D
:1045F8001085012181F31088104B5A6822F400328B
:104608005A605B681E2000F015FA85F310880A4B83
:1046180044F42544A3F8FA43F8BD0322A7E705228A
:10462800A5E70A22A3E70622A1E708229FE71021AF
:10463800083A01FA02F29AE700E00140003020400F
:10464800C016002283DE1B434AF203529FEDB24B91
:104658009FEDB35BB84BB948B94930B5C3E9080118
:10466800B84CB9499FEDB06B9FEDB17B9962A4F846
:10467800FA23A3EC045F83B083ED007FFFF7E0FE2D
:1046880009230A2284F8502A84F8A23094F8003CBE
:1046980023B994F8013C980700F03681A94C94F8A6
:1046A800003C002B00F025810022A64B83F8012C4A
:1046B80083F8002C0023A34A82F8323092F83C3069
:1046C8001907FBD54FF6021540F24154002049F274
:1046D800025140F25143C2F8C850A2F84E4082F845
:1046E8004A00C2F8AC10A2F84C30BFF34F8FBFF3AA
:1046F8006F8F964B596921F400315961C3F8500204
:10470800BFF34F8FBFF36F8F91490B6823F440536A
:104718000B60BFF34F8FBFF36F8F0120137D01F143
:10472800C04160F3020313750B7DDA06FCD4884A96
:10473800136843F440531360BFF34F8FBFF36F8F79
:10474800A2F57342536913F4003311D1BFF34F8FAD
:10475800BFF36F8FC2F85032BFF34F8FBFF36F8F25
:10476800536943F400335361BFF34F8FBFF36F8F27
:104778000023744A82F82A3092F83C309B06FBD515
:104788000022744B1A701A781A781A785A68C82A4C
:1047980004D0714959605A68C82AFBD16D4B9A6890
:1047A800642A04D06D4999609A68642AFBD105226D
:1047B80048F68001634B6A481862998483F826207A
:1047C800FFF73EFE01211E2000F034F9614A5368CC
:1047D800C3F30903642B84BF01231370FFF730FE72
:1047E8004AF201525F4B1A80BFF35F8F01221A729F
:1047F800BFF35F8F4FF42541524A198092F8DA309F
:1048080043F0400382F8DA3092F8DA30DB09FBD063
:10481800C923052082F8D40082F8DA3092F8DA3019
:10482800484903F0BF0382F8DA3091F8DA30DB093F
:10483800FBD1012381F8533091F87430414A43F099
:10484800400381F8743092F87430DB09FBD00620FD
:10485800482108233B4C82F86C0082F8741082F8D7
:10486800743094F87430DB09FBD13F4B01A81B88E6
:10487800ADF80430FFF72AFE94F85530314A43F07A
:10488800400384F8553092F85530DB09FBD0C82036
:1048980082F8543082F8550092F85530294903F0CF
:1048A800BF0382F8553091F85530DB09FBD191F8F8
:1048B8005730244A43F0400381F8573092F8573074
:1048C800DB09FBD0C723002082F8560082F8573056
:1048D80092F857301B4903F0BF0382F8573091F81C
:1048E8005730DB09FBD14FF42543A1F8FA3303B065
:1048F80030BD0121C82084F8001C00F09BF894F812
:10490800003C012BFBD1CFE64FF47A70FFF7DCFDBA
:10491800D0E600BFAFF30080006CDC0200127A0022
:104928000080000000366E01008000000046C323AE
:1049380000CA9A3B00C2EB0BC0160022001C4E0EA8
:104948000084D71700E001405543DE1300ED00E076
:1049580000E001E000C01340C800001E640000E150
:10496800989A899800200040BCB50002014B53F882
:1049780020007047C016002238B50025284C0121B8
:10498800C82084F8285000F055F884F8245094F88A
:104998002430002BFBD194F82430214943F0020342
:1049A80084F8243091F82430C3F340009B07F9D4ED
:1049B8001B4A81F8220092F8223003F0FF00002BF6
:1049C800F9D192F84030164960F3C71382F84030A5
:1049D80091F84030DB09FBD191F84200104A63F3AB
:1049E800C71081F8420092F84230DB09FBD192F8F7
:1049F80044000B4963F3C71082F8440091F844302F
:104A0800C3F3C014DB09F9D1012000F0C3F8054B4A
:104A1800012083F84C4CBDE8384000F08BB800BF4B
:104A28000020204000E00140A0F101000028FBD157
:104A3800704700BF1E4B1F4A1B6800FB01F19342E1
:104A480013D302F1854202F5071203F5742302F627
:104A5800834203F23F23A2FB03239B0CA3FB0131F8
:104A68004FF0FF30E1B1FFF7DFBF4FF47A7210B4B7
:104A7800114C4FF0FF30B4FBF3F3A1FB02C434B97F
:104A8800BCFBF3F080B15DF8044BFFF7CDBFB1FB81
:104A9800F3F1A1FB0212002AF5D1084620B1F2E792
:104AA8001846002BDFD170475DF8044B704700BFF4
:104AB8009818002200127A0000CA9A3BF8B5002420
:104AC80001260D4B0D4FD3F80021D3F82051154086
:104AD80006FA04F32B4204D057F82430E0B203B1AD
:104AE80098470134152CF3D1034AC2F81051D2F873
:104AF80020312B42FBD1F8BD00C000402018002215
:104B08000A4B1A8812B10A49C1F800235A8812B10F
:104B18000749C1F804239A8812B10549C1F8082346
:104B2800DB8813B1024AC2F80C33704724B3000281
:104B380000C00040EFF31081012383F31088124B6B
:104B480033F8102092B22AB133F81020013A92B209
:104B580023F8102033F810309BB293B910B40B4AE5
:104B68000B4CB2F8FA3334F810009BB243F42543E7
:104B780023EA0003A2F8FA3381F310885DF8044BA6
:104B8800704781F3108870478818002200E00140C0
:104B9800C0B5000230B4EFF31081012383F310880D
:104BA8000E4A32F810309BB26BB90D4C0D4DB4F86B
:104BB800FA3335F810C09BB243EA0C0343F425439B
:104BC8009BB2A4F8FA3332F8103001339BB222F8C2
:104BD800103081F3108830BC704700BF881800225D
:104BE80000E00140C0B5000208B509490A68831809
:104BF800B3F5805F03D807480B60104408BD00F088
:104C0800C3FD0C2203461A604FF0FF3008BD00BFF9
:104C180094180022C006002200BE704708B500F0B4
:104C280037F8FEF789FCFEE7F8B5174F05463E68EA
:104C3800A6B17C6806EB460604EB860602E00C3457
:104C4800A6420BD0637AAB42F9D1D4E90002002125
:104C5800121A0C3400F0F2FCA642F3D1BE6896B1E9
:104C6800FC6804EB061602E01034A6420BD0637B06
:104C7800AB42F9D1D4E90002A168121A103400F04D
:104C880091FDA642F3D1F8BD8CB3000200000000EC
:104C9800A44BA54A2DE9F0415A61BFF34F8FBFF3EA
:104CA8006F8F1B6803F47002B2F5801F00F0138148
:104CB80013F4600F00F0FB809C4A136823F0040390
:104CC8001360BFF34F8FBFF36F8F4FF47002984B91
:104CD800944C0020C4F88820A360FEF721FC00252E
:104CE800FFF7B2FC4AF202514FF42542914B0120E2
:104CF800A3F8FA1383F8B05AA3F8FA23FEF710FCC6
:104D08008D4B83F30A88894B1A68920704D5A268E9
:104D1800B2F1007F00F0E38000240020FFF784FF59
:104D2800FFF78EFBFFF728FE0320FFF733FF834BC7
:104D380003201C869C861C879C87A3F84040A3F808
:104D48004440A3F84840A3F84C40A3F85040A3F8C7
:104D58005440A3F85840A3F85C40A3F86040A3F877
:104D68006440FFF7E7FE0320FFF714FF744B6D4D17
:104D78005C6003209C60DC601C61FFF7DBFE714F08
:104D8800D5F8C0303E6923F0FF0343F04403C5F86B
:104D9800C0301EB32346D7F814C00CEBC4025268C7
:104DA8005CF83410203A22F01F02500921F01F014C
:104DB8002030B0EB511F03F1010E41F0010842F021
:104DC80001026DD93E695FFA8EF3B342C5F8984087
:104DD800C5F89C801C46C5F8A020DED3BFF35F8FC2
:104DE80005235049C1F894304B6A43F480334B6231
:104DF800BFF34F8FBFF36F8F4B6913F4803328D104
:104E0800C1F88430BFF34F8F43F6E076D1F8805075
:104E1800C5F34E346401C5F3C90505F1010E2B46EF
:104E28004EF001E004EA060040EA8372C1F860220D
:104E3800013B0FF007C8203C14F1200FEDD1BFF360
:104E48004F8F4B6943F480334B61BFF34F8FBFF3F0
:104E58006F8F0220FEF764FB0120FFF7E5FEBFF32A
:104E68004F8FBFF36F8F00242E4BC3F85042BFF310
:104E78004F8FBFF36F8F344A344B15469B1AA342AA
:104E88004FEAA30605DD55F8043B01349847A642CE
:104E9800F9DCFFF735FEBDE8F041002000F058B816
:104EA8005FFA8EF3B3421C46FFF477AF96E71F4ACA
:104EB800136843F004031360BFF34F8FBFF36F8F82
:104EC8004FF0E022936843F480339360BFF34F8F31
:104ED800BFF36F8FF9E619077FF4EEAEE8E601211C
:104EE8001A695869C2F3C302093201FA02F30026AB
:104EF8000027DB0843F005C0E5E802670FF005C0AE
:104F0800C0F3C303093301FA03F34FF00052DB087F
:104F180043F007C0AFF30080E2E802670FF005C076
:104F2800FAE600BF00ED00E001020E0000E001E03B
:104F38000000000200E0014080000020000D404019
:104F4800004020408CB3000244B8000250B8000270
:104F5800704700BF7BB972B90029BEBF00204FF06F
:104F6800004106E008BF00281CBF6FF000414FF069
:104F7800FF3000F0BFB9ADF1080C6DE904CE00298F
:104F880009DB002B1ADB00F035F8DDF804E0DDE979
:104F9800022304B07047404261EB4101002B1BDB48
:104FA80000F028F8DDF804E0DDE9022304B040420F
:104FB80061EB4101524263EB43037047524263EB9A
:104FC800430300F017F8DDF804E0DDE9022304B03C
:104FD800404261EB41017047524263EB430300F0EA
:104FE80009F8DDF804E0DDE9022304B0524263EB7E
:104FF800430370472DE9F04F099D0E4604460F46BE
:10500800002B47D18A429446B2FA82F35AD943B167
:1050180002FA03FCC3F120029F409C4020FA02F2EE
:1050280017434FEA1C461FFA8CFE220CB7FBF6F119
:1050380006FB117701FB0EF042EA0742904208D9BD
:105048001CEB020201F1FF3702D2904200F23C81D0
:105058003946121AA4B2B2FBF6F006FB102200FB86
:105068000EFE44EA0244A64508D91CEB040400F1EC
:10507800FF3202D2A64500F22A81104640EA0140DA
:10508800A4EB0E0400211DB1DC400023C5E9004358
:10509800BDE8F08F8B4205D90DB1C5E900010021AB
:1050A8000846F5E7B3FA83F100294FD1B342C0F0BF
:1050B8000281824240F2FF800846002DE8D0C5E90F
:1050C8000047E5E7002B40F0AF808A1A4FEA1C4EF4
:1050D8001FFA8CF70121B2FBFEF60EFB1620220CFC
:1050E80042EA004207FB06F090420FD91CEB02028D
:1050F80006F1FF382CBF4FF001094FF0000990422C
:1051080003D9B9F1000F00F0DC804646121AA4B2A8
:10511800B2FBFEF00EFB102200FB07F744EA024444
:10512800A7420FD91CEB040400F1FF322CBF4FF04B
:10513800010E4FF0000EA74203D9BEF1000F00F098
:10514800C9801046E41B40EA06409CE7C1F12004F0
:105158008B4006FA01FC00FA01FE22FA04F7E64049
:105168008A401F4320FA04F34FEA174843EA0C0326
:105178001FFA87FC4FEA1349B6FBF8F008FB1066E4
:1051880049EA064600FB0CF9B1450ED9BE1900F1F3
:10519800FF3A2CBF4FF0010B4FF0000BB14503D97C
:1051A800BBF1000F00F0A2805046A6EB09061FFADB
:1051B80083F9B6FBF8F308FB136603FB0CFC49EA1A
:1051C8000646B4450ED9BE1903F1FF382CBF4FF07F
:1051D80001094FF00009B44503D9B9F1000F00F0F7
:1051E8008280434643EA0040A6EB0C06A0FB028CF3
:1051F80066454346E14602D307D1C64505D2B8EB1A
:1052080002036CEB070C0138E1465DB1BEEB03020B
:1052180066EB090606FA04F422FA01F3CE401C43B1
:10522800C5E90046002133E702FA03FCC3F1200276
:1052380099409C40D6404FEA1C4E20FA02F21FFAD1
:105248008CF7B6FBFEF00A430EFB1066110C41EA20
:10525800064100FB07F68E420ED91CEB010100F156
:10526800FF382CBF4FF001094FF000098E4202D9D8
:10527800B9F1000F34D04046891B92B2B1FBFEF65B
:105288000EFB161142EA014206FB07F191420ED9C4
:105298001CEB020206F1FF382CBF4FF001094FF05A
:1052A8000009914202D9B9F1000F16D04646521AA8
:1052B80046EA00410FE7841A66EB0302012017460D
:1052C800FBE6023E624421E702396244C1E66444D7
:1052D8000238D3E66444023834E7023E6244E6E723
:1052E80002386144C8E7023B3E447BE702383E444B
:1052F8005BE700BF704700BF024A0349034800F05C
:10530800C9B800BF04000022FD7D00021800002279
:105318000C4B4168994210B5044601D002F06AFD71
:10532800A168094B994202D0204602F063FDE1686A
:10533800064B994204D02046BDE8104002F05ABD01
:1053480010BD00BF9C180022041900226C1900220D
:105358002DE9F843314A0025314C04233149DFF85F
:10536800D89004F15C00DFF8D4802F4F2F4E1160E5
:105378002946082225606566C4E90335C4E9015554
:10538800C4E9055500F05AF904F15800E662C4E989
:105398000749C4E9098700F0FDF9254B2946082289
:1053A80004F1C40063672567C4F8CC50C4F8805082
:1053B800C4E91A55C4E91E5500F040F904F1680320
:1053C80004F1C000C4F88430C4E92298C4E9247602
:1053D80000F0E0F9174B294604F596700822C4F846
:1053E800DC30C4F8D850C4F83451C4F8E850C4E9E3
:1053F8003455C4E9385500F021F904F1D00304F517
:105408009470C4F8F090C4F8FC60C4F8EC30C4E9B7
:105418003D87BDE8F84300F0BDB900BFD4190022AC
:105428009C18002201530002155600023D56000246
:105438000900010012000200B1550002D555000212
:1054480010B504460A4800F0A9F9636B23B9094B63
:10545800094A1B68626323B10548BDE8104000F0A3
:105468009FB9FFF775FF0248BDE8104000F098B9F2
:10547800E4190022D419002219530002014800F04F
:105488008DB900BFE4190022014800F089B900BFB6
:10549800E41900222DE9F8434FF000090746884631
:1054A8001646D6E90154013D0FD4A389012B08D92A
:1054B800B4F90E3021463846013302D0C04749EAD4
:1054C8000009013D68346B1CEFD13668002EE8D125
:1054D8004846BDE8F88300BF0FB4084900B583B05B
:1054E800086804AB816853F8042B019300F01CFE94
:1054F80003B05DF804EB04B0704700BF1000002251
:1055080030B5054689B008460C4600F0C1F9214B74
:1055180001220494069304AB811807920193022296
:105528006B6BAC680590CDE90221002B2ED0626E22
:10553800B4F90C30D20701D4980521D5990406D4C2
:10554800626E43F4005322F40052A3816266284637
:1055580001AA214602F074FD636E00280CBF0A25DB
:105568004FF0FF35DA0702D4A3899B0502D52846F8
:1055780009B030BDA06D00F013F9284609B030BD60
:10558800A06D00F00BF9B4F90C30D7E72846FFF707
:1055980057FFCCE710AB0002024B01461868FFF733
:1055A800AFBF00BF1000002210B50C46B1F90E10B5
:1055B80000F0BEF8002803DB236D0344236510BD0B
:1055C800A38923F48053A38110BD00BF2DE9F041C6
:1055D8000C46B1F90C101F460546CB0516460BD4F0
:1055E80021F480513B4632462846A181B4F90E1079
:1055F800BDE8F04100F0B2B8B4F90E100223002261
:1056080000F080F8B4F90C10EAE700BF10B50C46BA
:10561800B1F90E1000F076F8421CB4F90C3004D041
:1056280043F480532065A38110BD23F48053A381E4
:1056380010BD00BFB1F90E1000F052B870B5860762
:1056480047D0541E002A3ED0CAB2034601E0013CAE
:1056580039D303F8012B9D07F9D1032C2CD9CDB2EE
:105668000F2C05EB052505EB054535D9A4F1100CE4
:1056780003F1100E1A462CF00F064FEA1C1CB64414
:10568800C2E90055C2E9025510327245F8D10CF151
:10569800010214F00C0F04F00F0C03EB021213D0EC
:1056A800ACF1040323F003030433134442F8045B0E
:1056B8009342FBD10CF003042CB1C9B21C4403F88B
:1056C800011BA342FBD170BD64461346002CF4D1E4
:1056D800F9E703461446C0E71A46A446E0E700BFC8
:1056E80038B50022064D044608462A60FDF780FCBE
:1056F800431C00D038BD2B68002BFBD0236038BD7D
:10570800D819002238B50C4684461146074D1A466A
:105718000023204664462B60FDF792FC431C00D012
:1057280038BD2B68002BFBD0236038BDD819002268
:1057380038B50C4684461146074D1A4600232046C4
:1057480064462B60FDF786FC431C00D038BD2B68EF
:10575800002BFBD0236038BDD819002238B50C4681
:1057680084461146074D1A460023204664462B609E
:10577800FDF7C6FC431C00D038BD2B68002BFBD0BE
:10578800236038BDD8190022014B1868704700BF44
:1057980010000022704700BF704700BF704700BF6D
:1057A800704700BF844641EA000313F0030349D160
:1057B800403A23D30B6803604B6843608B6883606F
:1057C800CB68C3600B6903614B6943618B69836173
:1057D800CB69C3610B6A03624B6A43628B6A83625B
:1057E800CB6AC3620B6B03634B6B43638B6B836343
:1057F800CB6BC36340304031403ADBD230320BD3FD
:105808000B6803604B6843608B688360CB68C36038
:1058180010301031103AF3D20C3205D351F8043B52
:1058280040F8043B043AF9D2043208D0D2071CBF2E
:1058380011F8013B00F8013B01D30B880380604657
:10584800704700BF082A13D38B07B1D010F00303A9
:10585800AED0C3F10403D21ADB071CBF11F8013B19
:1058680000F8013BA4D331F8023B20F8023B9FE744
:10587800043AD9D3013A11F8013B00F8013BF9D2B7
:105888000B7803704B7843708B7883706046704751
:1058980020F0030110F00300C0F1000051F8043BB0
:1058A80000F1040C4FEACC0C6FF000021CBF22FA86
:1058B8000CF213434FF0010C4CEA0C2C4CEA0C4C44
:1058C800A3EB0C0222EA030212EACC1204BF51F83D
:1058D800043B0430F4D0C2F1000102EA0102B2FA3A
:1058E80082F2C2F11F0200EBD2007047024B13B1E3
:1058F800024800F005B870470000000081860002E9
:10590800002301461A46184602F062BF2DE9F84303
:105918000646DFF8AC800820894602F0C1FE05463D
:10592800304600F0F5FBD8F808305F6827F0030729
:10593800A7F11104A4EB09042C44B4FBF5F4013CD1
:1059480005FB04F4A54208DC0021304602F082FE83
:10595800D8F808303B44984205D0304600F0DEFBCA
:105968000020BDE8F8836142304602F073FE013042
:105978000FD03F1B104AD8F80830304647F00107CF
:105988005F6013681B1B136000F0C8FB0120BDE8B3
:10599800F8830021304602F05DFED8F80820831A0B
:1059A8000F2BDADD43F0010303495360034B1B68F7
:1059B800C01A0860D1E700BFEC1900223C010022A0
:1059C8004801002200297CD02DE9F0410C46804690
:1059D80000F09EFB764F54F8043CA4F10805BE681D
:1059E80023F0010168184268864222F0030200F0A1
:1059F8008380DE0700EB020C426033D454F8084C75
:105A0800DCF8043007F1080C2D1B214403F00103D6
:105A1800AC68644564D0D5F80CE0C4F80CE0CEF866
:105A28000840002B00F0818041F001036B600160A9
:105A3800B1F5007F22D2CB080122490901338A40FF
:105A480079680A4357F833107A6007EBC302083ABB
:105A5800C5E9021247F83350CD604046BDE8F04131
:105A680000F05CBBDCF80430DB072BD541F0010308
:105A7800B1F5007F44F8043C0160DCD3B1F5206F38
:105A88004FEA512353D28B0903F1390003F138024D
:105A9800C300F818FB580838984203D161E09B68A6
:105AA800984204D05A6822F003028A42F7D8D8688C
:105AB800C5E9023085604046DD60BDE8F04100F090
:105AC8002DBB7047114407F1080C836863453FD02C
:105AD800C268DA60936041F001036B606950A7E720
:105AE800002B5FD10A44D0E90213CB60996042F0E1
:105AF80001036B60AA50B0E7DB070A4407D454F8E7
:105B0800083CED1A1A44D5E90213CB60996042F0BB
:105B180001036B60274BBD601B6893429DD8264BE1
:105B280040461968FFF7F2FE97E71144CDE7142BBA
:105B380008D9542B1DD80B0B03F16F0003F16E022B
:105B4800C300A6E703F15C0003F15B02C300A0E712
:105B580041F00103C7E90455C5E902CC6B606950FF
:105B68007BE70121921001FA02F279680A437A6010
:105B78009EE7B3F5AA7F06D8CB0B03F1780003F1B3
:105B88007702C30085E740F25452934206D88B0C43
:105B980003F17D0003F17C02C3007AE74FF47E73C2
:105BA8007E2276E741F001036B60016055E700BF94
:105BB80048010022400100221C1A002201F10B03B7
:105BC800162B2DE9F04F074683B023D8102900F291
:105BD800AF8000F09DFA102518230220BC4E3344F4
:105BE8005C68A3F10802944200F08081636838463B
:105BF80023F00303D4E902122344CA6091605A686F
:105C0800083442F001025A6000F088FA204603B0D6
:105C1800BDE8F08F002B23F00705C0F28980A94268
:105C280000F2868000F074FAB5F5FC7FC0F0B4810C
:105C38006B0A00F08180042B00F27E81AB0903F12E
:105C4800390003F1380EC300A14E3344A3F1080C08
:105C58005C68A44507D10DE0002AE16880F2328132
:105C68008C450C4606D0636823F003035A1B0F2AA1
:105C7800F2DD7046DFF870823469444500F0E78051
:105C8800636823F0030CACEB05030F2B00F394813E
:105C9800002BC6E9048880F28381BCF5007FD6F822
:105CA80004E080F029814FEADC0301224FEA5C1C02
:105CB800013302FA0CF256F833104EEA020E06EBE4
:105CC800C302083AC6F804E0C4E9021246F83340B1
:105CD800CC6083104FF0010C0CFA03FCF44531D86A
:105CE8001CEA0E0F07D120F003004FEA4C0C0430D9
:105CF8001CEA0E0FF9D006EBC00A8146D646DEF83C
:105D08000C300BE05A681C46DB6822F00302511B7A
:105D18000F2900F31D81002980F231819E45F1D1C0
:105D280009F101090EF1080E19F0030FE7D167E137
:105D38000C233B60002469E74FF4007340204FF0C8
:105D48003F0E81E7B468636823F00309A9EB0503F4
:105D58000F2B02DDA94580F0A4805E4B08201B684C
:105D680003F1100804EB0903009302F099FC5A4A66
:105D7800A84483461368013305D008F1FF3843422D
:105D8800804403EA08084146384602F063FCB0F153
:105D9800FF3F8246504A79D0009B83425AD9B44289
:105DA80074D14E4B0BF1FF3C186800EB080EC3F89A
:105DB80000E01168013100F07381009AAAEB020239
:105DC80072441A601AF00702CDE9002300F04281FC
:105DD800C2F10802384692445A44D04408EA0C01F9
:105DE800521A02EA0C0B594602F034FC421C019B81
:105DF80000F06E81A0EB0A0000EB0B08196848F070
:105E08000102B442C6F808A05944CAF8042019602F
:105E180032D0B9F10F0F40F20C816068A9F10C0281
:105E28004FF0050C22F0070200F0010010430F2A82
:105E3800606004EB0200C0E901CC1DD904F108013F
:105E480038460093FFF7BEFD009B196814E0D6F8AA
:105E580004E03EE7214B0BF1FF3C196841448E46B4
:105E68001960A6D1009810EA0C0FA2D109EB08031B
:105E7800B26843F001035360194B1A688A4238BF6D
:105E88001960184B1A688A4238BF1960B46862688A
:105E980022F00302531B0F2B40F3CE80954200F2F1
:105EA800CB80621945F0010543F00103083444F83A
:105EB800045C3846B260536000F030F9204603B005
:105EC800BDE8F08FA26823443846D1608A6096E620
:105ED800480100221C1A00223C010022EC19002271
:105EE800181A0022141A002250010022DC68A3426A
:105EF8007FF47CAE0230BDE6BCF5206F4FEA5C2231
:105F08006CD3142A00F2B98002F15C035B32DB0027
:105F1800F118F3580839994203D191E09B689942E6
:105F280004D05A6822F003026245F7D8D968C4E958
:105F380002318C60DC60CCE6142B56D9542B00F26D
:105F4800A5802B0B03F16F0003F16E0EC3007BE6F7
:105F5800D4F808C03846671945F001056560CCF8E3
:105F68000C30C3F808C041F00103C6E90477C7E95B
:105F780002887B60A150083400F0D0F846E622443D
:105F88003846516841F00101516054F8082FD36038
:105F98009A6000F0C3F839E6E80805F108031DE641
:105FA800A44438460834DCF8043043F00103CCF844
:105FB800043000F0B3F829E6621943F0010145F016
:105FC800010538466560C6E90422C2E902885160C5
:105FD80044F80C30083400F0A1F817E64FEA9C1298
:105FE80002F139033832DB0092E703F15C0003F178
:105FF8005B0EC30028E65AF80839534540F08580FF
:1060080010F0030F00F1FF30F5D1736823EA0C0399
:1060180073604FEA4C0C0CF1FF329A4204D391E6BC
:106028004FEA4C0C09F104091CEA030FF8D0484662
:1060380061E60123CAF80430384600F06FF879E6C3
:1060480092104FF0010C0CFA02F24EEA020EC6F85A
:1060580004E06CE70AEB0802384602EA0C02ABEBF4
:10606800020B0BEA0C0B594602F0F4FA431C019B95
:106078007FF4C0AEDDF800B0C0E6542A13D84FEA6A
:106088001C3202F16F036E32DB0041E7B3F5AA7FE1
:1060980013D8EB0B03F1780003F1770EC300D3E5B7
:1060A800C2F800A08EE6B2F5AA7F19D84FEADC3212
:1060B80002F178037732DB002AE740F25452934228
:1060C80019D8AB0C03F17D0003F17C0EC300BBE5CE
:1060D800009A4FF0000B083A9044A8EB0A088DE6A6
:1060E80040F254539A420CD84FEA9C4202F17D0385
:1060F8007C32DB000CE74FF47E737F204FF07E0E7E
:10610800A2E54FF47E737E2202E7736881E700BF41
:106118000148FFF743BB00BFDC1900220148FFF725
:106128003FBB00BFDC1900222DE9F04F2DED048B99
:10613800D3B017461C46824605910DF188090B938A
:1061480002F084FA036818461393FFF7A1FB0822AC
:10615800129000214846FFF771FABAF1000F04D0F7
:10616800DAF83430002B01F06E80059B5A6EB3F9D3
:106178000C30D50702D4980540F1BE86990407D49F
:10618800059943F400534A6E8B8122F400524A6603
:106198001A0740F1D280059A1269002A00F0CD80D2
:1061A80003F01A020A2A00F0D7800023B8469E4658
:1061B800CDE9273329ABCDF85CE0CDF858E09B4614
:1061C8002693CDF860E0CDF81CE0CDF840E09FEDD7
:1061D800948BCDE914EE4546934BD3F8E44002F096
:1061E8002FFA2A4603461EA95046CDF80090A0472C
:1061F8000028034600F0D180C0F2C7801E9A252AE5
:1062080001D01D44E8E7B5EB0806044640F0C98014
:1062180000234FF0FF3205F1010819468DF86F3061
:1062280009936B780692039108F10108A3F1200203
:106238005A2A00F2FB80DFE812F0C202F900F900E6
:10624800BB02F900F900F9006B00F900F9007702C8
:106258009302F9008202A002F90099025B005B0038
:106268005B005B005B005B005B005B005B00F900B0
:10627800F900F900F900F900F900F9007C01F900CA
:10628800FD013B037C017C017C01F900F900F90068
:10629800F9003403F900F900D902F900F900F9000E
:1062A8001B02F9002103F900F9003907F900F90088
:1062B800F900F900F900F900F900F9007C01F9008A
:1062C800FD014F027C017C017C0189024F02F6012D
:1062D800F9005503F900710336075F03F601F90069
:1062E8001B027D005F07F900F9006307F9007D00D4
:1062F800A3F130020023194601EB810118F8013B94
:1063080002EB4101A3F13002092AF5D909918DE781
:10631800504602F09BF9436818461893FFF7B8FAFD
:1063280016900446504602F091F983681493002CA5
:1063380040F0D28598F8003076E7059D504629460A
:1063480001F0FEFF002841F08083B5F90C3003F01E
:106358001A020A2A7FF429AF0599B1F90E20002AFA
:10636800FFF623AF4A6ED60702D49D0541F1778127
:1063780023463A460599504601F0B4FC0790079821
:1063880053B0BDEC048BBDE8F08F082200214846CD
:10639800FFF754F901231D441EE7B5EB0806044630
:1063A80011D0289B33442893279B0133072B27932D
:1063B800CBE9008611DC0BF1080B079B33440793EC
:1063C800002C7FF425AF289B002B41F0268100226A
:1063D800059B2792B3F90C3012E026AA059950467E
:1063E80001F0FCFC48B90DF1A40BE6E7DA460A9B7C
:1063F8001BB10A995046FFF7E5FA059BB3F90C3033
:10640800059A526ED00740F104815A0601F129839A
:10641800079853B0BDEC048BBDE8F08FAFF3008054
:106428000000000000000000500500220D93002B22
:10643800C9D0002139AA8DF8E43001238DF86F10F6
:1064480004930C920A91069108931191CDE90E11CB
:10645800039B13F0020302D0049A023204920398B9
:10646800289A10F0840505D10998049C041B002C77
:1064780000F3948081B1012101320DF16F00CBF856
:106488000410279928920131CBF800000729279199
:1064980000F3CB830BF1080B7BB1279B1CA90232BD
:1064A8000133CBF8001002212892072B2793CBF851
:1064B800041000F3C8830BF1080B802D00F09182C3
:1064C800069B08995C1A002C00F3C782039BDC0525
:1064D80000F132820C9BCBF80030089B1A44CBF8B1
:1064E8000430279B28920133072B279300F3488316
:1064F8000BF1080B039B5C0705D5099B04995C1AF3
:10650800002C00F3AC83079B099904988142ACBF27
:106518005B181B180793002A40F0F3820023279387
:106528000A9B1BB10A995046FFF74CFA0DF1A40BD0
:1065380051E60D930B9B073323F00703B3EC028B53
:106548009FEDA57BB0EEC86B0B93B4EE476BF1EEF5
:1065580010FA40F30185B5EEC08BF1EE10FA01F1A7
:1065680083819DF86F10039B00209D4A23F08003D0
:106578000A9003939B4B0D9C0690472CD8BF1A4654
:10658800032311900C9204930893CDE90E0000297F
:106598003FF45EAF049B0133049359E7102C27990D
:1065A800914E26DDDC461027C3461993A846059D63
:1065B80002E0103C102C18DD013110320729CCE91B
:1065C8000067CDE927120CF1080CF2DD26AA29464E
:1065D800504601F003FC0DF1A40C00287FF407AF2E
:1065E800103C102CDDE92712E6DC4546199BD846FD
:1065F800E34601312244CBF800600729CBF8044078
:10660800CDE9271200F30E860BF1080B9DF86F10E9
:1066180030E799053FF5F9AE059CA06DFFF7C0F886
:10662800B4F90C30F1E6039B43F02003039398F888
:106638000030F9E50B9A432B0D9302F1040400F0A6
:10664800A185039BD80600F19D850B9B39AE1B687D
:106658008DF8E4300123049308930021CDE90B461B
:106668008DF86F100A9106911191CDE90E11EFE6A0
:106678000B9E0D9300238DF86F3056F8043B0C9356
:10668800002B00F06E850D9B532B00F0F585039BC6
:1066980013F010030E9340F0EF85069B002BC0F219
:1066A800CB871A460E990C9802F008F80A90002831
:1066B80001F058820A9B0C9A9DF86F109A1A0E9B4B
:1066C8000B96089222EAE2720693049273221193BF
:1066D8000D920F930A935AE70D93039B990640F185
:1066E800F0800B9B073323F007031A46596852F8CA
:1066F800083B0B920A460029C0F225840699002916
:10670800C0F2E882039921F08001039140F0E2820F
:1067180053EA020114BF0121002140F0DB8252AB91
:10672800069108910C939BE00B9B53F8042B002ACD
:10673800099280F2EE83099A0B9352420992039BC5
:1067480043F00403039398F800306DE598F800309F
:10675800682B00F0E684039A42F04002039263E556
:106768002B238DF86F3098F800305DE5039B43F0DC
:106778008003039398F8003056E5404610F8013B33
:106788002A2B01F08582A3F13002092A01F23E8109
:10679800002101EB810110F8013B02EB4101A3F15B
:1067A8003002092AF5D941EAE172804606923DE5B0
:1067B800039B43F00103039398F8003034E59DF8F8
:1067C8006F2098F80030002A7FF42EAD20228DF833
:1067D8006F2029E5AFF30080FFFFFFFFFFFFEF7F8A
:1067E800A0AE00029CAE0002DCB500020D93039B34
:1067F80043F010030393039B13F0200200F0DE82A2
:106808000B9B073323F0070319465A6851F8083BD6
:106818000B91039921F4806700210020069C8DF8D4
:106828006F00002CC0F24C8127F08000039053EADF
:10683800020040F04481201E18BF0120002C40F0C7
:106848003E81002940F0418217F001030691089328
:1068580000F0638230238DF847310DF247130C9313
:10686800069A002308989DF86F1082420A931193A4
:10687800B8BF0246CDE90E33049288E60D93039B18
:1068880043F0100717F0200200F0A9820B9B0121AA
:10689800073323F0070318465A6850F8083B0B9053
:1068A800BBE7039B43F00803039398F80030BBE46D
:1068B8000D93039B43F010030393039B99063FF545
:1068C80010AF0B9A52F8043B0B92039AD20600F1D0
:1068D8003583039A570640F12D8343F3C0321BB228
:1068E800114608E798F800306C2B00F03084039AC2
:1068F80042F01002039297E4039B78200B9A43F02E
:10690800020747F63003A449ADF8703052F8043B4B
:10691800179102210B9200220D907EE7039B9C06A3
:1069280040F1A4830B9B079A1B681A60D2175A6020
:106938000B9B04330B934EE40D9B652B40F3328184
:10694800B5EE408BF1EE10FA40F0E480279B01325F
:10695800924901332892CBF800100121072B279385
:10696800CBF8041000F374840BF1080B1D9B1099ED
:106978008B4280F2C982129B13991A44CBE9001307
:10698800279B28920133072B279300F3D4830BF11D
:10699800080B109B5C1E002C7FF7ACAD102C279BBE
:1069A8007F4E40F3C0841025059F03E0103C102C57
:1069B80040F3B98401331032072BCBE90065CDE9E8
:1069C80027320BF1080BF1DD26AA3946504601F0B3
:1069D80005FA00287FF40BAD0DF1A40BDDE9273291
:1069E800E4E7099B04995C1A002C7FF769AD102C29
:1069F800279B6B4E1EDD1025059F02E0103C102CD6
:106A080018DD01331032072BCBE90065CDE92732B9
:106A18000BF1080BF2DD26AA3946504601F0DEF9E3
:106A280000287FF4E4AC103C0DF1A40B102CDDE938
:106A38002732E6DC01332244CBF80060072BCBF881
:106A48000440CDE9273200F35F83069B0BF1080B66
:106A580008995C1A002C7FF739AD102C279B504EF3
:106A68001FDD1027059D02E0103C102C19DD0133B5
:106A780010324B49072BCBE90017CDE927320BF130
:106A8800080BF1DD26AA294650460DF1A40B01F0AA
:106A9800A5F900287FF4ABAC103C102CDDE92732B7
:106AA800E5DC01332244CBF80060072BCBF8044027
:106AB800CDE9273200F375810BF1080B06E5039F3A
:106AC800012900F00881022952A900F013810C461F
:106AD80003F00701DB08204643EA42733031D2084D
:106AE80004F8011D53EA0205F2D130290C9402D0B2
:106AF800FD0700F1CC8252AB0C9A03979B1A0893BE
:106B0800AEE626AA0599504601F068F900283FF438
:106B180005AD6CE41D99002900F37181279B0132B2
:106B28001E4801332892CBF800000120072B279339
:106B3800CBF8040000F3B6860BF1080B109B0B434F
:106B480000F0F586129B13981A44CBE90003279BA3
:106B580028920133072B279300F3DA860BF1080BF1
:106B68000029C0F283870C990133CBF80010072B5A
:106B780010990A44CBF80410CDE927327FF7B8AC56
:106B880026AA0599504601F029F900287FF42FAC70
:106B9800289A0DF1A40BADE4ACAE0002DCAE000205
:106BA800CCB5000210990132279B0BF1080001298E
:106BB80003F1010340F3B4800C99072BCBF80010C4
:106BC8004FF00101CDE92732CBF8041000F31E8302
:106BD80012990133139C0A44072BC0E90041CDE9FF
:106BE800273200F307830830B5EE408B10994D1E0D
:106BF800F1EE10FA00F0B08001330C992A44456098
:106C08000131072B0160CDE9273200F39980083064
:106C1800159901330A444160072B20A9CDE9273291
:106C28000160ADDC00F1080B64E426AA0599504622
:106C3800199301F0D3F800287FF4D9AB289A0DF105
:106C4800A40B199B28E426AA0599504601F0C6F81A
:106C580000287FF4CCAB289A0DF1A40B2DE4102C5E
:106C6800279BB24E1EDD1025059F02E0103C102C1C
:106C780018DD01331032072BCBE90065CDE9273247
:106C88000BF1080BF2DD26AA3946504601F0A6F8AA
:106C980000287FF4ACAB103C0DF1A40B102CDDE9FF
:106CA8002732E6DC01332244072BCBE90064CDE927
:106CB80027327FF728AC26AA0599504601F08EF8AE
:106CC80000287FF494AB289A1DE452AB06900890F4
:106CD8000C93C5E5039F0A2B72F1000180F02F8306
:106CE800303303978DF84731012308930DF247138A
:106CF8000C93B5E5179C03F00F001B09205C43EAD1
:106D08000273120901F8010D53EA0200F3D152ABE4
:106D18000C9103975B1A0893A2E552AB0C939FE57D
:106D28000399CD073FF548AF0C99072BCBF8001016
:106D38004FF00101CDE92732CBF804107FF768AF97
:106D480026AA0599504601F049F800287FF44FAB70
:106D580029A8DDE927325BE7109901297FF758AFA9
:106D68001129734E40F350831024059F03E0103D12
:106D7800102D40F3498301331032072BC0E900641A
:106D8800CDE9273200F10800F1DD26AA3946504640
:106D980001F024F800287FF42AAB29A8DDE927327E
:106DA800E5E726AA0599504601F018F800287FF46F
:106DB8001EAB289A0DF1A40BFFF788BB0B9951F86D
:106DC800043B0B91039911F010017FF422AD039A53
:106DD80012F0400000F045839BB20A4619E50B9972
:106DE80051F8043B0B9117F0100140F09C8017F00C
:106DF800400000F093800A469BB201210DE50E9DEC
:106E0800109B9D42A8BF1D46002D0CDD0C9B2A44FB
:106E1800CBE90035279B28920133072B279300F3F2
:106E28006A850BF1080B0E9C002DA8BF641B002C73
:106E380000F3F4820C9B0E9F1F44039B5B0500F13B
:106E480077841D9C109B9C42C0F2B481039BDE0793
:106E580000F1B08110990C9B0C1B0B44DB1BA34267
:106E6800A8BF2346002B1D460DDD1A44CBF804307D
:106E7800279BCBF8007001332892072B279300F348
:106E88008D850BF1080B002DA8BF641B002C7FF724
:106E980031AB102C279B264E40F345821025059FC9
:106EA80003E0103C102C40F33E8201331032072BD4
:106EB800CBE90065CDE927320BF1080BF1DD26AAF5
:106EC8003946504600F08AFF00287FF490AA0DF159
:106ED800A40BDDE92732E4E7002B3FF42BAA149B2F
:106EE8001A7898F80030002A3FF49EA9039A42F4D1
:106EF80080620392FFF798B9059DA86DFEF74EFCD6
:106F0800B5F90C30FFF73AB9039BD8077FF5F2AA19
:106F180031E50B9398F80030FFF786B917F4007243
:106F280001D0DBB20246012177E400BFDCB50002E4
:106F3800CCB50002039A960500F16983DA17114669
:106F48000029BFF6DBAB5B42039F4FF02D004FF0EB
:106F5800010162EB420261E4B4EE488BF1EE10FAF3
:106F680080F112860D9B23F02004412C40F08A8288
:106F7800612B4FF030038DF8703014BF58237823FD
:106F88008DF87130069B632B00F37E8300230A93F0
:106F980039AB0C9318EE903A002B80F24085B1EE95
:106FA800480B2D2319931DA801F0D6FBB4EE007BE6
:106FB80020EE077BB5EE407BF1EE10FA01D10123FC
:106FC8001D93AA4AB3EE004B069BA9480D99013BB5
:106FD800612908BF10460C9A06E0B5EE407BF1EE39
:106FE80010FA00F0B3850B4627EE047B1546591EB0
:106FF800FDEEC76B16EE904AB8EEE65B045D37EE21
:10700800457B02F8014B5C1CE7D1B6EE005BB4EEA1
:10701800C57BF1EE10FA40F30D86C47B1346249528
:1070280012F8011C8C4209D1302503F8015C249B1D
:10703800591E249113F8011C8C42F6D0392900F00E
:1070480033860131C9B203F8011C1346039A0121A2
:1070580042F0020203920C9A9B1A0D9A10930F3277
:107068001D9BD2B20E93013B1D9368E2039BD80689
:1070780000F1C481039B590600F1C382039B9A0562
:1070880040F1BC810B9B079A1B681A7050E43023AF
:107098000C9A0238039702F8013C52AB0C901B1A69
:1070A8000893FFF7DDBB0D93FFF7A5BB0D93704B5E
:1070B8001793039B13F0200200F08B800B9B073380
:1070C80023F0070319465A6851F8083B0B9153EA15
:1070D80002010BD00399CE0708D541F002010391B4
:1070E8000D998DF8711030218DF87010039921F4E5
:1070F80080670221FFF791BB039F0D93FFF7C2BB87
:107108000D935A4B1793D4E726AA0599504600F0D9
:1071180065FE00287FF46BA9289A0DF1A40BFFF7F0
:10712800CFB9039B08F1010843F40073039398F85F
:107138000030FFF779B826AA0599504600F04EFEB0
:1071480000287FF454A9289A0DF1A40B21E4039B8D
:1071580008F1010843F02003039398F80030FFF783
:1071680063B8069A19460693062A0A93119328BF0C
:1071780006220B96CDE90E333E4B049208920C93EF
:10718800FFF705BA0822002124A839AEFEF756FAFF
:107198000B9A24AB50461268314602F0F9FF0346B9
:1071A8000890013300F05385089B23EAE3730493A6
:1071B800FFF753BA129B13991A44CBE90013279B84
:1071C80028920133072B279300F3C4830BF1080B94
:1071D80040E60B9951F8043B0B91039911F010010B
:1071E8007FF475AF039A12F0400000F043819BB220
:1071F8000A466CE726AA0599504600F0EFFD0028DC
:107208007FF4F5A829A8DDE92732EDE426AA059937
:10721800504600F0E3FD00287FF4E9A829A8DDE93D
:107228002732D5E426AA05995046199300F0D6FDD1
:1072380000287FF4DCA89DF86F100DF1A40B289AA4
:10724800199BFFF717B95046FEF7FAF8FEF78DBFFE
:1072580026AA0599504600F0C1FD00287FF4C7A86A
:10726800289A0DF1A40BFFF781BB00BFACAE00025A
:10727800C0AE0002D4AE000224AD0C9B082200214F
:1072880028461F93FEF7DAF9069F002FC0F24182C5
:107298000024049626460EE039A9504602F078FFED
:1072A800431C04F10404304400F02B84B84207DC8A
:1072B80000F0458406461F9A2B461259002AEBD146
:1072C8000896049E089B002B00F0FA82632B40F37B
:1072D800AC83591C5046FEF771FC0C90002800F056
:1072E800F0840C9B0A93082200212846FEF7A6F991
:1072F800089C1FAA0C9923465046009502F06EFF81
:10730800844240F0D88400230C99089A0B968B5439
:1073180022EAE2729DF86F10069304921193CDE968
:107328000E33FFF734B901332244CBF80060072B42
:10733800CBF80440CDE927327FF7DAA820E407F438
:10734800806100209E46CDF820A00DF5A47CB84EA3
:10735800052582460B46CDF82880CDE9037B07E05A
:10736800BEF10A0F72F1000238D3BE462246C44667
:107378001EEB02000AF1010A0CF1FF3840F100008F
:10738800A6FB001424F0030101EB94014FF0CC3468
:10739800401ABEEB000162F1000704FB01F406FB92
:1073A8000744A1FB06710C4407F001017F08A1FB0B
:1073B800051B47EAC4770918640830310CF8011C2A
:1073C800002BCDD0149909785145C9D1FF29C7D0D0
:1073D800BEF10A0F72F1000280F0CA82424652AB37
:1073E800CDF830809B1ACDF840A0DDF810B0DDF85C
:1073F80020A0DDF828800893FFF732BA0B9B079A84
:107408001B681A60FFF794BA01332A440660072BF9
:107418004560CDE927327FF7FAAB91E4102C279B22
:10742800844E40F3E1801025059F03E0103C102CAA
:1074380040F3DA8001331032072BCBE90065CDE940
:1074480027320BF1080BF1DD26AA3946504600F029
:10745800C5FC00287EF4CBAF0DF1A40BDDE9273283
:10746800E4E7039A12F400723FF4D3A9DBB20246B0
:10747800FFF7CFB9039A12F400723FF428AEDBB2DB
:10748800024624E6069B5D1C00F0FB80472C03D1D6
:10749800002B08BF01230693039B43F4807618EE64
:1074A800903A002BC0F26B83B0EE489B00231993EF
:1074B8000D9B652B00F06E8200F3DB81452B00F0FD
:1074C8006982462B40F0D981069D032124ABB0EE9A
:1074D800490B2A46504601931FAB00931DAB01F0A0
:1074E80057FA462C0C90284406D10C9B1B78302B5D
:1074F80000F066821D9B1844B5EE409BF1EE10FA31
:1075080000F08982249B834206D230215A1C24929F
:107518001970249B9842F9D81D9A0E920C9A472C00
:10752800A3EB0203109300F0C780462C00F05482AE
:107538000E9B013B00219DF834201D930A91002BDE
:107548008DF88020C0F2E8822B22092B8DF881204B
:1075580040F3C5820DF19706354F3446A7FB03214A
:107568001D462046013CC908632D01EB8102A3EBAF
:1075780042020B4602F1300200F8012CEEDC3033F7
:1075880004F8013C831EB34280F06D830DF1810243
:1075980013F8011BB34202F8011FF9D152AB181AB4
:1075A800A0F1AD031593109B159A012B1A4408926C
:1075B80040F3A282089B129A13440893039B089AEB
:1075C80023F4806322EAE27243F480730492039303
:1075D80000231193CDE90E33199B002B5FD19DF841
:1075E8006F100693FEF7D3BF01332244CBF8006037
:1075F800072BCBF80440CDE9273235DC0BF1080B1B
:1076080018E40B9B079A1B681A80FFF791B943F39C
:10761800C0125BB21146FFF76EB826AA059950460C
:1076280000F0DCFB00283EF4D2AEFEF7E6BE00BF59
:10763800CDCCCCCCCCB500020C98FEF729F973223E
:107648000E9B0D9220EAE0729DF86F100B96089041
:107658000693049211930F930A93FEF798BF886DCF
:10766800FEF79EF8FEF784BE26AA0599504600F05C
:10767800B5FB00287EF4BBAE289A0DF1A40BFFF7EA
:10768800D9BB0623069307E7591C5046FEF796FA1E
:107698000C90002800F0DB820C9B0A937AE42D21E1
:1076A80000238DF86F100693FEF774BF249B0C9A85
:1076B8009B1A10931D9B0E93069A0E9B9A4201DB10
:1076C800033305DA0D9B023B0D930E9B013B31E71B
:1076D800109B0E9A934200F3AD81039B13F0010FA8
:1076E8000E9B00F03182129A13440893039B5D05A8
:1076F80003D50E9B002B00F35F82089B23EAE373FC
:10770800049367230D93002303960A9311930F9311
:1077180062E700231FAA50460095194602F05EFD55
:1077280003460890013300F0EC810C9B1F93C9E5D8
:10773800119B002B03DC0F9B002B40F3B8821099A0
:107748000C9B9E4E0B445946D346DDF844A0CDF819
:107758004480DDF85080BAF1000F33DC0F9808F14F
:10776800FF3801380F901698189C0244C1E9004070
:107778002798289201300728279049DC0831DD1B1B
:1077880098F8000006938542A8BF0546002D0BDD3A
:1077980027982A440130289207282790C1E90075C4
:1077A80053DC083198F80000002DACBF441B044698
:1077B800002C0ADC07440F980028CCDCBAF1000F33
:1077C80040F329820AF1FF3ACDE7102C279840F3BD
:1077D8002E8208971025059FCDE90D6302E0103C25
:1077E800102C22DD013010320728C1E90065CDE9EF
:1077F800270201F10801F2DD26AA3946584600F0B1
:10780800EDFA00287EF4F2AD29A9DDE92702E6E7C2
:1078180026AA05995846069300F0E0FA00287EF457
:10782800E5AD289A29A9069BA9E7089FDDE90DC3BC
:1078380001302244C1F800C007284C60CDE9270276
:107848004ADC083198F80000B4E726AA059958469A
:10785800089300F0C3FA00287EF4C8AD98F8000039
:1078680029A9289A089B9FE72D218DF86F10FEF70C
:107878007ABE0D9B662B3FF427AE24ABB0EE490BC6
:10788800069A022101931FAB504600931DAB01F0ED
:107898007FF8039B0C90DF077FF508AF0C9B069AD7
:1078A800981829E626AA0599504600F097FA002864
:1078B8007EF49DAD1D990DF1A40B289AFFF73EB9F2
:1078C800089B9DF86F100B960493069311930A93E7
:1078D800CDE90E33FEF75BBE26AA059958460893F4
:1078E80000F07CFA00287EF481AD98F8000029A900
:1078F800289A089B5EE726AA0599504600F06EFA7A
:1079080000287EF474AD289A0DF1A40BFFF78BBA0A
:1079180026AA0599504600F061FA00287EF467AD62
:107928001D990DF1A40BDDE92732FFF719B9039B67
:10793800D9077EF5DFAD129B13991A44CBE90013E2
:10794800279B28920133072B2793E1DC0BF1080BC7
:10795800FFF709B926AA0599504600F03FFA002812
:107968007EF445AD1D9C0DF1A40B289AFFF772BA61
:107978000C93169B1899A8EB03081A46404600F08A
:107988002DFE14990C9B4A780AB1013114914FF0DD
:10799800000AEAE4069B02215D1C97E526AA0599E0
:1079A800504600F01BFA00287EF421AD1D9C0DF115
:1079B800A40B109B289A1C1BFFF765BACCB50002D4
:1079C800B5EE409BF1EE10FA40F049811D9B18443A
:1079D8000E930C9BC31A1093039B0E9903F001039B
:1079E800069A002943EA020340F34081002B40F045
:1079F800DB800E9B089366230D93039B5B0500F1C8
:107A0800DD80089B23EAE37304937CE6002280462A
:107A18000692FEF70BBC1D9A03460E927EE50023E4
:107A2800B0EE480B1993FFF7BEBA00230A9339AB9F
:107A38000C9358E4129A109B13441A4608930E9B11
:107A4800002B6EDD67230D93D7E7059B5B6EDB0785
:107A580007D4059B9B899F0503D4059B986DFDF76B
:107A68009FFE4FF0FF330793FEF7D2BC4C42103114
:107A7800994E1BDA102502E0103C102C16DD01335C
:107A88001032072BCBE90065CDE927320BF1080B43
:107A9800F2DD26AA0599504600F0A0F900287EF4E8
:107AA800A6AC0DF1A40BDDE92732E5E7013322444A
:107AB800CBF80060072BCBF80440CDE927327FF7DD
:107AC80045AF26AA0599504600F088F900287EF4AB
:107AD8008EAC0DF1A40BDDE92732FFF744B859BB92
:107AE80030228DF882200DF18302303302F8013BF9
:107AF80020ABD31A159356E5039BDE077FF55EADE1
:107B080058E5059B0022B3F90C300A9243F0400374
:107B1800059A9381FEF76BBC0E9B2D22C3F10103DE
:107B280013E5C3F101031A4413460892672223EAB6
:107B3800E3730D920493E6E50DF18202D5E7069B07
:107B4800049E0893FFF7BEBB0893CFE5002BFFF612
:107B58007CAA01333021134402F8011B9342FBD164
:107B6800FFF774BA069B73229DF86F100B96049367
:107B7800089306900D9211900F90FEF708BD2D23E3
:107B8800B1EE489B199393E418EE903A002B3EDB34
:107B98009DF86F10039B0020504A23F080030A9041
:107BA80003934F4BFEF7E7BC1346129A13440B445A
:107BB800089366230D9320E767230D9314990B7898
:107BC800FF2B00F0858000240E9A204603E0013048
:107BD8000131FF2B08D0934206DAD21A4B78002BDA
:107BE800F5D10B780134F4E714910F9011940E92AB
:107BF8000F9A119B16991344089A039601FB0323C5
:107C08000022089323EAE3730A920493E4E42D2103
:107C18008DF86F10BEE7DA46CDF85080069B8B468C
:107C2800DDF844809F4228BF1F46FFF70AB9DFF8F6
:107C3800A8C0FDE5B4EE457BF1EE10FA7FF405AA85
:107C480016EE903ADB077FF500AAFFF7E6B9059A2A
:107C5800B2F90C3043F040039381FEF7D1BBC5F174
:107C680001031D9347E4022315939CE42BB90123D8
:107C7800662204930D92089345E5129B66225D1CCB
:107C8800069B0D922B44089323EAE37304933AE589
:107C98000B9A98F80130804652F8041B41EAE171CA
:107CA8000B920691FEF7C0BA817AFFF7CCB90C9B0C
:107CB80010990B44B6E7059BB3F90C3043F0400329
:107CC80026E7059B0A90B3F90C3043F040031FE701
:107CD800002311930F938BE7CCB50002A8AE0002E6
:107CE800A4AE0002F0B51F468B89ADF26C4D154667
:107CF80023F00203064616A80C46ADF80C301AAB62
:107D0800009304934FF48063029305934B6E199389
:107D1800CB89ADF80E30CB6907934B6A09930023E2
:107D28000693FDF737FD2A463B4669463046FEF77F
:107D3800FBF9051E07DB6946304600F057F90028B5
:107D480018BF4FF0FF35BDF80C305B0603D5A3898B
:107D580043F04003A3811698FDF71EFD28460DF257
:107D68006C4DF0BD2DE9F84F4B6E90469C042DD517
:107D78009368126843B30D46064602F1080959E9AB
:107D8800022A5FEA9A0715D0A2F1040B002401E049
:107D9800A7420DD02A465BF8041F3046013400F094
:107DA8006DFB431CF4D10023C8E90133BDE8F88F0B
:107DB800D8F808302AF0030A09F10809A3EB0A03E6
:107DC800C8F80830002BDAD10020ECE700F038F9C9
:107DD8000023C8E90133BDE8F88F00BF10B49468E8
:107DE8001CB15DF8044BFFF7BDBF204654605DF839
:107DF800044B704770B500293FD006460C4610B1B9
:107E0800436B002B3CD0636EB4F90C20DD0732D4F1
:107E1800900538D52146304600F04CF8E36A05460F
:107E280033B1E169304698470028B8BF4FF0FF35B5
:107E3800A3891A0639D4216B41B104F14003994250
:107E480002D03046FDF7BEFD00232363616C21B1EB
:107E58003046FDF7B7FD00236364FDF70FFB636E43
:107E68000022DB07A2811CD5A06DFDF795FCFDF76C
:107E78000BFB284670BD002ACCD10025284670BDD2
:107E8800FDF7DEFABFE7A06DFDF788FCB4F90C300A
:107E9800002BBFD1636ED907EFD4A06DFDF780FC2E
:107EA800EBE7A06DFDF77CFCDEE721693046FDF7C6
:107EB80089FDC0E7B1F90C202DE9F04116070C4601
:107EC80080464ED4496842F400630029A38163DDEB
:107ED800A56A002D42D0002112F48052D8F8006023
:107EE800C8F80010E16964D101234046A847451C41
:107EF80002466DD0B4F90C30A56AE169580705D57A
:107F08006368D21A236B0BB1E36BD21A0023404685
:107F1800A847431C4FD1D8F80010B4F90C301D29DC
:107F280040D8314ACA40D7073CD523F40062DD0463
:107F3800A2814FF0000262602269226001D5002907
:107F480044D0216BC8F8006041B104F14003994264
:107F580002D04046FDF736FD002323630020BDE82C
:107F6800F0810E69002EF9D092070D680E600CBFE3
:107F78004B690023AD1B8B600BE02B463246E16951
:107F88004046676AB847B0F1000CA5EB0C0566449B
:107F980006DD002DF1DCE1E7E16B002998DCDDE787
:107FA800B4F90C3043F040034FF0FF30A381BDE833
:107FB800F081226DA2E7B4F90C300022626023F44C
:107FC8000062DB04A28122692260BAD52065B8E785
:107FD800D8F80030002B8DD01D2B01D0162BDFD107
:107FE800C8F80060BAE700BF0100402038B5054670
:107FF8000C4608B1436B03B3B4F90C0088B1636E47
:10800800DB0701D481050FD528462146FFF752FF2B
:10801800636E0546DA0702D4A3899B0508D528466E
:1080280038BD0546284638BDA06DFDF7B7FBEBE720
:10803800A06DFDF7B5FB284638BDFDF701FADBE773
:108048009368002B00F0F980B1F90CC01CF0080F00
:108058002DE9F04F904683B081460C4631D00B692C
:108068007BB31CF00207D8F8006038D00027D4F89A
:1080780024B0E169DFF8C4A23D4655452B463A468F
:10808800484628BF5346C5B1D847002840F3CB809F
:10809800D8F8083007442D1A1B1AC8F80830002BE6
:1080A80000F0B78055452B46D4F824B03A46E1692C
:1080B80028BF53464846002DE6D1D6E90075083654
:1080C800DBE72146484600F03BF9002840F0B08045
:1080D800B4F90CC0D8F800601CF00207C6D11CF037
:1080E800010A64D123685746A16818468B46002FB9
:1080F80059D01CF4007F00F0B680B9420A4600F25D
:10810800E2801CF4906F30D021695D1A636913EB2B
:10811800430348BF01334FEA630B6B1C3B445A4689
:108128005B4501D99B461A461CF4806F00F0EA8033
:1081380011464846FDF742FD002800F0F9802A461E
:1081480021690090FDF72EFBA289009B22F4906222
:1081580042F08002A2815819C4F814B0ABEB0505AF
:108168003A46BB462361A56020605146009200F064
:10817800B5F9A16823683D46009AA1EB0B010027D9
:108188001A44A1602260D8F80830AA445B1BC8F8DA
:108198000830002B3DD02368A168B4F90CC01846FC
:1081A8008B46002FA5D1D6E900A708369DE73846AB
:1081B800BB463D460097002D41D0002846D0009A86
:1081C800A168AA426369206828BF2A4603EB010A0E
:1081D8002169884202D9524500F38580934275DCB3
:1081E8005A46E1694846676AB847B0F1000A1ADD9D
:1081F800009BB3EB0A0300930FD00120D8F8083096
:10820800D344A5EB0A05A3EB0A03C8F80830002BF2
:10821800D1D1002003B0BDE8F08F21464846FFF7D2
:10822800E5FE0028EAD0B4F90C3043F04003A381FE
:108238004FF0FF3003B0BDE8F08F0020704775683D
:1082480033460836002DFAD0D3F800B02A460A2162
:10825800584600F033FA002867D00130A0EB0B0332
:108268001A460093ACE722699A4214D36269BA426B
:1082780011D86FF00043656AE1694846BB4228BFE0
:108288003B4693FBF2F302FB03F35246A847051E55
:10829800C9DD7F1B77E7B942184628BF39460D4626
:1082A80051462A4600F01AF9A1682368491B2B4455
:1082B800A16023600029ECD121464846FFF796FECD
:1082C8000028E6D0AFE7BB463A464EE7594601924A
:1082D80000F004F9019AA36892469B1AA3602368E8
:1082E8001344236084E75946524600F0F7F82368A0
:1082F8002146484653442360FFF778FE00283FF4A0
:1083080077AF90E7484601F07DFD034600287FF4EB
:1083180022AF21694846FDF755FBB4F90C300C2211
:1083280023F08003C9F800207FE76A1C009247E722
:108338000C22B4F90C30C9F8002076E700FCFF7F66
:1083480038B52F4B05460C461B6813B15A6B002AEB
:1083580045D0B4F90C30180716D52269F2B113F0DC
:10836800010107D0616900204942A060A1613AB1CA
:10837800002038BD980758BF6169A160002AF7D16D
:10838800190638D4104638BDD9062CD55A0712D448
:10839800226943F00803A381002AE0D103F4207185
:1083A800B1F5007FDBD02146284601F023FFB4F960
:1083B8000C302269D3E7216B51B104F1400291429C
:1083C80004D02846FDF7FEFAB4F90C3000222263E7
:1083D8000021226923F02403C4E90021D9E71846C3
:1083E800FDF72EF8B5E7092243F040032A60A38180
:1083F8004FF0FF3038BD43F04003A381F8E700BFDA
:108408001000002270B582B006460D46144600F0F2
:1084180017F9012802D16B1EFE2B26D904F15C0343
:108428002A4601A9304601F0B3FE431C20D078B19A
:10843800A3689DF80410013B002BA36004DAA2692D
:10844800934208DB0A2906D023685A1C2260197057
:10845800284602B070BD2246304601F039FF01308F
:10846800F6D14FF0FF3002B070BD8DF80450DFE751
:10847800A38943F04003A381F3E700BF30B5144656
:10848800526E054683B0D007B4F90C3001D49A0572
:108498001CD5980406D4626E43F4005342F400528B
:1084A800A381626622462846FFF7ACFF636E054645
:1084B800DA0702D4A3899B0502D5284603B030BD4C
:1084C800A06DFDF76DF9284603B030BDA06D019190
:1084D800FDF764F9B4F90C300199DAE788420ED94E
:1084E8008B1883420BD900EB020C002A6ED062462F
:1084F80013F801CD994202F801CDF9D170470F2A3E
:108508000FD8034602F1FF3C002A5FD00CF1010CA2
:10851800013B8C4411F8012B614503F8012FF9D177
:10852800704740EA01039B0751D1A2F1100301F102
:10853800200C70B523F00F0501F1100E00F11004A6
:108548001B09AC445EF8105C0EF1100E103444F8B0
:10855800205C5EF81C5C44F81C5C5EF8185C44F80F
:10856800185C5EF8145CE64544F8145CEAD1013303
:1085780012F00C0F02F00F0C01EB031100EB0313C8
:1085880029D0ACF1040C1C1F8E462CF003064FEAD0
:108598009C0C1E445EF8045B44F8045FB442F9D1B5
:1085A8000CF1010402F0030203EB840301EB8401E4
:1085B80002F1FF3C4AB10CF1010C013B8C4411F86B
:1085C800012B614503F8012FF9D170BD704702F105
:1085D800FF3C03469AE76246EAE700BF40EA010328
:1085E8009B0730B501D1032A17D8844601F1FF3E15
:1085F80007E01EF8011F541E03F8011B29B122468B
:108608009C466346002AF4D130BD002CFCD094442B
:1086180003F8011B6345FBD130BD0C468446256831
:1086280021460434A5F1013323EA050313F0803F02
:10863800DCD1043A4CF8045B032AF0D82146D5E78C
:10864800014B93F8280170475005002200487047F5
:108658004006002238B50022064D044608462A6026
:10866800FCF7C2FA431C00D038BD2B68002BFBD0A6
:10867800236038BDD819002238B5074D074C2C1B8C
:10868800A41005D0013C55F8043D9847002CF9D1B9
:10869800BDE8384003F0D0B854B8000250B8000222
:1086A800082802D14FF48050704708B5FDF76CF8E0
:1086B800162203464FF0FF301A6008BD5FFA81FCAE
:1086C800810744D00346511E22B909E09A0709D010
:1086D800013905D31846013302786245F6D170474F
:1086E80000207047184603290CD80029F8D0034603
:1086F800014401E08B42F3D0184613F8012B624580
:10870800F8D1704710B50CEB0C24024604EB044476
:1087180002E00439032915D9104652F8043B634096
:10872800A3F1013E2EEA030313F0803FF1D0034684
:10873800014401E08B4208D0184613F8012B62452A
:10874800F8D110BD10460029F1D1002010BD114606
:10875800C9E700BF0000000030B482B01A4C002105
:108768008DED000B019A016022F00043A3421FD84F
:10877800009C1C431CD0154C144054B96FF03501B3
:108788009FED0F7B20EE077B8DED007B019A22F099
:1087980000436FF31E521B15DDE90045A3F2FE33BB
:1087A80042F07F550B4445F400150360CDE90045C0
:1087B8009DED000B02B030BC704700BFAFF30080E6
:1087C8000000000000005043FFFFEF7F0000F07F33
:1087D8002DE9F8431C4D064698460F4628689146F1
:1087E800FCF7DCFF194B1C682CB3286865681F2D43
:1087F80024DC4EB96B1C0235636044F82570FCF725
:10880800CFFF0020BDE8F88304EB85010123022E89
:10881800C1F8889003FA05F3D4F8882142EA0302E4
:10882800C4F88821C1F80881E4D1D4F88C211A430E
:10883800C4F88C21DEE7064C1C60D6E7FCF7B0FFD5
:108848004FF0FF30DEE700BF38010022E8190022B0
:10885800201A00222DE9F04F036985B00C69A34264
:10886800C0F29080013C01F1140500F11408814622
:1088780055F824304FEA840C58F8242005EB840777
:10888800013308EB840B9A42B2FBF3F642D3002083
:10889800AA46C646CDF80C8003468846CDE901C5F0
:1088A80005465AF8042BDEF8001090B257454FEAF7
:1088B800124C06FB00508AB24FEA104580B206FB04
:1088C8000C55A2EB00021A44ABB24FEA1545C3EBB4
:1088D800224392B203EB114342EA03424FEA234395
:1088E8004EF8042BDDD24146DDF80C80DDE901C5E8
:1088F80058F80C3073B9ABF1040BD84504D307E032
:10890800D84504F1FF3403D25BF80439002BF7D0C3
:10891800C9F81040484601F033F900282EDB002240
:108928004146944655F8040B0B681FFA80FEAF4287
:108938009AB24FEA1040A2EB0E026244C0EB22400A
:1089480092B200EB134042EA00424FEA204C41F851
:10895800042BE7D258F8242008EB84036AB9043BB7
:10896800434504D807E0984504F1FF3403D253F88F
:108978000429002AF7D0C9F810400136304605B05E
:10898800BDE8F08F002005B0BDE8F08F00000000C2
:108998002DE9F04F2DED028B8FB0044691460291E0
:1089A800816B1A9D049357EC106B8DED000B41B150
:1089B800C26B012393404A608B6000F083FE002362
:1089C800A363B7F10008C0F2AA8000232B60C44B50
:1089D80033EA080300F0AE809DED008BB5EE408BC6
:1089E800F1EE10FA0ED10123049A13601B9B13B108
:1089F800BC4B1B9A1360BC4E30460FB0BDEC028BCB
:108A0800BDE8F08FB0EE480B0CAA0DA9204601F086
:108A180099F905465FEA185340F0A380DDE90C2375
:108A2800134403F23241202940F3D481C1F14001BB
:108A380008FA01F803F2124126FA01F148EA0101A5
:108A480007EE101AB8EE477B0121013B0A9117EE99
:108A5800906A51EC170BA6F1F871B7EE086B05EEAA
:108A6800903A41EC170B37EE466BB8EEE54B9FEDAD
:108A7800963B9FED977B9FED985BA6EE037BA4EE5C
:108A8800057BB5EEC07BFDEEC76BF1EE10FA16EE76
:108A980090AA08D5B8EEE66BB4EE476BF1EE10FA83
:108AA80018BF0AF1FF3AD31ABAF1160F03F1FF36CD
:108AB80000F286818D4A02EBCA0292ED007BB4EE89
:108AC800C78BF1EE10FA64D50022002E0AF1FF3AA6
:108AD8000992C0F27A8100230593BAF1000F5EDA99
:108AE800059BCDF818A0A3EB0A030593CAF1000370
:108AF8004FF0000A0393029B092B58D8052B40F32B
:108B08007081043B00270293029B023B032B00F277
:108B18006D85DFE813F06A0367035C0340030123F4
:108B280028F000482B606E4BCDF8048033EA080328
:108B38007FF452AFC8F3130842F20F73049A58EA4D
:108B4800060813601DD01B9B694E002B3FF454AFE1
:108B5800F31C1B9A304613600FB0BDEC028BBDE8C6
:108B6800F08F18EE906A0021A3F2FF330C9AC6F337
:108B780013060A9151EC180B46F07F5141F440114D
:108B88006BE71B9B5B4E002B3FF436AF06F10803E7
:108B9800DFE7002B40F35C8400230993059300234F
:108BA8005644CDF818A00393029B092BA6D900239D
:108BB80001274FF0FF3B9946029307970021CDF814
:108BC8002CB0E163204600F057FD8046002800F0F5
:108BD8001585BBF10E0F8CBF002707F00107A063B6
:108BE800002F00F0CE800699002940F3FC803F4B0F
:108BF80001F00F02CF0503EBC20393ED006B4FEAC0
:108C0800211340F1AB823C4A03F00F03032192ED9C
:108C1800087B88EE075B5BB1374AD80704D501317A
:108C280092ED007B26EE076B5B1002F10802F4D18F
:108C380085EE067B099B3BB1B7EE006BB4EEC67BB5
:108C4800F1EE10FA00F10E8406EE901AB8EEE65B2B
:108C5800B1EE0C6BA5EE076B16EE901A53EC162BC3
:108C6800A1F15073BBF1000F77D0069908915946CE
:108C7800FDEEC76B1D48079F43EC142B16EE903A88
:108C8800B8EEE65B00EBC102303337EE457BDBB272
:108C980012ED026B88F8003008F10102002F00F095
:108CA800A782B6EE003B83EE065B35EE445BB4EE7E
:108CB800C75BF1EE10FA00F33283B7EE002B002009
:108CC800B2EE044B32E000BF61436F63A787D23F27
:108CD800B3C8608B288AC63FFB799F501344D33FA3
:108CE8000000F07FDDAE0002DCAE000220B600021C
:108CF80034AF000228AF0002F8B500020130884204
:108D08003FDA27EE047B25EE045BFDEEC76BB8EE79
:108D1800E63B16EE903A303337EE437B02F8013BE0
:108D2800B4EEC57BF1EE10FA00F1F98232EE476B32
:108D3800B4EEC56BF1EE10FAE0D51146DFE206EEAF
:108D4800901AB1EE0C5BB8EEE66BA6EE075B15EE7B
:108D5800901A53EC152BA1F15073B1EE046B43EC50
:108D6800152B37EE467BB4EEC57BF1EE10FA00F317
:108D7800A683B1EE455BB4EEC57BF1EE10FA00F1C7
:108D880064810D9B002B03DB069A0E2A40F3438176
:108D9800079A002A4DD0029A012A40F384830BF1E6
:108DA800FF33039A9A42C0F2C182D31ABBF1000F73
:108DB8000A9380F2E783059BA3EB0B030893C0E2B9
:108DC8000122002E0992BFF686AEC3F101030026E8
:108DD800059382E6C1F1200106FA01F107EE101AA7
:108DE80030E6012790E600F09D82069BBE4A5B4272
:108DF80003F00F011B1102EBC10292ED005B28EE9C
:108E0800055BB0EE457B00F0EE83B84A00200221F6
:108E180013F0010F05D00131384692ED006B27EEB3
:108E2800067B5B1002F10802F2D1002805FE077BE1
:108E380000E7039B00270A93059B07970893089A66
:108E4800002A0BDD002E09DDB24213460599A8BFA2
:108E58003346C91AD21AF61A05910892039B5BB1D8
:108E6800079B1BB10A9B002B40F07E822946039A80
:108E7800204600F0B7FD05460121204600F0D2FC4F
:108E88000390BAF1000F40F05381029B012B40F38D
:108E980069810123334413F01F0308D0C3F1200272
:108EA800042A00F30F820AD0C3F13C0300E01C231C
:108EB800059A1E441A440592089A1A440892059B7A
:108EC800002B05DD29461A46204600F0E5FD05463B
:108ED800002E05DD32460399204600F0DDFD0390A3
:108EE800029B022B099BD4BF00260126002B40F0D1
:108EF800B080BBF1000F28DC3EB3BBF1000F00F0DF
:108F0800E4816FEA0903464608930399204600F076
:108F1800D9FB1FB13946204600F0D4FB294620462C
:108F280000F0D0FB0022089B88F800200133049A47
:108F380013601B9B002B3FF45FAD3046C3F80080E5
:108F48000FB0BDEC028BBDE8F08F079B002B00F043
:108F58009D80089B002B00F31E82BAF1000F40F0A1
:108F6800D582BA4608F1FF3346465B440793009B17
:108F780003F00103CDE9083803992846FFF76AFC96
:108F880039468346284600F0FBFD03998146524640
:108F980020460BF1300800F015FEC3680146002B8F
:108FA80040F004820590284600F0EAFD05990590F6
:108FB800204600F087FB029B059A134340F02B8262
:108FC800089B002B00F0E882B9F1000FC0F2E082A4
:108FD800079BB146B34209F8018B00F0C4822946C9
:108FE80000230A22204600F077FB574505463946FC
:108FF8004FF000034FF00A02204600F0068200F00E
:109008006BFB5146074600230A22204600F064FB0A
:109018004E468246B0E7344BB9F1000F03EBC2036A
:1090280093ED006B80F2BE81BBF1000F00F3BA81B3
:10903800BBF1000F09D1B1EE047B26EE077BB4EE3D
:10904800C78BF1EE10FA00F23A8200231F46039311
:1090580057E70399284600F093FD0028BFF649AF6B
:10906800069B29460A222046013B0693002300F06E
:1090780033FB079B0546002B40F09A820B9BDDF8DB
:109088002CB0002B02DC002E7FF437AFC14601263E
:10909800DDF80CA007E0294600230A22204600F04C
:1090A8001BFB0136054651462846FFF7D3FB5E45B4
:1090B80000F1300309F8013BEDDBBBF1000F4FF085
:1090C8000006CCBFD9464FF00109C1442946012208
:1090D8002046029300F0E0FC0399054600F050FD9D
:1090E800002808DCF3E100BF20B60002F8B5000252
:1090F800C14500F0FB8119F8013CCB4609F1FF3965
:10910800392BF5D0013389F80030069B0893039971
:10911800204600F0D7FA002F00F0D6812EB1BE42CB
:1091280003D03146204600F0CDFA4646D846F1E64F
:1091380001465246204600F055FC029B0390012B45
:1091480040F305814FF0000A039A136902EB830389
:10915800186900F013FBC0F120039BE6B0EE485BF2
:10916800022158E5009B002B7FF493AEDDE9001245
:10917800C2F31303002B7FF48CAEB94B134023B119
:10918800059B0136013305930123BAF1000F40F026
:10919800F7819A467DE601230793069B4B4403F12A
:1091A800010B0B93BBF1010FDC46B8BF4FF0010C6C
:1091B800BCF1170F40F33082012204235B001146F3
:1091C800013203F114006045F8D9E163FAE40123A0
:1091D8000793B9F1000F40F33681CB46CC46CDF862
:1091E8002C90E5E700230793D7E700230793F0E7E0
:1091F800012924EE063B00F0D981B2EE044B41442C
:10920800174627EE047BFDEEC76B16EE903AB8EED4
:10921800E65B303337EE457B07F8013BB942F0D1C6
:10922800B6EE006B33EE065BB4EEC75BF1EE10FAF8
:1092380065D436EE436BB4EEC76BF1EE10FA69DC19
:109248000D9B002BFFF6F5AD069B0E2B3FF7F1ADFE
:10925800069B464600EBC30090ED006B88EE067B4C
:10926800BBF1010FBDEEC77B17EE103AB8EEC75B36
:1092780003F13003A5EE468B88F80030904600F0E5
:109288005B81C2F10102B2EE044B11E088EE067B6D
:10929800BDEEC77B17EE103AB8EEC75B3033A5EECC
:1092A800468B08F8013B08EB02035B4500F044815C
:1092B80028EE048BB5EE408BF1EE10FAE6D1069B52
:1092C80008932BE6C3F11C03F2E55B4603990522DC
:1092D800204600F001FA01460390284600F050FCB1
:1092E80000287FF70EAE4646069B08F101080133B9
:1092F80008933123337008E6884500F0FE800A465B
:1093080011F8013D392BF7D00133DBB246460B701B
:10931800904603E60A4611F8013D302BFAD046463E
:109328009046FBE5B0EE487B022183E4039A5E4455
:1093380003939A1A059B08935B4492440593002370
:109348000A930121204600F06DFA074677E5009B55
:10935800002B7FF4F7AEDDE90001C1F313030A46E1
:10936800002B3FF40AAFEDE61A463946204600F0D6
:1093780039FB07462A462046394600F081FA294635
:109388000546204600F09EF9039B0A9A9B1A039310
:109398003FF472AD6AE539461A46204600F07CFB78
:1093A8000746DAE508F10102464657E72046CDF8B8
:1093B8001480DDF8248000F085F9B9F1000F059BD1
:1093C80008DB009A029902F0010241EA090952EA0F
:1093D800090232D1294601222046029300F05CFBA3
:1093E8000399054600F0CCFB0028029B40F3F5806A
:1093F800392B00F0BE800BF13103B3460BF8013B6B
:109408003E46069B5746089381E600F065F94E46AE
:1094180007468246B0E5B9F1000FC0F20181029B10
:1094280043EA0909089B53EA090900F0F980002A70
:109438007FF7CEAD4346DDF82480392B00F09980C4
:10944800B3460133DAE74FF00109CB46FFF7B6BB65
:10945800C3F10103002605930996FFF7A0BB00BFDF
:109468000000F07FBBF1000F3FF469AC0B9B002BB1
:109478007FF787ACB2EE044B0131069A06EE901ADC
:10948800194627EE047B013A0892B8EEE65BB1EE86
:109498000C6BA7EE056B16EE900A53EC162BA0F199
:1094A8005073FFF7E5BB0A9A62B303F23343059A98
:1094B8001E44D31808920593039B0A9341E700239F
:1094C80046461F4603930FE74646D84626E503D18E
:1094D800029BDB073FF50FAE19F8013CCB4609F1BB
:1094E800FF39302BF8D0069B089310E6069B013312
:1094F8000893312388F8003009E6089B0133089364
:10950800312303E70C9BC3F13603D0E77968204683
:1095180000F0B2F80646002877D03B6907F10C0145
:109528000C3002339A00FCF73DF9314601222046FF
:1095380000F0B2FA824615E538EE088BB4EEC68B19
:10954800F1EE10FA0ADCB4EE468BF1EE10FA7FF475
:10955800B6AE17EE103AD9077FF5B1AE069B414675
:10956800B0460893CBE643463E46DDF8248057468E
:10957800ACE5B14639233E46574609F8013BBAE502
:109588009A46E1E5059B5E4408935B440593D8E65B
:109598004346DDF8248030E74346DDF82480392B44
:1095A800E7D0B9F1000F3FF726AF26E7114637E6B7
:1095B800394600230A22204600F08EF80B9B074606
:1095C800DDF82CB0002B3FF7C4AC002E3FF4C1AC43
:1095D800BBF1000F7FF495AC77E67FF40EAFDA07A6
:1095E8007FF50BAF04E70221FFF724BB00272046D5
:1095F8003946E76300F040F88046C0B9114B0022B5
:1096080040F2AF111048F9F7E7FD02460D4B40F262
:10961800EF210D48F9F7E0FD0021E163FFF7D2BA29
:10962800002A4346DDF824803FF7D4AEE5E64FF044
:10963800FF330122B946A0639B460B930792FFF7BD
:10964800A0BB00BF38AF00024CAF000282B049B1E6
:109658005AB16BB113780B601278101E18BF012035
:1096680002B0704701A9002AF3D1104602B0704732
:109678006FF00100F4E700BF38B5436C05460C46AF
:109688004BB153F8240080B1026843F8242000232A
:10969800C0E9033338BD2122042100F097FE0346B8
:1096A80068640028EDD1002038BD0121284601FA60
:1096B80004F56A1D920000F089FE0028F3D0C0E985
:1096C8000145E4E731B1436C4A6853F82200086069
:1096D80043F82210704700BF2DE9F04107460E46B7
:1096E8001C460D6901F1140E0020DEF8001001304F
:1096F8008BB285424FEA114102FB03434FEA134CF8
:109708009BB202FB01CC03EB0C434FEA1C444EF81E
:10971800043BEADC3CB1B368AB4207DD06EB8503EA
:1097280001355C6135613046BDE8F08171683846C5
:109738000131FFF7A1FF8046A8B1326906F10C019B
:109748000C3002329200FCF72DF87B6C726853F8EB
:109758002210316043F82260464606EB8503013546
:109768005C613561DFE70246024BBA210248F9F72E
:1097780033FD00BF38AF0002A8AF0002B0F5803F4C
:10978800034618D203041020B3F1807F01D20830B9
:109798001B02B3F1805F01D204301B01B3F1804F8B
:1097A80003D3002B06DB013070479B0005D45B0018
:1097B80005D4202070470020E6E7023070470330C8
:1097C800704700BF0368014613F0070207D0DA07A5
:1097D8001FD4980721D55B0801200B60704798B209
:1097E800A0B11046DAB20AB908301B0A1A0701D12B
:1097F80004301B099A0701D102309B08DA0703D409
:109808005B0800F1010006D00B6070471B0C1020AC
:10981800E8E700207047202070479B0802200B6073
:10982800704700BF38B5436C04460D464BB15868C5
:10983800B0B102685A60002201234561C0E90323E0
:1098480038BD2122042100F0C1FD034660640028D0
:10985800EDD1094B002240F245110848F9F7BCFC4C
:109868001C220121204600F0B1FD0028F1D0012280
:109878000223C0E90123DEE738AF0002A8AF0002E7
:109888002DE9F04FD1F8108085B015690E46924643
:10989800A84505DB2A46534645468A4690461E4655
:1098A80005EB0804DAE90113A342B8BF0131FFF759
:1098B800E3FE002800F08B8000F1140707EB840E0C
:1098C800774505D23B46002243F8042B9E45FBD83A
:1098D80014360AF1140906EB880809EB8505464594
:1098E80068D2A5EB0A030AF1150ACDF808E0AE46DE
:1098F800153B039423F00303043355452CBF9B46C3
:109908004FF0040B824605E0090C2CD1B04507F155
:1099180004074CD956F8041B8DB2002DF4D0CC4660
:109928003C46002301965CF8040B216886B2E645A4
:109938008AB24FEA104005FB06224FEA11411A4449
:1099480005FB001101EB124192B24FEA114342EAC2
:10995800014244F8042BE6D8019E47F80B3056F82C
:10996800041C090CD2D03B68002248463D461C46E0
:10997800944602889BB201FB02C202EB144243EAFE
:10998800024345F8043B50F8043B2C684FEA134C5B
:109998007045A3B201FB0C3303EB12434FEA134C9F
:1099A800E7D3B04547F80B3007F10407B2D8504663
:1099B800DDE902E4002C02DC05E0013C03D05EF89E
:1099C800043D002BF9D0046105B0BDE8F08F0246D4
:1099D800024B4FF4B1710248F9F7FEFB38AF0002B1
:1099E800A8AF000212F003032DE9F0411446074620
:1099F8002CD10D46A4101CD03E6C86B3E3074FF063
:109A0800000806D4641014D03068A8B10646E307ED
:109A1800F8D5324629463846FFF732FF35B17B6C18
:109A2800696853F821202A6043F8215064100546DC
:109A3800EAD12846BDE8F081324631463846FFF77C
:109A48001FFF30600646C0F80080E0E7013B0F4A80
:109A580052F823200023FFF73FFE0546CAE70121FD
:109A68003846FFF709FE064640B1012340F271224D
:109A7800C0E90432002338640360BFE70246044BA0
:109A880040F245110348F9F7A7FB00BFECB5000207
:109A980038AF0002A8AF00022DE9F0470C46904607
:109AA80006464FEA62192769A36807EB62174968F7
:109AB8007D1C9D4203DD5B0001319D42FBDC30468D
:109AC800FFF7DAFD002850D0B9F1000F00F1140CAF
:109AD8000EDD09F10502634600214FEA820E00EB14
:109AE800820243F8041B9342FBD1AEF114039C4459
:109AF80004F11403216918F01F0803EB81012BD02E
:109B0800C8F12009E6464FF0000A1A6802FA08F27E
:109B180042EA0A024EF8042B53F8042B994222FA1F
:109B280009FAF2D80B1B04F11502153B23F00303C5
:109B38000433914238BF04234CF803A0BAF1000F54
:109B480000D13D46736C6268056153F822102160AC
:109B580043F82240BDE8F087ACF1040C53F8042B1D
:109B680099424CF8042FF9D8EBE70246024B4FF420
:109B7800EF710248F9F730FB38AF0002A8AF0002D6
:109B880084460B690069C01A16D10CF1140C143103
:109B98000CEB830201EB830310B401E0944508D277
:109BA80052F8044D53F8041D8C42F7D005D24FF0FB
:109BB800FF305DF8044B7047704701205DF8044B97
:109BC800704700BF2DE9F04F15460A6983B08846F3
:109BD8002B69D21A002A40F08B8001F1140605F196
:109BE800140101EB830106EB830302E09E4280F03F
:109BF800828053F8044D51F8042D9442F6D078D35E
:109C08002B460024454698466968FFF735FD00282D
:109C180000F08C802E6905F1140B08F1140ED8F8A9
:109C2800103000F1140A05F110020EEB83094FF011
:109C3800000C0BEB86015746C460CDF804B05EF803
:109C4800044B52F8045F1FFA84FBF145ABB24FEAAC
:109C58001444A3EB0B03C4EB1544634404EB234403
:109C68009BB24FEA244C43EA044347F8043BE6D846
:109C7800A9EB080408F11508DDF804B0C145A4F102
:109C8800150434BF4FF000084FF00108A408B8F1DC
:109C9800000F04F101024FEA820208BF04220BEB15
:109CA80002055244A94231D917462C4654F8043BC0
:109CB8001FFA83F8A1424FEA134E6344C4449BB28F
:109CC8000EEB2C4C43EA0C434FEA2C4C47F8043B70
:109CD800ECD80139491B21F003010A4423B952F891
:109CE800043D013E002BFAD0066103B0BDE8F08FB9
:109CF80086DA012488E70021FFF7BEFC78B101224B
:109D08000023C0E9042303B0BDE8F08FB8F1000FC9
:109D18004FEA840408BF00240AEB0402DEE7024687
:109D2800064B40F237210648F9F756FA0246034B2C
:109D380040F245210248F9F74FFA00BF38AF000258
:109D4800A8AF00022DE9F0430E4683B00121154665
:109D580059EC108BFFF790FC0446002846D0C9F355
:109D68000A57C9F313030FB143F480130193B8F1F1
:109D7800000313D101A8FFF725FD019B0122203024
:109D8800636122610FB3A7F233470744C0F135007E
:109D980037602860204603B0BDE8F083684600932A
:109DA800FFF710FD019BF8B1C0F12002009903FAFA
:109DB80002F2C3400A430193002B6261A3610CBF06
:109DC800012202222261002FDDD104EB8203A0F2DE
:109DD800324030601869FFF7D1FCC0EB42102860B0
:109DE800204603B0BDE8F083009AE5E70246034B3E
:109DF80040F20F310248F9F7EFF900BF38AF00021F
:109E0800A8AF00022DE9F04F164683B0002900F0F4
:109E18009E800C4606F10B058046FCF779F954F84C
:109E2800040C162DA4F1080920F0030762D81022AB
:109E380000231546B542C0F0A280002B40F09F8059
:109E4800974261DADFF828B309EB0701DBF808303D
:109E5800D1F804C08B4200F097802CF001030B442A
:109E68005B68DB0768D42CF0030C07EB0C03934208
:109E780045DAC30712D454F8083CA9EB030ADAF808
:109E8800043023F0030084440CEB070B5A4540F3DD
:109E9800FE8007EB000B5A4540F3D480314640461C
:109EA800FBF78CFE0646002800F0298154F8043C94
:109EB800A0F1080223F001034B44934200F0B18063
:109EC8003A1F242A00F2DF80132A00F2B0800346EA
:109ED8002246116819605168596092689A60214653
:109EE8004046FBF76FFD4046FCF718F9304603B0D3
:109EF800BDE8F08F25F007052A46EB0F9AE71F46C5
:109F0800D1E90223D3609A60781BD9F8043009EBB1
:109F180007020F2803F001031FD83B43C9F8043098
:109F2800536843F00103536026464046FCF7F6F8B1
:109F3800304603B0BDE8F08FC307AFD454F8083CEF
:109F4800A9EB030ADAF8043023F00300A1E711466D
:109F580003B0BDE8F04FFBF731BE2B4309EB050119
:109F680040F00100C9F80430083141F8040C4046BB
:109F7800536843F001035360FBF724FDD4E70C2337
:109F8800C8F800300026D3E72CF0030C05F11001C7
:109F98000CEB07038B4280F29280C0073FF57EAF3F
:109FA80054F8083CA9EB030ADAF8043023F003005C
:109FB80084440CEB070399423FF76BAF3A1F5646B0
:109FC800DAF80C1056F8080F242AC160886000F2ED
:109FD800B080132A40F2AB8021681B2ACAF8081007
:109FE8006168CAF80C1000F2AB8008340AF110025C
:109FF8002168116061685160A16891605B1B0AEB80
:10A008000502404643F00103CBF808205360DAF814
:10A01800043003F001032B43CAF80430FCF77EF840
:10A0280086E750F8043C23F003031F446CE72368D9
:10A038001B2A03606368436036D804F1080200F104
:10A04800080346E73A1F5646DAF80C30242A56F831
:10A05800081FCB60996022D8132A1ED923681B2AAF
:10A06800CAF808306368CAF80C303CD808340AF1DA
:10A07800100322681A6062685A60A2689A603446BF
:10A088005F46D14640E72146FEF728FA27E7D1E99F
:10A0980002133A1FCB609960D5E73346E9E72146BA
:10A0A8003046FEF71BFAEAE7A368242A8360E368D0
:10A0B800C36028D004F1100200F1100309E75B1B0C
:10A0C80009EB05024046264643F00103CBF8082079
:10A0D800536054F8043C03F001032B4344F8043C58
:10A0E800FCF71CF824E7A368242ACAF81030E368B0
:10A0F800CAF8143010D010340AF11803B9E74046F2
:10A10800FCF70CF83EE7236904F118020361636960
:10A11800436100F11803DCE623691834CAF81830E3
:10A1280054F8043CCAF81C300AF12003A1E732466F
:10A138005EE7214630460193FEF7D0F9019B5DE7C3
:10A14800A168242ACAF81010E168CAF8141003D0CC
:10A1580010340AF118024BE722691834CAF818209B
:10A1680054F8042CCAF81C200AF1200240E700BF6A
:10A1780048010022034649B1FF2A02D801200A708B
:10A1880070478A224FF0FF301A60704708467047C0
:10A1980070B5054684B05BB11C460F4BD3F8E06040
:10A1A800234669B12846B047431C0FD004B070BDA0
:10A1B800094B00F58274D3F8E06023460029F1D1F9
:10A1C8000A46284601A9B047431CEFD100228A233A
:10A1D80022602B6004B070BD5005002210B582B01B
:10A1E800049C00934FF0FF33019400F0A5F902B0EE
:10A1F80010BD00BFB1F90C302DE9F0410C469907AC
:10A2080096B008D504F1430301222360C4E904325F
:10A2180016B0BDE8F081B4F90E100646002926DB19
:10A228006A4600F0ABF800281FDB019D4FF48068F8
:10A238004FF4006705F47045A5F50055B5FA85F5A6
:10A248006D0941463046FBF7B9FCE8B1B4F90C306A
:10A25800C4F8148043F0800320602061A3813DBBD3
:10A268003B43A38116B0BDE8F081B4F90C3013F07C
:10A27800800519D04FF040080025304641462F464A
:10A28800FBF79CFC0028E1D1B4F90C309A05BFD447
:10A2980023F0030304F14302012143F00203226087
:10A2A800C4E90421A381B3E74FF480682F46C8E7C7
:10A2B800B4F90E10304600F077F810B9B4F90C3044
:10A2C800CEE7A38923F0030343F001031BB2C7E7DA
:10A2D800F8B50D460646144610B1436B002B4AD01C
:10A2E800B4F90C20A3691007A3601BD52369CBB16F
:10A2F800EDB291042F4621D522686169D31A99429B
:10A3080028DD0133A1680139A160511C2160157055
:10A3180062699A4226D00A2D02D1A389DB0721D48B
:10A328003846F8BD21463046FEF70AF800BBB4F9B6
:10A338000C20EDB2236991042F46DDD442F400527B
:10A348006169A281626E22F4005262662268D31AA1
:10A358009942D6DC21463046FDF748FE40B92268CE
:10A368000123CFE721463046FDF740FE0028D7D02D
:10A378004FF0FF37D4E7FBF763F8B1E770B50C4649
:10A388000346084D0026204611461C462E60F8F765
:10A398003DFE431C00D070BD2B68002BFBD0236012
:10A3A80070BD00BFD819002238B50022064D0446FA
:10A3B80008462A60F8F738FE431C00D038BD2B68E1
:10A3C800002BFBD0236038BDD819002238B5A1FB7B
:10A3D800021434BBFBF7F2FB054630B350F8042CEB
:10A3E80022F00302043A242A0CD8132A0FD91B2A74
:10A3F800C0E9004412D9242AC0E9024418D000F167
:10A40800100205E02146FBF719F9284638BD024637
:10A4180000232846C2E90033936038BD00F10802E2
:10A42800F6E7FBF7B1F90C2303600025284638BD91
:10A4380000F11802C0E90444EAE700BF2DE9F04F33
:10A448008BB086461E46DDE9157A002F5AD015686E
:10A4580000295CD0149B002B69D0741E4EB3043DB8
:10A468000026DDF850B0049103910592CDE9015E14
:10A478000BE0039B0BBB019B1868002836D0DC451A
:10A4880057D2013C6646631C13D001993B4602989B
:10A4980051F8042FDAF8E050019107A9D7E900989C
:10A4A800A847421C37D000EB060CDC45E1D9C7E9C8
:10A4B800009830460BB0BDE8F08F00280EDD049BF5
:10A4C80007A9019D18445A1E00F1FF3E11F8013BEF
:10A4D80002F8013F7245F9D101950490059B1A686D
:10A4E80004321A60019B18680028C8D10399059A9C
:10A4F80001B110600CF1FF36002230463A600BB013
:10A50800BDE8F08F00F5867715680029A2D14FF0D5
:10A51800FF331493A1E70646DDF808E08A210022FC
:10A528003046CEF800103A600BB0BDE8F08F149EAC
:10A53800BFE76646BDE700BF10B584B0054C069876
:10A54800009007980190044800680294FFF776FF8E
:10A5580004B010BD500500221000002200000000C9
:10A568005FF800F0DD080000366B20706572666FDA
:10A57800726D616E63652072756E20706172616DB7
:10A58800657465727320666F7220636F72656D61A2
:10A59800726B2E0D00000000366B2076616C6964CA
:10A5A8006174696F6E2072756E20706172616D657D
:10A5B8007465727320666F7220636F72656D617265
:10A5C8006B2E0D0050726F66696C652067656E654D
:10A5D800726174696F6E2072756E20706172616D40
:10A5E800657465727320666F7220636F72656D6142
:10A5F800726B2E0D00000000324B20706572666F82
:10A60800726D616E63652072756E20706172616D26
:10A61800657465727320666F7220636F72656D6111
:10A62800726B2E0D00000000324B2076616C69645D
:10A638006174696F6E2072756E20706172616D65EC
:10A648007465727320666F7220636F72656D6172D4
:10A658006B2E0D005B25755D4552524F5221206CC3
:10A668006973742063726320307825303478202D24
:10A678002073686F756C64206265203078253034EB
:10A68800780D0A005B25755D4552524F5221206DA9
:10A698006174726978206372632030782530347869
:10A6A800202D2073686F756C6420626520307825D2
:10A6B8003034780D0A0000005B25755D4552524F15
:10A6C8005221207374617465206372632030782589
:10A6D800303478202D2073686F756C642062652093
:10A6E8003078253034780D0A00000000436F726519
:10A6F8004D61726B2053697A65202020203A20250D
:10A708006C750D0A00000000546F74616C20746948
:10A71800636B732020202020203A20256C750D0AB9
:10A7280000000000546F74616C2074696D65202806
:10A7380073656373293A2025660D0A0049746572AA
:10A748006174696F6E732F5365632020203A20254A
:10A75800660D0A004552524F5221204D75737420E0
:10A768006578656375746520666F72206174206C06
:10A7780065617374203130207365637320666F726E
:10A7880020612076616C696420726573756C742130
:10A798000D000000497465726174696F6E73202042
:10A7A80020202020203A20256C750D0A000000008A
:10A7B80031332E322E3120323032333130303900BD
:10A7C800436F6D70696C65722076657273696F6E20
:10A7D800203A2025730D0A004E6F7420737065634C
:10A7E8006966696564000000436F6D70696C657225
:10A7F80020666C6167732020203A2025730D0A00BB
:10A80800535441434B0000004D656D6F7279206CC5
:10A818006F636174696F6E20203A2025730D0A00FA
:10A828007365656463726320202020202020202027
:10A83800203A203078253034780D0A005B25645D95
:10A848006372636C697374202020202020203A20D2
:10A858003078253034780D0A000000005B25645DEF
:10A868006372636D617472697820202020203A2019
:10A878003078253034780D0A000000005B25645DCF
:10A8880063726373746174652020202020203A204D
:10A898003078253034780D0A000000005B25645DAF
:10A8A80063726366696E616C2020202020203A2044
:10A8B8003078253034780D0A00000000436F72723A
:10A8C800656374206F7065726174696F6E2076615C
:10A8D8006C6964617465642E205365652052454136
:10A8E800444D452E6D6420666F722072756E20612E
:10A8F8006E64207265706F7274696E672072756C11
:10A9080065732E0D00000000436F72654D61726B18
:10A9180020312E30203A202566202F20257320252F
:10A9280073000000202F20257300000043616E6E25
:10A938006F742076616C6964617465206F706572EC
:10A948006174696F6E20666F722074686573652024
:10A95800736565642076616C7565732C20706C6511
:10A9680061736520636F6D706172652077697468C3
:10A9780020726573756C7473206F6E2061206B6E26
:10A988006F776E20706C6174666F726D2E0D0000AB
:10A998004572726F72732064657465637465640DC3
:10A9A80000000000537461746963000048656170B9
:10A9B80000000000537461636B00000054302E33B4
:10A9C800652D3146000000002D542E542B2B547158
:10A9D800000000003154332E3465347A0000000042
:10A9E80033342E30652D545E00000000352E35308E
:10A9F80030652B33000000002D2E313233652D32A7
:10AA0800000000002D3837652B3833320000000075
:10AA18002B302E36652D31320000000033352E35AF
:10AA280034343030000000002E31323334353030C9
:10AA3800000000002D3131302E373030000000008A
:10AA48002B302E36343430300000000035303132AF
:10AA58000000000031323334000000002D38373454
:10AA6800000000002B313232000000000D0A3D3D8D
:10AA78003D3D3D3D20417373657274204572726F90
:10AA880072203D3D3D3D3D3D0D0A000046696C6527
:10AA98003A0D0A00206174206C696E653A202564BD
:10AAA8000000000046756E6374696F6E3A200000FE
:10AAB8004173736572743A20000000003D3D3D3DCE
:10AAC8003D3D3D3D3D3D3D3D3D3D3D20496E2048A0
:10AAD8006172644661756C74203D3D3D3D3D3D3D70
:10AAE8003D3D3D3D3D3D3D3D0D0A000048617264E0
:10AAF8004661756C74206F63637572726564206259
:10AB0800792044454255470D0A00000048617264A7
:10AB18004661756C74206F63637572726564206238
:10AB280079206F7468657220657863657074696FE1
:10AB38006E20666F726365640D0A00003D3D3D3D01
:10AB48003D3D3D3D3D3D204D535020537461636B69
:10AB580020203D3D3D3D3D3D3D3D3D3D0D0A000034
:10AB680052303A20203078253038580D0A0000003D
:10AB780052313A20203078253038580D0A0000002C
:10AB880052323A20203078253038580D0A0000001B
:10AB980052333A20203078253038580D0A0000000A
:10ABA8005231323A203078253038580D0A000000EA
:10ABB8004C523A20203078253038580D0A000000D1
:10ABC80050433A20203078253038580D0A000000CC
:10ABD8005053523A203078253038580D0A0000007A
:10ABE8003D3D3D3D3D3D3D3D3D2053434220526569
:10ABF800676973746572203D3D3D3D3D3D3D3D3D7A
:10AC08000D0A00005343422D3E435346523A20302A
:10AC180078253038580D0A005343422D3E49435396
:10AC2800523A203078253038580D0A005343422DC7
:10AC38003E484653523A203078253038580D0A009D
:10AC48003D3D3D3D3D3D3D3D204F74686572205280
:10AC580065676973746572203D3D3D3D3D3D3D3DF1
:10AC68000D0A0000495053523A20307825303858A0
:10AC78000D0A0000436865636B6564204572726F56
:10AC8800723A20446976696465204279205A65726F
:10AC98006F0D0A00436865636B6564204572726FC7
:10ACA800723A20556E616C69676E65642041636312
:10ACB8006573730D0A000000436865636B65642063
:10ACC8004572726F723A20537461636B204F7665D8
:10ACD80072666C6F770D0A004D53503A2020202081
:10ACE8003078253038580D0A000000004D53504C7C
:10ACF800494D3A203078253038580D0A00000000B8
:10AD08005053503A202020203078253038580D0AEA
:10AD1800000000005053504C494D3A2030782530FF
:10AD280038580D0A00000000436865636B656420AD
:10AD38004572726F723A204E6F20436F70726F6364
:10AD48006573736F720D0A00436865636B656420F1
:10AD58004572726F723A20496E76616C6964205050
:10AD6800430D0A00436865636B6564204572726F22
:10AD7800723A20496E76616C696420537461746517
:10AD88000D0A0000436865636B6564204572726F45
:10AD9800723A20556E646566696E656420496E7303
:10ADA8007472756374696F6E0D0A00004368656399
:10ADB8006B6564204572726F723A20496E737472C3
:10ADC800756374696F6E20427573204572726F7275
:10ADD8000D0A0000496E70757420616E79206368F1
:10ADE8006172616374657220746F20737461727428
:10ADF80020636F72656D61726B0D0000436F726541
:10AE08006D61726B2072756E6E696E672C20706C46
:10AE18006561736520776169742E2E2E0D00000020
:10AE28002D5BE697B6E9929FE591A8E69C9FE6958B
:10AE3800B0E68AA5E5918A5D000000002D2D2D2D34
:10AE48002D2D2D2D2D2D2D2D2D2D2D2D2D2D2D2D2A
:10AE58002D2D2D2D2D2D2D2D2D2D2D2D2D2D2D2D1A
:10AE68000D000000436F72656D61726B0000000099
:10AE7800257320E680BBE591A8E69C9FE695B03A4D
:10AE880020256C6C69205B2530386C6C585D0D0A88
:10AE980000000000494E4600696E66004E414E00B3
:10AEA8006E616E003031323334353637383961628D
:10AEB800636465660000000030313233343536375C
:10AEC800383941424344454600000000286E756CFD
:10AED8006C290000300000002E0000004C435F4346
:10AEE8004F4C4C41544500004C435F435459504526
:10AEF800000000004C435F4D4F4E455441525900ED
:10AF08004C435F4E554D4552494300004C435F54F6
:10AF1800494D45004C435F4D455353414745530008
:10AF2800496E66696E697479000000004E614E00D2
:10AF380042616C6C6F6320737563636565646564F7
:10AF4800000000002F646174612F6A656E6B696E82
:10AF5800732F776F726B73706163652F474E552D32
:10AF6800746F6F6C636861696E2F61726D2D313318
:10AF78002F7372632F6E65776C69622D63796777BB
:10AF8800696E2F6E65776C69622F6C6962632F73C7
:10AF980074646C69622F64746F612E630000000032
:10AFA8002F646174612F6A656E6B696E732F776F9A
:10AFB800726B73706163652F474E552D746F6F6C9C
:10AFC800636861696E2F61726D2D31332F737263FF
:10AFD8002F6E65776C69622D63796777696E2F6E5E
:10AFE80065776C69622F6C6962632F7374646C692E
:10AFF800622F6D707265632E63000000E0170022F7
:10B0080050B0000258B30002E81700221CB000023A
:10B018002CB30002090200000C000C010C020C0306
:10B028000000000000000000853100020000000060
:10B038003CB0000200010000000000220F00FFFFEA
:10B048000000000101000000590000005CB000028F
:10B05800000000000008011C000100000008011C9D
:10B06800010100000008011C030100000004011C8C
:10B07800070100001040000008010000040C000057
:10B088000A010000000C01150B010000000C010B67
:10B098000C010000000C010B0D010000000C010B5D
:10B0A8000E010000000C010B0F0100000040000021
:10B0B800000200001040000001020000000001052D
:10B0C8000802000000040105090200000008010050
:10B0D8000A020000000001000B020000000001004D
:10B0E8000C020000000001000D0200000000010039
:10B0F8000E020000000001000F020000000C010B0E
:10B1080000030000000C010B01030000000C010B00
:10B1180002030000104000000303000000000113B8
:10B12800070400000004011308040000400401079C
:10B1380009040000400401070A040000000C010B88
:10B1480003050000000C010B04050000000C010BB6
:10B1580005050000000C010B06050000000C010BA2
:10B1680007050000000C010B08050000000C010B8E
:10B1780009050000000C010B0A050000040400008A
:10B1880006060000000C010B07060000000C010B6E
:10B1980008060000000C010B09060000000C010B5A
:10B1A8000A060000000C010B0B060000000C010B46
:10B1B8000C060000000C010B0D060000000C010B32
:10B1C8000E060000000C010B0F0600000008011C11
:10B1D800030800000008011C08080000000C010B0F
:10B1E8000D080000000C01130E080000000C0113EC
:10B1F8000F080000000C010B000A0000000C010BF6
:10B20800010A0000000C010B020A0000000C010BEF
:10B21800030A0000000C010B040A0000000C010BDB
:10B22800050A0000000C010B060A0000000C010BC7
:10B23800080A0000000C010B090A0000000C010BB1
:10B248000A0A0000000C010B0B0A0000000C010B9D
:10B258000C0A0000000C010B0D0A0000000C010B89
:10B268000E0A00000008010B0F0A0000000C010B79
:10B27800000C0000000C010B010C0000000C010B7D
:10B28800020C0000000C010B030C0000000C010B69
:10B29800040C0000000C010B050C0000000C010B55
:10B2A800060C0000000C010B070C0000000C010B41
:10B2B800080C0000000C010B090C0000000C010B2D
:10B2C8000A0C0000000C010B0B0C0000000C010B19
:10B2D8000C0C0000000C010B0D0C0000000C010B05
:10B2E8000E0C0000000C010B000D0000000C0115F5
:10B2F800010D0000000C0115020D0000000C0115E5
:10B30800030D0000000C0115040D000000080115D4
:10B31800050D000010000115070D000003030403CC
:10B3280005030603C13700024D35000259350002F6
:10B338000D370002A9350002B53500029935000223
:10B3480015360002FD3500021136000209370002E9
:10B3580081430002093F000295430002A143000215
:10B36800D53F000225400002153F0002693F000258
:10B37800913F0002BD3F000209400002393F000230
:10B388004D3F00020A00000044B50002180000000A
:10B39800C4B3000204000000A4B300020000006867
:10B3A80000000068000000800000008000000070BD
:10B3B80000000070C0060022C006002200000068DD
:10B3C80000000068000000900001090D00000068FE
:10B3D800000000680000007800010B0D0000006804
:10B3E80000000068000000270001020D000000684E
:10B3F80000000068500000020001010D00000080FC
:10B408000000008000000090000109080000008092
:10B41800000000800000007800010B080000008098
:10B4280000000080000000270001020800000080E2
:10B4380000000080500000020001010800000070B8
:10B4480000000070000000900001090A0000007070
:10B45800000000700000007800010B0A0000007076
:10B4680000000070000000270001020A00000070C0
:10B4780000000070500000020001010A00000000F6
:10B488000000000000000090010109050000000014
:10B49800000000000000007801010B05000000001A
:10B4A8000000000000000027010002050000000065
:10B4B8008023000050000002010001050000002068
:10B4C8000000002000000090010109040000002095
:10B4D800000000200000007801010B04000000209B
:10B4E80000000020000000270100020400000020E6
:10B4F8007C000020D023000201000104000000228B
:10B508000000002200000090000109030000002252
:10B51800000000220000007800010B030000002258
:10B5280000000022000000270000020300000022A3
:10B53800BC0600224C240002000001030000006841
:10B54800000000680001000D0000006800000068AD
:10B558000001000D000000800000008000010008CC
:10B56800000000800000008000010008000000705A
:10B57800000000700001000A000000700000007068
:10B588000001000A8023000080230000010000055C
:10B59800884000209440002001000004BC060022DE
:10B5A800C006002200000003F0160022B01B002293
:10B5B800000000030A01000001000200080010005A
:10B5C8002000000030303030303030303030303013
:10B5D8003030303020202020202020202020202023
:10B5E8002020202005000000190000007D00000038
:10B5F8000080E03779C34143176E05B5B5B8934667
:10B60800F5F93FE9034F384D321D30F94877825A32
:10B618003CBF737FDD4F1575000000000000F03F50
:10B628000000000000002440000000000000594015
:10B638000000000000408F40000000000088C34068
:10B6480000000000006AF8400000000080842E41DD
:10B6580000000000D01263410000000084D7974129
:10B668000000000065CDCD41000000205FA002422F
:10B67800000000E876483742000000A2941A6D42A4
:10B68800000040E59C30A2420000901EC4BCD64297
:10B6980000003426F56B0C430080E03779C3414342
:10B6A80000A0D8855734764300C84E676DC1AB43B8
:10B6B800003D9160E458E143408CB5781DAF1544D6
:10B6C80050EFE2D6E41A4B4492D54D06CFF08044B1
:10B6D800F64AE1C7022DB544B49DD9794378EA44C6
:10B6E800002020202020202020202828282828204A
:10B6F8002020202020202020202020202020202042
:10B7080020881010101010101010101010101010A9
:10B718001004040404040404040404101010101099
:10B728001010414141414141010101010101010163
:10B7380001010101010101010101010110101010B5
:10B748001010424242424242020202020202020235
:10B758000202020202020202020202021010101089
:10B7680020000000000000000000000000000000B1
:10B7780000000000000000000000000000000000C1
:10B7880000000000000000000000000000000000B1
:10B7980000000000000000000000000000000000A1
:10B7A8000000000000000000000000000000000091
:10B7B8000000000000000000000000000000000081
:10B7C8000000000000000000000000000000000071
:10B7D8000000000000000000000000000000000061
:10B7E800000000004275696C742077697468205203
:10B7F800656E6573617320416476616E636564206C
:10B80800466C657869626C6520536F6674776172FF
:10B8180065205061636B6167652076657273696F37
:10B828006E20362E342E3000362E342E3000000096
:04B838000000040602
:04B83C00F8B500BF9C
:04B84000F8B500BF98
:0CB84400F5580002752B0002792D00025F
:04B850004D2B00027A
:08B85400A897FF7F010000002E
:0200000402C92F
:04F04000FFFFFFFFD0
:04F04400EFFFFFFFDC
:04F0C000FFFFFFFD52
:04F0C400FFFFFFFF4C
:04F1200000000000EB
:04F1240000000000E7
:0400000502004C2584
:00000001FF
