:020000040200F8
:10000000A0040022F1590002C15800023120000270
:10001000015A0002015A0002015A0002015A00026C
:10002000000000000000000000000000015A000273
:10003000015A000200000000015A0002790A000281
:10004000493200027931000221330002A933000253
:10005000913A0002793C0002C93D0002E13E0002F3
:10006000F94F0002314C0002114E0002294F0002EC
:0C0070000150000261510002F141000249
:10007C000100000000000300692300028923000234
:08008C00000000004009000023
:1000A00083B0B0B581B0044605A840F2D045C2F295
:1000B00000250EC005AB4FF4807128462246009300
:1000C00007F051FA287878B148F6F0610135C0F2AE
:1000D00000210C6800BF00BF214606F08FF815F81C
:1000E000010B08B12FF009C001B0BDE8B04003B06A
:1000F0007047D4D4D4D4D4D401460078002808BFA3
:100100007047B0B548F6F0624D1CC0F2002214688A
:10011000214606F073F815F8010B08B12FF009C05D
:10012000BDE8B0407047D4D483B070B581B0044608
:1001300005A840F2D045C2F200250EC005AB4FF431
:10014000807128462246009307F00DFA48F6F061C8
:100150002878C0F200210C6850B1013500BF00BF03
:10016000214606F04BF815F8010B08B12FF009C035
:1001700048F669000226C0F20020451C0D2000BF91
:10018000214606F03BF815F8010B013EF8D101B00D
:10019000BDE8704003B0704782B080B582B08C4635
:1001A0000146CDE9042304AB00206246019300F030
:1001B00007F802B0BDE8804002B07047D4D4D4D470
:1001C0002DE9F04383B00F46054602A801A99846E1
:1001D000914602F0F5F948F28670DDE90121C0F29E
:1001E0000020FFF75DFF48F6F060C0F200200468D1
:1001F000DFE805F00232122248F26E500626C0F205
:100200000020451C442000BF214605F0F7FF15F8EB
:10021000010B013EF8D12EE048F2EF700626C0F245
:100220000020451C572000BF214605F0E7FF15F8C8
:10023000010B013EF8D11EE048F64F200626C0F221
:100240000020451C452000BF214605F0D7FF15F8CA
:10025000010B013EF8D10EE048F235500626C0F2FF
:100260000020451C492000BF214605F0C7FF15F8B6
:10027000010B013EF8D17FB1387848B17D1C00BF39
:10028000214605F0BBFF15F8010B08B12FF009C09E
:100290002020214605F0B2FF48F60E300426C0F2B9
:1002A0000020451C3D2000BF214605F0A7FF15F8A2
:1002B000010B013EF8D140F2D0474FF48071C2F2F9
:1002C00000274A463846434607F04DF940F2000001
:1002D000C2F2002001783878D1B148B17D1C00BF4E
:1002E000214605F08BFF15F8010B08B12FF009C06E
:1002F00048F669000226C0F20020451C0D2000BF10
:10030000214605F07BFF15F8010B013EF8D10BE00B
:1003100050B17D1C00BF00BF214605F06FFF15F8EE
:10032000010B08B12FF009C003B0BDE8F083D4D4AD
:1003300082B080B582B08C460146CDE9042304AB7F
:10034000022062460193FFF73BFF02B0BDE8804008
:1003500002B07047D4D4D4D482B080B582B08C4679
:100360000146CDE9042304AB032062460193FFF765
:1003700027FF02B0BDE8804002B07047D4D4D4D487
:100380002DE9F04385B040F2D05604A9C2F2002610
:1003900005460027ADF8107037708DF8127000F028
:1003A00067FF48B1044648F69E0048F2C661C0F2B5
:1003B0000020C0F20021D2E000978DF80C70CDE94A
:1003C000017701208DF802006946284600F078FF89
:1003D00048B1044648F69E0048F28941C0F2002028
:1003E000C0F20021BBE00121284601F079FA48B1B2
:1003F000044648F69E0048F6F341C0F20020C0F2E1
:100400000021ACE0284600F0EFFD48B1044648F674
:100410009E0048F6ED11C0F20020C0F200219EE0DF
:100420004021284600F03CFE48B1044648F69E00B4
:1004300048F2EF61C0F20020C0F200218FE00021FD
:10044000284600F0F1FE48B1044648F69E0048F602
:10045000E601C0F20020C0F2002180E040F2D4505A
:100460000121C2F200206C6901700A21284600F0C7
:10047000F3FD002C044640B148F69E0048F63231A8
:10048000C0F20020C0F2002169E00A21284600F0F5
:10049000A7FE48B1044648F69E0048F6AB01C0F2FC
:1004A0000020C0F200215AE0284600F021FD48B1AA
:1004B000044648F69E0048F2AE41C0F20020C0F269
:1004C00000214CE0284600F00FFE48B1044648F6F3
:1004D0009E0048F64D61C0F20020C0F200213EE0CF
:1004E000284600F065FF48B1044648F69E0048F6ED
:1004F000A241C0F20020C0F2002130E048F60C70AA
:10050000C0F20020006803F00FFE48F69E0848F68F
:1005100008190027C0F20028C0F20029307830B94D
:100520000A20012105F088F930780128F8D1284601
:10053000377001F015F90446B0F1FF3F07DD0CB14B
:100540002FF015C040464946FFF7F2FEE6E748F6B1
:100550009E0048F65621C0F20020C0F2002122463B
:10056000FFF7FAFE204605B0BDE8F083D4D4D4D41A
:100570002DE9F0412DED028B96B040F2D85140F6B6
:10058000FF73C2F2002140F2D457C2F2002740F2BA
:10059000F4540A68C2F2002401320A60EDEE103A07
:1005A00040F2DC5371FE4D0F98ED030FC2F20023B1
:1005B0003F7871FE4D0F93ED003F002F22EF400872
:1005C00071FE4D0F83ED001F40F2E853C2F200238D
:1005D00031FE4D8F98ED060F93ED003F22EF40085E
:1005E00071FE4D0F83ED001F18BF3227B0F91200C6
:1005F000BA4222681044206040F0CE80002008609B
:1006000048F66C0048F6CF41C0F20020C0F200214D
:10061000FFF7C2FD48F23440C0F2002005F019FE99
:100620004FF0030E40F2E85840F2DC56C2F20028C8
:10063000C2F2002648F21F503146C5F2EB10424686
:100640000B68156853FB00F355FB00F51F1107EB12
:10065000D37341F8043B2B1103EBD57342F8043BF1
:100660000FF013C0216851FB00F0011101EBD070B5
:10067000206048F6DD5096E80E00C0F2002005F03C
:10068000D3FD48F69E2098E80E00C0F2002005F049
:10069000CBFD48F261402168C0F2002005F0C4FDA6
:1006A00048F60D20C0F2002005F0D3FD4FF0030EF8
:1006B0009FED3D0B04A89FED3E1B0AA910AA3346EF
:1006C0009FED3D2B45469FED3E3B00BF00BF00BF69
:1006D00053F8047B04EE107AB8EEC44B55F8047B53
:1006E00024EE004B24EE014BA2EC024B04EE107AF8
:1006F000B8EEC44B24EE024BA1EC024B24EE034BAC
:10070000A0EC024B0FF01DC094ED000A10A8B8EE4B
:10071000C00BB6EE001BB3EE098B00EE018B90EC24
:10072000060B53EC102B48F2F670C0F200208DED52
:10073000001B8DED022B05F077FD0AA890EC060B4F
:1007400053EC102B48F29170C0F200208DED001B8D
:100750008DED022B05F068FD04A890EC060B53EC20
:10076000102B48F26460C0F200208DED001B8DED6F
:10077000022B05F059FD53EC182B48F62840C0F227
:10078000002005F051FD0020C6E90000B060C8F867
:100790000800C8E90000206016B0BDEC028BBDE87F
:1007A000F08100BF00BF00BF000000000000203F3C
:1007B00005A3923A019D2340000000000040AF3F96
:1007C00011DD52A246DF913F40F2D0500121C2F22A
:1007D000002001707047D4D480B500F031F940F2A8
:1007E000006CEFF3108EC2F2002C72B6DCE900321E
:1007F000C0185141013041F10001CCE900018EF3F4
:10080000108880BDD4D4D4D47047D4D4D4D4D4D414
:100810002DE9F041EFF3108872B600F019F940F2BB
:1008200000670446C2F200270D463A7E012A0ED127
:1008300000F0FEF848B300F00BF904460D4600F056
:10084000FFF800196941441C41F100051DE0EFF378
:10085000108672B600F0ECF8A8B100F005F900F0CF
:10086000EFF8EFF3108272B6D7E90035C01869418E
:10087000013041F10001C7E9000182F3108800F066
:10088000E7F804460D4686F31088D7E90001001901
:10089000D7E902236941821A71EB030205DAD7E92D
:1008A000020188F31088BDE8F081C7E9020188F3EE
:1008B0001088BDE8F081D4D42DE9F04381B040F236
:1008C0000066EFF31085C2F2002672B6307600F0B3
:1008D0008BF8804600F0C8F885F3108800F0B0F877
:1008E00000F09EF844F2402100EE100AC0F20F0121
:1008F000B8EE400A9FED231A40F2F85488425FEAAE
:100900002F91717680EE012A717E81EE000A9FEDB3
:100910001E1AC2F20024002944F6D351C1F262012A
:100920004FF0000702FE000AA0FB0101B6EE002A0C
:10093000A0EE012A8809BDEEC20A86ED040A7061A4
:10094000EFF3108972B62760FFF762FFBFF34F8F96
:10095000BFF36F8F00BFBFF34F8FBFF36F8F05469D
:10096000FFF756FF21682944401A206089F3108858
:10097000C6E90077C6E90277FFF746FF404601B0B7
:10098000BDE8F0830024744900008047D4D4D4D457
:100990000120FFF791BFD4D480B540F20062C2F2CB
:1009A0000022537E012B0CD1126986464FEAE27C6D
:1009B000A0FB02030EFB0C3301FB023150EA2F4176
:1009C00080BD50EA0F411269D31705F0A7F980BD29
:1009D00080B540F200620023C2F20022526905F0A5
:1009E0009DF980BDD4D4D4D4C0B94EF21001EFF338
:1009F0001080CEF2000172B600226FF07F430A60D1
:100A00004B604EF60453CEF20003DA778A60072279
:100A10000A604FF00071196080F310880120704760
:100A200041F6F040C2F2002000687047D4D4D4D41C
:100A30004EF60450CEF200000068C0F380607047AC
:100A40004EF214000021CEF2000000687047D4D4AA
:100A50004EF21400CEF2000001684068081A4FF010
:100A6000000161F1000170474EF604504FF0007133
:100A7000CEF2000001607047FFF7AEBED4D4D4D4EC
:100A80002DE9F04F87B090460E46814600204F6812
:100A900006AA752101238DF81800B8479DF8182083
:100AA00048F6175048F6A351C0F20020C0F20021CA
:100AB000FFF772FB41F25801484605F0B5FA70683D
:100AC000002800F0B080B068002800F0AC804846F4
:100AD00096E8BE00BEC040F6B83001F091FD00209F
:100AE00089F81C004846C9F8208000F0A5F848F6AF
:100AF00017540546C0F2002448F67D61C0F200217B
:100B000020462A46FFF748FB484600F029F948F6F8
:100B1000C23140EA0502C0F2002120460592FFF7EB
:100B20003BFB484601F0BCF90DF11A070490032184
:100B3000012248463B4601F04BF89DF81A100390FD
:100B400001223B4601F08F008DF81A000321484630
:100B500001F0A6F802900021012248463B4601F030
:100B600037F89DF81A10019001223B4601F0FD0074
:100B70008DF81A000021484601F092F807464846D1
:100B800001F0E6F90DF11B068046002101224846DE
:100B9000334601F01DF89DF81B1004460122334630
:100BA00041F008008DF81B000021484601F078F85C
:100BB00082460121484600F093FE0DF11906834656
:100BC000022101224846334601F002F89DF819102F
:100BD00005460122334641F001008DF8190002213B
:100BE000484601F05DF8DDE903211143029A114303
:100BF000019A1143394341EA0801214341EA0A01BC
:100C000041EA0B0129430843059940EA010448F2EF
:100C10002F6148F61750C0F20021C0F20020224692
:100C2000FFF7BAFA01E04FF0FF34204607B0BDE805
:100C3000F08FD4D4D4D4D4D42DE9F04381B0362568
:100C40000446C0F201050DF1030700208DF80300F2
:100C500005F14601012220463B4601F021F80646F7
:100C600005F14301012220463B4601F019F8616974
:100C700003296FD840EA06090420DFE801F0021AD0
:100C800019420DF10306012220462946334600F0A1
:100C90009FFF9DF8031007460122334601F0F30041
:100CA0008DF803002046294600F0FAFF384323E080
:100CB00000200DF103088DF803004FF0011101220F
:100CC0002046434600F0ECFF013D07460122204646
:100CD0002946434600F07CFF9DF80310064601229A
:100CE000434641F003008DF803002046294600F0FA
:100CF000D7FF47EA0601084340EA090001B0BDE812
:100D0000F0830DF1030301222046294600F060FF25
:100D10009DF8032040EA090648F6C52048F64851E8
:100D2000C0F20020C0F20021FFF736FA9DF8031050
:100D300030464D29E2D04D218DF803100DF103030B
:100D4000012206462046294600F0AAFF304301B0A2
:100D5000BDE8F0836FF00A0001B0BDE8F083D4D4A1
:100D60002DE9F04F81B040F204090DF10103C0F20A
:100D7000010901224946044600268DF801608DF8DC
:100D8000006000F025FF61690746013909F101089B
:100D9000012906D86B4601222046414600F018FF83
:100DA00007438DF802600DF1020609F17801012276
:100DB0002046334641F2440500F072FF074309F133
:100DC000750101222046334600F06AFF07431020D8
:100DD0008DF80200A9F1020101222046334600F0FD
:100DE0005FFF07434FF4FA6001F00AFC60690328D3
:100DF00001D101F019FC04EB050B48F61A15C0F2FD
:100E0000002548F2C651C0F200212846FFF7C4F978
:100E100009F171010DF102030122204600F0D8FE14
:100E20009DF8022048F6A351C0F200212846FFF7A2
:100E3000B3F948F212712846C0F20021FFF7ACF96D
:100E40000DF1010301222046494600F029FF6169A6
:100E500047EA000A0139012907D86B4601222046DA
:100E6000414600F01DFF4AEA000A48F61A1048F20F
:100E7000DF41C0F20020C0F20021FFF78DF92046CB
:100E8000FFF7DAFE804609F136010DF10203012277
:100E9000204600F09DFE9DF802600746204600F0C7
:100EA000CBFD054600208BF80000ABF8020009F1ED
:100EB00031010DF103030122204680EF7F0E8BEDFF
:100EC000011F00F085FE28B99DF8031001F0100104
:100ED0008BF8011048EA0A01102E41EA070118BFF9
:100EE00061F00B012943084301B0BDE8F08FD4D471
:100EF0002DE9F04F81B040F21F0B0DF10203C0F25B
:100F0000010B01225946044600F062FE9DF8028062
:100F1000054608F00B01022936D10BF102010DF153
:100F200001030122204600F053FE9DF80110064601
:100F300001F00F010539092906D848F6B460C0F25E
:100F4000002050F8219003E04CF20049C0F209095A
:100F50000DF1030A012220465946534600F038FE9F
:100F60009DF8031007460122534641F080008DF89A
:100F700003002046594600F093FE46EA0701084365
:100F80000543484601F03CFB0DF1020601222046D4
:100F90005946334600F01CFE9DF802100746012218
:100FA000334641F003008DF802002046594600F018
:100FB00077FE0646C82001F023FB5FEA88700AD15D
:100FC00041F247000444207828B101F011FBC4F835
:100FD0000900C4F80D1047EA0500304301B0BDE830
:100FE000F08FD4D4D4D4D4D470B582B004460225C2
:100FF00004208DF807002046C0F2010500F050FFE4
:1010000006460DF1070301222046294600F048FE5E
:1010100006430A2001F0F4FA3046AEB99DF80710F5
:1010200011F0040110D00DF1070600BF00BF00BF92
:10103000012220462946334600F0CAFD20B99DF81A
:10104000071011F00401F3D10546204600F080FF9F
:10105000284302B070BDD4D42DE9F04182B040F2F3
:1010600021080DF10707C0F201080C460122414694
:101070003B46054600F0ACFD9DF8071006460122F0
:101080003B4601F0F000414620438DF8070028461A
:1010900000F006FE304302B0BDE8F081D4D4D4D4D1
:1010A0002DE9F04182B040F221080DF10707C0F2AE
:1010B00001080C46012241463B46054600F088FDEA
:1010C0009DF80710064601223B4601F09F0041466D
:1010D00020438DF80700284600F0E2FD304302B0BF
:1010E000BDE8F081D4D4D4D42DE9F04F81B040F2E2
:1010F0001F0B0DF10203C0F2010B012259460446F9
:1011000000F066FD9DF80280054608F00B010229FB
:1011100036D10BF102010DF101030122204600F04E
:1011200057FD9DF80110064601F00F010539092908
:1011300006D848F6B460C0F2002050F8219003E0D1
:101140004CF20049C0F209090DF1030A01222046C0
:101150005946534600F03CFD9DF803100746012216
:10116000534641F080008DF803002046594600F0B8
:1011700097FD46EA070108430543484601F040FA57
:101180000DF10206012220465946334600F020FDAB
:101190009DF8021007460122334641F00C008DF8FD
:1011A00002002046594600F07BFD0646C82001F0AB
:1011B00027FA18F00C0F0AD141F2470004442078B6
:1011C00028B101F015FAC4F80100C4F8051047EA87
:1011D0000500304301B0BDE8F08FD4D4D4D4D4D4CA
:1011E0002DE9F04182B040F220080DF10707C0F26E
:1011F00001080C46012241463B46054600F0E8FC4A
:101200009DF80710064601223B4601F0F0004146DA
:1012100020438DF80700284600F042FD304302B01D
:10122000BDE8F081D4D4D4D42DE9F04182B040F2AD
:1012300020080DF10707C0F201080C4601224146C3
:101240003B46054600F0C4FC9DF807100646012207
:101250003B4601F09F00414620438DF80700284699
:1012600000F01EFD304302B0BDE8F081D4D4D4D4E8
:10127000F0B581B006260DF10307C0F201060D4658
:10128000012231463B46044600F0A2FC9DF80310C3
:101290002A786B7801F0F8011143AA7805461943C2
:1012A0003B4642EA01008DF8030001222046314608
:1012B00000F0F6FC284301B0F0BDD4D4D4D4D4D48B
:1012C0002DE9F04381B040F22B080DF10209C0F284
:1012D00001080E46022241464B46044600F078FCC7
:1012E0009DF8021007467278B37801F0B1003178AA
:1012F000F578002918BF4030002A18BF0830002BAD
:101300009DF8031018BF0430002D327918BF40F04B
:101310000200737901F0F001002A18BF0831002B98
:101320005FEA0F92B3798DF80200F0791144002B37
:101330004FF0020218BF02310028204618BF0431C6
:101340008DF8031041464B4600F0AAFC40EA070521
:101350002F21012220464B4600F03AFC9DF8021056
:1013600045EA0007307A727A01F00701B37A002863
:1013700018BF61F07F01002AF07A18BF4031002BBE
:10138000327B18BF20310028204618BF41F01001E1
:10139000002A4FF0010218BF41F008018DF8021039
:1013A0002F214B4600F07CFC384301B0BDE8F083B0
:1013B0002DE9F0438DB009250DF13303C0F201058D
:1013C000012205F13001044600F002FC10B10DB01D
:1013D000BDE8F0839DF83300C00703D100200DB0B5
:1013E000BDE8F0830DF1060302222046294600F0F5
:1013F000EFFB41F245069DF806209DF80730814637
:10140000A15D0DF12D0704EB0608102952EA0381B6
:1014100053EA02823B46D0B2062240EA0120ADF8F0
:101420001A00A91C204600F0D3FBA15D7A1D1029EB
:1014300007F104010AD1BDF82D609DF82F709DF8C9
:10144000303036BA4FEA164C164607E0BDF82DC0CC
:101450009DF82F309DF830700E461146097849EA04
:101460000009307843EA0722ADF81020062240EA4E
:10147000012005F108010DF12705ADF81200204605
:101480002B46ADF80EC000F0A3FB98F800106E1DBF
:10149000102905F1040109D1BDF827209DF8295034
:1014A0009DF82A7012BA130C324607E0BDF82730B7
:1014B0009DF829709DF82A500A4631460978ADF802
:1014C00014301378226A40EA0900002A47EA052707
:1014D000ADF8167043EA0121ADF818103FF477AF6C
:1014E00002A904460846904720460DB0BDE8F083A7
:1014F0002DE9F041002313600D78802D00F02B8141
:101500006BB2002B14D441F24503402D00EB0304D1
:101510004FF0010010D2AB0637D4EB065FD40B5668
:10152000451C538213F1800769D00820106067E0E2
:101530004FF0FF30BDE8F0812378102B50EA009384
:1015400050EA1090CB5C085C40EA0320D080207801
:1015500010284FF0030050EA009350EA1090CB5C43
:10156000085C40EA03201081207810284FF0050025
:1015700050EA009350EA1090CB5C085C40EA0320EC
:1015800050810D780720AB06C7D523780F18063099
:10159000102B57EA079357EA17961B78367846EAD6
:1015A000032393812378102B4FF0020353EA039611
:1015B00053EA1393BE5DFB5C43EA0623D381237891
:1015C000102B4FF0040353EA039653EA1393BE5DC6
:1015D000FB5C43EA062313820D78EB069FD5237844
:1015E0000F18851C102B57EA079357EA17971B789B
:1015F0003F7847EA03235382B3F5004F95D100208B
:101600000B7813F00C0F13D023784F190235102BE1
:1016100057EA079357EA17971B783F7847EA03235F
:1016200093800B785F0703D540F0040010600B78BF
:101630005F0644D5D788B7F5004F40D01789B7F576
:10164000004F3CD05789B7F5004F38D0264656F8A2
:101650000B3F776867EA03031BB940F00100106095
:101660001BE01746884600F0C3FF3A46D6E90073F0
:101670008C46C01B42F210776CEB0303C01B414643
:1016800073F1000009D30878400706D400204FF01A
:10169000FF33C6E900301068DFE70B781068C70732
:1016A00018BF13F010070AD04B5D4F191B091375B3
:1016B0007B781B095375BB781B0993750B789F06C4
:1016C00048D59789B7F5004F44D0D789B7F5004F73
:1016D00040D0178AB7F5004F3CD054F8037F6668B6
:1016E00066EA07071FB940F00200106020E05B07C0
:1016F0001ED40E46174600F07BFFD4E90023801A63
:1017000041F26F129941C0F20102101A4FF000002D
:1017100070EB010109D24FF0FF31C4E900103868C5
:101720003A4640F00200386001E03A4638683146F7
:1017300080070FD50878C0060CD5485D294400F015
:101740000F00D075487800F00F001076887800F010
:101750000F00507600231846BDE8F081D4D4D4D4CD
:101760002DE9F04788B041F246013A26C0F2010661
:101770000DF11F0310F801900122314604460025A7
:10178000ADF81C5000F024FA9DF81F1011F0060F60
:1017900000F0A0800746204600F082FB40EA0705E3
:1017A000F11C07AB0222204600F012FA054304D0D8
:1017B000204600F0CDFB05438CE040F22068C2F2E9
:1017C0000028D8E90001013041F10001C8E9000119
:1017D000FFF71EF8FFF7E0F81427BDF81C2040F2D1
:1017E0002865B9F1000FC2F2002504F1240908BFF1
:1017F00010277A43C5E90001711D20464B4600F0D1
:10180000E7F98246FFF704F8FFF7C6F8D5E90023A9
:1018100040F23065C2F20025801A9941D5E90026D0
:101820008018D8E90023714182F06402C5E9000103
:101830001A4313D1642200230026C8E9006604F08D
:101840006DFA024648F6D44048F62451C0F2002012
:10185000C0F20021FEF7A0FCC5E90066BAF1000F56
:101860000AD02046FFF7C0FB0546204600F070FB7B
:10187000284340EA0A052DE0BDF81C00C0B1002550
:10188000E846002607E000BFBDF81C00013517FA46
:1018900086F685420CD219FA86F120464246FFF7B9
:1018A00027FE68B9216A0029EED040468847EBE759
:1018B000204600F04DFB00280BD4BDF81C5009E079
:1018C0002046FFF791FB204600F042FB4FF0FF352A
:1018D00000E00546284608B0BDE8F087D4D4D4D44B
:1018E0002DE9F04381B041F247020D460446815490
:1018F00000F0D6FA002D62D0012D40F0938040F226
:1019000028080DF10309C0F20108012208F10D07B2
:10191000204639464B46012600F05AF99DF803103F
:10192000054601224B4601F09F00394640308DF8B4
:101930000300204600F0B4F9054301222046414649
:101940004B4600F045F99DF80310054301224B4634
:1019500001F0FC00414602308DF80300204600F003
:101960009FF905430021012220464B4600F030F943
:101970009DF80310054301224B4641F001008DF80C
:1019800003000021204600F08BF9054301210122CC
:1019900020464B4600F01CF99DF803100543012238
:1019A0004B4601F0D000012127308DF8030020467E
:1019B00000F076F945EA000708F1010526E040F25B
:1019C00028080DF10306C0F2010801222046414615
:1019D0003346012500F0FCF89DF80310074601226C
:1019E000334641F001008DF803002046414600F0E7
:1019F00057F90743012101222046334600F0E8F859
:101A00009DF803600743042060F302060DF1030311
:101A10000122204629468DF8036000F041F947EA8B
:101A2000000501E04FF0FF35204600F091FA284311
:101A300001B0BDE8F083D4D460B370B50446C0688B
:101A400058B304F1180265681F2101232046A847F6
:101A500005460028E06818BF6FF00205F8B104F1F0
:101A60001902D4F804C0202101232046E047E16890
:101A7000002818BF6FF0020599B104F11A02D4F8DA
:101A800004C0212101232046E047002818BF6FF041
:101A9000020008E06FF00A0070476FF0040565F07F
:101AA00004056FF00400054304F11B0200212046E9
:101AB000002600F005F82843267770BDD4D4D4D48E
:101AC0002DE9F04182B090460F4604460E0A8DF88B
:101AD000056000F0E5F9002E064610D0206958B1E7
:101AE000A5680DF105027C2101232046A8470028A6
:101AF00018BF6FF0020001E06FF004000643206998
:101B00008DF8067058B1A7680DF106027D210123FA
:101B10002046B847002818BF6FF0020001E06FF0C0
:101B2000040006430A2000F06BFDE06850B16768CE
:101B30007E21012320464246B847002818BF6FF097
:101B4000020001E06FF0040046EA00050A2000F000
:101B500057FD9DF80500A8B1206900284FF000004E
:101B60008DF806000BD0A7680DF106027C21012339
:101B70002046B847002818BF6FF0020001E06FF060
:101B800004000543217F207E012913D1216900F043
:101B9000EF008DF80700207681B1A7680DF10702EC
:101BA0001F2101232046B847217F002818BF6FF06E
:101BB000020006E0C0F30010013802E06FF00400FC
:101BC000012128430139217702B0BDE8F081D4D446
:101BD0002DE9F04F85B00028029142D01646002A28
:101BE00042D0074640F21F0B40F221091D4607F183
:101BF0001A044FF0000AC0F2010BC0F20109DDF82F
:101C000008801B30019007F11900049007F11800BB
:101C1000039008E0019800782870013E05F1010565
:101C200008F1010836D0D84506DCB8F1000FF1D034
:101C3000D8450398EFD008E0C8452046EBD02020D7
:101C4000C0F2010080450498E5D00298C0030ED48C
:101C50001FFA88F138462A46FFF732FF4AEA000A9F
:101C6000DBE76FF00A0A15E04FF0000A12E0F868AF
:101C7000864202D96FF004000AE07C685FFA88F1BE
:101C800038462A463346A047002818BF6FF00200A6
:101C90004AEA000A504605B0BDE8F08FD4D4D4D447
:101CA0002DE9F04F89B0002800F0D6800446002AC4
:101CB00000F0D5801F268B46C0F2010617469846D5
:101CC0004FF0000A04F11B00039004F11A00069083
:101CD00004F11900059004F11800049001F480301B
:101CE000079000910292019312E000BF00BF00BF75
:101CF000C0F300100138217F28434AEA000A013965
:101D00002177013F08F101080BF1010B00F0A080E1
:101D1000B34509DCBBF1000F13D0B345049811D0D3
:101D200013E000BF00BF00BF2120C0F201008345C7
:101D3000069807D02020C0F201008345059801D005
:101D400003E0039898F80010017007980028D8D194
:101D50004FEA1B208DF82100204600F0A1F89DF8E5
:101D6000211081460029216912D061B1A56879212D
:101D7000012320460DF12102A847002818BF6FF06B
:101D80000200216902E06FF00400002149EA000925
:101D90008DF822B0C1B1A5687A21012320460DF14A
:101DA0002202A8472169002818BF69F0020969B119
:101DB000A5687B21012320464246A8470546002806
:101DC00018BF6FF0020503E069F004096FF0040525
:101DD0000A2000F015FC9DF8210098B12069002828
:101DE0004FF000008DF822000FD0A5687921012363
:101DF00020460DF12202A8470546002818BF6FF0C3
:101E0000020504E045EA090501E06FF00405217FC1
:101E1000207E1F260129C0F201067FF469AF2169E7
:101E200000F0EF008DF82300207671B1A6681F2125
:101E3000012320460DF12302B0471F260028C0F2DF
:101E4000010618BF6FF0020055E76FF0040052E77B
:101E5000029ADDE9001307E06FF00A0A19E04FF07B
:101E6000000A01F480300790079890B120698242FF
:101E700002D96FF004000AE01646A768C9B22046EE
:101E80001A463346B847002818BF6FF002004AEAE6
:101E9000000A504609B0BDE8F08FD4D4D4D4D4D4CD
:101EA00070B12DE9F04782B0017F0446007E51B148
:101EB000C0F3001001380131217702B0BDE8F0878E
:101EC0006FF00A007047216940F010008DF807009C
:101ED000207699B3A7680DF107021F210123204640
:101EE000B84720B16FF0020002B0BDE8F08700F003
:101EF0007FFB44F2402905460E464FF000080DF1E5
:101F0000070AC0F20F0900BFE068B8B16768002196
:101F1000012320465246B8470028E3D100F068FB71
:101F2000401BB141B9EB000078EB01000BD39DF8E9
:101F300007000007E8D5217F0020BCE76FF0040010
:101F400002B0BDE8F0876FF0030002B0BDE8F08793
:101F5000D8B1027F017E012A1AD110B582B0026980
:101F600001F0EF018DF807100176AAB1D0F808C092
:101F70000DF107021F2101230446E04701462046D8
:101F8000002918BF6FF0020108E06FF00A007047E7
:101F9000C1F30011013904E06FF0040102B0BDE8A3
:101FA0001040027F013A027708467047D4D4D4D457
:101FB00010B540F23864A821C2F20024204604F093
:101FC00033F803202061606148F6E02040F2E061D0
:101FD000C0F20020A061C2F20021E1614FF48061F3
:101FE00021620021A1626162E16240F6E022206686
:101FF0004FF0100E48F6DC60C2F200226266C4F8B0
:1020000068E02167E1666167BFF35F8FC0F200207F
:102010000F3000BF00BF00BF10F8011904F8011B0A
:102020000FF007C0BFF35F8F10BDD4D4D4D4D4D485
:1020300070B548F6046072B64EF62856C0F200201D
:10204000CEF20006FEF758F848F66900C0F200200C
:10205000FEF752F87068002807D47068400010D569
:1020600048F64B10C0F2002003E048F62F10C0F2F3
:102070000020FEF741F848F66900C0F20020FEF7A4
:102080003BF848F67810EFF30884C0F20020FEF722
:1020900033F848F66905C0F200252846FEF72CF80B
:1020A00048F629002168C0F20020FEF73DF848F606
:1020B00013306168C0F20020FEF736F848F2554050
:1020C000A168C0F20020FEF72FF848F2EC50E1685A
:1020D000C0F20020FEF728F848F635002169C0F26A
:1020E0000020FEF721F848F641006169C0F20020A7
:1020F000FEF71AF848F64D00A169C0F20020FEF77D
:1021000013F848F27550E169C0F20020FEF70CF8B0
:1021100048F2F850C0F20020FDF7EEFF2846FDF728
:10212000EBFF48F232703168C0F20020FDF7FCFF8F
:1021300048F6474056F8241CC0F20020FDF7F4FF93
:1021400048F23C507168C0F20020FDF7EDFF48F204
:102150008150C0F20020FDF7CFFF2846FDF7CCFFED
:1021600048F69910EFF30581C0F20020FDF7DCFF7F
:10217000306880010BD548F6A610C0F20020FDF7AC
:10218000BBFF48F66900C0F20020FDF7B5FF3068DC
:10219000C0010BD548F67E20C0F20020FDF7ACFF51
:1021A00048F66900C0F20020FDF7A6FF3068C002C3
:1021B0002AD548F67740C0F20020FDF79DFF48F68B
:1021C0006900C0F20020FDF797FF48F65B3021461A
:1021D000C0F20020FDF7A8FF48F6B250EFF30A81E5
:1021E000C0F20020FDF7A0FF48F27A40EFF309812A
:1021F000C0F20020FDF798FF48F24470EFF30B8126
:10220000C0F20020FDF790FF306800030BD548F6C0
:102210001F20C0F20020FDF76FFF48F66900C0F2F2
:102220000020FDF769FF306840030BD548F63360A6
:10223000C0F20020FDF760FF48F66900C0F2002000
:10224000FDF75AFF306880030BD548F6C410C0F282
:102250000020FDF751FF48F66900C0F20020FDF7AD
:102260004BFF3068C0030BD548F6E920C0F20020D0
:10227000FDF742FF48F66900C0F20020FDF73CFF81
:102280003068800515D548F66A30C0F20020FDF7A9
:1022900033FF48F66900C0F20020FDF72DFF3068DB
:1022A000000406D548F690303169C0F20020FDF7F1
:1022B0003BFF3068C0050BD548F21050C0F200203B
:1022C000FDF71AFF48F66900C0F20020FDF714FF81
:1022D00000BE70BDD4D4D4D480B540F2200080219B
:1022E000C2F2002003F0A0FE40F6F02C48F6C470C5
:1022F00040F6F422C2F2002CC0F20020C2F200220A
:102300000023CCF80030D0E900011360BDE8804024
:1023100000F00ABCD4D4D4D40179042923D140F6E6
:10232000F42140F22003C2F200218068C2F20023AF
:102330000A6898540868013008600868802801D14C
:102340000020086040F6F0200968C2F20020026810
:10235000914208D10168013101600168802918BFEC
:10236000704700210160704748F6C471C0F2002137
:1023700009684A6A1071486A816C8900FCD500209E
:102380007047D4D4D4D4D4D42DE9F04182B040F6EF
:10239000F02640F6F427C2F20026C2F2002700BF62
:1023A00030683968884201D100BFF9E73068396880
:1023B000884213D238683168884240F22001306880
:1023C000C2F200215FEA0F9401440DF1070022469A
:1023D00003F02EFE30682044306003E03068396836
:1023E000884204D19DF8070002B0BDE8F081306852
:1023F0003968081A40F2200210F1800530685FEA5F
:102400000F94C0F180003168C2F200221144A04252
:102410001DD230680DF10708C0F18002404603F07C
:1024200007FE002D6FF07F0050EA00903168002217
:102430000844316832603A68824252EA3084A8EB3C
:10244000010040F220018030C2F20021BFE70DF10F
:102450000700224603F0ECFD30682044306030680D
:102460008028BFD10020B7E700200025FEF724FA1E
:10247000FFF79EFDFFF730FF48F6D300C0F20020C3
:1024800003F0E7FE48F6DB30C0F2002003F0E1FE87
:1024900048F63D2048F6A831C0F20020C0F20021E5
:1024A00003F0C2FE00F05CF948F60C70C0F20020A8
:1024B000D0E9000101F0F0FD40F6F82142F2615050
:1024C000C2F2002142F29152C0F20020C0F200227A
:1024D0007E23C1E9005040F610300324C1E90223F5
:1024E00040F27152C2F20020C0F20022C1E904346D
:1024F000FEF7C6FA58B1024648F6AE3048F2C2714D
:10250000C0F20020C0F20021FDF726FF05E040F6F2
:102510001030C2F20020FDF733FF48F61870C0F209
:102520000020046800BF00BF4FF4857101222046DF
:1025300001F062F84FF4FA704FF47A7103F07CF90D
:102540004FF485710022204601F056F84FF4FA70DE
:102550004FF47A7103F070F9E6E7D4D4D4D4D4D42C
:1025600010B5084611461A4600F0AAF9044650B1C3
:1025700048F6DB0048F25C71C0F20020C0F2002196
:102580002246FDF7E9FE204610BDD4D4D4D4D4D4DD
:1025900010B5084611461A4600F0FEF9044650B13F
:1025A00048F65B5048F24961C0F20020C0F20021B9
:1025B0002246FDF7D1FE204610BDD4D4D4D4D4D4C5
:1025C000F0B581B00C460546FEF722F9FEF700FA99
:1025D0004FF47A72002306464FF47A7703F09EFB9D
:1025E00000FB17612860216001B0F0BDD4D4D4D4C1
:1025F00080B5FEF70DF9BDE88040FEF7CDB9D4D423
:10260000012103F019B9D4D4022818BF704741F64C
:10261000B43049F29821C2F20020C0F2002100F04B
:1026200023BFD4D4D4D4D4D4F0B585B041F6683621
:1026300048F68471C2F20026C0F2002120223068E0
:102640000C6841F66C3120F002003060C2F20021CB
:10265000204602F04DFA48B1054648F24E5048F681
:102660001F31C0F20020C0F200213AE041F68C3761
:102670000721C2F2002700220123386820F0400021
:102680003860204601F0E8FF70B1054648F24E5030
:1026900048F66751C0F20020C0F2002121E000BFDF
:1026A0000120012103F0C8F838684006F8D506205B
:1026B0008DF804000020CDE90200ADF8100001A95A
:1026C000386820F080003860204601F0F9FF98B1AA
:1026D000054648F24E5048F29761C0F20020C0F221
:1026E00000212A46FDF738FE284605B0F0BD00BFA0
:1026F0000120012103F0A0F838680006F8D503E0B6
:102700000120012103F098F838688007F8D503E02C
:102710000120012103F090F830688007F8D538686F
:10272000072120F04000386000220123204601F0FC
:1027300093FF0028A9D103E00120012103F07CF8D8
:1027400038684006F8D53068002520F00200306077
:10275000CAE7D4D4D4D4D4D4D4D4D4D4D4D4D4D430
:1027600070B58CB04FF48060ADF81400102040F2CA
:102770000141C0F201700490ADF81C10069040F2C7
:102780000D40ADF82400052008900320ADF80400AA
:1027900004A80290002003900AA801A900F064FE9A
:1027A00048F68470C0F20020D0E90061304601F0A4
:1027B00063FD48B1044648F2537048F27671C0F2A6
:1027C0000020C0F2002149E041F6903547F2700048
:1027D000C2F2002529462880304601F0EDFE48B1BE
:1027E000044648F2537048F68B51C0F20020C0F204
:1027F000002133E041F69A322DA0C2F200220021DE
:1028000090ED001F01205071304682ED010F01F064
:10281000E3FE48B1044648F2537048F6E031C0F296
:102820000020C0F2002119E0304601F06DFD48B1F2
:10283000044648F2537048F6C151C0F20020C0F27D
:1028400000210BE0FFF7F0FE70B1044648F2537030
:1028500048F2AE61C0F20020C0F200212246FDF72E
:102860007BFD20460CB070BD48F253742A7AC0F24A
:10287000002448F6D351C0F200212046FDF78CFC1D
:102880006A7A48F6B831C0F200212046FDF784FC90
:10289000EB8848F6E111D5F80220C0F2002120466D
:1028A000FDF77AFC0024DCE700BF00BF00BF00BFDB
:1028B00071000000010000000100000000000000A5
:1028C0002DE9F04182B0032400298DF8070018BFDC
:1028D000002A4FD048F684700E46C0F20020904681
:1028E000002100220768384601F0AEFE48B10446D8
:1028F00048F67C0048F60041C0F20020C0F20021FA
:1029000035E041F68C350DF10701C2F200250122B8
:102910000123286820F480702860384601F0C0FF49
:1029200070B1044648F67C0048F2A451C0F2002081
:10293000C0F200211BE000BF0120012102F07CFF5A
:102940002868C005F8D52868002320F400702860A6
:1029500038463146424602F063F878B1044648F6FC
:102960007C0048F65941C0F20020C0F20021224606
:10297000FDF7F2FC204602B0BDE8F0812868002493
:102980008005F7D400BF00BF0120012102F054FFF1
:1029900028688005F8D5EDE703460320002918BF15
:1029A000002A00D170477F2A01D90920704770B5ED
:1029B000A0B06C468DF80030601C154603F038FB63
:1029C00041F68C366A1CC2F200260023214630688C
:1029D00020F48070306048F68470C0F200200068F7
:1029E00001F05EFF78B148F6590248F69C61C0F2EA
:1029F00000220446C0F2002110462246FDF7ACFC3E
:102A0000204620B070BD3068C00508D400BF00BFAC
:102A10000120012102F010FF3068C005F8D5002028
:102A200020B070BDD4D4D4D480B541F68C3E0178AA
:102A3000C2F2002E4FF0010C0CFA01F20929DEF867
:102A4000003042EA0302CEF8002058D8DFE801F057
:102A500005295757575757571443C06841F69032C6
:102A6000C2F2002281791172C17951728188D180BC
:102A70000068C2F8020080BD41F6A0314068C2F291
:102A800000210528086018BF80BD48F6954048F62B
:102A90001841C0F20020C0F20021BDE88040FDF7DF
:102AA00047BC41F66831407CC2F2002101228240DD
:102AB00001280B6842EA03020A6021D0F8B948F6FF
:102AC000954048F21B61C0F20020C0F20021BDE831
:102AD0008040FDF761BB41F6A0314068C2F20021A1
:102AE000052808600BD148F6954048F25F51C0F2C6
:102AF0000020C0F20021BDE88040FDF719BC80BD78
:102B000048F6954048F68B01C0F20020C0F2002143
:102B1000BDE88040FDF740BB80B5FFF7A5FC002075
:102B200080BDD4D4D4D4D4D42DE9F0470D4609784F
:102B300048F200020446C4F2350202EB0120606252
:102B4000002020702562A2786969A162A969C4E9A0
:102B50000B0122F00300D5F81C80411CA17069789C
:102B600011B940F00200A07095F90B204EF2001947
:102B7000CEF200090126500902F01F034CF2003A80
:102B8000A97A09EB800006FA03F3C4F2000A4EF6B4
:102B9000185CC0F88030CEF2000CBFF34F8FBFF34B
:102BA0006F8F5AF82230002A23F480334AF82230FB
:102BB0004FEA01115AF8223004D409EB020383F8DA
:102BC000001304E002F00F03634403F8041C41F611
:102BD000A8410120C2F2002141F8224095F90520C8
:102BE000530902F01F06B0402E7909EB8303002A37
:102BF000C3F880004FEA0613BFF34F8FBFF36F8F08
:102C00005AF8220020F480304AF822005AF82200B4
:102C100004D409EB020080F8003304E002F00F0056
:102C2000604400F8043C41F82240012695F9072051
:102C3000500902F01F0306FA03F3AE7909EB800096
:102C4000002AC0F880304FEA0613BFF34F8FBFF35E
:102C50006F8F5AF8220020F480304AF822005AF888
:102C6000220004D409EB020080F8003304E002F0F3
:102C70000F00604400F8043C41F82240012695F919
:102C80000920500902F01F0306FA03F32E7A09EB1C
:102C90008000002AC0F880304FEA0613BFF34F8F40
:102CA000BFF36F8F5AF8220020F480304AF82200D8
:102CB0005AF8220004D409EB020080F8003304E043
:102CC00002F00F00604400F8043C41F8224001206B
:102CD000EFF3108680F3108828784FF0004121FA36
:102CE00000F043F20401C4F220010A6822EA000065
:102CF000086008681E20012102F09EFD86F31088FE
:102D00004FF48061606A4FF480428160E869E9783D
:102D10006E78437802EA8131077866F30921DA0395
:102D2000437B92B207F0030703F00103114441EA29
:102D30004352636A42EA0762416802F580525A616F
:102D4000027802F0FE03022B07D14FF60471022A2B
:102D5000CFF6007108BF203100E00968626A116196
:102D60000C22017BAB78877862F39F014FF44072AD
:102D7000022B08BF4FF48072002B07F00103676A33
:102D800018BF114341EA0371F960626A0021916141
:102D90002A78092A04D8626A0023C1F61F73536295
:102DA000B0F80F20807B636A40EA022041F601728E
:102DB000C0F21F0210401863206AC4E90411C4E97C
:102DC0000611C569A160687C50B34EF25400C4F28C
:102DD0000100017801F00F01022901D801220BE066
:102DE000CA1E052A06D249F2F021C0F2002151F88C
:102DF000226003E00839102202FA01F6407800F060
:102E00000F0002F0C9FC41F6F042697CC2F20022D8
:102E1000B0FBF6F012685143B1FBF0F00130A06056
:102E2000606AB8F80A101022A181C9F607528266BA
:102E3000206A90F905104A0901F01F035AF8210091
:102E400020F480304AF821005AF8210009F5C070BA
:102E50000121BFF35F8F01FA03F340F8223049F8F4
:102E60002230226A92F90B205AF8223023F4803360
:102E70004AF822305AF82230530902F01F02BFF3F9
:102E80005F8F01FA02F240F8232049F82320226ADA
:102E900092F907205AF8223023F480334AF822307E
:102EA0005AF82230530902F01F02BFF35F8F01FA74
:102EB00002F240F8232049F82320226A92F90920DF
:102EC0005AF8223023F480334AF822305AF822305C
:102ED000530902F01F02BFF35F8F914040F82310A7
:102EE00049F8231040F21141606AC0F2010181608B
:102EF000606A00BF00BF00BF017FC907FCD044F675
:102F000042110020C5F243316160BDE8F087D4D49E
:102F100003460020C3E906127047D4D4D4D4D4D4D5
:102F2000D0F824C0DCF8083023F44013CCF8083083
:102F3000D0F824C000BF00BFDCF848305B00FBD5F0
:102F4000DCF8083023F01003CCF80830D0F824C0A7
:102F50009CF81C30DB06FBD4C0E904120020DCF82E
:102F6000081041F01011CCF808107047D4D4D4D414
:102F70002DE9F0410446406A4FF6EE7288468668B5
:102F8000CFF6CE7232408260206A00222261C76989
:102F9000A260787C50B34EF25400C4F20100017874
:102FA00001F00F01022901D801220BE0CA1E052AF7
:102FB00006D249F2F021C0F2002151F8225003E07C
:102FC0000839102202FA01F5407800F00F0002F0F3
:102FD000E3FB41F6F042797CC2F20022B0FBF5F04F
:102FE00012685143B1FBF0F00130A060606AD8F87C
:102FF000001026F4401201610020616A8A60BDE879
:10300000F081D4D4D4D4D4D400204FF0FF32C1E91D
:1030100000227047D4D4D4D48A0703D40622C90727
:1030200015D116E0426A936823F440139360426A14
:10303000936C5B00FCD5936823F010039360426AA5
:10304000137FDB06FCD400224261C90701D00022B5
:10305000C26110467047D4D4844681620020CCE916
:103060000B327047D4D4D4D444F642124168C5F22E
:10307000433291426DD1B0B5416A8A6822F4401260
:103080008A60416A8A6822F010028A60416A00BF41
:103090000A7FD206FCD4016A4EF2801CCEF2000CEC
:1030A000054691F907104A0901F01F03012101FAB1
:1030B00003F34CF82230BFF34F8FBFF36F8F026AD8
:1030C00092F90920530902F01F0201FA02F24CF8AA
:1030D0002320BFF34F8FBFF36F8F426A936823F4AF
:1030E00080339360026A92F90520530902F01F02AF
:1030F00001FA02F24CF82320BFF34F8FBFF36F8F1A
:10310000026A92F90B20530902F01F0201FA02F23F
:103110004CF8232043F20402BFF34F8FBFF36F8FAD
:10312000EFF3108481F31088016AC4F220024FF09B
:10313000004C1E20097813682CFA01F11943116024
:103140001168012102F078FB84F310880020686088
:10315000B0BD07207047D4D40246C0690860002083
:103160000021D1617047D4D406207047D4D4D4D480
:1031700006207047D4D4D4D4B0B584B04FF0704199
:10318000EFF3038001EB00604CF200318015C4F2D4
:103190000001425822F48032425041F6A842415880
:1031A000C2F200221458206A00690028606902D027
:1031B000E0B104B0B0BDC8B1A07800F003000228AF
:1031C000206905D10088616A20F4DC40486002E093
:1031D000616A00780871A078226900F003016069D3
:1031E000401A6061114421610028E2D1616A022223
:1031F0008D68A06862F3155510B102F05DFB616A3D
:103200008D60A06A00284FF000002061D1D0E06AF4
:1032100020B190E82E008DE82E0000E06846216A7B
:10322000097801600021816080210171216BC160FA
:10323000A16A8847E06A00281CBF9DE82E002EC0C6
:1032400004B0B0BDD4D4D4D410B586B04FF0704122
:10325000EFF3038001EB00604CF200318015C4F203
:103260000001425822F48032425041F6A8424158AF
:10327000C2F200221458A07800F00302606A022A09
:1032800003D101686FF35F2100E00178E0690191EB
:10329000D0B1A06901A902F0CBFEA078D4E9061252
:1032A00000F003000144101AC4E9061034D1A06AEA
:1032B00090B3E06AE0B1D0E900C2D0E90231CDE9D3
:1032C0000431CDE902C214E0A06A28B3E06A40B13B
:1032D000D0E900CED0E90223CDE90423CDE902CE26
:1032E00000E002A8226A127881600260042106E0F0
:1032F00002A8216A09780160002181600121017121
:10330000216BC160A16A8847E06A28B102AC1ECC7B
:10331000016042608360C46006B010BDD4D4D4D4D0
:10332000B0B584B04FF07041EFF3038001EB006063
:1033300041F6A8428115C2F200224FF6EF7304163F
:103340005558CFF6CF73696A8A681A408A60A96AAD
:10335000E1B1E86A40B1D0E900C2D0E90231CDE97B
:103360000231CDE900C200E06846296A09780160AF
:103370000021816002210171296BC160A96A88471F
:10338000E86A00281CBF9DE82E002EC04CF20030D9
:10339000C4F2000050F8241021F4803140F82410C9
:1033A00050F8240004B0B0BD70B584B04FF0704147
:1033B000EFF3038001EB006041F6A8428115C2F2F1
:1033C00000225458A178636A01F00301022904D154
:1033D000D3F800C06FF35F2C01E093F800C09A6C43
:1033E0002025082105EAD2454FF0100E01EA1261AE
:1033F0001EEA126229440A4403D0996C090458BF9A
:103400004032996E051641F0C8519966A16AD9B14A
:10341000E06A40B1D0E900E3D0E90216CDE9021636
:10342000CDE900E300E06846216A0978C0F808C0E9
:1034300001600271216BC160A16A8847E06A0028BF
:103440001CBF9DE84E004EC04CF20030C4F200009C
:1034500050F8251021F4803140F8251050F825004F
:1034600004B070BDD4D4D4D480B545F25422C5F292
:103470004F020260084600F037F9002080BDD4D426
:103480000146002000220A607047D4D4D4D4D4D49A
:1034900080B5084600F028F9002080BDD4D4D4D4EB
:1034A00070B586B001A8049003A814460D46ADF887
:1034B000081001920126ADF80C6000F07DF941F68C
:1034C000A440EFF31081C2F2002086F31088026856
:1034D0003AB940F614520023C4F24002137040235C
:1034E000137002680132026081F31088E10340F634
:1034F00000014FEA1522C4F2400101D4EBB20CE006
:1035000001EB8216EBB256F8235025F4803546F8CD
:10351000235024F4803546F8235001EB8211012218
:1035200041F82340EFF3108182F31088026812B152
:103530000268013A0260006838B940F6145000226F
:10354000C4F2400002708022027081F310880020D3
:1035500006B070BDD4D4D4D404200023C4F24000FB
:10356000CFF6FF7340EAD100C9B220F01B0000681B
:1035700043EA104020FA01F1002001F0010111702E
:103580007047D4D4D4D4D4D410B56FF00100CBB2EA
:1035900000EAD11001210C2401FA03FE0101C4F25A
:1035A000400444EA001C4FF48030012A625800FABB
:1035B00003F004D122EA000040EA0E0203E022EA0E
:1035C0000E0141EA00020020CCF8002010BDD4D446
:1035D0006FF03F00CBB200EA910040F6000100EB33
:1035E0008300C4F2400141580020C1F34001117032
:1035F0007047D4D4D4D4D4D410B5CBB201209840E1
:103600006FF0010E84B20EEAD110002A40F20802D7
:103610004FF4803C4FEA0011C4F240024FF000002A
:1036200008BF0CFA03F4545010BDD4D4D4D4D4D46D
:1036300080B56FF0010040F2000C00EAD110C4F236
:10364000400C010103EA020E62EA03025CF8010089
:103650004EEA000E002002EA0E024CF8012080BD66
:103660006FF0010000EAD11004210001C4F2400112
:1036700009580020090C11807047D4D4D4D4D4D474
:103680006FF0010003EA020C00EAD11023EA020104
:103690000C230201C4F2400300204CEA014199507E
:1036A0007047D4D4D4D4D4D46FF00100042300EAFA
:1036B000D110C4F240030101002059581180704715
:1036C0006FF0010003EA020C00EAD11023EA0201C4
:1036D00008230201C4F2400300204CEA0141995042
:1036E0007047D4D4D4D4D4D470B5044600F064F870
:1036F00041F6A44CEFF31081C2F2002C012080F3BC
:103700001088DCF8000038B940F614500022C4F2EA
:103710004000027040220270DCF800000130CCF85A
:10372000000081F31088208830B340F6000E00219D
:10373000C4F2400E08E000BF0EEB8010013140F8EB
:1037400022302088814217D2606800EBC10250F815
:1037500031309288D8034FEA1220D2B2ECD50EEB6A
:10376000801555F8226026F4803645F8226023F44F
:10377000803645F82260DFE70120EFF3108180F307
:103780001088DCF8000020B1DCF800000138CCF82B
:103790000000DCF8000010B181F3108870BD40F625
:1037A00014500022C4F2400002708022027081F3A3
:1037B000108870BDD4D4D4D42DE9F04F81B0044624
:1037C0000088002867D04EF64C4B0025C4F2010B50
:1037D0004FF0010A04E000BF2088013585425AD22B
:1037E00049F2383642F240080027C0F20026C4F2FF
:1037F00020080CE000BF00BF88F80000C8200121AD
:1038000002F01AF8013708F10208032FE4D06068CB
:1038100036F8021B00EBC50082888A42F2D10068AC
:103820009BF8001000F0B8500AFA07F9B0F1807F59
:1038300009EA010018D158B9012002F0B1F89BF84B
:10384000000040EA09008BF80000012002F07CF83B
:1038500098F900000028D5D498F8000040F08000C6
:10386000CAE700BF00BF00BF58B1012002F098F8BE
:103870009BF8000020EA09008BF80000012002F00C
:1038800063F898F90000B0F1FF3FBBDC98F8000046
:1038900000F07F00B0E701B0BDE8F08FD4D4D4D4FD
:1038A000F0B50269002313704023026913700269A6
:1038B00013785B06FCD5C0231370026803690825E2
:1038C0004EF6185C526ACEF2000C127942F0E00219
:1038D0001A7402680369526AD27842F0E0025A749C
:1038E00002680369526A927862F306159D70026855
:1038F0000569526A13785278012B5FEA1F9343EAF5
:10390000420242F00402EA70026844F24025C0F22A
:103910000F0503695268AA424FF0770208BF6FF0A3
:1039200008025A71002302699371B3230269D371AB
:103930004EF2001291F911404B7BCEF20002002CA6
:103940004FEA031303D4151985F8003304E004F09B
:103950000F05654405F8043C41F6A84E4CF20033CF
:10396000C2F2002EC4F2000301274EF8240053F8DF
:10397000245025F4803543F8245053F82450650929
:1039800004F01F04BFF35F8F02EB850607FA04F40F
:10399000C6F8804142F8254091F90F404D7B002C3C
:1039A0004FEA051503D4161986F8005304E004F015
:1039B0000F06664406F8045C4EF8240053F82450C1
:1039C00025F4803543F8245053F82450650904F059
:1039D0001F04BFF35F8F02EB850607FA04F4C6F8F5
:1039E000804142F8254091F910404D7B002C4FEA70
:1039F000051503D4161986F8005304E004F00F06E9
:103A0000664406F8045C4EF8240053F8245025F46C
:103A1000803543F8245053F82450650904F01F04FE
:103A2000BFF35F8F02EB850607FA04F4C6F8804106
:103A300042F8254091F90E40497B002C4FEA0111D4
:103A400003D4171987F8001305E004F00F0505EB00
:103A50000C0707F8041C4EF8240004F01F0753F865
:103A60002410012621F4803143F8241053F8241047
:103A7000610906FA07F7BFF35F8F02EB8103C3F812
:103A8000807142F821709F2100690170F0BDD4D48B
:103A900010B582B04FF07041EFF3038001EB00608E
:103AA0004CF200328015C4F20002835823F48033B4
:103AB00083508058EFF3038001EB006041F6A8418A
:103AC0008015C2F200210C5894F82D0078B1E069FD
:103AD000002800F0C8802168496AC97901293FD1CE
:103AE000A06B58B3D0E90012CDE9001227E0A0691D
:103AF000022804D82069017941F040010171E06990
:103B000001280ED12069017941F01001017120696D
:103B1000017941F0080101712069017901F0EF019B
:103B200001712068406AC07901287CD1A06B00280F
:103B300068D0D0E90012CDE9001264E06846E16B7C
:103B4000016005210171616B8847A06B00281CBFD3
:103B5000DDE90012C0E90012002084F82B00E069C2
:103B6000012819D0022807D003286FD120690179D4
:103B700041F04001017169E02069017941F01001D3
:103B800001712069017941F0080101712069017911
:103B900001F0EF01017159E094F82A0001284DD19C
:103BA00020684EF28013CEF2000390F90F00420914
:103BB00000F01F01012000FA01F143F82210BFF3C9
:103BC0004F8FBFF36F8F2169CA7942F08002CA71AB
:103BD00021690A7942F010020A7121690A7902F01A
:103BE000F7020A7121690A7902F0EF020A7121696C
:103BF00004224A7021694A7902F0FE024A7184F86F
:103C00002C0023E06846E16B016005210171616BC6
:103C10008847A06B00281CBFDDE90012C0E9001234
:103C2000002084F82B002069C07C8DF800009DF8EE
:103C30000000012084F82D0002B010BD2069417AF7
:103C400001F0F7014172206908214170D4E90401B3
:103C5000C07C226A8854D4E90701013801F10101CE
:103C6000C4E9070101D002B010BD2069017901F05B
:103C7000BF01017102B010BDB0B582B04FF070410C
:103C8000EFF3038001EB00604CF200358015C4F2C5
:103C90000005425922F4803242514059EFF303802B
:103CA00001EB006041F6A8418015C2F200210C58DA
:103CB00094F82700D8B194F82600032807D194F887
:103CC0002800022803D194F83000002843D020694E
:103CD00094F82410817494F8280094F82710013087
:103CE00084F82800481E84F8270002B0B0BD94F87C
:103CF000290080BB2068406AC07901281CD194F853
:103D00002B00C8B9206AB8B1A06B20B1D0E900126D
:103D1000CDE9001200E06846E16B01600521017108
:103D2000616B8847A06B00281CBFDDE90012C0E969
:103D30000012002084F82B00E06970B1D4E904017E
:103D4000226A895C8174D4E90701013801F101011B
:103D5000C4E9070101D002B0B0BD2069C17901F00A
:103D60007F01C17120696FF0BE0100BF00BF00BFBD
:103D700090F90720B2F1FF3F03DC002901F10101B6
:103D8000F6D1206890F9100055F8201021F4803108
:103D900045F8201055F82000206890F91000002800
:103DA0000BD44EF2802300F01F014009CEF2000335
:103DB000012202FA01F143F820102069C17941F093
:103DC0004001C17102B0B0BD10B582B04FF070417A
:103DD000EFF3038001EB006041F6A8418015C2F2C9
:103DE00000210C582068406AC079012817D1A06BC7
:103DF00020B1D0E90012CDE9001200E06846E16B85
:103E0000016005210171616B8847A06B00281CBF10
:103E1000DDE90012C0E90012002084F82B0094F8BC
:103E20002900012806D194F82700012802D194F82E
:103E3000300080B3E06970BB94F82A00012822D1D9
:103E400020684EF28013CEF20003012290F90F0099
:103E500000F01F01400902FA01F143F82010BFF3FE
:103E60004F8FBFF36F8F2069C17941F08001C1711D
:103E70002069042141702069417901F0FE014171FE
:103E800084F82C2007E02069417A01F0F7014172A3
:103E90002069082141702069C17901F0BF01C17119
:103EA00020696FF0BE0100BFC279520603D5002918
:103EB00001F10101F8D14FF07041EFF3038001EB04
:103EC00000604CF200318015C4F20001425822F427
:103ED00080324250405802B010BDD4D4D4D4D4D48F
:103EE00070B582B04FF07041EFF3038001EB0060DA
:103EF00041F6A8418015C2F200210C5821694A7A86
:103F00004B7A02F01F0002F003020F2803F0E003D7
:103F10004B7201D83AB92DE021694B785B0658BF46
:103F200042F001021AB3012584F82B5020690026C3
:103F3000C67120462168FFF7B3FC94F82600A169FA
:103F400084F828002069C4E90761B32184F82C6053
:103F500084F82A60C171A06B20B1D0E90012CDE9CC
:103F6000001200E06846E16B0160057158E04A7894
:103F7000520611D4010706D494F82C20012A31D11D
:103F800010F004022ED0E06910B994F82B00A8B309
:103F9000002919D4012138E0012084F82B000820E1
:103FA000487020682369406A41790278807942EA42
:103FB000011141EAC01040F00200D8702069417937
:103FC00041F00101417137E00020A169C4E9070116
:103FD00094F8261084F82810012184F82C0084F825
:103FE0002A000FE0400727D52068406AC0790128E1
:103FF00022D10421204600F033F81DE094F8290076
:1040000080F003012069B322C271A06B20B1D0E916
:104010000023CDE9002300E06846E26B02600171F5
:10402000616B8847A06B00281CBFDDE90012C0E966
:104030000012002084F82B004FF07041EFF3038052
:1040400001EB00604CF200318015C4F200014258CF
:1040500022F480324250405802B070BDD4D4D4D43F
:1040600010B582B00446806B20B1D0E90023CDE9C1
:10407000002300E06846E26B02600171616B8847D3
:10408000A06B00281CBFDDE90012C0E9001200206F
:1040900084F82B0002B010BDF0B591F902304CF25B
:1040A000003CC4F2000C03714FF0000E3C245CF89D
:1040B00023704CF823E08B688360CB68C3600B7877
:1040C000C325C0F24005437104EA930402461C4430
:1040D00065F31F2449F60055CFF6FF7504F805E097
:1040E0000B794879CE78C00140EA0310304360551F
:1040F00092F904004CF8207092F9040000280CD4C6
:104100004EF2004341F6A8474978CEF20003C2F2CE
:1041100000270901C15447F8202044F255310020FE
:10412000C0F249011160F0BD90F904004CF2003179
:10413000C4F200014EF2001CCEF2000C51F8202017
:1041400022F4803241F8202051F82010410900F07B
:104150001F0001220CEB810302FA00F0BFF35F8F16
:10416000C3F880014CF8210000207047D4D4D4D487
:1041700090F904004EF28013CEF20003012200F009
:104180001F01400902FA01F143F820100020BFF39B
:104190004F8FBFF36F8F704703460020C3E90212B1
:1041A0007047D4D4D4D4D4D4014690F90400002864
:1041B00018D44EF2801C00F01F024009CEF2000C11
:1041C000012303FA02F24CF82020BFF34F8FBFF314
:1041D0006F8F91F9040041F6A842C2F20022002339
:1041E00042F82030002000220A607047D4D4D4D492
:1041F00070B582B04FF07041EFF3038001EB0061C6
:1042000041F6A8428815C2F200223C234CF2003449
:104210001058C4F200040D16427903EA92031A44BE
:10422000C323C0F2400363F31F2249F60053CFF6C5
:10423000FF73D25C02F00306032E07D054F825105A
:1042400021F4803144F8251054F82510816829B1F3
:104250004279C0680090684601928847032E07D1D2
:1042600054F8250020F4803044F8250054F8250047
:1042700002B070BDD4D4D4D4F0B581B00D4604469C
:104280000430582101F0D0FE43F24330E565C0F21E
:10429000490020600126EFF3108786F3108843F26F
:1042A00004012868C4F22001C0F1040006FA00F0FD
:1042B0000A6822EA0000086008681E20012101F057
:1042C000BBFA4FF2000087F31088C4F2350060603B
:1042D00006616068416921F00041416160680662E1
:1042E000606800BF00BF00BF016A09B12FF005C0C0
:1042F0004FF4803101626068002101600020626833
:10430000116201B0F0BDD4D4F0B5C16D40F2040E1D
:10431000C0F2100E0A79896912B10EF10E0409E09B
:104320000122826042680D680EF1120455674268EE
:104330004D68956742684FF4C0254FF0000C40F27D
:104340001713C2F890514FF480624568C0F2110310
:10435000C5F894C14568C5F8C0C145686A63456839
:10436000C5F8D43140F23F254368C0F21005C3F8C8
:10437000E451012543689A634268C2F8D8E1426873
:10438000C2F8E8410A7B436825EA02025D6925F428
:10439000807545EA02225A610A7B4368C2F34105EF
:1043A00002F008022A449A650A7A02F00103C2F375
:1043B00040056D07C2F3800445EA037302F008026A
:1043C00043EA84734D89446843EA02722A44C4F87C
:1043D000B02042680B69D36742684B69C2F88030ED
:1043E00042688B69C2F884300A7F12B94268C2F809
:1043F00090C042684EF6185CCEF2000C536943F050
:104400000043536191F93C4091F842304EF2001262
:10441000002CCEF200024FEA031303D4151985F8DD
:10442000003304E004F00F05654405F8043C41F650
:10443000A84E4CF20033C2F2002EC4F20003012752
:104440004EF8240053F8245025F4803543F82450C6
:1044500053F82450650904F01F04BFF35F8F02EB8B
:10446000850607FA04F4C6F8804142F8254091F920
:104470003D4091F84250002C4FEA051503D416191F
:1044800086F8005304E004F00F06664406F8045C66
:104490004EF8240053F8245025F4803543F8245076
:1044A00053F82450650904F01F04BFF35F8F02EB3B
:1044B000850607FA04F4C6F8804142F8254091F9D0
:1044C0003E4091F84250002C4FEA051503D41619CE
:1044D00086F8005304E004F00F06664406F8045C16
:1044E0004EF8240053F8245025F4803543F8245026
:1044F00053F82450650904F01F04BFF35F8F02EBEB
:10450000850607FA04F4C6F8804142F8254091F97F
:10451000404091F84250002C4FEA051503D416197B
:1045200086F8005304E004F00F06664406F8045CC5
:104530004EF8240053F8245025F4803543F82450D5
:1045400053F82450650904F01F04BFF35F8F02EB9A
:10455000850607FA04F4C6F8804142F8254091F92F
:10456000414091F84310002C4FEA011103D4171970
:1045700087F8001305E004F00F0505EB0C0707F8BA
:10458000041C4EF82400012753F8240020F4803046
:1045900043F8240053F82400600904F01F03BFF31C
:1045A0005F8F02EB800107FA03F3C1F8803142F814
:1045B00020300020F0BDD4D4C26D12790AB10020A1
:1045C000704749784068090401F100418161002089
:1045D0007047D4D4D4D4D4D413790BB10620704707
:1045E00080B52029406804D100F5287C4FF0000EEA
:1045F0000DE092F803C0537900EBC10019036FEA94
:104600000C0300F5097C63F34D3101F5804E5378BE
:104610001178927801F07F0183EA1310002A41EAB1
:104620000E0180EA900080EA50006FEA000043EA41
:10463000C010C0B241EA004008BF00F10040CCF811
:104640000000002080BDD4D40346002019611A75F3
:104650007047D4D4D4D4D4D4D0F808C0BCF1010F5E
:104660004FF0080C26D110B5C9014FF0060EC0F866
:1046700008E041EA024141EA8361426841F0404179
:1046800000F1180E0024C0F834E08463C0F83CC088
:1046900041F03201C2F8501141684FF0000CC1F8EE
:1046A00050414068D0F8E01121F00801C0F8E01155
:1046B000BDE810406046704706207047D4D4D4D47B
:1046C0000A78912A01D1062070478368012B0AD10C
:1046D00002734A7B012A08D100F13403002280F8DA
:1046E0004020872204E00820704700F128030722B9
:1046F000F0B582604FF0E0554A681A6000225A60B7
:104700008A689A60037D0C7B0669042A05EA836542
:104710004B7B66F318450E786FEA040445EA43754F
:1047200045EAC47548F23804C4F2000445EAC615E7
:1047300020D8DB071ED1631C45EAC252D0E90A65C6
:104740004FF0040E42EA030C026B521B4FF00003C1
:1047500052EA23842E44002244B116F8017B01352D
:10476000013C9F4008333A430FF00BC0C5628B6891
:10477000C36202E045EA040C12044368C3F850C166
:104780004368C3F850214268D2F8E03123F00803AF
:10479000C2F8E0314A7B0AB1002244E08A68052A67
:1047A0004FF000023FD3D0E90A3C4FF0040E076BF4
:1047B000B7EB0C0703EB0C0557EA2284002300BF7C
:1047C0004CB115F8016B0CF1010C013C964008321C
:1047D00033430FF00BC846680425C0F82CC00362B1
:1047E00009E000BF00BF00BF4668C2620362D6F89E
:1047F0009823120641D0C6F85831D0E90B2C6245F7
:1048000015D2836A45F001E09C180026002300BF02
:104810009445E9D014F8017B0132B74008363B4398
:104820000FF00BC0E0E7BDE8F0401046704742686B
:104830004EF28026CEF20006D2F8E83123F00103D2
:10484000C2F8E831C26D4CF20033C4F20003926941
:1048500092F93E2053F8227027F4803743F82270F3
:1048600053F8223002F01F035209BFF35F8F012774
:1048700007FA03F346F822304668D6F8E02122F022
:104880000102C6F8E02189684129FFF485AF40683C
:10489000D0F8E81141F00101C0F8E8117CE7D4D468
:1048A0002DE9F0418768012F19D114464FF0040E0D
:1048B0000026C0E90A160263032A28BF032404F174
:1048C000010817464FF0000C67B111F8015B013F7A
:1048D000B54008364CEA050C0FF00BC003E0082089
:1048E000BDE8F081A046042AC0F82C80C0F820C0A2
:1048F00002D8816888295CD147684FF0040807E036
:104900004768C162C0F820C0D7F89813090641D0A3
:10491000C7F858C1D0E90B14A14215D2876A48F0F4
:1049200001E07D1800274FF0000C00BF00BF00BF62
:104930008C42E5D015F8016B0131BE4008374CEAD6
:10494000060C0FF00BC8DBE741684EF28025CEF273
:104950000005D1F8E87127F00107C1F8E871C16DD1
:104960004CF20037C4F20007896991F93E1057F8FC
:10497000216026F4803647F8216057F8217001F055
:104980001F074909BFF35F8F012606FA07F745F8AD
:1049900021704768D7F8E011412A21F00101C7F8DA
:1049A000E01106D34168D1F8E87147F00107C1F87A
:1049B000E871816801292DD1082181600027067DD9
:1049C000002B40F240030169C0F2FF17CCF2000354
:1049D00007EA014106F007071CBF4023C4F20003A9
:1049E0001944042A41EA876106D841EAC251036AA0
:1049F00041F00101C26200E013044268C2F85011A4
:104A00004168C1F850314068D0F8E01121F0080148
:104A1000C0F8E0110020BDE8F081D4D4D4D4D4D4BF
:104A2000D0F808C0BCF1880F04D0D0F808C0BCF1A1
:104A3000010F57D1F0B5D0F85CC04EF20016CEF29F
:104A400000060127DCF818E09EF93DC04FEA5C142F
:104A50000CF01F0507FA05F54FF0000C06EB840477
:104A6000C4F88050BFF34F8FBFF36F8FC0E90D1CA8
:104A7000C26380F840C09EF93D104D0901F01F014E
:104A800007FA01F146F825108168012926D109218C
:104A9000816000250769C0F2FF15067D05EA07471A
:104AA0004825C6F20005416805F10045002B06F0D7
:104AB00007034FEA02421CBF4825C6F200052F44F7
:104AC00047EA8363C1F850314168C1F8502140681A
:104AD000D0F8E01121F00801C0F8E011BDE8F04085
:104AE000604670470820704706207047D4D4D4D45D
:104AF00070B5C36D4EF20016CEF200060125D3F854
:104B000018C09CF940304FEA531E03F01F0305FA0A
:104B100003F306EB8E04C4F880300023BFF34F8FFD
:104B2000BFF36F8FC0E91113C26480F850309CF955
:104B30004000410900F01F0005FA00F046F821008E
:104B4000002070BDD4D4D4D4B0B50446C06D4EF2AC
:104B5000801C8169CEF2000C91F93C00420900F002
:104B60001F03012000FA03F34CF82230BFF34F8FEC
:104B7000BFF36F8F91F93D20530902F01F0200FA35
:104B800002F24CF82320BFF34F8FBFF36F8F91F9E0
:104B90003E20530902F01F0200FA02F24CF82320D3
:104BA000BFF34F8FBFF36F8F91F93F20530902F08E
:104BB0001F0200FA02F24CF82320BFF34F8FBFF31D
:104BC0006F8F91F940104A0901F01F0100FA01F1BD
:104BD0004CF82210BFF34F8FBFF36F8F61684A69A3
:104BE00022F000424A6161680862606800BF00BF4D
:104BF000016A09B12FF005C00120EFF3108580F3A1
:104C0000108843F20402E16DC4F2200209681368BF
:104C1000C1F10401884001211843106010681E2072
:104C200000F00AFE85F31088002000212160B0BD4D
:104C30002DE9F04F8DB04FF07041EFF3038001EBA1
:104C4000006041F6A84281154CF20030C4F2000029
:104C5000C2F2002255580A5822F480320A500958EC
:104C60006968D1F85421D1F8E03123F01003C1F87C
:104C7000E031A96897B201F07F038DF80430EB6D45
:104C800008294FEA127202925A6906924FF0010205
:104C9000AA602CDCCA1F022A80F08980296B4EF2A0
:104CA0008023C91B03916A680021A962CEF2000328
:104CB000C5E90B11D2F8E81121F00101C2F8E811A1
:104CC000E96D896991F93E1050F8212022F4803273
:104CD00040F8212050F82100BFF35F8F01F01F0042
:104CE0004909012202FA00F043F8210066E009298F
:104CF00001D0872962D168680097D0F8980310F432
:104D00007F4F4FD0686D00990C1A012C4ADB0026AA
:104D10004FF0010A0DF11C0B08E000BF00BF00BFFF
:104D2000043C686D00F1040068653BDD6868274657
:104D30004FF00009042CD0F85881D0F8E01128BFBA
:104D4000042721F00201C0F8E0110CE000BF00BF11
:104D50006A6B28FA09F1013F09F1080900F1010322
:104D6000AB631154DCD0D5E90E018842F0D395F83D
:104D700040000028D4D1E86DCDE90B6607960A966D
:104D800041690C9185F840A003218DF81C10016940
:104D90005846CDE90866884795F840000028BFD1FD
:104DA000A86BD5E7009803900020287302E006293D
:104DB00004D100206863A863E86328640020686564
:104DC0006868D0F8E0118A0604D5426922F00052E2
:104DD0004261686889050CD51A210162686800BFC4
:104DE000016A11F01A0FFBD1416941F08041416124
:104DF0006868D0F8E01121F40871C0F8E011E86D9E
:104E0000016901A888470DB0BDE8F08FD4D4D4D48F
:104E10002DE9F04F87B04FF07041EFF3038001EBC5
:104E2000006041F6A8414CF200328015C2F2002128
:104E3000C4F200020D58815821F48031815080580D
:104E40006868D0F8E01111F0101F15D0A868062886
:104E50000FD1A86B08280CD1E86D0021A9638DF84B
:104E600004104169069105F118010491016901A836
:104E7000884707B0BDE8F08FD0F898034FF47F71F2
:104E800011EA901BE2D000274FF001090DF1040A4E
:104E900009E000BF00BF00BFBBF1040B686D00F16B
:104EA00004006865D2DD58466968BBF1040F4FF015
:104EB000000828BF0420D1F85841D1F8E02146422B
:104EC00022F00200C1F8E0010DE000BF00BF00BF0A
:104ED0006A6B24FA08F1013608F1080800F10103B1
:104EE000AB631154D8D2D5E90E018842F0D395F8BE
:104EF00040000028D0D1E86DCDE9057701970497EF
:104F00004169069185F8409003218DF804100169EC
:104F10005046CDE90277884795F840000028BBD17C
:104F2000A86BD5E7D4D4D4D4F0B54FF07041EFF3EB
:104F3000038001EB00604CF2003C811541F6A84073
:104F4000C4F2000CC2F200200425405851F80C2095
:104F500022F4803241F80C2051F80C104168026AAA
:104F600009E000BF00BF00BF4168C3620262D1F820
:104F700098331B0639D0C1F85821D0E90B318B4248
:104F800011D2826A45F001E0D4180026002200BF49
:104F90009942E9D014F8017B0133B74008363A430F
:104FA0000FF00BC0E0E741684EF28026CEF200061B
:104FB0000123D1F8E82122F00102C1F8E821C16DF6
:104FC000896991F93E105CF8212022F480324CF876
:104FD00021205CF8212001F01F024909BFF35F8FF7
:104FE00003FA02F246F821204168D1F8E00120F0EE
:104FF0000100C1F8E001F0BD7047D4D4D4D4D4D4BA
:105000002DE9F04F89B04FF07041EFF3038001EBD1
:10501000006041F6A8414CF200328015C2F2002136
:10502000C4F200020D58815821F48031815080581B
:105030006868D0F87C61A96D5FFA86F9B9F1000F54
:1050400051FA86F1A96550D00320019650FA86F0F6
:10505000002603AC4FF000088008029007E000BF74
:10506000029808F10108A9F1040980453BD068685D
:105070004F46B9F1040F28BF0427B9F1000FD0F84B
:105080007CA1EDD04FF0000B0DE000BF00BF00BFD2
:105090006A6C2AFA0BF1013F0BF1080B00F10103D6
:1050A000AB641154DCD0D5E912018842F0D395F8F5
:1050B00050000028D4D1E86DCDE907660396069626
:1050C00041690891012185F8501002218DF80C10DA
:1050D00001692046CDE90466884795F8500000280C
:1050E000BED1A86CD4E76868019ED0F8E011F20147
:1050F00021F00401C0F8E0112CD52720012100EA9D
:1051000096608DF80C100022ADF80D208DF80F2060
:105110000490C6F34623AF6DE86D8DF81E3006F49B
:105120007E43CDE90572B3F5806FADF81C208DF894
:105130001F204269089202D0F10502D402218DF8A5
:105140001D100021C5E91111C5E91311A9650169F7
:1051500003A8884709B0BDE8F08FD4D4D4D4D4D400
:10516000F0B587B04FF07041EFF3038001EB0060C2
:1051700041F6A8414CF200328015C2F20021C4F27F
:1051800000020C58815821F4803181508058E06D24
:105190004169069161680A6BD1F8D06152050FD45C
:1051A0004FF0FF35F0021AD5E06D0A218DF804109A
:1051B000016901A888474FF48017700712D41AE0DC
:1051C0000B218DF80410016901A8884760686FF40D
:1051D0008065416941F080414161F002E4D40027DB
:1051E000700708D5E06D05218DF80410016901A84C
:1051F000884747F004076068016B294001636068D5
:10520000D0F8D011B943C0F8D01107B0F0BDD4D454
:105210004EF22401C4F201018878098801F00F02DE
:10522000A2F1080103293BD8DFE801F0022C101E8F
:1052300040F2A041C2F2002151F820004AF6AB2111
:10524000CAF6AA21A0FB0101480830E040F2A041C3
:10525000C2F2002151F820004AF6AB21CAF6AA2179
:10526000A0FB0101C80822E040F2A041C2F20021E7
:1052700051F820004AF6AB21CAF6AA21A0FB010191
:10528000080914E040F2A041C2F2002151F82000C8
:105290004AF6AB21CAF6AA21A0FB0101880806E064
:1052A00040F2A041C2F2002151F82000D04041F666
:1052B000F041C2F2002108607047D4D4D4D4D4D4D1
:1052C0002DE9F0470FF2A8404EF2FA3840F2A0461E
:1052D000C4F201084AF2015190ED001FC2F200260B
:1052E0000FF29C40CFF6FF714EF255050231A8F83F
:1052F000001086ED001F06F12003C4F2010590EDB9
:10530000001F44F2553040F2AA21C1F2DE3043F6CC
:10531000000286ED041FC0F6E571C1F69C4207C38A
:1053200015F82F0C35F8311C01F00F02A2F108011D
:1053300003292BD8DFE801F002200C164AF6AB2136
:1053400056F82000CAF6AA21A0FB0101480820E077
:105350004AF6AB2156F82000CAF6AA21A0FB0101AB
:10536000C80816E04AF6AB2156F82000CAF6AA2172
:10537000A0FB010108090CE04AF6AB2156F8200019
:10538000CAF6AA21A0FB0101880802E056F8200015
:10539000D04041F6F04A4EF60044C2F2002AC4F270
:1053A00001040A214EF60147CAF800004FF650608A
:1053B000CFF6FF70C4F201072154092085F84D0093
:1053C000207818B93878800700F0CC81207850B95F
:1053D00001202070C820012100F02EFA00BF00BF7C
:1053E00020780128FCD10020387020704AF2015941
:1053F000002005F8230C00BF15F8190C0007FBD599
:1054000042F602314EF61450C0F20101C5F8731095
:1054100040F2834125F8071C002205F80B2C4FF6BB
:105420000211C5F8571040F2415125F8091CCEF27F
:1054300000004EF20001BFF34F8FBFF36F8F036880
:10544000CEF2010123F400330360C0F83C22BFF325
:105450004F8FBFF36F8F0A6822F440520A60BFF388
:105460004F8FBFF36F8F15F8412C02F0F802013215
:1054700005F8412C00BF00BF15F8412CD206FBD423
:105480000A6842F440520A60BFF34F8FBFF36F8F38
:105490000168890312D4BFF34F8FBFF36F8F0021D0
:1054A000C0F83C12BFF34F8FBFF36F8F016841F418
:1054B00000310160BFF34F8FBFF36F8F002005F8FD
:1054C0002B0C00BF00BF00BF15F8190C8006FBD5E0
:1054D0004CF200040020C4F21304207020782078DD
:1054E00020786068FA2807D0FA20C1F6006000BF73
:1054F00060606168FA29FBD1A0687D2808D07D2012
:10550000CEF2001000BF00BFA060A1687D29FBD1D2
:1055100043F23240C3F2232045F8350C42F220100A
:1055200025F8310C052005F82F0C15F82F0C35F84F
:10553000311C01F00F02A2F1080103292BD8DFE88A
:1055400001F002200C164AF6AB2156F82000CAF6EC
:10555000AA21A0FB0101480820E04AF6AB2156F839
:105560002000CAF6AA21A0FB0101C80816E04AF6ED
:10557000AB2156F82000CAF6AA21A0FB01010809B8
:105580000CE04AF6AB2156F82000CAF6AA21A0FB8F
:105590000101880802E056F82000D040CAF8000057
:1055A0001E200121012700F047F960686FF39F205A
:1055B000652828BF277015F82F0C35F8311C01F02D
:1055C0000F02A2F1080103292BD8DFE801F0022025
:1055D0000C164AF6AB2156F82000CAF6AA21A0FB09
:1055E0000101480820E04AF6AB2156F82000CAF62F
:1055F000AA21A0FB0101C80816E04AF6AB2156F823
:105600002000CAF6AA21A0FB010108090CE04AF615
:10561000AB2156F82000CAF6AA21A0FB0101880898
:1056200002E056F82000D04042F20001CAF8000023
:10563000C4F200010120A1F80090BFF35F8F08724F
:105640004FF42540BFF35F8F088095F8850040F048
:10565000400085F8850000BF95F98500B0F1FF3F57
:10566000FADC052085F87F00C72085F8850095F8CD
:10567000850000F0BF0085F8850000BF00BF00BFB7
:1056800095F985000028FBD4012005F8020CE87F7D
:1056900040F04000E87700BF95F91F00B0F1FF3FF0
:1056A000FADC0720E8754A20E8770A20E87700BF8F
:1056B00095F91F000028FBD4287840F0400028709E
:1056C00095F90000B0F1FF3FFADC022005F8010C6B
:1056D000CA202870287800F0BF00287000BF00BFE3
:1056E00095F900000028FBD495F8230040F0400015
:1056F00085F8230000BF00BF95F92300B0F1FF3FFC
:10570000FADC0120E876C72085F8230095F823000D
:1057100000F0BF0085F8230095F923000028FBD492
:1057200095F8220040F0400085F8220000BF00BF3D
:1057300095F92200B0F1FF3FFADC0420A876CA20D8
:1057400085F8220095F8220000F0BF0085F82200BD
:1057500095F922000028FBD44FF42540A8F800005A
:10576000BDE8F0874FF47A7000F012F83EE600BF13
:10577000006CDC0200127A000080000000366E012E
:105780000080000000CA9A3B0046C3230084D7175C
:105790007047D4D4D4D4D4D440F2A041C2F2002172
:1057A00051F820007047D4D4B0B542F22404C82088
:1057B000C4F2200401210025257100F03DF8257078
:1057C000207808B12FF005C0207840F0020020704A
:1057D00020788007FCD4002004F8020C00BF00BF32
:1057E00014F8020C08B12FF005C84FF0030E00208A
:1057F00004F11C0100BF00BF11F8102002F07F026D
:1058000001F8102000BF00BF11F91020002AFBD4BE
:1058100001300FF00FC8012000F0C2F84EF64C41E5
:105820000120C4F2010100220A70BDE8B04000F07E
:105830008BB8D4D4D4D4D4D441F6F04241F200236E
:10584000C2F20022C0F27A03484312689A420FD390
:1058500044F23F21C0F20F0111444DF68362C4F2BD
:105860001B32A1FB0212910CA0FB0101C9B11DE08A
:105870004CF60021C3F69A31B1FBF2F148F638122A
:10588000C0F24102904205D24FF47A725043B0FB0D
:10589000F1F006E0B0FBF1F0904207D24FF47A71DC
:1058A0004843002808BF704700F006B84FF0FF30AB
:1058B00000F002B8D4D4D4D401380028FCD1704709
:1058C000F0B581B04CF2201541F65047C4F2000506
:1058D0000024C2F2002755F8200C296801EA0006CE
:1058E00006E000BF00BF00BF01340437152C09D00B
:1058F00026FA04F0C007F7D039680029F4D0204612
:105900008847F1E745F8106C28683042FCD101B0B7
:10591000F0BDD4D4D4D4D4D480B54FF00F0E4CF213
:10592000003049F2A421C4F20000C0F2002100BFFF
:1059300031F8022B002A18BF026004300FF009C0B2
:1059400080BDD4D4D4D4D4D4EFF31081012282F317
:10595000108841F6E442C2F2002232F8103023B13E
:1059600032F81030013B22F8103032F8102012B11A
:1059700081F3108870474EF2FA3249F2D45CC4F2D7
:105980000102C0F2002C13883CF8100043F42543B8
:1059900023EA0000108081F310887047D4D4D4D457
:1059A00010B5EFF31081012282F3108841F6E44232
:1059B000C2F2002232F8103083B94EF2FA3E49F2B8
:1059C000D45CC4F2010EC0F2002CBEF800403CF8DA
:1059D0001030234343F42543AEF8003032F8103042
:1059E000013322F8103081F3108810BDD4D4D4D400
:1059F00000F00AF8FDF790F8FEE7D4D4D4D4D4D45C
:105A000000BE7047D4D4D4D42DE9F04381B04EF613
:105A1000085840F20120CEF20008C0F20E004EF20B
:105A20000004C8F80C00CEF20104BFF34F8FBFF39F
:105A30006F8F58F8081CC1F3035001285FEA1F92CA
:105A400011F00F0F5FEA0F911142216811D1022866
:105A50000FD241F0040020604EF20800BFF34F8FD8
:105A6000CEF20000BFF36F8F016841F48031016016
:105A700002E021F004002060BFF34F8FBFF36F8F6F
:105A80004FF4700040F20001C8F880000020C0F21E
:105A90000021C8F80010FCF7B7FDFFF711FC4EF22B
:105AA000FA304AF20251C4F20100022201804EF69D
:105AB000B021C4F201010A704FF425410180012098
:105AC000FCF7A2FD40F2A000C2F2002080F30A8899
:105AD0002068800724D5D8F80000B0F1007F1FD1DE
:105AE00020694FF40071C0F3C300626901FA00F34A
:105AF000C2F3C30081400020DA08CB080146074604
:105B000042F007C000BF00BFE7E802010FF005C088
:105B10004FF0005243F005C0E2E802010FF005C06B
:105B200049F2A834C0F20024276897B160683E4665
:105B3000051D05E000BF00BF013E05F10C0508D0C2
:105B400068790028F8D155E90101091A00F06CFACA
:105B5000F2E7D4F80890B9F1000F13D0E0684E4690
:105B600000F1080504E000BF013E05F1100509D071
:105B700068790028F8D155E902022968121A00F064
:105B800057FAF1E7FFF744FBFFF70EFE0320FFF79C
:105B900007FF4FF00E0E40F63050C4F240000021D7
:105BA00020F8041B0FF005C04EF210150320C4F2BC
:105BB0000105FFF7C9FE0320FFF7F2FE44F20400DF
:105BC0000021C4F22000016041608160C1600320B7
:105BD000FFF7BAFED5F8C802800714D42878A0B120
:105BE0000120FFF7DDFE00BF95F9000010F1410F25
:105BF000FADC0020287000BF28783F28FCD801205C
:105C0000FFF7A2FE01E0D5F8C802D5F8C8024007A8
:105C100015D42879A8B10120FFF7C2FE00BF00BF4C
:105C200095F9040010F1410FFADC0020287100BF43
:105C300028793F28FCD80120FFF786FE01E0D5F83F
:105C4000C8020220FCF7E0FCA7B160684FF4807640
:105C5000051D05E000BF00BF013F05F10C0509D09F
:105C60006879B6EB002FF7D155E90101091A00F068
:105C7000DBF9F1E7B9F1000F16D0E0684FF4807559
:105C800000F1080405E000BFB9F1010904F11004B6
:105C90000AD06079B5EB002FF6D154E902022168F1
:105CA000121A00F0C5F9EFE741F6F844C2F20024F9
:105CB000204600F080FA204600F095FABFF34F8F9F
:105CC000BFF36F8F0020C8F8480249F6701049F6FC
:105CD0007411C0F20020C0F20021BFF34F8F081AE8
:105CE000BFF36F8F8410012C0BDB49F67015C0F2E7
:105CF000002500BF00BF00BF55F8040B8047013CE2
:105D0000FAD1FFF709FE002001B0BDE8F04300F032
:105D100003B8D4D4D4D4D4D47047D4D440B584B048
:105D200002AE009600F004F8029A039B04B040BD56
:105D3000B0B584B00D4602A980EAE57000911C461A
:105D400082EAE37285EAE571B0EBE57061EBE5713B
:105D500083EAE373B2EBE47263EBE47300F017F8E9
:105D6000DDE90223DDF820C083EAE57382EAE5720B
:105D7000B2EBE57263EBE573CCE90023E21782EA4C
:105D8000E57250405140801A914104B0B0BD2DE9F8
:105D9000F04F099D844681B1C2B14BB3B1FA81F78E
:105DA000B3FA83F6F71B202F4FD3002D18BFC5E998
:105DB00000C100200021BDE8F08FCBB30021002DF1
:105DC00064D00020C5E900C1BDE8F08F002B60D091
:105DD000002861D05F1E3B4200F08580B1FA81F758
:105DE000B3FA83F6F71B1F2FDFD207F1010C3CE05B
:105DF000571E3A425DD0B1FA81F7B2FA82F6F71B2C
:105E000007F1210CBCF1200F24D0BCF11F0F79D871
:105E1000CCF1200620FA0CF721FA0CF901FA06F56C
:105E2000B0403D434FF0000ABCF1010F2CD07CE0A4
:105E3000B0FBF2FC002D1EBF0CFB12000021C5E9D7
:105E4000000100216046BDE8F08F07F1010CBCF1B4
:105E5000200F0AD14FF000094FF0200C0D464FF0F3
:105E6000000ABCF1010F0FD05FE0C7F11F0720FA55
:105E70000CF621FA0CF901FA07F5B84035434FF05A
:105E8000000ABCF1010F50D100248FE00020BDE8D2
:105E9000F08F6046BDE8F08FB1FBF3FC002D1EBF14
:105EA0000CFB13100021C5E9001000216046BDE87D
:105EB000F08F002D1EBF00230740C5E90073012AA3
:105EC0000ED092FAA2F24F00B2FA82F202F01F0351
:105ED000D140D8401F23934307FA03F343EA000C51
:105EE0006046BDE8F08F002D1CBF07EA0100C5E940
:105EF00000C093FAA3F0B0FA80F021FA00F000217C
:105F0000BDE8F08FACF12007CCF140044FF0000960
:105F100020FA07F601FA04F52E4300FA04FA21FAF2
:105F200007F53046BCF1010FAED02CF00107012679
:105F3000023F4FF0000B06EB570E4FEA490444EACC
:105F4000D5746D0045EAD0754000E743E9438918F0
:105F500043EB0708AF1A64EB0306B8F1000F56EAEB
:105F6000448457EA4585640044EAD5746D0045EAE7
:105F7000D07540EADA70AE1A6FEA050164EB0307E8
:105F800089184FEA40006FEA0401594157EA4489F1
:105F900056EA4585CC0F4BEA4A010027A34640EA62
:105FA000D170490041EAD87A0FF039C85FEACC7164
:105FB0001ED06F004FEA490147EAD07741EAD57118
:105FC000B7EB020C4FEA400061EB030EFD435219A0
:105FD0006FEA010653EB060240EADA705EEA418995
:105FE0005CEA4785D10F44EA4A0200270C469246F4
:105FF0004FEADA7141EA400009994FEA4A02002962
:1060000018BFC1E9005940EA070122F0010020430E
:10601000BDE8F08F40B584B002AE0096FFF7B7FE42
:10602000029A039B04B040BD0A46002100F076B8F6
:10603000844641EA000313F0030349D1403A23D3D5
:106040000B6803604B6843608B688360CB68C360F8
:106050000B6903614B6943618B698361CB69C361E0
:106060000B6A03624B6A43628B6A8362CB6AC362C8
:106070000B6B03634B6B43638B6B8363CB6BC363B0
:1060800040304031403ADBD230320BD30B680360F2
:106090004B6843608B688360CB68C36010301031FD
:1060A000103AF3D20C3205D351F8043B40F8043BCC
:1060B000043AF9D2043208D0D2071CBF11F8013BD0
:1060C00000F8013B01D30B8803806046704700BF96
:1060D000082A13D38B07B1D010F00303AED0C3F15D
:1060E0000403D21ADB071CBF11F8013B00F8013B87
:1060F000A4D331F8023B20F8023B9FE7043AD9D3FE
:10610000013A11F8013B00F8013BF9D20B7803701A
:106110004B7843708B7883706046704770B4840707
:1061200046D0541E002A41D0CDB2034602E0621E82
:10613000E4B3144603F8015B9A07F8D1032C2ED977
:10614000CDB245EA05250F2C45EA054519D9264665
:1061500003F11002103E0F2E42F8105C42F80C5C66
:1061600042F8085C42F8045C02F11002F2D8A4F193
:10617000100222F00F0204F00F041032032C13441B
:106180000DD91E462246121F032A46F8045BFAD890
:10619000221F22F00302121D134404F003042CB149
:1061A000C9B21C4403F8011BA342FBD170BC704769
:1061B00014460346C2E710B540F2940140F20002D3
:1061C000C0F20021C0F200020446FFF731FF40F2A6
:1061D000000040F20001C0F20000C0F200012044C3
:1061E000FFF722FF10BD40F20801C0F20001401A83
:1061F00041F6F441C2F2002108607047B0B58A78D8
:1062000092070DD5C4B24A6820460D469047B0F1BA
:10621000FF3F01DD2046B0BDA87840F00400A87023
:106220004FF0FF342046B0BD83B080B581B08446C6
:1062300003A80EC048F6F060C0F20020006803AA70
:106240006146009200F028F801B0BDE8804003B03C
:10625000704770B5054648F6F060C0F2002004684B
:10626000A078800714D56668287828B12146B04701
:1062700001350028F8D507E00A202146B047B0F1E3
:10628000FF3FC4BF002070BDA07840F00400A070A4
:106290004FF0FF3070BDD4D42DE9F04F99B0814656
:1062A00080781892800740F1B58518980027D9F8B2
:1062B00004808A46179011A8821D0C92421E053058
:1062C00010920E900D91514611F8010B252803D024
:1062D0008A4638B900F0A0BD9AF801500AF1020AC6
:1062E000252D06D14946C04701370028EBD500F0DF
:1062F0008BBD002200244FF0000C4FF0000B04E097
:106300001AF8015B002D00F02D811FFA8BF61F2E6D
:1063100020D8A5F1200010281ED8DFE810F01500C5
:106320001D001D0018001D001D001D0014001D0093
:106330001D001D0011001D00CC001D001D00C90026
:106340004BF0020B00E0DBE74BF0040BD8E74BF01F
:10635000100BD5E77F2E0DD8A5F13000092840D8C5
:10636000402E80F0A0800CEB8C014BF0200B00EB5A
:10637000410CC5E7A5F14C002E2800F2F480DFE8BF
:1063800010F08F00F200F200F200F200F200F200D2
:10639000F200F200F200F200F200F200F200F2006D
:1063A000F200F200F200F200F200F200F200F2005D
:1063B000F200F200F200F200F200A400F2008F00FE
:1063C000F2009D00F200F200F200F200F200F20092
:1063D000F2002F00F200F200F200F200F2002F00B3
:1063E0008EE7A5F12400562800F2BD80DFE810F00A
:1063F0008600BB00BB00BB00BB00BB007400BB0041
:10640000BB00BB00A400BB00BB00BB00BB00BB00CB
:10641000BB00BB00BB00BB00BB00BB00BB00BB00A4
:10642000BB00BB00BB00BB00BB00BB00BB00BB0094
:10643000BB00BB00BB00BB00BB00BB00BB00BB0084
:106440005800BB00BB00BB00BB00BB00BB00BB00D7
:10645000BB00BB00BB00BB00BB00BB00BB00BB0064
:10646000BB00BB00BB00BB00BB00BB00BB00BB0054
:10647000BB00BB00BB00BB006D00BB005800BB00F5
:106480006600BB00BB00BB00BB00BB00BB00BB0089
:106490005700BB00BB00BB00BB00BB0057002FE791
:1064A0004BF4207B2CE704EB840100EB410427E74D
:1064B0004BF0010B24E74BF0080B21E70BF08000B9
:1064C0004BEA800040F0800B1AE70BF480704BEA37
:1064D000400040F4807B13E7002A7FF411AF179847
:1064E0003F2E00F104011791006832D8B0F1FF3F50
:1064F00032DD4BF0200B0022844601E712B31898DE
:10650000402E179017A90D986546CDF83C90C146CE
:1065100090465CEA348200F083FC1798402E424695
:10652000C84600F1040117910068DDF83C9050EA7C
:10653000358C54EA3084E3E63F2E00F26D844BF054
:10654000400BDDE6624600244FF0000C4FF0000BDC
:10655000D6E600220446D3E64BF0280BC0F1000C2F
:106560000022CDE60025CDF83CC03AB1189817A915
:1065700017900D9800F054FCDDF83CC0002C24EA84
:10658000E47E45F0200048BF2BF0400B61281CBF83
:10659000A0F16501022925D81799612801F10701A9
:1065A00021F0070101F108021792A0EB050291ED1D
:1065B000000B0A9244D15FEA4B6058BF4FF0FF3E98
:1065C00011A8D2B27146764600F0C8FD451C4BF4C6
:1065D000C05B4FF0700C4FF0010EE8B28642D8BF9E
:1065E000461E5CE0A5F16301122900F20A8108232E
:1065F0000026DFE811F0350113000601060106014F
:1066000006011300060106010601060106016101EB
:106610005D01060106010D0106012E011FFA8BF135
:106620005FEA0B6000F10C811798021D1792006859
:10663000CA0540F10C81890554BF00B240B206E1A1
:106640005FEA4B6158BF4FF0060E662809D06528F7
:106650000FD14BF4805B76460EF1010100236524D7
:1066600011E04BF4005B012266241121764673464B
:106670000AE05FEA0E61A0F10204714676464FF02F
:10668000000308BF0121002211A8C9B2112928BFA7
:10669000112100F093FF05464FF0020EA446119B16
:1066A0009DF84800A3F10A0111F1130F38BF4FF014
:1066B000020EA3F16401089111F1C70F38BF4FF02A
:1066C000030E0F9CC1074FD15FEA8B716FD41FFA85
:1066D0008BF1202202EAC10211F0040F5FEA1F9140
:1066E00010F00C0F45D11BF4405F0493CDE9062157
:1066F00040F02B82012E4FF0010056EA80801FFAF5
:106700008BF12A0600F06D810E9BEAB2134413F858
:10671000013C302B40F006826B1E1A0621D02E461B
:106720000E9DDAB2154415F8015C302D40F0F98168
:10673000B31E1A0615D00E9DDAB2154415F8015C89
:10674000302D40F0EE81F31E1A060AD00E9DDAB20B
:10675000154415F8015C302D40F0E381351F2A0601
:10676000D2D100250022DDE12D22002110F00C0FF6
:10677000B9D000294FF0030050EA1090844212DD96
:106780000A9E0D465FEA0B7117D4041B9346202026
:106790004946C047002800F1378301370134F6D35A
:1067A00000245A460AE000240A9E49B10FE02B2239
:1067B000002110F00C0FDCD195E7241A294631B9DD
:1067C00010464946C047002800F11E8301379DF856
:1067D000480048F6EF41C0F20021000748F2EB7094
:1067E000C0F2002050EA51852878002800F0F98294
:1067F000801B4946C0B2C047013701350028F3D598
:1068000002E3782840F09880C5F188032E4653E0D3
:106810001798011D1791006848F6AD61C0F200217C
:10682000002851EA00855FEA4B6058BF4FF0FF3EF9
:106830002846714600F06AFEDDF83CC0064617E0C7
:106840001798890500F18680011D17910068C1170E
:1068500088E04FF6EF700BEA000B0A2375262BE059
:106860001798012611AD011D179100688DF844009D
:106870005FEA0B700ED4B4450CD92020494664461B
:10688000C047002800F1C082A4F1010C0137B445D3
:10689000F3D8B4463744ACEB0604002E00F0A182D6
:1068A00015F8010B4946C047013E0028F5D5ABE27B
:1068B0004BF0100B102378264FF6F9700BEA00020C
:1068C0005FEA0B600B960AD41798011D17910668B2
:1068D000D1050AD5900554BFB6B2F6B205E01798B7
:1068E00091050AD4011D17910668002156EA01009E
:1068F00008BF2BF0160278D10FE00730154620F0C4
:1069000007000246416852F8086B17922A4656EA79
:10691000010008BF2BF0160267D100265FEA4B602A
:1069200062D50021012C60DA4FF6E9700BEA000114
:106930000B9D480637D467E025204946C04700280C
:1069400000F1628228464946C047023700287FF599
:10695000BAAC59E2073020F007010A46496852F8FC
:10696000080B179200295A46CDF82CE048BF42F494
:10697000806250EA010322D080EAE17081EAE1738B
:10698000B0EBE17063EBE17111AC22F010060A2369
:10699000224600F06DFB3146061BDDF83CC0DDF8F9
:1069A0002CE0480630D54FF6FE70764500EA01002F
:1069B0002BDA002D08BF21F01100714626E05FEAB6
:1069C0004B604FF0000040F19E810021012CDBDA8A
:1069D0004FF6EE70DDF83CC000EA0B00DDF82CE06D
:1069E00014E0002500229EE0002111AC304616463E
:1069F0007546224600F03CFB3146AE46DDF83CC011
:106A0000061B0B9D4806CED4084631461FFA80FB74
:106A1000C0060AD440F206401BEA000F5FEA0F905E
:106A200044185FEA0B7009D526E0002D4FF00100F5
:106A300050EA009044185FEA0B701DD45FEACB70F7
:106A400008D0B646644505DA06EB0C00A0EB040E50
:106A5000644611E064450FDACDF82CE02020494669
:106A6000C047002800F1D0810F9801340137A042BF
:106A7000F4D1DDF82CE004465FEACB601BD440F291
:106A800006401BEA000F26D05FEA8B7075464FF078
:106A90002B0058BF20205FEA4B51494648BF2D20AC
:106AA000C047002800F1B0810137AE46F346754675
:106AB000B64514DC1CE030204946F346C0470028A8
:106AC00000F1A28135B328464946C047002800F1AD
:106AD0009B810237DE46F3467546B64508DD302019
:106AE0004946C047002800F18F81013DB542F6DCE0
:106AF0000F985E45A0EB040456EACB800744002EB5
:106B000000F06F8110984946805DC047013E002823
:106B1000F5D579E10137DE46F3467546B645DEDC4C
:106B2000E6E71D46049BC90652EA508113F1040FA3
:106B300008DB834206DA4BF4005B8B4204DAD8436D
:106B40000E1802E04E1E00E00026A3F57A711FFA2F
:106B50008BF4099424055FEA8B400395CDE9011C71
:106B600005940CD411F5FA6F70464FF0050198BFEB
:106B70000420002C58BF032101EB000C03E023EAA2
:106B8000E37000F1010CDDF824B0002E079A4FF0FD
:106B900000050B96CBF3001182F0010251EA06903A
:106BA0000F9983186344CB1A53EAC5841BF0090F6D
:106BB00011D10A9E84B1604475461044441A2020C5
:106BC0004946C047002800F11F8101370134F6D340
:106BD0000024AE4600E00A9E0798CDF800E00028A9
:106BE000069805D14946C047002800F10D810137BC
:106BF000059800280ED530204946C047002800F1EE
:106C00000381C6F178004946C0B2C047002800F1B0
:106C1000FB800237099800070AD44CB12744302082
:106C20004946C047002800F1EF80013CF7D100241D
:106C30000998800427D49DF849004946C047002898
:106C400000F1E2800B98012857DB2E204946C0470F
:106C5000002800F1D9800B98384400F1020B03980A
:106C6000C5B20020471CAF4202D20C99085C00E07C
:106C700030204946C047002800F1C6800B98B84232
:106C80003846EFD148E0049820EAE076851B0B985F
:106C9000C0F1000B0398C0B20F90701C06D12E20DB
:106CA0004946C047002800F1AF8001373020002D51
:106CB00004D40F998D42BCBF0E98405D49465E4595
:106CC00006DDC04701350137013E0028E5D59BE0D0
:106CD000C047002800F198800999781CC90640F146
:106CE0009180002E40F08C802E204946C047B0F1A4
:106CF000FF3F40F38980023773E00998C00604D44F
:106D000007F1010B08E000213EE62E204946C0476E
:106D1000002879D407F1020B02984946801BC0B2C3
:106D2000C047002870D4049E2B204946002E48BF3F
:106D30002D20C047002E48BF7642002864D4019819
:106D400010F5FA6F15D844F6D3504946C1F26200E7
:106D5000A6FB0005302000EB9510C0B2C04700280C
:106D600052D4A8094FF47A7100FB11620BF10305AC
:106D700006E008980BF10205324610F1C80F3BD827
:106D800048F21F504946C5F2EB101746A2FB000619
:106D9000302000EB5610C0B2C047002834D4700930
:106DA000642100FB117201354CF6CD404946CCF60A
:106DB000CC401746A2FB0006302000EBD600C0B244
:106DC000C047002820D4F008013500EB8000A7EB75
:106DD000400202F130004946C0B2C047002813D437
:106DE0006F1C012CFFF66FAA20204946C0470137CF
:106DF000013C0028F5D507E000980228D4D2E8E746
:106E00000746EEE70746ECE799F8020040F0040079
:106E100089F802004FF0FF37384619B0BDE8F08F0F
:106E2000022AB8BF70472DE9F04F42F689084FF0AB
:106E3000010CC0F2010804464FF0010E03E05F7838
:106E40009C1C252F29D1234613F8015B252D01D049
:106E500025B90AE16778A31C252F1DD11C4614F81B
:106E6000015B252D01D025B9FFE05F789C1C252F03
:106E700013D1234613F8015B252D01D025B9F4E089
:106E80006778A31C252F07D11C4614F8015B252D1C
:106E9000D5D0002DD7D1E8E01C464FF0000A4FF0C6
:106EA0000009002604E014F8017B002F00F0A980FF
:106EB000B346BAF11F0F0AD8A7F12005102D09D843
:106EC0000CFA05F515EA080F40F07C8002E0BAF1F3
:106ED0007F0F0AD8A7F13005092D3ED80BEB8B03A5
:106EE0004AF0200A05EB4306DDE7A7F14C052E2DFD
:106EF00000F288805E46DFE815F0670085008500B7
:106F00008500850085008500850085008500850059
:106F10008500850085008500850085008500850049
:106F20008500850085008500850085008500850039
:106F3000850077008500670085007000850085006A
:106F4000850085008500850085002F00850085006F
:106F50008500850085002F00A5E7A7F12405562DA3
:106F600000F250800026DFE805F0334D4D4D4D4DC9
:106F7000324D4D4D324D4D4D4D4D4D4D4D4D4D4D77
:106F80004D4D4D4D4D4D4D4D4D4D4D4D4D4D4D4D31
:106F90004D4D2F4D4D4D4D4D4D4D4D4D4D4D4D4D3F
:106FA0004D4D4D4D4D4D4D4D4D4D4D4D4D4D3F4D1F
:106FB0002F4D384D4D4D4D4D4D4D2C4D4D4D4D4D55
:106FC0002C00FFE75E466EE74AF4207AFAE76AE7AC
:106FD000B9F1000F0FD1D94665E70AF080034AEAFC
:106FE000830343F0800AEDE70AF480734AEA43031F
:106FF00043F4807AE6E7F3457FF455AF6327F14623
:1070000000E00027B9F1000F2FD0F14524D147F05F
:107010002003612B1CBF653B022B05D80B6807338F
:1070200023F00703083313E0A7F16303102B0AD8FA
:10703000DFE803F00C090909090909090909090927
:10704000090909090C005FEA0A6309D40B680433D3
:107050000EF1010E04460B609645FFF6F4AE04E017
:107060000B685FEA8A54DAD4F1E7BDE8F04F704765
:107070002DE9F04703F01F06984691468A460546DB
:107080002846514632460023FEF7C4FF044600FB63
:1070900016500F46A0EB0801092888BF01F1370000
:1070A000303089F80000A81B7AF1000049D320464F
:1070B000394632460023FEF7ADFF054600FB164079
:1070C0008A46A0EB0801092888BF01F1370030305B
:1070D00089F80100A01B77F1000036D328465146FD
:1070E00032460023FEF796FF044600FB16500F467B
:1070F000A0EB0801092888BF01F13700303089F87A
:107100000200A81B7AF1000023D3204639463246FC
:107110000023FEF77FFF054600FB16408A46A0EBE2
:107120000801092888BF01F13700303089F80300D1
:1071300009F10409A01B77F10000A1D24846BDE87F
:10714000F08709F10100BDE8F08709F10200BDE810
:10715000F08709F103094846BDE8F0872DE9F04FB3
:1071600085B05AEC103B4FEADA77CAF30A566FF350
:107170001F5A077153EA0A0408BF002E0ED040F2CE
:10718000FF75AE423CD10421002C18BF08213944C0
:1071900001710021084605B0BDE8F08F00270023EB
:1071A0004FF0000A0029076037D40D2937D3190F93
:1071B00000F1050B41EA0A110491190E4FEA1A5425
:1071C00041EA0A210391190D4FEA1A4641EA0A31B0
:1071D0000291190C4FEA1A3841EA0A410191190B40
:1071E00041EA0A5C190A41EA0A6E190941EA0A7978
:1071F0004FEA1A1103F00F034FEA1A27009180E0BB
:107200004FF60247002ECFF6FF771CBFA6F2FF37DE
:107210000AF5801A00290760C7D5002146E0332609
:10722000A6EB8105C5F1200613274FF0020CA7EB52
:1072300081072CFA06F401264FF0000E002F58BFEC
:107240000CFA07F458BF06FA07FE06FA05F60CFA20
:1072500005F558BF002658BF0025D5F100094FF0AD
:10726000000868EB040C013D64F100041D4004EAD1
:107270000A04751B7EEB040411D38C00C4F13405A1
:10728000D4F1140423FA05F7C5F120050AFA05F52F
:1072900045EA070558BF2AFA04F5EC0702D09B1906
:1072A0004AEB0E0A03EA09030AEA0C0A1F0947EA35
:1072B0000A791F0F1D0B47EA0A1704971F0E45EAAC
:1072C0000A5C47EA0A2703971F0D1D0A47EA0A3797
:1072D00002971F0C45EA0A6E47EA0A4700F1050BC0
:1072E00013F00F0301974FEA1A174FEA1A544FEAA7
:1072F0001A464FEA1A384FEA1A25009700F0B48070
:107300002F46991A092B88BF01F1270303F1300199
:10731000817409F00F030D219D1A092B88BF05F117
:1073200027030C2903F13003437498BF0C210EF09E
:107330000F039D1A092B88BF05F127030B2903F1C1
:107340003003037498BF0B210CF00F039D1A092B17
:1073500088BF05F127030A2903F13003C37398BFDF
:107360000A21019B3D4603F00F039F1A092B88BF9A
:1073700007F12703092903F13003837398BF09211B
:10738000029B03F00F039F1A092B88BF07F1270305
:10739000082903F13003437398BF0821039B03F0CE
:1073A0000F039F1A092B88BF07F12703072903F151
:1073B0003003037398BF0721049B03F00F039F1A48
:1073C000092B88BF07F12703062903F13003C37295
:1073D00098BF06210AF00F039F1A092B88BF07F1F7
:1073E0002703052903F13003837298BF0521009B11
:1073F00003F00F039F1A092B88BF07F12703042905
:1074000003F13003437298BF042105F00F039F1A64
:10741000092B88BF07F12703032903F13003037207
:1074200098BF032108F00F039F1A092B88BF07F1AB
:107430002703022903F13003C37106F00F0398BF3D
:1074400002219A1A092B88BF02F1270303F13002A7
:107450008271012998BF012104F130008BF80000EE
:10746000084605B0BDE8F08F19F00F0348D10C298C
:1074700046D21EF00F0345D10B2943D21CF00F0357
:1074800042D10A2940D2019B13F00F037FF46DAF64
:107490000929BFF46AAF029B13F00F037FF473AFA7
:1074A0000829BFF470AF039B13F00F037FF479AF8B
:1074B0000729BFF476AF049B13F00F037FF47FAF6F
:1074C0000629BFF47CAF1AF00F037FF485AF0529BE
:1074D000BFF482AF17F00F038CD104298AD215F0C4
:1074E0000F0394D1032992D218F00F039CD10229E3
:1074F0009AD206F00F0353EA0107A2D10021ABE7AD
:107500002F4609E72F4614E72F461FE7844639B375
:1075100070B500EB010C4B1EA1F1020ECC1E002237
:10752000855C85B1934219D085186E7876B1964501
:1075300014D0AE786EB1944210D0EE7866B10432B9
:107540009142EDD10AE000EB020C07E005F1010CDD
:1075500004E005F1020C01E005F1030CBDE8704008
:10756000ACEB00007047B0B588B00C4647F2AD51A7
:10757000C0F20021002501914FF400310091011962
:10758000CDE90655002C0490CDE9025518BF481EE0
:1075900048BF00200590114668461A46FEF77CFE5B
:1075A000002C1CBF04990D7008B0B0BDD1E90423B4
:1075B0009A421EBF531C0B61107070472DE9F04FAB
:1075C000A1B056EC108BB246C6F30A546FF31F5AA3
:1075D000F50F58EA0A0708BF002C0ED040F2FF76DC
:1075E000B44215D10821002F08BF042100242944EA
:1075F0000171204621B0BDE8F08FA91C0171302136
:107600000124417100210160204621B0BDE8F08FC6
:10761000A4F23549002CCDE9062308F001060495B3
:10762000CDE9081006BF4FF6CC39CFF6FF790AF541
:10763000801A4FEA8A0242EA9870002F15905FEA9A
:107640000F90022C5FEA2F91B9F1000F40EA010779
:107650004FEA880014900596139749D4484600F0E5
:1076600021FD0546B9F1030F88BF013D284600F012
:1076700027FD0DF1580B04462846594600F00BFE35
:107680001AA81CA95A460297CDE90010A5EB0900DB
:107690002044514600F17C034046AB4600F031FCEB
:1076A0008246152D5FD8149F4CF6CD46159D1EA819
:1076B000CCF6CC460C4600903846294632464FF070
:1076C000CC3300F072FEDDE91E01820842EA8171CE
:1076D00020F0030008444042F8426AD13846294667
:1076E00000F0F7FC58455FEA3F901290002087E0D9
:1076F000C9F1000B584600F0DCFC044619F101000A
:1077000018BF013CABEB040B584600F0D9FC16A99E
:10771000054658468B4600F03BFD1AA81CA95A4660
:107720000297CDE90010601B00F17D0340465146F1
:1077300000F0E7FB04EB090B8246012C1BD8089BE9
:10774000002E069D4CF6CD46CCF6CC4608D0DDE9A1
:107750001C0201381C9062F100001D900020139063
:107760000120129050E04CF6CD460020CDE91200E9
:10777000CCF6CC4646E0089B4CF6CD46069DCCF6B2
:10778000CC463E2C25D84FF0FF30B4F1200200FA51
:1077900004F758BF0027149C58BF9040159A24EA5C
:1077A000070722EA000038435FEA1F90129000208A
:1077B00011E0059888B91398C043C01965F100011C
:1077C00000F087FC58455FEA3F901390002012902C
:1077D00017E000201290139016E047F002002946AF
:1077E00000F077FCDDE91C124B1E62F100055845E4
:1077F00053EA21801C9055EA22801D9000201290AF
:1078000013902146089B069D002D0C934AD0BAF197
:107810000A0071F1000001D2012037E000274FF08B
:107820000A0C02204FF064094FF47A7842F2107E7D
:107830000A22A2FB0C4507EB870305EB4303BAEBD7
:10784000040471EB030320D3A2FB093407FB0944B2
:10785000BAEB030371EB040314D3A2FB083407FB58
:107860000844BAEB030371EB04030DD3A2FB0E2310
:10787000043007FB0E37BAEB020371EB0703D8D2D3
:10788000013802E0013000E00230089B079A0BEB60
:1078900002073844B0EBD27FB8BFD00F834253EA1F
:1078A000B0800C90CDF80CB00DF1680B1D9C16AD9E
:1078B0009BE8000B00201591149011900B902FE085
:1078C0001599504632464FF0CC3316AD4FEADB04E3
:1078D000009500F06AFD1498BB46129910F0FF0F56
:1078E000DDE916235FEA1F90014008EB8800129142
:1078F000404210994942B1EB400F13995FEA1F9043
:1079000001401391D00840EA437101EB8000AAEBDB
:107910004000149011988A4601301190D8081590B3
:107920005846214632464FF0CC330095CDF834B05E
:107930000E9400F03AFD4046494632464FF0CC33B3
:10794000DDE9164B0095CDE90F9800F02EFDDDE93D
:107950001601E20842EA4B774FEAD109C00840EA33
:107960004178B8EB070079EBDB00A9D31599BAF1A0
:107970000A0071F1000001D201203BE00A970025C6
:107980000A2202204FF00A0C64274FF47A7EA2FBF1
:107990000C3605EB850406EB4406BAEB030371EBEA
:1079A000060322D3A2FB073605FB0766BAEB0303E7
:1079B00071EB060316D3A2FB0E3605FB0E66BAEB7F
:1079C000030371EB06030FD342F210740430A2FBE1
:1079D000042305FB0435BAEB020371EB0503D6D291
:1079E000013802E0013000E002300A9F4CF6CD463B
:1079F000CCF6CC460C9A4AEA010313435FEA1F9384
:107A0000904203DD13B901200B905AE71398C00789
:107A100071D0DDF8408032460F994FF0CC3316AD6F
:107A20000095404600F0C1FCDDE91610C8F10003E6
:107A3000DDF848B0CA0842EA407404EB82025242C0
:107A4000B3EB420F5FD1C208DDF84490DDF850C0BF
:107A5000DDE90D01904632464FF0CC33CDF850C0F1
:107A6000009500F0A2FC1599324616984FF0CC33E1
:107A700012905046179F009500F097FC4CF6CD42AF
:107A800016A8009020464146CCF6CC424FF0CC33AD
:107A9000DDE91665CDF83C8000F087FCF10841EA8D
:107AA000457E14980EEB8101A046ED0810F0FF0F03
:107AB000AAEB410C5FEA1F90DDE916120BEA000BFE
:107AC00012984CF6CD461595CB0843EA4274C0088F
:107AD00004EB830340EA47705B4209F1010916ADEC
:107AE000F908C8F10007CCF6CC46D208F246B7EB4D
:107AF000430FAFD00CE00DF1400BD646DDF850C07F
:107B00009BE8000B04E0D646DDF84490DDF850C059
:107B1000159A8EEA08010F981346424011430B9ABA
:107B20005FEA0F911143CA07059900295FEA1F9187
:107B3000002A04BF139A11EA02010ED05FFA8CF1F9
:107B400005295FEA0F92042962EA0B025FEA9F911E
:107B500042EA0E0202EA010C01E04FF0010C039828
:107B600009EB00051EEB0C0043F10001B0F10A0225
:107B700071F1000201D2012338E0AE4600264FF039
:107B80000A0802234FF0640B4FF47A7A42F210791C
:107B90000A25A5FB087206EB860402EB4402C41B0F
:107BA00071EB02021DD3A5FB0B2406FB0B44821ACA
:107BB00071EB040212D3A5FB0A2406FB0A44821AC5
:107BC00071EB04020CD3A5FB0952043306FB092612
:107BD000421B71EB0602DCD2013B02E0013300E004
:107BE00002334CF6CD467546CCF6CC460C9A934201
:107BF0005FEADC82012A079A3AD1069F4FB12A44F4
:107C00001A44012AD8BF0122089F974257EAB2823C
:107C10000C920C9A93422BDD05304CF6CD4741F186
:107C20000001CCF6CC474008013B40EAC170013569
:107C300010EB51024FEA510142F10002A2FB07761C
:107C400026F0030707EB96074FF0CC36D21B821ABB
:107C50004CF6CD40CCF6CC4061F10001A2FB000710
:107C600002FB06724CF6CD46CCF6CC4601FB062153
:107C70000C9A934253EAB2822BB214B22344A3F17A
:107C80000108012CC0F2348102F00303099ACDF8F7
:107C90004880042C02F105091193149402D24FF08C
:107CA000000AA9E0E31A2244149C02F104084FF0F0
:107CB000000A13936422002383460F46FEF7AAF9B5
:107CC000420800F0010042EAC17212EB510141F199
:107CD0000001A1FB062323F0030202EB9302002321
:107CE000891A4FF47A7240EA4100394640F0300078
:107CF00015905846FEF78EF942084CF6CD4642EAFA
:107D0000C172CCF6CC4612EB510100F0010041F1FA
:107D100000024FEA5B0141EAC77111EB570343F1DF
:107D20000003A3FB066525F0030606EB95069B1BE7
:107D30006FF00206CB1A4CF6CD41CCF6CC41A3FB3A
:107D4000011C01EB8105ABEB450545F0300508F85A
:107D500004598AEA0605159E254409F805604CF683
:107D6000CD46CCF6CC46A2FB065626F0030505EB25
:107D70009606A2EB06024CF6CD46CCF6CC4640EA7F
:107D800042006FF0030282EA0A0240F0300022440F
:107D900009F802004FF0CC304FEA570203FB00C055
:107DA00062F1000202FB06004A0801F0010142EA0A
:107DB000C07212EB500040F10000A0FB062323F03C
:107DC000030202EB93020023801A42F2107241EA8E
:107DD00040006FF0010181EA0A0140F030002144C7
:107DE00009F8010058463946FEF714F90AF1040A69
:107DF000139A52457FF45EAFDDF844E0DDF8488029
:107E0000149CBEF1000F73D042084CF6CD4742EAF5
:107E1000C172CCF6CC4712EB51036FEA0A0543F16D
:107E200000032544A3FB077626F0030707EB96071C
:107E30004E08DB1BD31A4CF6CD42CCF6CC4266F191
:107E4000000CA3FB0227BEF1010F02EB8206A0EBA0
:107E5000460646F0300609F8056049D04FF0CC36AA
:107E60004CF6CD4503FB06734CF6CD47CCF6CC471C
:107E7000CCF6CC450CFB0733570802F0010247EA69
:107E8000C37717EB53034CF6CD4743F10003CCF611
:107E9000CC47BEF1020FA3FB077626F0030707EBE2
:107EA0009607A3EB070342EA4302A4EB0A0303EBA2
:107EB000090642F0300206F8022C19D06422002391
:107EC000FEF7A8F8420800F0010042EAC17212EB86
:107ED000510141F10001A1FB052323F0030202EB54
:107EE0009302891A40EA410040F0300006F8030C82
:107EF000099804990171C0F80080204621B0BDE8BE
:107F0000F08F2DE9F04F8BB0490041EAD074059312
:107F10001646D2E9002345002846214608AF0097BF
:107F200000F043FAD6E90223834606A8894600906A
:107F300028462146DDE9087A00F037FA10EB0708F9
:107F4000DDE906234AEB010ADDE90801571C059C1F
:107F500043F10005B8EB00007AEB0100A4F1410405
:107F600055EA338357EA328296E8830017EB080715
:107F7000F568049445EB0A0510EB0B0059EB010082
:107F8000009457F10000CDE9062345F10001571C8C
:107F900043F10005B0EB080471EB0A04CDF80CB016
:107FA00055EA338357EA3282CDF8089000F01BFA85
:107FB000DDE91429169BC2E9000143B3D6E900C1EB
:107FC000D6E902560398B8EB0505DDE906236AEB0E
:107FD00006066C1E66F10007B0EB0C000298DDF897
:107FE00010B08841CDF800B054EA358057EA3681A8
:107FF000571E63F10006B8EB00057AEB010557EA5E
:10800000328256EA338300F0EEF95F463EE0DDE966
:1080100006204FEA4804D6E900EC01900598D6E91D
:108020000276A0F14005029800954FEA4A050399AF
:1080300045EAD87544EAD0744300E71B65EB0606B1
:10804000B7F1010B43EAD17366F10000DEEB4101A9
:1080500073EB0C0150EA36815BEA3780B4EB08031E
:10806000019F75EB0A035FEA2F937F0043EA420307
:1080700047EAD2775A1E67F10006241A8D4152EA68
:10808000338256EA378300F0AEF9049FDDE9062318
:10809000C9E9000140465146009700F0A4F90BB031
:1080A000BDE8F08F43F24141C0F201014843800C2A
:1080B000704742F6FB61C0F20B014843000D704768
:1080C00049F24F31C0F212014843012101EBD04087
:1080D00070472DE9F04F4CF6CD4E45F6294442F657
:1080E000F50A47F6D50847F6916943F2343B024654
:1080F0000020CCF6CC4E4FF03333CCF28F24C8F6B0
:108100005C7AC2F2E968C3F6FB29C3F2333BA2FBF7
:108110000E5C4FF0CC3702FB07C7D5F1333501FBBE
:108120000E7773EB07072ED3A2FB047502FB0A55EB
:10813000D7F1333701FB045573EB050722D3A2FBBC
:10814000087540F63106C1F6AC4602FB0655D7F17C
:10815000333701FB085573EB050716D3A2FB0975EE
:108160004CF67066CDF28826043002FB065201FB05
:108170000921B7EB0B0271F133323A46C7D301380C
:10818000BDE8F08F0130BDE8F08F0230BDE8F08F20
:108190002DE9F04F87B005464EF64F40C4F6C46057
:1081A0008B46A5FB0001C8081A2100FB01F649F225
:1081B000E051C0F2002101EB0010B54209D190E876
:1081C0000E00C0688BE80E00CBF80C0007B0BDE8CD
:1081D000F08FD0E9009249F2B061C0F20021019223
:1081E000D0E90223A81B51F8307001EBC0004468AD
:1081F00004A800903846214600F0D7F8019B82463B
:1082000002A888460090384621464A4600F0CDF83C
:1082100081460191DDE90201002210EB0A0758EBCB
:10822000010842F10000012806D1DDE90401013016
:10823000049041F1000005902846FFF741FF0446F5
:108240003046FFF73DFF0199241A48463A46434617
:10825000009400F0C8F86FF0030249F2807302EA5C
:108260009502C0F200239A581E2303EA4503DA4020
:1082700002F003068019DDE9042341F10001CBE996
:10828000000138464146009400F0ADF8CBE9020108
:1082900007B0BDE8F08F2DE9F04F87B08B464EF662
:1082A0004F4105461930C4F6C461A0FB0101C8085E
:1082B0001A2100FB01F649F2D871C0F2002101EB4E
:1082C0000010AE4209D190E80E00C0688BE80E00A5
:1082D000CBF80C0007B0BDE8F08FD0E900A249F25E
:1082E000B061C0F200210192D0E90223701B51F865
:1082F000307001EBC000446804A800903846214665
:1083000000F053F8804602A80090BAF101020198EB
:108310008946214660F10003384600F046F80446DD
:108320008A46DDE90201002210EB080751EB09083B
:1083300042F10000012806D1DDE90401013004907A
:1083400041F1000005903046FFF7BAFE0646284688
:10835000FFF7B6FE361A204651463A464346009687
:1083600000F041F86FF0030249F6C80302EA9502F3
:10837000C0F200239A581E2303EA4503DA4002F0B4
:1083800003054019DDE9042341F10001013041F109
:108390000001CBE9000138464146009600F023F881
:1083A000CBE9020107B0BDE8F08FF0B5A2FB01CE2A
:1083B000A2FB0075A3FB011415EB0C05DDF814C03E
:1083C00051EB0E06294644F100043246E3FB00124D
:1083D000A3FB0003401956EB030044F10000CCE975
:1083E00000203846F0BD10B5DDF808C0CCF1400ED5
:1083F000CEF1200420FA0CF003FA0EF322FA04F472
:108400002343DCF1200458BF02FA04F302FA0EF20F
:1084100001FA04F440EA040058BF0022BCF1200431
:1084200058BF21FA04F021FA0CF158BF0021104383
:10843000194310BD4F726967696E616C2064617485
:10844000613A2035302074696D65732061766572FC
:108450006167650D0052323A202030782530385857
:108460000053656E736F722054656D706572617430
:108470007572653A2025640D0A005053503A202049
:10848000202030782530385800696E765F696D7528
:108490005F7365745F636F6E6669675F696E743181
:1084A0002829206661696C65643A20256400696E3C
:1084B000765F696D755F656E61626C655F61636350
:1084C000656C5F6C6F775F6E6F6973655F6D6F640E
:1084D000652829206661696C65643A20256400522C
:1084E000652D636F6E666967757265207365726965
:1084F000616C20696E746572666163652073696E74
:1085000063652069742077617320726573657400F8
:10851000436865636B6564204572726F723A2049E7
:108520006E737472756374696F6E20427573204543
:1085300072726F7200494E464F2020005343422D05
:108540003E484653523A2030782530385800493357
:10855000435F436865636B486F746A6F696E004E72
:1085600041434B207768656E207265616400444525
:1085700042554720005053523A2030782530385821
:10858000000D0A3D3D3D3D3D3D3D3D204F7468653C
:1085900072205265676973746572203D3D3D3D3DB3
:1085A0003D3D3D005772697465207265676973745B
:1085B00065722061646472657373206661696C65BD
:1085C000643A2025750054727920746F20726561B9
:1085D000642057484F5F414D5F4920616674657262
:1085E00020736F66742072657365740052333A208D
:1085F00020307825303858000D0A3D3D3D3D3D3D49
:108600003D3D3D2053434220526567697374657256
:10861000203D3D3D3D3D3D3D3D3D004942492054CD
:108620007970653A20494E5445525255505400696C
:108630006E69745F68617264776172655F66726F9C
:108640006D5F75693A202564004933435F5772694D
:1086500074654D656D6F7279206661696C65643A09
:10866000202575004779726F73636F70653A20201B
:10867000202058203D20252E34662C2059203D20D6
:10868000252E34662C205A203D20252E346620725B
:1086900061642F730D0A0053656E64205253544475
:1086A0004141206661696C65643A20257500436824
:1086B00065636B486F746A6F696E206661696C658B
:1086C000643A20257500696E765F696D755F736524
:1086D000745F70696E5F636F6E6669675F696E7401
:1086E000312829206661696C65643A202564006937
:1086F0006E765F696D755F7365745F616363656CEA
:108700005F6673722829206661696C65643A20256A
:108710006400526573746F726520736C65772D7297
:1087200061746520636F6E66696775726174696FE5
:108730006E005343422D3E435346523A2030782533
:10874000303858005053504C494D3A20307825303D
:108750003858004933435F496E6974004933435FB9
:10876000526561644D656D6F7279206661696C65F3
:10877000643A202575004F70656E206661696C65EE
:10878000643A202575005B25642E253033645D2016
:10879000004779726F73636F70653A20202020580C
:1087A000203D20252E34662C2059203D20252E34B6
:1087B000662C205A203D20252E3466206470730DCF
:1087C0000A00494D55206275732F6472697665728F
:1087D00020696E697469616C697A6174696F6E2071
:1087E0006661696C65643A20256400696E660057AD
:1087F00041524E202000416363656C65726174696B
:108800006F6E3A2058203D20252E34662C205920AA
:108810003D20252E34662C205A203D20252E3466FE
:10882000206D2F735E320D0A0052303A20203078CE
:1088300025303858005231323A20307825303858B7
:10884000004C523A20203078253038580050433AB6
:108850002020307825303858004933435F577269FB
:1088600074654D656D6F7279000D0A0054657374FF
:1088700049434D43616C6C6261636B004933435FF4
:10888000526561644D656D6F7279004942492054AB
:108890007970653A20484F545F4A4F494E005465FD
:1088A000737449434D343236373000696E765F69F0
:1088B0006D755F7365745F6779726F5F66726571FE
:1088C00075656E63792829206661696C65643A2054
:1088D0002564001B5B324A1B5B4800696D7552655D
:1088E000616452656700696E765F696D755F736577
:1088F000745F6779726F5F66737228292066616999
:108900006C65643A202564005265616420464946DE
:108910004F207468206973203000696E765F696D3E
:10892000755F6465766963655F7265736574004839
:108930006172644661756C74206F636375727265F1
:10894000642062792044454255470048617264467C
:1089500061756C74206F63637572726564206279EF
:10896000206F7468657220657863657074696F6ED6
:1089700020666F72636564003D3D3D3D3D3D3D3D7C
:108980003D3D204D535020537461636B20203D3D8D
:108990003D3D3D3D3D3D3D3D00495053523A203027
:1089A000782530385800436865636B6564204572EC
:1089B000726F723A20446976696465204279205A60
:1089C00065726F00436865636B6564204572726F02
:1089D000723A20496E76616C6964205374617465E3
:1089E000007069643A203078256C6C5800696E76A6
:1089F0005F696D755F72657365745F6669666F2820
:108A000029206661696C65643A20256400436F6EB5
:108A100076657273696F6E20646174613A0D00430C
:108A20006865636B6564204572726F723A204E6FA1
:108A300020436F70726F636573736F72004653509B
:108A40002056657273696F6E3A2025730D0A0045D2
:108A500052524F522000696E765F696D755F67658F
:108A6000745F646174615F66726F6D5F6669666F83
:108A7000206661696C656428293A20256400436892
:108A800065636B6564204572726F723A20556E6142
:108A90006C69676E65642041636365737300477931
:108AA000726F73636F70653A2020202058203D203C
:108AB00025642C2059203D2025642C205A203D205F
:108AC00025640D0A00636F6E6669677572655F7372
:108AD000657269616C5F696E746572666163650079
:108AE0005465726D696E616C00436865636B6564A3
:108AF000204572726F723A20556E646566696E65C4
:108B00006420496E737472756374696F6E003D3DC5
:108B10003E200052313A2020307825303858004924
:108B2000626952656164206661696C65643A2025FA
:108B30007500696E765F696D755F7365745F6163FB
:108B400063656C5F6672657175656E63792829204F
:108B50006661696C65643A202564004D53503A2083
:108B600020202030782530385800436865636B65D5
:108B700064204572726F723A205072656369736542
:108B8000206461746120627573206572726F720077
:108B9000424641522069732076616C69643A203004
:108BA00078253038580D0A00362E342E3000686192
:108BB0006C5F656E747279006463723A2030782558
:108BC0005800696E765F696D755F64657669636587
:108BD0005F72657365743A202564001B5B306D001D
:108BE0004D61737465724465766963655461626C46
:108BF00065536574206661696C65643A202575006B
:108C000044657669636553656C6563742066616964
:108C10006C65643A202575004E41434B20776865AA
:108C20006E2077726974650053656E736F7220549D
:108C3000656D70657261747572653A20252E3466B3
:108C400020E284830D0A005343422D3E4943535290
:108C50003A203078253038580052656164207265BA
:108C60006769737465722064617461206661696C00
:108C700065643A20257500436865636B656420452B
:108C800072726F723A20537461636B204F76657213
:108C9000666C6F77004933435F43616C6C6261635C
:108CA0006B00696E765F696D755F6765745F64619F
:108CB00074615F66726F6D5F726567697374657208
:108CC000732829206661696C65643A202564004731
:108CD00065743A00696E765F696D755F6765745F8C
:108CE000646174615F66726F6D5F6669666F006E66
:108CF000616E00696E765F696D755F636F6E666940
:108D0000677572655F6669666F2829206661696CA0
:108D100065643A20256400696E765F696D755F69E8
:108D20006E697400417665726167652074696D656E
:108D3000206F662072656164696E67204649464F00
:108D40003A20257520757300494E54465F434F4EB7
:108D5000464947313A203078255800696D75577279
:108D60006974655265670044796E616D6963416439
:108D7000647265737341737369676E6D656E742099
:108D80006661696C65643A2025750044657669639F
:108D900065436667536574206661696C65643A2053
:108DA00025750057484F20414D20493A20307825FD
:108DB00058004D53504C494D3A20307825303858A2
:108DC00000456E61626C65206661696C65643A207D
:108DD0002575006263723A2030782558004163633C
:108DE000656C65726174696F6E3A2058203D20256C
:108DF000642C2059203D2025642C205A203D20251C
:108E0000640D0A000D0A3D3D3D3D3D3D3D3D3D3D6E
:108E10003D3D3D3D3D20496E20486172644661758F
:108E20006C74203D3D3D3D3D3D3D3D3D3D3D3D3D29
:108E30003D3D00436865636B6564204572726F72E7
:108E40003A20496E76616C696420504300696E7601
:108E50005F696D755F656E61626C655F6779726F82
:108E60005F6C6F775F6E6F6973655F6D6F646528A8
:108E700029206661696C65643A20256400636F6E21
:108E80006669677572655F73657269616C5F696E4B
:108E9000746572666163653A20256400577269746F
:108EA00065206661696C65643A20257500286E75D9
:108EB0006C6C290071020000E2040000C40900008B
:108EC0008813000010270000204E0000409C000086
:108ED000803801000071020000E204000000000080
:108EE00000005454522052454747455300D4D4D42F
:108EF0000400002200D4D4D41F0F0E000301000090
:108F0000C907000200000000F48E0002A41B00222A
:108F1000F88E000240930002B41B002298920002D7
:108F200004930002A7210809A7211A2100000000CC
:108F30000F00000008000000C8000000400D030002
:108F40000000000000000000FFFFFFFF000404001D
:108F50000000000000000000000000000000000011
:108F6000090A0B080C0D0C0C0000000000000000AA
:108F70000000000000000000292A0002000000009C
:108F8000248F0002BC1B0022688F00025493000251
:108F900000010000140000220F00FFFF000000018C
:108FA00001000000090200000C000C010C020C037F
:108FB0000000000000000000192300020000000073
:108FC000908F00021C1C0022A48F0002C492000299
:108FD000040000000C000000040000000D00000070
:108FE0001040000008010000040C00000A0100000D
:108FF000000C01150B010000000C010B0C0100001E
:10900000000C010B0D010000000C010B0E01000013
:10901000000C010B0F0100000040000000020000E6
:1090200010400000010200000000010508020000DD
:109030000004010509020000000801000A02000006
:10904000000801000B020000000001000C020000FB
:10905000000001000D020000000001000E020000EF
:10906000000001000F020000000C010B00030000D3
:10907000000C010B01030000000C010B02030000B7
:10908000104000000303000010000107000400006E
:109090001000010701040000000001140704000093
:1090A0000000011408040000400401070904000046
:1090B000400401070A0400000000011F0B04000027
:1090C000104000000C040000050000000D0400002A
:1090D000000C010B03050000000C010B040500004F
:1090E000000C010B05050000000C010B060500003B
:1090F000000C010B07050000000C010B0805000027
:10910000000C010B09050000000C010B0A05000012
:10911000104000000D050000000C011C02060000BC
:10912000000C011C03060000000C011C04060000DA
:10913000000C011C05060000000C011C06060000C6
:10914000000C011C07060000000C010B08060000C3
:10915000000C010B09060000000C010B0A060000C0
:10916000000C010B0B060000000C010B0C060000AC
:10917000000C010B0D060000000C010B0E06000098
:10918000050400000F060000000C010B0D08000094
:10919000000001130E080000000001130F0800007A
:1091A000000C010B000A0000000C010B010A00007A
:1091B000000C010B020A0000000C010B030A000066
:1091C000000C010B040A0000000C010B050A000052
:1091D000000C010B060A0000000C010B080A00003D
:1091E000000C010B090A0000000C010B0A0A000028
:1091F000000C010B0B0A0000000C010B0C0A000014
:10920000000C010B0D0A0000000C010B0E0A0000FF
:109210000008010B0F0A0000000C011C000C0000EC
:10922000000C011C010C0000000C011C020C0000D1
:10923000000C011C030C0000000C011C040C0000BD
:109240000004011C050C00000004011C060C0000B9
:109250000004011C070C00000004011C080C0000A5
:10926000000C010B000D0000000C0115010D0000A9
:10927000000C0115020D0000000C0115030D00008B
:10928000000C0115040D000000080115050D00007B
:1092900010000115070D000059000000D08F0002DA
:1092A0000000000003030403050306039C009D0067
:1092B0009E009F003F033A033D033E033C034503EA
:1092C0002000D4D4292B0002112F0002212F0002EC
:1092D000712F0002093000021930000259300002DB
:1092E0006930000259310002693100027131000217
:1092F0000600000008000000030000000500000058
:109300000A00000069340002813400029134000236
:10931000A13400025935000289350002D13500021E
:10932000F935000231360002613600028136000252
:10933000A9360002C1360002020403040404D4D496
:109340009940000229410002714100029941000246
:10935000A94100027942000209430002B945000216
:10936000D94500024946000259460002B9460002AA
:10937000C1460002A1480002214A0002E94A000257
:10938000F14A0002494B000200000068000000683A
:1093900000000080000000800000007000000070ED
:1093A00020000022A00000220B000000C093000259
:1093B0001900000044940002040000008893000299
:1093C00000000068000000680001000D0000006857
:1093D000000000680001000D000000800000008017
:1093E000000100080000008000000080000100086B
:1093F00000000070000000700001000A0000007012
:10940000000000700001000A0000000000000000E1
:109410000100000500000020000000200100000401
:10942000A0000022A000002200000003D0040022BF
:10943000F81C002200000003F81C0022F81C002287
:1094400000000003000000680000006800000090B9
:109450000001090D000000680000006800000078AD
:1094600000010B0D000000680000006800000027EC
:109470000001020D00000068000000687C0000028E
:109480000001010D0000008000000080000000903D
:109490000001090800000080000000800000007842
:1094A00000010B0800000080000000800000002781
:1094B0000001020800000080000000807C00000223
:1094C0000001010800000070000000700000009022
:1094D0000001090A00000070000000700000007820
:1094E00000010B0A0000007000000070000000275F
:1094F0000001020A00000070000000707C00000201
:109500000001010A000000000000000000000090BF
:1095100001010905000000000000000000000078C3
:1095200001010B0500000000000000000000002702
:109530000100020500000000000000007C000002A5
:109540000100010500000020000000200000009044
:109550000101090400000020000000200000007844
:1095600001010B0400000020000000200000002783
:109570000100020400000020000000207C00000226
:109580000100010400000022000000220000009001
:109590000001090300000022000000220000007802
:1095A00000010B0300000022000000220000002741
:1095B0000000020300000022180000227C000002CC
:1095C00000000103F81C0022F81C00229400000295
:1095D0000000010301000200080010002000D4D4A4
:1095E000000000000000000000000000000000106B
:1095F0000000000000000000B9340332B7F4AD14DD
:1096000010DB1AB30892540E0D307D951447BA1A28
:1096100066088F4D26ADC66DF598BF85E2B745113A
:10962000CA96853D92BD1DEBFCA11860DCEF521679
:109630003C92AE220BB8C1B4839D2D5B0562DA1C4F
:10964000304C7E8F4E8BB25B16F4529F8B56A51218
:10965000FBD4827643ED8AF08FE7F931156519184E
:1096600050F19BD94A13EEB4284CF0A686C1251FB1
:10967000035FC270CB9E4916E642889C44EB2014DF
:10968000B0650836AD6EA58585F0CA14E2FD031AF3
:109690000B899979D5B13D09D8DA973A35EBCF10D6
:1096A000AC363F5E73BB38CF3E6752FA44AFBA1553
:1096B00001000000000000000500000000000000A4
:1096C00019000000000000007D0000000000000004
:1096D0007102000000000000350C000000000000D6
:1096E000093D0000000000002D31010000000000D5
:1096F000E1F505000000000065CD1D000000000040
:10970000F902950000000000DD0EE90200000000F3
:10971000514A8D0E000000009573C2480000000001
:10972000E941CC6B010000008D49FD1A07000000E3
:10973000C16FF28623000000C52EBCA2B10000005C
:10974000D9E9AC2D780300003D9160E45811000088
:1097500031D6E275BC560000F52E6E4DAEB101005B
:10976000C9EA268367780800ED95C28F055A2A005A
:10977000A1EDCCCE1BC2D30025A4000A8BCA2204C3
:1097800000000000000000000000000000000000D9
:109790000000004095596959555554551555555671
:1097A0000405154110545540455155444045504419
:1097B0005055554500400040400444966555565567
:1097C00045404554514115405591555555554051C9
:1097D00005010000D4D4D4D4010000000000000032
:1097E0000000000000000020345065C05FC9A65290
:1097F000BB13CBAEC440C21806C8DF7100D5A87C2D
:10980000F56F0FDA58FC27136E4756357D24206517
:1098100002C7E768E48CA41DE9E60268D7CD396188
:109820007977FCC2405BEF16798CDE43FFA751F9D4
:1098300091F3B278F5BDBE11E857E9D6E8BEE87BF2
:10984000B054AC8F848D751BEA23A499E9F9D38BAE
:10985000B7A3714061DA3E15CEE33ECB73F94808F9
:109860008C97B427D51B7010A2BFEFB9EB853215CA
:109870004DB44DB49BBB6F1996B6076CF8E7EEADCF
:1098800036D9B4F59135AE13222218AF4E6A684D21
:1098900091DAAA3D4F40741E9FBD9EE006A1C0987C
:1098A00057C2A7FDA40E90170E7D497173E3208F58
:1098B000B220D87605143B12853D7434811343B031
:1098C000AD297A5F27F4351C544554544555050499
:1098D00000100410140440000000014055551541CB
:1098E0005404000044000100000000404100004416
:1098F0005044455054005555545565510040004062
:109900000100000100050100115451515455550545
:109910000015415000000440100104050000000043
:1099200000000406362E342E30004275696C742017
:10993000776974682052656E65736173204164763F
:10994000616E63656420466C657869626C6520535E
:109950006F667477617265205061636B6167652023
:0E99600076657273696F6E20362E342E3000DD
:049970009109000257
:0200000402C92F
:04F04000FFFFFFFFD0
:04F04400EFFFFFFFDC
:04F0C000FFFFFFFD52
:04F0C400FFFFFFFF4C
:04F1200000000000EB
:04F1240000000000E7
:04000005020059F1AB
:00000001FF
