:020000040200F8
:10000000A0060022B1A2000281A100024912000252
:10001000C1A20002C1A20002C1A20002C1A200024C
:10002000000000000000000000000000C1A200026B
:10003000C906000200000000C1A20002C1A2000225
:10004000C97D0002F97C0002A17E0002297F000226
:100050003943000271430002A1430002C943000278
:10006000F14300022944000251440002C19A0002F7
:10007000C19A000201870002E9880002398A000261
:0C008000518B000241950002618E0002CD
:10008C000100000000000300991B0002F91B000294
:10009C000000000012010002020000405B0402009C
:1000AC000002010206010A060002000000400100E5
:1000BC0009004300020100C005090400000102020E
:1000CC00010005240010010424020205240600018D
:1000DC000524010301070583031000100904010026
:1000EC00020A000000070581024000000705020219
:1000FC004000000009004300020100C00509040093
:10010C000001020201000524001001042402020572
:10011C0024060001052401030107058303100010C8
:10012C0009040100020A0000000705810200020018
:10013C000705020200020000040309041003520028
:10014C0045004E0045005300410053002C03430072
:10015C00440043002000550053004200200044009E
:10016C0065006D006F006E0073007400720061001A
:10017C00740069006F006E002E0343006F006D0069
:10018C006D0075006E006900630061007400690009
:10019C006F006E007300200044006500760069005B
:1001AC006300650073001603460075006C006C005C
:1001BC002D005300700065006500640012034800B8
:1001CC0069002D00530070006500650064001C037D
:1001DC003000300030003000300030003000300093
:1001EC00300030003000300031000000B800002238
:1001FC00BC000022CC000022F800002226010022C4
:10020C003C0100224E010022000018A0000000005A
:10021C000000000000000000000000A8000000002A
:10022C000000000000000000000000001400254049
:10023C00140025400000000018002540180025403F
:10024C00000000001C0025401C0025401410354007
:10025C001610354017103540181035401A1035401F
:10026C001B1035401C1035401E1035401F103540FA
:10027C00F92000026121000200000000612100024F
:10028C00F92000026121000200000000612100023F
:10029C000000000000000000000000000000000052
:1002AC000000000000000000000000000000000042
:1002BC000000000000000000000000000000000032
:1002CC000000000000000000000000000000000022
:1002DC000000000000000000000000000000000012
:1002EC000000000000000000000000000000000002
:1002FC0000000000000000000000000000000000F2
:10030C000000000000000000A1200000000002001E
:02031C000000DF
:1003200083B010B581B0844603A840F2D064C2F215
:1003300000240EC003AB4FF4807120466246009348
:100340000BF089FD0020214600F0F6FC01B0BDE86D
:10035000104003B07047D4D40146002000F0ECBC3C
:1003600083B010B581B0844603A840F2D064C2F2D5
:1003700000240EC003AB4FF4807120466246009308
:100380000BF069FD0020214600F0D6FC4CF66771A9
:100390000020C0F2002100F0CFFC01B0BDE8104009
:1003A00003B07047D4D4D4D482B080B582B08C4628
:1003B0000146CDE9042304AB00206246019300F01E
:1003C00007F802B0BDE8804002B07047D4D4D4D45E
:1003D000F0B583B00E46074602A801A91C46154693
:1003E00001F0FEFC4CF6FD60DDE90121C0F20020C9
:1003F000FFF796FF4DF2D020C0F2002050F82710F2
:10040000002000F099FC56B10020314600F094FC29
:100410004CF67C510020C0F2002100F08DFC4DF222
:100420002D110020C0F2002100F086FC40F2D066C1
:100430004FF48071C2F200262A46304623460BF064
:100440000AFD40F200003146C2F20020047800208C
:1004500000F072FC34B14CF667710020C0F200214C
:1004600000F06AFC03B0F0BD82B080B582B08C466B
:100470000146CDE9042304AB012062460193FFF756
:10048000A7FF02B0BDE8804002B07047D4D4D4D4F6
:1004900082B080B582B08C460146CDE9042304AB1E
:1004A000022062460193FFF793FF02B0BDE880404F
:1004B00002B07047D4D4D4D482B080B582B08C4618
:1004C0000146CDE9042304AB032062460193FFF704
:1004D0007FFF02B0BDE8804002B07047D4D4D4D4CE
:1004E00080B500F01DFA40F2D87CEFF3118EC2F215
:1004F000002C002383F31288DCE90032C01851413C
:10050000013041F10001CCE900018EF3118880BD7A
:100510007047D4D4D4D4D4D42DE9F0410020EFF3E3
:10052000118880F3128800F0FFF940F2D877044672
:10053000C2F200270D463A7E012A0ED100F03CF9A6
:1005400058B300F0F1F904460D4600F0E9F900193E
:100550006941441C41F100051FE0EFF3108672B6BB
:1005600000F02AF9B8B100F02FF900F0D9F9002213
:10057000EFF3118382F31288D7E9002580186941CF
:10058000013041F10001C7E9000183F3118800F057
:10059000CBF904460D4686F31088D7E9000100190F
:1005A000D7E902236941821A71EB030205DAD7E920
:1005B000020188F31188BDE8F081C7E9020188F3E0
:1005C0001188BDE8F081D4D42DE9F04381B040F228
:1005D000D877EFF31185C2F200274FF0000989F3B5
:1005E0001288387600F0F8F8804600F0EDF885F3D0
:1005F000118800F095F900F08BF944F2402100EEEB
:10060000100AC0F20F01B8EE400A9FED241A40F222
:10061000D07688425FEA2F91797680EE012A797E42
:1006200081EE000A9FED1E1AC2F20026002944F650
:10063000D351C1F2620102FE000AA0FB0101B6EE35
:10064000002AA0EE012A8809BDEEC20A87ED040A3D
:100650007861EFF3118489F31288C6F80090FFF7F0
:100660005BFFBFF34F8FBFF36F8F00BFBFF34F8FA1
:10067000BFF36F8F0546FFF74FFF31682944401ADB
:10068000306084F31188C7E90099C7E90299FFF740
:100690003FFF404601B0BDE8F08300BF002474492D
:1006A00000008047D4D4D4D40120FFF78DBFD4D428
:1006B00080B540F2D8720023C2F20022526909F0DC
:1006C0008DFF80BDD4D4D4D400F002B8D4D4D4D417
:1006D00010B54EF63050CEF200000068800631D5DD
:1006E00043F68044CEF20004206CB0F1FF3F04DCFE
:1006F0004FF000402060FFF7F3FED4F88001C0B255
:1007000002281FD3216889070AD50221216040F2FF
:10071000F871C2F20021D1E900230133C1E90023BD
:1007200004280FD3216809070AD50821216040F267
:10073000F871C2F20021D1E902230133C1E9022399
:10074000062800D210BD216889060AD52021216023
:1007500040F2F871C2F20021D1E904230133C1E96A
:100760000423062808BF10BD08284FF0010C5CEADE
:100770003C9E40F2F871C2F200210622F646183182
:1007800008E000BF00BF00BF01320831BEF1010E1A
:1007900000D1D7E70CFA02F3206C1842F4D02360A2
:1007A000D1E9000310F5803043F10003C1E90003F3
:1007B000EAE7D4D4D4D4D4D443F6C040CEF2000077
:1007C0000068C00F7047D4D443F680404FF000411A
:1007D000CEF200000160704743F60041CEF2000106
:1007E000D1F80002420440F18E80F0B543F6046374
:1007F000EFF3108CCEF2000372B64FF000461A6889
:1008000022F001021A600E620E661A6842F00402BB
:100810001A60C1F880601A6842F002021A60D1F8CA
:100820000022D2B2022A54D34FF600054FF6040438
:10083000CFF6FF75CFF6FF744FF0080E042A41F88B
:1008400005E04FF01E050D514FF00304C1F8804044
:100850004FF002070F640C603BD34FF608041327D8
:10086000CFF6FF74062A0F514FF60C04CFF6FF7433
:100870000D514FF00C04C1F88040C1F840E00C600D
:1008800027D34FF610070325CFF6FF77062ACD5161
:100890004FF61407CFF6FF774FF01E05CD514FF0FE
:1008A0003007C1F880704FF020050D640F6010D044
:1008B000082A4FF0010252EA329E062400BF00BF10
:1008C00002FA04F50134C1F880500D640D600FF098
:1008D00009C84EF6FC52CEF20002176847F0807746
:1008E00047F4441717600E640E601968002241F047
:1008F0000101196041F20001CEF200010A608CF39F
:100900001088BDE8F040C0F380307047D4D4D4D410
:1009100044F23040C2F2002000687047D4D4D4D4EE
:100920004FF0FF300021704743F27C000021CEF2EF
:10093000000000687047D4D4B0B584B005460DF10E
:100940000B033120112108220524009401F0A0FAA4
:100950009DF80E0048B147F61470ADF807000DF190
:1009600007013120022201F04BFB9DF80F0048B136
:1009700047F61570ADF807000DF10701312002228E
:1009800001F03EFB9DF80E109DF80B0089072968C9
:1009900000F13B8010F0010200F0378040F62002A9
:1009A0009DF80D30C2F2002221F00301013B1278C4
:1009B0003F2B62F3410101F10101296000F2368011
:1009C0000022DFE803F03E2033393333333B333347
:1009D00033333333333D33333333333333333333DD
:1009E00033333333333533333333333333333333D5
:1009F00033333333333333333333333333333333C7
:100A000033333333333701221BE0042321F0070152
:100A100003EA500040F62003C2F2002340F207220E
:100A2000AA800022AA711A7001442DE0072208E072
:100A3000052206E0062204E0022202E0032200E092
:100A400004222A71C0F301128DF8062002249DF8B9
:100A50000620C0F20104D300032A4FF0030238BF7E
:100A600024FA03F26A71C0F341028DF806209DF862
:100A70000620042A28BF00220007AA7102D421F010
:100A8000040101E041F004010020296004B0B0BD80
:100A9000F0B585B044F2D436EFF31080C2F20026F0
:100AA000012181F3108840F6BC153168C4F240057D
:100AB00029B9002185F85813402185F85813316869
:100AC00043F6FA770131316080F31088CFF6FE7774
:100AD00028684FF47A71384004302860642009F0A7
:100AE0000BFB0DF1060331200121082202240094A2
:100AF000012401F0CDF99DF80600102840F0D680C1
:100B00009DF80700032840F0D08028684FF47A71E0
:100B1000384040F0050028600A2009F0EDFA286806
:100B20004FF47A71384040F004002860642009F0E6
:100B3000E3FA0121EFF3108081F31088316811B1DD
:100B4000316801393160316829B9002185F85813BD
:100B5000802185F8581380F310880DF10A033120A5
:100B60000521082201250095052401F091F99DF841
:100B70000A00010718D440F008008DF807000DF1B5
:100B80000601312002228DF8064001F039FA0A20D0
:100B90004FF47A7109F0B0FA0DF10A033120052102
:100BA0000822009501F074F944F60340ADF8060000
:100BB0000DF106013120022201F022FA0DF10A04A2
:100BC0003120032108222346009501F061F93120EC
:100BD0000421082223460095042501F059F99DF8C7
:100BE0000A00C10714D140F001008DF807000DF193
:100BF0000601312002228DF8065001F001FA0DF1B4
:100C00000A033120042108220127009701F040F94E
:100C100096204FF47A7109F06FFA03A8FFF78CFE63
:100C20009DF81000042805D140F620000121C2F2F1
:100C3000002001700DF106013120032247F61474E3
:100C4000ADF806407F258DF8085001F0D9F90DF177
:100C50000A0331200421082201260096042701F00E
:100C600017F99DF80A00C10713D000F0FE008DF8B7
:100C700007000DF10601312002228DF8067001F007
:100C8000BFF90DF10A03312004210822009601F07A
:100C9000FFF80DF1060131200322ADF806408DF872
:100CA000085001F0ADF9002400E00124204605B011
:100CB000F0BDD4D4D4D4D4D410B540F62404A821A3
:100CC000C2F20024204609F00FFE0320206160617B
:100CD0004DF2F60040F6CD01C0F20020A061C2F254
:100CE0000021E1614FF4805121620021A162616223
:100CF000E16241F6CD0220664FF0100E4DF2003059
:100D0000C2F200226266C4F868E02167E1666167AA
:100D1000BFF35F8FC0F200200F3000BF00BF00BFE5
:100D200010F8011904F8011B0FF007C0BFF35F8F23
:100D300010BDD4D4D4D4D4D42DE9F04F85B040F62E
:100D400024098B46C2F20029044699F80020532A50
:100D500042D0A821484609F0C7FD0320C9F8100079
:100D6000C9F814004DF2F60040F6CD01C0F20020A3
:100D7000C9F81800C2F20021C9F81C104FF48051C4
:100D8000C9F820100021C9F82810C9F82410C9F8A2
:100D90002C1041F6CD02C9F860004FF0100E4DF254
:100DA0000030C2F20022C9F86420C9F868E0C9F82E
:100DB0007010C9F86C10C9F87410BFF35F8FC0F2DF
:100DC00000200F30494600BF10F8012901F8012B1F
:100DD0000FF007C0BFF35F8F0F2C13D8584609F0F0
:100DE0004AFEEFF311834FF0200181F31188D9F807
:100DF0002470D9F828108246B9426FEA070004D956
:100E00000A1806E04FF0FF381AE2D9F8202008440B
:100E10000244D9F82C0000F003004FF0FF38DFE85F
:100E200010F004000C004A000D020AF10400824296
:100E300080F05D814FF0000800E2042AC0F0FE81DE
:100E40004DF2E0219046C0F2002103AE022501934D
:100E5000095DFF208DF80C008DF80D1022E000BF19
:100E6000D9F8201010440844C91B884250EA318048
:100E70003146A84250EA3584D9F81C00384422464D
:100E800009F036FDE019D9F82010411AA5EB040548
:100E900050EA11872644002DBFF35F8FC9F82470F4
:100EA00000F0B180D9F82800FA43B842D8D91044EC
:100EB000D9F82010D8E74DF2E02104AEC0F20021AD
:100EC00002250193FF20095D8DF810008DF81110A7
:100ED00022E000BF00BF00BFD9F820101044084432
:100EE000C91B884250EA31803146A84250EA358415
:100EF000D9F81C003844224609F0FAFCE019D9F868
:100F00002010411AA5EB040550EA11872644BFF3CF
:100F10005F8FC9F8247045B1D9F82800FA43B84268
:100F2000DAD91044D9F82010DAE74FF0000822E0AF
:100F3000D9F8201010440844C91B884250EA318077
:100F40005946504550EA3A84D9F81C0038442246A4
:100F500009F0CEFCE019D9F82010411AAAEB040AD6
:100F600050EA1187A044A344BAF1000FBFF35F8F8A
:100F7000C9F8247008D0D9F82800FA43B842D7D964
:100F80001044D9F82010D7E740F6CC004DF2E0220B
:100F9000C2F20020C0F200220DF1120502260078F4
:100FA000FF218DF81210105C8DF8130022E000BFB5
:100FB000D9F8201010440844C91B884250EA3180F7
:100FC0002946B04250EA3684D9F81C0038442246FB
:100FD00009F08EFCE019D9F82010411AA6EB04069E
:100FE00050EA11872544002EBFF35F8FC9F82470A3
:100FF00000F02381D9F82800FA43B842D8D9104428
:10100000D9F82010D8E7A8F104004FF00008824575
:101010005AEA308521E000BFD9F820101044084476
:10102000C91B884250EA31805946A84250EA3584AB
:10103000D9F81C003844224609F05AFCE019D9F8C6
:101040002010411AA5EB040550EA1187A044A344DF
:10105000BFF35F8FC9F8247045B1D9F82800FA436F
:10106000B842D9D91044D9F82010D9E740F6CC00BD
:101070004DF2E022C2F20020C0F200220DF10E0576
:1010800002260078FF218DF80E10105C8DF80F00FD
:1010900024E000BF00BF00BFD9F82010104408446E
:1010A000C91B884250EA31802946B04250EA368452
:1010B000D9F81C003844224609F01AFCE019D9F886
:1010C0002010411AA6EB040650EA11872544002E91
:1010D000BFF35F8FC9F8247000F0AF80D9F8280003
:1010E000FA43B842D8D91044D9F82010D8E74DF2C5
:1010F000E02102AEC0F2002102250193FF20095D2C
:101100008DF808008DF8091022E000BF00BF00BF75
:10111000D9F8201010440844C91B884250EA318095
:101120003146A84250EA3584D9F81C00384422469A
:1011300009F0DEFBE019D9F82010411AA5EB0405EF
:1011400050EA11872644BFF35F8FC9F8247045B178
:10115000D9F82800FA43B842DAD91044D9F8201057
:10116000DAE74FF0000822E0D9F8201010440844D4
:10117000C91B884250EA31805946504550EA3A84AA
:10118000D9F81C003844224609F0B2FBE019D9F81E
:101190002010411AAAEB040A50EA1187A044A34484
:1011A000BAF1000FBFF35F8FC9F8247008D0D9F8E7
:1011B0002800FA43B842D7D91044D9F82010D7E70D
:1011C00040F6CC004DF2E022C2F20020C0F2002234
:1011D0000DF10A0502260078FF218DF80A10105C37
:1011E0008DF80B0020E000BFD9F82010104408440F
:1011F000C91B884250EA31802946B04250EA368401
:10120000D9F81C003844224609F072FBE019D9F8DD
:101210002010411AA6EB040650EA11872544BFF3BB
:101220005F8FC9F8247046B1D9F82800FA43B84254
:10123000DAD91044D9F82010DAE7019B83F311883A
:10124000404605B0BDE8F08F70B54DF24C2072B647
:101250004EF62856C0F20020CEF20006FFF77CF8CA
:101260004CF66770C0F20020FFF776F8706800282F
:1012700007D47068400010D54CF6B370C0F200205F
:1012800003E04CF69770C0F20020FFF765F84CF6CB
:101290006770C0F20020FFF75FF84CF6E070EFF3E4
:1012A0000884C0F20020FFF757F84CF66775C0F2CB
:1012B00000252846FFF750F84CF620702168C0F250
:1012C0000020FFF74DF84DF232106168C0F20020A7
:1012D000FFF746F84CF65050A168C0F20020FFF727
:1012E0003FF84CF67F60E168C0F20020FFF738F865
:1012F0004CF62C702169C0F20020FFF731F84CF653
:1013000038706169C0F20020FFF72AF84CF644708B
:10131000A169C0F20020FFF723F84CF63D60E169B7
:10132000C0F20020FFF71CF84CF68B60C0F20020E2
:10133000FFF712F82846FFF70FF84CF6B86031684F
:10134000C0F20020FFF70CF84DF2C11056F8241C33
:10135000C0F20020FFF704F84CF6EC507168C0F2C0
:101360000020FEF7FDFF4CF64960C0F20020FEF7BA
:10137000F3FF2846FEF7F0FF4DF20100EFF3058181
:10138000C0F20020FEF7ECFF306880010BD54DF273
:101390000E00C0F20020FEF7DFFF4CF66770C0F2CF
:1013A0000020FEF7D9FF3068C0010BD54DF2A80030
:1013B000C0F20020FEF7D0FF4CF66770C0F20020AC
:1013C000FEF7CAFF3068C0022AD54DF2DE10C0F227
:1013D0000020FEF7C1FF4CF66770C0F20020FEF758
:1013E000BBFF4DF241102146C0F20020FEF7B8FFCE
:1013F0004DF23D20EFF30A81C0F20020FEF7B0FF6E
:101400004CF67E50EFF30981C0F20020FEF7A8FFF2
:101410004CF6CA60EFF30B81C0F20020FEF7A0FF8C
:10142000306800030BD54DF25600C0F20020FEF7E5
:1014300093FF4CF66770C0F20020FEF78DFF306816
:1014400040030BD54DF27B20C0F20020FEF784FF55
:101450004CF66770C0F20020FEF77EFF3068800314
:101460000BD54DF22C00C0F20020FEF775FF4CF6B4
:101470006770C0F20020FEF76FFF3068C0030BD525
:101480004DF2FF00C0F20020FEF766FF4CF66770D9
:10149000C0F20020FEF760FF3068800515D54DF2E0
:1014A0005010C0F20020FEF757FF4CF66770C0F2F4
:1014B0000020FEF751FF3068000406D54DF276108B
:1014C0003169C0F20020FEF74BFF3068C0050BD534
:1014D0004CF6C050C0F20020FEF73EFF4CF667709D
:1014E000C0F20020FEF738FF00BE70BDD4D4D4D4C3
:1014F00041F6E40041F6E001C2F20020C2F2002110
:101500000068096881425FEA0F907047D4D4D4D450
:1015100010B541F6E80041F6EC01C2F20020C2F23B
:1015200000210024048041F6E0000C60C2F200209B
:1015300041F6E401C2F20021046041F6F0000C60C3
:10154000C2F200204FF4805109F0CEF942F6F000CB
:101550004FF48051C2F20020C0E90044C0E90244C7
:10156000C0E90444C0E9064442F61010C2F200206B
:1015700009F0BAF943F610124DF29C40C2F2002273
:10158000C0F20020C2E90044D0E9000114615461B6
:10159000C2E90244C2E90644BDE8104005F028BF94
:1015A0002DE9F04F81B0824600284FF0000018BFAF
:1015B000002902D101B0BDE8F08F41F6E000C2F28F
:1015C0000020D0F8008041F6E400C2F2002000685C
:1015D000404503D1002001B0BDE8F08F3DD9A0EB1C
:1015E000080043F61013C2F2002303EB880B00221D
:1015F0005B4620F001E000BFB3EC041FF9FE202F92
:101600001FF007C08A4252EA31874FF00009002FCD
:10161000E0D042F6101008F10104C2F2002000EB05
:101620004826B84600BF00BFDBF80050AF42C0F00C
:101630009A80504631462A4609F05AF941F6E000B0
:10164000AA44C2F200207F1B06F500764BF8049BEB
:10165000046004F10104E7D1AAE043F6101BB8F1DD
:10166000070FC2F2002B0ED8C8F1080300220BEBC3
:10167000880723F001E000BFB7EC041FF9FE202F1C
:101680001FF007C000E0002260B143F61013C2F261
:10169000002320F001E000BFB3EC041FF9FE202F6F
:1016A0001FF007C08A4252EA3186002E3FF492AF03
:1016B00042F610194446C2F20029009604E000BF29
:1016C00008F10108002E4AD05BF8285009EB4827A2
:1016D0005046AE4218D23946324609F009F9A81BE5
:1016E00020D006F10F010F2906EB48211DD840F04C
:1016F00001E0494400BF00BF11F8012B002607F8A4
:10170000012B0FF007C81BE039462A4609F0F0F814
:1017100041F6E000AA44C2F200200134761B0460C6
:1017200000200DE0002000260AE0494400F001E01E
:101730000026B1EC101EA7EC101E1FF007C800BF5A
:10174000082C4BF82800BBD341F6E0000024C2F27D
:1017500000204FF0000804600EB12FF04BC8009835
:1017600001B0BDE8F08F504631463A4609F0C0F866
:1017700007F10F000F28A5EB07000CD840F001E09F
:10178000F11900BF00BF00BF11F8012B06F8012BB3
:101790000FF007C00AE0F11900F001E000BF00BF40
:1017A000B1EC101EA6EC101E1FF007C0CBF8000015
:1017B000404601B0BDE8F08F70B500F0B9F841F6D1
:1017C000E804C2F200242088C10640F19A80810713
:1017D00065D441F6EC05C2F200252968002961D0E4
:1017E00040F0020042F6F00620F0400020804DF26A
:1017F0009C404A1EC0F2002041F6F001C2F20026D1
:10180000C2F20021006801EB422156F82220802319
:1018100005F002FF40F2DD51884235D0024640F229
:10182000DC50824225D0002A6CD100BF00BF00BF2F
:1018300000F07EF8208800F054011429F8D0410609
:101840006BD44DF224104CF66C61C0F20020C0F253
:101850000021FEF731FE2088400723D44DF22410EA
:101860004CF60871C0F20020C0F20021FEF7FCFD2A
:1018700018E04DF224104CF62451C0F20020C0F2C2
:101880000021FEF719FE09E04DF224104DF2B811C7
:10189000C0F20020C0F20021FEF7FAFD208820F0FF
:1018A00002002080208800F02100012808BF70BDC0
:1018B00041F6E40042F61012C2F20020C2F2002209
:1018C000802301684DF29C40C0F2002002EB4121D0
:1018D0004FF40072006805F053FE60B102464CF60A
:1018E0009B504CF6FE51C0F20020C0F20021BDE832
:1018F0007040FEF7E1BD208840F0010020F020009C
:10190000208070BD4DF224104DF27C01C0F2002009
:10191000C0F20021FEF7BCFDC4E7296820F00200F8
:10192000013920800020296046F82100BAE7D4D48C
:1019300070B58AB001A80DF1030106F01DF89DF8FD
:1019400003000F2800F20E81DFE810F01000850080
:101950007C006A0034004F008E00A2000201C60025
:101960002200610046000C010C0119004CF6897040
:101970004DF2A511C0F20020C0F20021F0E04CF6BB
:1019800089704DF2B721C0F20020C0F20021E7E0DB
:101990004CF689704CF61261C0F20020C0F20021B2
:1019A000FEF702FD41F6E800C2F20020018841F096
:1019B00040016AE04CF689704DF27401C0F20020DB
:1019C000C0F20021FEF7F0FC41F6E800C2F2002070
:1019D000018821F0140158E04CF689704DF20D2178
:1019E000C0F20020C0F20021BAE04CF689704DF23E
:1019F0008E11C0F20020C0F20021FEF7D5FC41F6A6
:101A0000E800C2F20020018841F004013DE04CF6FC
:101A100089704DF23E11C0F20020C0F200219FE01B
:101A20004CF689704DF2AD11C0F20020C0F20021D9
:101A3000FEF7BAFC41F6E800C2F20020018841F04E
:101A4000140122E04CF689704DF2C801C0F200206A
:101A5000C0F2002184E04CF689704DF29521C0F26D
:101A60000020C0F200217BE04CF689704DF2B021DD
:101A7000C0F20020C0F20021FEF796FC41F6E8001B
:101A8000C2F20020018821F0040101800AB070BD7B
:101A90004CF689704DF20521C0F20020C0F2002101
:101AA000FEF782FC9DF811000002B0F5085F69D0D6
:101AB000B0F5045F58D0B0F5005F53D14DF29C40B3
:101AC00043F63011C0F20020C2F200210722006864
:101AD00005F0E6FF0AB070BD4CF689704CF68D51EA
:101AE000C0F20020C0F20021FEF75EFC41F6E80ED5
:101AF00041F6E404C2F2002EC2F2002441F6E00CEA
:101B000043F61015BEF80000C2F2002CC2F2002508
:101B1000039A40F020012068431CDCF80060072B8A
:101B20004FF0000353EA809345F8202021F0010094
:101B3000AEF80000B34256EA1691236001D007299F
:101B400010D9072988BF0021CCF800100AB070BD59
:101B50004CF689704CF6D961C0F20020C0F2002129
:101B6000FEF722FC0AB070BD4DF29C4043F63011E6
:101B7000C0F20020C2F200210722006805F0C8FF71
:101B80000AB070BD4DF29C400021C0F200200068F8
:101B900005F0F6FF0AB070BD80B541F6EC0EC2F25A
:101BA000002EDEF80020072A02D94FF0FF3080BD5A
:101BB00042F6F00CC2F2002C5CF82230B3F5007F44
:101BC00007D3072A02F10102CEF80020EDD05CF81D
:101BD000223041F6F0010A28C2F2002101EB422135
:101BE000C85403F101004CF8220002D1501CCEF879
:101BF0000000002080BDD4D480B582B041F6E4005E
:101C000041F6E001C2F20020C2F2002100BF00BF95
:101C100002680B68934201D100BFF9E70DF107009C
:101C20000121FFF7BDFC9DF8070002B080BDD4D4B0
:101C300084B000204FF00009FEF7C6FCFFF73CF827
:101C400000F00EF9FEF724FF4DF2CC30C0F2002078
:101C5000D0E90041204607F047F9204607F010FB85
:101C60004DF24830C0F20020D0E90041204607F094
:101C70004BF8204607F090F843F638148121C2F261
:101C80000024204608F030FEFFF742FC4DF28F00A2
:101C90004DF29511C0F20020C0F2002108F03CFF87
:101CA00002A8FEF749FE9DF80C0043F6C01AC2F2E6
:101CB000002A04287CD143F6BC164DF29B17C2F2D1
:101CC0000026C0F2002702AD4FF0000B0FE000BF6E
:101CD0004DF2D000C0F2002008F01EFF4DF2192195
:101CE0003846C0F20021FEF75FFBC6F80090FFF710
:101CF00063FD3068B0F57A7F0AD94CF62F5059460B
:101D0000C0F20020C6F8009008F006FF0BF1010BAE
:101D1000FFF7EEFBE0B180212046FFF741FC98B1D0
:101D200080464DF24900C0F20020214608F0F4FE42
:101D300008EB040010F8010C0A2805D04CF6A3505B
:101D4000C0F2002008F0FDFE8021204608F0CCFD06
:101D50009AF8000008B92FF037C06846FEF7ECFD8E
:101D60009DF80000C007C2D14CF6A550C0F200207B
:101D700008F0E7FE4DF2D3113846C0F20021FEF71D
:101D800013FB2846FEF7D8FD04E000BF00BF00BFEC
:101D9000FFF712FD9DF80C00042899D09AF8000076
:101DA0000028F5D028468AF80090FEF7C5FDEFE739
:101DB00002AD08E000BF00BFFFF7FEFC9DF80C007D
:101DC00004283FF478AF9AF800000028F4D02846A1
:101DD0008AF80090FEF7B0FDEEE7D4D4D4D4D4D482
:101DE000F0B581B00C460546FEF796FBFEF760FCA9
:101DF0004FF47A72002306464FF47A7708F0EEFB30
:101E000000FB17612860216001B0F0BDD4D4D4D4A8
:101E10000079002818BF704743F6BC10C2F20020BA
:101E200001680131016070474068182818BF704789
:101E300043F6C0100121C2F2002001707047D4D4D3
:101E4000022818BF704743F6D4104DF25071C2F209
:101E50000020C0F2002106F0C7B8D4D4D4D4D4D422
:101E600010B54DF20840C0F20020D0E9000106F0A4
:101E7000A3F904464DF2FC104DF2E901C0F2002036
:101E8000C0F200212246FEF78FFA204610BDD4D4BE
:101E90002DE9F04381B098460D460146082A18BF47
:101EA000102A59D143F6FC104DF20844C2F200202A
:101EB000C0F200244068884205D0206816460122FE
:101EC00006F0EEF9324643F6C117082AC2F200279F
:101ED0004FF00000387001D1012204E0280A8DF88B
:101EE000035002220546D4F800900DF102010123AF
:101EF00048468DF8025006F0AFF960B105464CF641
:101F0000B1504CF65C51C0F20020C0F200212A46CC
:101F1000FEF7D2FA5BE04FF2C026089DCFF6FC76C2
:101F2000344600BF00BF00BF3878400721D438785E
:101F3000C0073FD10120012108F0DEF80134F3D3BE
:101F40004CF6B1504CF62161C0F20020C0F20021E5
:101F5000FEF7B2FA14253AE04CF6B1504CF6507147
:101F6000C0F20020C0F200212A46FEF7A5FA06259D
:101F70002DE0002038700023484641462A4606F0EE
:101F800063F990B105464CF6B1504CF66A71C0F257
:101F90000020C0F20021BAE73878C0071BD1012029
:101FA000012108F0A9F801361ED238788007F3D550
:101FB00000250CE04CF6B1504CF6EA61C0F200206E
:101FC000C0F20021FEF778FA387800F001052846C3
:101FD00001B0BDE8F0834CF6B1504DF29D21C0F246
:101FE0000020C0F20021EDE74CF6B1504DF2242163
:101FF000C0F20020C0F20021AAE7D4D4D4D4D4D4B3
:1020000070B543F6FC160346C2F20026706898428B
:102010004DF20840C0F20020046808D015460122A5
:1020200020460E46194606F03BF931462A4643F64D
:10203000C1150020C2F2002501232870204606F0B9
:102040000BF968B104464CF6AE604CF65C51C0F238
:102050000020C0F200212246FEF72EFA204670BD75
:102060004FF2C024CFF6FC742878400714D42878A7
:10207000C00713D10120012108F03EF80134F3D349
:102080004CF6AE604CF62161C0F20020C0F2002197
:10209000FEF712FA142070BD002070BD4CF6AE6041
:1020A0004CF6EA61C0F20020C0F20021FEF704FA0B
:1020B000287800F0010070BD00790138C1B2022912
:1020C00088BF704743F6C112C00040F20121C2F23E
:1020D0000022C0B2C0F2040121FA00F011780843D6
:1020E00010707047D4D4D4D480B5FFF7A1FD002080
:1020F00080BDD4D4D4D4D4D443F64C71C2F20021E0
:102100000988012918BF704780B58AB0838CD0E94F
:102110000312891A0391D91E827F89B28DF8062095
:1021200002294FF080028DF8072006D84DF2827206
:10213000C0F2002232F8111001E040F2DC5190F8B8
:102140002000ADF808108DF8040001A9092002F064
:10215000F7FE0AB0BDE880407047D4D4D4D4D4D4BC
:1021600043F64C71C2F200210988012918BF70475B
:1021700080B58AB090F8201043F6AC73C2F2002309
:10218000827F808C8DF806205B5C93426FF07F022B
:1021900052EA029201388DF8072018BF40F2DC5055
:1021A000ADF808008DF8041001A90A2002F0C8FE5D
:1021B0000AB0BDE88040704710B5044661B100F038
:1021C000B7FF204600F0CCFFC0050FD4204601F039
:1021D0001FF86FF3DF2010BD00F03EFFC0050ED4E6
:1021E000204600F069FF00F07F0010BD204600F09F
:1021F000FBFF6FF03F0101EA1010403010BD4FF4BB
:10220000807010BDD4D4D4D4F0B581B0044690F819
:10221000206043F6C0700D46C2F20020002730F85F
:10222000160002280FD143F6A0302946C2F2002042
:1022300040F82570204603F07FFC013894F82060B8
:1022400002285FEA2F972046294600F0ADFD204680
:10225000294600F0E5FD2046294600F029FE2046EB
:10226000294602F04DFE2046294600F061FF43F664
:10227000C8306421C2F2002016FB010005EB850185
:1022800000EB410232F8021F17B141F48061118066
:1022900005EB850200EB4207204600F079FF012E96
:1022A00003D1B988204600F08BFFF988204600F062
:1022B000C7FF3989204600F0DBFF0021204600F0EF
:1022C00037FF2046294601F077F82046294602F0DC
:1022D000FFFD2046294601F00FF82046294600F070
:1022E00013FE2046294600F02FFE2046294601B065
:1022F000BDE8F04000F048BEB0B5044690F82000BC
:1023000043F6C0720D46C2F2002232F810000228D5
:1023100006D143F6A0300021C2F2002040F825107B
:102320002046294602F0ECFD2046294600F03CFDFF
:102330002046294600F074FD2046294600F0B8FDED
:1023400000214FF4004248F22F03204600F0B0FA7B
:102350000021204600F070FA10F02F0FF8D120462F
:10236000294600F0E5FE0021204600F011FF002183
:10237000204600F025FF0021204600F061FF0021EB
:10238000204600F075FF0021204600F0D1FE2046D7
:10239000294601F011F82046294602F099FD204611
:1023A000294600F0A9FF2046294601F095F820466D
:1023B000294601F0B1F82046294600F0A5FD204647
:1023C000294600F0C1FD20462946BDE8B04000F096
:1023D000DBBDD4D4D4D4D4D470B51546013A022A86
:1023E0000E4604460DD220462946324600F0A8FB90
:1023F0002046294600F020FA00F00F00B042F7D145
:1024000016E0002D18BF70BD43EA0605002145F413
:10241000004248F22F03204600F04AFA00BF00BFF6
:102420000021204600F008FA00F02F00A842F7D162
:1024300070BDD4D4D4D4D4D4B0B50C46054601F084
:102440004BF828462146BDE8B04001F065B8D4D429
:10245000F0B581B001220C46054600F0FDFF0026D4
:102460004FF6FF7700BF00BF2846214600F018FF57
:10247000800602D50136BE42F6D101B0F0BDD4D4FB
:1024800070B51446013A022A0E4605460DD228467A
:102490002146324600F054FB2846214600F0CCF994
:1024A00000F00F00B042F7D112E08CB91E430021BA
:1024B00046F4004248F22F03284600F0F9F900BF25
:1024C0000021284600F0B8F900F02F00B042F7D103
:1024D000002600BF00BF00BF2846214600F098FB41
:1024E00081040DD4284600F023F8284600F0A4F813
:1024F0000A2001F011FF632E06F10106ECD3FF2044
:1025000070BDD4D4D4D4D4D470B514460D46064688
:1025100001F002F830462946224601F01DF8304607
:102520002946BDE8704000F0B7BFD4D4D4D4D4D489
:1025300090F8200043F6C071C2F2002131F810106B
:1025400002290AD1002841F20000C4F2350004BF7C
:102550000020C4F225000088704700207047D4D4C2
:10256000012818BF704741F20000C4F2350001880D
:1025700041F480710180704790F8201043F6C070DC
:10258000C2F20020012930F8110008BF022800D053
:10259000704741F20000C4F23500018821F48071D7
:1025A00001807047D4D4D4D490F8201043F6C07082
:1025B000C2F20020012930F8110008BF022800D023
:1025C000704741F20000C4F23500018841F08001FB
:1025D00001807047D4D4D4D490F8202043F6C07042
:1025E000C2F20020012A30F8120008BF022800D0F1
:1025F000704741F24010C4F2350002881143018057
:102600007047D4D4D4D4D4D490F8202043F6C070EA
:10261000C2F20020012A30F8120008BF022800D0C0
:10262000704741F24010C4F23500028822EA0101ED
:1026300001807047D4D4D4D490F8200043F6C07100
:10264000C2F2002131F8101002290AD1002841F20B
:102650000400C4F2350004BF0420C4F22500008841
:10266000704700207047D4D490F8200043F6C07122
:10267000C2F2002131F8101002290AD1002841F2DB
:102680000800C4F2350004BF0820C4F22500008809
:10269000704700207047D4D490F8202043F6C070D3
:1026A000C2F2002030F8120032B1022802BF41F21B
:1026B0000C00C4F2350001807047D4D4D4D4D4D4F3
:1026C00090F8200043F6C072C2F20022012832F8CE
:1026D00010204FF0000008BF002900D07047022AE8
:1026E00002BF41F21400C4F2350000687047D4D430
:1026F00090F8203043F6C070C2F20020012B30F871
:10270000130008BF002900D07047022802BF41F221
:102710001400C4F2350002607047D4D4D4D4D4D4A9
:1027200090F8202043F6C070C2F20020002930F853
:1027300012304FF0000008BF022B00D07047012A72
:1027400005D141F21600C4F235000088704714200C
:10275000C4F225000088704790F8203043F6C0701E
:10276000C2F20020012B30F8130008BF022809D064
:1027700002291FD0012912D029BB1420C4F2250040
:1027800002807047022919D001290DD0002918BFF5
:10279000704741F21600C4F23500028070471420E1
:1027A000C4F225008280704741F21600C4F2350061
:1027B000828070471420C4F2250003E041F2160025
:1027C000C4F235000281704790F8203043F6C070A3
:1027D000C2F20020012B30F8130008BF022809D0F4
:1027E00002291FD0012912D029BB1420C4F22500D0
:1027F00002707047022919D001290DD0002918BF95
:10280000704741F21700C4F235000270704714207F
:10281000C4F225000271704741F21700C4F235007E
:10282000027170471420C4F2250003E041F2170042
:10283000C4F235000272704790F8202043F6C07051
:10284000C2F2002030F8120002280FD102291ED057
:1028500001290ED051B92020012AC4F2250004BF5D
:1028600041F22000C4F23500008870470020008843
:102870007047202041F22001C4F22500C4F2350146
:102880000830012A08BF01F10800008870472020A5
:1028900041F22001C4F22500C4F235010C30012AB6
:1028A00008BF01F10C0000887047D4D4D4D4D4D42C
:1028B00090F820C043F6C070C2F2002030F81C002F
:1028C00002280FD1022922D0012912D051B920208B
:1028D000BCF1010FC4F2250004BF41F22000C4F294
:1028E000350000E0002001881A409943114401801E
:1028F0007047202041F22001C4F22500C4F23501C6
:102900000830BCF1010F08BF01F10800EBE72020FF
:1029100041F22001C4F22500C4F235010C30BCF1B3
:10292000010F08BF01F10C00DDE7D4D4D4D4D4D416
:1029300090F8202043F6C070C2F2002030F8120058
:1029400002280ED102291FD0012910D049B9202018
:10295000012AC4F2250004BF41F22000C4F2350070
:1029600000E00020018821F4005101807047202000
:1029700041F22001C4F22500C4F235010830012AD9
:1029800008BF01F10800EDE7202041F22001C4F268
:102990002500C4F235010C30012A08BF01F10C00FA
:1029A000E0E7D4D4D4D4D4D410B590F8202043F6A2
:1029B000C073C2F2002333F81230022B0ED1022969
:1029C00030D0012920D049B92024012AC4F225049D
:1029D00004BF41F22004C4F2350400E0002401F0F9
:1029E000A3FC218840B14EF6F0700840208000BF63
:1029F00020880007FCD102E021F48050208020884C
:102A000040F48050208010BD2021012AC4F225010D
:102A100001F1080441F22001C4F2350108BF01F1BF
:102A20000804DCE72021012AC4F2250101F10C048D
:102A300041F22001C4F2350108BF01F10C04CEE7D8
:102A400090F8202043F6C070C2F2002030F8120047
:102A500002280ED102291FD0012910D049B9202007
:102A6000012AC4F2250004BF41F22000C4F235005F
:102A700000E00020018821F480510180704720206F
:102A800041F22001C4F22500C4F235010830012AC8
:102A900008BF01F10800EDE7202041F22001C4F257
:102AA0002500C4F235010C30012A08BF01F10C00E9
:102AB000E0E7D4D4D4D4D4D490F8200043F6C07C3A
:102AC000C2F2002C3CF81030022B0ED1022929D082
:102AD00001291AD049B920210128C4F2250104BFD7
:102AE00041F22001C4F2350100E000213CF8100061
:102AF000022809D10888002A20F44060088008BF15
:102B000070470888104308807047202141F2200355
:102B1000C4F22501C4F235030831012808BF03F1CE
:102B20000801E3E7202141F22003C4F22501C4F2A9
:102B300035030C31012808BF03F10C01D6E7D4D4CA
:102B4000B0B582B090F8203043F6C075C2F20025CF
:102B5000144635F81350022D0ED1022922D0012936
:102B600012D0B9BB2025012BC4F2250504BF41F2C8
:102B70002005C4F235052EE00025013901292A88F7
:102B8000ADF806201ED929E02021012BC4F2250131
:102B900001F1080541F22001C4F2350108BF01F13D
:102BA00008050CE02021012BC4F2250101F10C05E0
:102BB00041F22001C4F2350108BF01F10C0529885A
:102BC000ADF8061001F0B0FB40B9BDF8060020F4E6
:102BD000805001E000252888ADF80600BDF8060009
:102BE00020F00F00ADF80600BDF80600288000BFF9
:102BF00028880007FCD1BDF806002043ADF8060088
:102C0000BDF80600288002B0B0BDD4D4D4D4D4D44A
:102C100090F8202043F6C070C2F2002030F8120075
:102C200002280FD102291ED001290ED051B922202D
:102C3000012AC4F2250004BF41F22200C4F235008B
:102C400000887047002000887047222041F222014E
:102C5000C4F22500C4F235010830012A08BF01F191
:102C6000080000887047222041F22201C4F22500AA
:102C7000C4F235010C30012A08BF01F10C000088B4
:102C80007047D4D4D4D4D4D490F8202043F6C07064
:102C9000C2F2002030F8120002280ED102291FD003
:102CA000012910D049B92220012AC4F2250004BF0D
:102CB00041F22200C4F2350000E00020018841F416
:102CC000004101807047222041F22201C4F2250018
:102CD000C4F235010830012A08BF01F10800EDE710
:102CE000222041F22201C4F22500C4F235010C3049
:102CF000012A08BF01F10C00E0E7D4D4D4D4D4D425
:102D000090F8202043F6C070C2F2002030F8120084
:102D100002280ED102291ED001290FD049B9222044
:102D2000012AC4F2250004BF41F22200C4F235009A
:102D300000E000204FF4804101807047222041F2E2
:102D40002201C4F22500C4F235010830012A08BF6F
:102D500001F10800EEE7222041F22201C4F2250031
:102D6000C4F235010C30012A08BF01F10C00E1E783
:102D700090F8200043F6C072C2F2002232F8102010
:102D8000022A18BF7047002841F23600C4F235000D
:102D90004FF0010204BF3620C4F2250002FA01F10F
:102DA000028811430180704790F8200043F6C072FA
:102DB000C2F2002232F81020022A18BF7047002801
:102DC00041F23600C4F235004FF0010204BF362054
:102DD000C4F2250002FA01F1028822EA0101018011
:102DE0007047D4D4D4D4D4D490F8200043F6C07221
:102DF000C2F2002232F81020022A18BF70470028C1
:102E000041F23800C4F235004FF0010204BF38200F
:102E1000C4F2250002FA01F10288114301807047D3
:102E200090F8200043F6C072C2F2002232F810205F
:102E3000022A18BF7047002841F23800C4F235005A
:102E40004FF0010204BF3820C4F2250002FA01F15C
:102E5000028822EA010101807047D4D4D4D4D4D4AA
:102E600090F8200043F6C072C2F2002232F810201F
:102E7000022A18BF704743F690420028C2F200228F
:102E800041F23A0018BF1432C4F235004FF0010C81
:102E900004BF3A20C4F22500002322F811300CFAB6
:102EA00001F10288114301807047D4D4D4D4D4D422
:102EB00090F8200043F6C072C2F2002232F81020CF
:102EC000022A18BF7047002841F23A00C4F23500C8
:102ED0004FF0010204BF3A20C4F2250002FA01F1CA
:102EE000028822EA010101807047D4D4D4D4D4D41A
:102EF000002841F24000C4F2350004BF4020C4F273
:102F0000250000887047D4D490F8200043F6C072A2
:102F1000C2F2002232F81020022A18BF70470122A4
:102F2000002841F2460002FA01F1C4F2350040F2F5
:102F3000FF3204BF4620C4F2250022EA01010180CD
:102F40007047D4D4D4D4D4D490F8200043F6C072BF
:102F5000C2F2002232F81020022A18BF7047012264
:102F6000002841F2480002FA01F1C4F2350040F2B3
:102F7000FF3204BF4820C4F2250022EA010101808B
:102F80007047D4D4D4D4D4D490F8200043F6C0727F
:102F9000C2F2002232F81020022A18BF7047012224
:102FA000002841F24A0002FA01F1C4F2350040F271
:102FB000FF3204BF4A20C4F2250022EA0101018049
:102FC0007047D4D4D4D4D4D490F8200043F6C07140
:102FD000C2F2002131F8101002290AD1002841F272
:102FE0004C00C4F2350004BF4C20C4F22500008818
:102FF000704700207047D4D4002841F25400C4F236
:10300000350004BF5420C4F2250000887047D4D492
:10301000002841F25600C4F2350004BF5620C4F225
:10302000250000887047D4D4002841F25800C4F22B
:10303000350004BF5820C4F2250000887047D4D45E
:10304000002841F25A00C4F2350004BF5A20C4F2ED
:10305000250000887047D4D490F8200043F6C07152
:10306000C2F2002131F8101002290AD1002841F2E1
:103070005C00C4F2350004BF5C20C4F22500008867
:10308000704700207047D4D490F8200043F6C072F7
:10309000C2F2002232F81020022A18BF704700281E
:1030A00041F25C00C4F2350004BF5C20C4F225008C
:1030B00001807047D4D4D4D490F8200043F6C07176
:1030C000C2F2002131F8101002290AD1002841F281
:1030D0005E00C4F2350004BF5E20C4F22500008803
:1030E000704700207047D4D490F8200043F6C07297
:1030F000C2F2002232F81020022A18BF70470028BE
:1031000041F25E00C4F2350004BF5E20C4F2250027
:1031100001807047D4D4D4D4002841F26000C4F2B6
:10312000350004BF6020C4F2250000887047D4D465
:1031300090F8200043F6C072C2F2002232F810204C
:10314000022A18BF7047002841F26400C4F235001B
:1031500004BF6420C4F2250001807047D4D4D4D4C5
:1031600090F8200043F6C071C2F2002131F810102F
:1031700002290AD1002841F26800C4F2350004BFD8
:103180006820C4F225000088704700207047D4D41E
:1031900090F8200043F6C072C2F2002232F81020EC
:1031A000022A18BF7047002841F26800C4F23500B7
:1031B00004BF6820C4F2250001807047D4D4D4D461
:1031C00090F8202043F6C070C2F20020012A30F8A7
:1031D000120001BF022841F26A00C4F235000180EA
:1031E0007047D4D4D4D4D4D490F8200043F6C0711E
:1031F000C2F20021002831F810104FF0000006D074
:10320000022902BF41F26A00C4F23500008870470B
:1032100090F8200043F6C071C2F2002131F810107E
:1032200002290AD1002841F26C00C4F2350004BF23
:103230006C20C4F225000088704700207047D4D469
:1032400090F8200043F6C072C2F2002232F810203B
:10325000022A18BF7047002841F26C00C4F2350002
:1032600004BF6C20C4F2250001807047D4D4D4D4AC
:1032700090F8200043F6C072C2F2002232F810200B
:10328000022A18BF7047002841F26E00C4F23500D0
:1032900004BF6E20C4F2250001807047D4D4D4D47A
:1032A00081B00022ADF8022090F8200043F6C072F1
:1032B000C2F2002232F81020022A18D141F2600333
:1032C00040F2600CC4F23503C4F2250C03F1100285
:1032D000002802BF0CF110026023C4F2250302EBA8
:1032E0004100002918BF831E1888ADF80200BDF800
:1032F000020001B07047D4D490F8200043F6C072A9
:10330000C2F2002232F81020022A18BF70470028AB
:1033100041F27000C4F2350004BF7020C4F22500F1
:1033200000EB410030F8021C41F4005120F8021C6F
:103330007047D4D4D4D4D4D490F8200043F6C072CB
:10334000C2F2002232F81020022A18BF704700286B
:1033500041F27000C4F2350004BF7020C4F22500B1
:1033600000EB410030F8021C41F4007120F8021C0F
:103370007047D4D4D4D4D4D490F8200043F6C0728B
:10338000C2F2002232F81020022A18BF704700282B
:1033900041F27000C4F2350004BF7020C4F2250071
:1033A00000EB410030F8021C21F4007120F8021CEF
:1033B0007047D4D4D4D4D4D490F8200043F6C0724B
:1033C000C2F2002232F81020022A18BF704758B10A
:1033D00041F26000C4F2350059B100EB4100C189EF
:1033E00041F48071C181704760200029C4F225003A
:1033F000F3D1018841F4807101807047D4D4D4D4D2
:1034000090F8200043F6C073C2F2002333F8103066
:10341000022B18BF704780B541F2600340F2600C88
:10342000C4F23503C4F2250C03F1100E002802BFCC
:103430000CF1100E6023C4F225030EEB41000029AD
:1034400018BF831E188820F00300188018881043C6
:103450001880BDE88040704790F8200043F6C073A4
:10346000C2F2002333F81030022B18BF704758B156
:1034700041F26000C4F2350011B100EB41000E30A2
:10348000018891430180704760200029C4F2250023
:10349000F3D1F5E7D4D4D4D490F8200043F6C07229
:1034A000C2F2002232F81020022A18BF704700280A
:1034B00041F29000C4F2350004BF9020C4F2250010
:1034C00000EB810030F8041C41F4007120F8041C6A
:1034D0007047D4D4D4D4D4D490F8200043F6C0722A
:1034E000C2F2002232F81020022A18BF70470028CA
:1034F00041F29000C4F2350004BF9020C4F22500D0
:1035000000EB810030F8041C21F4007120F8041C49
:103510007047D4D4D4D4D4D490F8200043F6C072E9
:10352000C2F2002232F81020022A18BF7047002889
:1035300041F29000C4F2350004BF9020C4F225008F
:1035400000EB810030F8041C41F4807120F8041C69
:103550007047D4D4D4D4D4D490F8200043F6C073A8
:10356000C2F2002333F81030022B18BF7047002836
:1035700041F29200C4F2350004BF9220C4F225004B
:1035800000EB810020F8042C7047D4D4D4D4D4D4D8
:1035900090F8200043F6C071C2F20021012831F8F2
:1035A00010104FF0000001BF022941F24010C4F298
:1035B000350000887047D4D4012818BF704741F205
:1035C0000210C4F23500018841F480410180704747
:1035D000012818BF704741F20210C4F2350001887B
:1035E00021F48041018070472DE9F04F81B090F8BF
:1035F000207043F6C07CC2F2002C044692463CF890
:103600001730012B02D14FF0000B05E043F6783064
:10361000C2F2002050F821B02C20BAF1010F08BFEF
:10362000302020586FF00302002F40684068057872
:1036300043F69020C2F2002000EB071050F825302E
:1036400008BF6FF0010213EA020619D0009100EBE7
:1036500085094CF2183820465146C4F20008FFF79D
:10366000EFF994F82000B8B1BAF1010F20D1D8F8E1
:103670000C0020F48030C8F80C00D8F80C0028E0CA
:103680003CF81700012871D008465146224601B087
:10369000BDE8F04F01F0C8BFBAF1010F11D1D8F861
:1036A000000020F48030C8F80000D8F8000010E0D6
:1036B000D8F8100020F48030C8F81000D8F81000B6
:1036C00007E0D8F8040020F48030C8F80400D8F8E7
:1036D000040043F6B020DDF80080C2F2002000EBC9
:1036E000C70030F8150086420BD243F6C022D9F845
:1036F0000000C2F200224FB102EB870200F003008B
:1037000006E0B6FBF0F202FB00F60CE000F0010070
:10371000505543F6C820C2F200200BEB060200EB26
:10372000071040F825202046594652463346C9F82E
:10373000006000F031F8204600F0F6FD28B90023C3
:10374000204641465246FEF747FE20465146FFF7C7
:103750002BF9204600F0E8FD40B100232046414609
:10376000524601B0BDE8F04FFEF736BE01B0BDE8ED
:10377000F08FD4D4D4D4D4D448B101294FF02C0143
:1037800008BF3021405840684068007870470A20E0
:103790007047D4D4D4D4D4D4002808BF70472DE9BE
:1037A000F0432C26012A08BF3026865990F8208045
:1037B000D0F82CE07568DEF804606D68D6F800C0BB
:1037C0002C7843F6B025C2F2002505EBC80535F884
:1037D000147005EB4404BB4253EA37899F0708BFC6
:1037E000B8F1010F12D0B8F1000F5FEA0F9540F267
:1037F000A81602EB4202C2F2002645EAC50506EB16
:10380000850505EB8202161D01220AE002EB420249
:1038100040F2A815C2F2002505EB820202F124064F
:1038200002223568CCF80850C06A4AF20007C4F298
:103830000007D0E900504068067829FA02F007EB4B
:103840008612AA60002500BF967F0135360625EA5C
:10385000E675AEB2642EF7D3CCF80410ACF80E00C7
:103860002088591EB1FBF0F00130ACF80C00DEF8F6
:103870000810DEF800004A686146BDE8F0431047D2
:103880002DE9F04381B0044690F8200043F6C07360
:103890001646C2F200230D4633F81030012B02D138
:1038A0004FF0000805E043F67831C2F2002151F8EC
:1038B00025802C21012E08BF3021615843F690222B
:1038C000C2F20022496802EB00104968097850F8FA
:1038D0002120A2B100EB81094CF218372046314675
:1038E000C4F20007FFF7ACF894F8200050B1012EA5
:1038F00010D1F86820F48030F860F86815E001B065
:10390000BDE8F083012E0BD1386820F48030386098
:1039100038680AE0386920F480303861386904E09A
:10392000786820F4803078607868D9F800302046D4
:103930004146324600F03CF8204600F0F5FC28B93C
:103940000023204629463246FEF746FD20462946FA
:1039500001F08AFAD9F800100139B1FBF0F02946DC
:10396000013082B22046FEF7CFFD20462946FFF700
:10397000FFF92046294601F063FA20463146FEF75A
:10398000D7FF20463146FFF70FF8204600F0CCFC69
:1039900028B10023204629463246FEF71DFD204669
:1039A000294601B0BDE8F04301F0A2BAD4D4D4D482
:1039B000002808BF70472DE9F0412C26056B012A2D
:1039C0004AF2000708BF3026D5E90045C4F20007D7
:1039D000865990F820806D6876682D78766896F81C
:1039E00000E007EB8515A560002400BF00BF00BF05
:1039F000AF7F661C3F0626EAE774A7B2642FF7D3B1
:103A0000056B90F8200040F2A81600285FEA0F949A
:103A10006F6843F6B020B8F1010FC2F20020D7F86A
:103A200000C004EBC404C2F200260FD106EB8404EC
:103A300002EB420200EB4E0654F82220CCF80420A0
:103A40003289013A02EB9272921010E002EB4202CC
:103A500006EB840404EB820200EBC8045268CCF845
:103A6000042034F81E20013A02EBD272521000EB0F
:103A7000C8000132CCF80810ACF80E2030F81E0057
:103A8000591EB1FBF0F00130ACF80C00A9682868B1
:103A90004A686146BDE8F0411047D4D4D4D4D4D4A8
:103AA00080B590F8203043F6C07CC2F2002C002B89
:103AB0005FEA0F923CF813E0BEF1020F52EA038274
:103AC00001294FF02C0108BF3021405843F6E8216E
:103AD000C2F20021406801EBC2014068007831F871
:103AE00010103CF81330022B18BF80BD43F6902312
:103AF000C2F2002303EB021243F65033C2F200235A
:103B000052F8200053F82120101A43F8210080BDFC
:103B1000B0B58EB043F6F825C2F2002595F8410005
:103B200095F84010814252D005EBC10135F83020A4
:103B30008DF820204B68D4B2596A0B919A6A43F6EB
:103B4000C073C2F200230C9233F81430012B39D029
:103B500005EBC000408801284AF20000C4F20000D2
:103B600013D1D2E900125268127800EB82108860FB
:103B7000002100BF00BF00BF827F0131120621EA91
:103B8000E2718AB2642AF7D312E0D1E900125268D6
:103B9000127800EB82108860002100BF00BF00BFD8
:103BA000827F0131120621EAE2718AB2642AF7D3D8
:103BB00095F8410005EBC0004188684600F03CF8EC
:103BC00095F84100013000F0070085F841000EB083
:103BD000B0BDD4D4D4D4D4D401294AF20001C4F263
:103BE000000112D1006BD0E900204068007801EBA1
:103BF00080100021906000BF827F0131120621EA0F
:103C0000E2718AB2642AF7D312E0C06AD0E90020D8
:103C10004068007801EB80100021906000BF00BF79
:103C2000827F0131120621EAE2718AB2642AF7D357
:103C30007047D4D4D4D4D4D42DE9F0472C22012910
:103C400008BF3022825890F8207043F6C07852683E
:103C5000C2F200285268157843F6E822C2F2002228
:103C600002EBC70212F8154038F81720012A00F0BD
:103C7000A58043F6B02243F6503AC2F20022C2F2C7
:103C8000002A02EBC70243F6783CC2F2002C32F85D
:103C900015305AF824209A4212D243F6C022C2F2BA
:103CA000002202EB8702525D002A64D10E462146B3
:103CB0000546FFF769F928463146FEF7E5FF25E09E
:103CC00043F690235CF82490C2F2002303EB07161E
:103CD00056F82530D21A4AF824201DD1214606462E
:103CE000FFF752F9304621463546FFF7D9FA40042E
:103CF0000CD438F81700012808BFBDE8F08701216F
:103D000020462A46BDE8F04702F052B9284621462F
:103D1000BDE8F047FFF7A4B806EB850E9944CEF84E
:103D200000205FB143F6C02302F00306C2F2002375
:103D300003EB87035E554FF6FC7308E043F6C0269D
:103D400002F00103C2F2002673554FF6FE7343F6EC
:103D5000C8261A40C2F2002602EB090306EB07163A
:103D600046F8253007D0CEF8002049462346BDE866
:103D7000F04700F025B838F81720012A16D043F68E
:103D8000C02243F6C823C2F20022C2F2002302EB93
:103D9000870203EB0713525D4AF8242053F82520CD
:103DA0004CF824200246204601F03EFC43F6C02099
:103DB0000021C2F2002000EB87004155BDE8F087EA
:103DC0002DE9F047894619469A4690460546FFF781
:103DD000AFF92846FFF7C4F9074610F0100F4FF06F
:103DE000010050EA0096284600F09EFA28B9002308
:103DF000284651463246FEF7EFFA4CF21834284670
:103E00003146C4F20004FEF71BFE95F8200038B1DD
:103E1000F8060DD4E06820F48030E060E06812E03D
:103E2000F8060BD4206820F48030206020680AE077
:103E3000206920F480302061206904E0606820F46B
:103E40008030606060682846494632464346FFF746
:103E5000A3FC28463146FEF7A7FD284600F064FA89
:103E6000002808BFBDE8F0870023284651463246A7
:103E7000BDE8F047FEF7B0BA10B58EB043F6F820B3
:103E80000122C2F2002044F2D83CC2F2002C4FF0D2
:103E9000020E90F840108DF8202020F8312090F884
:103EA00040104B1C03F0070300EBC10180F84030C9
:103EB00000EBC30443F6C070C2F20020A1F802E098
:103EC000DCF8281061604088012803D06846022190
:103ED000FEF7B6FD0EB010BD80B584B0006B8168F2
:103EE0000068CA6969469047BDF8040004B080BD07
:103EF00010B543F204010028C4F22001086813D071
:103F0000C00413D50120EFF3108480F310880868F3
:103F100020F48050086008681E20012106F0ECF8AB
:103F200084F31088002010BD000502D440F2DD505B
:103F300010BD0120EFF3108480F31088086820F48E
:103F40000060086008681E20012106F0D5F884F39F
:103F50001088002010BDD4D4C8B341F20000002165
:103F6000C4F2350080220181A0F86020A0F8701012
:103F7000A0F87210A0F87410A0F87610A0F87810CD
:103F8000A0F87A10A0F87C10A0F87E10A0F880109D
:103F9000C1860187418701864186A0F84610A0F8B6
:103FA0004810A0F84A10028822F01002028002880D
:103FB00022F020020280028822F040020280028861
:103FC00022F001020280A0F80211002070470020B8
:103FD0000021C4F2250080220181A0F86020A0F811
:103FE0007010A0F87210A0F87410A0F87610A0F865
:103FF0007810A0F87A10A0F87C10A0F87E10A0F835
:104000008010C1860187418701864186A0F846104D
:10401000A0F84810A0F84A10018821F01001018092
:10402000018821F020010180018821F040010180F8
:10403000018821F00101018000207047D4D4D4D43C
:1040400010B50446FFF788FF012C1DD0002C3AD193
:1040500043F20400C4F220000168090530D401686D
:10406000090533D40121EFF3108481F3108801682E
:1040700041F40061016000681E20012106F03CF857
:1040800084F31088002010BD43F20400C4F2200025
:104090000168C90414D40168C90417D40121EFF3DD
:1040A000108481F31088016841F480510160006838
:1040B0001E20012106F020F884F31088002010BD96
:1040C00040F2DC5010BD40F2E25010BD4FF4BC6035
:1040D00010BDD4D4D4D4D4D4B0B5012800F0A1807C
:1040E000002840F0188140F200404EF2001EC4F259
:1040F000250044F2D83CCEF2000EC2F2002C026839
:1041000022F01002026091F90E304CF20032C4F23B
:104110000002002B1DD4487D0EEB03040125000195
:1041200084F800034CF8231052F8230020F4803068
:1041300042F8230052F82300580903F01F03BFF38D
:104140005F8F0EEB800405FA03F3C4F880314EF85C
:10415000203091F90F30002B1DD4887D0EEB030425
:104160000125000184F800034CF8231052F82300C5
:1041700020F4803042F8230052F82300580903F05D
:104180001F03BFF35F8F0EEB800405FA03F3C4F83F
:1041900080314EF8203091F90D30002B1DD4087D70
:1041A0000EEB03040125000184F800034CF82310F2
:1041B00052F8230020F4803042F8230052F8230004
:1041C000580903F01F03BFF35F8F0EEB800405FA5D
:1041D00003F3C4F880314EF8203091F90C30002BF5
:1041E00000F19980C87C0EEB0304000184F8000301
:1041F0004CF8231052F8230020F4803042F82300BA
:1042000052F82300580903F01F0201230EEB80012E
:1042100003FA02F2BFF35F8FC1F880214EF820202D
:10422000B0BD91F911304EF2001E4CF20032CEF2C8
:10423000000E002BC4F2000220D444F2D83C0D7EC4
:104240000EEB0304C2F2002C2D01012084F8005370
:104250004CF8231052F8235025F4803542F82350AF
:1042600052F823505D0903F01F03BFF35F8F0EEB7D
:1042700085049840C4F880014EF8250091F9123069
:10428000002B21D444F2D834487E0EEB0305C2F251
:104290000024000185F8000344F8231052F823009D
:1042A000012420F4803042F8230052F823005809FA
:1042B00003F01F03BFF35F8F0EEB800504FA03F3D7
:1042C000C5F880314EF8203091F91030002B48BFEE
:1042D000B0BD44F2D834C87D0EEB0305C2F2002411
:1042E000000185F8000344F8231052F8230020F45D
:1042F000803042F8230052F82300580903F01F02CF
:1043000001230EEB800103FA02F2BFF35F8FC1F8C5
:1043100080214EF82020B0BD012105F0EDBED4D49F
:104320004FF47A7105F0E8BE90F8200001285FEAAA
:104330001F907047D4D4D4D44FF07041EFF3038072
:1043400001EB00604CF200318015C4F200014258CC
:1043500022F480324250405843F6C071C2F200212C
:104360000888012808BF704701F096BBD4D4D4D484
:104370004FF07041EFF3038001EB00604CF200312D
:104380008015C4F20001425822F48032425044F2B7
:10439000D8324158C2F200221058807800F080BB19
:1043A0004FF07041EFF3038001EB00604CF20031FD
:1043B0008015C4F20001425822F480324250405825
:1043C0007047D4D4D4D4D4D44FF07041EFF30380E9
:1043D00001EB00604CF200318015C4F2000142583C
:1043E00022F48032425040587047D4D4D4D4D4D42C
:1043F0004FF07041EFF3038001EB00604CF20031AD
:104400008015C4F20001425822F4803242504058D4
:1044100043F6C071C2F200214888012808BF7047E6
:1044200001F03ABBD4D4D4D44FF07041EFF3038001
:1044300001EB00604CF200318015C4F200014258DB
:1044400022F48032425040587047D4D4D4D4D4D4CB
:104450004FF07041EFF3038001EB00604CF200314C
:104460008015C4F20001425822F480324250405874
:104470007047D4D4D4D4D4D42DE9F04F81B040F2D5
:104480004009012AC4F225094B4604BF41F240030A
:10449000C4F235031F88DD88B3F808E0B3F80AB02A
:1044A00033F8106C33F80A4C33F808AC33F806CC08
:1044B000B7F5807F4FF0000303800B8002D201B07C
:1044C000BDE8F08F3E4041F240087304C4F2350865
:1044D0001DD433B2B3F1FF3F21DDB6F5005F26D224
:1044E000B6F5805F30D204EA0503F5059FB239D5F1
:1044F00017F0010336D0012A58EA098240F2FE3350
:10450000D380012202800A8001B0BDE8F08F012A29
:1045100058EA09816FF480420A80122110E0012AD2
:1045200058EA098147F6FF720A80112108E0012A42
:1045300058EA09816FF4804202F500520A80132183
:10454000018001B0BDE8F08F012A58EA09826FF4BA
:10455000804303F540531380142202800F8001B082
:10456000BDE8F08F0CEA0B035FEA465B9BB20AD50D
:1045700013F0010407D0012A58EA098240F2FE3301
:104580005381022210E00AEA0E045FEA865E1FFAF7
:1045900084FC0FD51CF001040CD0012A58EA0982D2
:1045A00040F2FE331381032202800120088001B013
:1045B000BDE8F08FB6F5006F17D2002D35D4BBF1F2
:1045C000000F3BD4BEF1000F7FF579AF012A58EA06
:1045D000098240F2FF3323EA0C0313810322028095
:1045E000A1F800C001B0BDE8F08F044610460D46AA
:1045F0001646FEF77DFC012E58EA098728806FF4E5
:10460000804000F56050388015202080288800F018
:10461000070006287FF453AF304600F051FA00201F
:104620002080288001B0BDE8F08F012A58EA098275
:1046300040F2FF33BB43D38001228EE7012A58EAC0
:10464000098240F2FF379F435781022202800B808C
:1046500001B0BDE8F08FD4D410B5044600F030FAB4
:104660002046FEF7C9FC43F65271C2F200210880D1
:104670002046FEF7CDFC43F65471C2F200210880BB
:104680002046FEF7D1FC43F65671C2F200210880A5
:104690002046FEF7D5FC43F65871C2F2002108808F
:1046A00010BDD4D4D4D4D4D480B590F82000FEF773
:1046B0001FFC00F0700030285FEA1F9080BDD4D44A
:1046C000B0B543F6BC4143F64E75C2F20021C2F2CA
:1046D00000250446FF200988288001290FD12046A3
:1046E00000F0CEF92046FEF703FC410408D4400652
:1046F00058BFB0BD204600F0A3F900202880B0BD0F
:10470000D52028802046BDE8B04000F0C9B9D4D4F7
:10471000B0B543F650750022C2F200252988A1F5F4
:104720008071B2EB912F18BFB0BD00210446FDF798
:10473000B3FF69782046BDE8B040FDF7ADBFD4D4E3
:1047400010B5044690F8200000F0AAF994F8200073
:10475000BDE8104000F094B903460222084619460D
:10476000FEF74EBED4D4D4D400210222FEF748BEB8
:104770002DE9F0411D4693F8203014460E46804640
:104780005BB35FEA980708D054F8042B28463146FB
:10479000FDF7AEFF013F3804F6D15FEA88700BD514
:1047A0004FF4806228463146FEF786F934F8022B32
:1047B00028463146FDF7D0FF5FEAC8700AD00022D4
:1047C00028463146FEF778F914F8012B2846314681
:1047D000FDF7FAFF4FF400621BE05FEA580708D0CC
:1047E00034F8022B28463146FDF7B6FF013F380466
:1047F000F6D15FEAC87010D0002228463146FEF795
:104800005BF914F8012B28463146FDF7DDFF4FF424
:10481000806228463146FEF74FF92046BDE8F08118
:104820002DE9F0411D4693F8203014460E4680468F
:1048300013B35FEA980708D028463146FDF740FFDA
:10484000013F44F8040B3804F6D118F0030010D0EF
:104850000138012111FA80F728463146FDF730FF73
:1048600047F001E000BF00BF04F8010B000A0FF0A1
:1048700005C82046BDE8F0815FEA580709D000BFAF
:1048800028463146FDF74CFF013F24F8020B38045F
:10489000F6D15FEAC870ECD028463146FDF740FFFC
:1048A00004F8010B2046BDE8F081D4D4D4D4D4D48C
:1048B000F0B581B004460E46104621461546FDF778
:1048C000C7FD28462146FEF76FFA28462146FEF727
:1048D000A7FA28462146FEF7EBFA28462146FDF7BF
:1048E000ABFD00212846FDF7A7FF00F00F00A04216
:1048F00005D10021002200232846FDF76DFD01218E
:104900002846FDF799FF00F00F00A04209D10021D1
:10491000012200232846FDF75FFD01212846FEF70E
:104920008FF802212846FDF787FF00F00F00A04214
:1049300009D10021022200232846FDF74DFD022166
:104940002846FEF77DF82846214600F0C1FA2846A1
:104950002146FEF7D1FC43F6A037C2F2002757F8F4
:104960002400D0B143F65031C2F2002151F8241096
:10497000016157F82400214686842846FEF790FC02
:1049800057F82410C88457F82400436813B1002155
:1049900000229847002047F8240001B0F0BDD4D48D
:1049A00010B543F63C34C2F200242188002908BF28
:1049B00010BDFEF701FE6420FFF7AEFC0020208052
:1049C00010BDD4D4D4D4D4D410B543F63C34C2F200
:1049D00000242188002908BF10BDFEF7EDFD6420EA
:1049E000FFF79AFC0020208010BDD4D4D4D4D4D4B6
:1049F00043F63C310122C2F200210A80FEF7E8BDF5
:104A0000002841F20000C4F2350004BF0020C4F2C7
:104A10002500018841F0100101807047D4D4D4D41E
:104A2000002841F20000C4F2350004BF0020C4F2A7
:104A30002500018821F0100101807047D4D4D4D41E
:104A4000002841F20800C4F2350004BF0820C4F277
:104A50002500018841F4807101807047D4D4D4D4FA
:104A6000002841F23000C4F2350004BF3020C4F207
:104A70002500018841F4804101807047D4D4D4D40A
:104A8000002841F23000C4F2350004BF3020C4F2E7
:104A90002500018821F4804101807047D4D4D4D40A
:104AA000002841F24000C4F235004BF6FF7104BF0C
:104AB0004020C4F2250001807047D4D4D4D4D4D48B
:104AC000002841F24000C4F235004FF6F77104BFF0
:104AD0004020C4F2250001807047D4D4D4D4D4D46B
:104AE000002841F26000C4F2350004BF6020C4F227
:104AF0002500018841F0040101807047D4D4D4D44A
:104B000010B5002845D041F23E04C4F23504208897
:104B100040F03100208020886FF3DF3020800120BA
:104B2000FFF7FAFB208820F0010020800120FFF72A
:104B3000F7FB208820F00200208034F83E0C20F0A3
:104B4000200024F83E0C34F83E0C40F0010024F81C
:104B50003E0CB4F8C40040F48040A4F8C40000BF88
:104B600034F8380CC007FBD040F6077024F83C0C32
:104B7000208840F4807020804FF4006024F81E0CE0
:104B800024F8160C24F8120C00206080A4F10E000A
:104B900017E00020C4F22500018841F48061018003
:104BA00001884905FCD5018821F020010180018898
:104BB00041F0010101804FF480610184018581850C
:104BC00030304FF41D41018010BDD4D4D4D4D4D49E
:104BD00020B141F20000C4F2350002E00020C4F22E
:104BE00025000288012914BF22F0100142F01001B3
:104BF00001807047D4D4D4D420B141F26000C4F213
:104C0000350002E06020C4F225000288002922F06D
:104C100003020280028814BF42F0020142F0010147
:104C200001807047D4D4D4D4007843F6C073C2F264
:104C3000002333F81030022B08D143F65A73C2F226
:104C400000231B88012B03D1D5207047002070471B
:104C500080B58EB08DF8200043F65C70C2F2002063
:104C6000012303806B4610461A4600F095FA002097
:104C70000EB080BDD4D4D4D410B598B0037843F628
:104C8000C074C2F200248DF8243034F81330022BA3
:104C90001FD1002908BF002A09D043F65A70C2F27A
:104CA00000200088012809D1D52018B010BD044685
:104CB000808888B101A8FFF757FD11E043F65C70CA
:104CC0000123C2F20020038001AB10461A4600F017
:104CD00027FA002018B010BD01A8002100F008F943
:104CE000D4E90301CDE9120120780FA98DF83C0029
:104CF00093208DF83F00082000241194ADF8404027
:104D000000F01EF9204618B010BDD4D4D4D4D4D4A9
:104D100090F803C0BCF1090F01D90020704780B59D
:104D200043F63E33C2F2002313F81CC044F2501382
:104D3000C2F20023CCEBCC0E03EBCE0ECEF80C204F
:104D40000378AEF81EC08EF82030CEF80810CEF8EA
:104D5000102040F2F012C178C2F2002252F8311055
:104D6000CEF80410C169CEF82C10006ACEF83000DD
:104D70007046BDE8804000F087BCD4D4D4D4D4D4ED
:104D800090F803C0BCF1090F01D90020704710B59D
:104D900043F63E3390F800E0C2F2002344F2501490
:104DA00003EB4C0C43F6B073C2F20023C2F20024B2
:104DB0009CF801C013F80E30CCEBCC0E634504EB2D
:104DC000CE0309D140F288240A78C2F2002422726C
:104DD0000A2249786172214699601A610178A3F824
:104DE0001EC083F8201040F2F012C178C2F20022F7
:104DF00002EBC10149685960C169D962006A186350
:104E00001846BDE8104000F03FBCD4D4D4D4D4D46C
:104E1000C278092A12D801EB420143F63E32C9B2E8
:104E2000C2F20022515C49B180B58EB000788DF895
:104E30002000684600F064FC0EB080BDFF20704783
:104E4000092988BF7047FDF7CFBFD4D4D4D4D4D4B8
:104E5000092901D90020704780B5FEF721FA00F03A
:104E6000030080BDD4D4D4D4092901D900207047CF
:104E700010B541B10446FEF75BF92046FEF7C8F9CC
:104E80006FF3DF2010BDFEF717F96FF3DF2010BDC1
:104E9000092901D90020704710B50446FEF748F9EA
:104EA0002046FEF75DF900F0100010BDD4D4D4D434
:104EB000092901D90020704710B50446FEF738F9DA
:104EC0002046FEF74DF900F4404010BDD4D4D4D4B0
:104ED000092988BF7047B0B504460D46FEF72CFA85
:104EE00020462946BDE8B040FEF746BAD4D4D4D413
:104EF000092988BF70470122FEF782BAD4D4D4D4DE
:104F0000092988BF7047B0B504460D46FDF7A0FAE1
:104F1000022220462946BDE8B040FEF79DBAD4D40F
:104F200080B5FDF7A1FB00F0070040210138002209
:104F3000032838BF01EB801290B280BDD4D4D4D402
:104F40002DE9F04389B043F6C47C0C46C2F2002C34
:104F50009CF800800CEB080E08F1010508EBC80274
:104F60008EF802000CEB820E0EF10C095FFA85FE42
:104F7000E8CCA9E8E800BEF1090F4FF0000353EABE
:104F8000889E94E8EC0089E8EC008CF800E044F29C
:104F9000381C0B78C2F2002C5CF82370F7B18871D2
:104FA00043F6B870C2F20020EE4650F8230040B13C
:104FB000074674CFAEE8740097E87C008EE87C006A
:104FC00000E070468E460346BEE8F000F0C39EE85F
:104FD000F400F4C309785CF82110884709B0BDE8F3
:104FE000F083D4D4D4D4D4D400F03EB9D4D4D4D41F
:104FF00043F6BC41C2F200210988012910D180B5D5
:1050000045F2D9720346C0F2002240F25510002149
:1050100000F08AFB43F64E70C2F20020008880BD8B
:10502000FF207047D4D4D4D4B0B58AB0044600F081
:1050300043F806212046FDF7CFFA2A20FFF770F942
:105040002046FEF7A5FA054606212046FDF7DCFAC4
:105050001620FFF765F9E80507D443F6B8400021AC
:10506000C2F2002001800AB0B0BD18212046FDF731
:10507000B3FA2A20FFF754F92046FEF789FA0546CD
:1050800018212046FDF7C0FA43F6B84115F4007F19
:10509000C2F200214FF0010050EA009094F8202065
:1050A000088001A90B208DF80420FFF749FF0AB002
:1050B000B0BDD4D4D4D4D4D470B5044690F8200074
:1050C000FDF74EFA01212046FDF786FA0520FFF78D
:1050D00027F9002540F257260AE000BF00BF00BFB5
:1050E0000B350120FFF71CF9B54205F101050ED281
:1050F0002046FDF7A1FA8007F3D10B20FFF710F946
:105100002046FDF799FA8007EAD1012500E0002545
:1051100001212046FDF778FA284670BDD4D4D4D4B6
:10512000B0B5144643F65A72C2F20022012313802E
:1051300043F6503243F67833C2F20022C2F2002323
:10514000106000221960002120232046FDF744F959
:1051500000212046FDF7D4FD00212046FDF714FF75
:1051600000200021224600F08FFD0546022802D0D3
:10517000012D04D05DB900212046FDF771FE00210C
:105180002046FFF75DFE00212046FFF7B1FE2846CE
:10519000B0BDD4D4D4D4D4D410B5144643F65A7286
:1051A000C2F200220123138043F6503243F67833D3
:1051B000C2F20022C2F20023106000221960002116
:1051C00000232046FDF708F900212046FDF798FD51
:1051D00000212046FDF7CCFD00212046FFF730FEE0
:1051E00000212046BDE81040FFF782BED4D4D4D4BD
:1051F000B0B5054643F65A70C2F2002043F65C7221
:105200000C46C2F200220021018020461180FDF7E9
:105210004FFE00212046FDF7C7FD00212046FDF787
:10522000FFFD94F820004FF4806200210128204601
:1052300008BF4FF40062FDF73FFC25F0020005288F
:1052400004D12046BDE8B040FFF78EBA082D05D145
:1052500000212046BDE8B040FDF7FAB894F82000E0
:10526000BDE8B040FFF73CBC70B58EB043F6687641
:10527000C2F2002696F8410096F84010814200F0F4
:10528000A58006EBC00136F830004A68498801382D
:105290009578936A0C9314288DF82050526A0B92DB
:1052A00000F28D80DFE800F00B1B2C8B8B8B8B8B3F
:1052B0008B8B8B8B8B8B8B8B303C8B0F1F006846C3
:1052C00000F086FB7BE0C1F30210012101FA00F03F
:1052D00010F0F00F32D0684601F066FA6FE06846D1
:1052E00000F0B2FB6BE011F0070432D001F00500D2
:1052F000012818BF052C36D12846FFF7ADF932E05A
:10530000684600F099FB5AE02846FDF729F928463F
:1053100001F086FA402818D1684601F0F1F94EE014
:1053200043F60070C2F20020436A1BB168460021B8
:10533000002298476846FFF703FA40E010F00D0F8F
:105340003DD1684601F0B8F939E0684601F0E8F966
:1053500035E043F6BE40C2F200200088012802D1A9
:105360006846FFF7D5F943F65270C2F20020008874
:1053700010F0600F2ED043F65E7143F65472C2F205
:105380000021C2F2002243F658750880108843F6C7
:105390000072488043F65670C2F20022C2F200202A
:1053A000C2F20025D36A00882A888880CA8033B177
:1053B00043F65E706A46C2F200202146984796F88E
:1053C0004100013000F0070086F84100FEF7A0FB25
:1053D0000EB070BDDFE804F015240D110928040497
:1053E00069460720FFF704FFE9E7684601F00CFF74
:1053F000E5E7684601F0B8FEE1E7684601F0CCFC5D
:10540000DDE743F65A7043F65C72C2F20020C2F246
:105410000022002101806846118001F0B5FACEE734
:10542000684601F0FDFACAE7684601F0B9FCC6E734
:1054300080B543F6BA4043F6BC42C2F20020C2F245
:1054400000220021018043F6C0401180C2F20020FA
:105450004FF4FF7105F048FA80BDD4D4D4D4D4D42D
:1054600080B543F6BA41C2F20021088043F6C0403D
:10547000C2F200204FF4FF7105F036FA80BDD4D49B
:1054800080B54FF0020E43F6BE60C2F2002020301D
:1054900087FF5F0800BF00BF00ED901EA0EC881ED4
:1054A0000FF007C080BDD4D443F60070C2F20020D4
:1054B000806800797047D4D480B543F60071C2F299
:1054C00000218B681A78B3F802E0964513D913448B
:1054D0004FF0000C06E000BF19780A440B4492B26A
:1054E00072450AD259780429F6D19978884208BFC2
:1054F00093F803C0F0E74FF0000C1FFA8CF080BD6A
:105500002DE9F04743F60072C2F2002293681F783B
:105510005A88BA4298BFBDE8F08743F6BE683B445C
:105520004FF0000C4FF0200EC2F200284FF000099F
:105530004FF0000A3C4605E01D787C19A7B22B44C9
:10554000974227D25D78052D0AD0042DF4D19D789D
:10555000A84219D1DD78A94216D193F804C015E00C
:105560001FFA8CF41FFA8AF5A542E5D29C7809EB64
:105570000A060AF1010AF6B204F00F050EEA9404D5
:10558000444424F81560D7E71D79A9441D782C44BC
:10559000E4B2D3E7BDE8F08743F6BA40C2F2002098
:1055A000008840B143F60070C2F200208068C079E4
:1055B000C0F34010704700207047D4D4D4D4D4D462
:1055C00043F60070C2F200208068C079C0F38010FA
:1055D0007047D4D4D4D4D4D4B0B5092888BFB0BDD2
:1055E0000446154600F068FC032805D8DFE800F003
:1055F00002120A0B03210EE0FF2801D1152103E05E
:10560000072101E0B0BD052120462A46BDE8B04093
:10561000FFF74EB9042120462A46BDE8B04000F00D
:10562000C7BCD4D4D4D4D4D470B5092888BF70BD35
:10563000044610460E4621461546FDF7B5FB2046AA
:1056400031462A4600F020FB022808D3FF2810D05C
:10565000022810D128462146FDF78AFB03E02846A0
:105660002146FDF7FDFB28462146BDE87040FFF7C7
:10567000E7BB152100E0072120462A46BDE870401F
:10568000FFF716B9D4D4D4D4C18B29B370B543F67F
:10569000A0360446C2F2002656F8210028B1204662
:1056A000FFF706FCB0F5404F1AD12046FEF7FCFF8D
:1056B000012813D1E58B204646F82540FEF7F4FF7C
:1056C00001280FD120462946FFF7E2FB88B1284682
:1056D00000F05AFA002070BDFF207047FF2070BD17
:1056E000D52070BD072128462246FFF7E1F80020AB
:1056F00070BD284600F050FB002070BDD4D4D4D437
:1057000009290ED8024643F6A030C2F2002050F814
:10571000210030B180B508460821FFF7C9F8002004
:1057200080BDFF207047D4D4B0B5A0F2551CBCF1A9
:105730000F0F34D80FF20400DFE80CF00831191312
:1057400031313131313131313131311F93F8200074
:105750001C46FFF739F994F82000BDE8B040FEF789
:10576000AFBF93F82000BDE8B040FFF759B993F8F8
:105770002000BDE8B040FFF743B908460C46194683
:105780001546FEF7E9FF43F6347043F64872C2F25D
:105790000020C2F20022012120F814101560B0BDD3
:1057A00043F6007045F2D972C2F200200021C0F227
:1057B0000022C0E90011C0E90211C0E9041245F25B
:1057C000E171C0F20021C0E90622C0E90822C0E967
:1057D0000A217047D4D4D4D47047D4D4D4D4D4D4E8
:1057E0007047D4D4D4D4D4D4F0B5486843F6007408
:1057F000C2F2002445F66105D0E900C2C0F20025DE
:10580000002AD0F810E0D0E9023153EA0282C4E95C
:1058100000C104F1080145F6311645F6611781E82B
:105820000C4004F11401007DC0F20026C0F20027F4
:10583000E0C145F6911104F1200CC0F2002145F6BB
:10584000A91245F6C91347F2A127C0F20022C0F2FF
:105850000023C0F2002784F830008CE88E00F0BDF1
:105860002DE9F04393B043F64C720D46C2F200228C
:105870008046D0E90B01CDE908011388012B09D13D
:1058800098F82010002010808DF828100AA9062012
:10589000FFF756FBC02D0DD143F60071C2F2002177
:1058A000D1E90226304612B107205070C86870B1A5
:1058B00002210BE043F60070C2F200208668002E41
:1058C0001CBF02217170C06808B1072141705EB130
:1058D00098F82000778800F04FFE3478A7421BD953
:1058E0004FF000090FE000BFFEE700BF00BF00BFA0
:1058F0005FFA89F22846414600F046FD28782044A8
:1059000084B2BC4208D2351968780528F0D0042842
:10591000F4D195F80590F1E798F8200001A98DF8E9
:1059200004000120FFF70CFB13B0BDE8F083D4D4D2
:1059300080B58AB043F64C710122C2F200210A8080
:1059400090F820108DF80410D0E90B10CDE9081064
:1059500001A90320FFF7F4FA0AB080BDD4D4D4D44F
:1059600043F64C71C2F200210A88012A18BF704721
:1059700080B58AB090F8200000220A808DF80400DB
:1059800001A90620FFF7DCFA0AB0BDE880407047A5
:1059900080B58AB090F8200001A98DF80400042099
:1059A000FFF7CEFA0AB080BD80B58AB090F820101B
:1059B0008DF80410D0E90B10CDE9081001A90520DD
:1059C000FFF7BEFA0AB080BD7047D4D4D4D4D4D483
:1059D00010B5CA07044604D12046BDE8104000F0C7
:1059E00063BB00200021224600F066FA022806DC94
:1059F0000CD200212046BDE81040FDF7D5B90328A0
:105A00000CD0FF2818BF10BD07200CE002280FD1D2
:105A100000212046BDE81040FFF76ABA0021204669
:105A2000FDF76EF905202146BDE81040FFF7E0BB09
:105A300010BDD4D4D4D4D4D4CA0718BF704700F052
:105A400007BCD4D4D4D4D4D410B5CA07044604D1E6
:105A50002046BDE8104000F02BBC0020002122466B
:105A600000F012F9022809D30ED0FF2818BF10BD8C
:105A700007202146BDE81040FFF7BABB00212046B1
:105A8000BDE81040FDF714BA00212046BDE81040E3
:105A9000FFF72EBAD4D4D4D4B0B54FF07041EFF3A1
:105AA000038001EB006044F2D8318015C2F200217E
:105AB0000C58A078FEF774FF43F66875C2F2002513
:105AC00095F8400005EBC000811C4460A278FEF709
:105AD000D3FC95F84000013000F0070085F8400045
:105AE000B0BDD4D4D4D4D4D491F8201043F6C83265
:105AF0006423C2F2002211FB0322102101EAD0012B
:105B000000F00F0001440C32012005E000BF00BF8F
:105B100001300A320A280AD032F8023C012BF7D1B0
:105B2000138803F01F039942F2D180B27047FF201F
:105B300080B27047D4D4D4D4092903D8C26A22B120
:105B4000052909D900221046704705294FF00002A7
:105B5000F9D8036B002BF6D010B50446FDF7E8FA30
:105B60002046FDF7FDFA10F0100F4FF0010050EA4B
:105B7000009010BDD4D4D4D480B5FCF7D9FCC0F3C8
:105B8000C01080BDD4D4D4D4092888BF70472DE973
:105B9000F04381B0044643F6A030C2F20020214613
:105BA00050F8245028462E69FCF752FC43F6503832
:105BB00043F67830C2F20028C2F2002048F8246090
:105BC000A96840F8241028462146FDF7DDF928464B
:105BD0002146FDF799F9E86A10B1052C05D944E092
:105BE000052C42D8286B00283FD028462146FDF7D7
:105BF0009FFA2846FDF7B4FA10F0100F95F8200030
:105C00004FF0010151EA01990028284649465FEA10
:105C10000F96FDF7B1FD43F6E8210746C2F20021D9
:105C200001EBC60121F8104028462146FCF7C4FAD2
:105C300043F6B021C2F2002101EBC60258F824104D
:105C4000814222F8170002D3B1FBF0F1414343F641
:105C500090204A46C2F2002000EB061040F82710C0
:105C600028462146FDF7C0FC04E0002120462A46D4
:105C7000FFF7DAFC2846214601B0BDE8F043FFF704
:105C800037B9D4D4D4D4D4D4092801D9FF2070474B
:105C90002DE9F04F81B0044615460E46084304D066
:105CA000002328462146324603E0002220232846CE
:105CB0002146FCF7E5FBFF2803D1FF2001B0BDE83A
:105CC000F08F28462146FCF777FA81462846214680
:105CD000FFF7CAF843F6503BC2F2002B5BF82410E2
:105CE000494503D9022000904F4615E04FF00102CC
:105CF0004FF0000771B11FFA81FC002C08BF02278A
:105D0000BCFBF0F303FB10C0002857EA02820F46E9
:105D1000009201E00120009028462146FFF798F804
:105D2000804628462146FCF793FB43F6783ABFB2FB
:105D3000C2F2002A384631462B465AF82420FEF794
:105D400017FD5BF824104AF8240049450ED20020C4
:105D50004BF8240028463146FCF75AFF00B20028D1
:105D600007D428463146FCF78FFF02E0C81B4BF8EA
:105D7000240028462146FDF707F908F00300012812
:105D800003D128462146FFF7B3F8009801B0BDE8DB
:105D9000F08FD4D4D4D4D4D42DE9F04381B00928E1
:105DA00002D901B0BDE8F083044643F6A030C2F248
:105DB0000020214650F8245028462E69FCF748FB65
:105DC00043F6503843F67830C2F20028C2F2002081
:105DD00048F82460A96840F82410E86A10B1052C3E
:105DE00004D940E0052C3ED8286BE0B32846214674
:105DF000FDF79EF92846FDF7B3F995F82010002924
:105E00005FEA0F9610F0100F4FF0010050EA009972
:105E100028464946FDF7B0FC43F6E8210746C2F2A2
:105E2000002101EBC60121F8104028462146FCF76D
:105E3000C3F943F6B02143F69022C2F20021C2F228
:105E4000002201EBC60102EB061221F8170058F8F8
:105E5000240042F82700284621464A4601B0BDE802
:105E6000F043FDF70DBD0022002328462146FCF734
:105E7000B3FA28462146FEF7F7FF5EB1B6FBF0F114
:105E800001FB1060002851EA0190214682B22846A9
:105E9000FCF73AFB28462146FFF72AF82846214618
:105EA000FCF766FF2846214601B0BDE8F043FEF747
:105EB000C7BFD4D4D4D4D4D4092801D9FF20704783
:105EC0002DE9F04F81B004460E46154600231046DA
:105ED00021463246FCF7D4FAFF2803D1FF2001B057
:105EE000BDE8F08F0746284621466FF31F37FEF7BF
:105EF000BBFF43F65038C2F2002858F82410B942CC
:105F00000CD228462146FCF7A3FA58F8249048F80A
:105F100024704FF0030AD7B34F4625E00CD124B9C3
:105F2000B7FBF0F101FB107060B328462146FCF787
:105F30008FFA4FF0000A27E017B14FF0020A07E08E
:105F4000814628462146FCF783FA48464FF0010A6D
:105F5000B7FBF0F101FB1070B0B128462146FCF709
:105F600077FA4FF0010AB94643F6783BB8B2C2F26D
:105F7000002B31462B465BF82420FEF751FC4BF8F2
:105F8000240008E04FF0020AB946002FC4D1284689
:105F90003146FCF7B5FE1FFA89F058F82410081AAC
:105FA00048F82400504601B0BDE8F08FD4D4D4D4D2
:105FB000092888BF70472DE9F04104460E4692F843
:105FC0002080104621461546FCF742FAE86A18B1CF
:105FD000052C07D9002712E0052C4FF000070ED83A
:105FE000286B60B128462146FDF7A2F82846FDF748
:105FF000B7F810F0100F4FF0010050EA0097284654
:106000002146FCF7D1FE28462146FCF709FF284629
:106010002146FCF74DFF28462146FCF70DFA022FDA
:106020000CD0012F17D101212846FCF781FC01215A
:10603000B8F1000F0AD04FF4006209E002212846AF
:10604000FCF776FC0221B8F1000FF4D14FF4806226
:106050002846FCF731FD43F6A037C2F2002757F877
:106060002400E0B143F65031C2F2002151F824106F
:10607000016157F82400214686842846FDF710F96F
:1060800057F8241000220025C884002157F8240066
:10609000C48357F824004368984747F82450BDE864
:1060A000F0417047D4D4D4D42DE9F04F83B0834667
:1060B00043F65030C2F2002043F6A03443F6902855
:1060C0000F46051DC2F20024C2F2002801260191EC
:1060D0002BE0101A029A504301EB840108609BF8F0
:1060E0002000296808EB001050F8240088424FF087
:1060F000040050EA90945846494608BF0324FDF72F
:10610000CFFC304621465A46FFF752FF58464946D3
:10611000FCF7F6FD43F6A034C2F2002400BF00BF36
:10612000013604350A2E00F08E8027FA06F0C007EB
:10613000F6D058463146FCF727FF54F826000028D1
:10614000EED0DBF82C0010B1052E06D96AE0052E42
:1061500068D8DBF83000002864D058463146FCF798
:10616000E7FF5846FCF7FCFF10F0100F4FF001005E
:1061700050EA009958464946FDF7FEFA9BF8201070
:1061800043F6B027C2F20027044607EBC10131F8FD
:106190001000494602905846FCF752FC58464946C2
:1061A000FDF71AFD0023584631464A46FCF768F9C8
:1061B0009BF8201043F6E822C2F2002243F6503347
:1061C000C2F2002302EBC10207EBC101074632F81D
:1061D0001420584631F8141053F82220013AB2FB2B
:1061E000F1F101F1010AFDF777FE9BF820101FFA8B
:1061F0008AF282426FF31F3708EB011141F82470D5
:10620000019F7FF66CAF9BF8201008EB011151F84D
:106210002430002B3FF45DAFC0431044029A00FBD2
:10622000023059E758463146FEF732FE0021102869
:1062300004D130465A46FFF7F7F971E730465A461F
:10624000FFF7CAF96CE703B0BDE8F08FD4D4D4D41B
:10625000F0B581B043F6A0370C4605460126C2F2E0
:10626000002704E000BF00BF01360A2E1CD024FA2C
:1062700006F0C007F8D057F826000028F4D02846CA
:106280003146FEF715FEB0F5404FEDD12846FCF73C
:106290009BFE00B20521B0F1FF3F30462A46C8BF41
:1062A0000721FEF705FBDFE701B0F0BDD4D4D4D45D
:1062B0002DE9F04381B0054643F69040C2F200203C
:1062C00043F6A0380C46871C4FF00109C2F20028A3
:1062D000012609E0062130462A46FEF7E9FA00BF0A
:1062E00001360237062E2CD024FA06F0C007F7D06C
:1062F00058F826000028F3D095F8200000EB800025
:1063000037F820000128EBD028463146FEF7A0FDE3
:106310008007DFD428463146FCF7C2FF40040BD487
:1063200095F8200001212A4600EB800027F82090F4
:106330003046FFF73DFED3E728463146FCF790FD97
:10634000CEE7062607E0012130462A46FFF730FE59
:1063500001360A2E13D024FA06F0C007F8D058F8F8
:1063600026000028F4D028463146FEF771FD80074C
:10637000E9D5062130462A46FEF79AFAE8E701B049
:10638000BDE8F083D4D4D4D42DE9F0414378052B73
:1063900004D1C37803F00303022B03D20023D8B245
:1063A000BDE8F081032B33D1022A4FF0000340F007
:1063B000DE8090F90220B2F1FF3F00F3D88091F81F
:1063C000203043F6C8326426C2F2002213FB0622B4
:1063D00043F6B07548F2100CC2F2002502F13C04FD
:1063E000062204E000BF00BF01320A2A6AD034F856
:1063F0000A6B002EF8D1EE5C002EF5D1EA5491F82C
:106400002030EE5C43F63E35C2F20025EE7061E0CE
:1064100090F90230B3F1FF3F28DD0A2ABED191F88E
:10642000203043F6C8326426C2F2002213FB062253
:1064300043F6AE75C2F2002502F10A04012202E021
:106440000132062A40D034F80A6B002EF8D1EE5CF7
:10645000002EF5D1EA544FF4854C91F82030EE5CD3
:1064600043F63E35C2F200252E7033E00A2A95D15C
:1064700091F8203043F6C8326426C2F2002213FBA2
:10648000062243F6AC75C2F2002502F10A0401228D
:1064900005E000BF00BF00BF0132062A17D034F864
:1064A0000A6B002EF8D1EE5C002EF5D1EA5444F2CE
:1064B000102C91F82030EE5C43F63E35C2F20025F8
:1064C0006E7007E00A2205E04FF4854C01E044F2CB
:1064D000102C062243F6C83E6425C2F2002E13FBA0
:1064E00005E602EB820436F81430012B4FF000036E
:1064F0003DD006EB44068778B0F804800120308058
:1065000007F00F0691F820004CEA060710FB05E0A3
:1065100000EB4400478091F8200010FB05E000EB01
:106520004400A0F8068091F8200010FB05E000EB85
:106530004400038191F82000012817D143F6AE7082
:1065400043F6AC71C2F20020C2F200210EEB44030C
:106550004078497882424FF0000008BF47F6484033
:106560008A4208BF47F60840A3F868001346D8B22D
:10657000BDE8F081D4D4D4D480B543F6C8316422C8
:10658000C2F2002110FB02114FF0090E0022F64664
:106590000A3106E000BF00BF0A31BEF1010E00D192
:1065A00009E00B88012BF7D101280A6008BF8A8017
:1065B000C1F80620F0E743F6AC710022C2F20021D8
:1065C00043F6B073C2F200230A5443F6AE71C2F22E
:1065D00000211A540A5480BD2DE9F04143F6C83118
:1065E0000446C2F20021012501F10A064FF06408B9
:1065F0000AE000BF00BF00BF20462946FBF704FEAB
:1066000001350A360A2D32D094F8200000FB08F03C
:10661000305A0128F4D100212046FCF70DF9AFB221
:1066200000F00F00B84205D10021002200232046CF
:10663000FBF7D2FE01212046FCF7FEF800F00F0028
:10664000B84205D10021012200232046FBF7C4FEF9
:1066500002212046FCF7F0F800F00F00B842CBD141
:106660000021022200232046FBF7B6FEC4E7BDE866
:10667000F081D4D4D4D4D4D4F0B581B043F6C831A9
:106680000446C2F20021012501F10A06642703E055
:1066900001350A360A2D0AD094F820007843305A82
:1066A0000128F5D120462946FBF726FEF0E701B088
:1066B000F0BDD4D4D4D4D4D4B0B5044600F0D4F8CA
:1066C000FEF7B6FE2046FEF72BFC43F60075C2F23D
:1066D00000256B693BB1014643F6B840C2F2002089
:1066E00002882046984700212046FCF7CDFC286808
:1066F000C1792046BDE8B040FCF7F6BCD4D4D4D470
:1067000010B504460A20FDF70BFE2046FEF78CFC70
:1067100094F82000BDE81040FEF772B9D4D4D4D468
:10672000F0B581B00446FBF727FF94F82000FEF790
:1067300077F943F6BA400021C2F2002043F6C8328E
:10674000C2F200220125018043F6BC40C2F20020C3
:1067500002F10A066427018006E000BF00BF00BF07
:1067600001350A360A2D0FD094F820007843305AAC
:106770000128F5D1082128462246FEF799F820463F
:106780002946FBF7B9FDEBE743F60070C2F20020A3
:10679000C36933B11E210022204601B0BDE8F0409C
:1067A000184701B0F0BDD4D4B0B5044690F820002D
:1067B000FEF756F994F82000FCF79AFB05462046B0
:1067C000FBF73AFF94F820106A061AD500F0030090
:1067D000012816D10846FEF70BF900F049F843F6F8
:1067E0000070C2F20020036A002B08BFB0BD43F660
:1067F000BC400022C2F2002001882046BDE8B04023
:1068000018470846FEF74CF994F82000BDE8B04060
:10681000FEF736B9D4D4D4D4FDF7A6BFD4D4D4D49B
:1068200070B5044600BF00BF2046FCF761FB05467B
:106830000A20FDF771FD2046FCF75AFB06460A20A8
:10684000FDF76AFD2046FCF753FB06F0800205F0D9
:1068500080019142E8D100F080008242E4D14020E2
:10686000002908BF432070BD7047D4D4D4D4D4D4F9
:106870007047D4D4D4D4D4D470B5054643F6BE60A2
:106880000C46C2F20020402104F02EF843F6C0402E
:106890004FF4FF71C2F2002004F026F843F6507066
:1068A0000026C2F2002043F64871C2F200210680A1
:1068B00043F65270C2F200200E603421068043F687
:1068C0005470C2F20020068043F65670C2F20020D7
:1068D000068043F65870C2F20020068043F65A70D4
:1068E000C2F20020068043F65C70C2F200200680EF
:1068F00043F64C70C2F20020068043F65E70C2F28E
:1069000000204660066043F60070C2F2002003F0EB
:10691000EBFF43F678302821C2F2002003F0E4FFB9
:1069200043F650302821C2F2002003F0DDFF43F689
:10693000C47043F63472C2F2002040F60E61C2F217
:10694000002241814FF00E31C0F80610C0F802104D
:1069500043F6A0302821C2F20020166056609660EF
:10696000D660166103F0C0FF43F6BA4043F6BC415F
:10697000C2F20020C2F2002106800E802846214685
:10698000BDE87040FEF730BFF0B581B043F65271FC
:106990006FF0FF02C2F200210023497802EB0121CF
:1069A00043F65C724FEA7121C2F20022052913807E
:1069B0001BD004292FD143F6547643F6BA44C2F2D1
:1069C0000026C2F200240546318827880846FEF7D3
:1069D00047FD3188B9421ED043F60071C2F2002152
:1069E0008B69C3B12188284610E043F60071C2F2DA
:1069F00000218B6A7BB143F6567143F6C042C2F266
:106A00000021C2F20022098832F81110002201B0E0
:106A1000BDE8F040184701B0F0BDD4D4D4D4D4D4EC
:106A200070B543F65271C2F20021098821F0FF02CD
:106A30004FEA7222062A00F28481DFE812F0070092
:106A40008201820140007A009E00820143F6547266
:106A5000C2F200221288002A40F0738143F6587275
:106A6000C2F200221288022A40F06B8143F6B2750E
:106A700001F01F01C2F2002502294FF000022A8016
:106A800000F0E280012900F0CF80002940F0598118
:106A900043F65671C2F200210988002940F0518165
:106AA0000446FEF78DFD43F6BC412870C2F200217A
:106AB0000988012940F0E88040F00200E3E001F09D
:106AC0001F02012A00F08780002A40F03A8143F635
:106AD00054714FF0FF32C2F20021098802EB1122FB
:106AE000072A00F22E81CDB2DFE812F00800D800AC
:106AF00012012B012B012F01ED002B0143F65671E2
:106B0000C2F200210988294340F01B81024643F666
:106B10000070C2F2002043F65873C2F200230168ED
:106B20001B880878834238BF1846BDE87040FEF7DE
:106B3000F7BAC90640F0058143F65471C2F200214C
:106B40000988002901BF43F65671C2F20021098865
:106B5000002940F0F68043F65871C2F200210988FE
:106B6000012940F0EE8043F6BA41C2F200210B78D1
:106B700043F6B471C2F2002126E001F01F010129A1
:106B800040F0DF8043F65471C2F2002109880029E9
:106B900040F0D78043F65871C2F2002109880129DC
:106BA00040F0CF8043F65671C2F200210988FE29D9
:106BB00000F2C78043F6C042C2F2002212F8113040
:106BC00043F6B671C2F20021024601200B70BDE807
:106BD0007040FEF7A5BA43F65E7243F65473C2F2F4
:106BE0000022C2F2002343F658761180198843F63A
:106BF0000073518043F65671C2F20023C2F20021A5
:106C0000C2F20026DB6A09883688002B9180D68084
:106C100008BF70BD43F65E760021C2F20026024630
:106C20003046BDE8704018470446FDF73DFD012899
:106C300040F0988043F65670C2F200200588FEF7B7
:106C400033FC854220D38DE043F656760446C2F2EB
:106C50000026318809070FD0FDF726FD012840F0F6
:106C6000818030882146FEF73FFFFF287AD0014619
:106C70002046FEF7EDF803E090F82000FCF74CFA10
:106C8000800701D50120287043F6B2710220C2F2BC
:106C900000212246BDE87040FEF742BA43F6567125
:106CA000C2F20021098829434BD10446FEF738F986
:106CB00043F60071C028C2F2002101F1080208BFAA
:106CC00001F10C0219E00446FEF756FF012801BF4E
:106CD00043F65670C2F20020008850EA050041D108
:106CE0002046FEF71DF943F60071C028C2F20021CC
:106CF00001F10C0208BF01F1080243F65870116857
:106D0000C2F200204A8800888242C2D81046C0E7FA
:106D100043F60071C2F2002191F83020954210D262
:106D20000246086943F6587350F82510C2F2002352
:106D300008781B88834229D21846BDE87040FEF7C8
:106D4000EFB9BDE87040FDF70FBD0446FEF714FF34
:106D5000012801BF43F65670C2F20020008850EAB5
:106D6000050004D02046BDE87040FDF7FDBC43F6A9
:106D7000007043F65872C2F20020C2F2002241684D
:106D800012880878824238BF104682E7BDE870401A
:106D9000FEF7C6B9D4D4D4D4FDF7E6BCD4D4D4D449
:106DA0002DE9F0418AB043F652760446C2F200263D
:106DB000318821F0FF02A2F580724FEA7222052A83
:106DC00000F26D81DFE812F00600530035006B0120
:106DD0008500D00043F65870C2F2002000880028D9
:106DE00040F05D8101F01F00022800F0FD800128C5
:106DF00000F05581002840F0528143F65470C2F2F1
:106E000000200088012840F04A8143F65670C2F203
:106E100000200088002840F04281FEF7BDFB0128D9
:106E200040F03D8143F6BC400021C2F200200180C9
:106E300019E0C80640F0338143F6587043F65671A6
:106E4000C2F20020C2F200210088098880B2084303
:106E500040F0258143F65470C2F2002000887F285C
:106E600000F21D8100212046FEF742F81AE143F6A8
:106E70005870C2F200200088002840F0108101F014
:106E80001F00022800F0D980012800F008810028A6
:106E900040F0058143F65470C2F2002000880228B9
:106EA00000F0E280012840F0338143F65670C2F2D0
:106EB00000200088002840F0F280FEF76DFB0128DA
:106EC00040F0ED8043F6BC400121C2F20020018079
:106ED000C8E7C80640F0E38043F6007043F65475F7
:106EE000C2F20020C2F2002580682988407900297A
:106EF0005FEA0F9281425FEA0F90024240F0CF803A
:106F000043F65670C2F200200088002840F0C78087
:106F100043F65870C2F200200088002840F0BF807D
:106F200000212046FDF7E4FF2888002800F0BA8001
:106F300043F6BA41C2F200210988884200F0B280CB
:106F4000FEF79EFAFEF7B0FA50B10546002700BFE3
:106F5000B8B20021FEF7D4FA0137B8B2A842F7D38D
:106F60002046FFF789FB3BE02046FDF79DFB01280B
:106F700040F09580308800F01F00012840F08F809D
:106F800043F65675C2F200252F88FEF78DFA874228
:106F900000F2858043F65870C2F200200088002875
:106FA0007DD143F654782888C2F20028B8F80070E2
:106FB000FEF782FA874272D8288843F6C047C2F2A9
:106FC000002798F8001027F8101000212046FDF740
:106FD0008FFFFEF755FA288837F81010FEF790FA61
:106FE0002046FFF7F9FA5DE043F65470C2F2002044
:106FF0000088002853D143F65670C2F20020008862
:10700000010700F089802146FEF76EFDFF2846D07B
:10701000054620462946FDF71BFF012840F08180E8
:1070200020462946FBF714FA20462946FCF7C4F906
:1070300020462946FDF75CFF7BE043F65470C2F220
:107040000020008858BB43F65670C2F2002000882A
:1070500001073FF407AF2146FEF746FDFF281ED08B
:107060002146FDF779FBFDE62046FDF759FFC028D4
:1070700015D143F65670C2F20020008800F5804119
:1070800009B200290BD443F6BE4143F65073C2F255
:107090000021C2F2002301220A801880E2E6204685
:1070A000FDF762FB43F65C75C2F2002528880128D3
:1070B00027D143F654713088C2F20021ADF8100098
:1070C00000260396088843F65871ADF8120043F67F
:1070D0005670C2F20020C2F20021ADF808600088AC
:1070E000ADF814000888ADF8160093208DF807005D
:1070F00094F820008DF8040001A90820FDF720FF76
:107100002E8000202146FEF773F80AB0BDE8F0811A
:107110002046FFF781FBC5E700212046FDF7F0FE82
:10712000A0E620462946FDF7EBFE20462946FCF75F
:1071300043F9002120460027FDF7DAFE43F63470BC
:10714000C2F2002030F815100129ABD143F6487186
:1071500020F81570C2F20021002220460B680021A1
:1071600098479FE7D4D4D4D470B58AB043F652750B
:107170000446C2F20025697809024FEA7121062906
:107180003ED8DFE801F0043D3D0404040400002182
:107190002046FDF7ADFE43F65C76C2F2002630884D
:1071A000012827D143F654712888C2F20021ADF896
:1071B000100000250395088843F65871ADF81200B9
:1071C00043F65670C2F20020C2F20021ADF808501A
:1071D0000088ADF814000888ADF8160093208DF8EB
:1071E000070094F820008DF8040001A90820FDF79D
:1071F000A7FE358000202146FDF7FAFF0AB070BDDA
:107200002046FDF7B1FAC6E770B58AB043F652766C
:107210004FF4E062C2F2002604467178B2EB012F0F
:1072200004D100212046FDF763FE02E02046FDF771
:107230009BFA43F65C75C2F200252888012827D105
:1072400043F654713088C2F20021ADF810000026D8
:107250000396088843F65871ADF8120043F656704D
:10726000C2F20020C2F20021ADF808600088ADF83B
:1072700014000888ADF8160093208DF8070094F8E4
:1072800020008DF8040001A90820FDF759FE2E808A
:1072900000202146FDF7ACFF0AB070BDD4D4D4D491
:1072A00070B58AB0038803F06003402B18BF202B11
:1072B00017D106292AD8DFE801F04E0430045B809C
:1072C000290092F820108DF804100168406805909C
:1072D000049100200390ADF8080093208DF807007A
:1072E0000EE093218DF8071001684068CDE9041085
:1072F00092F820008DF8040000200390ADF80800FB
:1073000001A90720FDF71CFE0AB070BD0720114639
:107310000AB0BDE87040FDF76BBF01684068CDE979
:1073200004100021104600251446FDF7E1FD94F8F5
:10733000200001A98DF8040093208DF80700082093
:107340000395ADF80850FDF7FBFD43F65C70C2F203
:107350000020058045E043F65A7043F65C72C2F2A5
:107360000020C2F200220021018011800AB070BD0D
:1073700001684568CDE90415002110460026144631
:10738000FDF7B6FD43F6503094F82010C2F200200D
:107390008DF8041001A9ADF808600068C0EB154035
:1073A000039093208DF807000820FDF7C9FD43F6F0
:1073B0005C70C2F20020068013E001684068CDE9ED
:1073C000041092F820008DF8040000200390ADF81E
:1073D000080093208DF8070001A907201446FDF747
:1073E000AFFD00202146FDF703FF0AB070BDD4D4E5
:1073F000F0B58FB00D46897801700446E87844F204
:107400004016C2F2002600F07F00E070286AA061FA
:1074100044F23810EA69C2F2002040F821202078B6
:107420006A6AE261A96A2162305C012802D140F2F5
:10743000DD5676E022B192E80B001A689047216A87
:1074400011B107C9126890472878012807D0207821
:1074500043F6C071C2F20021022221F81020707898
:107460003178C0B2084307D143F6C4704FF4BA7103
:10747000C2F2002003F038FA207844F24417C2F236
:10748000002701213154002647F8206044F24C11B6
:107490002078C2F2002121F8106044F25010C2F2AC
:1074A00000204FF40C7103F01FFA2878012838D01F
:1074B0002078FCF71DFD064698BB20462946FFF7BD
:1074C000DBF920782946FCF707FE6878022805D109
:1074D00020788DF8240001A8FBF766F82078FDF7E6
:1074E0000FFB2078FFF79CF9402808D12078FBF7A4
:1074F00037F80A20FCF714FF2078FDF781FA287886
:1075000001280DD0207857F8201041F0010147F8EC
:107510002010207857F8201041F0020147F8201081
:10752000002630460FB0F0BD70B504460078FCF779
:1075300087FD00281CBF4FF4BC6070BD217844F269
:107540004012C2F2002243F6C075C2F200250020AC
:10755000505435F81120012A07D00646FEF720F9CD
:107560002078FFF709F82178304644F24412C2F23D
:10757000002242F82100217825F8110070BDD4D4F2
:10758000F0B58FB006782EB18D0705D040F2E250ED
:107590000FB0F0BDCD07F9D143F6C075C2F200259A
:1075A00035F81640022C02D103F07F03C37044F279
:1075B0004413C2F2002353F826303BB135F816309D
:1075C0008DF8246035F81630012B03D140F2DC50E1
:1075D0000FB0F0BD0D4601A9074608461446FDF759
:1075E0009FFC38783E46FBF783FC00F070003028A3
:1075F00040F2DC500BD10746304629462246FDF7C3
:1076000087FBD52857EA1791002851EA10800FB060
:10761000F0BDD4D4D4D4D4D4F0B58FB006782EB184
:107620008D0705D040F2E2500FB0F0BDCD07F9D183
:1076300043F6C075C2F2002535F81640022C02D17F
:1076400003F07F03C37044F24413C2F2002353F8E3
:1076500026303BB135F816308DF8246035F81630F9
:10766000012B03D140F2DC500FB0F0BD0D4601A953
:10767000074608461446FDF753FC38783E46FBF7AC
:1076800037FC00F07000302840F2DC500BD1074688
:10769000304629462246FDF773FBD52857EA179155
:1076A000002851EA10800FB0F0BDD4D4D4D4D4D483
:1076B00070B58EB00446007843F6C073C2F2002362
:1076C00033F81050022D02D102F07F02E27044F232
:1076D0004412C2F2002252F820203AB133F81020AE
:1076E0008DF8200033F81000012803D140F2DC505F
:1076F0000EB070BD68460D46FDF712FC2078FBF712
:10770000F7FB00F07000302840F2DC500AD106464A
:1077100020462946FDF77CFBD52856EA169100281D
:1077200051EA10800EB070BD40F2DC507047D4D4E6
:1077300040F2DC507047D4D440F2DC507047D4D4CF
:10774000027844F24413C2F2002353F82230CBB340
:1077500070B58EB043F6C073C2F2002333F8122026
:1077600006228A7002788DF8202033F81220012A30
:107770004FF0000221D06B46054618460A701446A9
:107780000E46FDF7CDFB0021C02808BF022180284E
:1077900008BF012171702878FBF7AAFB4DF60C0198
:1077A00043F6B843C0F30210C0F20021C2F2002336
:1077B0002246085C1978B070F1700EB0BDE87040D8
:1077C0001046704740F2DC507047D4D4D4D4D4D49F
:1077D00040F2DC507047D4D440F2DC507047D4D42F
:1077E00040F2DC507047D4D470B58EB004460078B7
:1077F00043F6C07544F24412C2F20025C2F20022E0
:1078000035F8103052F82020F2B135F810208DF8FC
:10781000200035F81000012816D068460E46FDF706
:107820007FFB2078FBF764FB00F0700030280BD161
:107830004FF0010CA6F800C0207835F810000128A0
:1078400006D100200EB070BD40F2DC500EB070BD0D
:1078500043F6C8304FF0090EC2F20020F646324619
:1078600000F10A0364210125012608E000BF00BFE2
:107870000A3301360020BEF1010E00D1E6E7207880
:107880004843185A0128F3D10CFA06F00543158035
:10789000EEE7D4D4D4D4D4D470B59CB004460078E8
:1078A00043F6C0768DF82000A27044F24412C2F272
:1078B0000026C2F2002236F8103052F82020002AAA
:1078C00047D036F810208DF8580036F810000128FF
:1078D0003FD00EA80D46FDF723FB2078FBF708FBF1
:1078E00000F07000302834D1207836F810100129CB
:1078F00002D101201CB070BDA17843F6C83C6426BB
:10790000C2F2002C10FB06C001EB810100EB41002C
:10791000408800F00F022A70A178237813FB06C379
:1079200001EB810603EB46035B88DB0603D502F11E
:1079300080012970A1786846FDF7BAFAB0F5404F8A
:107940000DD0B0F5004F08D0B0F5804F01D1002028
:1079500006E040F2DC501CB070BD012000E00220C7
:1079600068706846A178FDF77FFA688000201CB037
:1079700070BDD4D4D4D4D4D42DE9F0418846054682
:107980000E200870FDF730FB43F6C470C2F20020F1
:10799000417802788A4217D001EBC10100EB8101E6
:1079A0000C315CC95CC591E8DC00DCC54178014460
:1079B000897888F8001041784A1CD2B2092A4FF021
:1079C000000252EA819141700020BDE8F081D4D4D8
:1079D00044F238120146C2F200220020C2E900112E
:1079E0007047D4D4D4D4D4D4007843F6C072C2F251
:1079F000002232F81020012A02D140F2DC507047F8
:107A000080B5FDF7E5F8002080BDD4D4D4D4D4D41B
:107A1000F0B58FB00446007844F24417C2F2002754
:107A200057F8207047B343F6C077C2F2002737F803
:107A300010608DF8240037F8100001280BD001A841
:107A400015460E461F46FDF76BFA2078FBF750FAF5
:107A50003B4631462A4663700888A0814B88000661
:107A6000E38120468B882382CB88114663821A46A5
:107A700006D4FDF701F905E040F2DC500FB0F0BD8F
:107A8000FDF7D2F80146FF284FF0000008BF40F292
:107A9000DC50D52908BF40F2DD500FB0F0BDD4D482
:107AA00070B58EB00446007844F24413C2F200234D
:107AB00053F820302BB343F6C073C2F2002333F8DF
:107AC00010608DF8200033F81000012809D06846B6
:107AD00015460E46FDF724FA2078FBF709FA3146E1
:107AE0002A462046FDF7A0F80146FF284FF0000087
:107AF00008BF40F2DC50D52908BF40F2DD500EB07F
:107B000070BD40F2DC500EB070BDD4D4D4D4D4D407
:107B100070B58EB00446007844F24413C2F20023DC
:107B200053F820302BB343F6C073C2F2002333F86E
:107B300010608DF8200033F81000012809D0684645
:107B400015460E46FDF7ECF92078FBF7D1F93146E2
:107B50002A462046FDF790F80146FF284FF0000026
:107B600008BF40F2DC50D52908BF40F2DD500EB00E
:107B700070BD40F2DC500EB070BDD4D4D4D4D4D497
:107B8000B0B58EB00446007844F24412C2F200222E
:107B900052F82020D2B143F6C072C2F2002232F86D
:107BA00010308DF8200032F81020012A08D06846E5
:107BB0000D46FDF7B5F92078FBF79AF920782946AC
:107BC000A180FDF719F800200EB0B0BD40F2DC50E6
:107BD0000EB0B0BDD4D4D4D480B58EB000788DF8BA
:107BE00020006846FDF704FA40F2DC51D52808BFB2
:107BF00040F2E151002851EA10800EB080BDD4D48B
:107C0000007843F6C071C2F2002131F8100002285A
:107C100004D180B5FDF7E8F9002080BD40F2DC50CA
:107C20007047D4D4D4D4D4D4007843F6C072C2F20E
:107C3000002232F81020022A07D143F6B872C2F2AD
:107C4000002242F820100020704740F2DC507047BC
:107C5000027800200A707047C278002042F080024B
:107C60000A707047D4D4D4D4427800200A70704788
:107C7000827800200A707047007843F6C072C2F222
:107C8000002232F81020012A0ED010B50C46FBF766
:107C90002FF94DF2F021C0F30210C0F2002131F8AB
:107CA00010002080BDE8104000207047D4D4D4D408
:107CB0000246002092680A607047D4D4D4D4D4D449
:107CC000D0E9032300204B600A607047D4D4D4D499
:107CD000002940F2DC5108BF0121002808BF012122
:107CE00008467047D4D4D4D4002840F2DC5008BFF2
:107CF00001207047D4D4D4D4B0B584B04FF07041D3
:107D0000EFF3038001EB00604CF200318015C4F208
:107D10000001425822F48032425044F2D832415895
:107D2000C2F200221458206A00690028606902D05B
:107D3000E0B104B0B0BDC8B1A07800F003000228E3
:107D4000206905D10088616A20F4DC40486002E0C7
:107D5000616A00780871A078226900F00301606907
:107D6000401A6061114421610028E2D1616A022257
:107D70008D68A06862F3155510B102F0FDF9616AD3
:107D80008D60A06A00284FF000002061D1D0E06A29
:107D900020B190E82E008DE82E0000E06846216AB0
:107DA000097801600021816080210171216BC1602F
:107DB000A16A8847E06A00281CBF9DE82E002EC0FB
:107DC00004B0B0BDD4D4D4D410B586B04FF0704157
:107DD000EFF3038001EB00604CF200318015C4F238
:107DE0000001425822F48032425044F2D8324158C5
:107DF000C2F200221458A07800F00302606A022A3E
:107E000003D101686FF35F2100E00178E06901911F
:107E1000D0B1A06901A902F06BFDA078D4E90612E7
:107E200000F003000144101AC4E9061034D1A06A1E
:107E300090B3E06AE0B1D0E900C2D0E90231CDE907
:107E40000431CDE902C214E0A06A28B3E06A40B16F
:107E5000D0E900CED0E90223CDE90423CDE902CE5A
:107E600000E002A8226A127881600260042106E024
:107E700002A8216A09780160002181600121017155
:107E8000216BC160A16A8847E06A28B102AC1ECCB0
:107E9000016042608360C46006B010BDD4D4D4D405
:107EA000B0B584B04FF07041EFF3038001EB006098
:107EB00044F2D8328115C2F200224FF6EF73041655
:107EC0005558CFF6CF73696A8A681A408A60A96AE2
:107ED000E1B1E86A40B1D0E900C2D0E90231CDE9B0
:107EE0000231CDE900C200E06846296A09780160E4
:107EF0000021816002210171296BC160A96A884754
:107F0000E86A00281CBF9DE82E002EC04CF200300D
:107F1000C4F2000050F8241021F4803140F82410FD
:107F200050F8240004B0B0BD70B584B04FF070417B
:107F3000EFF3038001EB006044F2D8328115C2F206
:107F400000225458A178636A01F00301022904D188
:107F5000D3F800C06FF35F2C01E093F800C09A6C77
:107F60002025082105EAD2454FF0100E01EA1261E2
:107F70001EEA126229440A4403D0996C090458BFCE
:107F80004032996E051641F0C8519966A16AD9B17F
:107F9000E06A40B1D0E900E3D0E90216CDE902166B
:107FA000CDE900E300E06846216A0978C0F808C01E
:107FB00001600271216BC160A16A8847E06A0028F4
:107FC0001CBF9DE84E004EC04CF20030C4F20000D1
:107FD00050F8251021F4803140F8251050F8250084
:107FE00004B070BDD4D4D4D480B545F25422C5F2C7
:107FF0004F020260084600F003F8002080BDD4D490
:1080000070B5044600F064F844F2D43CEFF31081FC
:10801000C2F2002C012080F31088DCF8000038B98F
:1080200040F614500022C4F2400002704022027058
:10803000DCF800000130CCF8000081F310882088C3
:1080400030B340F6000E0021C4F2400E08E000BF3D
:108050000EEB8010013140F822302088814217D287
:10806000606800EBC10250F831309288D8034FEAC3
:108070001220D2B2ECD50EEB801555F8226026F412
:10808000803645F8226023F4803645F82260DFE729
:108090000120EFF3108180F31088DCF8000020B19C
:1080A000DCF800000138CCF80000DCF8000010B16A
:1080B00081F3108870BD40F614500022C4F24000D5
:1080C00002708022027081F3108870BDD4D4D4D4A1
:1080D0002DE9F04F81B004460088002867D04EF6A5
:1080E0004C4B0025C4F2010B4FF0010A04E000BF25
:1080F0002088013585425AD24DF6140642F24008D6
:108100000027C0F20026C4F220080CE000BF00BF28
:1081100088F80000C820012101F0EEFF013708F1C6
:108120000208032FE4D0606836F8021B00EBC5009C
:1081300082888A42F2D100689BF8001000F0B850A3
:108140000AFA07F9B0F1807F09EA010018D158B99D
:10815000012002F085F89BF8000040EA09008BF846
:108160000000012002F050F898F900000028D5D452
:1081700098F8000040F08000CAE700BF00BF00BFD1
:1081800058B1012002F06CF89BF8000020EA0900C9
:108190008BF80000012002F037F898F90000B0F1E8
:1081A000FF3FBBDC98F8000000F07F00B0E701B0B3
:1081B000BDE8F08FD4D4D4D470B50D4609784EF212
:1081C00000020446C4F2250202EB01202061256072
:1081D000A8686060287B2072E8696063286AE063B1
:1081E0000020A063C4E90500C4E9070084F8290061
:1081F00084F82A0084F82B0084F82C000120EFF387
:10820000108680F310882978C1F10901884043F273
:108210000401C4F220010A6822EA0000086008682C
:108220001E20012101F068FF86F3108820462946B0
:1082300000F0C2F844F643110020C5F24921E16084
:1082400070BDD4D4D4D4D4D49C46012380F82AC0A1
:1082500000F0AAB9D4D4D4D49C46002380F82AC014
:1082600000F0A2B9D4D4D4D4B0B504460069002536
:10827000C5712046216800F09FF894F82600216916
:1082800084F82800A069C4E90750002084F82C5025
:1082900084F82A50B322CA71B0BDD4D4D4D4D4D473
:1082A0000346002059601A727047D4D4D4D4D4D471
:1082B000844641630020CCE90E327047D4D4D4D434
:1082C00044F64312C068C5F2492290425FEA1F9209
:1082D00000200A707047D4D4B0B504460069002568
:1082E000C5712046216800F067F894F82600A1695E
:1082F00084F828002069C4E90751B32184F82C5080
:1083000084F82A50C1714EF280112069CEF200012A
:10831000C571E560206890F91100430900F01F0263
:10832000012000FA02F241F82320BFF34F8FBFF380
:108330006F8F226892F90E20530902F01F0200FA93
:1083400002F241F82320BFF34F8FBFF36F8F2268F3
:1083500092F91020530902F01F0200FA02F241F8CC
:108360002320BFF34F8FBFF36F8F226892F90F2046
:10837000530902F01F0200FA02F241F8232043F2EF
:108380000402BFF34F8FBFF36F8FEFF3108580F3BD
:1083900010882168C4F2200209781368C1F109012C
:1083A000884001211843106010681E2001F0A4FECF
:1083B00085F310880020B0BDF0B50269002313706A
:1083C000402302691370026913785B06FCD5C02351
:1083D00013700268036908254EF6185C526ACEF2E3
:1083E000000C127942F0E0021A7402680369526AC2
:1083F000D27842F0E0025A7402680369526A9278B5
:1084000062F306159D7002680569526A1378527806
:10841000012B5FEA1F9343EA420242F00402EA7032
:10842000026844F24025C0F20F0503695268AA426F
:108430004FF0770208BF6FF008025A7100230269FB
:108440009371B3230269D3714EF2001291F9114076
:108450004B7BCEF20002002C4FEA031303D4151914
:1084600085F8003304E004F00F05654405F8043C8A
:1084700044F2D83E4CF20033C2F2002EC4F20003A4
:1084800001274EF8240053F8245025F4803543F892
:10849000245053F82450650904F01F04BFF35F8F84
:1084A00002EB850607FA04F4C6F8804142F825403D
:1084B00091F90F404D7B002C4FEA051503D4161996
:1084C00086F8005304E004F00F06664406F8045CE6
:1084D0004EF8240053F8245025F4803543F82450F6
:1084E00053F82450650904F01F04BFF35F8F02EBBB
:1084F000850607FA04F4C6F8804142F8254091F950
:1085000010404D7B002C4FEA051503D4161986F850
:10851000005304E004F00F06664406F8045C4EF8CD
:10852000240053F8245025F4803543F8245053F8A0
:108530002450650904F01F04BFF35F8F02EB85062A
:1085400007FA04F4C6F8804142F8254091F90E403C
:10855000497B002C4FEA011103D4171987F8001347
:1085600005E004F00F0505EB0C0707F8041C4EF8B6
:10857000240004F01F0753F82410012621F4803151
:1085800043F8241053F82410610906FA07F7BFF3E3
:108590005F8F02EB8103C3F8807142F821709F2145
:1085A00000690170F0BDD4D490F808C0C0E905128C
:1085B000BCF1010F09D190F804C04FF48071A0F80C
:1085C000251043EA4C0180F8241010B581B04EF21A
:1085D000200180F82930C4F2010109680091009956
:1085E00001F00F210091DDF800E0DDF800C0016925
:1085F0000B7C90F82C40BCB9CEF30322A2EB1C629A
:1086000003FA02F2042A09D3920800BF00BF00BF98
:1086100091F90130002B04D5013AF9D1082001B0BD
:1086200010BD0022CA7182690021C0E9072190F8BB
:10863000262080F8281080F8272080F82B1080F85A
:108640002D1080F82E1080F82F1080F8301001685F
:10865000496A0A784B7891F805C08C79012A5FEA5B
:108660001F9242EA4302036942EA0C1242EAC41230
:1086700042F00402DA700269137943F010031371B7
:108680000269137903F0F70313710269137903F098
:10869000EF0313710269C979137903F07F0343EA89
:1086A000C111117101694A7942F001024A710168F0
:1086B00091F90F1000290BD401F01F02012303FAD6
:1086C00002F24EF200134909CEF2000343F82120D2
:1086D00001694A7A02F0F3024A720169BF22CA7143
:1086E00090F82C1019B1002180F82C1002E00069DC
:1086F00002214170002001B010BDD4D4D4D4D4D410
:1087000010B582B04FF07041EFF3038001EB0060D1
:108710004CF200328015C4F20002835823F48033F7
:1087200083508058EFF3038001EB006044F2D831AE
:108730008015C2F200210C5894F82D0078B1E06940
:10874000002800F0C8802168496AC97901293FD111
:10875000A06B58B3D0E90012CDE9001227E0A06960
:10876000022804D82069017941F040010171E069D3
:1087700001280ED12069017941F0100101712069B1
:10878000017941F0080101712069017901F0EF01DF
:1087900001712068406AC07901287CD1A06B002853
:1087A00068D0D0E90012CDE9001264E06846E16BC0
:1087B000016005210171616B8847A06B00281CBF17
:1087C000DDE90012C0E90012002084F82B00E06906
:1087D000012819D0022807D003286FD12069017918
:1087E00041F04001017169E02069017941F0100117
:1087F00001712069017941F0080101712069017955
:1088000001F0EF01017159E094F82A0001284DD1DF
:1088100020684EF28013CEF2000390F90F00420957
:1088200000F01F01012000FA01F143F82210BFF30C
:108830004F8FBFF36F8F2169CA7942F08002CA71EE
:1088400021690A7942F010020A7121690A7902F05D
:10885000F7020A7121690A7902F0EF020A712169AF
:1088600004224A7021694A7902F0FE024A7184F8B2
:108870002C0023E06846E16B016005210171616B0A
:108880008847A06B00281CBFDDE90012C0E9001278
:10889000002084F82B002069C07C8DF800009DF832
:1088A0000000012084F82D0002B010BD2069417A3B
:1088B00001F0F7014172206908214170D4E90401F7
:1088C000C07C226A8854D4E90701013801F1010112
:1088D000C4E9070101D002B010BD2069017901F09F
:1088E000BF01017102B010BDB0B582B04FF0704150
:1088F000EFF3038001EB00604CF200358015C4F209
:108900000005425922F4803242514059EFF303806E
:1089100001EB006044F2D8318015C2F200210C58FE
:1089200094F82700D8B194F82600032807D194F8CA
:108930002800022803D194F83000002843D0206991
:1089400094F82410817494F8280094F827100130CA
:1089500084F82800481E84F8270002B0B0BD94F8BF
:10896000290080BB2068406AC07901281CD194F896
:108970002B00C8B9206AB8B1A06B20B1D0E90012B1
:10898000CDE9001200E06846E16B0160052101714C
:10899000616B8847A06B00281CBFDDE90012C0E9AD
:1089A0000012002084F82B00E06970B1D4E90401C2
:1089B000226A895C8174D4E90701013801F101015F
:1089C000C4E9070101D002B0B0BD2069C17901F04E
:1089D0007F01C17120696FF0BE0100BF00BF00BF01
:1089E00090F90720B2F1FF3F03DC002901F10101FA
:1089F000F6D1206890F9100055F8201021F480314C
:108A000045F8201055F82000206890F91000002843
:108A10000BD44EF2802300F01F014009CEF2000378
:108A2000012202FA01F143F820102069C17941F0D6
:108A30004001C17102B0B0BD10B582B04FF07041BD
:108A4000EFF3038001EB006044F2D8318015C2F2ED
:108A500000210C582068406AC079012817D1A06B0A
:108A600020B1D0E90012CDE9001200E06846E16BC8
:108A7000016005210171616B8847A06B00281CBF54
:108A8000DDE90012C0E90012002084F82B0094F800
:108A90002900012806D194F82700012802D194F872
:108AA000300080B3E06970BB94F82A00012822D11D
:108AB00020684EF28013CEF20003012290F90F00DD
:108AC00000F01F01400902FA01F143F82010BFF342
:108AD0004F8FBFF36F8F2069C17941F08001C17161
:108AE0002069042141702069417901F0FE01417142
:108AF00084F82C2007E02069417A01F0F7014172E7
:108B00002069082141702069C17901F0BF01C1715C
:108B100020696FF0BE0100BFC279520603D500295B
:108B200001F10101F8D14FF07041EFF3038001EB47
:108B300000604CF200318015C4F20001425822F46A
:108B400080324250405802B010BDD4D4D4D4D4D4D2
:108B500070B582B04FF07041EFF3038001EB00601D
:108B600044F2D8318015C2F200210C5821694A7AAA
:108B70004B7A02F01F0002F003020F2803F0E0031B
:108B80004B7201D83AB92DE021694B785B0658BF8A
:108B900042F001021AB3012584F82B502069002607
:108BA000C67120462168FFF707FC94F82600A169EA
:108BB00084F828002069C4E90761B32184F82C6097
:108BC00084F82A60C171A06B20B1D0E90012CDE910
:108BD000001200E06846E16B0160057158E04A78D8
:108BE000520611D4010706D494F82C20012A31D161
:108BF00010F004022ED0E06910B994F82B00A8B34D
:108C0000002919D4012138E0012084F82B00082024
:108C1000487020682369406A41790278807942EA85
:108C2000011141EAC01040F00200D870206941797A
:108C300041F00101417137E00020A169C4E9070159
:108C400094F8261084F82810012184F82C0084F868
:108C50002A000FE0400727D52068406AC079012824
:108C600022D10421204600F033F81DE094F82900B9
:108C700080F003012069B322C271A06B20B1D0E95A
:108C80000023CDE9002300E06846E26B0260017139
:108C9000616B8847A06B00281CBFDDE90012C0E9AA
:108CA0000012002084F82B004FF07041EFF3038096
:108CB00001EB00604CF200318015C4F20001425813
:108CC00022F480324250405802B070BDD4D4D4D483
:108CD00010B582B00446806B20B1D0E90023CDE905
:108CE000002300E06846E26B02600171616B884717
:108CF000A06B00281CBFDDE90012C0E900120020B3
:108D000084F82B0002B010BDF0B591F902304CF29E
:108D1000003CC4F2000C03714FF0000E3C245CF8E0
:108D200023704CF823E08B688360CB68C3600B78BA
:108D3000C325C0F24005437104EA930402461C4473
:108D400065F31F2449F60055CFF6FF7504F805E0DA
:108D50000B794879CE78C00140EA03103043605562
:108D600092F904004CF8207092F9040000280CD409
:108D70004EF2004344F2D8374978CEF20003C2F2F3
:108D800000270901C15447F8202044F25531002042
:108D9000C0F249011160F0BD90F904004CF20031BD
:108DA000C4F200014EF2001CCEF2000C51F820205B
:108DB00022F4803241F8202051F82010410900F0BF
:108DC0001F0001220CEB810302FA00F0BFF35F8F5A
:108DD000C3F880014CF8210000207047D4D4D4D4CB
:108DE00090F904004EF28013CEF20003012200F04D
:108DF0001F01400902FA01F143F820100020BFF3DF
:108E00004F8FBFF36F8F704703460020C3E90212F4
:108E10007047D4D4D4D4D4D4014690F904000028A7
:108E200018D44EF2801C00F01F024009CEF2000C54
:108E3000012303FA02F24CF82020BFF34F8FBFF357
:108E40006F8F91F9040044F2D832C2F2002200235D
:108E500042F82030002000220A607047D4D4D4D4D5
:108E600070B582B04FF07041EFF3038001EB006109
:108E700044F2D8328815C2F200223C234CF200346E
:108E80001058C4F200040D16427903EA92031A4402
:108E9000C323C0F2400363F31F2249F60053CFF609
:108EA000FF73D25C02F00306032E07D054F825109E
:108EB00021F4803144F8251054F82510816829B137
:108EC0004279C0680090684601928847032E07D116
:108ED00054F8250020F4803044F8250054F825008B
:108EE00002B070BDD4D4D4D42DE9F04381B00D4686
:108EF000097C044601220D295FEA9F9002FA01F1E4
:108F0000E16065602074287C42F20001C4F2320105
:108F100000274FF0004801EB0020A0606869606105
:108F2000A869E06143F61070A761C4F23200EE69EF
:108F30000260EFF3108982F31088287C011F28FA61
:108F400000F006296FF0006151EA30A043F21001F1
:108F5000C4F220010A681040086008681E20012140
:108F600001F0CAF889F310884FF42541A0684FF04A
:108F7000060E0160A068C762A068C763A068876426
:108F8000287A2978A268C0050329696808BF00F516
:108F90008030D0620139A068C0F81080A068C0F8A5
:108FA0001480A068C0F81880A0684762A068876233
:108FB000A068B269C261A068F2690262A0688166B5
:108FC000A06841666168D6F850C0C969F64601F1EB
:108FD000300207E000BF00BF01370432BEF1010ECE
:108FE00000D112E091F84830FB40DB07F4D03B465B
:108FF000042F08BF0323032F08BF0423A06800EB3E
:1090000083001368013BC364E6E7287C0D2802D87F
:10901000A06800214164A06800218163A068C0F8B5
:109020008810306D40B996F8200096F82110400362
:1090300040EA41704CEA000C96F84800A16800280C
:109040004FF4A00008BF4FF4AA000864A068C0F85D
:1090500034C044F2D83C96F8540096F85510A268F3
:10906000C2F2002C4901D36A41EA001003211843DF
:10907000D062A06801230163A0680363D4E9020100
:10908000C1604EF2001095F912704CF20031CEF230
:109090000000C4F20001002F1AD46D7CC2192D010A
:1090A00082F800534CF8274051F8272022F48032F0
:1090B00041F8272051F827207A0907F01F07BFF34E
:1090C0005F8F00EB8205BB40C5F8803140F822304D
:1090D00096F92830002B1DD496F82220C7180125B8
:1090E000120187F800234CF8234051F8232022F482
:1090F000803241F8232051F823205A0903F01F033E
:10910000BFF35F8F00EB820705FA03F3C7F88031E6
:1091100040F8223096F92930002B1DD496F82320F0
:10912000C7180125120187F800234CF8234051F895
:10913000232022F4803241F8232051F823205A09B9
:1091400003F01F03BFF35F8F00EB820705FA03F301
:10915000C7F8803140F8223096F92A30002B1DD410
:1091600096F82420C7180125120187F800234CF82F
:10917000234051F8232022F4803241F8232051F873
:1091800023205A0903F01F03BFF35F8F00EB820710
:1091900005FA03F3C7F8803140F8223096F92B30F6
:1091A000002B1DD496F82520C7180125120187F839
:1091B00000234CF8234051F8232022F4803241F858
:1091C000232051F823205A0903F01F03BFF35F8FB8
:1091D00000EB820705FA03F3C7F8803140F822302C
:1091E00096F92C30002B1DD496F82620C71801259F
:1091F000120187F800234CF8234051F8232022F471
:10920000803241F8232051F823205A0903F01F032C
:10921000BFF35F8F00EB820705FA03F3C7F88031D5
:1092200040F8223096F92D30002B1DD496F82720D7
:10923000C718120187F800234CF82340012751F882
:10924000232022F4803241F8232051F823105909B9
:1092500003F01F03BFF35F8F00EB810207FA03F3F4
:10926000C2F8803140F8213045F254010020C0F2AC
:109270004701216001B0BDE8F083D4D4D4D4D4D464
:10928000D0E9021200204A607047D4D4D4D4D4D498
:10929000D0E9021200208A607047D4D4D4D4D4D448
:1092A000D0E902120020CA607047D4D4D4D4D4D4F8
:1092B00080B5D0E9011EC969D1E901C3CA6843F08C
:1092C0000043CEF8143042F0004283689A614CF0BB
:1092D00000438268136182680B69536282680020D0
:1092E0004969916280BDD4D481684FF000420A611F
:1092F00081684A6181688A61002281684A62816866
:1093000000208A627047D4D48268013991668268ED
:10931000D36ADB0703D15166D0E90201C1600020A6
:109320007047D4D4D4D4D4D406207047D4D4D4D461
:109330001346042A08BF0323032AA1F1010108BF31
:109340000423806800EB83020020D1647047D4D4EA
:109350008268526E01328A608068D0F82CC04EF26A
:109360002000C4F201000368808843EA000200F094
:109370000F00120703F00F0208D444F23043C2F288
:1093800000231B6803FA00F0D0401EE070B500F027
:10939000070E032544F2304605FA0EF44FF0010E95
:1093A000C2F20026082838BF0EFA00F403F00700C6
:1093B0001B0705FA00F0356805FB04F358BF0EFAE9
:1093C00002F0B3FBF0F0BDE87040CCF3C352D040E4
:1093D0004860002001220A707047D4D4D4D4D4D479
:1093E0008268D26A02F001020A7182680020926CDF
:1093F0000A607047D4D4D4D4844641610020CCE9BB
:1094000006327047D4D4D4D4B0B543684EF2801E2F
:1094100044F2D83CCEF2000E93F91210DB69C2F28E
:10942000002C00290ED44A0901F01F04012505FA79
:1094300004F44EF82240BFF34F8FBFF36F8F00222A
:109440004CF8212093F9281000290ED44A0901F084
:109450001F04012505FA04F44EF82240BFF34F8F94
:10946000BFF36F8F00224CF8212093F929100029B7
:109470000ED44A0901F01F04012505FA04F44EF840
:109480002240BFF34F8FBFF36F8F00224CF8212093
:1094900093F92A1000290ED44A0901F01F0401256E
:1094A00005FA04F44EF82240BFF34F8FBFF36F8FDD
:1094B00000224CF8212093F92B1000290ED44A09E0
:1094C00001F01F04012505FA04F44EF82240BFF311
:1094D0004F8FBFF36F8F00224CF8212093F92C108F
:1094E00000290ED44A0901F01F04012505FA04F4ED
:1094F0004EF82240BFF34F8FBFF36F8F00224CF81E
:10950000212093F92D1000290ED44A0901F01F03E0
:10951000012404FA03F34EF82230BFF34F8FBFF358
:109520006F8F00224CF82120D0E902120023036043
:109530008A60816800204B63B0BDD4D4D4D4D4D425
:1095400010B584B04FF07041EFF3038001EB006180
:109550004CF2003E8A15C4F2000E44F2D83452F8A0
:109560000E30C2F2002423F4803342F80E3052F859
:109570000E30A45862681378012B40F0AE80D4E915
:1095800002300916D2694EF2802C98600023A06840
:10959000CEF2000C8364A068C364A0680365012355
:1095A0005EF8210020F480304EF821005EF82100A2
:1095B000480901F01F01BFF35F8F03FA01F14CF876
:1095C000201092F84830D80717D092F928100029B7
:1095D00013D45EF82100012320F480304EF82100DE
:1095E0005EF82100480901F01F01BFF35F8F03FA05
:1095F00001F14CF8201092F84830980715D592F9EF
:109600002910002911D45EF82100012320F48030B4
:109610004EF821005EF82100BFF35F8F480901F08A
:109620001F0103FA01F14CF8201092F92A100029C9
:1096300011D45EF82100012320F480304EF821007F
:109640005EF82100BFF35F8F480901F01F0103FAA4
:1096500001F14CF8201092F92B10002911D45EF87A
:109660002100012320F480304EF821005EF8210013
:10967000BFF35F8F480901F01F0103FA01F14CF8B5
:10968000201092F92C10002911D45EF8210001233A
:1096900020F480304EF821005EF82100BFF35F8F88
:1096A000480901F01F0103FA01F14CF8201092F96A
:1096B0002D10002911D45EF82100012220F4803001
:1096C0004EF821005EF82100BFF35F8F480901F0DA
:1096D0001F0102FA01F14CF820106069A8B1A069DD
:1096E00030B10DF1040C90E80E008CE80E0000E0A3
:1096F00001A8002101718160E16901606169884709
:10970000A06910B101AB0ECB0EC004B010BDD4D413
:109710002DE9F04381B00D4649684560044608785C
:109720004AF20006C4F200064FF000084FF00109AB
:1097300006EB8010A060C868E0604869606143F291
:109740000000C4F81080C4F22000EFF3108789F302
:109750001088016821F48001016000681E20012149
:1097600000F0CAFC87F3108886F8009886F8108805
:109770002046296800F0CCF844F243110020C4F2DE
:109780004D41216001B0BDE8F083D4D4D4D4D4D409
:1097900010B5044600F0BCF8A168002001220A7749
:1097A00010BDD4D4D4D4D4D480B582B00191009269
:1097B00041684CF2802CC4F2000C4FF0000E496856
:1097C0000A784CF822E0826882F81CE00A7849891D
:1097D0004CF82210816881F81DE0019911B10199BE
:1097E00082681160009911B10099826851608168A6
:1097F0000A8AB2F5804F4FF00C0238BF08228B5016
:109800000122816800200A7702B080BDD4D4D4D46C
:109810008168002001220A777047D4D4D4D4D4D4EC
:1098200041684CF2802CC4F2000C002349680A788D
:109830004CF82230826813770A7849894CF8221054
:10984000816800204B777047826809010020013150
:1098500051777047D4D4D4D48168002000224A774D
:109860007047D4D4D4D4D4D44FF480628A604FF4F7
:1098700080320A608268138AD2684A600022806857
:10988000B2EB933F806880B2C86002D14FF6FF70A0
:10989000886000207047D4D4014640684CF2802C88
:1098A00000224068C4F2000C03784CF823208B6837
:1098B0001A77C368EBB1B0B590F901304EF280155C
:1098C000CEF200054FF0010E03F01F0C5B090EFAFB
:1098D0000CF445F8234044F2D833BFF34F8FBFF365
:1098E0006F8F90F90100C2F2002343F82020BDE8F9
:1098F000B04000200A60704706207047D4D4D4D40A
:1099000003460020D9605A617047D4D4D4D4D4D44B
:109910002DE9F04F81B042684CF28029C4F2000971
:10992000002752684CF2C004137849F8237083680A
:109930001F771378568949F823604FF0FF36836804
:109940005F774FF440730D684FF4404703EA1553B7
:10995000B1F80EC007EA154706EB95763B44022E98
:109960000DD84CEA0C47B1F80CE0022E27F0FC2C85
:1099700009D04FF4805606EA1526334303E043F43A
:1099800000534FF0000EC668578904EA153B009754
:10999000D6B14FF01C08AF0FAC024EF2001A58BF00
:1099A0004FF0100892F90150022F9778CEF2000A7A
:1099B00088BF4FF01008002D4FEA07170CD40AEBB0
:1099C000050686F8007311E04FF00008B5F1404F2E
:1099D0002ED2002500274EE074464EF6145E05F0A8
:1099E0000F06CEF2000E06F80E70A64644F2D837E7
:1099F00009EB8506C2F20027012447F82500D6F8B6
:109A0000807027F48037C6F88070D6F880706F09B0
:109A100005F01F05BFF35F8F0AEB870604FA05F513
:109A2000C6F880514AF827500D68B5F1404FD0D3A1
:109A3000B1F80C9005F04066CF89B6F1806F03D184
:109A40004BF4005BCA4601E0B2F808A005F44026DA
:109A5000B6F5802F08BF01274E68856807FB09F718
:109A60002E624AEA0A458E688468C7EA074708BF3B
:109A70004BF0200B66628668B5628668F76287687D
:109A8000A7F814B08768009C002C18BF43F00103AE
:109A90003B824B6887683B6089688368596081684E
:109AA000C1F808C08168C1F80CE0816852688A6119
:109AB000806880F8138001B0BDE8F08FD4D4D4D48E
:109AC00010B582B04FF07041EFF3038001EB0060FE
:109AD0004CF200318015C4F20001425822F4803269
:109AE000425044F2D8324158C2F200221458E16880
:109AF0006069019001A88847A068C16800291CBF5F
:109B00000121017702B010BD4EF22401C4F201011F
:109B10008878098801F00F02A2F1080103293BD8D7
:109B2000DFE801F0022C101E40F2A061C2F2002119
:109B300051F820004AF6AB21CAF6AA21A0FB010188
:109B4000480830E040F2A061C2F2002151F8200044
:109B50004AF6AB21CAF6AA21A0FB0101C80822E0FF
:109B600040F2A061C2F2002151F820004AF6AB2178
:109B7000CAF6AA21A0FB0101080914E040F2A06185
:109B8000C2F2002151F820004AF6AB21CAF6AA2100
:109B9000A0FB0101880806E040F2A061C2F20021AA
:109BA00051F82000D04044F23041C2F20021086058
:109BB0007047D4D4D4D4D4D4D4D4D4D4D4D4D4D456
:109BC0002DE9F0470FF278404EF2FA3840F2A066E5
:109BD000C4F201084AF2015190ED001FC2F20026C2
:109BE0000FF26C40CFF6FF714EF255050231A8F826
:109BF000001086ED001F06F12003C4F2010590ED70
:109C0000001F44F2553040F2AA21C1F2DE3043F683
:109C1000000286ED041FC0F6E571C1F69C4207C341
:109C200015F82F0C35F8311C01F00F02A2F10801D4
:109C300003292BD8DFE801F002200C164AF6AB21ED
:109C400056F82000CAF6AA21A0FB0101480820E02E
:109C50004AF6AB2156F82000CAF6AA21A0FB010162
:109C6000C80816E04AF6AB2156F82000CAF6AA2129
:109C7000A0FB010108090CE04AF6AB2156F82000D0
:109C8000CAF6AA21A0FB0101880802E056F82000CC
:109C9000D04044F2304A4EF60044C2F2002AC4F2E8
:109CA00001040A214EF60147CAF800004FF6506041
:109CB000CFF6FF70C4F201072154092085F84D004A
:109CC000207818B93878800700F0B081207850B932
:109CD00001202070C820012100F00EFA00BF00BF53
:109CE00020780128FCD10020387020704AF20159F8
:109CF000002005F8230C00BF15F8190C0007FBD550
:109D000042F602314EF61450C0F20101C5F873104C
:109D100040F2834125F8071C002205F80B2C4FF672
:109D20000211C5F8571040F2415125F8091CCEF236
:109D300000004EF20001BFF34F8FBFF36F8F036837
:109D4000CEF2010123F400330360C0F83C22BFF3DC
:109D50004F8FBFF36F8F0A6822F440520A60BFF33F
:109D60004F8FBFF36F8F15F8412C02F0F8020132CC
:109D700005F8412C00BF00BF15F8412CD206FBD4DA
:109D80000A6842F440520A60BFF34F8FBFF36F8FEF
:109D90000168890312D4BFF34F8FBFF36F8F002187
:109DA000C0F83C12BFF34F8FBFF36F8F016841F4CF
:109DB00000310160BFF34F8FBFF36F8F002005F8B4
:109DC0002B0C00BF00BF00BF15F8190C8006FBD597
:109DD0004CF200040020C4F2130420702078207894
:109DE00020786068FA2807D0FA20C1F6006000BF2A
:109DF00060606168FA29FBD1A0687D2808D07D20C9
:109E0000CEF2001000BF00BFA060A1687D29FBD189
:109E100043F23240C3F2232045F8350C42F22010C1
:109E200025F8310C052005F82F0C15F82F0C35F806
:109E3000311C01F00F02A2F1080103292BD8DFE841
:109E400001F002200C164AF6AB2156F82000CAF6A3
:109E5000AA21A0FB0101480820E04AF6AB2156F8F0
:109E60002000CAF6AA21A0FB0101C80816E04AF6A4
:109E7000AB2156F82000CAF6AA21A0FB010108096F
:109E80000CE04AF6AB2156F82000CAF6AA21A0FB46
:109E90000101880802E056F82000D040CAF800000E
:109EA0001E200121012700F027F960686FF39F2031
:109EB000652828BF277015F82F0C35F8311C01F0E4
:109EC0000F02A2F1080103292BD8DFE801F00220DC
:109ED0000C164AF6AB2156F82000CAF6AA21A0FBC0
:109EE0000101480820E04AF6AB2156F82000CAF6E6
:109EF000AA21A0FB0101C80816E04AF6AB2156F8DA
:109F00002000CAF6AA21A0FB010108090CE04AF6CC
:109F1000AB2156F82000CAF6AA21A0FB010188084F
:109F200002E056F82000D04042F20001CAF80000DA
:109F3000C4F200010120A1F80090BFF35F8F087206
:109F40004FF42540BFF35F8F088095F8850040F0FF
:109F5000400085F8850000BF95F98500B0F1FF3F0E
:109F6000FADC052085F87F00C72085F8850095F884
:109F7000850000F0BF0085F8850000BF00BF00BF6E
:109F800095F985000028FBD4012005F8020CE87F34
:109F900040F04000E87700BF95F91F00B0F1FF3FA7
:109FA000FADC0720E8754A20E8770A20E87700BF46
:109FB00095F91F000028FBD4287840F04000287055
:109FC00095F90000B0F1FF3FFADC022005F8010C22
:109FD000CA202870287800F0BF00287000BF00BF9A
:109FE00095F900000028FBD495F8220040F04000CD
:109FF00085F8220000BF00BF95F92200B0F1FF3FB5
:10A00000FADC0420A876CA2085F8220095F8220000
:10A0100000F0BF0085F8220095F922000028FBD44B
:10A020004FF42540A8F80000BDE8F0874FF47A709F
:10A0300000F016F85AE600BF00BF00BF00BF00BF27
:10A04000006CDC0200127A000080000000366E0115
:10A050000080000000CA9A3B0046C3230084D71743
:10A060007047D4D4D4D4D4D4B0B542F22404C82098
:10A07000C4F2200401210025257100F03DF825706F
:10A08000207808B12FF005C0207840F00200207041
:10A0900020788007FCD4002004F8020C00BF00BF29
:10A0A00014F8020C08B12FF005C84FF0030E002081
:10A0B00004F11C0100BF00BF11F8102002F07F0264
:10A0C00001F8102000BF00BF11F91020002AFBD4B6
:10A0D00001300FF00FC8012000F0C2F84EF64C41DD
:10A0E0000120C4F2010100220A70BDE8B04000F076
:10A0F0008BB8D4D4D4D4D4D444F2304241F2002327
:10A10000C2F20022C0F27A03484312689A420FD387
:10A1100044F23F21C0F20F0111444DF68362C4F2B4
:10A120001B32A1FB0212910CA0FB0101C9B11DE081
:10A130004CF60021C3F69A31B1FBF2F148F6381221
:10A14000C0F24102904205D24FF47A725043B0FB04
:10A15000F1F006E0B0FBF1F0904207D24FF47A71D3
:10A160004843002808BF704700F006B84FF0FF30A2
:10A1700000F002B8D4D4D4D401380028FCD1704700
:10A18000F0B581B04CF2201544F28037C4F20005DE
:10A190000024C2F2002755F8200C296801EA0006C5
:10A1A00006E000BF00BF00BF01340437152C09D002
:10A1B00026FA04F0C007F7D039680029F4D0204609
:10A1C0008847F1E745F8106C28683042FCD101B0AF
:10A1D000F0BDD4D4D4D4D4D480B54FF0130E4CF207
:10A1E00000304DF25C71C4F20000C0F2002100BFEB
:10A1F00031F8022B002A18BF026004300FF009C0AA
:10A2000080BDD4D4D4D4D4D4EFF31081012282F30E
:10A21000108844F22442C2F2002232F8103023B1F6
:10A2200032F81030013B22F8103032F8102012B111
:10A2300081F3108870474EF2FA324DF6FC2CC4F2CE
:10A240000102C0F2002C13883CF8100043F42543AF
:10A2500023EA0000108081F310887047D4D4D4D44E
:10A2600010B5EFF31081012282F3108844F22442EA
:10A27000C2F2002232F8103083B94EF2FA3E4DF6A7
:10A28000FC2CC4F2010EC0F2002CBEF800403CF8D9
:10A290001030234343F42543AEF8003032F8103039
:10A2A000013322F8103081F3108810BDD4D4D4D4F7
:10A2B00000F00AF8F7F718FFFEE7D4D4D4D4D4D4CA
:10A2C00000BE7047D4D4D4D42DE9F04381B04EF60B
:10A2D000085840F20120CEF20008C0F20E004EF203
:10A2E0000004C8F80C00CEF20104BFF34F8FBFF397
:10A2F0006F8F58F8081CC1F3035001285FEA1F92C2
:10A3000011F00F0F5FEA0F911142216811D102285D
:10A310000FD241F0040020604EF20800BFF34F8FCF
:10A32000CEF20000BFF36F8F016841F4803101600D
:10A3300002E021F004002060BFF34F8FBFF36F8F66
:10A340004FF4700040F20001C8F880000020C0F215
:10A350000021C8F80010F7F773FDFFF731FC4EF24B
:10A36000FA304AF20251C4F20100022201804EF694
:10A37000B021C4F201010A704FF42541018001208F
:10A38000F7F75EFD40F2A020C2F2002080F30A88B9
:10A390002068800724D5D8F80000B0F1007F1FD1D5
:10A3A00020694FF40071C0F3C300626901FA00F341
:10A3B000C2F3C30081400020DA08CB0801460746FB
:10A3C00042F007C000BF00BFE7E802010FF005C080
:10A3D0004FF0005243F005C0E2E802010FF005C063
:10A3E0004DF6D004C0F20024276897B160683E465D
:10A3F000051D05E000BF00BF013E05F10C0508D0BA
:10A4000068790028F8D155E90101091A00F06CFAC1
:10A41000F2E7D4F80890B9F1000F13D0E0684E4687
:10A4200000F1080504E000BF013E05F1100509D068
:10A4300068790028F8D155E902022968121A00F05B
:10A4400057FAF1E7FFF760FBFFF70EFE0320FFF777
:10A4500007FF4FF00E0E40F63050C4F240000021CE
:10A4600020F8041B0FF005C04EF210150320C4F2B3
:10A470000105FFF7C9FE0320FFF7F2FE44F20400D6
:10A480000021C4F22000016041608160C1600320AE
:10A49000FFF7BAFED5F8C802800714D42878A0B117
:10A4A0000120FFF7DDFE00BF95F9000010F1410F1C
:10A4B000FADC0020287000BF28783F28FCD8012053
:10A4C000FFF7A2FE01E0D5F8C802D5F8C8024007A0
:10A4D00015D42879A8B10120FFF7C2FE00BF00BF44
:10A4E00095F9040010F1410FFADC0020287100BF3B
:10A4F00028793F28FCD80120FFF786FE01E0D5F837
:10A50000C8020220F7F79CFCA7B160684FF4807680
:10A51000051D05E000BF00BF013F05F10C0509D096
:10A520006879B6EB002FF7D155E90101091A00F05F
:10A53000DBF9F1E7B9F1000F16D0E0684FF4807550
:10A5400000F1080405E000BFB9F1010904F11004AD
:10A550000AD06079B5EB002FF6D154E902022168E8
:10A56000121A00F0C5F9EFE744F23844C2F20024B1
:10A57000204600F0AEFA204600F0C3FABFF34F8F3A
:10A58000BFF36F8F0020C8F848024DF698604DF673
:10A590009C61C0F20020C0F20021BFF34F8F081A67
:10A5A000BFF36F8F8410012C0BDB4DF69865C0F262
:10A5B000002500BF00BF00BF55F8040B8047013CD9
:10A5C000FAD1FFF709FE002001B0BDE8F04300F02A
:10A5D00003B8D4D4D4D4D4D47047D4D440B584B040
:10A5E00002AE009600F004F8029A039B04B040BD4E
:10A5F000B0B584B00D4602A980EAE57000911C4612
:10A6000082EAE37285EAE571B0EBE57061EBE57132
:10A6100083EAE373B2EBE47263EBE47300F017F8E0
:10A62000DDE90223DDF820C083EAE57382EAE57202
:10A63000B2EBE57263EBE573CCE90023E21782EA43
:10A64000E57250405140801A914104B0B0BD2DE9EF
:10A65000F04F099D844681B1C2B14BB3B1FA81F785
:10A66000B3FA83F6F71B202F4FD3002D18BFC5E98F
:10A6700000C100200021BDE8F08FCBB30021002DE8
:10A6800064D00020C5E900C1BDE8F08F002B60D088
:10A69000002861D05F1E3B4200F08580B1FA81F74F
:10A6A000B3FA83F6F71B1F2FDFD207F1010C3CE052
:10A6B000571E3A425DD0B1FA81F7B2FA82F6F71B23
:10A6C00007F1210CBCF1200F24D0BCF11F0F79D869
:10A6D000CCF1200620FA0CF721FA0CF901FA06F564
:10A6E000B0403D434FF0000ABCF1010F2CD07CE09C
:10A6F000B0FBF2FC002D1EBF0CFB12000021C5E9CF
:10A70000000100216046BDE8F08F07F1010CBCF1AB
:10A71000200F0AD14FF000094FF0200C0D464FF0EA
:10A72000000ABCF1010F0FD05FE0C7F11F0720FA4C
:10A730000CF621FA0CF901FA07F5B84035434FF051
:10A74000000ABCF1010F50D100248FE00020BDE8C9
:10A75000F08F6046BDE8F08FB1FBF3FC002D1EBF0B
:10A760000CFB13100021C5E9001000216046BDE874
:10A77000F08F002D1EBF00230740C5E90073012A9A
:10A780000ED092FAA2F24F00B2FA82F202F01F0348
:10A79000D140D8401F23934307FA03F343EA000C48
:10A7A0006046BDE8F08F002D1CBF07EA0100C5E937
:10A7B00000C093FAA3F0B0FA80F021FA00F0002173
:10A7C000BDE8F08FACF12007CCF140044FF0000958
:10A7D00020FA07F601FA04F52E4300FA04FA21FAEA
:10A7E00007F53046BCF1010FAED02CF00107012671
:10A7F000023F4FF0000B06EB570E4FEA490444EAC4
:10A80000D5746D0045EAD0754000E743E9438918E7
:10A8100043EB0708AF1A64EB0306B8F1000F56EAE2
:10A82000448457EA4585640044EAD5746D0045EADE
:10A83000D07540EADA70AE1A6FEA050164EB0307DF
:10A8400089184FEA40006FEA0401594157EA4489E8
:10A8500056EA4585CC0F4BEA4A010027A34640EA59
:10A86000D170490041EAD87A0FF039C85FEACC715B
:10A870001ED06F004FEA490147EAD07741EAD5710F
:10A88000B7EB020C4FEA400061EB030EFD43521997
:10A890006FEA010653EB060240EADA705EEA41898C
:10A8A0005CEA4785D10F44EA4A0200270C469246EB
:10A8B0004FEADA7141EA400009994FEA4A02002959
:10A8C00018BFC1E9005940EA070122F00100204306
:10A8D000BDE8F08F40B584B002AE0096FFF7B7FE3A
:10A8E000029A039B04B040BD0A46002100F076B8EE
:10A8F000844641EA000313F0030349D1403A23D3CD
:10A900000B6803604B6843608B688360CB68C360EF
:10A910000B6903614B6943618B698361CB69C361D7
:10A920000B6A03624B6A43628B6A8362CB6AC362BF
:10A930000B6B03634B6B43638B6B8363CB6BC363A7
:10A9400040304031403ADBD230320BD30B680360E9
:10A950004B6843608B688360CB68C36010301031F4
:10A96000103AF3D20C3205D351F8043B40F8043BC3
:10A97000043AF9D2043208D0D2071CBF11F8013BC7
:10A9800000F8013B01D30B8803806046704700BF8D
:10A99000082A13D38B07B1D010F00303AED0C3F154
:10A9A0000403D21ADB071CBF11F8013B00F8013B7E
:10A9B000A4D331F8023B20F8023B9FE7043AD9D3F5
:10A9C000013A11F8013B00F8013BF9D20B78037012
:10A9D0004B7843708B7883706046704770B48407FF
:10A9E00046D0541E002A41D0CDB2034602E0621E7A
:10A9F000E4B3144603F8015B9A07F8D1032C2ED96F
:10AA0000CDB245EA05250F2C45EA054519D926465C
:10AA100003F11002103E0F2E42F8105C42F80C5C5D
:10AA200042F8085C42F8045C02F11002F2D8A4F18A
:10AA3000100222F00F0204F00F041032032C134412
:10AA40000DD91E462246121F032A46F8045BFAD887
:10AA5000221F22F00302121D134404F003042CB140
:10AA6000C9B21C4403F8011BA342FBD170BC704760
:10AA700014460346C2E720F0030110F00300C0F1C2
:10AA8000000051F8043B00F1040C4FEACC0C6FF0CD
:10AA900000021CBF22FA0CF213434FF0010C4CEAE7
:10AAA0000C2C4CEA0C4CA3EB0C0222EA030212EA37
:10AAB000CC1204BF51F8043B001DF4D0C2F10001D8
:10AAC00002EA0102B2FA82F2C2F11F0200EBD200E6
:10AAD000704710B540F21E3140F20002C0F2002172
:10AAE000C0F200020446FFF703FF40F2000040F20C
:10AAF0000001C0F20000C0F200012044FFF7F4FEA4
:10AB000010BD40F20801C0F20001401A44F2344185
:10AB1000C2F200210860704783B080B581B08446DE
:10AB200003A80EC04DF21430C0F20020006803AA42
:10AB30006146009200F028F801B0BDE8804003B003
:10AB4000704770B505464DF21430C0F2002004681D
:10AB5000A078800714D56668287828B12146B047C8
:10AB600001350028F8D507E00A202146B047B0F1AA
:10AB7000FF3FC4BF002070BDA07840F00400A0706B
:10AB80004FF0FF3070BDD4D42DE9F04F99B081461D
:10AB900080781892800740F1B58518980027D9F879
:10ABA00004808A46179011A8821D0C92421E05301F
:10ABB00010920E900D91514611F8010B252803D0EB
:10ABC0008A4638B900F0A0BD9AF801500AF1020A8D
:10ABD000252D06D14946C04701370028EBD500F0A6
:10ABE0008BBD002200244FF0000C4FF0000B04E05E
:10ABF0001AF8015B002D00F02D811FFA8BF61F2E35
:10AC000020D8A5F1200010281ED8DFE810F015008C
:10AC10001D001D0018001D001D001D0014001D005A
:10AC20001D001D0011001D00CC001D001D00C900ED
:10AC30004BF0020B00E0DBE74BF0040BD8E74BF0E6
:10AC4000100BD5E77F2E0DD8A5F13000092840D88C
:10AC5000402E80F0A0800CEB8C014BF0200B00EB21
:10AC6000410CC5E7A5F14C002E2800F2F480DFE886
:10AC700010F08F00F200F200F200F200F200F20099
:10AC8000F200F200F200F200F200F200F200F20034
:10AC9000F200F200F200F200F200F200F200F20024
:10ACA000F200F200F200F200F200A400F2008F00C5
:10ACB000F2009D00F200F200F200F200F200F20059
:10ACC000F2002F00F200F200F200F200F2002F007A
:10ACD0008EE7A5F12400562800F2BD80DFE810F0D1
:10ACE0008600BB00BB00BB00BB00BB007400BB0008
:10ACF000BB00BB00A400BB00BB00BB00BB00BB0093
:10AD0000BB00BB00BB00BB00BB00BB00BB00BB006B
:10AD1000BB00BB00BB00BB00BB00BB00BB00BB005B
:10AD2000BB00BB00BB00BB00BB00BB00BB00BB004B
:10AD30005800BB00BB00BB00BB00BB00BB00BB009E
:10AD4000BB00BB00BB00BB00BB00BB00BB00BB002B
:10AD5000BB00BB00BB00BB00BB00BB00BB00BB001B
:10AD6000BB00BB00BB00BB006D00BB005800BB00BC
:10AD70006600BB00BB00BB00BB00BB00BB00BB0050
:10AD80005700BB00BB00BB00BB00BB0057002FE758
:10AD90004BF4207B2CE704EB840100EB410427E714
:10ADA0004BF0010B24E74BF0080B21E70BF0800080
:10ADB0004BEA800040F0800B1AE70BF480704BEAFE
:10ADC000400040F4807B13E7002A7FF411AF17980E
:10ADD0003F2E00F104011791006832D8B0F1FF3F17
:10ADE00032DD4BF0200B0022844601E712B31898A5
:10ADF000402E179017A90D986546CDF83C90C14696
:10AE000090465CEA348200F083FC1798402E42465C
:10AE1000C84600F1040117910068DDF83C9050EA43
:10AE2000358C54EA3084E3E63F2E00F26D844BF01B
:10AE3000400BDDE6624600244FF0000C4FF0000BA3
:10AE4000D6E600220446D3E64BF0280BC0F1000CF6
:10AE50000022CDE60025CDF83CC03AB1189817A9DC
:10AE600017900D9800F054FCDDF83CC0002C24EA4B
:10AE7000E47E45F0200048BF2BF0400B61281CBF4A
:10AE8000A0F16501022925D81799612801F1070170
:10AE900021F0070101F108021792A0EB050291EDE4
:10AEA000000B0A9244D15FEA4B6058BF4FF0FF3E5F
:10AEB00011A8D2B27146764600F0C8FD451C4BF48D
:10AEC000C05B4FF0700C4FF0010EE8B28642D8BF65
:10AED000461E5CE0A5F16301122900F20A810823F5
:10AEE0000026DFE811F03501130006010601060116
:10AEF00006011300060106010601060106016101B3
:10AF00005D01060106010D0106012E011FFA8BF1FC
:10AF10005FEA0B6000F10C811798021D1792006820
:10AF2000CA0540F10C81890554BF00B240B206E168
:10AF30005FEA4B6158BF4FF0060E662809D06528BE
:10AF40000FD14BF4805B76460EF10101002365249E
:10AF500011E04BF4005B0122662411217646734612
:10AF60000AE05FEA0E61A0F10204714676464FF0F6
:10AF7000000308BF0121002211A8C9B2112928BF6E
:10AF8000112100F093FF05464FF0020EA446119BDD
:10AF90009DF84800A3F10A0111F1130F38BF4FF0DB
:10AFA000020EA3F16401089111F1C70F38BF4FF0F1
:10AFB000030E0F9CC1074FD15FEA8B716FD41FFA4C
:10AFC0008BF1202202EAC10211F0040F5FEA1F9107
:10AFD00010F00C0F45D11BF4405F0493CDE906211E
:10AFE00040F02B82012E4FF0010056EA80801FFABC
:10AFF0008BF12A0600F06D810E9BEAB2134413F820
:10B00000013C302B40F006826B1E1A0621D02E46E2
:10B010000E9DDAB2154415F8015C302D40F0F9812F
:10B02000B31E1A0615D00E9DDAB2154415F8015C50
:10B03000302D40F0EE81F31E1A060AD00E9DDAB2D2
:10B04000154415F8015C302D40F0E381351F2A06C8
:10B05000D2D100250022DDE12D22002110F00C0FBD
:10B06000B9D000294FF0030050EA1090844212DD5D
:10B070000A9E0D465FEA0B7117D4041B93462020ED
:10B080004946C047002800F1378301370134F6D321
:10B0900000245A460AE000240A9E49B10FE02B2200
:10B0A000002110F00C0FDCD195E7241A294631B9A4
:10B0B00010464946C047002800F11E8301379DF81D
:10B0C00048004DF23921C0F2002100074CF61570FE
:10B0D000C0F2002050EA51852878002800F0F9825B
:10B0E000801B4946C0B2C047013701350028F3D55F
:10B0F00002E3782840F09880C5F188032E4653E09B
:10B100001798011D179100684DF2C821C0F2002167
:10B11000002851EA00855FEA4B6058BF4FF0FF3EC0
:10B120002846714600F06AFEDDF83CC0064617E08E
:10B130001798890500F18680011D17910068C117D5
:10B1400088E04FF6EF700BEA000B0A2375262BE020
:10B150001798012611AD011D179100688DF8440064
:10B160005FEA0B700ED4B4450CD9202049466446E2
:10B17000C047002800F1C082A4F1010C0137B4459A
:10B18000F3D8B4463744ACEB0604002E00F0A1829D
:10B1900015F8010B4946C047013E0028F5D5ABE242
:10B1A0004BF0100B102378264FF6F9700BEA0002D3
:10B1B0005FEA0B600B960AD41798011D1791066879
:10B1C000D1050AD5900554BFB6B2F6B205E017987E
:10B1D00091050AD4011D17910668002156EA010065
:10B1E00008BF2BF0160278D10FE00730154620F08B
:10B1F00007000246416852F8086B17922A4656EA41
:10B20000010008BF2BF0160267D100265FEA4B60F1
:10B2100062D50021012C60DA4FF6E9700BEA0001DB
:10B220000B9D480637D467E025204946C0470028D3
:10B2300000F1628228464946C047023700287FF560
:10B24000BAAC59E2073020F007010A46496852F8C3
:10B25000080B179200295A46CDF82CE048BF42F45B
:10B26000806250EA010322D080EAE17081EAE17352
:10B27000B0EBE17063EBE17111AC22F010060A2330
:10B28000224600F06DFB3146061BDDF83CC0DDF8C0
:10B290002CE0480630D54FF6FE70764500EA0100F6
:10B2A0002BDA002D08BF21F01100714626E05FEA7D
:10B2B0004B604FF0000040F19E810021012CDBDA51
:10B2C0004FF6EE70DDF83CC000EA0B00DDF82CE034
:10B2D00014E0002500229EE0002111AC3046164605
:10B2E0007546224600F03CFB3146AE46DDF83CC0D8
:10B2F000061B0B9D4806CED4084631461FFA80FB3C
:10B30000C0060AD440F206401BEA000F5FEA0F9025
:10B3100044185FEA0B7009D526E0002D4FF00100BC
:10B3200050EA009044185FEA0B701DD45FEACB70BE
:10B3300008D0B646644505DA06EB0C00A0EB040E17
:10B34000644611E064450FDACDF82CE02020494630
:10B35000C047002800F1D0810F9801340137A04286
:10B36000F4D1DDF82CE004465FEACB601BD440F258
:10B3700006401BEA000F26D05FEA8B7075464FF03F
:10B380002B0058BF20205FEA4B51494648BF2D2073
:10B39000C047002800F1B0810137AE46F34675463C
:10B3A000B64514DC1CE030204946F346C04700286F
:10B3B00000F1A28135B328464946C047002800F174
:10B3C0009B810237DE46F3467546B64508DD3020E0
:10B3D0004946C047002800F18F81013DB542F6DCA7
:10B3E0000F985E45A0EB040456EACB800744002E7C
:10B3F00000F06F8110984946805DC047013E0028EB
:10B40000F5D579E10137DE46F3467546B645DEDC13
:10B41000E6E71D46049BC90652EA508113F1040F6A
:10B4200008DB834206DA4BF4005B8B4204DAD84334
:10B430000E1802E04E1E00E00026A3F57A711FFAF6
:10B440008BF4099424055FEA8B400395CDE9011C38
:10B4500005940CD411F5FA6F70464FF0050198BFB2
:10B460000420002C58BF032101EB000C03E023EA69
:10B47000E37000F1010CDDF824B0002E079A4FF0C4
:10B4800000050B96CBF3001182F0010251EA069001
:10B490000F9983186344CB1A53EAC5841BF0090F34
:10B4A00011D10A9E84B1604475461044441A20208C
:10B4B0004946C047002800F11F8101370134F6D307
:10B4C0000024AE4600E00A9E0798CDF800E0002870
:10B4D000069805D14946C047002800F10D81013783
:10B4E000059800280ED530204946C047002800F1B5
:10B4F0000381C6F178004946C0B2C047002800F178
:10B50000FB800237099800070AD44CB12744302049
:10B510004946C047002800F1EF80013CF7D10024E4
:10B520000998800427D49DF849004946C04700285F
:10B5300000F1E2800B98012857DB2E204946C047D6
:10B54000002800F1D9800B98384400F1020B0398D1
:10B55000C5B20020471CAF4202D20C99085C00E043
:10B5600030204946C047002800F1C6800B98B842F9
:10B570003846EFD148E0049820EAE076851B0B9826
:10B58000C0F1000B0398C0B20F90701C06D12E20A2
:10B590004946C047002800F1AF8001373020002D18
:10B5A00004D40F998D42BCBF0E98405D49465E455C
:10B5B00006DDC04701350137013E0028E5D59BE097
:10B5C000C047002800F198800999781CC90640F10D
:10B5D0009180002E40F08C802E204946C047B0F16B
:10B5E000FF3F40F38980023773E00998C00604D416
:10B5F00007F1010B08E000213EE62E204946C04736
:10B60000002879D407F1020B02984946801BC0B28A
:10B61000C047002870D4049E2B204946002E48BF06
:10B620002D20C047002E48BF7642002864D40198E0
:10B6300010F5FA6F15D844F6D3504946C1F26200AE
:10B64000A6FB0005302000EB9510C0B2C0470028D3
:10B6500052D4A8094FF47A7100FB11620BF1030573
:10B6600006E008980BF10205324610F1C80F3BD8EE
:10B6700048F21F504946C5F2EB101746A2FB0006E0
:10B68000302000EB5610C0B2C047002834D47009F7
:10B69000642100FB117201354CF6CD404946CCF6D1
:10B6A000CC401746A2FB0006302000EBD600C0B20B
:10B6B000C047002820D4F008013500EB8000A7EB3C
:10B6C000400202F130004946C0B2C047002813D4FE
:10B6D0006F1C012CFFF66FAA20204946C047013796
:10B6E000013C0028F5D507E000980228D4D2E8E70D
:10B6F0000746EEE70746ECE799F8020040F0040041
:10B7000089F802004FF0FF37384619B0BDE8F08FD6
:10B71000022AB8BF70472DE9F04F42F689084FF072
:10B72000010CC0F2010804464FF0010E03E05F78FF
:10B730009C1C252F29D1234613F8015B252D01D010
:10B7400025B90AE16778A31C252F1DD11C4614F8E2
:10B75000015B252D01D025B9FFE05F789C1C252FCA
:10B7600013D1234613F8015B252D01D025B9F4E050
:10B770006778A31C252F07D11C4614F8015B252DE3
:10B78000D5D0002DD7D1E8E01C464FF0000A4FF08D
:10B790000009002604E014F8017B002F00F0A980C6
:10B7A000B346BAF11F0F0AD8A7F12005102D09D80A
:10B7B0000CFA05F515EA080F40F07C8002E0BAF1BA
:10B7C0007F0F0AD8A7F13005092D3ED80BEB8B036C
:10B7D0004AF0200A05EB4306DDE7A7F14C052E2DC4
:10B7E00000F288805E46DFE815F06700850085007E
:10B7F0008500850085008500850085008500850021
:10B800008500850085008500850085008500850010
:10B810008500850085008500850085008500850000
:10B820008500770085006700850070008500850031
:10B83000850085008500850085002F008500850036
:10B840008500850085002F00A5E7A7F12405562D6A
:10B8500000F250800026DFE805F0334D4D4D4D4D90
:10B86000324D4D4D324D4D4D4D4D4D4D4D4D4D4D3E
:10B870004D4D4D4D4D4D4D4D4D4D4D4D4D4D4D4DF8
:10B880004D4D2F4D4D4D4D4D4D4D4D4D4D4D4D4D06
:10B890004D4D4D4D4D4D4D4D4D4D4D4D4D4D3F4DE6
:10B8A0002F4D384D4D4D4D4D4D4D2C4D4D4D4D4D1C
:10B8B0002C00FFE75E466EE74AF4207AFAE76AE773
:10B8C000B9F1000F0FD1D94665E70AF080034AEAC3
:10B8D000830343F0800AEDE70AF480734AEA4303E6
:10B8E00043F4807AE6E7F3457FF455AF6327F146EA
:10B8F00000E00027B9F1000F2FD0F14524D147F027
:10B900002003612B1CBF653B022B05D80B68073356
:10B9100023F00703083313E0A7F16303102B0AD8C1
:10B92000DFE803F00C0909090909090909090909EE
:10B93000090909090C005FEA0A6309D40B6804339A
:10B940000EF1010E04460B609645FFF6F4AE04E0DE
:10B950000B685FEA8A54DAD4F1E7BDE8F04F70472C
:10B960002DE9F04703F01F06984691468A460546A2
:10B970002846514632460023FEF7ACFF044600FB42
:10B9800016500F46A0EB0801092888BF01F13700C7
:10B99000303089F80000A81B7AF1000049D3204616
:10B9A000394632460023FEF795FF054600FB164058
:10B9B0008A46A0EB0801092888BF01F13700303022
:10B9C00089F80100A01B77F1000036D328465146C4
:10B9D00032460023FEF77EFF044600FB16500F465A
:10B9E000A0EB0801092888BF01F13700303089F841
:10B9F0000200A81B7AF1000023D3204639463246C4
:10BA00000023FEF767FF054600FB16408A46A0EBC1
:10BA10000801092888BF01F13700303089F8030098
:10BA200009F10409A01B77F10000A1D24846BDE846
:10BA3000F08709F10100BDE8F08709F10200BDE8D7
:10BA4000F08709F103094846BDE8F0872DE9F04F7A
:10BA500085B05AEC103B4FEADA77CAF30A566FF317
:10BA60001F5A077153EA0A0408BF002E0ED040F295
:10BA7000FF75AE423CD10421002C18BF0821394487
:10BA800001710021084605B0BDE8F08F00270023B2
:10BA90004FF0000A0029076037D40D2937D3190F5A
:10BAA00000F1050B41EA0A110491190E4FEA1A54EC
:10BAB00041EA0A210391190D4FEA1A4641EA0A3177
:10BAC0000291190C4FEA1A3841EA0A410191190B07
:10BAD00041EA0A5C190A41EA0A6E190941EA0A793F
:10BAE0004FEA1A1103F00F034FEA1A27009180E082
:10BAF0004FF60247002ECFF6FF771CBFA6F2FF37A6
:10BB00000AF5801A00290760C7D5002146E03326D0
:10BB1000A6EB8105C5F1200613274FF0020CA7EB19
:10BB200081072CFA06F401264FF0000E002F58BFB3
:10BB30000CFA07F458BF06FA07FE06FA05F60CFAE7
:10BB400005F558BF002658BF0025D5F100094FF074
:10BB5000000868EB040C013D64F100041D4004EA98
:10BB60000A04751B7EEB040411D38C00C4F1340568
:10BB7000D4F1140423FA05F7C5F120050AFA05F5F6
:10BB800045EA070558BF2AFA04F5EC0702D09B19CD
:10BB90004AEB0E0A03EA09030AEA0C0A1F0947EAFC
:10BBA0000A791F0F1D0B47EA0A1704971F0E45EA73
:10BBB0000A5C47EA0A2703971F0D1D0A47EA0A375E
:10BBC00002971F0C45EA0A6E47EA0A4700F1050B87
:10BBD00013F00F0301974FEA1A174FEA1A544FEA6E
:10BBE0001A464FEA1A384FEA1A25009700F0B48037
:10BBF0002F46991A092B88BF01F1270303F1300161
:10BC0000817409F00F030D219D1A092B88BF05F1DE
:10BC100027030C2903F13003437498BF0C210EF065
:10BC20000F039D1A092B88BF05F127030B2903F188
:10BC30003003037498BF0B210CF00F039D1A092BDE
:10BC400088BF05F127030A2903F13003C37398BFA6
:10BC50000A21019B3D4603F00F039F1A092B88BF61
:10BC600007F12703092903F13003837398BF0921E2
:10BC7000029B03F00F039F1A092B88BF07F12703CC
:10BC8000082903F13003437398BF0821039B03F095
:10BC90000F039F1A092B88BF07F12703072903F118
:10BCA0003003037398BF0721049B03F00F039F1A0F
:10BCB000092B88BF07F12703062903F13003C3725C
:10BCC00098BF06210AF00F039F1A092B88BF07F1BE
:10BCD0002703052903F13003837298BF0521009BD8
:10BCE00003F00F039F1A092B88BF07F127030429CC
:10BCF00003F13003437298BF042105F00F039F1A2C
:10BD0000092B88BF07F12703032903F130030372CE
:10BD100098BF032108F00F039F1A092B88BF07F172
:10BD20002703022903F13003C37106F00F0398BF04
:10BD300002219A1A092B88BF02F1270303F130026E
:10BD40008271012998BF012104F130008BF80000B5
:10BD5000084605B0BDE8F08F19F00F0348D10C2953
:10BD600046D21EF00F0345D10B2943D21CF00F031E
:10BD700042D10A2940D2019B13F00F037FF46DAF2B
:10BD80000929BFF46AAF029B13F00F037FF473AF6E
:10BD90000829BFF470AF039B13F00F037FF479AF52
:10BDA0000729BFF476AF049B13F00F037FF47FAF36
:10BDB0000629BFF47CAF1AF00F037FF485AF052985
:10BDC000BFF482AF17F00F038CD104298AD215F08B
:10BDD0000F0394D1032992D218F00F039CD10229AA
:10BDE0009AD206F00F0353EA0107A2D10021ABE774
:10BDF0002F4609E72F4614E72F461FE7844639B33D
:10BE000070B500EB010C4B1EA1F1020ECC1E0022FE
:10BE1000855C85B1934219D085186E7876B19645C8
:10BE200014D0AE786EB1944210D0EE7866B1043280
:10BE30009142EDD10AE000EB020C07E005F1010CA4
:10BE400004E005F1020C01E005F1030CBDE87040CF
:10BE5000ACEB00007047B0B588B00C464BF69D6166
:10BE6000C0F20021002501914FF400310091011929
:10BE7000CDE90655002C0490CDE9025518BF481EA7
:10BE800048BF00200590114668461A46FEF77CFE22
:10BE9000002C1CBF04990D7008B0B0BDD1E904237B
:10BEA0009A421EBF531C0B61107070472DE9F04F72
:10BEB000A1B056EC108BB246C6F30A546FF31F5A6A
:10BEC000F50F58EA0A0708BF002C0ED040F2FF76A3
:10BED000B44215D10821002F08BF042100242944B1
:10BEE0000171204621B0BDE8F08FA91C01713021FD
:10BEF0000124417100210160204621B0BDE8F08F8E
:10BF0000A4F23549002CCDE9062308F0010604957A
:10BF1000CDE9081006BF4FF6CC39CFF6FF790AF508
:10BF2000801A4FEA8A0242EA9870002F15905FEA61
:10BF30000F90022C5FEA2F91B9F1000F40EA010740
:10BF40004FEA880014900596139749D4484600F0AC
:10BF500021FD0546B9F1030F88BF013D284600F0D9
:10BF600027FD0DF1580B04462846594600F00BFEFC
:10BF70001AA81CA95A460297CDE90010A5EB0900A2
:10BF80002044514600F17C034046AB4600F031FCB2
:10BF90008246152D5FD8149F4CF6CD46159D1EA8E0
:10BFA000CCF6CC460C4600903846294632464FF037
:10BFB000CC3300F072FEDDE91E01820842EA817195
:10BFC00020F0030008444042F8426AD1384629462E
:10BFD00000F0F7FC58455FEA3F901290002087E0A0
:10BFE000C9F1000B584600F0DCFC044619F10100D1
:10BFF00018BF013CABEB040B584600F0D9FC16A966
:10C00000054658468B4600F03BFD1AA81CA95A4627
:10C010000297CDE90010601B00F17D0340465146B8
:10C0200000F0E7FB04EB090B8246012C1BD8089BB0
:10C03000002E069D4CF6CD46CCF6CC4608D0DDE968
:10C040001C0201381C9062F100001D90002013902A
:10C050000120129050E04CF6CD460020CDE91200B0
:10C06000CCF6CC4646E0089B4CF6CD46069DCCF679
:10C07000CC463E2C25D84FF0FF30B4F1200200FA18
:10C0800004F758BF0027149C58BF9040159A24EA23
:10C09000070722EA000038435FEA1F901290002051
:10C0A00011E0059888B91398C043C01965F10001E3
:10C0B00000F087FC58455FEA3F90139000201290F3
:10C0C00017E000201290139016E047F00200294676
:10C0D00000F077FCDDE91C124B1E62F100055845AB
:10C0E00053EA21801C9055EA22801D900020129076
:10C0F00013902146089B069D002D0C934AD0BAF15F
:10C100000A0071F1000001D2012037E000274FF052
:10C110000A0C02204FF064094FF47A7842F2107E44
:10C120000A22A2FB0C4507EB870305EB4303BAEB9E
:10C13000040471EB030320D3A2FB093407FB094479
:10C14000BAEB030371EB040314D3A2FB083407FB1F
:10C150000844BAEB030371EB04030DD3A2FB0E23D7
:10C16000043007FB0E37BAEB020371EB0703D8D29A
:10C17000013802E0013000E00230089B079A0BEB27
:10C1800002073844B0EBD27FB8BFD00F834253EAE6
:10C19000B0800C90CDF80CB00DF1680B1D9C16AD65
:10C1A0009BE8000B00201591149011900B902FE04C
:10C1B0001599504632464FF0CC3316AD4FEADB04AA
:10C1C000009500F06AFD1498BB46129910F0FF0F1D
:10C1D000DDE916235FEA1F90014008EB8800129109
:10C1E000404210994942B1EB400F13995FEA1F900A
:10C1F00001401391D00840EA437101EB8000AAEBA3
:10C200004000149011988A4601301190D80815907A
:10C210005846214632464FF0CC330095CDF834B025
:10C220000E9400F03AFD4046494632464FF0CC337A
:10C23000DDE9164B0095CDE90F9800F02EFDDDE904
:10C240001601E20842EA4B774FEAD109C00840EAFA
:10C250004178B8EB070079EBDB00A9D31599BAF167
:10C260000A0071F1000001D201203BE00A9700258D
:10C270000A2202204FF00A0C64274FF47A7EA2FBB8
:10C280000C3605EB850406EB4406BAEB030371EBB1
:10C29000060322D3A2FB073605FB0766BAEB0303AE
:10C2A00071EB060316D3A2FB0E3605FB0E66BAEB46
:10C2B000030371EB06030FD342F210740430A2FBA8
:10C2C000042305FB0435BAEB020371EB0503D6D258
:10C2D000013802E0013000E002300A9F4CF6CD4602
:10C2E000CCF6CC460C9A4AEA010313435FEA1F934B
:10C2F000904203DD13B901200B905AE71398C00751
:10C3000071D0DDF8408032460F994FF0CC3316AD36
:10C310000095404600F0C1FCDDE91610C8F10003AD
:10C32000DDF848B0CA0842EA407404EB8202524287
:10C33000B3EB420F5FD1C208DDF84490DDF850C086
:10C34000DDE90D01904632464FF0CC33CDF850C0B8
:10C35000009500F0A2FC1599324616984FF0CC33A8
:10C3600012905046179F009500F097FC4CF6CD4276
:10C3700016A8009020464146CCF6CC424FF0CC3374
:10C38000DDE91665CDF83C8000F087FCF10841EA54
:10C39000457E14980EEB8101A046ED0810F0FF0FCA
:10C3A000AAEB410C5FEA1F90DDE916120BEA000BC5
:10C3B00012984CF6CD461595CB0843EA4274C00856
:10C3C00004EB830340EA47705B4209F1010916ADB3
:10C3D000F908C8F10007CCF6CC46D208F246B7EB14
:10C3E000430FAFD00CE00DF1400BD646DDF850C046
:10C3F0009BE8000B04E0D646DDF84490DDF850C021
:10C40000159A8EEA08010F981346424011430B9A81
:10C410005FEA0F911143CA07059900295FEA1F914E
:10C42000002A04BF139A11EA02010ED05FFA8CF1C0
:10C4300005295FEA0F92042962EA0B025FEA9F91E5
:10C4400042EA0E0202EA010C01E04FF0010C0398EF
:10C4500009EB00051EEB0C0043F10001B0F10A02EC
:10C4600071F1000201D2012338E0AE4600264FF000
:10C470000A0802234FF0640B4FF47A7A42F21079E3
:10C480000A25A5FB087206EB860402EB4402C41BD6
:10C4900071EB02021DD3A5FB0B2406FB0B44821A91
:10C4A00071EB040212D3A5FB0A2406FB0A44821A8C
:10C4B00071EB04020CD3A5FB0952043306FB0926D9
:10C4C000421B71EB0602DCD2013B02E0013300E0CB
:10C4D00002334CF6CD467546CCF6CC460C9A9342C8
:10C4E0005FEADC82012A079A3AD1069F4FB12A44BB
:10C4F0001A44012AD8BF0122089F974257EAB28204
:10C500000C920C9A93422BDD05304CF6CD4741F14D
:10C510000001CCF6CC474008013B40EAC170013530
:10C5200010EB51024FEA510142F10002A2FB0776E3
:10C5300026F0030707EB96074FF0CC36D21B821A82
:10C540004CF6CD40CCF6CC4061F10001A2FB0007D7
:10C5500002FB06724CF6CD46CCF6CC4601FB06211A
:10C560000C9A934253EAB2822BB214B22344A3F141
:10C570000108012CC0F2348102F00303099ACDF8BE
:10C580004880042C02F105091193149402D24FF053
:10C59000000AA9E0E31A2244149C02F104084FF0B7
:10C5A000000A13936422002383460F46FEF792F994
:10C5B000420800F0010042EAC17212EB510141F160
:10C5C0000001A1FB062323F0030202EB93020023E8
:10C5D000891A4FF47A7240EA4100394640F030003F
:10C5E00015905846FEF776F942084CF6CD4642EAD9
:10C5F000C172CCF6CC4612EB510100F0010041F1C2
:10C6000000024FEA5B0141EAC77111EB570343F1A6
:10C610000003A3FB066525F0030606EB95069B1BAE
:10C620006FF00206CB1A4CF6CD41CCF6CC41A3FB01
:10C63000011C01EB8105ABEB450545F0300508F821
:10C6400004598AEA0605159E254409F805604CF64A
:10C65000CD46CCF6CC46A2FB065626F0030505EBEC
:10C660009606A2EB06024CF6CD46CCF6CC4640EA46
:10C6700042006FF0030282EA0A0240F030002244D6
:10C6800009F802004FF0CC304FEA570203FB00C01C
:10C6900062F1000202FB06004A0801F0010142EAD1
:10C6A000C07212EB500040F10000A0FB062323F003
:10C6B000030202EB93020023801A42F2107241EA55
:10C6C00040006FF0010181EA0A0140F0300021448E
:10C6D00009F8010058463946FEF7FCF80AF1040A49
:10C6E000139A52457FF45EAFDDF844E0DDF84880F0
:10C6F000149CBEF1000F73D042084CF6CD4742EABD
:10C70000C172CCF6CC4712EB51036FEA0A0543F134
:10C7100000032544A3FB077626F0030707EB9607E3
:10C720004E08DB1BD31A4CF6CD42CCF6CC4266F158
:10C73000000CA3FB0227BEF1010F02EB8206A0EB67
:10C74000460646F0300609F8056049D04FF0CC3671
:10C750004CF6CD4503FB06734CF6CD47CCF6CC47E3
:10C76000CCF6CC450CFB0733570802F0010247EA30
:10C77000C37717EB53034CF6CD4743F10003CCF6D8
:10C78000CC47BEF1020FA3FB077626F0030707EBA9
:10C790009607A3EB070342EA4302A4EB0A0303EB69
:10C7A000090642F0300206F8022C19D06422002358
:10C7B000FEF790F8420800F0010042EAC17212EB65
:10C7C000510141F10001A1FB052323F0030202EB1B
:10C7D0009302891A40EA410040F0300006F8030C49
:10C7E000099804990171C0F80080204621B0BDE885
:10C7F000F08F2DE9F04F8BB0490041EAD0740593DA
:10C800001646D2E9002345002846214608AF009786
:10C8100000F043FAD6E90223834606A88946009031
:10C8200028462146DDE9087A00F037FA10EB0708C0
:10C83000DDE906234AEB010ADDE90801571C059CE6
:10C8400043F10005B8EB00007AEB0100A4F14104CC
:10C8500055EA338357EA328296E8830017EB0807DC
:10C86000F568049445EB0A0510EB0B0059EB010049
:10C87000009457F10000CDE9062345F10001571C53
:10C8800043F10005B0EB080471EB0A04CDF80CB0DD
:10C8900055EA338357EA3282CDF8089000F01BFA4C
:10C8A000DDE91429169BC2E9000143B3D6E900C1B2
:10C8B000D6E902560398B8EB0505DDE906236AEBD5
:10C8C00006066C1E66F10007B0EB0C000298DDF85E
:10C8D00010B08841CDF800B054EA358057EA36816F
:10C8E000571E63F10006B8EB00057AEB010557EA25
:10C8F000328256EA338300F0EEF95F463EE0DDE92E
:10C9000006204FEA4804D6E900EC01900598D6E9E4
:10C910000276A0F14005029800954FEA4A05039976
:10C9200045EAD87544EAD0744300E71B65EB060678
:10C93000B7F1010B43EAD17366F10000DEEB410170
:10C9400073EB0C0150EA36815BEA3780B4EB0803E5
:10C95000019F75EB0A035FEA2F937F0043EA4203CE
:10C9600047EAD2775A1E67F10006241A8D4152EA2F
:10C97000338256EA378300F0AEF9049FDDE90623DF
:10C98000C9E9000140465146009700F0A4F90BB0F8
:10C99000BDE8F08F43F24141C0F201014843800CF1
:10C9A000704742F6FB61C0F20B014843000D70472F
:10C9B00049F24F31C0F212014843012101EBD0404E
:10C9C00070472DE9F04F4CF6CD4E45F6294442F61E
:10C9D000F50A47F6D50847F6916943F2343B02461B
:10C9E0000020CCF6CC4E4FF03333CCF28F24C8F677
:10C9F0005C7AC2F2E968C3F6FB29C3F2333BA2FBBF
:10CA00000E5C4FF0CC3702FB07C7D5F1333501FB85
:10CA10000E7773EB07072ED3A2FB047502FB0A55B2
:10CA2000D7F1333701FB045573EB050722D3A2FB83
:10CA3000087540F63106C1F6AC4602FB0655D7F143
:10CA4000333701FB085573EB050716D3A2FB0975B5
:10CA50004CF67066CDF28826043002FB065201FBCC
:10CA60000921B7EB0B0271F133323A46C7D30138D3
:10CA7000BDE8F08F0130BDE8F08F0230BDE8F08FE7
:10CA80002DE9F04F87B005464EF64F40C4F6C4601E
:10CA90008B46A5FB0001C8081A2100FB01F64DF6E4
:10CAA0000831C0F2002101EB0010B54209D190E835
:10CAB0000E00C0688BE80E00CBF80C0007B0BDE894
:10CAC000F08FD0E900924DF6D831C0F200210192EA
:10CAD000D0E90223A81B51F8307001EBC000446874
:10CAE00004A800903846214600F0D7F8019B824602
:10CAF00002A888460090384621464A4600F0CDF804
:10CB000081460191DDE90201002210EB0A0758EB92
:10CB1000010842F10000012806D1DDE904010130DD
:10CB2000049041F1000005902846FFF741FF0446BC
:10CB30003046FFF73DFF0199241A48463A464346DE
:10CB4000009400F0C8F86FF003024DF6A84302EA23
:10CB50009502C0F200239A581E2303EA4503DA40E7
:10CB600002F003068019DDE9042341F10001CBE95D
:10CB7000000138464146009400F0ADF8CBE90201CF
:10CB800007B0BDE8F08F2DE9F04F87B08B464EF629
:10CB90004F4105461930C4F6C461A0FB0101C80825
:10CBA0001A2100FB01F64DF60051C0F2002101EB05
:10CBB0000010AE4209D190E80E00C0688BE80E006C
:10CBC000CBF80C0007B0BDE8F08FD0E900A24DF61D
:10CBD000D831C0F200210192D0E90223701B51F834
:10CBE000307001EBC000446804A80090384621462C
:10CBF00000F053F8804602A80090BAF101020198B3
:10CC00008946214660F10003384600F046F80446A4
:10CC10008A46DDE90201002210EB080751EB090802
:10CC200042F10000012806D1DDE904010130049041
:10CC300041F1000005903046FFF7BAFE064628464F
:10CC4000FFF7B6FE361A204651463A46434600964E
:10CC500000F041F86FF003024DF6F05302EA95023E
:10CC6000C0F200239A581E2303EA4503DA4002F07B
:10CC700003054019DDE9042341F10001013041F1D0
:10CC80000001CBE9000138464146009600F023F848
:10CC9000CBE9020107B0BDE8F08FF0B5A2FB01CEF1
:10CCA000A2FB0075A3FB011415EB0C05DDF814C005
:10CCB00051EB0E06294644F100043246E3FB001214
:10CCC000A3FB0003401956EB030044F10000CCE93C
:10CCD00000203846F0BD10B5DDF808C0CCF1400E9C
:10CCE000CEF1200420FA0CF003FA0EF322FA04F439
:10CCF0002343DCF1200458BF02FA04F302FA0EF2D7
:10CD000001FA04F440EA040058BF0022BCF12004F8
:10CD100058BF21FA04F021FA0CF158BF002110434A
:10CD2000194310BD555342204661696C6564005239
:10CD30006564697265637420737464696F20746FCD
:10CD4000205553422C20636E743A2025750D0A003D
:10CD500052323A202030782530385800525F494905
:10CD6000435F4D41535445525F5772697465206665
:10CD700061696C65643A2030782558002000505372
:10CD8000503A2020202030782530385800526561F4
:10CD90006420436F6D706C657465007573625265D5
:10CDA0006164000D00555342206465746163680D31
:10CDB000004949435F526561644D656D6F7279004A
:10CDC000436865636B6564204572726F723A2049EF
:10CDD0006E737472756374696F6E2042757320454B
:10CDE00072726F7200494E464F2020005343422D0D
:10CDF0003E484653523A2030782530385800555333
:10CE0000422052656164206661696C65643A202540
:10CE10007500577269746520436F6D706C65746539
:10CE20000054696D656F7574207768656E20776151
:10CE300069742054580044454255472000505352CD
:10CE40003A20307825303858000D0A3D3D3D3D3DB3
:10CE50003D3D3D204F74686572205265676973746B
:10CE60006572203D3D3D3D3D3D3D3D004461746169
:10CE7000206E6F74207772696520646F6E65005252
:10CE8000333A2020307825303858000D0A3D3D3D9A
:10CE90003D3D3D3D3D3D2053434220526567697312
:10CEA000746572203D3D3D3D3D3D3D3D3D00494960
:10CEB000435F5772697465005343422D3E435346A6
:10CEC000523A20307825303858005053504C494D54
:10CED0003A20307825303858005265717565737482
:10CEE00020436F6D706C6574650041626F727420D1
:10CEF0007768656E2077616974205458005B2564FB
:10CF00002E253033645D20005553422064656174E2
:10CF10007461636800696E66005741524E202000BC
:10CF200052303A2020307825303858005231323A89
:10CF300020307825303858004C523A20203078255F
:10CF40003038580050433A20203078253038580087
:10CF5000556E737570706F7274206D656D5F61646E
:10CF600064723A202575000D0A00525F4949435FFB
:10CF70004D41535445525F52656164206661696C4E
:10CF800065643A2030782558007573624576656E81
:10CF900074436865636B00486172644661756C74C4
:10CFA000206F636375727265642062792044454224
:10CFB000554700486172644661756C74206F636305
:10CFC0007572726564206279206F7468657220657D
:10CFD0007863657074696F6E20666F726365640054
:10CFE0003D3D3D3D3D3D3D3D3D3D204D535020535C
:10CFF0007461636B20203D3D3D3D3D3D3D3D3D3DEC
:10D0000000495053523A2030782530385800436850
:10D0100065636B6564204572726F723A204469766D
:10D02000696465204279205A65726F0043686563C0
:10D030006B6564204572726F723A20496E76616C3E
:10D04000696420537461746500526563656976652F
:10D05000643A20257300436865636B6564204572FC
:10D06000726F723A204E6F20436F70726F636573F8
:10D07000736F720053757370656E6400556E6368EC
:10D0800065636B2072657475726E3A202575004673
:10D0900053502056657273696F6E3A2025730D0ADE
:10D0A000004552524F522000436865636B6564200F
:10D0B0004572726F723A20556E616C69676E656475
:10D0C0002041636365737300416464726573730028
:10D0D0005553422061747461636820616E642061FD
:10D0E0007320612073696E6B00494943204F70655E
:10D0F0006E3A202575005465726D696E616C00434F
:10D100006865636B6564204572726F723A20556E74
:10D11000646566696E656420496E737472756374C4
:10D12000696F6E007573625772697465003D3D3EAC
:10D13000200052313A2020307825303858004243C0
:10D14000004D53503A2020202030782530385800A8
:10D15000436865636B6564204572726F723A205054
:10D160007265636973652064617461206275732000
:10D170006572726F72004246415220697320766177
:10D180006C69643A203078253038580D0A005265B1
:10D1900073756D6500362E342E300068616C5F65E6
:10D1A0006E74727900506F776572656400436F6EBC
:10D1B00066696775726564005553422042757379DC
:10D1C000005343422D3E494353523A203078253094
:10D1D00038580055534220446574616368004368C1
:10D1E00065636B6564204572726F723A2053746197
:10D1F000636B204F766572666C6F77004949435FB9
:10D20000496E69740052657175657374004F766577
:10D210007263757272656E74005553422041747466
:10D220006163680054696D656F7574207768656E19
:10D230002077616974205258006E616E004D535022
:10D240004C494D3A20307825303858000D0A3D3D84
:10D250003D3D3D3D3D3D3D3D3D3D3D3D3D20496EDE
:10D2600020486172644661756C74203D3D3D3D3DD2
:10D270003D3D3D3D3D3D3D3D3D3D00436865636B6E
:10D280006564204572726F723A20496E76616C69EE
:10D29000642050430044656661756C740041626FA0
:10D2A0007274207768656E20776169742052580027
:10D2B000446574616368004D534320434D442043EB
:10D2C0006F6D706C65746500286E756C6C2900D488
:10D2D00036CE0002E5CD000219CF0002A1D0000237
:10D2E000303132333435363738394142434445469C
:10D2F0000600010002000300040004000400040012
:10D300000000000000005454522052454747455346
:10D3100000D4D4D4040000221400002230000022E3
:10D3200074000022260000226C0100220700000089
:10D3300000D4D4D4180E120002010000291E0002ED
:10D340000000000030D30002C439002234D30002B0
:10D350003CD80002000000000000000000000000B7
:10D3600000000000000000000000000000000000BD
:10D37000000000000000FFFFFFFFFFFFDFDFDFDF37
:10D38000DFDF0000000000000000000000000000DF
:10D39000000000000000000000000000000000008D
:10D3A000000000000000000000000000000000007D
:10D3B00090D003000000000048E80100000F1100B9
:10D3C000111E00020000000054D30002DC390022CC
:10D3D000ACD3000250D800020100020F0F00000081
:10D3E00000000000801A060000000000010C0D0E75
:10D3F0000F1000000000000000000000B920000233
:10D4000000000000D8D30002FC390022E0D3000263
:10D410001CD80002010C0300000000000100C10242
:10D420000000000000000000000000008801002251
:10D4300014D400023C3A00222CD4000284D800020A
:10D44000000B0300000000000100C202793E000250
:10D4500000000000000000009801002240D40002FB
:10D46000543A002258D4000284D8000202020180FB
:10D4700018D30002000000000405060708090A0C82
:10D480000C0C0C0C0C0C0000000000000000000054
:10D4900060D4000234D40002000000006C3A002284
:10D4A0006CD4000288D70002040000000C000000C9
:10D4B000040000000D000000104000000801000002
:10D4C000040C00000A010000000C01150B01000013
:10D4D000000C010B0C010000000C010B0D01000001
:10D4E000000C010B0E010000000C010B0F010000ED
:10D4F0000040000000020000104000000102000097
:10D5000000000105080200000004010509020000F6
:10D51000000801000A020000000801000B020000E0
:10D52000000001000C020000000001000D020000DC
:10D53000000001000E020000000001000F020000C8
:10D54000000C010B00030000000C010B01030000A4
:10D55000000C010B02030000104000000303000058
:10D56000000001140704000000000114080400007A
:10D570004004010709040000400401070A040000F8
:10D580000000011F0B040000104000000C0400000C
:10D59000000C010B03050000000C010B040500004A
:10D5A000000C010B05050000000C010B0605000036
:10D5B000000C010B07050000000C010B0805000022
:10D5C000000C010B09050000000C010B0A0500000E
:10D5D000000C011C02060000000C011C03060000E8
:10D5E000000C011C04060000000C011C05060000D4
:10D5F000000C011C06060000000C011C07060000C0
:10D60000000C010B08060000000C010B09060000CD
:10D61000000C010B0A060000000C010B0B060000B9
:10D62000000C010B0C060000000C010B0D060000A5
:10D63000000C010B0E060000050400000F060000A0
:10D64000000C010B0D080000000001130E08000083
:10D65000000001130F080000000C010B000A00007D
:10D66000000C010B010A0000000C010B020A000073
:10D67000000C010B030A0000000C010B040A00005F
:10D68000000C010B050A0000000C010B060A00004B
:10D69000000C010B080A0000000C010B090A000035
:10D6A000000C010B0A0A0000000C010B0B0A000021
:10D6B000000C010B0C0A0000000C010B0D0A00000D
:10D6C000000C010B0E0A00000008010B0F0A0000FD
:10D6D000000C011C000C0000000C011C010C0000DF
:10D6E000000C011C020C0000000C011C030C0000CB
:10D6F000000C011C040C00000004011C050C0000BF
:10D700000004011C060C00000004011C070C0000B2
:10D710000004011C080C0000000C010B000D0000AF
:10D72000000C0115010D0000000C0115020D000098
:10D73000000C0115030D0000000C0115040D000084
:10D7400000080115050D000010000115070D00006F
:10D7500055000000A8D400020000000003030403E9
:10D76000050306039A009B0098009900C302C102BA
:10D77000C202400041009C009D009E009F00870166
:10D7800019000000DE05DF05F173000229750002B3
:10D790008175000219760002B17600022977000235
:10D7A000317700023977000241770002D177000219
:10D7B000D9770002E1770002E97700029978000248
:10D7C00079790002D1790002E9790002117A000228
:10D7D000A17A0002117B0002817B0002D97B00024A
:10D7E000017C0002297C0002517C0002597C00026D
:10D7F000697C0002717C0002797C0002B17C00022D
:10D80000C17C0002D17C0002E97C00020601020317
:10D8100004040404020403040404D4D4B9810002FF
:10D82000498200025982000269820002A18200023C
:10D83000B1820002C1820002D9820002098D000279
:10D84000998D0002E18D0002098E0002198E0002FE
:10D85000E98E00028192000291920002A1920002E0
:10D86000B1920002E992000209930002299300029A
:10D870003193000251930002E1930002F9930002F8
:10D88000099400021197000291970002A9970002E3
:10D89000119800022198000249980002599800024C
:10D8A0006998000299980002F99800020199000213
:10D8B0000000006800000068000000800000008098
:10D8C0000000007000000070A0020022A0020022F0
:10D8D0000B000000E8D80002190000006CD900021B
:10D8E00004000000B0D800020000006800000068DA
:10D8F0000001000D00000068000000680001000D3C
:10D90000000000800000008000010008000000808E
:10D91000000000800001000800000070000000709E
:10D920000001000A00000070000000700001000A01
:10D9300000000000000000000100000500000020C1
:10D940000000002001000004A0020022A00200222A
:10D9500000000003D006002238440022000000032B
:10D960003844002238440022000000030000006810
:10D9700000000068000000900001090D0000006830
:10D98000000000680000007800010B0D0000006836
:10D9900000000068000000270001020D0000006880
:10D9A000000000688C0000020001010D00000080F2
:10D9B00000000080000000900001090800000080C5
:10D9C000000000800000007800010B0800000080CB
:10D9D0000000008000000027000102080000008015
:10D9E000000000808C0000020001010800000070AF
:10D9F00000000070000000900001090A00000070A3
:10DA0000000000700000007800010B0A00000070A8
:10DA100000000070000000270001020A00000070F2
:10DA2000000000708C0000020001010A00000000EC
:10DA30000000000000000090010109050000000046
:10DA4000000000000000007801010B05000000004C
:10DA50000000000000000027010002050000000097
:10DA6000000000008C000002010001050000002001
:10DA700000000020000000900101090400000020C7
:10DA8000000000200000007801010B0400000020CD
:10DA90000000002000000027010002040000002018
:10DAA000000000208C0000020100010400000022A0
:10DAB0000000002200000090000109030000002285
:10DAC000000000220000007800010B03000000228B
:10DAD00000000022000000270000020300000022D6
:10DAE000920200228C000002000001033844002250
:10DAF000384400221E03000200000103010002005E
:10DB0000080010002000D4D4000000000000000035
:10DB100000000000000000100000000000000000F5
:10DB2000B9340332B7F4AD1410DB1AB30892540EB3
:10DB30000D307D951447BA1A66088F4D26ADC66D17
:10DB4000F598BF85E2B74511CA96853D92BD1DEB9C
:10DB5000FCA11860DCEF52163C92AE220BB8C1B4A7
:10DB6000839D2D5B0562DA1C304C7E8F4E8BB25B41
:10DB700016F4529F8B56A512FBD4827643ED8AF0A1
:10DB80008FE7F9311565191850F19BD94A13EEB496
:10DB9000284CF0A686C1251F035FC270CB9E491694
:10DBA000E642889C44EB2014B0650836AD6EA5852E
:10DBB00085F0CA14E2FD031A0B899979D5B13D09A4
:10DBC000D8DA973A35EBCF10AC363F5E73BB38CF1F
:10DBD0003E6752FA44AFBA15010000000000000091
:10DBE0000500000000000000190000000000000017
:10DBF0007D00000000000000710200000000000035
:10DC0000350C000000000000093D0000000000008D
:10DC10002D31010000000000E1F5050000000000CA
:10DC200065CD1D0000000000F90295000000000015
:10DC3000DD0EE90200000000514A8D0E00000000D8
:10DC40009573C24800000000E941CC6B0100000060
:10DC50008D49FD1A07000000C16FF2862300000005
:10DC6000C52EBCA2B1000000D9E9AC2D780300009C
:10DC70003D9160E45811000031D6E275BC560000B9
:10DC8000F52E6E4DAEB10100C9EA26836778080013
:10DC9000ED95C28F055A2A00A1EDCCCE1BC2D30050
:10DCA00025A4000A8BCA2204000000000000000026
:10DCB0000000000000000000000000409559695974
:10DCC0005555545515555556040515411054554094
:10DCD000455155444045504450555545004000403D
:10DCE00040044496655556554540455451411540AC
:10DCF000559155555555405105010000D4D4D4D403
:10DD000001000000000000000000000000000020F2
:10DD1000345065C05FC9A652BB13CBAEC440C21815
:10DD200006C8DF7100D5A87CF56F0FDA58FC271301
:10DD30006E4756357D24206502C7E768E48CA41D34
:10DD4000E9E60268D7CD39617977FCC2405BEF160E
:10DD5000798CDE43FFA751F991F3B278F5BDBE117E
:10DD6000E857E9D6E8BEE87BB054AC8F848D751BCC
:10DD7000EA23A499E9F9D38BB7A3714061DA3E1580
:10DD8000CEE33ECB73F948088C97B427D51B7010AF
:10DD9000A2BFEFB9EB8532154DB44DB49BBB6F19E3
:10DDA00096B6076CF8E7EEAD36D9B4F59135AE13FB
:10DDB000222218AF4E6A684D91DAAA3D4F40741E78
:10DDC0009FBD9EE006A1C09857C2A7FDA40E901764
:10DDD0000E7D497173E3208FB220D87605143B1273
:10DDE000853D7434811343B0AD297A5F27F4351C27
:10DDF00054455454455505040010041014044000C3
:10DE00000000014055551541540400004400010034
:10DE10000000004041000044504445505400555516
:10DE2000545565510040004001000001000501000B
:10DE300011545151545555050015415000000440EE
:10DE4000100104050000000000000406362E342EE8
:10DE500030004275696C7420776974682052656E71
:10DE60006573617320416476616E63656420466CFE
:10DE7000657869626C6520536F667477617265209E
:10DE80005061636B6167652076657273696F6E20A0
:06DE9000362E342E300096
:04DE9800A9060002D5
:0200000402C92F
:04F04000FFFFFFFFD0
:04F04400EFFFFFFFDC
:04F0C000FFFFFFFD52
:04F0C400FFFFFFFF4C
:04F1200000000000EB
:04F1240000000000E7
:040000050200A2B1A2
:00000001FF
