:020000040200F8
:1000000080800020954A00023549000275320002C6
:10001000914A0002914A0002914A0002914A00026C
:10002000000000000000000000000000914A0002F3
:10003000952D000200000000914A0002914A000242
:10004000E93C00020D3C0002D13D00024D3E0002A1
:10005000F0B5B0F9004083B0230603D504F07F006B
:1000600003B0F0BD0D46C4F3C30101EB011214F05F
:10007000070306461746298F1DD0012B18D10A46C3
:1000800005F12800394601F043FAAB8F298F07B2FA
:1000900003B9A88701F04CFF034624F0FF0407F0E2
:1000A0007F00044344F080042B87348003B0F0BD0C
:1000B0002746A0B2EEE7212A98BF2227B5F90230E1
:1000C0000191D5E90510B5F90020009701F020FE57
:1000D000EB8F298F07B2002BDCD1E887DAE700BF6E
:1000E0002DE9F041B0F9005014462A060E4682B0C0
:1000F00024D505F07F07B6F900502B0606D505F08C
:100100007F08A7EB080002B0BDE8F081C5F3C3018A
:1001100001EB011215F007039446218F35D0012B16
:100120005AD10A4604F12800614601F0F1F9A38F83
:100130000FFA80F803B9A087218F3CE0C5F3C30113
:1001400001EB011215F0070380461746218F46D0B8
:10015000012B17D10A4604F12800394601F0D8F9DD
:10016000A38F07B203B9A087218F01F0E1FE07F04A
:100170007F0725F0FF053D4345F080052087A8F85F
:100180000050B8E72F46A8B2EFE7212A98BF4FF0FA
:10019000220C0191B4F90230B4F90020D4E9051021
:1001A000CDF800C001F0B4FDE38F0FFA80F8002B0A
:1001B000C2D1218FE08701F0BBFE08F07F0825F057
:1001C000FF0548EA0505208745F08005A7EB0800F4
:1001D000358002B0BDE8F081A846A8B2EBE7212A3D
:1001E00098BF22270191B4F90230B4F90020D4E974
:1001F0000510009701F08CFDE38F07B2002BB3D1FF
:10020000218FE087B1E700BF2AB1B0F90200B1F950
:100210000230C01A7047B0F9003023F0FF02C3F378
:10022000072313430380B1F9003023F0FF02C3F327
:10023000072313430B80B0F90200B1F90230C01A52
:10024000704700BFB1F900300380B1F9023043803C
:10025000704700BF2DE9F04F8E46B0F90480054687
:10026000B8F1000F4FF000017646446A85B040F3C4
:1002700080818C4689460B468246002ECFB2C0F262
:10028000E280002C00F07981204601E0006820B176
:100290004268B2F90220B242F8D1002500E01446CB
:1002A000226825602546002AF9D1002800F0D9806F
:1002B0004268B2F90020D50703D5C2F340221344A7
:1002C0009BB2026822B11568056020681060226048
:1002D00009F101091FFA89F9002EA8BF013601F1C1
:1002E0000101A8BF36B28845C7D15546CCEB890C71
:1002F000634499B2BEF1000F00F3D080002223685E
:100300009642D3F800905D68D9F804005860C9F8A7
:1003100004501868254600681860C9F800205CDBA6
:100320006B68B3F90230B34208D02D68002D00F09D
:1003300016816B68B3F90230B342F6D16368B3F942
:10034000000001F0A1FF2D680146002DF6D12568BF
:100350006A68D9F80430C9F804206B602B684FF044
:10036000010CC9F800304FF00008C5F8009089462C
:10037000002C66D00020074686460125BCF1000F00
:100380000CEB050221464FF00003B8BF2A46AE44ED
:1003900002E00968013309B1013AFAD1002B254680
:1003A00066460C4608DDEEB92A462D68013B68B169
:1003B00002601046002BF6DC002E36DD002C36D015
:1003C00093B92246013E24680028F1D11746104611
:1003D000F0E72D68002D00F0C2806B681B78BB42EF
:1003E000F7D1ABE7002CDFD0D5F804A06168BAF9EB
:1003F000002022F0FF0BC2F307224BEA020BAAF8FF
:1004000000B0B1F9002022F0FF0BC2F307224BEA43
:10041000020BA1F800B0BAF902A0B1F9022092458E
:10042000C2DD2246013E2468C1E7002CA5D1BEF101
:10043000010FC0F8008021D03C464FEA4C0C002C44
:1004400098D12460FFDE002C00F09780204603E066
:10045000006800283FF421AF426812789742F7D134
:100460001BE722680CF1010C52681FFA8CFC92F910
:10047000012002F0010213449BB22DE73C6849467B
:1004800044B17B68B3F9000001F0FEFE2468014628
:10049000002CF6D1084605B0BDE8F08FCDE9017615
:1004A0004FF001092646AA460391002E63D000248E
:1004B0003546A04622460126B9F1000F09EB060396
:1004C00028464FF0000BB8BF3346324403E00068C3
:1004D0000BF1010B08B1013BF9D12E4637465E46C0
:1004E000002E05469346CDF800900ADDB9F1000FC5
:1004F00015D13A463F68013E74B122601446002E81
:10050000F4DCB9F1000F18DDF5B156B92A4609F14E
:10051000FF392D68002CF0D190461446EFE7002DEE
:10052000E7D0524669687868FFF7DAFD0028E0DD19
:100530002A4609F1FF392D68DEE75A46DDF80090BA
:10054000002DB8D1594602E05946DDF8009000234D
:100550000129236008D046464FEA4909A5E72568E6
:10056000002D7FF4EBAEF3E64446DDE90176039916
:10057000C4E60F46BEE63660FFDE00231B68FFDEE2
:1005800000232DE9F04748F28006734C9446A4FB03
:1005900000421209023A01EBC2050B604D606B800C
:1005A0004B6801F11004A5421E8005F1040001F121
:1005B000080305EB820E0DD905F10806B645D1F802
:1005C00000A009D90B6023466FF00044C1E902A0E6
:1005D00030466C60D1F800A062B303F10806B54262
:1005E0004FF0000447F6FF791FFA8CF822D9071D57
:1005F000BE4540F2A980C3F800A01FFA84FA0B6040
:1006000058608AEA0803DB000AF0070A03F078035F
:1006100043EA0A0303EB03230134A0F802900380AA
:100620009442D1F800A005D0334603F10806B54244
:100630003846DCD8DAF800005346D8B1464C4FF4BF
:100640000070A4FB02420126920807E06E801B683E
:1006500000F580701C68013680B25CB1B2425D6802
:10066000F4D800F4E0648CEA06073C43C4F30D04BC
:100670006C80ECE700240125A6462646A046012012
:10068000002D05EB000C0B464FF00002B8BF84466E
:10069000064402E01B68013213B1BCF1010CF9D130
:1006A000002A284608DD98B90F68013A74B1216024
:1006B000002A0C463946F6DC00282DDD7BB34AB90A
:1006C0000F46013819461B68002CF0D18E46EFE723
:1006D000002BE9D0D1F804905F68B9F900C02CF084
:1006E000FF0ACCF3072C4AEA0C0CA9F800C0B7F9B2
:1006F00000C02CF0FF0ACCF3072C4AEA0C0CA7F838
:1007000000C0B9F90290B7F902C0E145CCDD0F464F
:10071000013819461B68C9E70BB11946AFE7012E2E
:10072000C4F800800AD06D00BEF1000F09D07346F6
:100730004FF0000E194674467646A0E77046BDE8B5
:10074000F087CEF800E0FFDE0134A2423FF472AF42
:1007500007461E4668E700BFCDCCCCCC30B58446FA
:100760001068039D00F10804AC4217D21D6805F122
:10077000040E049D754511D91460DCF80020026058
:10078000CCF800001A68141D42601C60B1F900200A
:1007900043681A80B1F902205A8030BD002030BD74
:1007A0000346002210B4D0E9000144685C60416057
:1007B00019680968196002605DF8044B704700BF52
:1007C0004A6810B4446842600A684C6002605DF890
:1007D000044B0860704700BFB1F90220002A09DB12
:1007E00010B912E0006878B14368B3F9023093425F
:1007F000F8D1704740B1B1F9002001E0006818B1AC
:1008000043681B789A42F9D17047704738B100228B
:1008100000E01846036802600246002BF9D17047D9
:100820002DE9F04F07464FF0010C8A46914683B000
:10083000002F50D00022154690460120BCF1000F39
:100840000CEB000339464FF00004B8BF03460244E6
:1008500002E00968013409B1013BFAD1002C3E469F
:10086000E3460F46CDE900C20ADDBBF1000F15D10A
:1008700032463668013C75B12A601546002CF4DC1E
:10088000BBF1000F17DDDFB154B93A460BF1FF3B66
:100890003F68002DF0D190461546EFE7002FE7D0D6
:1008A0004A4679687068D0470028E1DD3A460BF186
:1008B000FF3B3F68DFE7DDE900C2002FBDD101E06B
:1008C000DDE900C20023012A2B6006D047464FEA2B
:1008D0004C0C002FAED13F60FFDE404603B0BDE8B8
:1008E000F08F00BF70B50025C6690446C0E90E55FB
:1008F000AEB101212046FFF7ADFC218F01F018FBBE
:1009000003464FF0FF3123872046FFF7A3FC218FDA
:1009100001F00EFB208725B10135AE42E9D1002060
:1009200070BD012E6087FAD00125E2E72DE9F04F76
:100930002DED028B0023ADF6340D04A905AA0DF1AF
:100940005A00049301F034F8012001F085FA0346BF
:100950000220ADF8183001F07FFA03460320ADF80D
:100960001A3001F079FA03460420ADF81C3001F08A
:1009700073FA034605200D9301F06EFA002808BFB4
:100980000720069B0E90002B40F0F880BDF91C302C
:10099000002B00F08181002200F0010318A910F063
:1009A00002050891194618BF591C10F00400ADF853
:1009B000582040F0CC804FF4FA62B2FBF1F20C9276
:1009C000002B40F09782002D40F06A810E9BDD07DE
:1009D00007D5BDF9182009990C98FFF7D1FD0E9B9A
:1009E0000F909C0762D4590705D50B9ABDF91810D2
:1009F0000C9801F01DF80D9B002B68D00DF120081C
:100A000000F0A8FF002200230D9D0024C8E90C235C
:100A1000D5B1012106A8FFF71DFCBDF8501001F06B
:100A200087FA03464FF0FF3106A8ADF85030FFF7C4
:100A300011FCBDF8501001F07BFAADF85000002C0D
:100A40007ED00134A542E4D100F08EFF00F096FF85
:100A500000218146BDF9180001F016FC0146BDF9E0
:100A60001A0001F011FC0146BDF91C0001F00CFC5C
:100A70000146BDF9300001F007FC47F60533984206
:100A8000824600F01D8240F2978048F60223984289
:100A900000F024824EF6F513984240F027814FF083
:100AA0000308884801F08CFC454695E0BDF91A40E2
:100AB000BDF9182010AB0A990C9842EA044200F0E4
:100AC00037FD0E9B580790D40D9B002B96D1012328
:100AD000002400250DF1200803EB83035B000D9338
:100AE00000F038FF0D9F0026C8E90C45CFB1012169
:100AF00006A8FFF7AFFBBDF8501001F019FA034646
:100B00004FF0FF3106A8ADF85030FFF7A3FBBDF85A
:100B1000501001F00DFAADF850004EB30136B74257
:100B2000E5D100F021FF00F029FF00F031FFB7EE22
:100B3000007BB4EEC70BF1EE10FA2DD50D9BCBE781
:100B4000012DADF852003FF47FAF012461E74FF46F
:100B5000FA624E1CB2FBF6F20C92002B40F0A5801C
:100B6000002D40F0C28118AB02FB01310B912DE743
:100B7000012FADF85200D4D00126B8E7012B7FF445
:100B80000AAFBDF91C30002B7FF405AF66234E4A37
:100B9000ADF81C300692FEE6FCEEC07B17EE903AF4
:100BA000012B4FF00A0138BF0123B1FBF3F30D9A7B
:100BB00003FB02220D9223E741F6F203984200F074
:100BC000868144F6AF63984240F090804FF002086F
:100BD0003E4801F0F5FB45463D4F3E68002E00F0D3
:100BE0008A800024C3460395A046254619E0394B68
:100BF000F28F33F81B309A424BD02946364801F029
:100C0000DBFBB6F8403001339BB2A6F840304344DA
:100C1000691C9EB20FFA83F83B688DB29D4280F04A
:100C20002581002306AA05EB051402EB8404206A43
:100C30002E01C207A4F840300FD5284B628F33F83D
:100C40001B309A4209D02946254801F0B5FBB4F87B
:100C50004030206A0133A4F84030830713D506AB37
:100C6000741903EB84041F4BA28F33F81B309A4294
:100C700009D029461C4801F09FFBB4F84030206A97
:100C80000133A4F840302E4406AB440703EB86063C
:100C9000ADD4B6F84030BAE76623ADF81C307AE63A
:100CA00018A902FB03130A9390E618AC0994002DCF
:100CB0003FF459AF18AC02FB03430A9300283FF4FA
:100CC00085AE50E7F0A4000215341534BCA4000230
:100CD000300000200C000020B0A5000224000020FD
:100CE0004CA50002180000207CA500024FF6FF76FC
:100CF0004FF0FF35824F01F055FB0C9906448148B7
:100D000001F05AFB4946804801F056FB484600F086
:100D10003FFE7E4853EC102B01F04EFB484600F09E
:100D200037FEB5EEC00BF1EE10FAB6B211DD3A683F
:100D30000D9B484602FB03F307EE903AB8EE678B33
:100D400000F026FE88EE007B714853EC172B01F073
:100D500033FB484600F01CFEB2EE047BB4EEC70B3A
:100D6000F1EE10FA00F184800D9B3968694803FBAD
:100D700001F101F021FB6849684801F01DFB684959
:100D8000684801F019FB6849684801F015FB5146B5
:100D9000674801F011FB0E9A3B68D00736B214D5B4
:100DA000002B51D00024DFF8B48104EB041306AA11
:100DB00002EB830321465A8F404601F0FDFA0134CD
:100DC0003B68A4B29C42F0D30E9A910714D500243C
:100DD000002B39D0DFF8888104EB041306AA02EB5C
:100DE000830321469A8F404601F0E6FA01343B68BE
:100DF000A4B29C42F0D30E9A520712D500241BB322
:100E0000DFF8608104EB041306AA02EB830321469A
:100E1000DA8F404601F0D0FA01343B68A4B29C421C
:100E2000F0D38BB10024DFF8408104EB041306AA51
:100E300002EB830321461A8F404601F0BDFA0134CC
:100E40003B68A4B29C42F0D3002E16D0D4BF3948E0
:100E5000394801F0B5FA0DF15A0000F0C9FD002043
:100E60000DF6340DBDEC028BBDE8F08F039D42E71B
:100E7000324801F0A5FA013676E7314801F0A0FAD0
:100E8000032DE8D13A680D9B484602FB03F307EEB9
:100E9000903AB8EE678B00F07BFD88EE007B1E4930
:100EA0001F4B00910193274853EC172B01F084FA54
:100EB0001D49254801F080FA244801F081FACAE76B
:100EC0004FF00108224801F07BFA454684E64FF0D6
:100ED0000408204801F074FA45467DE64FF000080A
:100EE0001D4801F06DFA454676E618A802FB03039B
:100EF0000A9338E618AC0994002D3FF467ADD9E6A3
:100F000030000020E4A5000200A600021CA600029A
:100F100034A600028CA60002A8A60002B8A6000211
:100F2000D0A60002E0A60002F8A6000200A7000278
:100F300018A7000224A8000288A800024CA60002FC
:100F4000B4A7000200A800021CA8000288A60002A4
:100F500090A4000220A5000260A4000234A70002B1
:100F600054A7000274A7000294A700022DE9F04FD5
:100F70008FB08046CDE90113BDF96070002800F004
:100F8000B48215460021C20808F1FF3C120128F086
:100F90000706BCF1060FA4EE307BBBB200972846D3
:100FA000B34692460F460B9208954FEA48040A96BC
:100FB00008F007095AD9AAF1100E4FEA1E1E0EF1C9
:100FC000010E4EF001E0024692ED807E16EF44687D
:100FD000A2EC887E0FF009C0B9F1000F3DD05A464F
:100FE00002EB010E35F81E601E4425F81E60561CEB
:100FF000B04532D90E4435F816E09E4425F816E087
:10100000961CB04529D90E4435F816E09E4425F8C3
:1010100016E0D61CB04520D90E4435F816E09E44A3
:1010200025F816E0161DB04517D90E4435F816E020
:101030009E4425F816E0561DB0450ED90E4435F8ED
:1010400016E006329E44904525F816E005D90A447C
:1010500035F812601E4425F812607E1CB0454144EC
:10106000204405D0BCF1060F3746A4D80022B7E7CC
:101070004FF000090198C6EB867291000438C8460B
:101080008B468446BA4605970391009F2A1904901F
:101090000093101BA2EB000EAEF1020E4FEA5E0EA3
:1010A0000EF1010E4EF001E001460CEB890231F920
:1010B000023B07FB03F342F8043F0FF009C0D045A1
:1010C000B144A0EB0B0208F1010301D09846E0E720
:1010D0004FF000096FEA07570399019A009B521AD3
:1010E000099206936FEA1757134648462246494627
:1010F000CA464C46DDF81480DDF804E0DDF80CB09B
:1011000000960EEB890CA3EB0C03043B9B08013308
:1011100005E0B44250EAD090013B00B20CD0264624
:101120005CF8044B80B22144B942F2DD0A30013B45
:101130004FF0000100B2F2D1009EC245ACEB0B03B0
:10114000B1440AF1010C01D0E246DAE7069B002126
:1011500014460D9301F098F8029A049BA2F1020A3A
:10116000039AA5F1020B9A1ADC46CDF800B0984616
:101170009346069007930AEB04090C960023A9EB0B
:101180000A0EAEF1020E4FEA5E0E0EF1010E4EF0A7
:1011900001E0504661461A4648F8043F31F8023FE4
:1011A00030F8026F13FB0622C8F800200FF00BC0C6
:1011B000C345A444E2D14FF00009DDE90C63484681
:1011C0004946CA464A46DDF800B0DDF804E0CDF8ED
:1011D00030B0DDF80CB0DDF824C0DDF814800096E6
:1011E000059309940EEB8904ACEB0403043B9B08C4
:1011F000013305E0B24250EAD090013B00B20CD07E
:10120000164654F8042B80B21144B942F2DD0A307C
:10121000013B4FF0000100B2F2D1009BC24599445E
:10122000ACEB0B0C0AF1010301D09A46DAE7059BFF
:101230000699DDF830B0009E099C009301F024F877
:101240000021D9468A46009BCDE90C75049A039D7E
:101250000590CDF818B0099390464FF0000BCDE9FA
:101260000012DDF808C0002E14BFB6464FF0010E84
:101270006246494600234EF001E048F804AF178863
:1012800031F8020F224410FB0733C8F800300FF08A
:101290000BC00BF1010B5E450CF1020CE3D8DDE94C
:1012A000001201318E42A144A2EB0502D4D80020E5
:1012B000DDE90C75014602468246DDF818B0099B4F
:1012C000CDF800B0DDF81090DDF80CB0002ECE4661
:1012D00014BFB4464FF0010C06E0414550EAD090EF
:1012E000BCF1010C00B20DD088465EF8041F80B23C
:1012F0000A44BA42F1DD0A30BCF1010C4FF00002A1
:1013000000B2F1D10AF1010A5645A9EB0B09DDD86B
:101310004FF0000A0599DDF800B0D146009300F0C7
:10132000B3FF009B0995CDE9053704990490DDE9E9
:101330000230CDF808A01F468C464FF000089A46B0
:10134000CDE900B1002E14BFB6464FF0010E39466C
:1013500000224EF001E0009D4CF8049FB1F800B06F
:1013600035F8023F214413FB0BF3C3F3830BC3F3A4
:10137000461303FB0B22CCF800200FF011C808F134
:101380000108464507F10207DCD85346DDE900B104
:10139000DDF808A0A3440AF1010A5645A1EB0001BB
:1013A000C7D80020DDE90537014602468146099D80
:1013B000DDF81CA0DDF80CB0002ED64614BFB446F4
:1013C0004FF0010C06E0414550EAD090BCF1010C11
:1013D00000B20DD088465EF8041F80B20A44BA42BB
:1013E000F1DD0A30BCF1010C4FF0000200B2F1D186
:1013F00009F101094E45AAEB0B0ADDD804990093C7
:1014000000F042FFDDE90A890021009B0F46A4EEAF
:10141000303BDDF820C0072E65D9A9F1100E4FEA48
:101420001E1E0EF1010E62464EF001E092ED807E2E
:1014300016FF4468A2EC887E0FF009C0464549D0EB
:10144000424601EB020A35F81AE0AEEB030E25F82E
:101450001AE002F1010EB6453CD28E4435F81EA0CA
:10146000AAEB030A25F81EA002F1020EB64531D2FE
:101470008E4435F81EA0AAEB030A25F81EA002F13F
:10148000030EB64526D28E4435F81EA0AAEB030AF9
:1014900025F81EA002F1040E76451BD98E4435F8BE
:1014A0001EA0AAEB030A25F81EA002F1050E764540
:1014B00010D98E4435F81EA00632AAEB030A9642D4
:1014C00025F81EA006D90A4435F812E0AEEB030E4B
:1014D00025F812E00137B7423144A4449BD300B24F
:1014E0000FB0BDE8F08F0022ABE7014600F0CCFE64
:1014F0000146404600F0C8FE0146404600F0C4FEEA
:101500000146404600F0C0FE00B20FB0BDE8F08FCB
:1015100010B5144682B00091C168D0E9012300687B
:10152000FFF724FD214602B0BDE8104000F0ACBE3C
:101530002DE9F04F002A08BF012287B0002860D0B3
:10154000002406462046013404FB04F5B6EBC50F23
:10155000F8D800FB00F6013921F00307391D4FEAE6
:10156000460B054601EB4606002848D0012400FA48
:1015700004FC05954FF0000A6546CDE9031B00EB1E
:101580000409A6F10208A9EB040E4EF001E0C446DE
:10159000CDE901A4E24604FB02F2D2F1000B1FFAEE
:1015A0008BFB92B2A1B252EA4BB201EB020B1FFAD3
:1015B0008BFB5944BA44C9B2AAEB060A2CF802BF05
:1015C0000134AAF806100FF01BC8DDE901AB0AF1DF
:1015D000010A504500EB0B048144A844D3D1059D7A
:1015E000DDE9031B06EB0B02013A22F00302043291
:1015F000C3E90116DA601D6007B0BDE8F08F8346CD
:10160000F0E74FF0FF35294421F003074FF0020BBC
:101610002846391DBE1DA9E72DE9F047074650B3FE
:10162000002488464FEA8009114608EB80052646CB
:1016300020462246A44608EB840EA5EB0E03043B8D
:101640009B08013305E0924550EAA090013B00B2AF
:101650000CD092465EF8042B80B294446145F2DAD5
:101660000A30013B4FF0000C00B2F2D10136B74214
:101670004D443C44DFD1BDE8F08700BF60B32DE9A5
:10168000F043002406462546C0EB80784FEA400927
:1016900002EB40020F1F4FEA8808A2EB0900A2EB01
:1016A000000EAEF1020E4FEA5E0E0EF1010E844600
:1016B0004EF001E007EB84013CF9022B03FB02F240
:1016C00041F8042F0FF009C00135AE423444A0EBBD
:1016D0000802E2D1BDE8F083704700BF002873D054
:1016E000A4EE302B1FFA82FC00222DE9F04F0C46AD
:1016F0001546C6084FEA40093601471E20F0070A82
:1017000000F00708062F5DD9A6F1100E4FEA1E1E45
:101710000EF1010E23464EF001E093ED807E16EFB0
:101720004468A3EC887E0FF009C0B8F1000F42D0E6
:10173000534603EB020B31F81BE0E64421F81BE0B3
:1017400003F1010E704536D9964431F81EB0E344DA
:1017500021F81EB003F1020E70452CD9964431F8E1
:101760001EB0E34421F81EB003F1030E704522D9E8
:10177000964431F81EB0E34421F81EB003F1040E84
:10178000704518D9964431F81EB0E34421F81EB0D4
:1017900003F1050E70450ED9964431F81EB006339C
:1017A000E344984221F81EB005D9134431F813E000
:1017B000E64421F813E00135A84202444C44A1D18B
:1017C000BDE8F08F0023B4E7704700BF48B32DE9B0
:1017D000F0474FF000080C1F9E1E4FEA400A951E6E
:1017E00004EB800906EB4007A7EB060EAEF1020EF4
:1017F0004FEA5E0E0EF1010E31462A4600234EF0EE
:1018000001E044F8048F32F802CF31F8020F1CFBDC
:10181000003323600FF009C84C455544E4D1BDE8BE
:10182000F0877047002840D02DE9F04F164600227F
:10183000A1F1040B9A46114690461546DC4685B048
:10184000440003EB400906EB40075246CDE9011581
:101850000CEB850B0390A7EB060EAEF1020E4FEAE0
:101860005E0E0EF1010E114630464EF001E00023EF
:101870004BF8048F00920D8830F9022B214412FBA3
:101880000533CBF800300FF00BC0009A02324A4506
:10189000E1D10398DDE90115013188422644054470
:1018A0002744D2D105B0BDE8F08F704700284AD058
:1018B0002DE9F04F8246A1F1040B002102EB400715
:1018C0001646450003EB40098846084654461A462A
:1018D00085B0CDE9021494461446CDE900700BEBB7
:1018E000810A009B6146A3EB060EAEF1020E4FEAA1
:1018F0005E0E0EF1010E30464EF001E000224AF875
:10190000048F0B8830F9027B294413FB07F3C3F3E0
:101910008307C3F3461303FB0722CAF800200FF026
:1019200011C00CF1020CE145DBD12246DDE900706B
:10193000039C0299013084422E4421442F44C8D193
:1019400005B0BDE8F08F704708B500F02DFD00F040
:101950002FFD08BD08B500F027FD00F029FD014B63
:10196000186008BD8480002008B500F01DFD00F05F
:101970001FFD014B186008BD80800020024A034B08
:1019800010681B68C01A7047808000208480002087
:1019900007EE100A9FED040BB8EE477B87EE000BB5
:1019A000704700BFAFF300800000000000408F4090
:1019B00001220E4B02705A69920315D45A6912F42F
:1019C000003211D1BFF34F8FBFF36F8FC3F8502296
:1019D000BFF34F8FBFF36F8F5A6942F400325A61E1
:1019E000BFF34F8FBFF36F8F704700BF00ED00E074
:1019F00000220E4B02705A69920315D45A6912F4F0
:101A0000003211D1BFF34F8FBFF36F8FC3F8502255
:101A1000BFF34F8FBFF36F8F5A6942F400325A61A0
:101A2000BFF34F8FBFF36F8F704700BF00ED00E033
:101A30002DE9F04F06461046721E012A40F28380BF
:101A400001318BB203F0070107294FF0000C4FF072
:101A50002C08DFF800B1DFF800A1DFF80091C3F334
:101A6000C1043BD0042963D8033901294ED859F861
:101A700024100CF109040133A2429BB236D900EBC9
:101A80000C0E4D1CAEEB0505062D54D808250F781D
:101A900000F80C700CF1010791F801C0042D00F85A
:101AA00007C08F788EF80270CF788EF803700CD054
:101AB00008250F798EF804704F798EF805708F79AC
:101AC0008EF80670C9798EF8071003F00701072910
:101AD000A4460EF80580C3F3C104C3D15BF82410FB
:101AE0000CF109040133A2429BB2C8D8B4452DD2EF
:101AF0000CF101039E42A6EB0C024FF00001BDE881
:101B0000F04F38BF0122604400F05EBC1049013341
:101B100051F824100CF10504A2429BB20CF101070C
:101B2000E4D90D7800EB0C0E00F80C500425B3E757
:101B30005AF824109DE70D68496840F80C500825B4
:101B4000CEF80410C1E74FF0000CD1E7BDE8F08FEC
:101B50006C0000203C0000204C0000205C000020B5
:101B6000036884461878002800F0B5802C2800F01F
:101B7000B0802B3830B40E2828D8DFE800F0922748
:101B800092332708080808080808080808000868A9
:101B90005A1C013008605B78ABB12C2B00F09E80A2
:101BA0002E2B74D0303B092B09D901200B6903443B
:101BB0000B611318CCF8003030BC70478C6012F801
:101BC000013F002BE9D113460420F3E7D1E90020BF
:101BD000441C012001320344C1E90024CCF8003048
:101BE00030BC704708685A1C013008605B786BB1E4
:101BF0002C2B00F0838003F0DF00452809D0303B18
:101C0000092B48D812F8013F002BF1D113460520CB
:101C1000D0E74869531C013048615078002863D0F0
:101C20002C2863D02B280AD02D2808D00120CB687F
:101C30000344CB60931CCCF8003030BC7047C868BC
:101C4000931C0130C860907800284BD02C284FD0CE
:101C50008C693038092804F1010406D9D31C8C6141
:101C6000CCF80030012030BC70478C611C4613F862
:101C7000012FA2F13000002A3CD02C2A3CD00928A8
:101C8000F4D901204B6803444B60A31C92E70B6915
:101C900001330B61B6E701204B6903444B61131814
:101CA00088E708685A1C013008605D7865B32C2D00
:101CB00027D08C68A5F13000092804F101047FF6D3
:101CC0007DAF2E2D03D001208C60023372E78C6033
:101CD00098E700200133CCF8003070471346042009
:101CE000013367E7062065E7032063E70320F7E792
:101CF0000620F5E707205DE70720F1E713460520FA
:101D0000EEE713460220EBE71346022052E700BF3E
:101D10002DE9F0430C4693B00021804691460AA875
:101D200020221E46BDF96870BDF86C50019400F089
:101D30004BFB2022002102A800F046FB2378002B59
:101D400000F086800AA901A8FFF70AFF12AA02EB99
:101D5000800C019B5CF8402C1B7801324CF8402C25
:101D6000002BEFD1A0444445019417D2012F214606
:101D70004DD1621C9045A8EB040363D3B8F1000F6A
:101D800060D00A7801312C2A1CBF82EA090201F8CE
:101D9000012C013BF5D12378002B55D00AA901A8CD
:101DA000FFF7DEFE12AA02EB8002019B52F8401CF4
:101DB0001B78013142F8401C002BEFD1A045019463
:101DC00012D9012F33D1621C9045A8EB040337D3FD
:101DD000B8F1000F34D0227801342C2A1CBF724095
:101DE00004F8012C013BF6D109AE374601AC294677
:101DF00054F8040F00F028F9014656F8040F00F0DB
:101E000023F9BC420546F2D113B0BDE8F083234666
:101E10001A782C2A1CBF82EA09021A703B444345F7
:101E2000F6D32378002BB9D144450194DCD2237832
:101E30002C2B1CBF734023703C444445F7D3D3E79D
:101E40000123C8E701239CE744450194BBD3CBE7BA
:101E5000A04444458AD3C7E70138042813D8DFE8F3
:101E600000F006090C0F0300084B18687047084B78
:101E700018687047074B18687047074B1868704719
:101E8000064B186870470020704700BF888000200C
:101E9000908000208C80002038000020340000203A
:101EA00010B480EA0103214C43F30003234083EA8A
:101EB00051039BB283EA500242F30002224082EABD
:101EC000530292B282EA900343F30003234083EA71
:101ED00052039BB283EAD00242F30002224082EA1C
:101EE000530292B282EA101343F30003234083EAC1
:101EF00052039BB283EA501242F30002224082EA6C
:101F0000530292B282EA901343F30003234083EA20
:101F100052039BB283EAD01040F30000204080EAD5
:101F2000530080B25DF8044B704700BF01A0FFFF73
:101F3000C3B2444A83EA010C4CF3000C0CEA020CD5
:101F40008CEA510189B281EA530C4CF3000C0CEA83
:101F5000020C8CEA510C1FFA8CFC8CEA930141F3C1
:101F60000001114081EA5C0189B281EAD30C4CF393
:101F7000000C0CEA020C8CEA510C1FFA8CFC8CEA67
:101F8000131141F30001114081EA5C0189B281EA39
:101F9000531C4CF3000C0CEA020C8CEA510C1FFA97
:101FA0008CFC8CEA931141F30001114081EA5C0141
:101FB00089B281EAD31343F30003134083EA510348
:101FC0009BB283EA102141F30001114081EA5303DF
:101FD0009BB283EA502141F30001114081EA530191
:101FE00089B281EA902343F30003134083EA51034B
:101FF0009BB283EAD02141F30001114081EA5301F1
:1020000089B281EA103343F30003134083EA51039A
:102010009BB283EA503141F30001114081EA530140
:1020200089B281EA903343F30003134083EA5103FA
:102030009BB283EAD03040F30000104080EA5300A6
:1020400080B2704701A0FFFFC2B28E4B82EA010C42
:102050004CF3000C0CEA030C8CEA510C1FFA8CFCBC
:102060008CEA520141F30001194081EA5C0189B216
:1020700081EA920C4CF3000C0CEA030C8CEA510C34
:102080001FFA8CFC8CEAD20141F30001194081EA6D
:102090005C0189B281EA121C4CF3000C0CEA030CBF
:1020A0008CEA510C1FFA8CFC8CEA521141F30001AE
:1020B000194081EA5C0189B281EA921C4CF3000C60
:1020C0000CEA030C8CEA510C1FFA8CFC8CEAD2113E
:1020D00041F30001194081EA5C01C0F3072289B293
:1020E00082EA010C4CF3000C0CEA030C8CEA510C54
:1020F0001FFA8CFC8CEA520141F30001194081EA7D
:102100005C0189B281EA920C4CF3000C0CEA030CDE
:102110008CEA510C1FFA8CFC8CEAD20141F30001CD
:10212000194081EA5C0189B281EA121C4CF3000C6F
:102130000CEA030C8CEA510C1FFA8CFC8CEA52114D
:1021400041F30001194081EA5C0189B281EA921CE5
:102150004CF3000C0CEA030C8CEA510C1FFA8CFCBB
:102160008CEAD21141F30001194081EA5C01C0F30D
:10217000074289B282EA010C4CF3000C0CEA030C12
:102180008CEA510189B281EA520C4CF3000C0CEA42
:10219000030C8CEA510C1FFA8CFC8CEA920141F37F
:1021A0000001194081EA5C0189B281EAD20C4CF34A
:1021B000000C0CEA030C8CEA510C1FFA8CFC8CEA24
:1021C000121141F30001194081EA5C0189B281EAF0
:1021D000521C4CF3000C0CEA030C8CEA510C1FFA55
:1021E0008CFC8CEA921141F30001194081EA5C01F8
:1021F00089B281EAD21242F300021A4082EA510205
:1022000092B282EA106141F30001194081EA520260
:1022100092B282EA506141F30001194081EA520111
:1022200089B281EA906242F300021A4082EA5102C6
:1022300092B282EAD06141F30001194081EA520171
:1022400089B281EA107242F300021A4082EA510216
:1022500092B282EA507141F30001194081EA5201C1
:1022600089B281EA907242F300021A4082EA510276
:1022700092B282EAD07040F30000184080EA520027
:1022800080B2704701A0FFFFC3B2454A83EA010C48
:102290004CF3000C0CEA020C8CEA510189B281EA81
:1022A000530C4CF3000C0CEA020C8CEA510C1FFA94
:1022B0008CFC8CEA930141F30001114081EA5C013E
:1022C00089B281EAD30C4CF3000C0CEA020C8CEAC4
:1022D000510C1FFA8CFC8CEA131141F300011140E0
:1022E00081EA5C0189B281EA531C4CF3000C0CEAD0
:1022F000020C8CEA510C1FFA8CFC8CEA931141F30E
:102300000001114081EA5C0189B281EAD31343F3F1
:102310000003134083EA5103C0F307209BB280EA15
:10232000030141F30001114081EA53039BB283EAA8
:10233000500141F30001114081EA530189B281EA61
:10234000900343F30003134083EA51039BB283EAF3
:10235000D00141F30001114081EA530189B281EAC1
:10236000101343F30003134083EA51039BB283EA43
:10237000501141F30001114081EA530189B281EA11
:10238000901343F30003134083EA51039BB283EAA3
:10239000D01040F30000104080EA530080B2704734
:1023A00001A0FFFF002070475FF800F0CD2B000276
:1023B0005FF800F0812D00025FF800F0D1530002B9
:1023C0005FF800F0915400025FF800F0355500020C
:1023D0009CA80002A4A80002ACA80002475EBF3976
:1023E000A4E53A8E848D000052BE99110856D71F7D
:1023F00047070000B0D44033796A14E7C1E3000016
:10240000010000008038010066000000B4A800024E
:10241000C0A80002CCA80002D8A80002E4A80002CC
:10242000F0A80002FCA8000208A9000214A90002FA
:1024300020A900022CA9000238A9000244A9000228
:0C2440004CA9000254A900025CA9000293
:10244C004009000000000000030000009C2800224E
:10245C001800002200000000000000009C28002250
:10246C00042900226C29002200000000000000005A
:10247C000000000000000000000000000000000050
:10248C000000000000000000000000000000000040
:10249C000000000000000000000000000000000030
:1024AC000000000000000000000000000000000020
:1024BC000000000000000000000000000000000010
:1024CC000000000000000000000000000000000000
:1024DC0000000000000000000000000000000000F0
:1024EC0000000000000000000000000000000000E0
:1024FC0001000000000000000E33CDAB34126DE67D
:10250C00ECDE05000B0000000000000000000000E5
:10251C0000000000000000000000000000000000AF
:10252C00000000000000000000000000000000009F
:10253C00000000000000000000000000000000008F
:10254C00000000000000000000000000000000007F
:10255C00000000000000000000000000000000006F
:10256C00000000000000000000000000000000005F
:10257C000000000000000000E0290022FFFFFFFF28
:10258C00000002000000000000000000000000003D
:10259C004801002248010022500100225001002273
:1025AC005801002258010022600100226001002223
:1025BC0068010022680100227001002270010022D3
:1025CC007801002278010022800100228001002283
:1025DC008801002288010022900100229001002233
:1025EC009801002298010022A0010022A0010022E3
:1025FC00A8010022A8010022B0010022B001002293
:10260C00B8010022B8010022C0010022C001002242
:10261C00C8010022C8010022D0010022D0010022F2
:10262C00D8010022D8010022E0010022E0010022A2
:10263C00E8010022E8010022F0010022F001002252
:10264C00F8010022F8010022000200220002002200
:10265C0008020022080200221002002210020022AE
:10266C00180200221802002220020022200200225E
:10267C00280200222802002230020022300200220E
:10268C0038020022380200224002002240020022BE
:10269C00480200224802002250020022500200226E
:1026AC00580200225802002260020022600200221E
:1026BC0068020022680200227002002270020022CE
:1026CC00780200227802002280020022800200227E
:1026DC00880200228802002290020022900200222E
:1026EC009802002298020022A0020022A0020022DE
:1026FC00A8020022A8020022B0020022B00200228E
:10270C00B8020022B8020022C0020022C00200223D
:10271C00C8020022C8020022D0020022D0020022ED
:10272C00D8020022D8020022E0020022E00200229D
:10273C00E8020022E8020022F0020022F00200224D
:10274C00F8020022F80200220003002200030022FB
:10275C0008030022080300221003002210030022A9
:10276C001803002218030022200300222003002259
:10277C002803002228030022300300223003002209
:10278C0038030022380300224003002240030022B9
:10279C004803002248030022500300225003002269
:1027AC005803002258030022600300226003002219
:1027BC0068030022680300227003002270030022C9
:1027CC007803002278030022800300228003002279
:1027DC008803002288030022900300229003002229
:1027EC009803002298030022A0030022A0030022D9
:1027FC00A8030022A8030022B0030022B003002289
:10280C00B8030022B8030022C0030022C003002238
:10281C00C8030022C8030022D0030022D0030022E8
:10282C00D8030022D8030022E0030022E003002298
:10283C00E8030022E8030022F0030022F003002248
:10284C00F8030022F80300220004002200040022F6
:10285C0008040022080400221004002210040022A4
:10286C001804002218040022200400222004002254
:10287C002804002228040022300400223004002204
:10288C0038040022380400224004002240040022B4
:10289C004804002248040022500400225004002264
:1028AC005804002258040022600400226004002214
:1028BC0068040022680400227004002270040022C4
:1028CC007804002278040022800400228004002274
:1028DC008804002288040022900400229004002224
:1028EC009804002298040022A0040022A0040022D4
:1028FC00A8040022A8040022B0040022B004002284
:10290C00B8040022B8040022C0040022C004002233
:10291C00C8040022C8040022D0040022D0040022E3
:10292C00D8040022D8040022E0040022E004002293
:10293C00E8040022E8040022F0040022F004002243
:10294C00F8040022F80400220005002200050022F1
:10295C00080500220805002210050022100500229F
:10296C00180500221805002220050022200500224F
:10297C0028050022280500223005002230050022FF
:10298C0038050022380500224005002240050022AF
:10299C0043000000000000000000000000000000E8
:1029AC00000000000000000000000000000000001B
:1029BC0043000000000000000000000000000000C8
:1029CC0000000000000000000000000000000000FB
:1029DC0043000000000000000000000000000000A8
:1029EC0000000000000000000000000000000000DB
:1029FC004300000000000000000000000000000088
:102A0C0000000000000000000000000000000000BA
:102A1C004300000000000000000000000000000067
:102A2C00000000000000000000000000000000009A
:102A3C004300000000000000000000000000000047
:102A4C00000000000000000000000000000000007A
:102A5C004300000000000000000000000000000027
:102A6C00000000000000000000000000000000005A
:102A7C006DA000024595000200000000F8B50002B0
:102A8C00D0AD0002E0AB0002E0AB0002E0AB000214
:102A9C00E0AB0002E0AB0002E0AB0002E0AB0002F6
:102AAC00E0AB0002E0AB0002FFFFFFFFFFFFFFFF08
:102ABC00FFFFFFFFFFFF00000100415343494900A6
:102ACC0000000000000000000000000000000000FA
:102ADC000000000000000000000041534349490081
:102AEC0000000000000000000000000000000000DA
:0C2AFC00000000000000000000000000CE
:102B08000348044B834202D0034B03B11847704774
:102B1800BC060022BC06002200000000064B074944
:102B2800C91A891048BF0131491003D0044B0BB1B1
:102B380001481847704700BFBC060022BC060022A7
:102B48000000000010B5064C237843B9FFF7D8FF02
:102B5800044B13B10448AFF300800123237010BD68
:102B6800F02600220000000028F1C90208B5054B34
:102B78001BB105490548AFF30080BDE80840FFF7E1
:102B8800CDBF00BF00000000F426002228F1C902D2
:102B980070B500F01BFAEFF3118C002383F3128851
:102BA800064E0130D6E9004541F10001021941EB1A
:102BB8000503C6E900238CF3118870BD1027002295
:102BC800704700BF2DE9F84FEFF31187002383F317
:102BD800128800F0FFF9274D04462B7E0E46ABB154
:102BE80000F0ECF9E8B9D5E90023101946EB030128
:102BF800D5E90223904271EB0303ACBFC5E902019A
:102C0800D5E9020187F31188BDE8F88F03F0FF08C2
:102C1800EFF3108972B600F0D1F980B989F3108802
:102C2800E1E700F0D7F980460E4600F0CFF9441CE2
:102C380041F1000314EB080446EB0306D3E700F068
:102C4800CFF900F0C3F9EFF3118488F31288D5E9BE
:102C580000AB013041F1000110EB0A0241EB0B031C
:102C6800C5E9002384F3118800F0B4F904460E4640
:102C7800D4E700BF1027002270B500F0A7F900F0D4
:102C880097F9264A264B90428CBF002201225A7699
:102C98005A7E07EE900A002A3AD0F8EE675A9FED5E
:102CA800215AC5EE257AF5EEC07A9FED1F6AFEEE31
:102CB800006AF1EE10FAB6EE007A67EE867A27FE21
:102CC800267A77EE877AFDEEE77A184AC3ED047A1A
:102CD800A2FB002080095861EFF31186002383F3DB
:102CE8001288134C2360FFF76DFF0546BFF34F8F23
:102CF800BFF36F8F00BFBFF34F8FBFF36F8FFFF727
:102D080061FF2368401BC01A206086F3118870BDDC
:102D1800B8EE675ADFED035AC3E700BF3F420F0022
:102D2800102700220024744900008047D34D621008
:102D38000C27002270B5EFF31186002282F3128867
:102D48000A4D287600F0A4F8044600F049F986F305
:102D58001188FFF791FF00220023C5E90023C5E988
:102D68000223FFF72DFF204670BD00BF1027002269
:102D78000120FFF7DFBF00BF08B5034A00235269EF
:102D880002F060F808BD00BF102700223D4B1B6B06
:102D98009B065CD5D0B53C4BD3F8C02C002A57DB3A
:102DA800394AD2F8003E13F0FE0F00D1D0BDD2F858
:102DB800801C8E0709D50226344CC2F8806CD4E9F1
:102DC80000673046791CC4E9000113F0FC0FEDD010
:102DD8002D4AD2F8801C0C0709D508262B4CC2F8BE
:102DE800806CD4E902673046791CC4E90201DAB282
:102DF800052ADBD92449D1F8800C800635D4062A67
:102E0800D4D0214AD2F8C01C49060BD540211F4C0A
:102E1800C2F8801CD4E9060110F5803641F100079C
:102E2800C4E9066713F0F80FC0D0174BD3F8C02CCD
:102E38001206BBD58022154CC3F8802CD4E9082390
:102E480012F5803043F10001C4E90801D0BD704794
:102E58004FF00042C3F8802CFFF79AFE0A4AD2F8D6
:102E6800003E13F0FE0FA1D0A1E72020074CC1F8C7
:102E7800800CD4E904673046791C062AC4E90401A9
:102E8800BFD1D0BD00ED00E0003000E030270022C7
:102E9800454BD3F8000E10F4804072D0F0B4EFF335
:102EA800108072B64FF00042D3F8041E21F00101E1
:102EB800C3F8041EC3F8202CC3F8602CD3F8041EF2
:102EC80041F00401C3F8041EC3F8802CD3F8042E83
:102ED80042F00202C3F8042ED3F8002E12F0FE0FBF
:102EE800D1B21CD0032408251E26022712F0FC0F9D
:102EF800C3F80054C3F80464C3F8804CC3F8407C9A
:102F0800C3F8004C0BD00C241327C3F80874C3F87B
:102F18000C64C3F8804CC3F8405CC3F8004C052926
:102F280010D91E250326204B3024C3F81064C3F89B
:102F3800145420250629C3F8804CC3F8405CC3F814
:102F4800004C1FD14FF000410025184C164AD4F808
:102F5800FC3043F0987343F48033C4F8FC30C2F873
:102F6800401CC2F8001CD2F8043EA4F55D4443F0AE
:102F78000103C2F8043E256080F310880120F0BCEC
:102F880070477047402112F0F80FC3F8801CC3F84F
:102F9800401CC3F8001CD5D08022C3F8802CC3F88D
:102FA800402CC3F8002CCDE7003000E000ED00E035
:102FB800014B1868704700BF98280022024BD3F8CD
:102FC800C00CC00F704700BF003000E04FF0FF306A
:102FD80000217047014B0021D86F7047003000E096
:102FE8004FF00042014BC3F8802C7047003000E0DE
:102FF800022801D80020704708B502F03DFB0922DD
:1030080003461A604FF0FF3008BD00BF022808B51C
:103018009CBF4FF400534B6002F02EFB092203467D
:103028001A60002008BD00BF022801D8012070479F
:1030380008B502F021FB092203461A60002008BDEA
:1030480008B502F019FB092203461A604FF0FF3059
:1030580008BD00BF2DE9F04F83B0934600914AB3F5
:103068004FF00009234E244F35683C68DFF88CA0E8
:10307800A54204D100BF3C683568AC42FAD0AC42E6
:103088000AEB04011AD305F18008A8EB0408D84517
:1030980028BFD846C4F180020098019202F0FAFADB
:1030A800019A904517D24444802C20D03C60C144FA
:1030B800CB45DDD8584603B0BDE8F08FA5EB040832
:1030C800D84528BFD84600984246A5EB080502F027
:1030D800E1FA3560EBE7009B08499818A4F18002F3
:1030E8004244019202F0D6FA019A1444DEE7002421
:1030F8003C60DCE7582700225C270022602700227A
:103108000A4B101E10B41C680CDD0139626A01EB11
:10311800000C11F8013F1371626A936C9B00FCD597
:103128006145F6D15DF8044B704700BF00AF00025F
:10313800034A044B10681B68C01A18BF0120704767
:103148005C2700225827002238B580220021074832
:1031580002F0ECF90023064D064C074A2B60236069
:10316800D2E90001BDE8384000F026BB6027002204
:103178005C2700225827002200AF00020379042BA5
:1031880000D0704710B4114A114C136880687F2B27
:1031980003F10101E05410D00E4B11601A689142FE
:1031A80002D05DF8044B70477F2901F1010200D17C
:1031B80000221A605DF8044B70470020054B106030
:1031C80019680029EDD10122F3E700BF5827002232
:1031D800602700225C27002280B50E460746154668
:1031E8001C4672B61A4802F04FF91A4802F04CF918
:1031F800384602F049F93146174802F0E5F8174811
:1032080002F042F9284602F03FF9154802F03CF96D
:10321800144802F039F9204602F036F9124B1C68BE
:1032280001224FF48571204600F09AFE4FF47A711E
:10323800C82001F037FB00224FF48571204600F0CA
:103248008FFE4FF47A71C82001F02CFBE8E700BF2D
:1032580064A9000284A900028CA900029CA90002AA
:1032680080A90002A8A90002F4AE000238B572B61F
:10327800524802F009F9524BDA6A002AC0F29980E2
:10328800DB6A59005DD4EFF308844E4802F0FCF87D
:1032980021684D4802F098F861684C4802F094F8AB
:1032A800A1684B4802F090F8E1684A4802F08CF8AF
:1032B8002169494802F088F86169484802F084F8B1
:1032C800A169474802F080F83D4DE169454802F0A0
:1032D8007BF8454802F0D8F8A96A444802F074F827
:1032E8006968434802F070F8E96A424802F06CF8ED
:1032F800414802F0C9F8EFF30581404802F064F84C
:10330800AB6A9A0151D42E4B9B6ADB0149D42C4BF2
:103318009B6ADD022ED42A4B9B6A1C0326D4284BB9
:103328009B6A58031ED4264B9B6A990316D4244BD8
:103338009B6ADA030ED4224B9B6ADB0505D400BED8
:1033480038BD2F4802F0A0F89DE72E4802F09CF8FF
:1033580000BE38BD2C4802F097F8ECE72B4802F085
:1033680093F8E4E72A4802F08FF8DCE7294802F0EE
:103378008BF8D4E7284802F087F82146274802F05E
:1033880023F8EFF30A81264802F01EF8EFF30981CB
:10339800244802F019F8EFF30B81234802F014F8DF
:1033A800B9E7224802F070F8B1E7214802F06CF85A
:1033B800A9E7204802F068F865E700BFB4A9000251
:1033C80000ED00E034AA000258AA000268AA000230
:1033D80078AA000288AA000298AA0002A8AA0002F5
:1033E800B8AA0002C8AA0002D8AA0002FCAA0002D1
:1033F80010AB000224AB000238AB00025CAB000249
:1034080004AA0002A4AC00027CAC00025CAC00027E
:1034180040AC000220AC0002B0AB0002D0AB00020E
:10342800E4AB0002F8AB00020CAC00028CAB00026B
:103438006CAB0002E4A9000230B583B0FFF784FE4C
:103448000020FFF777FC2C4802F01EF82B4C2A4D81
:1034580002E0284602F018F82146022001F022FA7C
:10346800FFF766FE0028F4D0254802F00DF8FFF7B4
:10347800A9FB04460D46BFF34F8FBFF36F8F06F0CD
:10348800E7FFBFF34F8FBFF36F8FFFF79BFB034639
:103498001C4A1B1B126861EB05051B489C1A65EB4F
:1034A800E27501F0F1FF194801F08EFF184801F0AC
:1034B800EBFF22462B46CDE900451649164801F098
:1034C80083FF164B1C6801224FF48571204600F0DB
:1034D80047FD4FF47A714FF4FA7001F0E3F90022D6
:1034E8004FF48571204600F03BFD4FF47A714FF49C
:1034F800FA7001F0D7F9E6E7CCAC000240420F00C1
:10350800F4AC00020C27002288A6000218AD0002C5
:1035180034AD00025CAD000268AD0002F4AE0002FA
:10352800022800D070470249024800F025BF00BFBA
:1035380040AF0002E027002208B5FFF77DFF00201A
:1035480008BD00BF03460020C3E90612704700BF4C
:10355800844610B4406A836823F440138360DCF81F
:103568002440A36C5800FCD5A36823F01003A36083
:10357800DCF82440237FC3F30010DB06FAD4CCE93F
:103588000412A36843F01013A3605DF8044B70475E
:1035980084460020CCE90B32CCF82810704700BFD5
:1035A8004FF0FF330020C1E9003370478B07844692
:1035B8001DD5426A936823F440139360426A936C62
:1035C8005800FCD5936823F010039360DCF82400BE
:1035D800037FC3F30012DB06FAD41046CCF814209C
:1035E800CB0703D500231846CCF81C3070470620BB
:1035F800F6E700BF0346002210B4DC6910460C60F1
:10360800DA615DF8044B704706207047F8B5394B0E
:1036180042689A426BD10446426A936823F4401385
:103628009360426A936823F010039360426A137FA1
:10363800C3F30015DB06FAD40121236A2E4A93F955
:103648000730580903F01F03203001FA03F342F84A
:103658002030BFF34F8FBFF36F8F236A93F9093080
:10366800580903F01F0301FA03F3203042F8203011
:10367800BFF34F8FBFF36F8F606A836823F4803383
:103688008360236A93F90530580903F01F0301FA90
:1036980003F3203042F82030BFF34F8FBFF36F8F12
:1036A800236A93F90B30580903F01F0301FA03F357
:1036B800203042F82030BFF34F8FBFF36F8FEFF306
:1036C800108681F310884FF00043276A0B4A97F859
:1036D80000C0506823FA0CF30343536053681E205C
:1036E80001F0E0F886F3108865602846F8BD0720E9
:1036F800F8BD00BF4249435300E100E000302040DC
:103708000620704700222DE9F0410D46416A044623
:103718008B6823F4401623F4441323F011038B60C1
:10372800036A0261DF6982607B7C3BB9636A2A684D
:1037380000201A61636A9E60BDE8F0811C4B93F813
:10374800543003F00F03072B2BD8DFE803F00404F1
:103758000427241B1E214FF0010808FA03F8144B14
:1037680093F8550000F00F0001F036F8B0FBF8F0C0
:10377800104A7B7C126802FB03F3B3FBF0F30133BE
:10378800A360D3E74FF00308E9E74FF00508E6E741
:103798004FF00A08E3E74FF00808E0E74FF00608A3
:1037A800DDE74FF01008083B08FA03F8D7E700BF39
:1037B80000E0014098280022F8B500274FF0010EDC
:1037C8000B78016203F5800303F556531B0207705B
:1037D80043624B690D4683628B690446C0E90B73EB
:1037E8008378CE696EF3010383704B78DFF880C36A
:1037F800BB4214BF72460222837862F301038370CE
:1038080091F90B308A7A580903F01F0120300EFA1B
:1038180001F14CF82010BFF34F8FBFF36F8FCA49E7
:1038280003F5C65051F820E067F3104E41F820E048
:1038380051F82010BB42C0F27A811201D2B29C44E6
:103848008CF800230127C149DFF824E341F823401D
:1038580095F905302A79580903F01F0C203007FA2A
:103868000CF74EF82070BFF34F8FBFF36F8FB64839
:1038780003F5C65750F827C02CF4803C40F827C001
:1038880050F827001201002BD2B2C0F27F810EEB54
:10389800030080F80023012741F8234095F90730F9
:1038A800DFF8CCE2580903F01F0C203007FA0CF7B8
:1038B800AA794EF82070BFF34F8FBFF36F8FA248DD
:1038C80003F5C65750F827C02CF4803C40F827C0B1
:1038D80050F827001201002BD2B2C0F251810EEB32
:1038E800030080F80023012741F8234095F90930A7
:1038F800DFF87CE2580903F01F0C203007FA0CF7B8
:103908002A7A4EF82070BFF34F8FBFF36F8F8E481F
:1039180003F5C65C50F82C7027F4803740F82C70FB
:1039280050F82C001201002BD2B2C0F223810EEB0A
:10393800030080F8002341F82340EFF310870121AA
:1039480081F310884FF000402A78814BD0405A68A4
:1039580022EA00025A605B681E2000F0A3FF87F38A
:1039680010884FF48062636A9A606B78E978EA6934
:103978001B02890301F4804103F440730B4311785F
:103988005068090601F040710B435178C90389B2A8
:103998000B43517B490501F400110B43616A43F461
:1039A80080534B611378991E012940F2C780036840
:1039B800616A0B61117BAB7801F0030141F03001C2
:1039C80033B1022B14BF4FF440734FF48073194383
:1039D800937800201B0703F080530B43616ACB6088
:1039E8000123616A886129788B40C3F3090313B105
:1039F800636A584959620021937BD07B127C00F09E
:103A08001F0003F0010343EA002302F01F02606A6B
:103A180043EA02430363C4E90411C4E90611236AB3
:103A2800DD69A1606B7C002B40F0B6807189636A08
:103A3800494AA1819A66226A434B92F9051001F519
:103A4800C65253F8220020F4803043F8220053F87D
:103A58002220BFF35F8F01204A09920001F01F0165
:103A680002F1604202F5614200FA01F1C2F88011E8
:103A78001160226A92F90B1001F5C65253F82250D0
:103A880025F4803543F8225053F82220BFF35F8F86
:103A98004A09920001F01F0102F1604200FA01F1A7
:103AA80002F56142C2F880111160226A92F907108A
:103AB80001F5C65253F8225025F4803543F82250B8
:103AC80053F82220BFF35F8F4A09920001F01F01CB
:103AD80002F1604200FA01F102F56142C2F8801178
:103AE8001160226A92F9092002F5C65153F8215053
:103AF80025F4803543F8215053F82130BFF35F8F08
:103B080053099B0002F01F0203F16043904003F544
:103B18006143C3F880011860104A636A9A60626A58
:103B2800137FDB07FCD50E4B00206360F8BD0D4901
:103B3800120103F00F00D2B20A5483E60A49022B9D
:103B48000A4B18BF0B4633E7006000407828002274
:103B58000030204000001F1F1000079D11040100C5
:103B68004249435314ED00E004FF00FF24FF00FF27
:103B780000E100E0204803F00F0738440276DAE657
:103B88001D4803F00F0738440276ACE61A4803F0E4
:103B98000F07384402767EE6184B93F8543003F04A
:103BA8000F03072B24D8DFE803F0040404211F19AE
:103BB8001B1D01279F40114B93F8550000F00F0083
:103BC80000F00AFEB0FBF7F00D4B1A686B7C02FBA5
:103BD80003F3B3FBF0F30133A36027E70327EAE716
:103BE8000527E8E70A27E6E70827E4E70627E2E7E4
:103BF8001027083B9F40DEE7FCEC00E000E00140B6
:103C08009828002270B584B0EFF30383103B324A42
:103C18005BB203F5C65152F8210020F4803042F817
:103C2800210052F821202D4A52F82340236A1B69AB
:103C3800002B2FD063690BB104B070BD636A9D6817
:103C4800A06825F4801545F4001500283AD1002213
:103C58009D60A36A2261002BEED0E56A6E46002DB6
:103C68002ED095E80F0086E80F0000228023216AF5
:103C780028460978AA6029602B71236BEB60A36A38
:103C88009847E46A002CD7D096E80F0084E80F0024
:103C980004B070BD6269636A002AD0D0A278216935
:103CA80002F00302022A11D00A781A71A278D4E924
:103CB800041302F003029B1A1144C4E90413BAE77F
:103CC8003546D2E700F0E8FD636AC0E70A8822F4C7
:103CD800DC4292B25A60E9E700600040782800228E
:103CE800F0B587B0EFF30383103B354A5BB203F5B9
:103CF800C65152F8210020F4803042F8210052F8D1
:103D08002120304A52F82340A27802F00303022B04
:103D1800636A0CBF1D681D78E3690CBFC5F308050D
:103D2800EDB20195E3B9A36AC3B1E66A02AF002E0A
:103D380041D096E80F0087E80F000423226A304636
:103D48001278B56032603371236BF360A36A9847C9
:103D5800E46A1CB197E80F0084E80F0007B0F0BDD3
:103D680002F0030201A9A06901F094FCD4E906134A
:103D7800A27802F0030211449B1AC4E90613002B2F
:103D8800ECD1A36A002BE9D0E56A02AFADB195E8A2
:103D98000F0087E80F0000220123216A28460978CE
:103DA800AA6029602B71236BEB60A36A9847E46AC9
:103DB800002CCFD1D2E73E46BFE73D46EBE700BF38
:103DC8000060004078280022F0B585B0EFF3038347
:103DD8001A4A103B5CB252F824506A6A936823F47A
:103DE800401323F010039360AB6AC3B1EE6A6F46C9
:103DF80016B396E80F0087E80F0000220223296A0D
:103E080030460978B260316033712B6BF360AB6A6E
:103E18009847ED6A1DB197E80F0085E80F00084A3A
:103E280004F5C65352F8231021F4803142F82310C8
:103E380052F8233005B0F0BD3E46DEE77828002270
:103E4800006000402DE9F04184B0EFF303832A4A73
:103E5800103B5CB252F82450AB78696A03F0030354
:103E6800022B0CBF0E680E788A6C08BFC6F30806D2
:103E7800C2F30073C2F300604FEA031343EA40132E
:103E8800C2F3C06243EAC20018BFF6B2DA0684463B
:103E980004D58B6C1B0458BF40F0400C8B6E43F06C
:103EA800C8538B66AB6ABBB1EF6AE84617B397E8AD
:103EB8000F0088E80F002B6A38461B78BE603B600D
:103EC80087F804C02B6BFB60AB6A9847ED6A1DB19D
:103ED80098E80F0085E80F00084A04F5C65352F821
:103EE800231021F4803142F8231052F8233004B013
:103EF800BDE8F0814746DEE77828002200600040F0
:103F08000022034610461A60704700BF10B40B0A1F
:103F1800064C1B0153FA81F154F821300020C3F3F9
:103F280040035DF8044B1370704700BF0008404021
:103F3800090A490101F1804101F580014B6800201F
:103F480013807047090A490123EA020C01F18041F4
:103F58001A4001F5800142EA0C4200208A6070474D
:103F6800002001238242CAB203FA02F39AB24FEA4E
:103F7800034308BF1A460B0A5B0103F1804303F5AC
:103F880080039A60704700BF10B4090A490101F123
:103F9800804101F580010C6802EA030C4CEA040C2C
:103FA80062EA030202EA0C020A6000205DF8044B90
:103FB800704700BF090A490101F1804101F58001FC
:103FC8004B680020C3F30F4313807047012310B4DC
:103FD8004FEA112C4FEA4C1C0CF1804C0CF5800C6C
:103FE800DCF80440C9B28B4099B203EA14435B1A67
:103FF800B3FA83F35B0900205DF8044B1370704734
:10400800090A490123EA020C01F180411A4001F52D
:10401800800142EA0C420020CA60704701200B0A66
:104028005B0103F1804303F58003C9B28840D96876
:10403800012A4FEA004C13BF814321EA0C010143D6
:1040480041EA0C010020D960704700BF2DE9F84310
:1040580080460088002800F08E80002440F2024646
:10406800964D974F05E0B8F800000134A04240F2A1
:104078008280D8F804104FEAC40901EBC4039A8877
:10408800B24241D040F203418A421DD040F204417D
:104098008A42E8D11B6803F0B853B3F1807F95F8E2
:1040A8004C3C52D05B0700F1E58097F84430DB09BF
:1040B800D9D097F84430012123F08003C82087F82D
:1040C800443000F0EFFBCEE71B6803F0B853B3F1C0
:1040D800807F95F84C3C67D0990700F1B480784B05
:1040E80093F84230DB09BED0754A012192F842307C
:1040F800C82023F0800382F8423000F0D3FBD8F8C0
:1041080004304B449A88C1E751F8343003F0B8536F
:10411800B3F1807F95F84C3C2FD0DB0700F1B780D6
:10412800674B93F84030DB099FD0654A012192F82C
:104138004030C82023F0800382F8403000F0B2FB02
:10414800D8F804304B449A889CE75A076ED597F8FC
:104158004430DB0987D197F84430C82043F0800306
:10416800012187F8443000F09DFBB8F800000134C5
:10417800A0423FF67EAFBDE8F883DA0741D597F84D
:104188004030DB097FF471AF4D4A012192F840308D
:10419800C82043F0800382F8403000F083FBD8F851
:1041A80004304B449A886DE7980714D597F8423045
:1041B800DB097FF458AF424A012192F84230C82007
:1041C80043F0800382F8423000F06CFBD8F80430EA
:1041D8004B449A885AE7012000F014FC95F84C3CAF
:1041E800012043F0020385F84C3C00F0DBFB344B24
:1041F80093F84230DB09DED0D8F804304B449A8873
:1042080044E7012000F0FEFB012095F84C3C0343F5
:1042180085F84C3C00F0C6FB294B93F84030DB098D
:10422800B2D0D8F804304B449A882BE7012000F02C
:10423800E9FB95F84C3C012043F0040385F84C3C1D
:1042480000F0B0FB83E7012000F0DCFB95F84C3C64
:10425800012003F0FD0385F84C3C00F0A3FB184B4C
:1042680093F84230DB097FF43FAFD8F804304B4471
:104278009A880BE7012000F0C5FB95F84C3C01201B
:1042880003F0FB0385F84C3C00F08CFB0DE70120A4
:1042980000F0B8FB95F84C3C012003F0FE0385F8CC
:1042A8004C3C00F07FFB064B93F84030DB097FF471
:1042B8003CAFD8F804304B449A88E3E600E001406C
:1042C8000020204070B50546FFF7C0FEEFF31082CE
:1042D800012383F31088254E33681BB940202449F5
:1042E8000B75087533680133336082F310882B88A7
:1042F8000022FBB11F4C6B6803EBC20053F832106D
:10430800838811F4803F4FEA132EDBB221F480300A
:1043180003EB0E1C21D054F82C30013223F48033E7
:1043280044F82C3044F82C0044F82C10298893B217
:104338009942E0D8EFF31082012383F310883368A1
:1043480013B13368013B336033681BB980200849D7
:104358000B75087582F3108870BD44F82C102988F5
:10436800013293B29942C6D8E4E700BF742800220C
:10437800000D40400008404008B5034B0360084664
:10438800FFF7A0FF002008BD54524F5008B508465B
:10439800FFF798FF002008BD70B5012686B001AB75
:1043A80003A80C4615460493ADF80C60ADF8081048
:1043B8000192FFF74BFEEFF3108186F310881D4B37
:1043C8001A681AB91C480275402202751A68013227
:1043D8001A6081F31088E9034FEA1422E4B219D471
:1043E800110116480A1940F82250EFF310820121F2
:1043F80081F31088196811B11968013919601B68AF
:104408001BB980200C490B75087582F310880020B1
:1044180006B070BD0948110104EB021250F8226081
:1044280026F4803640F8226025F4803640F8226071
:10443800D7E700BF74280022000D40400008404024
:104448001D4A92F82630928CDBB202F00F02A2F1DC
:10445800080103292BD8DFE801F020160C021749C0
:10446800174A51F82330A2FB03231B09154A13608E
:1044780070471249124A51F82330A2FB0323114A0C
:10448800DB08136070470D490D4A51F82330A2FB31
:1044980003230C4A9B08136070470849084A51F8DF
:1044A8002330A2FB0323074A5B08136070470349C4
:1044B80051F82330D340D9E700E00140C02600225C
:1044C800ABAAAAAA98280022704700BF00000000E3
:1044D8004AF203529FEDAC4B9FEDAD5B38B5B24845
:1044E800B24BB349B34CC3E90801B3499FEDAA6B7A
:1044F8009FEDAB7B9962A4F8FA23A3EC045F83EDEC
:10450800007FFFF79DFF09230A2284F8502A84F8C8
:10451800A23094F8003C23B994F8013C980700F0C5
:104528002E81A44C94F8003C002B00F01D81002241
:10453800A04B83F8012C83F8002C00239D4A82F8B5
:10454800323092F83C301907FBD549F2025540F257
:10455800514400204FF6021140F24153C2F8C850AE
:10456800A2F84E4082F84A00C2F8AC10A2F84C30CB
:10457800BFF34F8FBFF36F8F904B596921F4003110
:104588005961C3F85002BFF34F8FBFF36F8F8C4947
:104598000B6823F440530B60BFF34F8FBFF36F8F4B
:1045A8000120137D01F1C04160F3020313750B7DF7
:1045B800DA06FCD4824A136843F440531360BFF30D
:1045C8004F8FBFF36F8FA2F57342536913F4003313
:1045D80011D1BFF34F8FBFF36F8FC2F85032BFF3C3
:1045E8004F8FBFF36F8F536943F400335361BFF3A9
:1045F8004F8FBFF36F8F00236E4A82F82A3092F8EC
:104608003C309B06FBD500226E4B1A701A781A783C
:104618001A785A68FA2A04D06B4959605A68FA2AF3
:10462800FBD1684B9A687D2A04D0684999609A68DA
:104638007D2AFBD1052242F220115E4B64481862A4
:10464800998483F82620FFF7FBFE01211E2000F045
:1046580029F95C4A5368C3F30903642B84BF012317
:104668001370FFF7EDFE4AF201525A4B1A80BFF35E
:104678005F8F01221A72BFF35F8F4FF425414D4AB5
:10468800198092F8DA3043F0400382F8DA3092F871
:10469800DA30DB09FBD0C723052082F8D40082F882
:1046A800DA3092F8DA30434903F0BF0382F8DA309F
:1046B80091F8DA30DB09FBD1012381F8533091F806
:1046C80074303C4A43F0400381F8743092F87430F7
:1046D800DB09FBD006244A200A23364982F86C40BD
:1046E80082F8740082F8743091F87430DB09FBD1D9
:1046F80091F855302F4A43F0400381F8553092F82D
:104708005530DB09FBD0CA2082F8543082F85500B6
:1047180092F85530274903F0BF0382F8553091F8D5
:104728005530DB09FBD191F87730224A43F040033A
:1047380081F8773092F87730DB09FBD0CA23022062
:1047480082F86F0082F8773092F87730194903F0D1
:10475800BF0382F8773091F87730DB09FBD14FF44B
:104768002543A1F8FA3338BD0121C82084F8001C7C
:1047780000F098F894F8003C012BFBD1D7E64FF4F1
:104788007A70FFF7A1FED8E6006CDC0200127A000E
:104798000080000000366E010080000000CA9A3BCD
:1047A8000046C3230084D7175543DE13C0260022D2
:1047B80000C2EB0B00E00140001C4E0E00ED00E0D3
:1047C80000E001E000C01340FA00001E7D0000E197
:1047D8003234233200200040014B53F82000704748
:1047E800C026002238B50025284C0121C82084F8AD
:1047F800285000F057F884F8245094F82430002BFF
:10480800FBD194F82430214943F0020384F8243082
:1048180091F82430C3F340009B07F9D41B4A81F870
:10482800220092F8223003F0FF00002BF9D192F811
:104838004030164960F3C71382F8403091F8403091
:10484800DB09FBD191F84200104A63F3C71081F8E5
:10485800420092F84230DB09FBD192F844000B4940
:1048680063F3C71082F8440091F84430C3F3C014CE
:10487800DB09F9D1012000F0C5F8054B012083F8C8
:104888004C4CBDE8384000F08DB800BF00202040F7
:1048980000E0014000000000A0F101000028FBD169
:1048A800704700BF1E4B1F4A1B6800FB01F1934273
:1048B80013D302F1854202F5071203F5742302F6B9
:1048C800834203F23F23A2FB03239B0CA3FB01318A
:1048D8004FF0FF30E1B1FFF7DFBF4FF47A7210B449
:1048E800114C4FF0FF30B4FBF3F3A1FB02C434B911
:1048F800BCFBF3F080B15DF8044BFFF7CDBFB1FB13
:10490800F3F1A1FB0212002AF5D1084620B1F2E723
:104918001846002BDFD170475DF8044B704700BF85
:104928009828002200127A0000CA9A3BF8B50024A1
:1049380001260D4B0D4FD3F80021D3F82051154017
:1049480006FA04F32B4204D057F82430E0B203B13E
:1049580098470134152CF3D1034AC2F81051D2F804
:1049680020312B42FBD1F8BD00C000402028002296
:104978000A4B1A8812B10A49C1F800235A8812B1A1
:104988000749C1F804239A8812B10549C1F80823D8
:10499800DB8813B1024AC2F80C33704734B2000204
:1049A80000C00040EFF31081012383F31088124BFD
:1049B80033F8102092B22AB133F81020013A92B29B
:1049C80023F8102033F810309BB293B910B40B4A77
:1049D8000B4CB2F8FA3334F810009BB243F4254379
:1049E80023EA0003A2F8FA3381F310885DF8044B38
:1049F800704781F3108870478828002200E0014042
:104A0800CCB4000230B4EFF31081012383F3108893
:104A18000E4A32F810309BB26BB90D4C0D4DB4F8FC
:104A2800FA3335F810C09BB243EA0C0343F425432C
:104A38009BB2A4F8FA3332F8103001339BB222F853
:104A4800103081F3108830BC704700BF88280022DE
:104A580000E00140CCB4000208B509490A6883188F
:104A6800B3F5005F03D807480B60104408BD00F099
:104A780003FE0C2203461A604FF0FF3008BD00BF4A
:104A880094280022C006002200BE704708B500F036
:104A980037F8FEF751FDFEE7F8B5174F05463E68B3
:104AA800A6B17C6806EB460604EB860602E00C34E9
:104AB800A6420BD0637AAB42F9D1D4E900020021B7
:104AC800121A0C3400F032FDA642F3D1BE6896B13A
:104AD800FC6804EB061602E01034A6420BD0637B98
:104AE800AB42F9D1D4E90002A168121A103400F0DF
:104AF800D1FDA642F3D1F8BD9CB20002000000002F
:104B0800C44BC54A2DE9F0415A61BFF34F8FBFF33B
:104B18006F8F1B6803F47002B2F5801F00F0538199
:104B280013F4600F00F00981BC4A136823F00403F2
:104B38001360BFF34F8FBFF36F8F4FF47002B84B02
:104B4800B44C0020C4F88820A360FEF7E9FC0025D7
:104B5800FFF7BEFC4AF202514FF42542B14B012047
:104B6800A3F8FA1383F8B05AA3F8FA23FEF7D8FC8F
:104B7800AD4B83F30A88A94B1A68910704D5A2683C
:104B8800B2F1007F00F0238100240020FFF784FFAA
:104B9800FFF756FCFFF726FE0320FFF733FFA34B72
:104BA80003201C869C861C879C87A3F84040A3F89A
:104BB8004440A3F84840A3F84C40A3F85040A3F859
:104BC8005440A3F85840A3F85C40A3F86040A3F809
:104BD8006440FFF7E7FE0320FFF714FF944B8D4D69
:104BE8005C6003209C60DC601C61FFF7DBFE914F7A
:104BF800D5F8C0303E6923F0FF0343F04403C5F8FD
:104C0800C0301EB32346D7F814C00CEBC402526858
:104C18005CF83410203A22F01F02500921F01F01DD
:104C28002030B0EB511F03F1010E41F0010842F0B2
:104C380001027BD93E695FFA8EF3B342C5F898400A
:104C4800C5F89C801C46C5F8A020DED3BFF35F8F53
:104C580005237049C1F894304B6A43F480334B62A2
:104C6800BFF34F8FBFF36F8F4B6913F4803328D195
:104C7800C1F88430BFF34F8F43F6E076D1F8805007
:104C8800C5F34E346401C5F3C90505F1010E2B4681
:104C98004EF001E004EA060040EA8372C1F860229F
:104CA800013B0FF007C8203C14F1200FEDD1BFF3F2
:104CB8004F8F4B6943F480334B61BFF34F8FBFF382
:104CC8006F8F584CD4F8D8339A0763D5D4F8D833B3
:104CD800544CD4F8D8335B0743D5D4F8D8330220E2
:104CE800FEF71EFC0120FFF7D7FEBFF34F8FBFF37F
:104CF8006F8F0024474BC3F85042BFF34F8FBFF369
:104D08006F8F4D4A4D4B15469B1AA3424FEAA30697
:104D180005DD55F8043B01349847A642F9DCFFF756
:104D280027FEBDE8F041002000F08AB85FFA8EF354
:104D3800B3421C46FFF469AF88E7384A136843F06A
:104D480004031360BFF34F8FBFF36F8F4FF0E02260
:104D5800936843F480339360BFF34F8FBFF36F8F33
:104D6800EBE694F81431002BB9D00120FFF74AFE86
:104D780094F8143103F0C003802BF9D10023294A99
:104D880084F8143192F814313F2BFBD80120FFF737
:104D980009FEA4E794F81031002B99D00120FFF701
:104DA80031FE94F8103103F0C003802BF9D10023B1
:104DB8001C4A84F8103192F810313F2BFBD801209F
:104DC800FFF7F0FD84E718077FF4AEAEA8E60121EF
:104DD8001A695869C2F3C302093201FA02F30026BC
:104DE8000027DB0843F005C0E5E802670FF005C0BF
:104DF800C0F3C303093301FA03F34FF00052DB0891
:104E080043F007C0AFF30080E2E802670FF005C087
:104E1800BAE600BF00ED00E001020E0000E001E08C
:104E28000000000200E0014080000020000D40402A
:104E3800004020409CB2000254B7000260B7000254
:104E4800704700BF7BB972B90029BEBF00204FF080
:104E5800004106E008BF00281CBF6FF000414FF07A
:104E6800FF3000F0BFB9ADF1080C6DE904CE0029A0
:104E780009DB002B1ADB00F035F8DDF804E0DDE98A
:104E8800022304B07047404261EB4101002B1BDB59
:104E980000F028F8DDF804E0DDE9022304B0404220
:104EA80061EB4101524263EB43037047524263EBAB
:104EB800430300F017F8DDF804E0DDE9022304B04D
:104EC800404261EB41017047524263EB430300F0FB
:104ED80009F8DDF804E0DDE9022304B0524263EB8F
:104EE800430370472DE9F04F099D0E4604460F46CF
:104EF800002B47D18A429446B2FA82F35AD943B179
:104F080002FA03FCC3F120029F409C4020FA02F2FF
:104F180017434FEA1C461FFA8CFE220CB7FBF6F12A
:104F280006FB117701FB0EF042EA0742904208D9CE
:104F38001CEB020201F1FF3702D2904200F23C81E1
:104F48003946121AA4B2B2FBF6F006FB102200FB97
:104F58000EFE44EA0244A64508D91CEB040400F1FD
:104F6800FF3202D2A64500F22A81104640EA0140EB
:104F7800A4EB0E0400211DB1DC400023C5E9004369
:104F8800BDE8F08F8B4205D90DB1C5E900010021BC
:104F98000846F5E7B3FA83F100294FD1B342C0F0D0
:104FA8000281824240F2FF800846002DE8D0C5E920
:104FB8000047E5E7002B40F0AF808A1A4FEA1C4E05
:104FC8001FFA8CF70121B2FBFEF60EFB1620220C0D
:104FD80042EA004207FB06F090420FD91CEB02029E
:104FE80006F1FF382CBF4FF001094FF0000990423D
:104FF80003D9B9F1000F00F0DC804646121AA4B2BA
:10500800B2FBFEF00EFB102200FB07F744EA024455
:10501800A7420FD91CEB040400F1FF322CBF4FF05C
:10502800010E4FF0000EA74203D9BEF1000F00F0A9
:10503800C9801046E41B40EA06409CE7C1F1200401
:105048008B4006FA01FC00FA01FE22FA04F7E6405A
:105058008A401F4320FA04F34FEA174843EA0C0337
:105068001FFA87FC4FEA1349B6FBF8F008FB1066F5
:1050780049EA064600FB0CF9B1450ED9BE1900F104
:10508800FF3A2CBF4FF0010B4FF0000BB14503D98D
:10509800BBF1000F00F0A2805046A6EB09061FFAEC
:1050A80083F9B6FBF8F308FB136603FB0CFC49EA2B
:1050B8000646B4450ED9BE1903F1FF382CBF4FF090
:1050C80001094FF00009B44503D9B9F1000F00F008
:1050D8008280434643EA0040A6EB0C06A0FB028C04
:1050E80066454346E14602D307D1C64505D2B8EB2B
:1050F80002036CEB070C0138E1465DB1BEEB03021D
:1051080066EB090606FA04F422FA01F3CE401C43C2
:10511800C5E90046002133E702FA03FCC3F1200287
:1051280099409C40D6404FEA1C4E20FA02F21FFAE2
:105138008CF7B6FBFEF00A430EFB1066110C41EA31
:10514800064100FB07F68E420ED91CEB010100F167
:10515800FF382CBF4FF001094FF000098E4202D9E9
:10516800B9F1000F34D04046891B92B2B1FBFEF66C
:105178000EFB161142EA014206FB07F191420ED9D5
:105188001CEB020206F1FF382CBF4FF001094FF06B
:105198000009914202D9B9F1000F16D04646521AB9
:1051A80046EA00410FE7841A66EB0302012017461E
:1051B800FBE6023E624421E702396244C1E66444E8
:1051C8000238D3E66444023834E7023E6244E6E734
:1051D80002386144C8E7023B3E447BE702383E445C
:1051E8005BE700BF704700BF024A0349034800F06D
:1051F800C9B800BF04000022ED7C0002180000229C
:105208000C4B4168994210B5044601D002F06AFD82
:10521800A168094B994202D0204602F063FDE1687B
:10522800064B994204D02046BDE8104002F05ABD12
:1052380010BD00BF9C280022042900226C290022EE
:105248002DE9F843314A0025314C04233149DFF870
:10525800D89004F15C00DFF8D4802F4F2F4E1160F6
:105268002946082225606566C4E90335C4E9015565
:10527800C4E9055500F05AF904F15800E662C4E99A
:105288000749C4E9098700F0FDF9254B294608229A
:1052980004F1C40063672567C4F8CC50C4F8805093
:1052A800C4E91A55C4E91E5500F040F904F1680331
:1052B80004F1C000C4F88430C4E92298C4E9247613
:1052C80000F0E0F9174B294604F596700822C4F857
:1052D800DC30C4F8D850C4F83451C4F8E850C4E9F4
:1052E8003455C4E9385500F021F904F1D00304F528
:1052F8009470C4F8F090C4F8FC60C4F8EC30C4E9C9
:105308003D87BDE8F84300F0BDB900BFD4290022AD
:105318009C280022F1510002055500022D5500027B
:105328000900010012000200A1540002C554000245
:1053380010B504460A4800F0A9F9636B23B9094B74
:10534800094A1B68626323B10548BDE8104000F0B4
:105358009FB9FFF775FF0248BDE8104000F098B903
:10536800E4290022D429002209520002014800F051
:105378008DB900BFE4290022014800F089B900BFB7
:10538800E42900222DE9F8434FF000090746884632
:105398001646D6E90154013D0FD4A389012B08D93B
:1053A800B4F90E3021463846013302D0C04749EAE5
:1053B8000009013D68346B1CEFD13668002EE8D136
:1053C8004846BDE8F88300BF0FB4084900B583B06C
:1053D800086804AB816853F8042B019300F01CFEA5
:1053E80003B05DF804EB04B0704700BF1000002262
:1053F80030B5054689B008460C4600F0C1F9214B86
:1054080001220494069304AB8118079201930222A7
:105418006B6BAC680590CDE90221002B2ED0626E33
:10542800B4F90C30D20701D4980521D5990406D4D3
:10543800626E43F4005322F40052A3816266284648
:1054480001AA214602F074FD636E00280CBF0A25EC
:105458004FF0FF35DA0702D4A3899B0502D5284609
:1054680009B030BDA06D00F013F9284609B030BD71
:10547800A06D00F00BF9B4F90C30D7E72846FFF718
:1054880057FFCCE700AA0002024B01461868FFF755
:10549800AFBF00BF1000002210B50C46B1F90E10C6
:1054A80000F0BEF8002803DB236D0344236510BD1C
:1054B800A38923F48053A38110BD00BF2DE9F041D7
:1054C8000C46B1F90C101F460546CB0516460BD401
:1054D80021F480513B4632462846A181B4F90E108A
:1054E800BDE8F04100F0B2B8B4F90E100223002272
:1054F80000F080F8B4F90C10EAE700BF10B50C46CC
:10550800B1F90E1000F076F8421CB4F90C3004D052
:1055180043F480532065A38110BD23F48053A381F5
:1055280010BD00BFB1F90E1000F052B870B5860773
:1055380047D0541E002A3ED0CAB2034601E0013CBF
:1055480039D303F8012B9D07F9D1032C2CD9CDB2FF
:105558000F2C05EB052505EB054535D9A4F1100CF5
:1055680003F1100E1A462CF00F064FEA1C1CB64425
:10557800C2E90055C2E9025510327245F8D10CF162
:10558800010214F00C0F04F00F0C03EB021213D0FD
:10559800ACF1040323F003030433134442F8045B1F
:1055A8009342FBD10CF003042CB1C9B21C4403F89C
:1055B800011BA342FBD170BD64461346002CF4D1F5
:1055C800F9E703461446C0E71A46A446E0E700BFD9
:1055D80038B50022064D044608462A60FDF708FD46
:1055E800431C00D038BD2B68002BFBD0236038BD8E
:1055F800D829002238B50C4684461146074D1A466C
:105608000023204664462B60FDF71AFD431C00D09A
:1056180038BD2B68002BFBD0236038BDD829002269
:1056280038B50C4684461146074D1A4600232046D5
:1056380064462B60FDF70EFD431C00D038BD2B6877
:10564800002BFBD0236038BDD829002238B50C4682
:1056580084461146074D1A460023204664462B60AF
:10566800FDF74EFD431C00D038BD2B68002BFBD046
:10567800236038BDD8290022014B1868704700BF45
:1056880010000022704700BF704700BF704700BF7E
:10569800704700BF844641EA000313F0030349D171
:1056A800403A23D30B6803604B6843608B68836080
:1056B800CB68C3600B6903614B6943618B69836184
:1056C800CB69C3610B6A03624B6A43628B6A83626C
:1056D800CB6AC3620B6B03634B6B43638B6B836354
:1056E800CB6BC36340304031403ADBD230320BD30E
:1056F8000B6803604B6843608B688360CB68C3604A
:1057080010301031103AF3D20C3205D351F8043B63
:1057180040F8043B043AF9D2043208D0D2071CBF3F
:1057280011F8013B00F8013B01D30B880380604668
:10573800704700BF082A13D38B07B1D010F00303BA
:10574800AED0C3F10403D21ADB071CBF11F8013B2A
:1057580000F8013BA4D331F8023B20F8023B9FE755
:10576800043AD9D3013A11F8013B00F8013BF9D2C8
:105778000B7803704B7843708B7883706046704762
:1057880020F0030110F00300C0F1000051F8043BC1
:1057980000F1040C4FEACC0C6FF000021CBF22FA97
:1057A8000CF213434FF0010C4CEA0C2C4CEA0C4C55
:1057B800A3EB0C0222EA030212EACC1204BF51F84E
:1057C800043B0430F4D0C2F1000102EA0102B2FA4B
:1057D80082F2C2F11F0200EBD2007047024B13B1F4
:1057E800024800F005B8704700000000718500020B
:1057F800002301461A46184602F062BF2DE9F84315
:105808000646DFF8AC800820894602F0C1FE05464E
:10581800304600F0F5FBD8F808305F6827F003073A
:10582800A7F11104A4EB09042C44B4FBF5F4013CE2
:1058380005FB04F4A54208DC0021304602F082FE94
:10584800D8F808303B44984205D0304600F0DEFBDB
:105858000020BDE8F8836142304602F073FE013053
:105868000FD03F1B104AD8F80830304647F00107E0
:105878005F6013681B1B136000F0C8FB0120BDE8C4
:10588800F8830021304602F05DFED8F80820831A1C
:105898000F2BDADD43F0010303495360034B1B6808
:1058A800C01A0860D1E700BFEC2900223C010022A1
:1058B8004801002200297CD02DE9F0410C468046A1
:1058C80000F09EFB764F54F8043CA4F10805BE682E
:1058D80023F0010168184268864222F0030200F0B2
:1058E8008380DE0700EB020C426033D454F8084C86
:1058F800DCF8043007F1080C2D1B214403F00103E8
:10590800AC68644564D0D5F80CE0C4F80CE0CEF877
:105918000840002B00F0818041F001036B600160BA
:10592800B1F5007F22D2CB080122490901338A4010
:1059380079680A4357F833107A6007EBC302083ACC
:10594800C5E9021247F83350CD604046BDE8F04142
:1059580000F05CBBDCF80430DB072BD541F0010319
:10596800B1F5007F44F8043C0160DCD3B1F5206F49
:105978004FEA512353D28B0903F1390003F138025E
:10598800C300F818FB580838984203D161E09B68B7
:10599800984204D05A6822F003028A42F7D8D8689D
:1059A800C5E9023085604046DD60BDE8F04100F0A1
:1059B8002DBB7047114407F1080C836863453FD03D
:1059C800C268DA60936041F001036B606950A7E731
:1059D800002B5FD10A44D0E90213CB60996042F0F2
:1059E80001036B60AA50B0E7DB070A4407D454F8F8
:1059F800083CED1A1A44D5E90213CB60996042F0CD
:105A080001036B60274BBD601B6893429DD8264BF2
:105A180040461968FFF7F2FE97E71144CDE7142BCB
:105A280008D9542B1DD80B0B03F16F0003F16E023C
:105A3800C300A6E703F15C0003F15B02C300A0E723
:105A480041F00103C7E90455C5E902CC6B60695010
:105A58007BE70121921001FA02F279680A437A6021
:105A68009EE7B3F5AA7F06D8CB0B03F1780003F1C4
:105A78007702C30085E740F25452934206D88B0C54
:105A880003F17D0003F17C02C3007AE74FF47E73D3
:105A98007E2276E741F001036B60016055E700BFA5
:105AA80048010022400100221C2A002201F10B03B8
:105AB800162B2DE9F04F074683B023D8102900F2A2
:105AC800AF8000F09DFA102518230220BC4E334405
:105AD8005C68A3F10802944200F08081636838464C
:105AE80023F00303D4E902122344CA6091605A6880
:105AF800083442F001025A6000F088FA204603B0E8
:105B0800BDE8F08F002B23F00705C0F28980A94279
:105B180000F2868000F074FAB5F5FC7FC0F0B4811D
:105B28006B0A00F08180042B00F27E81AB0903F13F
:105B3800390003F1380EC300A14E3344A3F1080C19
:105B48005C68A44507D10DE0002AE16880F2328143
:105B58008C450C4606D0636823F003035A1B0F2AB2
:105B6800F2DD7046DFF870823469444500F0E78062
:105B7800636823F0030CACEB05030F2B00F394814F
:105B8800002BC6E9048880F28381BCF5007FD6F833
:105B980004E080F029814FEADC0301224FEA5C1C13
:105BA800013302FA0CF256F833104EEA020E06EBF5
:105BB800C302083AC6F804E0C4E9021246F83340C2
:105BC800CC6083104FF0010C0CFA03FCF44531D87B
:105BD8001CEA0E0F07D120F003004FEA4C0C0430EA
:105BE8001CEA0E0FF9D006EBC00A8146D646DEF84D
:105BF8000C300BE05A681C46DB6822F00302511B8C
:105C08000F2900F31D81002980F231819E45F1D1D1
:105C180009F101090EF1080E19F0030FE7D167E148
:105C28000C233B60002469E74FF4007340204FF0D9
:105C38003F0E81E7B468636823F00309A9EB050305
:105C48000F2B02DDA94580F0A4805E4B08201B685D
:105C580003F1100804EB0903009302F099FC5A4A77
:105C6800A84483461368013305D008F1FF3843423E
:105C7800804403EA08084146384602F063FCB0F164
:105C8800FF3F8246504A79D0009B83425AD9B4429A
:105C980074D14E4B0BF1FF3C186800EB080EC3F8AB
:105CA80000E01168013100F07381009AAAEB02024A
:105CB80072441A601AF00702CDE9002300F042810D
:105CC800C2F10802384692445A44D04408EA0C010A
:105CD800521A02EA0C0B594602F034FC421C019B92
:105CE80000F06E81A0EB0A0000EB0B08196848F081
:105CF8000102B442C6F808A05944CAF80420196041
:105D080032D0B9F10F0F40F20C816068A9F10C0292
:105D18004FF0050C22F0070200F0010010430F2A93
:105D2800606004EB0200C0E901CC1DD904F1080150
:105D380038460093FFF7BEFD009B196814E0D6F8BB
:105D480004E03EE7214B0BF1FF3C196841448E46C5
:105D58001960A6D1009810EA0C0FA2D109EB08032C
:105D6800B26843F001035360194B1A688A4238BF7E
:105D78001960184B1A688A4238BF1960B46862689B
:105D880022F00302531B0F2B40F3CE80954200F202
:105D9800CB80621945F0010543F00103083444F84B
:105DA800045C3846B260536000F030F9204603B016
:105DB800BDE8F08FA26823443846D1608A6096E631
:105DC800480100221C2A00223C010022EC29002262
:105DD800182A0022142A002250010022DC68A3425B
:105DE8007FF47CAE0230BDE6BCF5206F4FEA5C2242
:105DF8006CD3142A00F2B98002F15C035B32DB0039
:105E0800F118F3580839994203D191E09B689942F7
:105E180004D05A6822F003026245F7D8D968C4E969
:105E280002318C60DC60CCE6142B56D9542B00F27E
:105E3800A5802B0B03F16F0003F16E0EC3007BE608
:105E4800D4F808C03846671945F001056560CCF8F4
:105E58000C30C3F808C041F00103C6E90477C7E96C
:105E680002887B60A150083400F0D0F846E622444E
:105E78003846516841F00101516054F8082FD36049
:105E88009A6000F0C3F839E6E80805F108031DE652
:105E9800A44438460834DCF8043043F00103CCF855
:105EA800043000F0B3F829E6621943F0010145F027
:105EB800010538466560C6E90422C2E902885160D6
:105EC80044F80C30083400F0A1F817E64FEA9C12A9
:105ED80002F139033832DB0092E703F15C0003F189
:105EE8005B0EC30028E65AF80839534540F0858010
:105EF80010F0030F00F1FF30F5D1736823EA0C03AB
:105F080073604FEA4C0C0CF1FF329A4204D391E6CD
:105F18004FEA4C0C09F104091CEA030FF8D0484673
:105F280061E60123CAF80430384600F06FF879E6D4
:105F380092104FF0010C0CFA02F24EEA020EC6F86B
:105F480004E06CE70AEB0802384602EA0C02ABEB05
:105F5800020B0BEA0C0B594602F0F4FA431C019BA6
:105F68007FF4C0AEDDF800B0C0E6542A13D84FEA7B
:105F78001C3202F16F036E32DB0041E7B3F5AA7FF2
:105F880013D8EB0B03F1780003F1770EC300D3E5C8
:105F9800C2F800A08EE6B2F5AA7F19D84FEADC3223
:105FA80002F178037732DB002AE740F25452934239
:105FB80019D8AB0C03F17D0003F17C0EC300BBE5DF
:105FC800009A4FF0000B083A9044A8EB0A088DE6B7
:105FD80040F254539A420CD84FEA9C4202F17D0396
:105FE8007C32DB000CE74FF47E737F204FF07E0E8F
:105FF800A2E54FF47E737E2202E7736881E700BF53
:106008000148FFF743BB00BFDC2900220148FFF726
:106018003FBB00BFDC2900222DE9F04F2DED048B9A
:10602800D3B017461C46824605910DF188090B939B
:1060380002F084FA036818461393FFF7A1FB0822BD
:10604800129000214846FFF771FABAF1000F04D008
:10605800DAF83430002B01F06E80059B5A6EB3F9E4
:106068000C30D50702D4980540F1BE86990407D4B0
:10607800059943F400534A6E8B8122F400524A6614
:106088001A0740F1D280059A1269002A00F0CD80E3
:1060980003F01A020A2A00F0D7800023B8469E4669
:1060A800CDE9273329ABCDF85CE0CDF858E09B4625
:1060B8002693CDF860E0CDF81CE0CDF840E09FEDE8
:1060C800948BCDE914EE4546934BD3F8E44002F0A7
:1060D8002FFA2A4603461EA95046CDF80090A0473D
:1060E8000028034600F0D180C0F2C7801E9A252AF6
:1060F80001D01D44E8E7B5EB0806044640F0C98026
:1061080000234FF0FF3205F1010819468DF86F3072
:1061180009936B780692039108F10108A3F1200214
:106128005A2A00F2FB80DFE812F0C202F900F900F7
:10613800BB02F900F900F9006B00F900F9007702D9
:106148009302F9008202A002F90099025B005B0049
:106158005B005B005B005B005B005B005B00F900C1
:10616800F900F900F900F900F900F9007C01F900DB
:10617800FD013B037C017C017C01F900F900F90079
:10618800F9003403F900F900D902F900F900F9001F
:106198001B02F9002103F900F9003907F900F90099
:1061A800F900F900F900F900F900F9007C01F9009B
:1061B800FD014F027C017C017C0189024F02F6013E
:1061C800F9005503F900710336075F03F601F9007A
:1061D8001B027D005F07F900F9006307F9007D00E5
:1061E800A3F130020023194601EB810118F8013BA5
:1061F80002EB4101A3F13002092AF5D909918DE793
:10620800504602F09BF9436818461893FFF7B8FA0E
:1062180016900446504602F091F983681493002CB6
:1062280040F0D28598F8003076E7059D504629461B
:1062380001F0FEFF002841F08083B5F90C3003F02F
:106248001A020A2A7FF429AF0599B1F90E20002A0B
:10625800FFF623AF4A6ED60702D49D0541F1778138
:1062680023463A460599504601F0B4FC0790079832
:1062780053B0BDEC048BBDE8F08F082200214846DE
:10628800FFF754F901231D441EE7B5EB0806044641
:1062980011D0289B33442893279B0133072B27933E
:1062A800CBE9008611DC0BF1080B079B33440793FD
:1062B800002C7FF425AF289B002B41F0268100227B
:1062C800059B2792B3F90C3012E026AA059950468F
:1062D80001F0FCFC48B90DF1A40BE6E7DA460A9B8D
:1062E8001BB10A995046FFF7E5FA059BB3F90C3044
:1062F800059A526ED00740F104815A0601F12983AC
:10630800079853B0BDEC048BBDE8F08FAFF3008065
:106318000000000000000000500500220D93002B33
:10632800C9D0002139AA8DF8E43001238DF86F1007
:1063380004930C920A91069108931191CDE90E11DC
:10634800039B13F0020302D0049A023204920398CA
:10635800289A10F0840505D10998049C041B002C88
:1063680000F3948081B1012101320DF16F00CBF867
:106378000410279928920131CBF8000007292791AA
:1063880000F3CB830BF1080B7BB1279B1CA90232CE
:106398000133CBF8001002212892072B2793CBF862
:1063A800041000F3C8830BF1080B802D00F09182D4
:1063B800069B08995C1A002C00F3C782039BDC0536
:1063C80000F132820C9BCBF80030089B1A44CBF8C2
:1063D8000430279B28920133072B279300F3488327
:1063E8000BF1080B039B5C0705D5099B04995C1A04
:1063F800002C00F3AC83079B099904988142ACBF39
:106408005B181B180793002A40F0F3820023279398
:106418000A9B1BB10A995046FFF74CFA0DF1A40BE1
:1064280051E60D930B9B073323F00703B3EC028B64
:106438009FEDA57BB0EEC86B0B93B4EE476BF1EE06
:1064480010FA40F30185B5EEC08BF1EE10FA01F1B8
:1064580083819DF86F10039B00209D4A23F08003E1
:106468000A9003939B4B0D9C0690472CD8BF1A4665
:10647800032311900C9204930893CDE90E00002990
:106488003FF45EAF049B0133049359E7102C27991E
:10649800914E26DDDC461027C3461993A846059D74
:1064A80002E0103C102C18DD013110320729CCE92C
:1064B8000067CDE927120CF1080CF2DD26AA29465F
:1064C800504601F003FC0DF1A40C00287FF407AF3F
:1064D800103C102CDDE92712E6DC4546199BD8460E
:1064E800E34601312244CBF800600729CBF8044089
:1064F800CDE9271200F30E860BF1080B9DF86F10FB
:1065080030E799053FF5F9AE059CA06DFFF7C0F897
:10651800B4F90C30F1E6039B43F02003039398F899
:106528000030F9E50B9A432B0D9302F1040400F0B7
:10653800A185039BD80600F19D850B9B39AE1B688E
:106548008DF8E4300123049308930021CDE90B462C
:106558008DF86F100A9106911191CDE90E11EFE6B1
:106568000B9E0D9300238DF86F3056F8043B0C9367
:10657800002B00F06E850D9B532B00F0F585039BD7
:1065880013F010030E9340F0EF85069B002BC0F22A
:10659800CB871A460E990C9802F008F80A90002842
:1065A80001F058820A9B0C9A9DF86F109A1A0E9B5C
:1065B8000B96089222EAE2720693049273221193D0
:1065C8000D920F930A935AE70D93039B990640F196
:1065D800F0800B9B073323F007031A46596852F8DB
:1065E800083B0B920A460029C0F225840699002927
:1065F800C0F2E882039921F08001039140F0E28221
:1066080053EA020114BF0121002140F0DB8252ABA2
:10661800069108910C939BE00B9B53F8042B002ADE
:10662800099280F2EE83099A0B9352420992039BD6
:1066380043F00403039398F800306DE598F80030B0
:10664800682B00F0E684039A42F04002039263E567
:106658002B238DF86F3098F800305DE5039B43F0ED
:106668008003039398F8003056E5404610F8013B44
:106678002A2B01F08582A3F13002092A01F23E811A
:10668800002101EB810110F8013B02EB4101A3F16C
:106698003002092AF5D941EAE172804606923DE5C1
:1066A800039B43F00103039398F8003034E59DF809
:1066B8006F2098F80030002A7FF42EAD20228DF844
:1066C8006F2029E5AFF30080FFFFFFFFFFFFEF7F9B
:1066D80090AD00028CAD0002E8B400020D93039B5C
:1066E80043F010030393039B13F0200200F0DE82B3
:1066F8000B9B073323F0070319465A6851F8083BE8
:106708000B91039921F4806700210020069C8DF8E5
:106718006F00002CC0F24C8127F08000039053EAF0
:10672800020040F04481201E18BF0120002C40F0D8
:106738003E81002940F0418217F001030691089339
:1067480000F0638230238DF847310DF247130C9324
:10675800069A002308989DF86F1082420A931193B5
:10676800B8BF0246CDE90E33049288E60D93039B29
:1067780043F0100717F0200200F0A9820B9B0121BB
:10678800073323F0070318465A6850F8083B0B9064
:10679800BBE7039B43F00803039398F80030BBE47E
:1067A8000D93039B43F010030393039B99063FF556
:1067B80010AF0B9A52F8043B0B92039AD20600F1E1
:1067C8003583039A570640F12D8343F3C0321BB239
:1067D800114608E798F800306C2B00F03084039AD3
:1067E80042F01002039297E4039B78200B9A43F03F
:1067F800020747F63003A449ADF8703052F8043B5D
:10680800179102210B9200220D907EE7039B9C06B4
:1068180040F1A4830B9B079A1B681A60D2175A6031
:106828000B9B04330B934EE40D9B652B40F3328195
:10683800B5EE408BF1EE10FA40F0E480279B013270
:10684800924901332892CBF800100121072B279396
:10685800CBF8041000F374840BF1080B1D9B1099FE
:106868008B4280F2C982129B13991A44CBE9001318
:10687800279B28920133072B279300F3D4830BF12E
:10688800080B109B5C1E002C7FF7ACAD102C279BCF
:106898007F4E40F3C0841025059F03E0103C102C68
:1068A80040F3B98401331032072BCBE90065CDE9F9
:1068B80027320BF1080BF1DD26AA3946504601F0C4
:1068C80005FA00287FF40BAD0DF1A40BDDE92732A2
:1068D800E4E7099B04995C1A002C7FF769AD102C3A
:1068E800279B6B4E1EDD1025059F02E0103C102CE7
:1068F80018DD01331032072BCBE90065CDE92732CB
:106908000BF1080BF2DD26AA3946504601F0DEF9F4
:1069180000287FF4E4AC103C0DF1A40B102CDDE949
:106928002732E6DC01332244CBF80060072BCBF892
:106938000440CDE9273200F35F83069B0BF1080B77
:1069480008995C1A002C7FF739AD102C279B504E04
:106958001FDD1027059D02E0103C102C19DD0133C6
:1069680010324B49072BCBE90017CDE927320BF141
:10697800080BF1DD26AA294650460DF1A40B01F0BB
:10698800A5F900287FF4ABAC103C102CDDE92732C8
:10699800E5DC01332244CBF80060072BCBF8044038
:1069A800CDE9273200F375810BF1080B06E5039F4B
:1069B800012900F00881022952A900F013810C4630
:1069C80003F00701DB08204643EA42733031D2085E
:1069D80004F8011D53EA0205F2D130290C9402D0C3
:1069E800FD0700F1CC8252AB0C9A03979B1A0893CF
:1069F800AEE626AA0599504601F068F900283FF44A
:106A080005AD6CE41D99002900F37181279B0132C3
:106A18001E4801332892CBF800000120072B27934A
:106A2800CBF8040000F3B6860BF1080B109B0B4360
:106A380000F0F586129B13981A44CBE90003279BB4
:106A480028920133072B279300F3DA860BF1080B02
:106A58000029C0F283870C990133CBF80010072B6B
:106A680010990A44CBF80410CDE927327FF7B8AC67
:106A780026AA0599504601F029F900287FF42FAC81
:106A8800289A0DF1A40BADE49CAD0002CCAD000238
:106A9800D8B4000210990132279B0BF10800012994
:106AA80003F1010340F3B4800C99072BCBF80010D5
:106AB8004FF00101CDE92732CBF8041000F31E8313
:106AC80012990133139C0A44072BC0E90041CDE910
:106AD800273200F307830830B5EE408B10994D1E1E
:106AE800F1EE10FA00F0B08001330C992A444560A9
:106AF8000131072B0160CDE9273200F39980083076
:106B0800159901330A444160072B20A9CDE92732A2
:106B18000160ADDC00F1080B64E426AA0599504633
:106B2800199301F0D3F800287FF4D9AB289A0DF116
:106B3800A40B199B28E426AA0599504601F0C6F82B
:106B480000287FF4CCAB289A0DF1A40B2DE4102C6F
:106B5800279BB24E1EDD1025059F02E0103C102C2D
:106B680018DD01331032072BCBE90065CDE9273258
:106B78000BF1080BF2DD26AA3946504601F0A6F8BB
:106B880000287FF4ACAB103C0DF1A40B102CDDE910
:106B98002732E6DC01332244072BCBE90064CDE938
:106BA80027327FF728AC26AA0599504601F08EF8BF
:106BB80000287FF494AB289A1DE452AB0690089005
:106BC8000C93C5E5039F0A2B72F1000180F02F8317
:106BD800303303978DF84731012308930DF247139B
:106BE8000C93B5E5179C03F00F001B09205C43EAE2
:106BF8000273120901F8010D53EA0200F3D152ABF6
:106C08000C9103975B1A0893A2E552AB0C939FE58E
:106C18000399CD073FF548AF0C99072BCBF8001027
:106C28004FF00101CDE92732CBF804107FF768AFA8
:106C380026AA0599504601F049F800287FF44FAB81
:106C480029A8DDE927325BE7109901297FF758AFBA
:106C58001129734E40F350831024059F03E0103D23
:106C6800102D40F3498301331032072BC0E900642B
:106C7800CDE9273200F10800F1DD26AA3946504651
:106C880001F024F800287FF42AAB29A8DDE927328F
:106C9800E5E726AA0599504601F018F800287FF480
:106CA8001EAB289A0DF1A40BFFF788BB0B9951F87E
:106CB800043B0B91039911F010017FF422AD039A64
:106CC80012F0400000F045839BB20A4619E50B9983
:106CD80051F8043B0B9117F0100140F09C8017F01D
:106CE800400000F093800A469BB201210DE50E9DFD
:106CF800109B9D42A8BF1D46002D0CDD0C9B2A440D
:106D0800CBE90035279B28920133072B279300F303
:106D18006A850BF1080B0E9C002DA8BF641B002C84
:106D280000F3F4820C9B0E9F1F44039B5B0500F14C
:106D380077841D9C109B9C42C0F2B481039BDE07A4
:106D480000F1B08110990C9B0C1B0B44DB1BA34278
:106D5800A8BF2346002B1D460DDD1A44CBF804308E
:106D6800279BCBF8007001332892072B279300F359
:106D78008D850BF1080B002DA8BF641B002C7FF735
:106D880031AB102C279B264E40F345821025059FDA
:106D980003E0103C102C40F33E8201331032072BE5
:106DA800CBE90065CDE927320BF1080BF1DD26AA06
:106DB8003946504600F08AFF00287FF490AA0DF16A
:106DC800A40BDDE92732E4E7002B3FF42BAA149B40
:106DD8001A7898F80030002A3FF49EA9039A42F4E2
:106DE80080620392FFF798B9059DA86DFEF74EFCE7
:106DF800B5F90C30FFF73AB9039BD8077FF5F2AA2B
:106E080031E50B9398F80030FFF786B917F4007254
:106E180001D0DBB20246012177E400BFE8B40002EA
:106E2800D8B40002039A960500F16983DA1711466F
:106E38000029BFF6DBAB5B42039F4FF02D004FF0FC
:106E4800010162EB420261E4B4EE488BF1EE10FA04
:106E580080F112860D9B23F02004412C40F08A8299
:106E6800612B4FF030038DF8703014BF582378230E
:106E78008DF87130069B632B00F37E8300230A9301
:106E880039AB0C9318EE903A002B80F24085B1EEA6
:106E9800480B2D2319931DA801F0D6FBB4EE007BF7
:106EA80020EE077BB5EE407BF1EE10FA01D101230D
:106EB8001D93AA4AB3EE004B069BA9480D99013BC6
:106EC800612908BF10460C9A06E0B5EE407BF1EE4A
:106ED80010FA00F0B3850B4627EE047B1546591EC1
:106EE800FDEEC76B16EE904AB8EEE65B045D37EE32
:106EF800457B02F8014B5C1CE7D1B6EE005BB4EEB3
:106F0800C57BF1EE10FA40F30D86C47B1346249539
:106F180012F8011C8C4209D1302503F8015C249B2E
:106F2800591E249113F8011C8C42F6D0392900F01F
:106F380033860131C9B203F8011C1346039A0121B3
:106F480042F0020203920C9A9B1A0D9A10930F3288
:106F58001D9BD2B20E93013B1D9368E2039BD8069A
:106F680000F1C481039B590600F1C382039B9A0573
:106F780040F1BC810B9B079A1B681A7050E43023C0
:106F88000C9A0238039702F8013C52AB0C901B1A7A
:106F98000893FFF7DDBB0D93FFF7A5BB0D93704B6F
:106FA8001793039B13F0200200F08B800B9B073391
:106FB80023F0070319465A6851F8083B0B9153EA26
:106FC80002010BD00399CE0708D541F002010391C5
:106FD8000D998DF8711030218DF87010039921F4F6
:106FE80080670221FFF791BB039F0D93FFF7C2BB98
:106FF8000D935A4B1793D4E726AA0599504600F0EB
:1070080065FE00287FF46BA9289A0DF1A40BFFF701
:10701800CFB9039B08F1010843F40073039398F870
:107028000030FFF779B826AA0599504600F04EFEC1
:1070380000287FF454A9289A0DF1A40B21E4039B9E
:1070480008F1010843F02003039398F80030FFF794
:1070580063B8069A19460693062A0A93119328BF1D
:1070680006220B96CDE90E333E4B049208920C9300
:10707800FFF705BA0822002124A839AEFEF756FA10
:107088000B9A24AB50461268314602F0F9FF0346CA
:107098000890013300F05385089B23EAE3730493B7
:1070A800FFF753BA129B13991A44CBE90013279B95
:1070B80028920133072B279300F3C4830BF1080BA5
:1070C80040E60B9951F8043B0B91039911F010011C
:1070D8007FF475AF039A12F0400000F043819BB231
:1070E8000A466CE726AA0599504600F0EFFD0028ED
:1070F8007FF4F5A829A8DDE92732EDE426AA059949
:10710800504600F0E3FD00287FF4E9A829A8DDE94E
:107118002732D5E426AA05995046199300F0D6FDE2
:1071280000287FF4DCA89DF86F100DF1A40B289AB5
:10713800199BFFF717B95046FEF7FAF8FEF78DBF0F
:1071480026AA0599504600F0C1FD00287FF4C7A87B
:10715800289A0DF1A40BFFF781BB00BF9CAD00027C
:10716800B0AD0002C4AD000224AD0C9B0822002182
:1071780028461F93FEF7DAF9069F002FC0F24182D6
:107188000024049626460EE039A9504602F078FFFE
:10719800431C04F10404304400F02B84B84207DC9B
:1071A80000F0458406461F9A2B461259002AEBD157
:1071B8000896049E089B002B00F0FA82632B40F38C
:1071C800AC83591C5046FEF771FC0C90002800F067
:1071D800F0840C9B0A93082200212846FEF7A6F9A2
:1071E800089C1FAA0C9923465046009502F06EFF92
:1071F800844240F0D88400230C99089A0B968B544B
:1072080022EAE2729DF86F10069304921193CDE979
:107218000E33FFF734B901332244CBF80060072B53
:10722800CBF80440CDE927327FF7DAA820E407F449
:10723800806100209E46CDF820A00DF5A47CB84EB4
:10724800052582460B46CDF82880CDE9037B07E06B
:10725800BEF10A0F72F1000238D3BE462246C44678
:107268001EEB02000AF1010A0CF1FF3840F10000A0
:10727800A6FB001424F0030101EB94014FF0CC3479
:10728800401ABEEB000162F1000704FB01F406FBA3
:107298000744A1FB06710C4407F001017F08A1FB1C
:1072A800051B47EAC4770918640830310CF8011C3B
:1072B800002BCDD0149909785145C9D1FF29C7D0E1
:1072C800BEF10A0F72F1000280F0CA82424652AB48
:1072D800CDF830809B1ACDF840A0DDF810B0DDF86D
:1072E80020A0DDF828800893FFF732BA0B9B079A95
:1072F8001B681A60FFF794BA01332A440660072B0B
:107308004560CDE927327FF7FAAB91E4102C279B33
:10731800844E40F3E1801025059F03E0103C102CBB
:1073280040F3DA8001331032072BCBE90065CDE951
:1073380027320BF1080BF1DD26AA3946504600F03A
:10734800C5FC00287EF4CBAF0DF1A40BDDE9273294
:10735800E4E7039A12F400723FF4D3A9DBB20246C1
:10736800FFF7CFB9039A12F400723FF428AEDBB2EC
:10737800024624E6069B5D1C00F0FB80472C03D1E7
:10738800002B08BF01230693039B43F4807618EE75
:10739800903A002BC0F26B83B0EE489B0023199300
:1073A8000D9B652B00F06E8200F3DB81452B00F00E
:1073B8006982462B40F0D981069D032124ABB0EEAB
:1073C800490B2A46504601931FAB00931DAB01F0B1
:1073D80057FA462C0C90284406D10C9B1B78302B6E
:1073E80000F066821D9B1844B5EE409BF1EE10FA42
:1073F80000F08982249B834206D230215A1C2492B1
:107408001970249B9842F9D81D9A0E920C9A472C11
:10741800A3EB0203109300F0C780462C00F05482BF
:107428000E9B013B00219DF834201D930A91002BEF
:107438008DF88020C0F2E8822B22092B8DF881205C
:1074480040F3C5820DF19706354F3446A7FB03215B
:107458001D462046013CC908632D01EB8102A3EBC0
:1074680042020B4602F1300200F8012CEEDC303308
:1074780004F8013C831EB34280F06D830DF1810254
:1074880013F8011BB34202F8011FF9D152AB181AC5
:10749800A0F1AD031593109B159A012B1A4408927D
:1074A80040F3A282089B129A13440893039B089AFC
:1074B80023F4806322EAE27243F480730492039314
:1074C80000231193CDE90E33199B002B5FD19DF852
:1074D8006F100693FEF7D3BF01332244CBF8006048
:1074E800072BCBF80440CDE9273235DC0BF1080B2C
:1074F80018E40B9B079A1B681A80FFF791B943F3AE
:10750800C0125BB21146FFF76EB826AA059950461D
:1075180000F0DCFB00283EF4D2AEFEF7E6BE00BF6A
:10752800CDCCCCCCD8B400020C98FEF729F9732244
:107538000E9B0D9220EAE0729DF86F100B96089052
:107548000693049211930F930A93FEF798BF886DE0
:10755800FEF79EF8FEF784BE26AA0599504600F06D
:10756800B5FB00287EF4BBAE289A0DF1A40BFFF7FB
:10757800D9BB0623069307E7591C5046FEF796FA2F
:107588000C90002800F0DB820C9B0A937AE42D21F2
:1075980000238DF86F100693FEF774BF249B0C9A96
:1075A8009B1A10931D9B0E93069A0E9B9A4201DB21
:1075B800033305DA0D9B023B0D930E9B013B31E72C
:1075C800109B0E9A934200F3AD81039B13F0010FB9
:1075D8000E9B00F03182129A13440893039B5D05B9
:1075E80003D50E9B002B00F35F82089B23EAE3730D
:1075F800049367230D93002303960A9311930F9323
:1076080062E700231FAA50460095194602F05EFD66
:1076180003460890013300F0EC810C9B1F93C9E5E9
:10762800119B002B03DC0F9B002B40F3B8821099B1
:107638000C9B9E4E0B445946D346DDF844A0CDF82A
:107648004480DDF85080BAF1000F33DC0F9808F160
:10765800FF3801380F901698189C0244C1E9004081
:107668002798289201300728279049DC0831DD1B2C
:1076780098F8000006938542A8BF0546002D0BDD4B
:1076880027982A440130289207282790C1E90075D5
:1076980053DC083198F80000002DACBF441B0446A9
:1076A800002C0ADC07440F980028CCDCBAF1000F44
:1076B80040F329820AF1FF3ACDE7102C279840F3CE
:1076C8002E8208971025059FCDE90D6302E0103C36
:1076D800102C22DD013010320728C1E90065CDE900
:1076E800270201F10801F2DD26AA3946584600F0C2
:1076F800EDFA00287EF4F2AD29A9DDE92702E6E7D4
:1077080026AA05995846069300F0E0FA00287EF468
:10771800E5AD289A29A9069BA9E7089FDDE90DC3CD
:1077280001302244C1F800C007284C60CDE9270287
:107738004ADC083198F80000B4E726AA05995846AB
:10774800089300F0C3FA00287EF4C8AD98F800004A
:1077580029A9289A089B9FE72D218DF86F10FEF71D
:107768007ABE0D9B662B3FF427AE24ABB0EE490BD7
:10777800069A022101931FAB504600931DAB01F0FE
:107788007FF8039B0C90DF077FF508AF0C9B069AE8
:10779800981829E626AA0599504600F097FA002875
:1077A8007EF49DAD1D990DF1A40B289AFFF73EB903
:1077B800089B9DF86F100B960493069311930A93F8
:1077C800CDE90E33FEF75BBE26AA05995846089305
:1077D80000F07CFA00287EF481AD98F8000029A911
:1077E800289A089B5EE726AA0599504600F06EFA8B
:1077F80000287EF474AD289A0DF1A40BFFF78BBA1C
:1078080026AA0599504600F061FA00287EF467AD73
:107818001D990DF1A40BDDE92732FFF719B9039B78
:10782800D9077EF5DFAD129B13991A44CBE90013F3
:10783800279B28920133072B2793E1DC0BF1080BD8
:10784800FFF709B926AA0599504600F03FFA002823
:107858007EF445AD1D9C0DF1A40B289AFFF772BA72
:107868000C93169B1899A8EB03081A46404600F09B
:107878002DFE14990C9B4A780AB1013114914FF0EE
:10788800000AEAE4069B02215D1C97E526AA0599F1
:10789800504600F01BFA00287EF421AD1D9C0DF126
:1078A800A40B109B289A1C1BFFF765BAD8B40002DA
:1078B800B5EE409BF1EE10FA40F049811D9B18444B
:1078C8000E930C9BC31A1093039B0E9903F00103AC
:1078D800069A002943EA020340F34081002B40F056
:1078E800DB800E9B089366230D93039B5B0500F1D9
:1078F800DD80089B23EAE37304937CE6002280463C
:107908000692FEF70BBC1D9A03460E927EE50023F5
:10791800B0EE480B1993FFF7BEBA00230A9339ABB0
:107928000C9358E4129A109B13441A4608930E9B22
:10793800002B6EDD67230D93D7E7059B5B6EDB0796
:1079480007D4059B9B899F0503D4059B986DFDF77C
:107958009FFE4FF0FF330793FEF7D2BC4C42103125
:10796800994E1BDA102502E0103C102C16DD01336D
:107978001032072BCBE90065CDE927320BF1080B54
:10798800F2DD26AA0599504600F0A0F900287EF4F9
:10799800A6AC0DF1A40BDDE92732E5E7013322445B
:1079A800CBF80060072BCBF80440CDE927327FF7EE
:1079B80045AF26AA0599504600F088F900287EF4BC
:1079C8008EAC0DF1A40BDDE92732FFF744B859BBA3
:1079D80030228DF882200DF18302303302F8013B0A
:1079E80020ABD31A159356E5039BDE077FF55EADF2
:1079F80058E5059B0022B3F90C300A9243F0400386
:107A0800059A9381FEF76BBC0E9B2D22C3F10103EF
:107A180013E5C3F101031A4413460892672223EAC7
:107A2800E3730D920493E6E50DF18202D5E7069B18
:107A3800049E0893FFF7BEBB0893CFE5002BFFF623
:107A48007CAA01333021134402F8011B9342FBD175
:107A5800FFF774BA069B73229DF86F100B96049378
:107A6800089306900D9211900F90FEF708BD2D23F4
:107A7800B1EE489B199393E418EE903A002B3EDB45
:107A88009DF86F10039B0020504A23F080030A9052
:107A980003934F4BFEF7E7BC1346129A13440B446B
:107AA800089366230D9320E767230D9314990B78A9
:107AB800FF2B00F0858000240E9A204603E0013059
:107AC8000131FF2B08D0934206DAD21A4B78002BEB
:107AD800F5D10B780134F4E714910F9011940E92BC
:107AE8000F9A119B16991344089A039601FB0323D6
:107AF8000022089323EAE3730A920493E4E42D2115
:107B08008DF86F10BEE7DA46CDF85080069B8B469D
:107B1800DDF844809F4228BF1F46FFF70AB9DFF807
:107B2800A8C0FDE5B4EE457BF1EE10FA7FF405AA96
:107B380016EE903ADB077FF500AAFFF7E6B9059A3B
:107B4800B2F90C3043F040039381FEF7D1BBC5F185
:107B580001031D9347E4022315939CE42BB90123E9
:107B6800662204930D92089345E5129B66225D1CDC
:107B7800069B0D922B44089323EAE37304933AE59A
:107B88000B9A98F80130804652F8041B41EAE171DB
:107B98000B920691FEF7C0BA817AFFF7CCB90C9B1D
:107BA80010990B44B6E7059BB3F90C3043F040033A
:107BB80026E7059B0A90B3F90C3043F040031FE712
:107BC800002311930F938BE7D8B4000298AD0002FD
:107BD80094AD0002F0B51F468B89ADF26C4D154689
:107BE80023F00203064616A80C46ADF80C301AAB73
:107BF800009304934FF48063029305934B6E19939B
:107C0800CB89ADF80E30CB6907934B6A09930023F3
:107C18000693FDF737FD2A463B4669463046FEF790
:107C2800FBF9051E07DB6946304600F057F90028C6
:107C380018BF4FF0FF35BDF80C305B0603D5A3899C
:107C480043F04003A3811698FDF71EFD28460DF268
:107C58006C4DF0BD2DE9F84F4B6E90469C042DD528
:107C68009368126843B30D46064602F1080959E9BC
:107C7800022A5FEA9A0715D0A2F1040B002401E05A
:107C8800A7420DD02A465BF8041F3046013400F0A5
:107C98006DFB431CF4D10023C8E90133BDE8F88F1C
:107CA800D8F808302AF0030A09F10809A3EB0A03F7
:107CB800C8F80830002BDAD10020ECE700F038F9DA
:107CC8000023C8E90133BDE8F88F00BF10B49468F9
:107CD8001CB15DF8044BFFF7BDBF204654605DF84A
:107CE800044B704770B500293FD006460C4610B1CA
:107CF800436B002B3CD0636EB4F90C20DD0732D403
:107D0800900538D52146304600F04CF8E36A054620
:107D180033B1E169304698470028B8BF4FF0FF35C6
:107D2800A3891A0639D4216B41B104F14003994261
:107D380002D03046FDF7BEFD00232363616C21B1FC
:107D48003046FDF7B7FD00236364FDF70FFB636E54
:107D58000022DB07A2811CD5A06DFDF795FCFDF77D
:107D68000BFB284670BD002ACCD10025284670BDE3
:107D7800FDF7DEFABFE7A06DFDF788FCB4F90C301B
:107D8800002BBFD1636ED907EFD4A06DFDF780FC3F
:107D9800EBE7A06DFDF77CFCDEE721693046FDF7D7
:107DA80089FDC0E7B1F90C202DE9F04116070C4612
:107DB80080464ED4496842F400630029A38163DDFC
:107DC800A56A002D42D0002112F48052D8F8006034
:107DD800C8F80010E16964D101234046A847451C52
:107DE80002466DD0B4F90C30A56AE169580705D58B
:107DF8006368D21A236B0BB1E36BD21A0023404697
:107E0800A847431C4FD1D8F80010B4F90C301D29ED
:107E180040D8314ACA40D7073CD523F40062DD0474
:107E2800A2814FF0000262602269226001D5002918
:107E380044D0216BC8F8006041B104F14003994275
:107E480002D04046FDF736FD002323630020BDE83D
:107E5800F0810E69002EF9D092070D680E600CBFF4
:107E68004B690023AD1B8B600BE02B463246E16962
:107E78004046676AB847B0F1000CA5EB0C056644AC
:107E880006DD002DF1DCE1E7E16B002998DCDDE798
:107E9800B4F90C3043F040034FF0FF30A381BDE844
:107EA800F081226DA2E7B4F90C300022626023F45D
:107EB8000062DB04A28122692260BAD52065B8E796
:107EC800D8F80030002B8DD01D2B01D0162BDFD118
:107ED800C8F80060BAE700BF0100402038B5054681
:107EE8000C4608B1436B03B3B4F90C0088B1636E58
:107EF800DB0701D481050FD528462146FFF752FF3D
:107F0800636E0546DA0702D4A3899B0508D528467F
:107F180038BD0546284638BDA06DFDF7B7FBEBE731
:107F2800A06DFDF7B5FB284638BDFDF701FADBE784
:107F38009368002B00F0F980B1F90CC01CF0080F11
:107F48002DE9F04F904683B081460C4631D00B693D
:107F58007BB31CF00207D8F8006038D00027D4F8AB
:107F680024B0E169DFF8C4A23D4655452B463A46A0
:107F7800484628BF5346C5B1D847002840F3CB80B0
:107F8800D8F8083007442D1A1B1AC8F80830002BF7
:107F980000F0B78055452B46D4F824B03A46E1693D
:107FA80028BF53464846002DE6D1D6E90075083665
:107FB800DBE72146484600F03BF9002840F0B08056
:107FC800B4F90CC0D8F800601CF00207C6D11CF048
:107FD800010A64D123685746A16818468B46002FCA
:107FE80059D01CF4007F00F0B680B9420A4600F26E
:107FF800E2801CF4906F30D021695D1A636913EB3D
:10800800430348BF01334FEA630B6B1C3B445A469A
:108018005B4501D99B461A461CF4806F00F0EA8044
:1080280011464846FDF742FD002800F0F9802A462F
:1080380021690090FDF72EFBA289009B22F4906233
:1080480042F08002A2815819C4F814B0ABEB0505C0
:108058003A46BB462361A56020605146009200F075
:10806800B5F9A16823683D46009AA1EB0B010027EA
:108078001A44A1602260D8F80830AA445B1BC8F8EB
:108088000830002B3DD02368A168B4F90CC018460D
:108098008B46002FA5D1D6E900A708369DE73846BC
:1080A800BB463D460097002D41D0002846D0009A97
:1080B800A168AA426369206828BF2A4603EB010A1F
:1080C8002169884202D9524500F38580934275DCC4
:1080D8005A46E1694846676AB847B0F1000A1ADDAE
:1080E800009BB3EB0A0300930FD00120D8F80830A7
:1080F800D344A5EB0A05A3EB0A03C8F80830002B04
:10810800D1D1002003B0BDE8F08F21464846FFF7E3
:10811800E5FE0028EAD0B4F90C3043F04003A3810F
:108128004FF0FF3003B0BDE8F08F0020704775684E
:1081380033460836002DFAD0D3F800B02A460A2173
:10814800584600F033FA002867D00130A0EB0B0343
:108158001A460093ACE722699A4214D36269BA427C
:1081680011D86FF00043656AE1694846BB4228BFF1
:108178003B4693FBF2F302FB03F35246A847051E66
:10818800C9DD7F1B77E7B942184628BF39460D4637
:1081980051462A4600F01AF9A1682368491B2B4466
:1081A800A16023600029ECD121464846FFF796FEDE
:1081B8000028E6D0AFE7BB463A464EE7594601925B
:1081C80000F004F9019AA36892469B1AA3602368F9
:1081D8001344236084E75946524600F0F7F82368B1
:1081E8002146484653442360FFF778FE00283FF4B1
:1081F80077AF90E7484601F07DFD034600287FF4FD
:1082080022AF21694846FDF755FBB4F90C300C2222
:1082180023F08003C9F800207FE76A1C009247E733
:108228000C22B4F90C30C9F8002076E700FCFF7F77
:1082380038B52F4B05460C461B6813B15A6B002AFC
:1082480045D0B4F90C30180716D52269F2B113F0ED
:10825800010107D0616900204942A060A1613AB1DB
:10826800002038BD980758BF6169A160002AF7D17E
:10827800190638D4104638BDD9062CD55A0712D459
:10828800226943F00803A381002AE0D103F4207196
:10829800B1F5007FDBD02146284601F023FFB4F971
:1082A8000C302269D3E7216B51B104F140029142AD
:1082B80004D02846FDF7FEFAB4F90C3000222263F8
:1082C8000021226923F02403C4E90021D9E71846D4
:1082D800FDF72EF8B5E7092243F040032A60A38191
:1082E8004FF0FF3038BD43F04003A381F8E700BFEB
:1082F8001000002270B582B006460D46144600F004
:1083080017F9012802D16B1EFE2B26D904F15C0354
:108318002A4601A9304601F0B3FE431C20D078B1AB
:10832800A3689DF80410013B002BA36004DAA2693E
:10833800934208DB0A2906D023685A1C2260197068
:10834800284602B070BD2246304601F039FF0130A0
:10835800F6D14FF0FF3002B070BD8DF80450DFE762
:10836800A38943F04003A381F3E700BF30B5144667
:10837800526E054683B0D007B4F90C3001D49A0583
:108388001CD5980406D4626E43F4005342F400529C
:10839800A381626622462846FFF7ACFF636E054656
:1083A800DA0702D4A3899B0502D5284603B030BD5D
:1083B800A06DFDF76DF9284603B030BDA06D0191A1
:1083C800FDF764F9B4F90C300199DAE788420ED95F
:1083D8008B1883420BD900EB020C002A6ED0624640
:1083E80013F801CD994202F801CDF9D170470F2A4F
:1083F8000FD8034602F1FF3C002A5FD00CF1010CB4
:10840800013B8C4411F8012B614503F8012FF9D188
:10841800704740EA01039B0751D1A2F1100301F113
:10842800200C70B523F00F0501F1100E00F11004B7
:108438001B09AC445EF8105C0EF1100E103444F8C1
:10844800205C5EF81C5C44F81C5C5EF8185C44F820
:10845800185C5EF8145CE64544F8145CEAD1013314
:1084680012F00C0F02F00F0C01EB031100EB0313D9
:1084780029D0ACF1040C1C1F8E462CF003064FEAE1
:108488009C0C1E445EF8045B44F8045FB442F9D1C6
:108498000CF1010402F0030203EB840301EB8401F5
:1084A80002F1FF3C4AB10CF1010C013B8C4411F87C
:1084B800012B614503F8012FF9D170BD704702F116
:1084C800FF3C03469AE76246EAE700BF40EA010339
:1084D8009B0730B501D1032A17D8844601F1FF3E26
:1084E80007E01EF8011F541E03F8011B29B122469C
:1084F8009C466346002AF4D130BD002CFCD094443D
:1085080003F8011B6345FBD130BD0C468446256842
:1085180021460434A5F1013323EA050313F0803F13
:10852800DCD1043A4CF8045B032AF0D82146D5E79D
:10853800014B93F828017047500500220048704706
:108548004006002238B50022064D044608462A6037
:10855800FCF782FA431C00D038BD2B68002BFBD0F7
:10856800236038BDD829002238B5074D074C2C1B8D
:10857800A41005D0013C55F8043D9847002CF9D1CA
:10858800BDE8384003F0E0B864B7000260B7000205
:10859800082802D14FF48050704708B5FDF76CF8F1
:1085A800162203464FF0FF301A6008BD5FFA81FCBF
:1085B800810744D00346511E22B909E09A0709D021
:1085C800013905D31846013302786245F6D1704760
:1085D80000207047184603290CD80029F8D0034614
:1085E800014401E08B42F3D0184613F8012B624591
:1085F800F8D1704710B50CEB0C24024604EB044488
:1086080002E00439032915D9104652F8043B6340A7
:10861800A3F1013E2EEA030313F0803FF1D0034695
:10862800014401E08B4208D0184613F8012B62453B
:10863800F8D110BD10460029F1D1002010BD114617
:10864800C9E700BF0000000030B482B01A4C002116
:108658008DED000B019A016022F00043A3421FD860
:10866800009C1C431CD0154C144054B96FF03501C4
:108678009FED0F7B20EE077B8DED007B019A22F0AA
:1086880000436FF31E521B15DDE90045A3F2FE33CC
:1086980042F07F550B4445F400150360CDE90045D1
:1086A8009DED000B02B030BC704700BFAFF30080F7
:1086B8000000000000005043FFFFEF7F0000F07F44
:1086C8002DE9F8431C4D064698460F462868914602
:1086D800FCF7DCFF194B1C682CB3286865681F2D54
:1086E80024DC4EB96B1C0235636044F82570FCF736
:1086F800CFFF0020BDE8F88304EB85010123022E9B
:10870800C1F8889003FA05F3D4F8882142EA0302F5
:10871800C4F88821C1F80881E4D1D4F88C211A431F
:10872800C4F88C21DEE7064C1C60D6E7FCF7B0FFE6
:108738004FF0FF30DEE700BF38010022E8290022B1
:10874800202A00222DE9F04F036985B00C69A34265
:10875800C0F29080013C01F1140500F11408814633
:1087680055F824304FEA840C58F8242005EB840788
:10877800013308EB840B9A42B2FBF3F642D3002094
:10878800AA46C646CDF80C8003468846CDE901C501
:1087980005465AF8042BDEF8001090B257454FEA08
:1087A800124C06FB00508AB24FEA104580B206FB15
:1087B8000C55A2EB00021A44ABB24FEA1545C3EBC5
:1087C800224392B203EB114342EA03424FEA2343A6
:1087D8004EF8042BDDD24146DDF80C80DDE901C5F9
:1087E80058F80C3073B9ABF1040BD84504D307E043
:1087F800D84504F1FF3403D25BF80439002BF7D0D5
:10880800C9F81040484601F033F900282EDB002251
:108818004146944655F8040B0B681FFA80FEAF4298
:108828009AB24FEA1040A2EB0E026244C0EB22401B
:1088380092B200EB134042EA00424FEA204C41F862
:10884800042BE7D258F8242008EB84036AB9043BC8
:10885800434504D807E0984504F1FF3403D253F8A0
:108868000429002AF7D0C9F810400136304605B06F
:10887800BDE8F08F002005B0BDE8F08F00000000D3
:108888002DE9F04F2DED028B8FB0044691460291F1
:10889800816B1A9D049357EC106B8DED000B41B161
:1088A800C26B012393404A608B6000F083FE002373
:1088B800A363B7F10008C0F2AA8000232B60C44B61
:1088C80033EA080300F0AE809DED008BB5EE408BD7
:1088D800F1EE10FA0ED10123049A13601B9B13B119
:1088E800BC4B1B9A1360BC4E30460FB0BDEC028BDC
:1088F800BDE8F08FB0EE480B0CAA0DA9204601F098
:1089080099F905465FEA185340F0A380DDE90C2386
:10891800134403F23241202940F3D481C1F14001CC
:1089280008FA01F803F2124126FA01F148EA0101B6
:1089380007EE101AB8EE477B0121013B0A9117EEAA
:10894800906A51EC170BA6F1F871B7EE086B05EEBB
:10895800903A41EC170B37EE466BB8EEE54B9FEDBE
:10896800963B9FED977B9FED985BA6EE037BA4EE6D
:10897800057BB5EEC07BFDEEC76BF1EE10FA16EE87
:1089880090AA08D5B8EEE66BB4EE476BF1EE10FA94
:1089980018BF0AF1FF3AD31ABAF1160F03F1FF36DE
:1089A80000F286818D4A02EBCA0292ED007BB4EE9A
:1089B800C78BF1EE10FA64D50022002E0AF1FF3AB7
:1089C8000992C0F27A8100230593BAF1000F5EDAAA
:1089D800059BCDF818A0A3EB0A030593CAF1000381
:1089E8004FF0000A0393029B092B58D8052B40F33C
:1089F8007081043B00270293029B023B032B00F289
:108A08006D85DFE813F06A0367035C034003012305
:108A180028F000482B606E4BCDF8048033EA080339
:108A28007FF452AFC8F3130842F20F73049A58EA5E
:108A3800060813601DD01B9B694E002B3FF454AFF2
:108A4800F31C1B9A304613600FB0BDEC028BBDE8D7
:108A5800F08F18EE906A0021A3F2FF330C9AC6F348
:108A680013060A9151EC180B46F07F5141F440115E
:108A78006BE71B9B5B4E002B3FF436AF06F10803F8
:108A8800DFE7002B40F35C84002309930593002360
:108A98005644CDF818A00393029B092BA6D90023AE
:108AA80001274FF0FF3B9946029307970021CDF825
:108AB8002CB0E163204600F057FD8046002800F006
:108AC8001585BBF10E0F8CBF002707F00107A063C7
:108AD800002F00F0CE800699002940F3FC803F4B20
:108AE80001F00F02CF0503EBC20393ED006B4FEAD1
:108AF800211340F1AB823C4A03F00F03032192EDAE
:108B0800087B88EE075B5BB1374AD80704D501318B
:108B180092ED007B26EE076B5B1002F10802F4D1A0
:108B280085EE067B099B3BB1B7EE006BB4EEC67BC6
:108B3800F1EE10FA00F10E8406EE901AB8EEE65B3C
:108B4800B1EE0C6BA5EE076B16EE901A53EC162BD4
:108B5800A1F15073BBF1000F77D0069908915946DF
:108B6800FDEEC76B1D48079F43EC142B16EE903A99
:108B7800B8EEE65B00EBC102303337EE457BDBB283
:108B880012ED026B88F8003008F10102002F00F0A6
:108B9800A782B6EE003B83EE065B35EE445BB4EE8F
:108BA800C75BF1EE10FA00F33283B7EE002B00201A
:108BB800B2EE044B32E000BF61436F63A787D23F38
:108BC800B3C8608B288AC63FFB799F501344D33FB4
:108BD8000000F07FCDAD0002CCAD000230B5000240
:108BE80024AE000218AE000208B500020130884227
:108BF8003FDA27EE047B25EE045BFDEEC76BB8EE8B
:108C0800E63B16EE903A303337EE437B02F8013BF1
:108C1800B4EEC57BF1EE10FA00F1F98232EE476B43
:108C2800B4EEC56BF1EE10FAE0D51146DFE206EEC0
:108C3800901AB1EE0C5BB8EEE66BA6EE075B15EE8C
:108C4800901A53EC152BA1F15073B1EE046B43EC61
:108C5800152B37EE467BB4EEC57BF1EE10FA00F328
:108C6800A683B1EE455BB4EEC57BF1EE10FA00F1D8
:108C780064810D9B002B03DB069A0E2A40F3438187
:108C8800079A002A4DD0029A012A40F384830BF1F7
:108C9800FF33039A9A42C0F2C182D31ABBF1000F84
:108CA8000A9380F2E783059BA3EB0B030893C0E2CA
:108CB8000122002E0992BFF686AEC3F101030026F9
:108CC800059382E6C1F1200106FA01F107EE101AB8
:108CD80030E6012790E600F09D82069BBE4A5B4283
:108CE80003F00F011B1102EBC10292ED005B28EEAD
:108CF800055BB0EE457B00F0EE83B84A0020022108
:108D080013F0010F05D00131384692ED006B27EEC4
:108D1800067B5B1002F10802F2D1002805FE077BF2
:108D280000E7039B00270A93059B07970893089A77
:108D3800002A0BDD002E09DDB24213460599A8BFB3
:108D48003346C91AD21AF61A05910892039B5BB1E9
:108D5800079B1BB10A9B002B40F07E822946039A91
:108D6800204600F0B7FD05460121204600F0D2FC60
:108D78000390BAF1000F40F05381029B012B40F39E
:108D880069810123334413F01F0308D0C3F1200283
:108D9800042A00F30F820AD0C3F13C0300E01C232D
:108DA800059A1E441A440592089A1A440892059B8B
:108DB800002B05DD29461A46204600F0E5FD05464C
:108DC800002E05DD32460399204600F0DDFD0390B4
:108DD800029B022B099BD4BF00260126002B40F0E2
:108DE800B080BBF1000F28DC3EB3BBF1000F00F0F0
:108DF800E4816FEA0903464608930399204600F088
:108E0800D9FB1FB13946204600F0D4FB294620463D
:108E180000F0D0FB0022089B88F800200133049A58
:108E280013601B9B002B3FF45FAD3046C3F80080F6
:108E38000FB0BDEC028BBDE8F08F079B002B00F054
:108E48009D80089B002B00F31E82BAF1000F40F0B2
:108E5800D582BA4608F1FF3346465B440793009B28
:108E680003F00103CDE9083803992846FFF76AFCA7
:108E780039468346284600F0FBFD03998146524651
:108E880020460BF1300800F015FEC3680146002BA0
:108E980040F004820590284600F0EAFD0599059007
:108EA800204600F087FB029B059A134340F02B8273
:108EB800089B002B00F0E882B9F1000FC0F2E082B5
:108EC800079BB146B34209F8018B00F0C4822946DA
:108ED80000230A22204600F077FB5745054639460D
:108EE8004FF000034FF00A02204600F0068200F01F
:108EF8006BFB5146074600230A22204600F064FB1C
:108F08004E468246B0E7344BB9F1000F03EBC2037B
:108F180093ED006B80F2BE81BBF1000F00F3BA81C4
:108F2800BBF1000F09D1B1EE047B26EE077BB4EE4E
:108F3800C78BF1EE10FA00F23A8200231F46039322
:108F480057E70399284600F093FD0028BFF649AF7C
:108F5800069B29460A222046013B0693002300F07F
:108F680033FB079B0546002B40F09A820B9BDDF8EC
:108F78002CB0002B02DC002E7FF437AFC14601264F
:108F8800DDF80CA007E0294600230A22204600F05D
:108F98001BFB0136054651462846FFF7D3FB5E45C5
:108FA80000F1300309F8013BEDDBBBF1000F4FF096
:108FB8000006CCBFD9464FF00109C1442946012219
:108FC8002046029300F0E0FC0399054600F050FDAE
:108FD800002808DCF3E100BF30B5000208B5000244
:108FE800C14500F0FB8119F8013CCB4609F1FF3976
:108FF800392BF5D0013389F80030069B0893039983
:10900800204600F0D7FA002F00F0D6812EB1BE42DC
:1090180003D03146204600F0CDFA4646D846F1E660
:1090280001465246204600F055FC029B0390012B56
:1090380040F305814FF0000A039A136902EB83039A
:10904800186900F013FBC0F120039BE6B0EE485B03
:10905800022158E5009B002B7FF493AEDDE9001256
:10906800C2F31303002B7FF48CAEB94B134023B12A
:10907800059B0136013305930123BAF1000F40F037
:10908800F7819A467DE601230793069B4B4403F13B
:10909800010B0B93BBF1010FDC46B8BF4FF0010C7D
:1090A800BCF1170F40F33082012204235B00114604
:1090B800013203F114006045F8D9E163FAE40123B1
:1090C8000793B9F1000F40F33681CB46CC46CDF873
:1090D8002C90E5E700230793D7E700230793F0E7F1
:1090E800012924EE063B00F0D981B2EE044B41443D
:1090F800174627EE047BFDEEC76B16EE903AB8EEE6
:10910800E65B303337EE457B07F8013BB942F0D1D7
:10911800B6EE006B33EE065BB4EEC75BF1EE10FA09
:1091280065D436EE436BB4EEC76BF1EE10FA69DC2A
:109138000D9B002BFFF6F5AD069B0E2B3FF7F1AD0F
:10914800069B464600EBC30090ED006B88EE067B5D
:10915800BBF1010FBDEEC77B17EE103AB8EEC75B47
:1091680003F13003A5EE468B88F80030904600F0F6
:109178005B81C2F10102B2EE044B11E088EE067B7E
:10918800BDEEC77B17EE103AB8EEC75B3033A5EEDD
:10919800468B08F8013B08EB02035B4500F044816D
:1091A80028EE048BB5EE408BF1EE10FAE6D1069B63
:1091B80008932BE6C3F11C03F2E55B4603990522ED
:1091C800204600F001FA01460390284600F050FCC2
:1091D80000287FF70EAE4646069B08F101080133CA
:1091E80008933123337008E6884500F0FE800A466C
:1091F80011F8013D392BF7D00133DBB246460B702D
:10920800904603E60A4611F8013D302BFAD046464F
:109218009046FBE5B0EE487B022183E4039A5E4466
:1092280003939A1A059B08935B4492440593002381
:109238000A930121204600F06DFA074677E5009B66
:10924800002B7FF4F7AEDDE90001C1F313030A46F2
:10925800002B3FF40AAFEDE61A463946204600F0E7
:1092680039FB07462A462046394600F081FA294646
:109278000546204600F09EF9039B0A9A9B1A039321
:109288003FF472AD6AE539461A46204600F07CFB89
:109298000746DAE508F10102464657E72046CDF8C9
:1092A8001480DDF8248000F085F9B9F1000F059BE2
:1092B80008DB009A029902F0010241EA090952EA20
:1092C800090232D1294601222046029300F05CFBB4
:1092D8000399054600F0CCFB0028029B40F3F5807B
:1092E800392B00F0BE800BF13103B3460BF8013B7C
:1092F8003E46069B5746089381E600F065F94E46C0
:1093080007468246B0E5B9F1000FC0F20181029B21
:1093180043EA0909089B53EA090900F0F980002A81
:109328007FF7CEAD4346DDF82480392B00F09980D5
:10933800B3460133DAE74FF00109CB46FFF7B6BB76
:10934800C3F10103002605930996FFF7A0BB00BFF0
:109358000000F07FBBF1000F3FF469AC0B9B002BC2
:109368007FF787ACB2EE044B0131069A06EE901AED
:10937800194627EE047B013A0892B8EEE65BB1EE97
:109388000C6BA7EE056B16EE900A53EC162BA0F1AA
:109398005073FFF7E5BB0A9A62B303F23343059AA9
:1093A8001E44D31808920593039B0A9341E70023B0
:1093B80046461F4603930FE74646D84626E503D19F
:1093C800029BDB073FF50FAE19F8013CCB4609F1CC
:1093D800FF39302BF8D0069B089310E6069B013323
:1093E8000893312388F8003009E6089B0133089375
:1093F800312303E70C9BC3F13603D0E77968204695
:1094080000F0B2F80646002877D03B6907F10C0156
:109418000C3002339A00FCF73DF931460122204610
:1094280000F0B2FA824615E538EE088BB4EEC68B2A
:10943800F1EE10FA0ADCB4EE468BF1EE10FA7FF486
:10944800B6AE17EE103AD9077FF5B1AE069B414686
:10945800B0460893CBE643463E46DDF8248057469F
:10946800ACE5B14639233E46574609F8013BBAE513
:109478009A46E1E5059B5E4408935B440593D8E66C
:109488004346DDF8248030E74346DDF82480392B55
:10949800E7D0B9F1000F3FF726AF26E7114637E6C8
:1094A800394600230A22204600F08EF80B9B074617
:1094B800DDF82CB0002B3FF7C4AC002E3FF4C1AC54
:1094C800BBF1000F7FF495AC77E67FF40EAFDA07B7
:1094D8007FF50BAF04E70221FFF724BB00272046E6
:1094E8003946E76300F040F88046C0B9114B0022C6
:1094F80040F2AF111048F9F76FFE02460D4B40F2EB
:10950800EF210D48F9F768FE0021E163FFF7D2BAB1
:10951800002A4346DDF824803FF7D4AEE5E64FF055
:10952800FF330122B946A0639B460B930792FFF7CE
:10953800A0BB00BF28AE00023CAE000282B049B119
:109548005AB16BB113780B601278101E18BF012046
:1095580002B0704701A9002AF3D1104602B0704743
:109568006FF00100F4E700BF38B5436C05460C46C0
:109578004BB153F8240080B1026843F8242000233B
:10958800C0E9033338BD2122042100F097FE0346C9
:1095980068640028EDD1002038BD0121284601FA71
:1095A80004F56A1D920000F089FE0028F3D0C0E996
:1095B8000145E4E731B1436C4A6853F8220008607A
:1095C80043F82210704700BF2DE9F04107460E46C8
:1095D8001C460D6901F1140E0020DEF80010013060
:1095E8008BB285424FEA114102FB03434FEA134C09
:1095F8009BB202FB01CC03EB0C434FEA1C444EF830
:10960800043BEADC3CB1B368AB4207DD06EB8503FB
:1096180001355C6135613046BDE8F08171683846D6
:109628000131FFF7A1FF8046A8B1326906F10C01AC
:109638000C3002329200FCF72DF87B6C726853F8FC
:109648002210316043F82260464606EB8503013557
:109658005C613561DFE70246024BBA210248F9F73F
:10966800BBFD00BF28AE000298AE0002B0F5803FF7
:10967800034618D203041020B3F1807F01D20830CA
:109688001B02B3F1805F01D204301B01B3F1804F9C
:1096980003D3002B06DB013070479B0005D45B0029
:1096A80005D4202070470020E6E7023070470330D9
:1096B800704700BF0368014613F0070207D0DA07B6
:1096C8001FD4980721D55B0801200B60704798B21A
:1096D800A0B11046DAB20AB908301B0A1A0701D13C
:1096E80004301B099A0701D102309B08DA0703D41A
:1096F8005B0800F1010006D00B6070471B0C1020BE
:10970800E8E700207047202070479B0802200B6084
:10971800704700BF38B5436C04460D464BB15868D6
:10972800B0B102685A60002201234561C0E90323F1
:1097380038BD2122042100F0C1FD034660640028E1
:10974800EDD1094B002240F245110848F9F744FDD4
:109758001C220121204600F0B1FD0028F1D0012291
:109768000223C0E90123DEE728AE000298AE00021A
:109778002DE9F04FD1F8108085B015690E46924654
:10978800A84505DB2A46534645468A4690461E4666
:1097980005EB0804DAE90113A342B8BF0131FFF76A
:1097A800E3FE002800F08B8000F1140707EB840E1D
:1097B800774505D23B46002243F8042B9E45FBD84B
:1097C80014360AF1140906EB880809EB85054645A5
:1097D80068D2A5EB0A030AF1150ACDF808E0AE46EF
:1097E800153B039423F00303043355452CBF9B46D4
:1097F8004FF0040B824605E0090C2CD1B04507F167
:1098080004074CD956F8041B8DB2002DF4D0CC4671
:109818003C46002301965CF8040B216886B2E645B5
:109828008AB24FEA104005FB06224FEA11411A445A
:1098380005FB001101EB124192B24FEA114342EAD3
:10984800014244F8042BE6D8019E47F80B3056F83D
:10985800041C090CD2D03B68002248463D461C46F1
:10986800944602889BB201FB02C202EB144243EA0F
:10987800024345F8043B50F8043B2C684FEA134C6C
:109888007045A3B201FB0C3303EB12434FEA134CB0
:10989800E7D3B04547F80B3007F10407B2D8504674
:1098A800DDE902E4002C02DC05E0013C03D05EF8AF
:1098B800043D002BF9D0046105B0BDE8F08F0246E5
:1098C800024B4FF4B1710248F9F786FC28AE00024A
:1098D80098AE000212F003032DE9F0411446074642
:1098E8002CD10D46A4101CD03E6C86B3E3074FF074
:1098F800000806D4641014D03068A8B10646E307FF
:10990800F8D5324629463846FFF732FF35B17B6C29
:10991800696853F821202A6043F8215064100546ED
:10992800EAD12846BDE8F081324631463846FFF78D
:109938001FFF30600646C0F80080E0E7013B0F4A91
:1099480052F823200023FFF73FFE0546CAE701210E
:109958003846FFF709FE064640B1012340F271225E
:10996800C0E90432002338640360BFE70246044BB1
:1099780040F245110348F9F72FFC00BFF8B4000284
:1099880028AE000298AE00022DE9F0470C4690463A
:1099980006464FEA62192769A36807EB6217496808
:1099A8007D1C9D4203DD5B0001319D42FBDC30469E
:1099B800FFF7DAFD002850D0B9F1000F00F1140CC0
:1099C8000EDD09F10502634600214FEA820E00EB25
:1099D800820243F8041B9342FBD1AEF114039C446A
:1099E80004F11403216918F01F0803EB81012BD03F
:1099F800C8F12009E6464FF0000A1A6802FA08F290
:109A080042EA0A024EF8042B53F8042B994222FA30
:109A180009FAF2D80B1B04F11502153B23F00303D6
:109A28000433914238BF04234CF803A0BAF1000F65
:109A380000D13D46736C6268056153F822102160BD
:109A480043F82240BDE8F087ACF1040C53F8042B2E
:109A580099424CF8042FF9D8EBE70246024B4FF431
:109A6800EF710248F9F7B8FB28AE000298AE000281
:109A780084460B690069C01A16D10CF1140C143114
:109A88000CEB830201EB830310B401E0944508D288
:109A980052F8044D53F8041D8C42F7D005D24FF00C
:109AA800FF305DF8044B7047704701205DF8044BA8
:109AB800704700BF2DE9F04F15460A6983B0884604
:109AC8002B69D21A002A40F08B8001F1140605F1A7
:109AD800140101EB830106EB830302E09E4280F050
:109AE800828053F8044D51F8042D9442F6D078D36F
:109AF8002B460024454698466968FFF735FD00283F
:109B080000F08C802E6905F1140B08F1140ED8F8BA
:109B1800103000F1140A05F110020EEB83094FF022
:109B2800000C0BEB86015746C460CDF804B05EF814
:109B3800044B52F8045F1FFA84FBF145ABB24FEABD
:109B48001444A3EB0B03C4EB1544634404EB234414
:109B58009BB24FEA244C43EA044347F8043BE6D857
:109B6800A9EB080408F11508DDF804B0C145A4F113
:109B7800150434BF4FF000084FF00108A408B8F1ED
:109B8800000F04F101024FEA820208BF04220BEB26
:109B980002055244A94231D917462C4654F8043BD1
:109BA8001FFA83F8A1424FEA134E6344C4449BB2A0
:109BB8000EEB2C4C43EA0C434FEA2C4C47F8043B81
:109BC800ECD80139491B21F003010A4423B952F8A2
:109BD800043D013E002BFAD0066103B0BDE8F08FCA
:109BE80086DA012488E70021FFF7BEFC78B101225C
:109BF8000023C0E9042303B0BDE8F08FB8F1000FDB
:109C08004FEA840408BF00240AEB0402DEE7024698
:109C1800064B40F237210648F9F7DEFA0246034BB5
:109C280040F245210248F9F7D7FA00BF28AE0002F2
:109C380098AE00022DE9F0430E4683B00121154687
:109C480059EC108BFFF790FC0446002846D0C9F366
:109C58000A57C9F313030FB143F480130193B8F102
:109C6800000313D101A8FFF725FD019B0122203035
:109C7800636122610FB3A7F233470744C0F135008F
:109C880037602860204603B0BDE8F083684600933B
:109C9800FFF710FD019BF8B1C0F12002009903FA0B
:109CA80002F2C3400A430193002B6261A3610CBF17
:109CB800012202222261002FDDD104EB8203A0F2EF
:109CC800324030601869FFF7D1FCC0EB42102860C1
:109CD800204603B0BDE8F083009AE5E70246034B4F
:109CE80040F20F310248F9F777FA00BF28AE0002B8
:109CF80098AE00022DE9F04F164683B0002900F017
:109D08009E800C4606F10B058046FCF779F954F85D
:109D1800040C162DA4F1080920F0030762D81022BC
:109D280000231546B542C0F0A280002B40F09F806A
:109D3800974261DADFF828B309EB0701DBF808304E
:109D4800D1F804C08B4200F097802CF001030B443B
:109D58005B68DB0768D42CF0030C07EB0C03934219
:109D680045DAC30712D454F8083CA9EB030ADAF819
:109D7800043023F0030084440CEB070B5A4540F3EE
:109D8800FE8007EB000B5A4540F3D480314640462D
:109D9800FBF78CFE0646002800F0298154F8043CA5
:109DA800A0F1080223F001034B44934200F0B18074
:109DB8003A1F242A00F2DF80132A00F2B0800346FB
:109DC8002246116819605168596092689A60214664
:109DD8004046FBF76FFD4046FCF718F9304603B0E4
:109DE800BDE8F08F25F007052A46EB0F9AE71F46D6
:109DF800D1E90223D3609A60781BD9F8043009EBC3
:109E080007020F2803F001031FD83B43C9F80430A9
:109E1800536843F00103536026464046FCF7F6F8C2
:109E2800304603B0BDE8F08FC307AFD454F8083C00
:109E3800A9EB030ADAF8043023F00300A1E711467E
:109E480003B0BDE8F04FFBF731BE2B4309EB05012A
:109E580040F00100C9F80430083141F8040C4046CC
:109E6800536843F001035360FBF724FDD4E70C2348
:109E7800C8F800300026D3E72CF0030C05F11001D8
:109E88000CEB07038B4280F29280C0073FF57EAF50
:109E980054F8083CA9EB030ADAF8043023F003006D
:109EA80084440CEB070399423FF76BAF3A1F5646C1
:109EB800DAF80C1056F8080F242AC160886000F2FE
:109EC800B080132A40F2AB8021681B2ACAF8081018
:109ED8006168CAF80C1000F2AB8008340AF110026D
:109EE8002168116061685160A16891605B1B0AEB91
:109EF8000502404643F00103CBF808205360DAF826
:109F0800043003F001032B43CAF80430FCF77EF851
:109F180086E750F8043C23F003031F446CE72368EA
:109F28001B2A03606368436036D804F1080200F115
:109F3800080346E73A1F5646DAF80C30242A56F842
:109F4800081FCB60996022D8132A1ED923681B2AC0
:109F5800CAF808306368CAF80C303CD808340AF1EB
:109F6800100322681A6062685A60A2689A603446D0
:109F78005F46D14640E72146FEF728FA27E7D1E9B0
:109F880002133A1FCB609960D5E73346E9E72146CB
:109F98003046FEF71BFAEAE7A368242A8360E368E1
:109FA800C36028D004F1100200F1100309E75B1B1D
:109FB80009EB05024046264643F00103CBF808208A
:109FC800536054F8043C03F001032B4344F8043C69
:109FD800FCF71CF824E7A368242ACAF81030E368C1
:109FE800CAF8143010D010340AF11803B9E7404603
:109FF800FCF70CF83EE7236904F118020361636972
:10A00800436100F11803DCE623691834CAF81830F4
:10A0180054F8043CCAF81C300AF12003A1E7324680
:10A028005EE7214630460193FEF7D0F9019B5DE7D4
:10A03800A168242ACAF81010E168CAF8141003D0DD
:10A0480010340AF118024BE722691834CAF81820AC
:10A0580054F8042CCAF81C200AF1200240E700BF7B
:10A0680048010022034649B1FF2A02D801200A709C
:10A0780070478A224FF0FF301A60704708467047D1
:10A0880070B5054684B05BB11C460F4BD3F8E06051
:10A09800234669B12846B047431C0FD004B070BDB1
:10A0A800094B00F58274D3F8E06023460029F1D10A
:10A0B8000A46284601A9B047431CEFD100228A234B
:10A0C80022602B6004B070BD5005002210B582B02C
:10A0D800049C00934FF0FF33019400F0A5F902B0FF
:10A0E80010BD00BFB1F90C302DE9F0410C469907BD
:10A0F80096B008D504F1430301222360C4E9043271
:10A1080016B0BDE8F081B4F90E100646002926DB2A
:10A118006A4600F0ABF800281FDB019D4FF4806809
:10A128004FF4006705F47045A5F50055B5FA85F5B7
:10A138006D0941463046FBF7B9FCE8B1B4F90C307B
:10A14800C4F8148043F0800320602061A3813DBBE4
:10A158003B43A38116B0BDE8F081B4F90C3013F08D
:10A16800800519D04FF040080025304641462F465B
:10A17800FBF79CFC0028E1D1B4F90C309A05BFD458
:10A1880023F0030304F14302012143F00203226098
:10A19800C4E90421A381B3E74FF480682F46C8E7D8
:10A1A800B4F90E10304600F077F810B9B4F90C3055
:10A1B800CEE7A38923F0030343F001031BB2C7E7EB
:10A1C800F8B50D460646144610B1436B002B4AD02D
:10A1D800B4F90C20A3691007A3601BD52369CBB180
:10A1E800EDB291042F4621D522686169D31A9942AC
:10A1F80028DD0133A1680139A160511C2160157067
:10A2080062699A4226D00A2D02D1A389DB0721D49C
:10A218003846F8BD21463046FEF70AF800BBB4F9C7
:10A228000C20EDB2236991042F46DDD442F400528C
:10A238006169A281626E22F4005262662268D31AB2
:10A248009942D6DC21463046FDF748FE40B92268DF
:10A258000123CFE721463046FDF740FE0028D7D03E
:10A268004FF0FF37D4E7FBF763F8B1E770B50C465A
:10A278000346084D0026204611461C462E60F8F776
:10A28800C5FE431C00D070BD2B68002BFBD023609B
:10A2980070BD00BFD829002238B50022064D0446FB
:10A2A80008462A60F8F7C0FE431C00D038BD2B686A
:10A2B800002BFBD0236038BDD829002238B5A1FB7C
:10A2C800021434BBFBF7F2FB054630B350F8042CFC
:10A2D80022F00302043A242A0CD8132A0FD91B2A85
:10A2E800C0E9004412D9242AC0E9024418D000F178
:10A2F800100205E02146FBF719F9284638BD024649
:10A3080000232846C2E90033936038BD00F10802F3
:10A31800F6E7FBF7B1F90C2303600025284638BDA2
:10A3280000F11802C0E90444EAE700BF2DE9F04F44
:10A338008BB086461E46DDE9157A002F5AD015687F
:10A3480000295CD0149B002B69D0741E4EB3043DC9
:10A358000026DDF850B0049103910592CDE9015E25
:10A368000BE0039B0BBB019B1868002836D0DC452B
:10A3780057D2013C6646631C13D001993B460298AC
:10A3880051F8042FDAF8E050019107A9D7E90098AD
:10A39800A847421C37D000EB060CDC45E1D9C7E9D9
:10A3A800009830460BB0BDE8F08F00280EDD049B06
:10A3B80007A9019D18445A1E00F1FF3E11F8013B00
:10A3C80002F8013F7245F9D101950490059B1A687E
:10A3D80004321A60019B18680028C8D10399059AAD
:10A3E80001B110600CF1FF36002230463A600BB024
:10A3F800BDE8F08F00F5867715680029A2D14FF0E7
:10A40800FF331493A1E70646DDF808E08A2100220D
:10A418003046CEF800103A600BB0BDE8F08F149EBD
:10A42800BFE76646BDE700BF10B584B0054C069887
:10A43800009007980190044800680294FFF776FF9F
:10A4480004B010BD500500221000002200000000DA
:10A458005FF800F0DD080000366B20706572666FEB
:10A46800726D616E63652072756E20706172616DC8
:10A47800657465727320666F7220636F72656D61B3
:10A48800726B2E0D00000000366B2076616C6964DB
:10A498006174696F6E2072756E20706172616D658E
:10A4A8007465727320666F7220636F72656D617276
:10A4B8006B2E0D0050726F66696C652067656E655E
:10A4C800726174696F6E2072756E20706172616D51
:10A4D800657465727320666F7220636F72656D6153
:10A4E800726B2E0D00000000324B20706572666F93
:10A4F800726D616E63652072756E20706172616D38
:10A50800657465727320666F7220636F72656D6122
:10A51800726B2E0D00000000324B2076616C69646E
:10A528006174696F6E2072756E20706172616D65FD
:10A538007465727320666F7220636F72656D6172E5
:10A548006B2E0D005B25755D4552524F5221206CD4
:10A558006973742063726320307825303478202D35
:10A568002073686F756C64206265203078253034FC
:10A57800780D0A005B25755D4552524F5221206DBA
:10A58800617472697820637263203078253034787A
:10A59800202D2073686F756C6420626520307825E3
:10A5A8003034780D0A0000005B25755D4552524F26
:10A5B800522120737461746520637263203078259A
:10A5C800303478202D2073686F756C6420626520A4
:10A5D8003078253034780D0A00000000436F72652A
:10A5E8004D61726B2053697A65202020203A20251E
:10A5F8006C750D0A00000000546F74616C2074695A
:10A60800636B732020202020203A20256C750D0ACA
:10A6180000000000546F74616C2074696D65202817
:10A6280073656373293A2025660D0A0049746572BB
:10A638006174696F6E732F5365632020203A20255B
:10A64800660D0A004552524F5221204D75737420F1
:10A658006578656375746520666F72206174206C17
:10A6680065617374203130207365637320666F727F
:10A6780020612076616C696420726573756C742141
:10A688000D000000497465726174696F6E73202053
:10A6980020202020203A20256C750D0A000000009B
:10A6A80031332E322E3120323032333130303900CE
:10A6B800436F6D70696C65722076657273696F6E31
:10A6C800203A2025730D0A004E6F7420737065635D
:10A6D8006966696564000000436F6D70696C657236
:10A6E80020666C6167732020203A2025730D0A00CC
:10A6F800535441434B0000004D656D6F7279206CD7
:10A708006F636174696F6E20203A2025730D0A000B
:10A718007365656463726320202020202020202038
:10A72800203A203078253034780D0A005B25645DA6
:10A738006372636C697374202020202020203A20E3
:10A748003078253034780D0A000000005B25645D00
:10A758006372636D617472697820202020203A202A
:10A768003078253034780D0A000000005B25645DE0
:10A7780063726373746174652020202020203A205E
:10A788003078253034780D0A000000005B25645DC0
:10A7980063726366696E616C2020202020203A2055
:10A7A8003078253034780D0A00000000436F72724B
:10A7B800656374206F7065726174696F6E2076616D
:10A7C8006C6964617465642E205365652052454147
:10A7D800444D452E6D6420666F722072756E20613F
:10A7E8006E64207265706F7274696E672072756C22
:10A7F80065732E0D00000000436F72654D61726B2A
:10A8080020312E30203A202566202F202573202540
:10A8180073000000202F20257300000043616E6E36
:10A828006F742076616C6964617465206F706572FD
:10A838006174696F6E20666F722074686573652035
:10A84800736565642076616C7565732C20706C6522
:10A8580061736520636F6D706172652077697468D4
:10A8680020726573756C7473206F6E2061206B6E37
:10A878006F776E20706C6174666F726D2E0D0000BC
:10A888004572726F72732064657465637465640DD4
:10A8980000000000537461746963000048656170CA
:10A8A80000000000537461636B00000054302E33C5
:10A8B800652D3146000000002D542E542B2B547169
:10A8C800000000003154332E3465347A0000000053
:10A8D80033342E30652D545E00000000352E35309F
:10A8E80030652B33000000002D2E313233652D32B8
:10A8F800000000002D3837652B3833320000000087
:10A908002B302E36652D31320000000033352E35C0
:10A9180034343030000000002E31323334353030DA
:10A92800000000002D3131302E373030000000009B
:10A938002B302E36343430300000000035303132C0
:10A948000000000031323334000000002D38373465
:10A95800000000002B313232000000000D0A3D3D9E
:10A968003D3D3D3D20417373657274204572726FA1
:10A9780072203D3D3D3D3D3D0D0A000046696C6538
:10A988003A0D0A00206174206C696E653A202564CE
:10A998000000000046756E6374696F6E3A2000000F
:10A9A8004173736572743A20000000003D3D3D3DDF
:10A9B8003D3D3D3D3D3D3D3D3D3D3D20496E2048B1
:10A9C8006172644661756C74203D3D3D3D3D3D3D81
:10A9D8003D3D3D3D3D3D3D3D0D0A000048617264F1
:10A9E8004661756C74206F6363757272656420626A
:10A9F800792044454255470D0A00000048617264B9
:10AA08004661756C74206F63637572726564206249
:10AA180079206F7468657220657863657074696FF2
:10AA28006E20666F726365640D0A00003D3D3D3D12
:10AA38003D3D3D3D3D3D204D535020537461636B7A
:10AA480020203D3D3D3D3D3D3D3D3D3D0D0A000045
:10AA580052303A20203078253038580D0A0000004E
:10AA680052313A20203078253038580D0A0000003D
:10AA780052323A20203078253038580D0A0000002C
:10AA880052333A20203078253038580D0A0000001B
:10AA98005231323A203078253038580D0A000000FB
:10AAA8004C523A20203078253038580D0A000000E2
:10AAB80050433A20203078253038580D0A000000DD
:10AAC8005053523A203078253038580D0A0000008B
:10AAD8003D3D3D3D3D3D3D3D3D205343422052657A
:10AAE800676973746572203D3D3D3D3D3D3D3D3D8B
:10AAF8000D0A00005343422D3E435346523A20303C
:10AB080078253038580D0A005343422D3E494353A7
:10AB1800523A203078253038580D0A005343422DD8
:10AB28003E484653523A203078253038580D0A00AE
:10AB38003D3D3D3D3D3D3D3D204F74686572205291
:10AB480065676973746572203D3D3D3D3D3D3D3D02
:10AB58000D0A0000495053523A20307825303858B1
:10AB68000D0A0000436865636B6564204572726F67
:10AB7800723A20446976696465204279205A657280
:10AB88006F0D0A00436865636B6564204572726FD8
:10AB9800723A20556E616C69676E65642041636323
:10ABA8006573730D0A000000436865636B65642074
:10ABB8004572726F723A20537461636B204F7665E9
:10ABC80072666C6F770D0A004D53503A2020202092
:10ABD8003078253038580D0A000000004D53504C8D
:10ABE800494D3A203078253038580D0A00000000C9
:10ABF8005053503A202020203078253038580D0AFC
:10AC0800000000005053504C494D3A203078253010
:10AC180038580D0A00000000436865636B656420BE
:10AC28004572726F723A204E6F20436F70726F6375
:10AC38006573736F720D0A00436865636B65642002
:10AC48004572726F723A20496E76616C6964205061
:10AC5800430D0A00436865636B6564204572726F33
:10AC6800723A20496E76616C696420537461746528
:10AC78000D0A0000436865636B6564204572726F56
:10AC8800723A20556E646566696E656420496E7314
:10AC98007472756374696F6E0D0A000043686563AA
:10ACA8006B6564204572726F723A20496E737472D4
:10ACB800756374696F6E20427573204572726F7286
:10ACC8000D0A0000496E70757420616E7920636802
:10ACD8006172616374657220746F20737461727439
:10ACE80020636F72656D61726B0D0000436F726552
:10ACF8006D61726B2072756E6E696E672C20706C58
:10AD08006561736520776169742E2E2E0D00000031
:10AD18002D5BE697B6E9929FE591A8E69C9FE6959C
:10AD2800B0E68AA5E5918A5D000000002D2D2D2D45
:10AD38002D2D2D2D2D2D2D2D2D2D2D2D2D2D2D2D3B
:10AD48002D2D2D2D2D2D2D2D2D2D2D2D2D2D2D2D2B
:10AD58000D000000436F72656D61726B00000000AA
:10AD6800257320E680BBE591A8E69C9FE695B03A5E
:10AD780020256C6C69205B2530386C6C585D0D0A99
:10AD880000000000494E4600696E66004E414E00C4
:10AD98006E616E003031323334353637383961629E
:10ADA800636465660000000030313233343536376D
:10ADB800383941424344454600000000286E756C0E
:10ADC8006C290000300000002E0000004C435F4357
:10ADD8004F4C4C41544500004C435F435459504537
:10ADE800000000004C435F4D4F4E455441525900FE
:10ADF8004C435F4E554D4552494300004C435F5408
:10AE0800494D45004C435F4D455353414745530019
:10AE1800496E66696E697479000000004E614E00E3
:10AE280042616C6C6F632073756363656564656408
:10AE3800000000002F646174612F6A656E6B696E93
:10AE4800732F776F726B73706163652F474E552D43
:10AE5800746F6F6C636861696E2F61726D2D313329
:10AE68002F7372632F6E65776C69622D63796777CC
:10AE7800696E2F6E65776C69622F6C6962632F73D8
:10AE880074646C69622F64746F612E630000000043
:10AE98002F646174612F6A656E6B696E732F776FAB
:10AEA800726B73706163652F474E552D746F6F6CAD
:10AEB800636861696E2F61726D2D31332F73726310
:10AEC8002F6E65776C69622D63796777696E2F6E6F
:10AED80065776C69622F6C6962632F7374646C693F
:10AEE800622F6D707265632E63000000E0270022F8
:10AEF80040AF000268B20002E82700220CAF00024F
:10AF08003CB20002090200000C000C010C020C0308
:10AF18000000000000000000853100020000000071
:10AF28002CAF000200010000000000220F00FFFF0C
:10AF380000000001010000005D0000004CAF0002AD
:10AF480000000000040000000C00000004000000E5
:10AF58000D0000000008011C000100000008011C91
:10AF6800010100000008011C030100000004011C8D
:10AF7800070100001040000008010000040C000058
:10AF88000A010000000C01150B010000000C010B68
:10AF98000C010000000C010B0D010000000C010B5E
:10AFA8000E010000000C010B0F0100000040000022
:10AFB800000200001040000001020000000001052E
:10AFC8000802000000040105090200000008010051
:10AFD8000A020000000001000B020000000001004E
:10AFE8000C020000000001000D020000000001003A
:10AFF8000E020000000001000F020000000C010B0F
:10B0080000030000000C010B01030000000C010B01
:10B0180002030000104000000303000000000114B8
:10B0280007040000000001140804000040040107A0
:10B0380009040000400401070A0400000000011F81
:10B048000B040000104000000C040000000C010B71
:10B0580003050000000C010B04050000000C010BA7
:10B0680005050000000C010B06050000000C010B93
:10B0780007050000000C010B08050000000C010B7F
:10B0880009050000000C010B0A050000050400007A
:10B0980006060000000C010B07060000000C010B5F
:10B0A80008060000000C010B09060000000C010B4B
:10B0B8000A060000000C010B0B060000000C010B37
:10B0C8000C060000000C010B0D060000000C010B23
:10B0D8000E060000000C010B0F0600000008011C02
:10B0E800030800000008011C08080000000C010B00
:10B0F8000D080000000001130E08000000000113F5
:10B108000F080000000C010B000A0000000C010BE6
:10B11800010A0000000C010B020A0000000C010BE0
:10B12800030A0000000C010B040A0000000C010BCC
:10B13800050A0000000C010B060A0000000C010BB8
:10B14800080A0000000C010B090A0000000C010BA2
:10B158000A0A0000000C010B0B0A0000000C010B8E
:10B168000C0A0000000C010B0D0A0000000C010B7A
:10B178000E0A00000008010B0F0A0000000C010B6A
:10B18800000C0000000C010B010C0000000C010B6E
:10B19800020C0000000C010B030C0000000C010B5A
:10B1A800040C0000000C010B050C0000000C010B46
:10B1B800060C0000000C010B070C0000000C010B32
:10B1C800080C0000000C010B090C0000000C010B1E
:10B1D8000A0C0000000C010B0B0C0000000C010B0A
:10B1E8000C0C0000000C010B0D0C0000000C010BF6
:10B1F8000E0C0000000C010B000D0000000C0115E6
:10B20800010D0000000C0115020D0000000C0115D5
:10B21800030D0000000C0115040D000000080115C5
:10B22800050D000010000115070D000003030403BD
:10B2380005030603C13700024D35000259350002E7
:10B248000D370002A9350002B53500029935000214
:10B2580015360002FD3500021136000209370002DA
:10B2680081430002093F000295430002A143000206
:10B27800D53F000225400002153F0002693F000249
:10B28800913F0002BD3F000209400002393F000221
:10B298004D3F00020A00000054B4000218000000EC
:10B2A800D4B2000204000000B4B20002000000683A
:10B2B80000000068000000800000008000000070AE
:10B2C80000000070C0060022C006002200000068CE
:10B2D80000000068000000900001090D00000068EF
:10B2E800000000680000007800010B0D00000068F5
:10B2F80000000068000000270001020D000000683F
:10B3080000000068500000020001010D00000080EC
:10B318000000008000000090000109080000008083
:10B32800000000800000007800010B080000008089
:10B3380000000080000000270001020800000080D3
:10B3480000000080500000020001010800000070A9
:10B3580000000070000000900001090A0000007061
:10B36800000000700000007800010B0A0000007067
:10B3780000000070000000270001020A00000070B1
:10B3880000000070500000020001010A00000000E7
:10B398000000000000000090010109050000000005
:10B3A800000000000000007801010B05000000000B
:10B3B8000000000000000027010002050000000056
:10B3C8008023000050000002010001050000002059
:10B3D8000000002000000090010109040000002086
:10B3E800000000200000007801010B04000000208C
:10B3F80000000020000000270100020400000020D7
:10B408007C000020D023000201000104000000227B
:10B418000000002200000090000109030000002243
:10B42800000000220000007800010B030000002249
:10B438000000002200000027000002030000002294
:10B44800BC0600224C240002000001030000006832
:10B45800000000680001000D00000068000000689E
:10B468000001000D000000800000008000010008BD
:10B47800000000800000008000010008000000704B
:10B48800000000700001000A000000700000007059
:10B498000001000A8023000080230000010000054D
:10B4A800888000209480002001000004BC0600224F
:10B4B800C006002200000003F0260022B02B002264
:10B4C8000000000301000200080010002000000036
:10B4D8003030303030303030303030303030303064
:10B4E8002020202020202020202020202020202054
:10B4F80005000000190000007D00000000000000A9
:10B508000080E03779C34143176E05B5B5B8934657
:10B51800F5F93FE9034F384D321D30F94877825A23
:10B528003CBF737FDD4F1575000000000000F03F41
:10B538000000000000002440000000000000594006
:10B548000000000000408F40000000000088C34059
:10B5580000000000006AF8400000000080842E41CE
:10B5680000000000D01263410000000084D797411A
:10B578000000000065CDCD41000000205FA0024220
:10B58800000000E876483742000000A2941A6D4295
:10B59800000040E59C30A2420000901EC4BCD64288
:10B5A80000003426F56B0C430080E03779C3414333
:10B5B80000A0D8855734764300C84E676DC1AB43A9
:10B5C800003D9160E458E143408CB5781DAF1544C7
:10B5D80050EFE2D6E41A4B4492D54D06CFF08044A2
:10B5E800F64AE1C7022DB544B49DD9794378EA44B7
:10B5F800002020202020202020202828282828203B
:10B608002020202020202020202020202020202032
:10B61800208810101010101010101010101010109A
:10B62800100404040404040404040410101010108A
:10B638001010414141414141010101010101010154
:10B6480001010101010101010101010110101010A6
:10B658001010424242424242020202020202020226
:10B66800020202020202020202020202101010107A
:10B6780020000000000000000000000000000000A2
:10B6880000000000000000000000000000000000B2
:10B6980000000000000000000000000000000000A2
:10B6A8000000000000000000000000000000000092
:10B6B8000000000000000000000000000000000082
:10B6C8000000000000000000000000000000000072
:10B6D8000000000000000000000000000000000062
:10B6E8000000000000000000000000000000000052
:10B6F800000000004275696C7420776974682052F4
:10B70800656E6573617320416476616E636564205C
:10B71800466C657869626C6520536F6674776172F0
:10B7280065205061636B6167652076657273696F28
:10B738006E20362E342E3000362E342E3000000087
:04B7480000000406F3
:04B74C00F8B500BF8D
:04B75000F8B500BF89
:0CB75400E5570002752B0002792D000261
:04B760004D2B00026B
:08B764008897FF7F010000003F
:0200000402C92F
:04F04000FFFFFFFFD0
:04F04400EFFFFFFFDC
:04F0C000FFFFFFFD52
:04F0C400FFFFFFFF4C
:04F1200000000000EB
:04F1240000000000E7
:0400000502004A9516
:00000001FF
