:020000040207F1
:108C00005878002019290802C12708025B050802CC
:108C100023290802232908022329080223290802FC
:108C200000000000000000000000000023290802EE
:108C30002329080200000000232908022329080232
:108C40008117080219170802FF1708028118080285
:108C5000AB100802CD0F080233110802851108027B
:088C600045240802B3190802C3
:108C6800002070472DE9F04186B015460C460646AF
:108C7800304621462A46FFF7F3FF0028F8D147F28D
:108C8800A818002DC2F2042844D047F2A817C2F24F
:108C98000427384600F0F8F868B1002097F88810E3
:108CA800B866F86607F1700004F03DFB4FF60170F6
:108CB800A7F8880009E007F170000121012604F0F7
:108CC80032FB97F8880001281FD140F6B83002F02F
:108CD80080FD07F16806324601F0C3FE18B1002096
:108CE80087F888000EE0304601F0D6FE02F083FDDA
:108CF8006FF0FE02821AC0F1000071F1FF31B8BFB7
:108D08004FF0FF30002687F8890007F170003146E0
:108D180004F009FBD420C0F2C80098F88910059027
:108D2800002047F6287704AE04904B08C0F20827C5
:108D38002046314648F21042009700F0AAF898F809
:108D480089704046214632462B46009700F0A6F827
:108D5800002002F028FA002002F025FA9FED380AD8
:108D680002F0FAFEFF2002F02AFF002002F02EFF98
:108D7800002002F044FF002002F01BFF204602F012
:108D88000EFF46F2D070C0F2082002F0A9FF0020C2
:108D980002F060FF4FF0E8700290DE20C0F2080099
:108DA8000390DF2702AA0020214644F208230097F7
:108DB80002F0ADFB002002F0F6F94FF4FC60002150
:108DC80002F0E6FE3A20002102F066FF47F238255D
:108DD800C2F20425D5F80801F0B104F07EFED5F8FA
:108DE800081140F2E632B0FBF1F0904206D804F0E8
:108DF80074FED5F80811B0FBF1F401E040F2E73455
:108E08000846002102F0F7FC024645F61310C0F2AE
:108E18000820214603F003F8D5F81401002102F0D8
:108E2800EAFC014645F6D510C0F2082002F0F7FF2B
:108E3800002002F0B8F9002006B0BDE8F08100BFBC
:108E48000000000080B582B0B1F90EC0B1F90C0085
:108E5800B1F91020B1F91230D1F814E06146CDF81B
:108E680000E000F020F847F23820C2F20420002188
:108E780002B0BDE8804001F06FBF704747F238206C
:108E8800C2F2042004F0A8BB4FF2011CC0F2072C68
:108E980060474EF6EB2CC0F2072C60474FF2292CA6
:108EA800C0F2072C604740F6AD1CC0F2082C6047A2
:108EB80010B5002861D004464068407800F07F0073
:108EC8001F2821D8012100228140CCF6CC42114232
:108ED80030D148F6800211420FD0206A02F026F9FC
:108EE80060684078410704D5A06A02F01FF96068FD
:108EF8004078000716D52C203AE00121814011F472
:108F0800816F01D0202033E0A0F1320109290AD96C
:108F18007238092806D8012101FA00F040F203311D
:108F2800084207D110BD012202FA01F140F20332D2
:108F38001142EDD0A06A02F0F9F860684078410764
:108F480004D5E06B02F0F2F860684078010704D5B8
:108F5800206C02F0EBF860684078810604D5606CFC
:108F680002F0E4F860684078400658BF10BD482019
:108F78002058BDE8104002F0D9B845F2985045F2A3
:108F8800E17245F60063C0F20820C0F20822C0F280
:108F980008234FF48C7102F0CEF870B5BCB06E4661
:108FA8000D4604463046F02102F0CAF8019406F155
:108FB8000C004ECD4EC095E84E004EC0606840682B
:108FC800016819B168468847054600E0FC25204637
:108FD800FFF76EFF68B23CB070BDF0B5BDB0074694
:108FE8000020CDE9010703900DF1040C78C90CF1BC
:108FF8000C0078C091E8780078C06ACA0CF12C009F
:109008006AC092E86A006AC00CF14C00A42102F020
:1090180097F878684068016819B101A8884705463B
:1090280000E0FC253846FFF743FF68B23DB0F0BDCD
:10903800F0B5BDB007460020CDE9010703900DF15A
:10904800040C78C90CF10C0078C091E8780078C05D
:109058006ACA0CF12C006AC092E86A006AC00CF176
:109068004C00A42102F06CF878688068016819B196
:1090780001A88847054600E0FC253846FFF718FF99
:1090880068B23DB0F0BD2DE9F043BDB08146002087
:10909800CDE9010903900DF1040871C908F10C0725
:1090A80071C7154691E8550055C7C6CB08F12C0085
:1090B800C6C093E85600449F56C008F14C06304697
:1090C800A42102F03DF82DB10FCD0FC695E80F0091
:1090D8000FC602E001208DF85B003FB14ECF08F1CA
:1090E8006C004EC097E84E004EC002E001208DF89B
:1090F8007B00D9F804008068016819B101A8884785
:10910800054600E0FC254846FFF7D2FE68B23DB0B0
:10911800BDE8F0832DE9F041BCB080460020CDE9E0
:1091280000080290EC46F0C90CF10C00F0C091E880
:10913800F000F0C0E2CA0CF12C00E2C092E8E200B4
:10914800E2C01868A02113900CF1500001F0F8FF5C
:10915800D8F804004068016819B168468847054690
:1091680000E0FC254046FFF7A3FE68B23CB0BDE82E
:10917800F0812DE9F043BDB081460020CDE9010919
:1091880003900DF1040871C908F10C0771C7154661
:1091980091E8550055C7C6CB08F12C00C6C093E826
:1091A800D4004599D4C0086808F15006449F14902B
:1091B8003046A02101F0C4FF2DB10FCD0FC695E8B0
:1091C8000F000FC602E001208DF85F003FB14ECFBF
:1091D80008F170004EC097E84E004EC002E0012032
:1091E8008DF87F00D9F804004068016819B101A81A
:1091F8008847054600E0FC254846FFF759FE68B257
:109208003DB0BDE8F0832DE9F04784B0DDF8348047
:109218001E4691460C46B8F1000F074608D004F1E7
:1092280014010125384600220023009500F064F857
:1092380004F11C034FF0000A02A938460022CDF8B9
:1092480000A000F0F3FBE16919B10978022222EAD3
:10925800410A00284DD0DDF830C016B101788907E1
:1092680002D499F800E007E041780123C1F34201F4
:1092780003FA01FE89F800E081885FEA0C734FF079
:109288000006BDF80870BDF80A20C5884FF0000335
:1092980058BF7E1A5FEA4C7158BF531BBEF1080FC6
:1092A80007D3B0F9081032B2C6688FB211FB032297
:1092B8000BE0B0F9087032B20726C16817FB0E66DA
:1092C800F6101BB206FB0316BFB202FB0EF1278194
:1092D800DDE9023706EBE101C4E90012C4E903370E
:1092E8004178E27AA17202F0F80168F3820A5144E7
:1092F800E17204B0BDE8F0872DE9F04F85B0002891
:109308007CD004468946D0E901011E4617460391E0
:1093180002900BB1002232600FB100223A6022782D
:10932800D30710D1D20616D516B1326802B9346007
:109338000E9A82B1B9F1000F61D00020C9F804106B
:10934800C9F800005BE0B9F1000F1CBFC9F80000C4
:10935800C9F8041053E0E4684FF0000B002C42D029
:10936800020C42EA0141E84602AD00BF6FB100B20B
:1093780040423A8820EAE07009B2494210447A88AB
:1093880021EAE171388050187880A06894F800A02C
:10939800CDF800B001905FEACA711CBF6068009008
:1093A800404629462A4601F076FF38B35FEACA608C
:1093B80007D516B1306800B934600E98A0B994F892
:1093C80000A05FEACA700FD1A088BDF80810BDF8E8
:1093D8000A200844E188E4681144002CADF808002C
:1093E800ADF80A10C2D10024B9F1000F07D0DDE9A9
:1093F8000210C9F80400C9F8001000E00024204653
:1094080005B0BDE8F08F0120704702464172402345
:109418000846002948BF6023538170472DE9F04F63
:10942800AFB0044640684078C1062FD400F003006E
:1094380002282DD0032849D1A069013005D146F66C
:109448007800C2F20420C069A061616A0020199006
:109458001890C8074FF0040120464FF0040508BFD4
:109468000121FFF7D0FF002800F04781E06988B3A9
:10947800D0F80080D0F804B0A0694FEA184141EA5A
:109488000B4A4FEA1B49CDE9148B2EE0F42541E144
:10949800A069013005D146F67800C2F20420C069FF
:1094A800A0610020CDE90A0020460121FFF7ABFFAB
:1094B80070B1E069002800F0898006684168A069F9
:1094C800320C42EA014BCDE9086185E0FC2521E137
:1094D800042512E1A0694FF0000AD0F808B04FF057
:1094E8000008CDF854B04FEA1B4900260CA904AA7D
:1094F8000023009600F09AFA002800F0FD8024A8C6
:10950800049D011D0D98A7692796CDE92550B868D7
:109518000A46CDE91C601CA80C95249601F0BBFEF8
:1095280038682797249000F0EA008DF89000A8EB9F
:1095380005000FFA80F8ADF85000AAEB1540656AEF
:1095480007B2E907ADF8520023D0B8F1FF3F0EDCAF
:10955800206AB0F9080098FBF0F101FB108008EBD5
:109568000B01091A8046ADF85000ADF85410B7F158
:10957800FF3F0EDC206AB0F90A0097FBF0F101FB0F
:10958800107007EB0901091A0746ADF85200ADF84B
:109598005610269814A9199018A8024601F07BFEC7
:1095A800002800F0A9800FFA88FABAF1000F00F13C
:1095B800B58038B2B0F1FF3F40F3B080216A24AAE9
:1095C80014AB2046009501F0C0FDA5E1A0694FF05D
:1095D800000B8168002609910DF1700A002718AA6E
:1095E80051460023009700F021FA002800F08480FB
:1095F800189D1D98D4F818900F97CDE90D500DF1CE
:109608003008D9F8080008F10401CDE9247024A82D
:109618000A461C950C9701F03EFED9F8000008A9EF
:109628000C9000F0EA008DF83000701BADF82000B7
:10963800ABEB15400E9EADF822000AA80246CDF805
:109648003C900B9601F027FE002855D004A8011D78
:10965800DDE9080200250795CDE9050224A80A4698
:109668000495CDE9245601F016FE0C98CDF81C801F
:10967800049000F0EA008DF810006068017801F0AD
:109688000E02052AC0F08D80C1F3420101274078FF
:1096980007FA01F18DF8B310C30904A824A90DF144
:1096A800B302CDE90057FFF7AEFD6068407810F0CF
:1096B8000C0F00F02D81206A4FF00008002872D0AE
:1096C800E16921B9069A0021CDE9121212A94A6866
:1096D80009681D9202891C91511E4289B1FA81F1D3
:1096E8004B09511EB1FA81F114AF4E091CA93A4633
:1096F800009601F02FFD57E0FD25E8B2FD2809D1BD
:1097080046F20060C2F2042000780025C00708BFB6
:109718006FF0020568B22FB0BDE8F08F25F00106A2
:1097280024A914AA1CAB2046009601F018FD054692
:109738000028E2D4666AF007DFD0BDF97490BDF95D
:1097480064204A4559DDDDE9181BA2EB0900CDE983
:109758000C1BADF8340038B2002809EB0100039265
:109768000291ADF8300006DCBDF87600ADF8327035
:10977800C01BADF8360024A90CAA20460023009689
:1097880001F0EDFC0546B0F1FF3F01DCE81CB4D167
:10979800BDF976004FEA2B41039A8842ADDA029B65
:1097A80034E0FC25A9E700270AF10C01384600221D
:1097B8000023CDF8008000F039F9002800F0A880D7
:1097C8000646A0690821D0F808A08DF847100021A6
:1097D80000224FF0000801F047FE6168DDE91F2311
:1097E8004978170C47EA034E09074FEA134563D532
:1097F80099B2012946D101234EE0BDF97600BDF9A1
:1098080066108842BFF679AFDDE9183B0F1A190CCC
:1098180041EA0B414618BAF1000F0392CDE90C3B1F
:10982800ADF836700293ADF8326005DCA9EB08009C
:10983800ADF83400ADF83080656A24A90CAA20463A
:109848000023009501F08BFC0546B0F1FF3F02DCD8
:10985800E81C7FF452AF039848457FF74EAFA0EB62
:109868000900ADF834000298ADF83670D4E908174D
:109878004844ADF83000ADF8326024AA0CAB20465D
:109888000097A0E6BDF89C10BDF8A0C0121A0A44C3
:10989800A3EB0A0101EB0C03012D01D101250BE01B
:1098A800BDF89E10BDF8A2C0AEEB104000EB010E53
:1098B800A5EB1A4000EB0C05C3EA0540C2EA0E42CC
:1098C800CDF86C80CDE91920B06818AF391DCDE905
:1098D8002D802DA80022CDF8608001F0DCFC3068D6
:1098E8001CA9189000F0EA008DF860000DF14702FD
:1098F800384601231B96CDF80080CDF80480FFF789
:1099080082FC28B124A91CAA2046FFF766FB03E0C5
:1099180024A92046FFF741FB0546EEE646F6780106
:10992800C2F20421002808BF01F120004289EFF3A8
:10993800108172B6D30607D40323437200234381F0
:10994800438943F01003438102F01000012282EAA8
:10995800101081F31088704710B50446FFF75EFDBC
:1099680001462046BDE81040FFF74FBD46F6780196
:10997800C2F20421002808BF01F12000FFF7ECBF64
:10998800B0B584B058B10D46002402A900220023C6
:10999800009400F04BF810B10178890702D4002038
:1099A80004B0B0BD4078290703D500F00E010629A0
:1099B8000FD0E90601D56B280BD0690701D504281B
:1099C80007D0A90701D5022803D0E907E7D0602806
:1099D800E5D10120E4E710B54C1E0C4213D101F08B
:1099E800C3FB044208BF10BD45F6A22045F29432DD
:1099F80045F2F953C0F20820C0F20822C0F2082349
:109A0800BD2101F098FB45F6A22045F2943245F6B7
:109A1800D043C0F20820C0F20822C0F20823BA21BD
:109A280001F089FB084601F0A4BBD4D42DE9F04F1E
:109A380085B000286DD004468846D0E901011E464D
:109A48001746039102900BB1002232600FB1002239
:109A58003A6094F800A05FEACA723ED1020C42EA6A
:109A680001414FF0000BE94602AD00BF5FEA4A72C0
:109A780006D516B1326802B934600E9A002A3ED172
:109A8800E46894B36FB100B240423A8820EAE070CB
:109A980009B2494210447A8821EAE17138805018A5
:109AA800788094F800A0A0685FEACA71CDF800B089
:109AB80001901CD1484629462A4601F0ECFB40B3E8
:109AC800A088BDF80810BDF80A200844E188ADF860
:109AD80008001144ADF80A10C8E7B8F1000F1CBF20
:109AE800C8F80000C8F8041014E0002407E0606813
:109AF80002A9009068460A4601F0CDFB48B1B8F1CA
:109B0800000F07D0DDE90210C8F80400C8F80010FB
:109B180000E00024204605B0BDE8F08FF0B583B022
:109B280014460A46054600202146C4E90200206082
:109B380041F8040F56681268A6600A600190A86888
:109B4800089F029001A833B10A4601F0A4FB47B16F
:109B580038B900260CE00022002601F09CFB07B172
:109B680030B128682646206000F0EA002070E560E1
:109B7800304603B0F0BD2DE9F04FADB093464268D2
:109B88008246084611780124C1F3420104FA01F122
:109B98005278369E8DF8AB108DF8AA1008210DF179
:109BA80088081F468DF8A9100025D3090DF1AA02CF
:109BB8004146CDE90065FFF726FB064612A90DF1DF
:109BC800AB0238460023CDE90054FFF71CFB0146E1
:109BD800002E4FF0FD0000F0B781002900F0B4819D
:109BE800DAF804406178C80602D4480703D424E0B0
:109BF8004FF0000985E0369D00271AA90DF1A9024A
:109C080058460123CDE90057FFF7FDFABDF9781052
:109C1800BDF95870BDF97A20BDF95A30B942B8BFBC
:109C28000F469A42B8BF1346DAF80440ADF8787088
:109C3800ADF87A3061788346049708074FF0000939
:109C480003935ED508208DF81700DAF82C000AA9CE
:109C5800DAF818400C3100220023CDF80090FFF705
:109C6800E5FE00284BD00746D4F80890204600218E
:109C7800002201F0F9FBBDF85820BDF85410A2EB02
:109C88000903DDE90D52091A01EB050C79892C0C41
:109C980044EA024E140C012913440AD0BDF85610A8
:109CA800BDF85A20AEEB104000EB010EA4EB1940B2
:109CB80084180025C3EA0440CCEA0E420995CDE990
:109CC8000720B8680DF1180909F10401CDE92B50F6
:109CD8002BA80022069501F0DEFA3868099706904D
:109CE80000F0EA008DF8180001270AA90DF1170203
:109CF80048460123CDE90057FFF785FA8146DAF88F
:109D08000440BDF95800BDF99870BDF95A10BDF965
:109D18009A208742A8BF0746ADF8AC708A42A8BF10
:109D28000A46ADF8AE2063789B0608F1100309D502
:109D38003D0407EAE577ADF8AC70170402EAE7726C
:109D4800ADF8AE201FFA80F82B989DF8AA20369D12
:109D58008FB2269022A93046009500F0F9F8607875
:109D6800BBF1000F594618BF0121EA0701EA90002C
:109D780055D1002804981AD0BDF9982000B2BDF931
:109D88009A509042B8BF02460398ADF8782000B2C6
:109D9800A842B8BF05461AA99DF8A920ADF87A507F
:109DA800369D01F110035846009500F0D1F8B9F13D
:109DB800000F10D0BDF938100FFA88F0BDF93A201D
:109DC8008142B8BF0846ADF8380038B28242B8BF01
:109DD8001046ADF83A00369800287CD1E078012882
:109DE80079D13078C14311F0090F40F0858073694B
:109DF800002B00F09F80022161F35F1012993070F0
:109E0800BDF85000F1607080306922A901F10C02A0
:109E1800314698475046FFF74BF8002094E0002859
:109E280004981AD0BDF9982000B2BDF99A50904212
:109E3800B8BF02460398ADF8782000B2A842B8BF70
:109E480005461AA99DF8A920ADF87A50369D01F16A
:109E580010035846009500F07BF8B9F1000F10D0B8
:109E6800BDF938100FFA88F0BDF93A208142B8BF21
:109E78000846ADF8380038B28242B8BF1046ADF88F
:109E88003A0022A9304601F079F900285CD11AAECF
:109E98005846314601F072F9002855D10AAF4846B4
:109EA800394601F06BF900284ED1DAF80400407801
:109EB80010F00C0F43D0BBF1000F08BF5E4622A97B
:109EC80012AB50463246B9F1000F08BF4F46009713
:109ED800FFF7D9F838E022A9304601F04FF998BBCE
:109EE8001AA9584601F04AF970BB0AA9484601F078
:109EF80045F948BBDAF80440607810F00C0F12D02E
:109F0800BBF1000F1AAA0AAF2BAE22A912AB50461A
:109F180008BF5A46B9F1000F08BF4F46CDE9007691
:109F2800FFF727F910E022A912AA2BAB5046FFF73A
:109F3800F1F809E05046FEF7BBFFFA2004E022A939
:109F480012AA5046FFF774F840B22DB0BDE8F08F62
:109F5800F0B591F80BC0DDF814E05FEA8C7C05D40D
:109F68005FEA0E7708D44FF0000C0DE05FEA0E7C34
:109F780013D44FF0000C1FE08F891E8805893744E1
:109F8800A5EB070CA1F80CC05FEA4E7717D5CF896F
:109F98005B8846893B44F31A1CE0D1F81CC08D89C4
:109FA800BCF80470BCF808401E8804EB47072E4430
:109FB800A7EB060CA1F80CC05FEA4E7701D400238A
:109FC80009E0CF69CD89FE887F895B8807EB460762
:109FD8002B44FB1ACB81082A0DD34F68B0F90860CF
:109FE80007FA8CF716FB03734B60C06803FB02F299
:109FF80000EBE20011E0D1E900761BB206FA8CF61C
:10A008004E60B0F90800072610FB026012FB0CF244
:10A01800C01007EBE20200FB03200860F0BD80B52A
:10A0280082B0426846F67801C2F20421002A08BFCD
:10A0380001F1200251680978082910D1D0F80CC024
:10A04800B0F91410138C92F824E000F11C02604659
:10A05800CDF800E000F012F8002002B080BD45F213
:10A06800414045F6583245F2E743C0F20820C0F2B5
:10A078000822C0F20823E92101F05DF82DE9F04F2C
:10A0880088B0119FB2F90260B7F1FF0E18BFC7F58B
:10A09800807E012E019669DBDF00B2F90080FAB2FA
:10A0A8000392F82202EA132BFC22A1EB0801CEF559
:10A0B800807402EAD30300910025FF2106AE0DF15A
:10A0C800100C00BFB8F1010F029546DB4FF00009F4
:10A0D8000588039AEF00ADF81820FFB2F822ADF812
:10A0E800107002EA1527FC2202EAD5054FF0000A93
:10A0F800ADF81CB0ADF81A30ADF81E10ADF81470FC
:10A10800ADF81250ADF8161036F81A203CF81A506F
:10A1180002FB04F205FB0E2292B2120A2CF81A2056
:10A128000AF1010ABAF1030FEED1BDF81050BDF8DB
:10A138001270BDF81420C5F3C40507F0FC0745EA02
:10A14800C70502F0F80245EA022209F101050FFAF3
:10A1580085F9C14520F8022BBADB029A551C019AF1
:10A168002DB29542009A00EB4200ABDB08B0BDE887
:10A17800F08FD4D42DE9F04F8FB0199F0792B7F91B
:10A1880002200690012ACDE90312C0F29D8018989A
:10A198001A9900F00702B7F9000001920A90D81D39
:10A1A80000B2C0100290012090400090C800C0B2D8
:10A1B8000990F82000EA11200890FC2000EAD10656
:10A1C80000224FF0FF090DF1340C0DF12C0A00BFED
:10A1D8000A980592012867DBDDE9003BDDE9060204
:10A1E8004FF0000811781B9F194021FA0BF107FB6B
:10A1F80001F5ADB2FE2D4FF0000508BF6FF0010567
:10A20800099C07FB11510588ADF83440089CEF0004
:10A21800ADF83840FFB2F824ADF82C7004EA1527E1
:10A22800FC2404EAD50501F5807EADF82E50002502
:10A23800ADF83660ADF83A90ADF83070ADF83290C0
:10A248003AF815703CF8154007FB0EF704FB11743B
:10A25800A4B2240A2AF815400135032DF0D1BDF81F
:10A268002C10BDF82E70BDF83050C1F3C40107F0B2
:10A27800FC0741EAC70105F0F80741EA07214FF456
:10A28800FF7720F8021B13F07F0107EA430308F168
:10A2980001070ABF01320BF1010101230FFA87F808
:10A2A8000A9F8B46B8459DDB07980299084407909A
:10A2B80005980699013002B204988242039801EB8E
:10A2C80040010691FFF684AF0FB0BDE8F08FD4D4FB
:10A2D8002DE9F04F89B0129FB7F90250012D029570
:10A2E800C0F27F80139EB7F90040F700FFB20497D1
:10A2F800F827FC251B1B07EA162705EAD606019353
:10A30800091B00254FF0FF0A0DF11C0B05AB00914E
:10A31800012C03955ADB4FF0000E00BF1178149DF5
:10A3280001FB05F14FF48075A5EB11281FFA88F59C
:10A33800022D40F2FE05C0F2010508BFA5EB112869
:10A348000499C8F58079ADF81C100188ADF8207023
:10A35800CD00EDB2ADF81450F82505EA1125ADF899
:10A368001850FC2505EAD101ADF816100021ADF80A
:10A378001E60ADF822A0ADF81AA000BF3BF811503E
:10A3880033F811C005FB09F50CFB0855ADB22D0AD1
:10A3980023F8115001310329F0D1BDF81410BDF88C
:10A3A8001650C1F3C40105F0FC0541EAC501BDF82A
:10A3B8001850013205F0F80541EA05210EF10105B2
:10A3C8000FFA85FEA64520F8021BA7DB01990A446F
:10A3D800039901310DB202998D42009900EB4100B9
:10A3E80096DB09B0BDE8F08F70B584B0D0F804E012
:10A3F80046F67801C2F20421D0E90326BEF1000F27
:10A4080008BF01F1200ED0F82CC0B0F93410B0F913
:10A418001430BEF828509EF82C404C30CDE900602E
:10A42800604602950394FFF7A5FE002004B070BDB6
:10A43800817D6B2901D1F52023E010B584B0D0F8D7
:10A4480004E046F67801C2F20421C268BEF1000FAA
:10A4580008BF01F1200ED0F82CC0BEF82840B0F992
:10A468003410B0F914309EF82CE04C30CDE90004DB
:10A478006046CDF808E0FFF72BFF002004B0BDE8E8
:10A48800104040B27047D4D42DE9F047B2F90240E9
:10A49800012CB8BFBDE8F087B2F8009098468A460C
:10A4A80006460FFA89F70025012F04DB3046494696
:10A4B800424600F068FE681C05B2A5425644F3DB2C
:10A4C800BDE8F087B2F902C0BCF1010FB8BF704710
:10A4D800B0B5128849000FFA82FE0024BEF1010FC0
:10A4E80005DB002520F815300135AA42FAD10134E0
:10A4F80024B264450844F1DBBDE8B0407047D4D4C9
:10A50800B2F902C0BCF1010FB8BF7047B0B51288EC
:10A5180089000FFA82FE0024BEF1010F05DB002539
:10A5280040F825300135AA42FAD1013424B26445F5
:10A538000844F1DBBDE8B0407047D4D42DE9F04FB2
:10A5480081B00B9CB4F902C0BCF1010F34DB0732B7
:10A5580012B2DDF830E04FEAE20A01F00701012209
:10A56800B4F9005002FA01F14FF0000B4FF4FF79F3
:10A57800009100BF012D16DB009E002419460246FB
:10A5880092F80080013416EA080F18BF81F800E03D
:10A59800770609EA460624B201F1010104BF013237
:10A5A8000126AC42ECDB0BF101010FFA81FB0A99A1
:10A5B8005044E3450B44DDDB01B0BDE8F08FD4D453
:10A5C8002DE9F04F81B00B9CB4F902C0BCF1010F2A
:10A5D80035DB073212B2DDF830E04FEAE20A01F06B
:10A5E80007010122B4F9005002FA01F14FF0000B03
:10A5F8004FF4FF79009100BF012D16DB009E002467
:10A608001946024692F80080013416EA080F18BF6E
:10A61800A1F800E0770609EA460624B201F1020132
:10A6280004BF01320126AC42ECDB0BF101010FFA49
:10A6380081FB0A995044E34503EB4103DCDB01B09D
:10A64800BDE8F08F2DE9F04F0A9CB4F902C0BCF1C7
:10A65800010FB8BFBDE8F08F073212B2DDF824E071
:10A668004FEAE20901F007010122B4F9004002FAB9
:10A6780001F84FF0000A4FF4FF7B00BF012C16DBF6
:10A6880000274546194602461678354202D00E88FC
:10A69800F6430E806E0607F101060BEA450537B250
:10A6A80001F1020104BF01320125A742ECDB0AF1E6
:10A6B80001010FFA81FA4844E24503EB4E03DDDB62
:10A6C800BDE8F08F2DE9F04F81B00B9CB4F902C0C2
:10A6D800BCF1010F35DB073212B2DDF830E04FEA8A
:10A6E800E20A01F007010122B4F9005002FA01F16F
:10A6F8004FF0000B4FF4FF79009100BF012D16DBDE
:10A70800009E00241946024692F80080013416EA99
:10A71800080F08BFA1F800E0770609EA460624B248
:10A7280001F1020104BF01320126AC42ECDB0BF15E
:10A7380001010FFA81FB0A995044E34503EB4103F9
:10A74800DCDB01B0BDE8F08F2DE9F04F83B00D9D43
:10A75800B5F90260012E02963CDB073212B2D21024
:10A76800DDE90EAE019201F007010122B5F90060A2
:10A7780002FA01F14FF0000B4FF4FF75009100BF92
:10A78800012E1BDBDDF8009000211A46074600BFAA
:10A79800B84618F801CB544619EA0C0F08BF74469E
:10A7A800013122F8024B5FEA496405EA490909B216
:10A7B80004BF47464FF00109B142E9DB019908445B
:10A7C8000BF101010FFA81FB02998B450C9903EB00
:10A7D8004103D5DB03B0BDE8F08FD4D42DE9F04FA9
:10A7E80081B00B9CB4F902C0BCF1010F36DB073213
:10A7F80012B2DDF830804FEAE20A01F007010122C7
:10A80800B4F9005002FA01F14FF0000B4FF4FF7950
:10A81800009100BF012D17DB009E00241946024657
:10A828001778C6463E421CBF0F886FEA070E7706A8
:10A8380004F1010709EA46063CB221F802EB04BF1D
:10A8480001320126AC42EBDB0BF101010FFA81FB6F
:10A858000A995044E34503EB4103DBDB01B0BDE853
:10A86800F08FD4D4F0B5079EC6F30214072C88BF26
:10A87800F0BDDDE90865DDE905CEDFE804F0181F65
:10A8880027110427040ACDE905CEBDE8F040FFF7FB
:10A89800D9BE0795CDE905CEBDE8F040FFF79EBFCC
:10A8A8000795CDE905CEBDE8F040FFF70BBF079649
:10A8B800CDE905CEBDE8F040FFF782BECDE90765DA
:10A8C800CDE905CEBDE8F040FFF73EBFF0BD80B54D
:10A8D800426846F67801C2F20421002A08BF01F155
:10A8E80020025168097801F00E0106290CD1D0F830
:10A8F8000CC0B0F9141092F8203000F11C02604628
:10A90800FFF7C2FD002080BD46F2962045F6F542CD
:10A9180045F22063C0F20820C0F20822C0F20823E2
:10A928004FF4C07100F007FC80B5426846F6780124
:10A93800C2F20421002A08BF01F1200251680978F7
:10A9480001F00E0108290BD1D0F80CC0B0F9141091
:10A95800138C00F11C026046FFF7B4FD002080BD97
:10A9680046F2962046F2C62246F21E23C0F208207E
:10A97800C0F20822C0F208234FF4C77100F0DBFBD5
:10A9880080B5426846F67801C2F20421002A08BF61
:10A9980001F120025168097801F00E010A290BD152
:10A9A800D0F80CC0B0F91410136A00F11C0260460C
:10A9B800FFF7A6FD002080BD46F2962045F6D66238
:10A9C80046F2E723C0F20820C0F20822C0F20823AA
:10A9D8004FF4CE7100F0AFFB70B586B0D0F804E04C
:10A9E80046F67801C2F20421BEF1000F08BF01F15A
:10A9F800200EDEF80410097801F00E01082920D194
:10AA0800DEF8244014F00C0F01D0FC2016E0D0E949
:10AA180003C1B0F93450B0F91420C36ABEF82860F5
:10AA2800BEF82CE04C30E4B2CDE900506046CDE9E8
:10AA38000246CDF810E0FFF715FF002040B206B03F
:10AA480070BD46F2962045F2854246F21E23C0F2BA
:10AA58000820C0F20822C0F2082340F27F2100F04B
:10AA68006AFBF0B581B014460F46064603F02EF88F
:10AA7800D4E90053024655EA030018BF012005D067
:10AA8800551B71EB030301DA002003E092197941A9
:10AA9800C4E9002101B0F0BD10B5044603F016F872
:10AAA800D4E90023801A994110BDF0B581B046F26F
:10AAB8000864C2F2042498B1B0F5803148BF494215
:10AAC800B1F5247F0CD3D4F850112062487800F0F7
:10AAD8000E00062839D104F5A07000F0B6FB01E09D
:10AAE80000202062D4F85011206AB1F91220B1F97F
:10AAF800101000FB02F300FB01F50028C8BF1A0C78
:10AB0800C8BF290CA689E7890FFA82FC0FFA81FED3
:10AB1800218562852389658931443A44A186E28684
:10AB280094F9271094F92620A3EB5E03A5EB5C07A4
:10AB38002386678600FB01F300FB02F0C4BF190CF3
:10AB4800020CA285E18501B0F0BDB1F91000D4F87E
:10AB58004421B1F9121000FB01F54AB1D4F84001C3
:10AB680020F07F40A842BDD204F5A07000F06DFB34
:10AB78004FF0020C04F5A070AAB201210423CDF80D
:10AB880000C000F030FBADE78369FBB180B59847A2
:10AB9800F0B146F20861C2F204210A6A012AB8BF7C
:10ABA80080BDB0F91030B0F912C002FB03F2120CEC
:10ABB80002820A6AB0F9143002FB0CF2120C4282CB
:10ABC800096A01FB03F1090C818280BD00207047EE
:10ABD800002080BD2DE9F04192B01C461A9BE3B3DA
:10ABE80040F203600E9010694FF00008109046F292
:10ABF8000860C2F20420D0E95006154620F07F41D3
:10AC08003046CDF83C80119600F09AFA06AF04AAB7
:10AC1800204639460123CDF80080CDF80480FEF7A0
:10AC2800F2FAB5F91030DDE90601BDF92020103738
:10AC3800FF25CDE9003733460295FFF77FFCA06872
:10AC480004A9CDE904800EA806AA002300F04CFC54
:10AC58006FF00B0012B0BDE8F0810A460146DDE94D
:10AC68001870234619900020189712B0BDE8F041DB
:10AC780000F073BCEFF3108272B690F8A13073B194
:10AC8800D0F8CC10013B80F8A13041B10B68C0F876
:10AC9800CC3000230B6082F31088486002E082F316
:10ACA800108800210846704799B1EFF3108272B6F8
:10ACB800D0F8CC300B6090F8A130C0F8CC10591CFB
:10ACC80080F8A11082F31088D0F8C40008B100F011
:10ACD80015BE7047B1B14A8AD30713D0920712D470
:10ACE800EFF3108272B6036F4B600167B0F8A210E1
:10ACF80047F6FF73994201F10101A0F8A21005D2AD
:10AD080082F3108870470220FEF78CBE80B545F6A6
:10AD18000B0045F25E6245F68043C0F20820C0F29F
:10AD28000822C0F2082340F2563100F004FAEFF38B
:10AD3800108272B6D0F8A430C0F8C01023F0806337
:10AD4800C0F8A43082F310887047D0F8A41041F0FE
:10AD58008061C0F8A410704710B50446EFF3108066
:10AD680072B60A46D4F8D01042B18A4216D10021F0
:10AD7800C4F8D01080F31088114605E00022C4F80A
:10AD8800D02080F31088C9B10020C8602046FFF7A2
:10AD98008BFF2046BDE8104001F0D8B945F60B00FE
:10ADA80045F6524245F28E33C0F20820C0F208221E
:10ADB800C0F2082340F2252100F0BDF945F60B004A
:10ADC80045F6524245F28E33C0F20820C0F20822FE
:10ADD800C0F2082340F22A2100F0ADF910B528B1DD
:10ADE800044602F073FEC4E9000110BD45F60B00ED
:10ADF80045F69C3246F29913C0F20820C0F20822A8
:10AE0800C0F2082340F6962100F095F910B528B154
:10AE1800044602F05BFE2168401A10BD45F60B009F
:10AE280045F6BF3246F29913C0F20820C0F2082254
:10AE3800C0F2082340F69F2100F07DF9B0B5044622
:10AE4800407CFF2B00F0FC0000F10200607412D07F
:10AE5800D2B11D4613685068C4E902304FF00400AF
:10AE680059B1049A4AB908461946012200F0FCFA79
:10AE7800A060042001E008200025618A257421F0E3
:10AE88000C0108436082B0BD45F60B0046F2021281
:10AE980045F28E33C0F20820C0F20822C0F208231F
:10AEA80041F28B1100F047F910B582B0044602F068
:10AEB800AFFA02280ED2A06948B100BF90F820105E
:10AEC80011F0060F1BD000680028A061F6D10320FE
:10AED800207455E054D1607CA16900F0FC00023078
:10AEE80060748868CA68C4E90202628A0120207412
:10AEF80042F0040020F00800608208683FE041F05A
:10AF0800040180F82010A06990F82010090711D4D6
:10AF1800617C01F0FC010231617401694069C4E996
:10AF28000210618A0220207441F0040020F0080019
:10AF3800608225E0B0F91E30D0E90412012B01929D
:10AF480000910CDBB0F91C30012B08DB00F1180173
:10AF58006846024600F0E8F9DDE90012A069637C62
:10AF6800C4E90212628A012103F0FC03217442F051
:10AF78000401023321F00801637461820068A06152
:10AF880002B010BD10B582B014460022019201AA89
:10AF980002F0AEFAA0B9019991B1087800F0E0008A
:10AFA80020280AD18978C80709D14FF000003CB1A0
:10AFB80011F0020118BF012002E0002000E001208A
:10AFC80002B010BDD0F8A4200146406ED3021AD4B6
:10AFD80028B1437C9B0728D40068486650BBD0063C
:10AFE8001FD4486CE8B1D3004FF000004FF00403C1
:10AFF80019D4D1F84CC0BCF1000F1EBFC1F864C011
:10B00800012018230FE0406808B1486612E04FF6A7
:10B01800F773CFF6EF73043300201A404866043202
:10B028000BE0002004231A4307E04FF6F770CFF631
:10B03800EF70024042F008020120C1F8A4207047D6
:10B04800B0B5EFF3108172B6046F74B16268B0F8EE
:10B05800A23002675A1E13B2B3F1FF3FA0F8A22034
:10B0680016DD81F31088012509E081F3108814208A
:10B0780004210222FEF7AFFC40B104460325204616
:10B08800142100F05DF865822046B0BD0024FBE77E
:10B0980045F60B0045F6CD2245F28563C0F208203F
:10B0A800C0F20822C0F208234FF45C7100F043F8A4
:10B0B800C0F8301141B1D34313F4405F05D0A0F874
:10B0C8007421097880F87411704780B545F20D70C5
:10B0D80045F6551245F62223C0F20820C0F2082290
:10B0E800C0F208234FF4D27100F025F82DE9F041A1
:10B0F8008EB00DF104080E460746404634211C4622
:10B10800154600F01DF8002D38464FF02001424644
:10B11800099608BF3D460A95002E08BF34460B9491
:10B1280001F040F80EB0BDE8F081D4D44EF2130C13
:10B13800C0F2072C604740F2C94CC0F2082C6047A7
:10B1480043F6DB0CC0F2082C60474EF2091CC0F233
:10B15800072C60474EF2731CC0F2072C60474EF272
:10B16800530CC0F2072C604743F6392CC0F2082C68
:10B17800604743F6311CC0F2082C60474EF2E11CD0
:10B18800C0F2072C604743F6D10CC0F2082C604788
:10B1980080B500F0E5FA02F037FD02F03AFDBDE8AF
:10B1A800804002F03BBD0120704746F67803EFF37C
:10B1B800108272B6C2F20423D969D86182F310886A
:10B1C8000846704746F67800C2F20420C069704706
:10B1D80080B582B04FF0000C0023CDF800C0FEF718
:10B1E80025FC02B080BD2DE9F04381B00D4602FB7D
:10B1F80001F129B3DDF82080CF1C27F003090446AC
:10B2080009F10400D9B242461E46FEF7E4FB4FF6A8
:10B21800FC71C0F2FF01394006F0070241EAC26141
:10B2280005F0070241EA026141EA8871C4E90010A9
:10B2380038B140F6CE21CCF6FE2149F8001000E0E6
:10B248000024204601B0BDE8F08310B541680446EB
:10B2580079B1206840F6CE2320F07F425258CCF6D0
:10B26800FE239A4207D1800FFEF7DCFB0020C4E9D9
:10B278000000204610BD45F2985046F2050245F2FE
:10B288008E33C0F20820C0F20822C0F2082340F62C
:10B298007B31FFF750FF2DE9F04184889CB3C388C8
:10B2A8008BB38D887DB3B1F806E0BEF1000F2AD0CC
:10B2B800B0F90060B0F90280A019013807B2B1F9FD
:10B2C8000000B1F9024029180139864209B2C8BF05
:10B2D8003046A045A446C8BFC4468F42B8BF3946C9
:10B2E800814210DB1FFA88F5A4B20EEB04072B4449
:10B2F800013F013B3CB21BB2A342B8BF1C460FFA48
:10B308008CF39C4202DA0020BDE8F0814AB110803B
:10B31800081A01309080A4EB0C000130A2F802C09A
:10B32800D0800120BDE8F081B0F904C00346104682
:10B33800BCF1010F37DBB3F90620002A33DD70B505
:10B34800B1F904E0BEF1010F32DBB1F90640002C7F
:10B358002EDDB3F90050B1F90060B3F90230B1F94C
:10B368000210B542B644B8BF2E4665448B420C4421
:10B37800B8BF1946013D1A44AEF101032DB2013A96
:10B388001BB2013C12B224B29D42C8BF2B46A24256
:10B39800C8BF144641809A1B611A013201310680E8
:10B3A8008280C18070BD4A68096842600160704748
:10B3B80059681A684160026070BD80B5B0F9042010
:10B3C800B2B1B0F906309BB1B1F900C0B0F900E0F4
:10B3D800F4450DDBB1F90210B0F90200814207DB38
:10B3E8007244624504DD18448842C4BF012080BD10
:10B3F800002080BDB0B582B004460068A2880D4622
:10B4080081180139ADF80010E188019001EB104076
:10B418000138ADF8020001A92846FFF7CEFF30B188
:10B4280069462846FFF7C9FF08B1012019E02868D6
:10B43800A988019001440139ADF80010E98801EBB1
:10B4480010400138ADF8020001A92046FFF7B5FF0A
:10B4580030B169462046FFF7B0FF08B1FF2000E091
:10B46800002040B202B0B0BD80B5002A4FEA1142B8
:10B478001CD000BF037813F0110F32D1B0F804C00C
:10B48800C388C068614400281A44F3D145F60D60AA
:10B4980045F6354245F64933C0F20820C0F2082285
:10B4A800C0F2082340F20641FFF745FE0378DB07A8
:10B4B80017D1B0F804C0C388C068614400281A4492
:10B4C800F4D145F60D6045F6354245F64933C0F2EC
:10B4D8000820C0F20822C0F2082340F20F41FFF70B
:10B4E8002AFEC1EA024080BD80B582B04FF0000C50
:10B4F800CDF800C0FEF712FB02B080BD80B546F65D
:10B508007800C2F20420AC21FFF71AFE80BD2DE9B5
:10B51800F041054646F67800C2F20420069C002D4C
:10B5280008BF00F120052846984616460F46FEF744
:10B53800F5F978B146F2CC30C0F208206860C5E968
:10B548000676A5F82080284685F82440BDE8F04115
:10B55800FEF70CBA0120BDE8F0812DE9F04381B077
:10B56800044646F67800C2F204200F46DDE9086872
:10B57800002C08BF00F12004184601211D46914601
:10B58800FEF7FEF9B0B12046FEF7C8F9A0B146F2C1
:10B59800E830C0F2082060600020C4E90679C4E9F8
:10B5A80008502685204684F82C8001B0BDE8F04379
:10B5B800FEF7DCB9FE2000E0012040B201B0BDE892
:10B5C800F0832DE9F04381B0044646F67800C2F2D4
:10B5D80004200F46DDE90868002C08BF00F12004AC
:10B5E800184608211D469146FEF7CAF9B0B1204613
:10B5F800FEF794F9A0B146F2F430C0F2082060607A
:10B608000020C4E90679C4E908502685204684F854
:10B618002C8001B0BDE8F043FEF7A8B9FE2000E099
:10B62800012040B201B0BDE8F083F0B581B0054615
:10B6380046F67800C2F20420002D08BF00F120056C
:10B6480028461C4616460F46FEF768F970B146F2C2
:10B658002C40C0F208206860C5E90676284685F8BF
:10B66800204001B0BDE8F040FEF780B9012001B0EC
:10B67800F0BDF0B581B0054646F67800C2F2042068
:10B68800002D08BF00F1200528461C4616460F4627
:10B69800FEF744F968B146F23840C0F20820686005
:10B6A800C5E9067628462C8401B0BDE8F040FEF7CF
:10B6B8005DB9012001B0F0BDF0B581B0054646F690
:10B6C8007800C2F20420002D08BF00F120052846AA
:10B6D8001C4616460F46FEF721F968B146F244406B
:10B6E800C0F208206860C5E9067628462C6201B0D9
:10B6F800BDE8F040FEF73AB9012001B0F0BD2DE9F0
:10B70800F0470446089D46F67800C2F20420002C53
:10B7180008BF00F1200405F07000202804BF0020B5
:10B72800BDE8F087DDE909A92046984616460F4688
:10B73800FEF7F4F888B146F22040C0F208206060B5
:10B74800C4E90668C4E90875A4F828A02046A4F846
:10B758002C90BDE8F047FEF709B90120BDE8F08755
:10B76800B0B546F62811EFF3108072B6C2F2042184
:10B778000A7801240C7080F310884ABB02F0ADF9F6
:10B7880044F6D351C1F26201A0FB011246F20465EE
:10B798009109C2F20425B0F57A7F38BF01212960EA
:10B7A80000F0BBF9286847F2F001C0F22831A0FB8D
:10B7B800010101284FF0010288BF0246002914BF89
:10B7C8000446144646F63010C2F20420C0E900418F
:10B7D800B0BD46F20461C2F2042109680123A1FB4D
:10B7E8000021012A4FF0010088BF1346002914BF29
:10B7F80010461846704780B546F20462C2F2042229
:10B808001268002302F00FFA80BD2DE9F04387B0DB
:10B8180000285FD005461646AA68002005AFCDE986
:10B828000502002918BF0F4678683968DDF83880A6
:10B838000DF10809CDE90210002029464A461C46A8
:10B84800ADF80E60CDF80080FFF761FE0020FFF72D
:10B85800AAFCF888BDF80A10801B0844ADF80A0055
:10B86800002029464A462346CDF80080FFF74FFEC0
:10B878000020FFF798FC786839684A46CDE902103D
:10B88800000C06EB1141A0EB4600ADF80A10ADF82C
:10B898000E00002029462346ADF80C60CDF8008044
:10B8A800FFF735FE0020FFF77EFCB888BDF80810CA
:10B8B800801B0844ADF80800002029464A46234664
:10B8C800CDF80080FFF723FE0020FFF76CFC07B0DF
:10B8D800BDE8F08346F2681045F2E46245F2FA7377
:10B8E800C0F20820C0F20822C0F208234FF42271E7
:10B8F800FFF721FC002070470120704770470023A4
:10B90800C0E900338360C3600AB101608280002A05
:10B9180018BF012210467047EFF3108172B6828873
:10B928000023C0E90133C360828081F31088704727
:10B9380002680AB380B5EFF3108C72B6C388028927
:10B94800934203D142890AB1002012E0D0F800E006
:10B958005A1CC2800EF80310C1888288914224BF05
:10B968000021C1804189C28901314181511CC181B5
:10B9780001208CF3108880BD0020704702460068C3
:10B9880038B370B5EFF3108C72B6B2F808E0D0880F
:10B99800538980EA0E00184380B2002818BF01209E
:10B9A80014D09CB213680EF10105158113F80EE04E
:10B9B8009388AEB29E42A4F1010328BF00251581E9
:10B9C80053819368D36009B181F800E08CF3108843
:10B9D80070BD002070470368F3B110B5EFF3108C09
:10B9E80072B68489C3889C4201D1C389B3B1036804
:10B9F80013F804E04AB1621C838894B29C4228BFC1
:10BA08000022C38982815A1EC28109B181F800E0EF
:10BA180001208CF3108810BD002070470020F8E743
:10BA2800EFF3108172B6C268826081F310887047A4
:10BA3800EFF3108172B68268C26081F31088704794
:10BA480080B5D0B1C1B1C20727D1820705D5028818
:10BA5800013912BA120C20F8022B4A0806D000BF8E
:10BA68000368013A5BBA40F8043BF9D1C90703D02F
:10BA7800016809BA090C018080BD46F2681045F6D4
:10BA8800496245F2FB63C0F20820C0F20822C0F206
:10BA9800082340F2F741FFF74EFB46F2681045F6DF
:10BAA800496245F62F13C0F20820C0F20822C0F2FE
:10BAB800082340F2FE41FFF73EFB80B51346C1F371
:10BAC8004202052A01460FD0042A07D0032A14D1BE
:10BAD800DBB200200022FFF7A8FD09E09BB200209E
:10BAE8000022FFF7C6FD03E000200022FFF7E4FD77
:10BAF8000020BDE88040FFF756BB46F2681046F2CA
:10BB0800BD0245F28E33C0F20820C0F20822C0F20E
:10BB1800082340F22E51FFF70EFB02F089B850B10E
:10BB28000168426846F20863C2F204230020C3E9B0
:10BB38000012FEF7BABF80B545F26F7045F2A44215
:10BB480046F2DC03C0F20820C0F20822C0F2082343
:10BB58004FF48571FFF7EFFAB5EE400A9FED0B3A07
:10BB6800F1EE10FABEEE001AB6EE002A22FE011A15
:10BB780020EE030A30EE010ABDEEC00A10EE100AEC
:10BB8800002800D54042FEF790BF00BF0000804764
:10BB980046F20862C2F204229082D182704746F2CD
:10BBA8000861C2F20421002808BF4FF0FF30886105
:10BBB800704746F20861C2F20421C861704746F234
:10BBC8000861C2F2042181F82500704710B546F2D9
:10BBD8000862C2F2042292F92730116A92F926C04B
:10BBE80082F8260001FB03FE01FB00F40029C4BF14
:10BBF8004FEA1E43200C90856046D38510BD10B5D2
:10BC080046F2086CC2F2042C01469CF92700DCF8C5
:10BC180020309CF926208CF8271003FB01FE03FB3B
:10BC280002F4002BC4BF4FEA1E41220CACF82C20B2
:10BC3800ACF82E1010BD46F20862C2F2042292F847
:10BC4800243003F0010103F0FE030344084682F8A0
:10BC58002430704710B546F20861C2F2042100286A
:10BC680008BF084602684068B1F92830B1F92AC00F
:10BC78004FF0000EC1F810E04FEA124EC1E9022061
:10BC88001C180CEB1040A2EB5302AEEB5C030A86C7
:10BC98004B868C86C88610BD70B546F20862C2F223
:10BCA8000422B2F828C0938D968963441BB203FB23
:10BCB80001F133B2B2F82AE0B2F82EC091FBF3F3E7
:10BCC800F444184400FB0CF0B2F90E4005B295FBA1
:10BCD800F4F503FB161105FB14001182508270BDA8
:10BCE80046F20861C2F20421D1F8502182421DD0E7
:10BCF80046F2D072C0F20822002818BF0246D06867
:10BD080010B9107800070FD5508A68B1108A58B159
:10BD1800506948B180B5086AC1F85021FEF7C5FEE0
:10BD28000020BDE8804002E0FE2000E0002040B294
:10BD38007047D4D42DE9F04F81B046F20866C2F2BC
:10BD480004260546B069348DB78DB6F82A80B6F852
:10BD58002EA006F1300101220095FFF713F9002803
:10BD68005AD038190FFA80F9F068C244010C4FEA2A
:10BD780089070FFA80FB0CB24FF000082978A1F16F
:10BD88000800052822D8DFE800F0030A1722220756
:10BD9800B6F91000484537DAA6F8108038E0308A3E
:10BDA800384401B291FBF7F202FB07F2511A08443A
:10BDB80001B2594530822BDB708AA6F810805044B6
:10BDC80001B2A142A8BF4046708221E021B3308A67
:10BDD8003189728A73890844991896F8253000B217
:10BDE80009B26A4601F029FF318A084401B259456F
:10BDF80030820FDB708AA6F81080504401B2A1424D
:10BE0800A8BF4046708205E0A0EB0900308200BF61
:10BE1800681C0090009DB1E701B0BDE8F08F83B0C9
:10BE280070B581B0844605A80EC046F20860C2F21B
:10BE3800042000F13E0405AB20464FF480716246B1
:10BE480000934FF4807601F0FDFE0546B0F5807F43
:10BE58004FF0000028BF354660552046FFF76AFFBF
:10BE6800284601B0BDE8704003B07047F0B581B016
:10BE780046F20865C2F204256F8F0C46C7F580713B
:10BE88000EB2A6420ADB0146E8193E30224601F00E
:10BE9800DEFEA98F381968870819A8870020A642EE
:10BEA800A8BF012001B0F0BD2DE9F04146F20868B5
:10BEB800C2F20428B8F83C10002979D048F2380EAC
:10BEC800B0F1FF3FC0F2082E1FDC08F13E05002349
:10BED8004FF01D0C002600BF2F78F72F11D86FEAFE
:10BEE8000767B7FA87F72CFA07F4E40709D05EF872
:10BEF800277001333E448E4203D2B6F5807F3D441D
:10BF0800EAD9184400B220EAE07060B308F13E04B0
:10BF180000231D252778F72F1CD86FEA0767B7FA83
:10BF280087F725FA07F6F60714D05EF8276000278A
:10BF380033448B424FF00002A8BF0127B3F5807F3E
:10BF480088BF01223A4318BF002303D101380204F5
:10BF58003444DFD118B288420846B8BF1846002BCF
:10BF680008BF084600E0084605B2B8F83800A942FC
:10BF7800B8BF0D46284408F13E060024375C345407
:10BF8800B8F838003044FFF7D5FEB8F83800A9B241
:10BF980028443754B8F83800B8F83C202844A8F8A2
:10BFA8003800501B8A42A8F83C0008BFC8F838403F
:10BFB800BDE8F0812DE9F0470D460446FFF7D0FBB8
:10BFC8002046F021FFF7BCF820462946582201F008
:10BFD8003EFE606A80B36169B4F90C20B4F90E7052
:10BFE8008B0D43EA516307FB02F05B07C4F89C0022
:10BFF80041D093B2C1F382554FF0FF32C1F342668C
:10C008001FFA87FC02FA05F702FA06F1B5B1AEB1DC
:10C018003B4003D17B429AB2904225D31CEA0102ED
:10C0280003D14A4291B288421ED312FB03F18142E6
:10C038001AD8A381E2811EE0FA2084E065B113EAF0
:10C04800070103D179428AB290420DD30AB2B0FBFC
:10C05800F2F0A181E0810EE06EB11CEA010205D187
:10C068004A4291B2884201D2F7206CE011B2B0FB8B
:10C07800F1F0E281A081FFF73DFC267FC4F8C400FF
:10C08800AEB1A5699DB1012728461421FFF758F8DC
:10C09800204629466F82FEF71DFE013E300605F157
:10C0A8001405F1D1D4F8A40040F4003003E0D4F82A
:10C0B800A40020F400306169C4F8A40011F47F4F93
:10C0C8004FF0FA003FD0A568EDB3E089D0B3A0895E
:10C0D80000284FF0FE001EBF2269D31C33F0030274
:10C0E80031D04FF6FC70C0F2FF000E0A184001F084
:10C0F8007F014FF0000840EA016902F11C074FF088
:10C10800010A84F8A18000BF05F11C01E06869619B
:10C11800A969286101F000404844A86120462946E1
:10C12800C5E902A8FEF7C0FD013E30063D44EBD14B
:10C13800D4F8A40040F0007040F00400C4F8A40053
:10C14800002000E0FE2040B2BDE8F087EFF3108247
:10C1580072B6D0F8D01011B182F310887047D0F8B9
:10C16800D4100029F8D00B68C0F8D43013B90023D4
:10C17800C0F8D83000230B60C0F8D010486082F3B4
:10C188001088436A3BB190F8A720120703D48A6944
:10C19800806AD20F1847FEF7DFBD90F8A700C0F3FA
:10C1A8004000704780B5EFF3108C72B6CB071CBF08
:10C1B800D2E9003EC0E9093E8B0744BFD2E9023EFE
:10C1C800C0E90B3E4B0744BFD2E9043EC0E90D3E2F
:10C1D800CB0644BFD2E9063EC0E90F3E890607D523
:10C1E80002F1200100F1440E91E80D008EE80D00E7
:10C1F8008CF31088002080BD2DE9F04F93B00446E1
:10C2080090F8A000062800F28D8789460025DFE80F
:10C2180010F007005007610721002A005200290189
:10C22800D4F8A4100020C4F8E800C4F8EC0041F0E9
:10C238000100C4F8A400EFF3108072B6D4F8A4107B
:10C248008A055CD44A0565D54FF6FF12CFF6FD7214
:10C2580011405DE0606C70B394F8A700C0062AD462
:10C26800042084F8A00004F1E00630460021FEF71F
:10C27800B5FDD4F8A420D4E91130D4F8DC1002F0CC
:10C288000102984705460020FEF78DFF3046002141
:10C29800FEF7BCFDD4F8E810012D0844C4F8E80006
:10C2A80000F03187002D00F16A87022D00F06787C2
:10C2B800052000F026BFA07D000740F1BB80D4F820
:10C2C800A400810700F1B680800300F19F80B9F1D6
:10C2D800000F00F0AF80FF254E4600BF707CC007FE
:10C2E80009D1D4F8DC0006F1080101224FF4FC63FF
:10C2F8000095FFF78AFA3668002EEFD19AE04FF6DC
:10C30800FF12CFF6FD7202F58062114001F500318F
:10C31800C4F8A41080F31088EFF3108072B6D4F834
:10C32800A410CA0A62F35D71C4F8A41080F31088DF
:10C33800EFF3108072B6D4F8A410C1F30032C1F341
:10C3480080739A4227D180F31088D4F8A4506800EB
:10C358003DD52188A088B4F8B870B4F8B460084412
:10C368000138374403B26088E2883EB29E42A4F89E
:10C37800B4702CDDA4F8B410B4F8BA10B4F8B63020
:10C388000244013A194412B20BB29342C8BF0146A3
:10C39800A4F8B6101BE021F0804141EA8271C4F88C
:10C3A800A41080F31088D4F8A450680006D494F838
:10C3B800BD0040F0010084F8BD0008E004F1AC00C5
:10C3C8001421FEF7BDFE2068216AC4E92D01A803E7
:10C3D8000BD5A06E25F4C0150028C4F8A45040F071
:10C3E8005287E06E002840F05E8745F0007125F026
:10C3F800400204F1E00015F0206F08BF41F0400250
:10C408000121C4F8A420FEF7E9FCEDE0A56E8DB18A
:10C41800FF2600BF687CC00709D1D4F8DC0005F10D
:10C42800080101224FF478430096FFF7EEF96D6892
:10C43800002DEFD1D4F8A400012120F00100C4F8A8
:10C44800A40004F1E000FEF7C9FCD4F8A40000F051
:10C45800420140290CD120F04200C4F8A400062073
:10C4680084F8A000616B19B1A06B884700284DD0F3
:10C47800D4F8A40081073FD4606A002800F0D3866E
:10C48800D4F8C800002800F0DE86B4F85810B4F8D4
:10C498005C20B4F85A30B4F85E701144FA188181FF
:10C4A800C28108216069C0F204018A1D10408842D7
:10C4B8000AD1D4F8C800B0F91010B0F912204069B8
:10C4C80002FB01F1FFF7BCFA206D30B32046FEF7FE
:10C4D800D1FB002800F0C7860546D4E91430D4F80B
:10C4E800C8102A469847A0B1D4F8C8102046FEF7CD
:10C4F800DBFBC4F8C85010E020F004018003C4F846
:10C50800A41071D52046FEF75DFD6DE0032500F00F
:10C5180036BE20462946FEF7C7FBEFF3108072B6F9
:10C52800D4F8D820D4F8C810002A14BF1160C4F871
:10C53800D4100022C4F8D8100A6080F3108820466E
:10C54800FFF704FED4F8A4004FF6FB71CFF6FF51B5
:10C558000840A17DD4F8C850C907C4F8A40004D184
:10C568000020FEF722FED4F8A40080061BD4288AF7
:10C57800B4F858100844B4F9601002B28A42A4F81A
:10C58800580031DB0020A4F85800698AB4F85A2012
:10C598001144B4F962200BB29342A4F85A1023DB79
:10C5A800A4F85A001AE0688AB4F85A100844B4F992
:10C5B800621002B28A42A4F85A0015DB0020A4F8DF
:10C5C8005A00298AB4F858201144B4F960200BB2F3
:10C5D8009342A4F8581007DBA4F858002046FEF749
:10C5E800F1FC002800F0918504F1AC00029004F100
:10C5F80088004FF6F77604F1680A04F15C0B0B909B
:10C6080004F16C00CFF6FB76059000BFD4F8A400C7
:10C61800810727D40020C4F8C800EFF3108572B64C
:10C6280094F8A1006169B0EB117F04D92046FEF7A8
:10C6380021FBC4F8C80085F31088D4F8C800002886
:10C6480000F0EA81D4F8A4108269890861F3DF72E6
:10C658008261D4F8C880B8F1000F00F0A485D4F83E
:10C66800A40023E081030FD4626E20F00211C4F805
:10C67800A41062B1527C00F4802002F002028018FB
:10C68800084609D10CE000BF616E29B108E04FF6F9
:10C69800F571CFF6FD71084040F00800C4F8A40019
:10C6A800D4F8C880B8F1000F00F06D85410755D562
:10C6B80081070FD4810025D4B9F1000FC4F8649024
:10C6C80018BF10F0804136D1B9F1000F014636D1BC
:10C6D8003EE000BF616901F400220021C2F20801B6
:10C6E8000140114312D020F00601002A4FF0000249
:10C6F800C4F8A410626615D1820029D5DAF80010B2
:10C7080099B9B3E100216166014621E0A16E20F4E8
:10C7180080100029616618BF00F58010C4F8A400D5
:10C728000DD17BE1DAF8002062B14FF6F971CFF64E
:10C73800DF7101400CE00299C4F8AC90616620F00A
:10C74800100007E0800200F1918141F4001100BF60
:10C7580041F0100040F00800C4F8A400D4F8A41078
:10C76800080740F1A180606E21F008020028C4F893
:10C77800A42045D0427C930702D4314008E000BF92
:10C7880002F0FD014174D4F8A410606E41F48021D8
:10C79800C4F8A410427C4B0748BF5FEA413312D467
:10C7A800D20708D100F1080120465A46FEF773FD6A
:10C7B80050BBD4F8A410480326D42046FEF702FC48
:10C7C8000028CBD103E012F00103E9D118E0D4F836
:10C7D800A40081073FF51CAF616900F0005201F425
:10C7E8000021891800F02C81D4E9001240F01000D3
:10C7F800C4E9171200216166C4F8A40004E000BF70
:10C80800D4E90001C4E917016169C1F3825088B114
:10C81800B4F85C204FF0FF33834002EA0307B4F812
:10C828006060D21B32449A1A23EA0202A4F85C70B0
:10C83800A4F86020C1F342628AB1B4F85E304FF0C8
:10C84800FF37974003EA0706B4F862509B1B2B4456
:10C85800FB1A27EA0303A4F85E60A4F86230890390
:10C868002CD494F8A460B4F96010B4F96230D4F808
:10C878009C70B60603FB01F619D48F4201D8BE425C
:10C888001CD8B7FBF1F089B29842B8BF0346002A1A
:10C89800A4F8981000F0BD804FF0FF309040184089
:10C8A8000CD0A4F89A000CE0B4F8981009E09F4264
:10C8B80000F29C80BE4240F2998000BFE168C4F853
:10C8C8009810B4F85E30B4F85A70B4F85C003B4481
:10C8D800B4F958205B42ADF83230B4F960301044F6
:10C8E8006768404209B29A1AADF830000D978A423B
:10C8F800B8BF1146A8F81010B4F95A10B4F962205C
:10C90800B4F99A30511A9942B8BF0B460B9A08F1FC
:10C918000800A8F812300CA90023FEF7E5FD6069AD
:10C92800D4F8A42000F4002102F00053C91802D062
:10C93800616E002957D04946B9F1000F18BF01218F
:10C9480002F00403970301EA93010BD4002948D0AD
:10C9580042F00201C4F8A410B8F81020A4F88C2002
:10C96800D5E000BF0029114607D022F00601930741
:10C9780058BF42F00201C4F8A4108B0740F1C780E9
:10C98800636EB8F81070002BA4F88C7000F01B844C
:10C998000F0300F1BC80500703D511F4802040F04C
:10C9A800B180587CC00740F0AD8003F108012046F3
:10C9B8000022FEF770FCD4F8A410002800F0A28032
:10C9C800D4F86480480370D52046FEF739FB002868
:10C9D80063D0D8E902128046C0E90212D4F8A41044
:10C9E80063E0114693E022F002018EE0B7FBF3F218
:10C9F8009BB28A42B8BF1146A4F89A3030B14FF0C2
:10CA0800FF3202FA00F001403FF458AFA4F8981042
:10CA180057E7A4F89A3054E700219EE0B9F1000FD7
:10CA280000F05184EFF3108572B6D4F8C810204690
:10CA3800FEF73AF90020C4F8C80085F3108822E010
:10CA4800EFF3108572B6D4F8C8102046FEF72CF91B
:10CA58000020C4F8C80085F31088D4F8A400810722
:10CA680000F14184400740F14E8413E0EFF3108554
:10CA780072B6D4F8C8102046FEF716F90020C4F89C
:10CA8800C80085F31088D4F8A400022161F342009D
:10CA9800C4F8A4004FF0FF315FE0D4F8A4004FF0D1
:10CAA800000840F40021C4F8A410080322D4059E0D
:10CAB80055463068002862D0B8F90C10B8F90E2035
:10CAC800B0F90C30B0F90E7001FB02F103FB07F26C
:10CAD8008A42324658D900BF02464068002851D0E1
:10CAE800B0F90C30B0F90E7003FB07F38B42F3D8A2
:10CAF800043249E0204641465546FEF7EBF8D4F8A3
:10CB0800A410AA4621F480216069C4F8A410C203C5
:10CB180005D40B98FEF749FB6069D4F8A41094F883
:10CB2800893000F07F0003F0800394F8882094F89F
:10CB38008A70184484F88900032060F31F1207F0F4
:10CB4800FC0001F0030108440B994FF6F776CFF685
:10CB5800FB7684F8882084F88A00C4F8DC1019B1C0
:10CB6800481C08D1D1E200BFD4F8C40018B1FEF7C0
:10CB7800C3FED4F8DC1000293FF448AD71E2002070
:10CB8800324601E0043200200599C8F80400C2F8D2
:10CB980000800A95CDE903B9D1F800A0BAF1000FD9
:10CBA800ADD0DAF80400D5F800B00860BBF1000F8A
:10CBB8004FF00000CAF8040000F08E81BAF90C00AA
:10CBC800BAF90E1064220AF1080511FB0020CDE91C
:10CBD800085000BFD94609F10808DBF804B0284618
:10CBE8004146FEF707FC411C42D0C0B2012800F0C4
:10CBF8009D814046294610AAFEF796FBBDF94410D0
:10CC0800BDF94620B9F90C00B9F90E3001FB02F163
:10CC1800099A13FB0020814240F29181404629463F
:10CC28000EAAFEF738FBC8B3BAF908E0BAF80C0048
:10CC3800B9F90830B9F80C7000EB0E02501E1F4409
:10CC4800BAF90A50079206B2BAF80E20B9F90A00E2
:10CC58000697013FB9F80EC09E453FB222DABE42A0
:10CC68004FF000074FF00006A8BF012728E000BFDB
:10CC78000A98006870B10A99484505D0014640688D
:10CC880040B14845FAD10431D9F8040008600020C1
:10CC9800C9F8040020464946FEF71CF8BBF1000F0E
:10CCA80098D119E103DDBE424FF0000704E0BE420F
:10CCB8004FF00007C8BF01274FF00006D8BF012674
:10CCC8002A4400EB0C01013A013912B2854208B23C
:10CCD80007DA82424FF000004FF00002A8BF01209F
:10CCE80013E009DD82424FF00002D8BF0122089DFF
:10CCF8004FF0000006BB14E082424FF000004FF0F6
:10CD08000002C8BF0120D8BF0122089D4EB198B1CA
:10CD18009E455AD00698079980B289B28142BDD102
:10CD280053E0D7B1DAB39E4518D00698079980B278
:10CD380089B28142B2D111E02F68D5F80490380C3D
:10CD480040EA0946BDF83A10BDF83E20B0B281422B
:10CD580008BF1644C2EB194811E09AB32F686868F7
:10CD68003A0CBDF83C3042EA0046BDF83820B9B26A
:10CD78004FEA1048A0EB03098A4208BF1F44204627
:10CD88005146FDF7A7FF2046FEF75AF9002840F064
:10CD98003581BAF81200C0073FF480AF23E2D8F813
:10CDA8000070D8F80480380C40EA0846BDF83A10FC
:10CDB800BDF83E20B0B28142C2EB184008BF16440D
:10CDC800079015E000283FF469AFD8F80070D8F84C
:10CDD80004003A0C42EA0046020C0792BDF83820DB
:10CDE800BDF83C30B9B28A4208BF1F44A0EB030823
:10CDF8000A98006870B10A99484505D0014640680C
:10CE080040B14845FAD10431D9F80400086000203F
:10CE1800C9F8040020464946FDF75CFF2046FEF7A6
:10CE28000FF910B3079BC7EA0642C8EA0341059EFB
:10CE3800C0E902213168E1B3B1F90CC0B1F90E7053
:10CE480018FB03F20CFB07F39342334639D900BFB2
:10CE58000B46496899B3B1F90C70B1F90E6007FB3C
:10CE680006F79742F4D804332BE0B9F81200C0074C
:10CE780040F0C9810A9E3068F0B1B9F90C10B9F9CF
:10CE88000E20B0F90C30B0F90E7001FB02F103FB73
:10CE980007F28A42324619D902464068A0B1B0F971
:10CEA8000C30B0F90E7003FB07F38B42F4D8043250
:10CEB8000CE00021334604E00020324606E004334B
:10CEC800002141601860E9E604320020C9F8040036
:10CED800C2F80090E2E600BF0A9E306800B3BAF9D3
:10CEE8000C10BAF90E20B0F90C30B0F90E7001FB35
:10CEF80002F103FB07F2DDF80CB08A4235463246F0
:10CF080064D900BF0246406800285CD0B0F90C30F4
:10CF1800B0F90E7003FB07F38B42F3D8043255E0E7
:10CF2800DDF80CB00020354632464FE02046514629
:10CF3800FDF7D0FE0A9DDDE903B907204DE00A9808
:10CF4800DDF80CB00546006870B14845294605D0A3
:10CF58000146406840B14845FAD10431D9F8040087
:10CF680008600020C9F8040020464946FDF7B2FED3
:10CF780020465146FDF7AEFE2046FEF761F8A8B3FD
:10CF8800DDE91012059EC0E902123168002959D066
:10CF9800B1F90C30B1F90E7012FB12F203FB07F372
:10CFA800DDF810909342334657D900BF0B464968C5
:10CFB80000294AD0B1F90C70B1F90E6007FB06F7E9
:10CFC80097423DD9F2E70432002000BFCAF80400B6
:10CFD8000020C2F800A0DDF810900122059902FA9D
:10CFE80000F010F0910F7FF4D7AD88E5D4F8A400D5
:10CFF80040F40020C4F8A4000120ECE7C9EA084185
:10D00800C7EA0642059EC0E90221316801B3B1F9B9
:10D018000C30B1F90E7019FB08F203FB07F30A9DF7
:10D02800DDE903B99342334617D90B46496861B124
:10D03800B1F90C70B1F90E6007FB06F79742F4D806
:10D0480004330AE0DDF8109005E00433002104E021
:10D058000A9DDDE903B900213346416018600420C8
:10D06800BBE704F1E005284601210126FDF7CEFEC5
:10D07800D4F8EC100844C4F8EC0028460021FDF769
:10D08800ADFE94F8A700400708D46169D4F8C02021
:10D09800D4F8DC0001F07F01FEF70FFD28460021DF
:10D0A800FDF7B4FED4F8E81084F8A0600844C4F88A
:10D0B800E80004F1E0000021FDF790FEE36A002B90
:10D0C80059D0D4F8A420206BD4F8DC1002F0010267
:10D0D800984705460020FEF766F804F1E0000021B5
:10D0E800FDF794FED4F8E810012D0844C4F8E800D0
:10D0F80009D0002D43D445F00400C0B206283ED024
:10D10800032084F8A000012539E004F1E0000121A2
:10D11800FDF77CFED4F8EC100844C4F8EC000020BD
:10D1280084F8A00094F8A60080071ED5A16E41B12E
:10D138004D682046FDF7CEFD002D2946F8D1002088
:10D14800A066E16E49B100BF4D682046FDF7C2FDFB
:10D15800002D2946F8D10020A066D4F8A4000103C8
:10D1680044BF20F40030C4F8A400E16B09B1206C7E
:10D178008847002503E0022084F8A00006252846F9
:10D1880013B0BDE8F08F45F60B0045F6A17245F6E1
:10D19800DF13C0F20820C0F20822C0F2082340F2D0
:10D1A8005171FDF7C8FF45F60B0045F6A17245F62B
:10D1B800DF13C0F20820C0F20822C0F2082340F2B0
:10D1C8008771FDF7B8FF45F60B0045F6A17246F2E8
:10D1D8002003C0F20820C0F20822C0F2082340F65B
:10D1E8009C11FDF7A8FF45F60B0045F2B64246F242
:10D1F8006103C0F20820C0F20822C0F2082340F2FE
:10D20800BA61FDF798FF45F60B0045F2B64245F6C0
:10D218009803C0F20820C0F20822C0F2082340F2A6
:10D22800E261FDF788FF45F60B0045F6FE1245F66C
:10D238007163C0F20820C0F20822C0F2082340F24D
:10D248004521FDF778FF45F60B0045F6FE1245F639
:10D25800DF13C0F20820C0F20822C0F2082340F20F
:10D268004621FDF768FF45F60B0045F6FE1246F22B
:10D27800ED03C0F20820C0F20822C0F2082340F2F1
:10D288006321FDF758FF45F60B0045F6E13245F2FC
:10D29800B533C0F20820C0F20822C0F2082340F6D5
:10D2A8004831FDF748FF45F60B0045F6E13245F6F3
:10D2B8005D03C0F20820C0F20822C0F2082340F63D
:10D2C8004931FDF738FF45F60B0045F6A17245F6E2
:10D2D800A743C0F20820C0F20822C0F2082340F297
:10D2E800D571FDF728FF45F60B0045F6A17246F209
:10D2F8007133C0F20820C0F20822C0F2082340F6B9
:10D30800A201FDF718FF45F60B0045F6A17245F698
:10D318004003C0F20820C0F20822C0F2082340F6F9
:10D32800A301FDF708FFEFF3108C72B6437C03F0FE
:10D33800FE02114441748CF3108803F00100704719
:10D3480092B100BF034600680028FBD1501E196047
:10D3580007D000BF01F114030B6001381946F9D159
:10D3680000E00B4600201860002A18BF0122104672
:10D378007047D4D480B596468AB14FF0000C7246F7
:10D38800034600BF18461B682BB18B42FAD10B68C5
:10D398000360C1F800C0013A01F11401F0D1BEF1F7
:10D3A800000F18BF4FF0010E704680BD10B504463F
:10D3B80038B120461421FDF7C3FE4AF6E0406082EA
:10D3C80004E0142004210022FCF705FB204610BDD0
:10D3D8000146408A4AF6E04320F00F029A4218BFFD
:10D3E800704700F00F0280074A8200D4704700207F
:10D3F800FCF718BB427CFF2902F0FC0202F1020292
:10D40800427418BF0174418A21F00C0141827047AF
:10D41800428AC2F381018B1E022B01D2FF2110E048
:10D42800012904D1437C9907F8D4017C01E0017CEF
:10D43800437C42F0080222F00402428243F00102D7
:10D44800427408467047B1F1FF0218BF0A460274D9
:10D45800704780B582B04FF0000CCDF800C0FDF7E2
:10D46800EDFC02B080BDD4D4B0B50D4604461830EA
:10D478003421FDF765FE204614216561FDF760FE45
:10D488004AF6E0406082042084F840004CF6FE2012
:10D498006462A4F8420000BF28462D68002DFBD125
:10D4A800046000202060B0BD10B50446406940B15A
:10D4B8000146006828B1A042FAD12068086000201F
:10D4C80020602046FFF784FF206A10BD017F427C60
:10D4D8000131017700F12001816102F0FC01023184
:10D4E800428A41740021017422F00C014182704784
:10D4F800B0B586B01446421C012A0D4601D8FDF786
:10D5080061FE2DB120B102AA29460023FDF7ECFFE8
:10D518004FF0000548B10021002223460095FBF793
:10D52800EBFE0546002818BF0125284606B0B0BD09
:10D53800F0B581B041B31446012A35DB0D460646E5
:10D54800002700BFAE60EFF3108072B6D6F8241142
:10D55800002914BF0D60C6F82051C6F824512F6069
:10D5680080F3108895F93C00B0F1FF3F05DC05F128
:10D57800400005F11401FFF777FF013C200405F195
:10D588008C05DFD101B0F0BD45F20D7046F22632B0
:10D5980045F6CD73C0F20820C0F20822C0F2082375
:10D5A80040F21B11FDF7C7FD45F20D7046F2263219
:10D5B80045F2A573C0F20820C0F20822C0F2082381
:10D5C8004FF48E71FDF7B7FDB0F8281141F0010155
:10D5D800A0F828117047D4D4F0B5B5B0044690F837
:10D5E8002B01092800F2FF81D4F82051DFE810F060
:10D5F8000A0022003F005A007400870097000601C5
:10D608004601DA00002D00F0C7812879C10706D14C
:10D61800E96940F00100287109B128468847B4F843
:10D62800280194F82B1140F42070A4F82801481C14
:10D6380084F82B01E96A09B12846884795F93C0026
:10D64800B0F1FF3F03DC05F14000FFF73FFFE96859
:10D658002046FDF76CFBB4F82801810540F177817D
:10D6680020F40070A4F82801022084F82B0128690E
:10D67800002800F05481696A09B1284688471BAE22
:10D6880030463421FDF75CFD4EF6AD20C0F2072090
:10D69800CDE91D04204602213246FEF783FD032012
:10D6A80084F82B01204600210026FEF7A5FDB0F1E5
:10D6B800FF3F40F32E81052803D0C1B2002940F076
:10D6C8009681A96A09B1284688472869002800F088
:10D6D8007981042084F82B010EAE30463421FDF701
:10D6E8002FFD4EF66320C0F20720CDE91004204636
:10D6F80002213246FEF756FD052084F82B016969A0
:10D708002046FEF779FDB0F1FF3F47DD052803D03D
:10D71800C1B2002940F06B81062084F82B01296BE7
:10D7280009B128468847B4F82801010609D520F030
:10D738008000A4F82801296A19B128468847B4F856
:10D748002801C10701D10120DFE020F00100A4F881
:10D758002801696B09B128468847D4F8883123B174
:10D76800D4F88C0121462A469847D4F8300100287D
:10D7780014BF01780021B4F82821002822F06C0297
:10D7880084F87411A4F8282100F0BE80A1F11000DB
:10D7980010F1100F40F2B8800720B6E0002184F89D
:10D7A8002B1124E1B4F82801C14311F0600F40F0B7
:10D7B800D08020F00100A4F82801EFF3108072B6A1
:10D7C800D4F82011002900F003810D68002D00F025
:10D7D800FF8000260E60C4F8241180F3108805F13C
:10D7E8004000FFF761FE00BFA96B2F6809B128460A
:10D7F80088472E60002F3D46F6D1EEE0D4F8300180
:10D808000078002800F0F5802046FDF79EFA01AD6B
:10D8180028463421FDF794FCD4F8300102214068F1
:10D828002A46CDE903042046FEF7BCFCB4F87C0187
:10D83800B4F82811C82898BFC820A4F87C0140F67D
:10D84800FF600840A4F828014FF0FF30C4F87601C3
:10D85800002084F834010820D4F8201184F82B0122
:10D86800086858B10179CA0708D141F0010101716E
:10D87800D4F820010068C16901B188472046002119
:10D888000025FEF7B9FCB0F1FF3F45DD052803D0C0
:10D89800C1B2002940F0AB80B4F82811480409D57A
:10D8A800D4F82001002800F0B480826A12B19047B1
:10D8B800B4F82811C80409D5D4F82001002800F0CC
:10D8C800B880026B12B19047B4F8281108B2B0F1D1
:10D8D800FF3F0ADCD4F820010068002800F0C98066
:10D8E800826A12B19047B4F8281188040AD5D4F88E
:10D8F80020010068002800F0AC80026B12B190474C
:10D90800B4F82811C80502D5092084F82B01002095
:10D918006DE084F82B616AE084F82B5167E0686950
:10D92800A8B1696A09B12846884728AD2846342134
:10D93800FDF706FC4EF66320C0F20720CDE92A0465
:10D94800204602212A46FEF72DFC03204CE0042045
:10D958004AE0EFF3108172B6D4F82051002D3AD086
:10D968002868C4F8200110B90020C4F82401002256
:10D97800284640F8402B81F31088FFF795FDD4F82E
:10D98800903123B1D4F8940121462A469847A96BCF
:10D9980019B32846884720E0EFF3108072B6B4F830
:10D9A800281121F00102A4F8282180F31088C80763
:10D9B800ADD0D4F88831CBB1D4F88C0121460022FF
:10D9C800984713E0A86900283FF483AE06200BE0CF
:10D9D80080F3108801E081F31088B4F8280120F062
:10D9E8006C00A4F82801002084F82B01012035B030
:10D9F800F0BD45F20D7046F2913245F24D53C0F23A
:10DA08000820C0F20822C0F2082340F63C21FDF7A6
:10DA180092FB45F20D7046F2913246F22713C0F29E
:10DA28000820C0F20822C0F2082340F67121FDF751
:10DA380082FB45F20D7046F2913246F22713C0F28E
:10DA48000820C0F20822C0F2082340F67721FDF72B
:10DA580072FB45F20D7046F2913246F22713C0F27E
:10DA68000820C0F20822C0F2082340F68321FDF7FF
:10DA780062FB45F20D7046F2913246F22713C0F26E
:10DA88000820C0F20822C0F2082340F67D21FDF7E5
:10DA980052FBB0B50D46FFF789FC044635B12CB1F1
:10DAA80005F1140021460122FFF74AFC2046B0BDCB
:10DAB80010B5044629B101F1140021460122FFF7EF
:10DAC80059FC2046BDE81040FFF782BC47F2784079
:10DAD800C2F204200068002170474FF47A70704742
:10DAE8009FED221A9FED222A20EE010AB5EE001AB8
:10DAF80030EE010ABDEEC01A11EE100AB5EE400A6A
:10DB0800F1EE10FA48BF013801EE100AB8EEC11A5A
:10DB180030EE410A20EE020ABDEEC01A9FED152A2A
:10DB280011EE100A002130EE021AB1EB502F48F620
:10DB3800100118BF002000FE010AC0F2082101EE02
:10DB4800100A01EB8001B8EE411A30EE410A91ED5E
:10DB5800001A91ED012AB7EE003A33EE403A20EE72
:10DB6800020A23EE011A31EE000A704783F9223EB9
:10DB780000000044000000C49FED201A9FED202AF9
:10DB880020EE010ABDEEC01A11EE100AB5EE400AE9
:10DB9800F1EE10FA48BF013801EE100AB8EEC11ACA
:10DBA80030EE410A20EE020ABDEEC01A9FED152A9A
:10DBB80011EE100A002130EE021AB1EB502F48F690
:10DBC800100118BF002000FE010AC0F2082101EE72
:10DBD800100A01EB8001B8EE411A30EE410A91EDCE
:10DBE800001A91ED012AB7EE003A33EE403A20EEE2
:10DBF800020A23EE011A31EE000A704783F9223E29
:10DC080000000044000000C44DF6B17CC0F2072CAF
:10DC180060474DF6D17CC0F2072C60474EF2110CDC
:10DC2800C0F2072C604743F2856CC0F2082C6047AD
:10DC38004EF6B15CC0F2072C60474EF2F92CC0F2E8
:10DC4800072C604744F6110CC0F2082C604743F6D5
:10DC5800E30CC0F2082C6047F0B587B048F20830F2
:10DC6800C0F208206A4668C8114668C190E8780082
:10DC7800002778C147F2A814C2F2042420460021E4
:10DC880000F07AF804F1700528460121FFF74BFBF4
:10DC9800DC20C0F2C800C4E91E700020FDF783FA3A
:10DCA80046F27076C2F20426304629460122FFF772
:10DCB80047FB42F2DD70C4F8840047F2382040F296
:10DCC8000501C2F20420C0F2000100223346C4E973
:10DCD8001A77FDF70BFA07B0F0BDB0B596B047F26A
:10DCE8003824C2F2042420464FF4CC71FDF728FAF8
:10DCF80048F224316D46C0F2082128465822FFF721
:10DD0800A6FF20462946FEF755F9B0F1FF3F23DD6F
:10DD180000200090DE20C0F2E01001906846FDF778
:10DD2800FEFE4FF0FF30C4F8F0001E20C4F81001CA
:10DD3800FDF716FDFDF72CFAFFF78EFFFFF7C6FE7D
:10DD4800C4E9460146F28471C2F204212046012248
:10DD5800FFF7EEFB16B0B0BD46F2F51045F61C42D3
:10DD680045F28E33C0F20820C0F20822C0F2082320
:10DD780040F2C221FDF7DFF94EF64B7CC0F2072CCA
:02DD88006047F2
:10DD90000100000001000000000000004001F00050
:10DDA000000000004001F00000000000E00700005B
:10DDB000FFFFFFFF000000000000000000FF000068
:10DDC0000000000000000000000000000000000053
:10DDD0000000000000000000000000000000000043
:10DDE0000000000000000000000000000000000033
:10DDF0000000000000000000000000000000000023
:10DE00000000000000000000000000000000000012
:10DE10000000000000000000000000000000000002
:10DE200000000000000000000000000000000000F2
:10DE300000000000000000000000000000000000E2
:10DE400000000000000000000000000000000000D2
:10DE500000000000000000000000000000000000C2
:10DE600000000000000000000000000000000000B2
:10DE700000000000000000000000000000000000A2
:10DE80000000000000000000000000000000000092
:10DE90000000000000000000000000000000000082
:10DEA0000000000000000000000000000000000072
:10DEB0000000000000000000000000000000000062
:10DEC0000000000000000000000000000000000052
:10DED0000000000000000000000000000000000042
:10DEE0000000000000000000D067080201000000F0
:10DEF000000003000D0308021703080200000000E1
:10DF000000000000000000000000D001DE0008005A
:10DF10000000000000000000000000000000000001
:10DF2000FFFF000000000000000000006107080281
:10DF300000000000000000000000000000000000E1
:10DF4000C7070802C907080200000000000000001F
:10DF500000000000000000000000000000000000C1
:10DF600000000000000000000000000000000000B1
:10DF700000000000000000000000000000000000A1
:10DF80000000000000000000000000000000000091
:10DF90000000000000000000000000000000000081
:04DFA0004009000034
:10DFB00080B507F0CFF846F65002C2F20422C2E95B
:10DFC000000146F65800C2F204200121017080BD14
:10DFD000B0B507F0BFF846F66004C2F20424C4E905
:10DFE00000010F2007F0BBF846F66801C2F20421D9
:10DFF000D4E90045086040F6B83007F0B0F80019E1
:10E0000046F670026941C2F20422C2E90001B0BDC5
:10E010007047E8B180B584B04FF0000C02A900222F
:10E020000023CDF800C007F09FF870B101460078DA
:10E0300002070AD500F0E000402806D08B69CA68C4
:10E040000020C8600BB10869984704B0BDE8804063
:10E0500070472DE9F04190B017460446006A1E460D
:10E060000D464FF000080AAA39460023CDF800807B
:10E0700000F07FF86068407800F01400042813D1A5
:10E08000A06A0DF11808018942890139B1FA81F1BC
:10E090004B09511EB1FA81F14FEA511C39464246F3
:10E0A000CDF800C000F065F81EB1DDE90B1070601E
:10E0B00031603A687B680020059002A9CDE903230E
:10E0C000AA6804310290CDE90E020EA80A4607F0B4
:10E0D00050F828680595029000F0EA008DF80800D5
:10E0E0006068007800F00E00052808D3169F0AA982
:10E0F00002AB20464246009707F040F800E0FC20C3
:10E1000040B210B0BDE8F081F0B587B0054601A877
:10E1100017460C46011D18685A6800260496CDE97A
:10E120000202B8680A46CDE9056005A8019607F025
:10E1300020F83968686801910497427801F0EA0193
:10E1400002F014028DF80410042A08BFAE6A0078A9
:10E1500000F00E00052808D30C9F01AB284621468D
:10E160003246009707F00AF800E0FC2040B207B002
:10E17000F0BD70B582B0DDF818C04E681446054693
:10E180001BB14FF0000E324604E00888434282196A
:10E190001FFA83FE300CBCF1000F4FF0000301D0DA
:10E1A000002103E049884E420844310441EA0E064A
:10E1B000C2EA004021462360C4E9020341F8046F2B
:10E1C000A8680A46CDE90030684606F0D2FF286804
:10E1D000E560206000F0EA002070204602B070BDCB
:10E1E00050B3B0B5054600780C46C14311F0090F95
:10E1F0002BD16B6913B300F01F002870286904F15C
:10E200000C022946984728B3E86020606878B8B1C6
:10E21000C0F34200022813D8C0F103004FF0FF31D1
:10E22000626801FA00F00021E181218A22EA0000FF
:10E230006060A081084407E0002009E0FA2005E0C2
:10E24000208A00216160E16020810020BDE8B040AB
:10E2500040B27047F920F9E770B5E8B10C4659B300
:10E260001546CAB306462046182105F036FB30692C
:10E27000C4E9020604202070308A208200206082D7
:10E28000708AA0822978326A891A00FB01F0E08046
:10E2900001212046A17570BD45F26F7045F22252F2
:10E2A00045F66263C0F20820C0F20822C0F20823DB
:10E2B0004FF4F57102F008F945F26F7045F2225201
:10E2C00045F68733C0F20820C0F20822C0F20823C6
:10E2D00040F2EB1102F0F8F845F26F7045F222526D
:10E2E00045F60C73C0F20820C0F20822C0F20823E1
:10E2F0004FF4F67102F0E8F82DE9F04F8BB01646B6
:10E3000012688A46117846F20867C2F204276FEA5B
:10E310000161D7F85051B1FA81F19846042983463A
:10E3200029D80120DFE801F02827030A160092F916
:10E33000010010F1400F1EDA02201DE092F90100E9
:10E3400010F1410F17DC92F9020010F1400F12DAC0
:10E35000032011E092F9010010F1410F0BDC92F95A
:10E36000020010F1410F06DC92F9030010F1400F9A
:10E3700001DA042000E0FF200DF1140944B2284620
:10E380004946012CD8BF012406F0FDFE3168002863
:10E39000214431604DD0396ABDF91C20BDF91E30D1
:10E3A000788D01FB02F601FB03F40029C8BF230CA2
:10E3B000BDF82610C8BF320C5944ADF80C10BDF89A
:10E3C00028105044401A07F5A474ADF80E00ADF8BB
:10E3D000102003A920462246ADF8123006F0D8FEE0
:10E3E00028460021002206F0D8FE88B34178602933
:10E3F00004D1F96911B1007880071ED4EE693EB3EB
:10E40000B98AB869D7F820C0CDE9001803A905ABCF
:10E410002A46CDF808C0B047386A012818DB46F60E
:10E420007800C2F20420C16B2046224606F0B0FEFE
:10E430000EE0288AB98D084419E0B88ABA69FE8AC4
:10E44000CDE9001005A903AB0020029606F0AAFE54
:10E45000002006F0ACFED7F8500197F824101030D9
:10E46000C90708BF09F110000088B98D084400B23F
:10E470000BB0BDE8F08FD4D42DE9F04F83B0054642
:10E4800090F874019246B0F1030818BF4FF0FF38BE
:10E49000002A8B4600F01A81B5F82801502202EAC2
:10E4A000C003202220F0700102EAC002C7008818D1
:10E4B0001844A5F82801BBF80810FF06A5F87A1142
:10E4C00027D4B5F87C0145F25651C5F25551A0FB51
:10E4D000011640F2DC51884228BF4FF4FA7606F06C
:10E4E00039FE95F83421042A00F2F0800746DFE86F
:10E4F00012F00500ED007C006400A300002085F808
:10E500003801022085F8340138460291C5E960716E
:10E510006EE0402B27D2B5F976210BB2B2F1FF3F66
:10E52000DCBF0022A5F876219A42A8BF1A468A1AB3
:10E53000D91013B293FBF1F35BB2072B00F26781A2
:10E54000DFE803F0AF0404ADAD9B9BB5521A12B2E5
:10E550000223C2EB0222490085F8343192FBF1F12B
:10E5600040F48050AAE0002AABD0B5F87C0145F217
:10E570005651C5F25551A0FB011740F2DC518842BB
:10E5800028BF4FF4FA7706F0E5FD95F83421042A08
:10E5900000F29C808146DFE812F0050099005501E9
:10E5A0003C016C01002085F83801042085F8340115
:10E5B00048460291C5E960915EE1B5F828010291F3
:10E5C000D5F8801120F48050A5F828017C1A304637
:10E5D0004FEAE47906F0C3FD201A79EB01000298B6
:10E5E00074DBC5E96070042023E0D5F88001029156
:10E5F000B5F82811381A41F48051A5F82811B5F85A
:10E600007C114FEA00290416881B401006F0A7FD74
:10E6100002460B464846214605F034F880B2FF28F2
:10E6200028BFFF2085F8380102984FD3C5E96070F4
:10E63000032085F8340149E0D5F88001B5F87C1154
:10E64000381A04020716881B401006F088FD02469F
:10E650000B462046394605F015F880B2FF2828BF42
:10E66000FF206FEA000085F838012FD3B5F82801A4
:10E6700040F48070A5F8280128E001EB8103D21A4C
:10E6800012B2C2EB0222490092FBF1F104234EF6D2
:10E69000BF7285F83431C1F1FF0110400EE0032153
:10E6A00006E0012185F8341140F4805005E0052191
:10E6B00085F834114EF6BF7108400021A5F82801F5
:10E6C00088B2FF2828BFFF2085F8380195F834016B
:10E6D000032807D11FFA88F300205946002206F0CC
:10E6E0006BFD8DE0D5F82071002F00F0E780011F51
:10E6F000022907D3411E012915D895F87511C1F3D8
:10E70000400407E095F875113F68C1F3C004C1F3F8
:10E7100080016FB197F83C20114302F0020244EAF5
:10E720005204002206E0002701220124012101E019
:10E7300000270122BAF1000F22D004280AD00228B3
:10E740001ED1B5F82801CB0720F4804008BF00F5A2
:10E75000804013E0002A4FF4005018BF0020CB0780
:10E76000034608BF03F50043B5F828C145F6FF7618
:10E7700006EA0C06002A18BF03469819A5F82801D6
:10E7800001EA04001043C00705D028465946524606
:10E7900000F090F92AE0CE0712D1BAF1000F03D0B1
:10E7A000796A09B1384688479BF80110FA685846DB
:10E7B00006F007FD3B691BB138465946524698475B
:10E7C000E00713D1BAF1000F03D0F96A09B1384656
:10E7D00088472EB19BF80110FA68584606F0F1FC04
:10E7E000BB691BB1384659465246984795F838716F
:10E7F0001FFA88F3002059460022009706F0E6FC35
:10E80000002006F0D4FC002003B0BDE8F08F00200B
:10E8100057E7B5F828010291D5F8801120F480500F
:10E82000A5F82801A9EB01043846E61706F097FC85
:10E83000201A76EB01000298FFF648AFC5E9609018
:10E840000220F6E6B5F82801D5F8801140F4805092
:10E85000A5F82801A9EB0100B5F87C110402061601
:10E86000C81B401006F07BFC02460B462046314692
:10E87000F1E6D5F880010291B5F82811A9EB000066
:10E8800021F48051A5F82811B5F87C110402061670
:10E89000C81B401006F063FC02460B46204631467A
:10E8A00004F0F0FE80B2FF2828BFFF2085F8380171
:10E8B0000298FFF40BAFC5E96090B9E645F20D7020
:10E8C00046F23B1245F67E73C0F20820C0F20822E1
:10E8D000C0F2082340F2254101F0F6FD2DE9F04396
:10E8E00081B00446B0F82801C0F34002C0F3001123
:10E8F0008A4213D1002900F0AB80810981EAD0015E
:10E90000C9070BD1C14311F0180F40F0A180410994
:10E9100081EA900010F0010005D199E0C04310F0A9
:10E92000180F40F09580B4F97611B4F87A01B1F17E
:10E93000FF3FDCBF0021A4F8761102B29142A8BFCC
:10E940001146451AD71006F005FCB4F87C3145F2A3
:10E950005652804640F2DC50C5F255528342B4F81C
:10E960002801A3FB026228BF4FF4FA7240078946D0
:10E970000FD494F83401052800F26A80DFE800F033
:10E9800003033624493A002084F83801C4E9608939
:10E9900016E094F8341105295AD87800DFE801F020
:10E9A0000303281D4530002084F83801981A4010D0
:10E9B00006F0D5FBB8EB000069EB0101C4E960018A
:10E9C000022084F8340143E06FF00400023017FBAA
:10E9D0000050510811FB00F023E06FF004010231F8
:10E9E00017FB015109B2411A520825E0E81B13E058
:10E9F000E91B1DE0042084F83401981A40101FE040
:10EA0000042084F834010020C4E9608984F83801C6
:10EA10001EE007EB8700281A991A00B2491001FB83
:10EA200000F0790090FBF1F00AE007EB8701691A2A
:10EA300009B29A1A411A521002FB01F191FBF0F04F
:10EA400006F08DFBB8EB000069EB0101C4E9600141
:10EA500001B0BDE8F08380B5002006F0A8FB0020DF
:10EA600080BDF0B581B0044690F82A010E46012819
:10EA700009D0A0B9D4F82071BB69A3B1384631469A
:10EA80009847054602E0D4F82071002507F14000C0
:10EA9000314606F0A0FB002084F82A0100E00025A2
:10EAA000284601B0F0BD06250120F5E7D0F8200189
:10EAB0000369184780B590F87531C3F3011CACF1B8
:10EAC0000203022B02D2FFF7C6FF09E0002000225A
:10EAD000BCF1010F0CBF00234FF6FF7306F06CFB77
:10EAE0000020BDE8804006F062BB2DE9F04F93B0F6
:10EAF0001C9D002D00F03E8191466A7802F00E02C6
:10EB0000062A40F04681C3EB0322B5F90870B5F937
:10EB10000A804FEA122BFF2B9A4608BF4FF0FF3BAB
:10EB20000022CDE91122CDE90F220992089221B1EC
:10EB30004A680968CDE9081201E0816809910FAEC1
:10EB4000002408A932460023009406F049FB1198DE
:10EB50000021CDE90C403046002206F046FB00289B
:10EB600000F00281781C08F10101470808A84E084E
:10EB700000F1010838043104C0130590C813049053
:10EB800004208DF820002046C8F80000C8F80300D3
:10EB90000FA90CAA08AB00200424ADF82870ADF82A
:10EBA0002A600B95CDE9009A06F024FB002006F0C0
:10EBB000FEFA0020BDF83410ADF826000C98C91BF1
:10EBC00006900844ADF8180006AA08AB00200FA96B
:10EBD0000894ADF82470ADF82870ADF82A600B9554
:10EBE000ADF81C70ADF81E60CDE9009A06F002FB8E
:10EBF000002006F0DCFA002006F0D9FABDF8340057
:10EC0000059D0C99401BADF8240001EB55005FFAFF
:10EC10008BF50DF13C0B0891ADF8200008AA0020FF
:10EC200059464B46ADF826600095039506F0CEFA9E
:10EC3000002006F0BCFA002006F0B9FA0C98BDF8E6
:10EC40003410BDF83620049BADF82000000CADF860
:10EC50002410D11A00EB5300ADF82610ADF82200B5
:10EC600008AA002059464B46009506F0AFFA00204E
:10EC700006F09DFA002006F09AFA0020BDF8361042
:10EC8000C8F8000088F804000C98891B1C9C0690AA
:10EC900001EB10400425ADF81A0006AA08AB0020CD
:10ECA00059468DF82050ADF82660ADF82870ADF8C3
:10ECB0002A600B94ADF81C70ADF81E60CDE9009A87
:10ECC00006F098FA002006F072FA002006F06FFABB
:10ECD000BDF834100C98BDF83620C91B0144ADF8BE
:10ECE0001810911B01EB1040ADF81A0006AA08ABF2
:10ECF000002059460895ADF82470ADF82660ADF8AF
:10ED00002870ADF82A600B94ADF81C70ADF81E6049
:10ED1000CDE9009A06F06EFA002006F048FA0020CD
:10ED200006F045FABDF83610BDF83420059B0C9866
:10ED3000891BD21AADF8242000EB530201EB1040DE
:10ED4000039FADF82020ADF8220008AA0020594604
:10ED50004B46ADF82660009706F038FA002006F022
:10ED600026FA002006F023FA002006F020FA13B05D
:10ED7000BDE8F08F45F2EE3045F2AD6245F65B53EB
:10ED8000C0F20820C0F20822C0F208234C2101F092
:10ED90009BFB45F2EE3045F2AD6245F6BE03C0F294
:10EDA0000820C0F20822C0F208234D2101F08CFB9C
:10EDB0002DE9F0412DED0E8B47F61870C0F20820BA
:10EDC000B0F90810B0F90A009FED259A46F63817F9
:10EDD0009FED24CA46F658188C1085100026B5EE13
:10EDE00000AAB3EE0EBAC2F20427B4EE00DAC2F201
:10EDF000042800BFF0B200EE100AB8EE40EA2EEE92
:10EE0000090A20EE0A8AB0EE480A06F0F8F920EE68
:10EE10000B0ABDEEC00A10EE100A204407EB860173
:10EE2000B0EE480A488006F0EFF920EE0B0ABDEE7E
:10EE3000C00A10EE100A2EEE0C0A20EE0D0A28442D
:10EE4000BDEEC00A27F8260010EE100A08F80600EA
:10EE50000136082ECED1BDEC0E8BBDE8F08100BF8F
:10EE6000DA0F494000007F432DE9F04F85B00028BC
:10EE70005CD08346008947F6187200EBD03004B2AC
:10EE8000BBF80A00C0F2082200EBD030D2E901231F
:10EE900046F660176FF0090506B2C2F20427CDE905
:10EEA000022371B13C2006F05AF946F66812C2F20C
:10EEB000042206F0AEF920B13878013000F00700E6
:10EEC000387046F6381A05EB640805EB660900262B
:10EED000C2F2042A4FF6FF7438783D46304400F001
:10EEE00007003AF820100AEB800041444088ADF852
:10EEF000081046F65811C2F2042148448F5D47F6C7
:10EF00002873ADF80A000020594602AAC0F208236F
:10EF1000CDE900472F4606F06DF9002006F047F9CD
:10EF20000136082ED8D105B0BDE8F08F45F67050F7
:10EF300045F6021245F2FA73C0F20820C0F2082228
:10EF4000C0F208238C2101F0BFFAF0B581B00E4663
:10EF500064211546044604F0C0FCA968AA8904F19E
:10EF6000180006F05BF9002844D06968EA8904F1CA
:10EF7000080006F053F928B994F8620040F0010047
:10EF800084F86200E663296946F2D070C0F2082076
:10EF9000002918BF0846206029680027B1F5803F86
:10EFA000616028D38AB232B3AA8A0BB2A4F8602077
:10EFB000B0F91020091493FBF2F22285B0F9120087
:10EFC00091FBF0F01104608515D080B298B1A87D56
:10EFD00001280DD104F148073846314606F023F9DF
:10EFE000E06B58B194F8620040F0020084F86200CF
:10EFF000012700E00027384601B0F0BDA8690028CD
:10F00000F6D094F86200394640F0020084F86200BD
:10F01000A8690122E065012706F00AF9EBE7B0B51F
:10F02000054690F86200800758BFB0BDE96B05F156
:10F030004804204606F001F9E86D28B12146012276
:10F04000BDE8B04006F0FEB8B0BD90F86220D2072F
:10F0500002D1083006F0FBB880B500F003F80120BB
:10F0600080BDD4D470B500F118060D460446304674
:10F0700006F0EDF828B9204600F05EFA3046294641
:10F08000F6E7A5F1080005280FD8DFE800F0030730
:10F090001E0E0E0C608E88B3013808E0608E20F0E2
:10F0A0000300043003E0002001E0608E0130608640
:10F0B000218D80B2884208D294F8620010F00C0FC3
:10F0C00018BF70BD40F0040010E0208E618D01304B
:10F0D00082B28A424FF000016186208609D294F8FC
:10F0E0006200010704D400F0F300083084F86200E5
:10F0F00070BD2046BDE8704000F01EBA0020D7E782
:10F1000070B582B00446EFF3108072B694F86210C6
:10F110004A0604D480F3108894F8621012E001F0DB
:10F12000BF0184F8621080F3108804F1180006F023
:10F1300093F894F8620040F00C01002084F862100B
:10F14000C4E90B000020CA07208714D104F1080588
:10F150000DF107062846314606F083F848B19DF8C0
:10F1600007102046FFF77EFF94F86210C807F1D021
:10F1700001E094F86210880750D5226801F00C0372
:10F1800001F0C30646EA8303108A528A84F862308B
:10F19000C1F38101DFE801F035021B30638EE18DA0
:10F1A000A4F846205B1A1E4648BF5E4203EAE3739A
:10F1B0001944A38D01FB00F100FB06F6A4F84010F2
:10F1C00003FB02F1A4F84460A4F8421019E0A38DF7
:10F1D0000021268DA4F8401003FB02F1A4F8421090
:10F1E00006FB00F1268EA4F84410F11A013101FB50
:10F1F00002F1A4F8461004E061680022C4E910217D
:10F20000A286218D01FB00F0E08604F14800002178
:10F2100006F02CF8206B94F86210E06211F03000D8
:10F2200018BF012002B070BD2DE9F04788B0164626
:10F230000B46054600200790CDE90500CDE9030007
:10F24000029029B906F017F80346002800F0CC8098
:10F2500005F1180426B170683168CDE9021001E0AB
:10F2600098680390002702A904AA18460023009773
:10F2700005F0B6FFBDF91800B5F90420BDF91A1064
:10F28000B5F90630801A4008ADF80800C81A95F89C
:10F29000621040088907ADF80C20ADF80E30ADF8CB
:10F2A0000A0041D505F14806304605F0E9FF01287E
:10F2B0003AD895F86200C0F3011189B3022905F12B
:10F2C000400A0ED1BDF80800B5F84010B5F842204C
:10F2D0000844BDF80A10A5F840005018A5F84200EF
:10F2E00004E0C00702D1288F052806D304A93046C0
:10F2F0005246022305F0C9FF16E02868AF8EB0F829
:10F300001090B0F81280204605F0C4FF38046ED08B
:10F3100028462146013F00F097F8B0F1FF3FF5DCA9
:10F320003046022105F0BBFF04A802A9002205F027
:10F330005CFF002855D0109E04A805F0B5FF286892
:10F3400005F0B7FF02A805F0B9FF9FED3E0A05F0F2
:10F35000BAFF002005F0BCFF002005F0BEFFB5F8A5
:10F360006000002105F0BEFF304605F0C0FF01201F
:10F3700005F0C2FF8046204605F08CFF01A920461B
:10F3800000F0A0F808B348F25C05C0F2082501AE11
:10F390009DF80400F72805D86FEA0060B0FA80F005
:10F3A0002F5C00E0FF273046394605F0AAFF30B950
:10F3B000002005F0ABFF3046394605F0A2FF20469D
:10F3C000314600F07FF80028E2D1002005F09EFFD2
:10F3D000404605F091FF002005F0E9FE002005F011
:10F3E000E6FE002005F0E3FE08B0BDE8F087A98E38
:10F3F00002984A1C01FB08F1286401EB1040A5F8B3
:10F40000420028462146AA8600F01EF800FB09F2B9
:10F41000B5F9361010B28142A5F8442005DD2A8FD7
:10F42000A5F84410511C01FB08F8E88602A85146D3
:10F430005246A5F8468005F09CFE04A93046524687
:10F44000012357E7000000002DE9F04782B00C4689
:10F4500005464FF000080DF1040A4FF0010900279E
:10F46000002600BF20465146CDF8048000F02AF85F
:10F4700008B39DF80400A0F1080105290ED8012069
:10F48000DFE801F003061B0C0C13D7FA59F702E072
:10F4900027F00300071D304607E000BFF00707F123
:10F4A00001074FF0000018BF0127298DBAB28A4228
:10F4B0000646D7D301E04FF6FF7738B202B0BDE879
:10F4C000F087D4D4F0B581B0002501220E46044661
:10F4D0000D6005F020FF60B3307800256FEA006012
:10F4E000B0FA80F0042824D80127DFE800F00322D6
:10F4F0000805070001251CE0022700E0032701366C
:10F50000204631460022002505F005FF88B196F916
:10F51000000010F1410F0BDC20463146012201258D
:10F5200005F0F9FE013F380606F10106E8D100E0DA
:10F530000025284601B0F0BD2DE9F04381B0044616
:10F54000008F04F1180501302087284605F0A2FE3F
:10F550000027694628460097FFF7B4FF28B3E9461D
:10F560004FF00108002600BF00980A281DD0C0B245
:10F570000D280BD0092805D0082814BF0136D6FA6B
:10F5800058F604E026F00300061D00E00026208D5A
:10F59000B1B2814219D2284605F0C2FE284649463A
:10F5A0000097FFF78FFF0028DED1284605F0B8FE50
:10F5B000208E08B10138208694F8620040F00C00DB
:10F5C00084F8620001B0BDE8F083284605F062FED1
:10F5D000EEE710B546F24300C0F2082001F0D0F982
:10F5E00045F6F834C0F20824204601F0C9F945F682
:10F5F0001650C0F2082001F0C3F92046BDE81040C3
:10F6000001F0BEB982B080B582B08C460146CDE92A
:10F61000042304AB00206246019300F005F802B019
:10F62000BDE8804002B0704770B5154648F26402EC
:10F63000C0F2082252F820001C460E4601F0A0F944
:10F6400046B1304601F09CF945F28B50C0F20820DB
:10F6500001F096F945F69C70C0F2082001F090F98F
:10F6600046F67016C2F2042630464FF480712A46E0
:10F67000234605F0CDF846F25C70C2F2042004780F
:10F68000304601F07DF93CB145F6F830C0F2082073
:10F69000BDE8704001F074B970BD82B080B582B031
:10F6A0008C460146CDE9042304AB01206246019358
:10F6B000FFF7BAFF02B0BDE8804002B0704782B0E9
:10F6C00080B582B08C460146CDE9042304AB02200C
:10F6D00062460193FFF7A8FF02B0BDE8804002B088
:10F6E000704780B500F032FA002080BD2DE9F04F60
:10F6F00085B01D46002B4FF0000300F08D800E9E5C
:10F70000002E00F0898043888B4240F28480048878
:10F71000944240F280806F189F422F4688BF5F1A44
:10F72000B31840F65038A34288BFA61AB4B2BBB291
:10F73000C4F24008CDE90234009400F071F848F2B8
:10F740007400C0F2082000210022002400F0A4F878
:10F75000C82000F00FF90121EFF3108081F3108829
:10F7600047F29451C2F204210A6822B9402288F873
:10F77000C44188F8C4210A6801320A6080F3108805
:10F78000D8F8040043F6FA71CFF6FE710840053050
:10F79000C8F80400D8F80000084004303104C8F864
:10F7A000000029D048F2B040C0F20820DDF83CA0AB
:10F7B00006684FEA45094FF000083F040DF11205B5
:10F7C000A7B1DDF808B0544634F8020B294600BA58
:10F7D000000CADF8120030460222072301F072FE41
:10F7E000C82000F0C7F8BBF1010BEDD1039808F178
:10F7F00001088045CA44E3D140F65031C4F24001CB
:10F80000086843F6FA72CFF6FE72104040F0050029
:10F810000023086000E00123184605B0BDE8F08F22
:10F8200070B582B040791446022834BF313431318A
:10F83000080A8DF8040013FA81F001388DF80510DC
:10F84000010A8DF8070048F2750001AD069E8DF89B
:10F850000610C0F208202946042200F01DF8C82036
:10F8600000F088F8200A8DF8040016FA84F00138B8
:10F87000010A8DF8070048F276008DF80610C0F2F4
:10F880000820294604228DF8054000F005F8C8201C
:10F8900000F070F802B070BD2DE9F04F81B006465F
:10F8A00040F65034C82090468946C4F2400400F027
:10F8B00061F847F29451EFF31080012585F3108829
:10F8C000C2F204210A682AB9002284F8C421402225
:10F8D00084F8C4210A6843F6FA7B01320A6080F397
:10F8E00010886068CFF6FE7B00EA0B000430606091
:10F8F000206800EA0B0004302060012000F0E6FAE6
:10F9000048F2B040C0F20820076846F6752AC2F2F5
:10F91000042A38463146012207238AF8005001F0B4
:10F92000D1FD70B9C82000F025F8B9F1000F18BF5B
:10F93000B8F1000F08D1206800EA0B0040F0050084
:10F94000206001B0BDE8F08F606800EA0B0040F075
:10F95000050060600120012400F0B8FA38464946ED
:10F96000424607238AF8004001B0BDE8F04F01F09D
:10F97000A9BDD4D410B582B04FF47A7100FB01F068
:10F9800001900198A8B146F67524C2F204242078AB
:10F99000C00709D00120012102F0CCFE01980138F6
:10F9A0000190207802E000BF002001900199002919
:10F9B000EED10198A8B148F2B040C0F20820046826
:10F9C000A068806810F0110F06D00120012102F01C
:10F9D000B1FE0198013800E0002001900198002854
:10F9E000EED102B010BDD4D42DE9F04F81B0044661
:10F9F0004079278801288A4605D86688313700254E
:10FA00004FF0310B05E06088312500F131064FF0F1
:10FA1000000BC820FFF7AEFF2079032840F092804A
:10FA20008DF801504FF0FF3515FA86F0010A8DF878
:10FA3000030048F275006E4640F650384FF000095A
:10FA40008DF80210C0F2082031460422C4F24008AA
:10FA50008DF80090FFF720FFC820FFF78BFF15FA05
:10FA600087F0010A8DF8030048F276008DF8021045
:10FA7000C0F20820314604228DF800908DF801B0C4
:10FA8000FFF70AFFC820FFF775FF48F27400C0F2C5
:10FA9000082000210022FFF7FFFEC820FFF76AFFC1
:10FAA0000121EFF3108081F3108847F29451C2F2E4
:10FAB00004210A6822B9402288F8C49188F8C42138
:10FAC0000A6843F6FA7901320A6080F31088D8F8A0
:10FAD0000400CFF6FE7900EA09000530C8F80400FA
:10FAE000D8F8000000EA09000430C8F800002188B6
:10FAF00062884FEA1A208DF8000002FB01F08DF8B1
:10FB000001A0B8B148F2B040C0F208200568002753
:10FB10006E4600BF284631460222072301F0D2FC80
:10FB2000C820FFF727FF20886188013701FB00F01C
:10FB30008742EFD3D8F8000000EA090040F0050042
:10FB4000C8F80000002001B0BDE8F08FF0B593B018
:10FB500004460D20ADF818000520059040F604502D
:10FB600040F60551ADF8200040F60040ADF82810F1
:10FB700040F60541C0F20140099140F6015107905D
:10FB8000ADF830100B9040F602510D900F9006200A
:10FB90000027ADF8381040F60351ADF8080005A86D
:10FBA000ADF84010CDE9030711A802A9CDE900770F
:10FBB00001F050FF48F2B040C0F20820D0E90065E3
:10FBC0003046294601F020FBB068816841F0807121
:10FBD00081600121EFF3108081F3108847F2945186
:10FBE000C2F204210A6832B940F61452C4F240024B
:10FBF0004023177013700A6847F27C4601320A608E
:10FC0000C2F2042680F3108830460D21012201F053
:10FC1000DFFF64204FF47A7102F08CFD30460D2135
:10FC20000022002701F0D4FF0120012102F082FD13
:10FC300030460D21012201F0CBFF04204FF47A71F0
:10FC400002F078FD30460D21002201F0C1FF0520B1
:10FC50004FF47A7102F06EFD30460D21012201F061
:10FC6000B7FF48F28C06C0F2082600BFF059F11920
:10FC700020B10A790531FFF70FFE04E008794FF44F
:10FC80007A7102F057FD1837B7F5167FEED10A20CA
:10FC90004FF47A7102F04EFD48F277006E46C0F2E2
:10FCA00008203146042200F032F8C820FFF762FE37
:10FCB00048F27800C0F208203146052200F027F80B
:10FCC000286A46F6702201888078C2F204221180E8
:10FCD000907040F2E0106179C0F2DE0020600320F5
:10FCE0000229207102D0204600F070F820464FF61D
:10FCF000FF71FFF779FE4FF4C870FFF73BFE204617
:10FD00004FF6FF71FFF770FE002013B0F0BD2DE934
:10FD1000F04F81B0064640F65034C82090468946E0
:10FD2000C4F24004FFF726FE47F29451EFF310802F
:10FD30004FF0010B8BF31088C2F204210A682AB934
:10FD4000002284F8C421402284F8C4210A6843F6C2
:10FD5000FA7501320A6080F310886068CFF6FE758C
:10FD60002840043060602068284004302060012072
:10FD700000F0ACF848F2B040C0F20820076846F640
:10FD8000752AC2F2042A38463146012207238AF82E
:10FD900000B001F097FB10B101B0BDE8F08FC820B2
:10FDA000FFF7E8FD6068284040F005006060002033
:10FDB00000F08CF8012638464946424607238AF867
:10FDC000006001B0BDE8F04F01F077BB2DE9F04FC6
:10FDD00083B00546C8200C46FFF7CCFD022C26D880
:10FDE00048F2EC23C0F2082353F824A048F2F82389
:10FDF000C0F2082333F81430E0004DF6DF72C1B2D0
:10FE0000C0F20E02019348F2FE234EF6280022FAB9
:10FE100001F640F60E62C0F20823C0F24800C0F2BC
:10FE2000DF0233F81490C84022FA01FB0CE04FF4D3
:10FE3000F07048F2750A4FF0DE090190C0F2082A0E
:10FE40004FF0DF0B0E2688208DF8080048F279006D
:10FE500002AFC0F20820394601224FF00108FFF737
:10FE60001BFDC820FFF786FD0020ADF8080048F212
:10FE70007500C0F20820394604228DF80A808DF8FA
:10FE80000B60FFF709FDC820FFF774FD50463946A7
:10FE900004228DF80A808DF80BB0FFF7FDFCC82016
:10FEA000FFF768FD0198A5F80290288000206C718A
:10FEB00003B0BDE8F08F0079012818BF704746F6FF
:10FEC0007520C2F20420002101707047F0B581B0A6
:10FED00048F2B041C0F20821096848F2E4278D6871
:10FEE000C0F2082746F670260446C2F2042600280F
:10FEF00018BF374629697878C1F3015100F0030231
:10FF0000914218D129693A78C1F307218A4212D166
:10FF10002969C0F38000C1F3001181420BD16869E7
:10FF2000B178002C08BF2146C0F3C010C9B2884286
:10FF300004BF01B0F0BDC820FFF71CFD1420012153
:10FF400002F0F8FB7878296900F0030221F44011EF
:10FF500041EA0251296139782A6900F0040022F44B
:10FF60007F4242EA012129612969002C21F0100118
:10FF700041EA80002861B0786A6918BFC401E009CD
:10FF800060F3C712142001216A6101B0BDE8F0409E
:10FF900002F0D0BB80B500F0C0F947F65800C2F2BD
:10FFA00000004FF4047103F098FC47F66820C2F299
:10FFB00000004FF4845103F090FC46F67820C2F222
:10FFC0000420842103F089FC46F6FC20C2F20420C0
:10FFD000016821F00101016046F60030C2F2042000
:10FFE0000321017046F60130C2F20420017080BD89
:10FFF00046F60030C2F204200078032809D018BB6E
:020000040208F0
:1000000046F6FC20C2F20420016841F001010160C3
:1000100010E046F60130C2F204200178032913D122
:1000200046F6FC21C2F204210A6842F001020A608D
:100030000121017048F2B430C0F2082000680021AC
:10004000CFF6EE7101F088BC7047D4D42DE9F043AF
:1000500081B046F6FC27C2F204273E680446F10749
:100060000DD145F68D2045F2B171C0F20820C0F2E5
:100070000821224601B0BDE8F043FFF70EBB46F66B
:100080000038C2F2042898F80000032800F2E58046
:10009000DFE800F0027F18500520CFF6EE708442B2
:1000A00000F0AE800220CFF6EE70844240F0D580A2
:1000B00048F2B430C0F2082000210068CFF6EE719B
:1000C0000331C5E046F60232C2F204221078042859
:1000D00000F0B080022800F09F80012808BF14F5CE
:1000E000901F40F0BA8046F6043426F00100C2F2B8
:1000F0000424386000202188107047F6580288F8E0
:10010000000048F2B43001EB4111C2F20002C0F22B
:10011000082002EB8101006801F1206101F58031C6
:1001200001F01AFC2088013081B2043918BF014661
:10013000218092E014F5901F40F08F8046F6013048
:10014000C2F204200178012940F0878026F00101E5
:1001500039600021017088F8001048F2B43047F689
:100160006821C0F20820C2F20001006801F120619C
:1001700001F5803101F0F0FB45F6BE4045F69E5199
:10018000C0F20820C0F2082101B0BDE8F043FFF73B
:1001900039BA46F67829C2F20429B9F88050202DE0
:1001A00008D11F2509F1040148467C22A9F8805096
:1001B00003F0A0FB49F82540B9F880000021013088
:1001C000A9F8800026F001003860002088F80000BF
:1001D00048F2B430C0F208200068CFF6EE71063164
:1001E00001F0BAFB45F68D2046F28901C0F20820E5
:1001F000C0F20821224601B0BDE8F043FFF702BA81
:1002000048F2B430C0F20820012200680021CFF685
:10021000EE7188F800201BE00021CFF6EE71C81CBB
:1002200084421AD148F2B430C0F208200068012399
:1002300005310CE014F5901F0FD148F2B4300021C5
:10024000C0F20820CFF6EE7100680223023113706D
:1002500001B0BDE8F04301F07FBB01B0BDE8F08321
:10026000F0B581B046F60030C2F20420007800F00C
:10027000FD00012848D046F67825C2F20425B5F8DD
:100280008000002840D072B6B5F8802046F24800C1
:1002900045F24B71C0F20820C0F20821FFF7B2F915
:1002A000B5F8800060B3002655F826402068C107E5
:1002B00004D00A20012102F03DFAF7E740F00100E6
:1002C0002060BFF35F8F206802280AD3002700BF99
:1002D000E019007900F0F1F820680137B7EB500F12
:1002E000F6D32046842103F0F8FABFF35F8F20682D
:1002F000013620F001002060B5F880008642D3D39B
:100300000020A5F8800062B601B0F0BD80B500F015
:10031000D4F8002080BD00207047B0B588B046F604
:100320000834C2F2042420468C2103F0D6FA4FF69A
:10033000FF70E06040F2D930C0F2082040F28F41F7
:1003400040F2914240F2934340F2954C40F2974E76
:1003500004F11807C0F20821C0F20822C0F20823F5
:10036000C0F2082CC0F2082E87E80F5040F2A540DA
:10037000C0F20820A063DE20C0F29010019046F683
:100380009430C2F20420039040F2B040C0F200105A
:10039000049047F24400C2F2042002904FF4FC6043
:1003A000ADF81800012040F2A3458DF81A0047F27D
:1003B0004410C0F20825C2F2042001AA2146256398
:1003C000FEF7C3FD47F23820C2F204202146012285
:1003D00004F0ABFF08B0B0BD70B584B01546B1F9FC
:1003E00008004FF648620C46B1F90A10C0F201024B
:1003F0001044DA301144DE2240084908C0F2B81235
:1004000047F6287C02AE0392ADF80800ADF80A105A
:10041000C0F2082C2046314600228023CDF800C0CF
:10042000FEF763FB47F244104FF0FF0CC2F20420CA
:10043000214632462B46CDF800C0FEF7F5FE0020DF
:1004400004F0B5FE204604F02FFF47F6F440C0F25A
:10045000082004F02EFF002004F030FF4FF4784015
:100460004FF6FF7104F03EFF0020002104F062FF10
:1004700046F25500C0F2082004F061FF002004F0AD
:1004800096FE002004F093FE002004B070BD70477B
:1004900070477047704747F24410C2F20420FEF7DD
:1004A0002FBE704710B5044647F24410C2F2042034
:1004B000FEF7B5FD0020A06010BD014647F24410D4
:1004C000C2F20420FEF7C1BD074645F2C56072B610
:1004D000C0F208201C4615460E4603F049FB45F6BF
:1004E000AE50C0F2082003F043FB384603F040FB57
:1004F00045F2EC50C0F20820314603F027FB45F2EC
:100500008D50C0F2082003F033FB284603F030FB87
:1005100046F25D20C0F2082003F02AFB204603F0DB
:1005200027FB48F27C30C0F20820046820464FF4D4
:100530008571012201F04CFBC8204FF47A7102F062
:10054000F9F820464FF48571002201F041FBC820E4
:100550004FF47A7102F0EEF8E8E7B0B545F61E50B8
:1005600072B64EF62855C0F20820CEF2000503F010
:10057000FFFA6868002807D4686840000AD546F288
:100580006720C0F2082003E045F62B30C0F20820B7
:1005900003F0EEFA46F2AD10C0F20820EFF3088443
:1005A00003F0E6FA216845F6FE60C0F2082003F089
:1005B000CDFA616845F64D50C0F2082003F0C6FA46
:1005C000A16845F6F320C0F2082003F0BFFAE16805
:1005D00046F24830C0F2082003F0B8FA216945F627
:1005E0007E10C0F2082003F0B1FA616946F256109D
:1005F000C0F2082003F0AAFAA16945F22540C0F232
:10060000082003F0A3FAE16945F23340C0F2082064
:1006100003F09CFA45F62070C0F2082003F0A8FA17
:10062000296845F68C10C0F2082003F08FFA55F8BF
:10063000241C46F29800C0F2082003F087FA69688B
:1006400045F64470C0F2082003F080FA45F6A01089
:10065000C0F2082003F08CFA45F26070C0F2082066
:10066000EFF3058103F072FA2868800105D545F69D
:10067000C350C0F2082003F07BFA2868C00105D5FA
:1006800045F6FB30C0F2082003F072FA2868C00279
:1006900024D545F60130C0F2082003F069FA45F28E
:1006A000D450C0F20820214603F050FA46F2AC00C4
:1006B000C0F20820EFF30A8103F048FA46F2AA30AC
:1006C000C0F20820EFF3098103F040FA45F6C410A8
:1006D000C0F20820EFF30B8103F038FA286800031A
:1006E00005D545F2C270C0F2082003F041FA28682F
:1006F000400305D546F25630C0F2082003F038FA20
:100700002868800305D545F6E250C0F2082003F0C2
:100710002FFA2868C00305D545F65870C0F20820A6
:1007200003F026FA286880050FD545F6AF60C0F2C1
:10073000082003F01DFA2868000406D5296945F64B
:10074000DE70C0F2082003F001FA2868C00505D564
:1007500046F2CF10C0F2082003F00AFA00BEB0BD86
:10076000B0B584B014460D46B1F90800B1F90A10CD
:100770004FF69C72C0F2010210441144400849082F
:100780004FF0641247F6287C0392ADF80800ADF8EC
:100790000A10C0F2082C02A9284600224023CDF8F6
:1007A00000C0FEF7A2F9002004F001FD2846214612
:1007B000FEF75AFB002004F0FAFC002004F0F7FCDE
:1007C000002004B0B0BD70477047D4D42DE9F04F7D
:1007D00081B0804604F0BEFC47F23826C2F20426FF
:1007E000834630468A4604F0AFFDB6F810318146A4
:1007F000D6E93A20002BC6F8140169D006F1F005BD
:1008000023CDD6F8FC40824238BF10468A42C6F853
:10081000F000C8BF1146A818C6F8F41044EBE27106
:10082000D6E940545F1EAD1844EBE274B6F81231BD
:10083000002AC6E93E01C6E94054A6F8107118BF67
:1008400001333A04A6F8123142D11A0407D09AB201
:10085000002303F033F8012898BF012000E00020B6
:10086000D6E94621C6F808018AEA01038BEA0207A5
:100870003B431DD0BBEB02076AEB010A2846214629
:1008800002F0EEFC04460D463846514602F0B0FC3C
:1008900002460B462046294602F07AFC02F0EAFEA8
:1008A0009FED0F0A01EE100A21EE000A86ED430AC1
:1008B0004FF0FF30C6F8F00006F1F400142103F009
:1008C0000CF81E20C6F8100104F044FCC6E94601ED
:1008D0004046494604F03DFD012001B0BDE8F08FDF
:1008E0000000C84248F27840C0F20820D0E9000178
:1008F00000F0B8F8FEF76DFE47F27040C2F2042037
:1009000002214171FEF7EDFE04F028FD04F02BFDFD
:10091000FFF740FB47F23824C2F2042448F24C01AE
:10092000C0F208212046002204F022FD204604F0F7
:1009300024FD48F23840C0F20820D0E900412046AA
:1009400001F076FA204601F039FC48F2B430C0F2EA
:100950000820D0E90041204600F0B5FF48F2983069
:10096000C0F20820D0E9000100F0ADFF20460221CE
:1009700000F0FAFFFFF774FC04F004FDFAE7D4D4AA
:10098000017891B147F2DC4CC2F2042CDCF824204F
:10099000002300BF1171DCF8242000BF916C890096
:1009A000FCD50133C15C0029F4D17047B0B582B0E9
:1009B000069C1FFA80FE1FFA81FC47F270409DB230
:1009C00093B2C2F2042071466246CDE90054FEF7AC
:1009D0008DFE002002B0B0BD8168B1F1807F07DAE2
:1009E000012914D0B1F5803F1DD14068FFF72EBB1F
:1009F0000FD0B1F1007F18BF704745F6B55045F6EE
:100A00002111C0F20820C0F20821FEF758BEFFF7FE
:100A1000EFBA45F6B55045F6F671C0F20820C0F2BF
:100A20000821FEF74CBE7047007900B1704747F2CD
:100A30007840C2F2042001680131016070477047BC
:100A4000022818BF704747F27C4048F2BC41C2F20E
:100A50000420C0F2082100F0FDBF80B5FFF742FF7F
:100A6000002080BD2DE9F0470D460446087848F285
:100A70000001C4F2350101EB00206062002020700B
:100A800025626969A162A969C4E90B01A078D5F85A
:100A90001C8020F00300411CA170697811B940F05E
:100AA0000200A07095F90B604EF20019CEF2000919
:100AB00006F01F014FF0010C0CFA01F309F180015F
:100AC0007009AA7A41F820304CF2003ABFF34F8FF8
:100AD000C4F2000ABFF36F8F5AF8260047F2985EFF
:100AE00020F480304AF826005AF82600100109F553
:100AF0004072C2F2042E90554EF8264095F905003A
:100B00002E7900F01F030CFA03F3470941F8273050
:100B1000BFF34F8FBFF36F8F5AF8203023F4803329
:100B20004AF820305AF82030330113544EF8204050
:100B300095F90700AB7900F01F060CFA06F6470995
:100B400041F82760BFF34F8FBFF36F8F5AF82060D3
:100B50001B0126F480364AF820605AF820601354AE
:100B60004EF8204095F909002B7A00F01F060CFA88
:100B700006F6470941F82760BFF34F8FBFF36F8F29
:100B80005AF8201021F480314AF820105AF8201029
:100B9000190111544EF82040EFF310868CF31088A1
:100BA00043F204022878C4F220024FF00041136897
:100BB00021FA00F023EA0000106010681E200121D5
:100BC00001F0B8FD86F31088606A4FF4806181609F
:100BD000E869EB786A784FF48047467807EA833310
:100BE000417B077806F0010662F3092301F0010159
:100BF00043EAC63207F0030742EA415141EA07617E
:100C0000626A01F58051D0F804C05161027802F0A7
:100C1000FE01022907D14FF60471CFF60071022AB6
:100C200008BF203101E0DCF80010626A0C2311617A
:100C3000027BAF78817863F39F024FF44073022FF9
:100C400008BF4FF48073002F18BF1A4301F0010151
:100C5000636A42EA0171D960626A002191612A786F
:100C6000092A04D8626A0023C1F61F735362827B8B
:100C7000B0F80F00636A42EA002041F60172C0F248
:100C80001F02104018632046C4E90411C4E906118C
:100C900000F065F9B8F80A001021A081606AC9F671
:100CA00007518166206A90F905205AF8220002F067
:100CB0001F0120F480304AF822005AF82200012057
:100CC00000FA01F309F5C0715209BFF35F8F41F8D3
:100CD000223049F82230226A92F90B205AF8223049
:100CE00023F480334AF822305AF8223002F01F03EE
:100CF00000FA03F35209BFF35F8F41F8223049F83D
:100D00002230226A92F907205AF8223023F48033E5
:100D10004AF822305AF8223002F01F0300FA03F397
:100D20005209BFF35F8F41F8223049F82230226A1E
:100D300092F909205AF8223023F480334AF82230FD
:100D40005AF8223002F01F0398405209BFF35F8F18
:100D500041F8220049F82200606A40F21141C0F2D5
:100D600001018160606A00BF017FC907FCD044F6C1
:100D70004211C5F2433100206160BDE8F0870346AF
:100D80000020C3E90612704780B5D0F824E0DEF8F1
:100D900008C02CF44013CEF80830D0F824C000BFAF
:100DA000DCF848305B00FBD5DCF8083023F010039A
:100DB000CCF80830D0F824C09CF81C30DB06FBD4FB
:100DC000C0E90412DCF8080040F010110020CCF853
:100DD000081080BD70B50446406A0D4682684FF623
:100DE000EE71CFF6CE711140816000202061204667
:100DF00022F4401600F0B3F82868616A0861616A5D
:100E000000208E6070BD4FF0FF3200200A604A6003
:100E10007047D4D48A0701D4062212E0426A93684C
:100E200023F440139360426A936C5B00FCD5936893
:100E300023F010039360426A137FDB06FCD4002288
:100E40004261C9071CBF0022C26110467047844638
:100E5000C0E90A130020CCF830207047B0B5044632
:100E6000406844F64211C5F2433188421CBF072056
:100E7000B0BD606A816821F440118160606A816858
:100E800021F010018160606A017FC906FCD4206AEC
:100E900090F90710012001F01F024B094EF280115A
:100EA00000FA02F2CEF2000141F82320BFF34F8F87
:100EB000BFF36F8F226A92F9092002F01F0300FA34
:100EC00003F3520941F82230BFF34F8FBFF36F8F06
:100ED000626A936823F480339360226A92F9052052
:100EE00002F01F0300FA03F3520941F82230BFF366
:100EF0004F8FBFF36F8F226A92F90B2002F01F030E
:100F000000FA03F3520941F82230BFF34F8FBFF3C9
:100F10006F8FEFF3108580F31088206A43F204028C
:100F20000078C4F220024FF00041136821FA00F06B
:100F30001843106010681E20012101F0FBFB85F3AF
:100F4000108800206060B0BD0246C06908600021C2
:100F50000020D1617047062070470620704770B5A9
:100F60000446006AC5690020A060687C68B34EF240
:100F70005400C4F20100017801F00F01022901D8E8
:100F800001220BE0CA1E052A06D248F20851C0F21F
:100F9000082151F8226003E00839102202FA01F614
:100FA000407800F00F0001F0BEFB47F2CC52C2F2D5
:100FB0000422697C1268B0FBF6F002FB01F1B1FB80
:100FC000F0F0012101EB9000A06070BDB0B5EFF32F
:100FD00003804FF0704101EB00604CF2003180154E
:100FE000C4F20001425822F480324250415847F284
:100FF0009851C2F204210C58206A01696069C1B994
:10100000C0B1A07800F003012069022905D1008851
:10101000616A20F4DC40486002E00078616A08718F
:10102000A078616900F00302881A216960611144A7
:101030002161A0B9616A02228D68A06862F315552A
:1010400010B101F0B9FB616A8D60A06A00212161D5
:1010500028B120468022BDE8B04000F001B8B0BD04
:101060002DE9F04385B08146C06A0DF1040830B126
:10107000054695E8D800C4468CE8D80000E0404614
:10108000D9F820301B78816003600271D9F83010E4
:10109000C160D9F828108847D9F82C0010B198E819
:1010A0008E008EC005B0BDE8F08310B582B0EFF3BE
:1010B00003804FF0704101EB00604CF2003180156D
:1010C000C4F20001425822F480324250415847F2A3
:1010D0009851C2F204210C58A07800F00302606A13
:1010E000022A03D101686FF35F2100E00178E06913
:1010F000019198B1A06901A902F0F3FBA078A16960
:10110000E26900F003000144101AA161E0610ED110
:10111000A06A60B120460021012203E0A06A30B13C
:101120002046042202B0BDE81040FFF799BF02B08C
:1011300010BD10B54FF07041EFF3038001EB00617B
:1011400047F298528815C2F2042210584FF6EF74F5
:10115000426ACFF6CF74936823409360826A0C167C
:101160001AB100210222FFF77BFF4CF20030C4F2DB
:10117000000050F8241021F4803140F8241050F879
:10118000240010BD4FF07041EFF3038001EB006CC1
:1011900047F298514FEAAC50C2F2042108588178C6
:1011A000436A01F00301022903D119686FF35F213B
:1011B00000E01978B0B59A6C202404EAD24E1024CD
:1011C000082514EA126405EA12627244224403D02C
:1011D0009D6C2D0458BF40329D6E4FEA2C6445F043
:1011E000C8559D66836A0BB1FFF73AFF4CF2003099
:1011F000C4F2000050F8241021F4803140F824108B
:1012000050F82400B0BDD4D42DE9F04F83B00D4682
:101210000446087848F20001C4F2350101EB0020D1
:10122000C4E90150A8692062E869A06200206062F8
:10123000686988B141684FF4002209680A60416812
:10124000A26809684A60D0E90112006812689047F4
:101250000646002840F02D812869C8B141684FF04A
:10126000006209680A604168A268096804328A60FD
:10127000D0E9011200681268904748B106466869D3
:10128000002800F0168181680068096A884710E12B
:101290006068016AC27A467A90F80AA0019290F8D2
:1012A0000D808A7802921EB14FF4002B002714E0C3
:1012B0004B780A7803F003073F05C97847EA022212
:1012C00003F0040342EA830700290FBF4FF4002B09
:1012D0000022CFF6097202EB016BEFF310890121B6
:1012E00081F3108843F204020078C4F220024FF028
:1012F0000041136821FA00F023EA00001060106832
:101300001E20012101F016FA89F31088A06800213F
:101310008160A068017F0029FCD141F2032241F2E3
:101320000121B8F1000F08BF40F20322C0F20021F2
:10133000012E08BF02F1007201F101034FF000011C
:1013400008BF4FF08071BAF1000F08BF1A40019B2F
:1013500047F2985C002B48F20003C1F69F7308BF68
:1013600022F002024362029BA06842EAC312426179
:10137000A06842F440324261A06810220761A06870
:101380000123C260A0681022C0F818B0A068C9F696
:1013900007528266A068C2F2042C0367A2684EF26C
:1013A0000010916095F901704CF20031CEF200000E
:1013B000C4F20001002F1BD46E79C219360182F8E5
:1013C00000634CF8274051F8272022F4803241F87E
:1013D000272051F8272007F01F0203FA02F27B09A9
:1013E00000EB8307BFF35F8FC7F8802140F823200D
:1013F00095F90230002B1CD4AA79C718120187F87E
:1014000000234CF8234051F82320012722F4803296
:1014100041F8232051F8232003F01F025B0907FA4B
:1014200002F200EB8307BFF35F8FC7F8802140F81B
:101430002320EA7995F90330120100F54077FA5438
:101440004CF8234051F823204FF0010E22F4803253
:1014500041F8232051F8232003F01F020EFA02F274
:1014600000F5C0765B09BFF35F8F46F8232040F894
:1014700023202A7A95F904301201FA544CF82340BB
:1014800051F8232022F4803241F8232051F8231010
:1014900003F01F010EFA01F15A09BFF35F8F46F8FE
:1014A000221040F8221044F65310C5F243300026B3
:1014B0002060304603B0BDE8F08F13460A46002195
:1014C00000F07FB81346002200F07BB800F079B836
:1014D0008446C0E908130020CCF828207047B0B536
:1014E000044680680021816061684EF2801091F9A5
:1014F0000220CEF20000002A0CD402F01F010123CA
:1015000003FA01F1520940F82210BFF34F8FBFF3E5
:101510006F8F616891F90120002A0CD402F01F013D
:10152000012303FA01F1520940F82210BFF34F8F53
:10153000BFF36F8F616891F90410012301F01F025E
:1015400003FA02F2490940F82120BFF34F8FBFF39D
:101550006F8F616891F9031001F01F0203FA02F224
:10156000490940F82120BFF34F8FBFF36F8FEFF38E
:10157000108583F31088606843F204020078C4F297
:1015800020024FF00041136821FA00F01843106068
:1015900010681E20012101F0CDF885F310886068E5
:1015A000416921B18A680868116A884760680069E2
:1015B00018B181680068096A88470021002021600D
:1015C000B0BD70B504468068806810F0110F1CBF74
:1015D000082070BD0020C4E905006068C4E903125A
:1015E000E361154602691E4602B36661006900297F
:1015F00042681268D68142681268136823F040631B
:1016000018BF03F100631360426847F23C5312684D
:10161000C2F2042318BF0B465360D0E901120068E0
:1016200052680968904700B170BD606875B1416942
:1016300061B1A6614069B3B281680068D1F808C0A1
:1016400000212A46E047002818BF70BD206928B154
:1016500061680A6912B9496900295BD04FF010111D
:10166000A2680028906818BF41F0011108439060FB
:101670006068016900294BD14169002948D121697D
:10168000002945D090F901104EF20010CEF2000072
:1016900001F01F020123490903FA02F200EB810164
:1016A000C1F88020BFF34F8FBFF36F8F6169E2698C
:1016B00091420CD2E268002A1ABF515C61F0FF012E
:1016C0006FF0FF01A2685160616901316161626878
:1016D000537A012B12D1E369022B0FD399420DD219
:1016E000E268002A1ABF515C61F0FF016FF0FF0150
:1016F000A2685160616962680131616192F901100B
:10170000012301F01F0203FA02F2490940F82120E7
:10171000002070BD1021A3E7EFF303804FF070416C
:1017200001EB00604CF200318015C4F20001425818
:1017300022F480324250415847F29851C2F20421BB
:1017400008584169C26991420DD2C268002A1ABF85
:10175000515C61F0FF016FF0FF01826851604169E7
:10176000C26901314161914209D10169002918BF63
:10177000704780680222816862F31551816070476A
:10178000EFF303804FF0704101EB00604CF2003149
:101790008015C4F20001425822F480324250415870
:1017A00047F29851C2F2042108584269C1698A423D
:1017B0000DD2C16800291ABF895C61F0FF016FF08A
:1017C000FF01826851604269C169013242618269E8
:1017D0008A4209D28168D1F800C00369511C816135
:1017E00003F802C0D0E906218A4218BF704780681A
:1017F000816821F4441101F500118160704710B532
:10180000EFF303804FF0704101EB0060841547F265
:101810009850C2F2042000594FF6EE738168CFF65B
:10182000CF738A681A408A60012100F00AF84CF2EE
:101830000030C4F20000215821F48031215020589A
:1018400010BD2DE9F04184B00446406A0DF1040852
:1018500028B1024692E8E0004346E0C300E040467B
:101860006268127801710260A16A8160216A88470A
:10187000606A10B198E80E000EC004B0BDE8F081B7
:1018800010B5EFF303804FF0704101EB0060841559
:1018900047F29850C2F20420005981688A6822F405
:1018A00044128A6081684FF080728A660421FFF7D3
:1018B000C8FF4CF20030C4F20000215821F48031FE
:1018C0002150205810BD416002468868C023106135
:1018D000C868C4F20203906100205061086803EBFD
:1018E00040109060086803EB40104030D06091F9E0
:1018F0000400002829D449794EF2001CCEF2000CD5
:10190000090100EB0C0383F8001347F29851C2F26F
:10191000042141F820204CF20031C4F2000151F8BA
:10192000203023F4803341F8203051F8201000F0AB
:101930001F010123400903FA01F10CEB8003BFF3FF
:101940005F8FC3F880114CF8201045F24301C5F2B7
:1019500049210020116070478068026892034EBFE1
:101960000C20816000207047826800205160704721
:101970008446C0E904130020CCF8182070470146C3
:10198000406890F9040000280FD400F01F020123E2
:1019900003FA02F24EF280134009CEF2000343F83C
:1019A0002020BFF34F8FBFF36F8F002200200A600B
:1019B0007047B0B5EFF303804FF0704101EB00606A
:1019C0004CF200318015C4F20001425822F48032FA
:1019D0004250415847F29851C2F204210C58E06835
:1019E0000568E80304D520464FF4803100F00BF879
:1019F00035F4403508BFB0BD2046294600F003F855
:101A0000E0680561B0BD2DE9F04184B0044640694D
:101A1000E84630B1034693E8E400C4468CE8E400AD
:101A200000E040466268B1F5803F12688160026064
:101A3000A269C26002D1E168C96800E0002141608A
:101A400021698847606910B198E88E008EC004B0A3
:101A5000BDE8F08180B545F25422C5F24F02026024
:101A6000084600F01DF9002080BD0146002200203C
:101A70000A60704780B5084600F012F9002080BD6A
:101A800070B586B001A80126049003A814460D463F
:101A9000ADF808100192ADF80C6000F061F947F262
:101AA0009450EFF3108286F31088C2F2042001688C
:101AB00039B940F61451C4F2400100230B704023A1
:101AC0000B70036840F600010133036082F3108855
:101AD000E203C4F240014FEA152201D4EBB20CE05C
:101AE00001EB8216EBB256F8235025F4803546F808
:101AF000235024F4803546F8235001EB821141F83D
:101B00002340EFF31081012282F31088026812B1A2
:101B10000268013A0260006838B940F61450C4F215
:101B20004000002202708022027081F310880020A1
:101B300006B070BD0420C4F2400040EAD10020F09D
:101B40001B0000680023CFF6FF73C9B243EA1040C0
:101B5000C84000F0010100201170704780B56FF09F
:101B6000010000EAD113C8B2012140F20C0C01FAC5
:101B700000FEC4F2400C19015CF80110012A4CEA85
:101B8000031C08D14FF4803202FA00F021EA000071
:101B900040EA0E0207E04FF4803221EA0E0102FA19
:101BA00000F041EA00020020CCF8002080BD6FF078
:101BB0003F0000EA9100C9B200EB810040F600014D
:101BC000C4F240014058C0F340010020117070473A
:101BD000C8B2012383409BB24FF4803C002A08BF67
:101BE0000CFA00F36FF0010000EAD11008220101A5
:101BF000C4F2400200205350704780B56FF00100DE
:101C000000EAD11040F2000C0101C4F2400C5CF873
:101C100001E003EA020040EA0E0062EA0302024029
:101C200000204CF8012080BD6FF0010000EAD110C7
:101C300004210001C4F240010858010C0020118069
:101C4000704703EA020023EA02026FF0010303EA8D
:101C5000D1110C2340EA02420901C4F240030020E2
:101C60005A5070476FF0010000EAD11004210001C2
:101C7000C4F24001095800201180704703EA0200B5
:101C800023EA02026FF0010303EAD111082340EABC
:101C900002420901C4F2400300205A507047D4D4D4
:101CA00070B5044600F05CF847F2945CEFF31080E6
:101CB000012181F31088C2F2042CDCF8001039B93C
:101CC00040F61451C4F2400100220A7040220A700A
:101CD000DCF800100131CCF8001080F31088208867
:101CE00010B340F6000E0021C4F2400E606800EB15
:101CF000C102928850F83130100ADD03D2B20BD500
:101D00000EEB801555F8226026F4803645F82260E7
:101D100023F4803645F822600EEB801040F8223024
:101D2000208801318142E1D3EFF31081012080F35B
:101D30001088DCF8000020B1DCF800000138CCF895
:101D40000000DCF8000038B940F61450C4F240003E
:101D5000002202708022027081F3108870BDD4D4FA
:101D60002DE9F04F81B00446008800285CD042F293
:101D700040084EF64C4A48F27C5BC4F2200800262C
:101D8000C4F2010AC0F2082B4FF00109002700BF7E
:101D900060683BF8172000EBC600818891423CD177
:101DA00000689AF8001000F0B85009FA07F5B0F191
:101DB000807F05EA010015D150B9012000F076FDC1
:101DC0009AF8000028438AF80000012000F045FD41
:101DD00018F91700002820D418F8170040F08000E8
:101DE00015E000BF50B1012000F060FD9AF800003E
:101DF000A8438AF80000012000F02FFD18F9170011
:101E0000B0F1FF3F09DC18F8170000F07F0008F878
:101E10001700C820012100F08DFC0137032FB7D136
:101E2000208801368642B1D301B0BDE8F08FD4D40A
:101E30002DE9F0470D46097C012204460D294FF09B
:101E4000000002FA01F188BF0120E16065602074A2
:101E5000287C42F20001C4F2320101EB0020A060B4
:101E6000686900266061A8694FF00048C4E906600F
:101E700043F61070C4F23200D5F81CA00260EFF3F4
:101E8000108982F31088287C011F062943F2100173
:101E900028FA00F0C4F220016FEA00000A6838BF97
:101EA0006FF000601040086008681E20012100F0FB
:101EB00041FC89F31088A0684FF425410160A068B7
:101EC000C662A068C663A06886642978287A032958
:101ED000A1684FEAC0506A6808BF00F58030C86248
:101EE000A068C0F81080A068C0F81480A068C0F88E
:101EF0001880A0684662A0688662DAF81800A168B7
:101F0000C861DAF81C00A1680862A068511E8166E9
:101F1000A06841666068DAF850C0C16901F130021A
:101F200091F84830F340DB070DD052F82630A06816
:101F30003746042E08BF0327013B032E08BF0427A2
:101F400000EB8700C3640136062EE9D1287C0D28FA
:101F500002D8A06800214164A06800218163A068C4
:101F6000C0F88810DAF8500040B99AF820009AF8C2
:101F70002110400340EA41704CEA000C9AF84800F6
:101F8000A16800284FF4A00008BF4FF4AA0008641D
:101F9000A068C0F834C09AF85510A2689AF85400A6
:101FA0004901D36A41EA00101843D062A0680321B6
:101FB0000163A06801230363D4E902124EF200100A
:101FC000CA6095F912704CF2003147F29852CEF285
:101FD0000000C4F20001002FC2F204221AD46E7C69
:101FE000C519360185F8006342F8274051F827608B
:101FF00026F4803641F8276051F8276007F01F0665
:102000007F09B34000EB8706BFF35F8FC6F88031CE
:1020100040F827309AF92830002B1DD49AF8227006
:10202000C6183F0186F8007342F8234051F8237028
:10203000012627F4803741F8237051F8237003F00C
:102040001F075B0906FA07F700EB8306BFF35F8FF4
:10205000C6F8807140F823709AF92930002B1DD4FE
:102060009AF82370C6183F0186F8007342F823409F
:1020700051F82370012627F4803741F8237051F876
:10208000237003F01F075B0906FA07F700EB8306CE
:10209000BFF35F8FC6F8807140F823709AF92A3039
:1020A000002B1DD49AF82470C6183F0186F80073DF
:1020B00042F8234051F82370012627F4803741F875
:1020C000237051F8237003F01F075B0906FA07F726
:1020D00000EB8306BFF35F8FC6F8807140F8237072
:1020E0009AF92B30002B1DD49AF82570C6183F01A1
:1020F00086F8007342F8234051F82370012627F434
:10210000803741F8237051F8237003F01F075B09F3
:1021100006FA07F700EB8306BFF35F8FC6F88071FE
:1021200040F823709AF92C30002B1DD49AF82670B1
:10213000C6183F0186F8007342F8234051F8237017
:10214000012627F4803741F8237051F8237003F0FB
:102150001F075B0906FA07F700EB8306BFF35F8FE3
:10216000C6F8807140F823709AF92D30002B1DD4E9
:102170009AF82770C6183F0186F8007342F823408A
:1021800051F8232022F4803241F8232051F8231003
:1021900003F01F01012202FA01F15A0900EB820348
:1021A000BFF35F8FC3F8801140F8221045F254014D
:1021B000C0F2470100202160BDE8F087D0E902129B
:1021C00000204A607047D0E9021200208A60704700
:1021D000D0E902120020CA60704780B5D0E9011E24
:1021E000C969D1E901C3CA6843F00043CEF814308D
:1021F000836842F000429A6182684CF000431361A8
:102200000A6983685A62496982680020916280BDC8
:1022100081684FF000420A6181684A6181688A6181
:10222000816800224A62816800208A627047826861
:10223000013991668268D36ADB0703D15166D0E920
:102240000201C16000207047062070478068134675
:10225000042A08BF03230139032A08BF042300EB23
:1022600083020020D1647047B0B58268526E01329B
:102270008A608068D0F82CC04EF22000C4F20100C1
:102280000368808803F00F0E43EA10121207C0F3B0
:10229000031009D447F2CC52C2F20422126802FAA7
:1022A00000F020FA0EF01BE000F00702032404FA0D
:1022B00002F208284FF0010538BF05FA00F203F0DA
:1022C00007001B0747F2CC53C2F204231B6804FA31
:1022D00000F058BF05FA0EF003FB02F2B2FBF0F07B
:1022E000CCF3C352D0404860012200200A70B0BD38
:1022F0008268D26A02F001020A718068826C002052
:102300000A6070478446C0E905130020CCF81C2001
:10231000704710B542684EF2801C92F91210D369D2
:1023200047F2985ECEF2000C0029C2F2042E0ED4C1
:1023300001F01F02012404FA02F24C094CF8242097
:10234000BFF34F8F0022BFF36F8F4EF8212093F918
:10235000281000290ED401F01F02012404FA02F211
:102360004C094CF82420BFF34F8F0022BFF36F8F2E
:102370004EF8212093F9291000290ED401F01F02F4
:10238000012404FA02F24C094CF82420BFF34F8FC9
:102390000022BFF36F8F4EF8212093F92A100029F5
:1023A0000ED401F01F02012404FA02F24C094CF889
:1023B0002420BFF34F8F0022BFF36F8F4EF82120F0
:1023C00093F92B1000290ED401F01F02012404FA06
:1023D00002F24C094CF82420BFF34F8F0022BFF3C8
:1023E0006F8F4EF8212093F92C1000290ED401F0A4
:1023F0001F02012404FA02F24C094CF82420BFF316
:102400004F8F0022BFF36F8F4EF8212093F92D10CC
:1024100000290ED401F01F02012303FA02F24B0936
:102420004CF82320BFF34F8F0022BFF36F8F4EF87D
:102430002120D0E9022300210160936082680020FE
:10244000516310BDF0B583B0EFF303814FF07042DC
:102450004CF2003002EB0161C4F200008A151358FF
:1024600023F480331350135847F29853C2F20423D5
:102470009F587A681378012B40F0AE80D7E9023577
:10248000D2699D60BB6800259D64BB680916DD6448
:10249000BB684EF2802C1D6550F82130012523F4D5
:1024A000803340F8213050F8213001F01F03CEF284
:1024B000000C05FA03F34909BFF35F8F4CF8213094
:1024C00092F84830D90717D092F92850002D13D42C
:1024D00050F82510012321F4803140F8251050F8E0
:1024E000251005F01F0103FA01F16B09BFF35F8F9F
:1024F0004CF8231092F84830990715D592F92930F5
:10250000002B11D450F82310012521F4803140F81C
:10251000231050F8231003F01F0105FA01F15B09A5
:10252000BFF35F8F4CF8231092F92A30002B11D49F
:1025300050F82310012521F4803140F8231050F881
:10254000231003F01F0105FA01F15B09BFF35F8F50
:102550004CF8231092F92B30002B11D450F8231093
:10256000012521F4803140F8231050F8231003F0A6
:102570001F0105FA01F15B09BFF35F8F4CF82310CF
:1025800092F92C30002B11D450F82310012521F49E
:10259000803140F8231050F8231003F01F0105FA92
:1025A00001F15B09BFF35F8F4CF8231092F92D20E6
:1025B000002A11D450F8221021F4803140F8221062
:1025C00050F8220002F01F00012101FA00F0510929
:1025D000BFF35F8F4CF821007869A8B1B8696D46E8
:1025E00028B1024692E85800294658C100E0284622
:1025F000002101718160F969016079698847B869D2
:1026000010B195E80E000EC003B0F0BD4EF22401EB
:10261000C4F2010188780988C1F30312A2F108010C
:1026200003293BD8DFE801F0022C101E46F62001FA
:10263000C2F2042151F820004AF6AB21CAF6AA21C1
:10264000A0FB0101480830E046F62001C2F2042157
:1026500051F820004AF6AB21CAF6AA21A0FB0101DD
:10266000C80822E046F62001C2F2042151F82000F9
:102670004AF6AB21CAF6AA21A0FB0101080914E021
:1026800046F62001C2F2042151F820004AF6AB219F
:10269000CAF6AA21A0FB0101880806E046F620013F
:1026A000C2F2042151F82000D04047F2CC51C2F2CE
:1026B00004210860704770B546F6200046F60041D8
:1026C00041F20022C2F20420C0F2DC21C0F27A0200
:1026D00043F2006C4FF40043C0F26E1C44F2006EF3
:1026E0004CF2002441F600454CF6002680E80E101E
:1026F00048F2004144F25532C2F2C33EC0F6EB3418
:10270000C0F64E65C3F69A36C1F2D771C1F2DE3219
:10271000C0E9043EC0E90664C0E908518262BDE830
:102720007040FFF773BF46F62001C2F2042151F852
:102730002000704747F2CC52C2F20422126841F2E4
:102740000023C0F27A039A4201FB00F00FD340F657
:10275000FF01C0F23D0111444DF68362C4F21B3209
:10276000A1FB0212110DA0FB0101E9B11FE04CF623
:10277000002348F63811C3F69A33C0F24101B3FB87
:10278000F2F2884207D24FF47A7100FB01F0B0FBFD
:10279000F2F0800808E09200B0FBF2F0884206D226
:1027A0004FF47A7100FB01F028B100F005B84FF04A
:1027B000FF3000F001B8704701380028FCD17047A5
:1027C000F0B581B04CF20015C4F200052868296A02
:1027D00047F2405701EA00060024C2F2042700BF76
:1027E00026FA04F0C00704D057F8241009B1204697
:1027F00088470134152CF3D12E6100BF286A30427E
:10280000FCD101B0F0BDD4D470B548F2C8414CF24F
:10281000003246F240034FF0000EC0F20821C4F22D
:102820000002C4F200034FF0010C002031F8104008
:1028300074B1BEEB942F42F8204009D1650953F8DA
:10284000256004F01F040CFA04F4344343F82540D7
:1028500001300A2808BF70BDE8E70122EFF31081BC
:1028600082F3108847F2C052C2F2042232F81030CC
:1028700023B132F81030013B22F8103032F810202A
:102880008AB94EF2FA3CC4F2010C48F60402BCF8D4
:102890000030C0F2082232F8100043F4254222EA48
:1028A0000000ACF8000081F31088704780B5012269
:1028B000EFF3108182F3108847F2C052C2F2042273
:1028C00032F810308BB94EF2FA3C48F60403C4F2E9
:1028D000010CC0F20823BCF800E033F8103043EAE2
:1028E0000E0343F42543ACF8003032F810300133C6
:1028F00022F8103081F3108880BDD4D480B505480B
:102900007844026801F01CF901460C234FF0FF30B7
:102910008B5080BDB46A000000F006F8FEF79DF809
:10292000FEE700BE7047D4D4B0B54EF60850CEF2E4
:1029300000004FF47001C0F8801048F60041C0F26A
:1029400007214CF2040401600020C4F20104FEF7E8
:1029500077F8FFF7B0FE206840F00100206000BF6C
:1029600020680028FCD1012044F8040CFEF768F828
:1029700043F65800C2F2000080F30A88002000F0FD
:102980002FF8FFF743FE0220FEF75AF8012000F06F
:1029900027F847F2E454C2F20424204601F0B0F8CC
:1029A000204601F0C1F849F2BC3049F2BC31C0F216
:1029B0000820C0F20821081A8410012C09DB49F212
:1029C000BC35C0F2082500BF55F8040B8047013C18
:1029D000FAD1FFF719FF0020BDE8B04000F02DB894
:1029E000F0B581B048F2D855C0F208252E680446EB
:1029F00076B16868071D00BF7879844204D157E931
:102A00000101091A00F069FF013E07F10C07F3D13B
:102A1000AE6886B1E86800F1080500BF68798442B5
:102A200005D155E902022968121A00F05AFF013E49
:102A300005F11005F2D101B0F0BD7047D4D4D4D463
:102A40002DE9F04381B052EC101B002558EC113BEE
:102A5000C8F210054FF0010C22F000474E1E28F07E
:102A6000004007EB050474EB0506C0F08F804619A3
:102A7000B3EB0C04AE41C0F08980CE1A964677EBDA
:102A8000000018463CBF0846194643463CBF134663
:102A9000C6467446CEF30A5C6FF31F54C3F30A555F
:102AA000BCF1000F1CD1B1FA81F7002C07F120070F
:102AB00018BFB4FA84F7A7F10B09B7F12B0604FA93
:102AC00009FCC7F12B0421FA04F444EA0C04C7F111
:102AD0000C0C58BF01FA06F401FA09F158BF0021A5
:102AE0006FF31F53D5B9B0FA80F5002B05F120051F
:102AF00018BFB3FA83F5C5F12B07A5F10B0620FA31
:102B000007F7B3403B43B5F12B07C5F10C0558BFA0
:102B100000FA07F300FA06F058BF002088EA020620
:102B2000DA0042EA5072E30042F4000243EA5173D1
:102B3000C000AC453FD0ACEB05043F2C39D8C4F104
:102B40004005C5F1200702FA05F800FA05F520FA5C
:102B500007F747EA0807D4F1200858BF00FA08F73A
:102B600058BF0025E0403D4302FA08F740EA07005D
:102B700018BF0125B4F1200758BF22FA07F022FA46
:102B800004F240EA050058BF002214E000244E1E63
:102B9000C7F6F07477EB040602D342F400206EE02F
:102BA0005E1E70EB040628D348F4002040EC113B75
:102BB000E3E00022012043F400030EF00044C900CA
:102BC000B6F1FF3F0DDD09185A41D3014ED55FEA3A
:102BD00052024FEA310100F001000CF1010C0143F7
:102BE00044E081EA000783EA0206091A63EB020265
:102BF0003743DFB99FED6A1BBFE087EA04060E4347
:102C000040F0918083EA0100BCF101039FED660B67
:102C100080EA030065F5801388EA02077B4056ECE2
:102C2000105B18431CBF16460D46A4E00020B0EB15
:102C3000D25F1BD1B1FA81F0002A00F1200018BF49
:102C4000B2FA82F0A0F10803C0F12807ACEB030C44
:102C50009A40283821FA07F742EA070258BF01FADA
:102C600000F201FA03F158BF00210BE040F2FF70BF
:102C7000844507DB44F0E040002140F07F6040ECF9
:102C8000111B7AE0BCF1000F2BDC6FF01E070CF17A
:102C90003F00A7EB0C0702FA00F301FA00F021FA5B
:102CA00007F633431CF11F0658BF01FA06F358BF5D
:102CB00000201843CCF10103C3F1200618BF012006
:102CC000D940002F02FA06F641EA060158BF22FA5F
:102CD00007F122FA03F241EA00014FF0000C58BF5D
:102CE0000022C80840EA4275C2F3D30001F007078A
:102CF00040EA0C5040EA040600F064F802282BD0A9
:102D0000012820D098BB681C46F10001042F9CBF0D
:102D10002846314638D105F001002D1846F100064D
:102D200000F05CF827E080EA04061E4325D051EA53
:102D300007062CD0B0EE401A53EA0006F0EE601AF7
:102D40007FF49BAE19E03846002F18BF0120002CFD
:102D500018BF0124204007E0B4FA84F13846002F60
:102D600018BF0120490908402D1846F10006002F20
:102D700018BF00F033F846EC115BB0EE410AF0EEFC
:102D8000610A01B0BDE8F08305460E46EFE718433F
:102D9000F3D103EA010008EA020141EC110BECE770
:102DA0000000000000000000000000000000F87FAC
:102DB00080B541EC100B43EC112BFFF741FE51ECB9
:102DC000100B80BD0448F1EE101AC1F38151784414
:102DD00050F82100704700BF42620000F1EE100A77
:102DE00040F01000E1EE100A00207047D4D4D4D493
:102DF0002DE9F04F85B051EC11AB4FF6020754ECC2
:102E000010BBCFF6FF7781EA04000E46A64600F01D
:102E1000004CC4F30A506FF31F56A0F2FF726FF319
:102E20001F5EC1F30A53BA4221BFA3F2FF724FF6ED
:102E30000107CFF6FF77BA420FD8002524F00047EC
:102E4000C7F6F075BBF1010277EB0502C0F0938085
:102E500044F4002040EC10BB81E102A981E8091094
:102E60000020019046F4801C4FEA5A514FF2333251
:102E7000002341EACC21C7F20452521ACDF800A037
:102E8000A1FB02567542A5FB0225D20F42EA45027C
:102E9000A2FB01567542A2FB0525D20F42EA45026C
:102EA000A2FB015675420026A2FB0525D20F42EA7D
:102EB00045024FEACA25013AA5FB02570025E1FB6E
:102EC0000275D7F1010166EB0505A2FB0557A1FBD1
:102ED00002127F0047EAD577C90F41EA420111EBA0
:102EE000450147EBD2724EF48017E13962F10002DE
:102EF0004FEA4B0E780040EADB79A2FB0E04E2FBBE
:102F00000943A1FB09256419A1FB0E1543F1000338
:102F1000A91846F100024018DDE90210624143F1B0
:102F20000008081A0199B6EB585F01EB000404F29F
:102F3000FF312CD1B8F5801F38BF012602FA06F008
:102F40004FEA5202A0FB0A5300FB0C3786F01F0326
:102F5000039538BF04F2FE3108FA06F5DA4045EA77
:102F60000203039C013903FB0A724FEA4B57664286
:102F700067EB02081CE021F00044BAF1010274EB97
:102F800005022ED341F4002040EC10ABE7E05FEAED
:102F900058034FEA3200A0FB0A264FEA0B54DE46E4
:102FA000B94600FB0C6603FB0A65564264EB050854
:102FB00040F2FF72914205DB049840F0E04040F09F
:102FC0007F607FE0012922DB4FEA48026FF31F5345
:102FD00042EAD67443EA01527100049DDDF800A074
:102FE000AAE087EA050151EA0B0107D184EA05004E
:102FF00050EA0A0064D19FED640BB0E084EA050159
:1030000051EA0A010BD100204CEC100BA7E011F1A2
:10301000350F5BDC0499002041EC100B9FE05BEA6C
:10302000070100F09F805AEA040149D04FF00009DF
:103030000025B9EB175F1ED1BBFA8BF2BEF1000F72
:1030400002F1200218BFBEFA8EF2C2F12B05A2F1E6
:103050000B072BFA05F50EFA07F145EA010EB2F15E
:103060002B0558BF0BFA05FEC2F10C050BFA07FB46
:1030700058BF4FF0000B02A9B9EB145F81E80910AB
:103080007ED1BAFA8AF1002E01F1200118BFB6FAFA
:1030900086F1A1F10B0206FA02F7C1F12B062AFA1A
:1030A00006F63E43B1F12B07294458BF0AFA07F64A
:1030B000A1F10C000AFA02FA58BF4FF0000AD0E65C
:1030C0004CEA0500002140EC101B48E0C1F1010270
:1030D0006FF01304C2F12007641AD04023FA02F201
:1030E00003FA07F738436FF01E072EFA04F47F1A2D
:1030F00058BF23FA07F0DDF800A058BF0022AAFB52
:1031000000760AFB026301F13406143109FA06F570
:103110000CFB003345EA040558BF0EFA01F50EFA20
:1031200006F158BF0021B1EB47014FEA430343EAE0
:10313000D77365EB0304049D431C00F0010642F1C4
:103140000007891944F10006BAEB01017CEB060186
:1031500024BF0346174647EA050040EC103B05B084
:10316000BDE8F08F9FED080B5AEA04014FF0000014
:1031700051EC102B1CBF6146024641EC102BEEE7D0
:1031800001956FE600BF00BF000000000000F87F5F
:1031900080B541EC100B43EC112BFFF729FE51ECED
:1031A000100B80BDD4D4D4D410B50446084600F02A
:1031B00027F89FED0B0B53EC102B00F0BDF99FEDA2
:1031C0000A0B53EC102BFFF7F3FD00232246C4F249
:1031D0003033FFF7EDFD41EC100B10BD00BF00BF19
:1031E000000000000000F04100000000000030C3BB
:1031F00080B5FFF7D9FF51EC100B80BDD4D4D4D4E7
:10320000002822D0014648BF4142B1FA81F2C2F102
:103210000B03B2F10B0C21FA03F358BF01FA0CF3C4
:1032200083F4801C40F21E43A3EB020302F115025B
:1032300001FA02F10CEB035358BF0021002848BFEC
:1032400043F0004343EC101B01E09FED030B51ECF6
:10325000100B704700BF00BF00000000000000001E
:10326000B0B59FED0B0B0C460021054653EC102B1F
:10327000C4F230512046FFF79BFD00232A46C4F2DA
:103280003033BDE8B040FFF793BD00BF00BF00BFC3
:1032900000001000000030C52DE9F04F81B055EC62
:1032A000101B4FF6020356EC110BCFF6FF7386EAA4
:1032B00005022C4602F0004C3246C5F30A596FF362
:1032C0001F52A9F2FF776FF31F54C6F30A5E9F42A5
:1032D00021BFAEF2FF734FF60107CFF6FF77BB4277
:1032E0000CD840F2000825F00047C7F6F0784B1ED6
:1032F00077EB080335D345F4002057E04FF0000A80
:1033000044F48014C302D20242EA5050A3FB045793
:1033100040F0004000264FF00048E0FB0476A3FB9D
:103320000123A0FB01103F1846F100065B1948F18C
:103330000045581809EB0E03534457EB050146F1BD
:103340000005A3F2FF33EF0216D4470047EAD27418
:103350006F0047EAD1754900520041EAD07120461A
:103360000BE026F00045431E75EB080315D346F429
:10337000002141EC100B1BE0013340F2FF77BB4210
:1033800004DB4CF0E04040F07F600EE0002B1CDDE1
:103390006FF31F5545EA035368E087EA08030B43C0
:1033A00009D128430ED04CEA0800002140EC101B44
:1033B00001B0BDE8F08F85EA080303436AD151EA02
:1033C0000700F0D19FED5A0BF2E7C3F101063F2E43
:1033D00066D803F13F046FF01E07A7EB030922FA3A
:1033E00006FB05FA04FE21FA09F747EA0E0A13F173
:1033F0001F0EC6F1200358BF01FA0EFA009300FA1F
:1034000003F722FA09F347EA0B0700FA04FB43EA41
:103410000B0358BF02FA0EF302FA04F258BF00225F
:1034200042EA030201FA04F358BF0023002A18BF3E
:103430000122B6F1200458BF20FA04F743EA07033B
:1034400042EA0302009B21FA06F120FA06F005FA8F
:1034500003F341EA030158BF25FA04F158BF0020E5
:1034600025FA06F340EA0A0058BF002343EA0C039A
:10347000574278EB000701D2013106E080EA0800EC
:10348000104304D101F00100091843F1000343EC9B
:10349000101B8DE751EA070318BF50EA050303D15B
:1034A00000204CEC100B83E74FF000084FF0000AAF
:1034B000B8EB175F1AD1B1FA81F3002C03F12003A6
:1034C00018BFB4FA84F3A3F10B06C3F12B07C3F1C1
:1034D0000C0AB44021FA07F73C43B3F12B0758BF5D
:1034E00001FA07F401FA06F158BF0021B8EB155FA5
:1034F0007FF406AFB0FA80F3002A03F1200318BF6F
:10350000B2FA82F3C3F12B07A3F10B0520FA07F7F8
:10351000AA403A43B3F12B07AAEB030358BF00FAC2
:1035200007F203F10C0A00FA05F058BF0020E7E6A5
:10353000000000000000F87F80B541EC100B43EC68
:10354000112BFFF7A9FE51EC100B80BDB0B554EC68
:10355000102B2146C4F30A536FF31F51A3F281309D
:10356000FD2809D8500F40EAC10122F06040B0F1B7
:10357000805F16D9013118E052EA01000AD040F20A
:10358000FF70834206D1500FFF2240EAC10040F491
:10359000800116E040F27E4083421AD9FF220021CA
:1035A0000FE004BF01F0010001440020B0EBD15F47
:1035B0004FF6804018BF0021CFF6FF7018BF0130D2
:1035C000C21804F0004040EAC250084300EE100A5E
:1035D000B0BD40F2813E002B18BF01F5801108BF3D
:1035E0004FF4607EAEEB030CBCF1340F02DD002122
:1035F0000022E6E79E4501D1002315E0CCF140050D
:10360000DCF12000C5F1200301FA05FE22FA03F3E4
:1036100043EA0E0358BF02FA00F302FA05F058BF5E
:103620000020034318BF012322FA0CF0CCF1200242
:1036300001FA02F21043BCF1200258BF21FA02F055
:1036400021FA0CF14FEA507258BF002120F060407F
:1036500042EAC1011843B0F1805F01D9013103E0B2
:1036600004BF01F001000144CA0D1CBF81F4000138
:103670000122A6E780B541EC100BFFF767FF10EEC3
:10368000100A80BD40B584B002AE009600F004F888
:10369000029A039B04B040BDB0B584B00D4602A9A8
:1036A00080EAE57000911C4682EAE37285EAE571E2
:1036B000B0EBE57083EAE37361EBE571B2EBE472C2
:1036C00063EBE47300F017F8DDE90223DDF820C0B6
:1036D00083EAE57382EAE572B2EBE57263EBE573C8
:1036E000CCE90023E21782EAE57250405140801A8B
:1036F000914104B0B0BD2DE9F047DDF820E08446EB
:1037000081B1CAB153B3B1FA81F4B3FA83F52C1B7A
:10371000202C47D3BEF1000F18BFCEE900C14FF0F7
:10372000000CB6E09BB30021BEF1000F18BFCEE93C
:1037300000C14FF0000CADE0002B78D0002877D00E
:103740005C1E234200F09880B1FA81F4B3FA83F54D
:103750002C1B1F2CDED204F1010C2EE0541E224241
:1037600071D0B1FA81F7B2FA82F6F71B07F1210C9A
:10377000BCF1200F1BD0BCF11F0F00F28E80CCF1EA
:10378000200620FA0CF401FA06F525431CE0B0FBF4
:10379000F2FCBEF1000F1EBF0CFB12000021CEE9AF
:1037A000000176E004F1010CBCF1200F05D14FF0CF
:1037B000000A4FF0200C0D4609E0C4F11F0620FA64
:1037C0000CF501FA06F4254321FA0CFAB0404FF04B
:1037D00000084FF000094FEA4A0444EAD5776C002C
:1037E00044EAD076B51A67EB030AF443F943A41808
:1037F0004FEA400059415CBFBA46354640EAD870AE
:1038000049EA4808CF0FBCF1010CB946E3D14FEAB1
:10381000D871BEF1000F41EA40014FEA480020F0A4
:10382000010018BFCEE9005A07EB000C32E031E08E
:10383000B1FBF3FCBEF1000F1EBF0CFB1310002107
:10384000CEE9001025E0BEF1000F1EBF00230440AA
:10385000CEE90043012A1DD092FAA2F24F00B2FA3B
:1038600082F202F01F03D140D8401F23934307FA8E
:1038700003F343EA000C0DE0BEF1000F1CBF04EAA5
:103880000100CEE900C093FAA3F0B0FA80F021FA6B
:1038900000FC00216046BDE8F087CCF14006ACF1A9
:1038A00020044FF0000A01FA06F720FA04F52F432E
:1038B00000FA06F821FA04F538468AE740B584B0E4
:1038C00002AE0096FFF717FF029A039B04B040BDBB
:1038D0000B4611461A4600F023B80A46002100F0B4
:1038E0001FB810B500239A4203D0CC5CC4540133F6
:1038F000F9E710BD10B581423CBF8B18984207D341
:10390000034662B111F8014B013A03F8014BF8E7A5
:103910000139431E1AB18C5C9C54013AFAE710BD80
:1039200000239A4208BF7047C1540133F9E7D4D449
:1039300010B5C8B1044600202060194800F0D2F844
:103940001849086890B184420FD950F8042C8118A6
:10395000A1420146F5D154F8041C04461144026802
:1039600040F8041C104605E010BD0ED020600C602D
:1039700054F8041C621882420CD1026850F8040CFE
:103980002260084444F8040C04E007490C2200F0CB
:10399000D7F842500248BDE8104000F0A4B800BF7C
:1039A000DC750422D07504220800000070B50446BE
:1039B0000D4A54F8040D2618126896420DD10D1ABE
:1039C000082D98BF0825284600F010F8B04206D010
:1039D000411C1CBF20C0FFF7ABFF002070BD20685A
:1039E00028442060012070BDD4750422F8B5002859
:1039F00014D40446FEF782FF411C0FD000F10B01E6
:103A00000C4E21F0070107190C1F844237600BD0C0
:103A1000251A2846FEF772FFB84203D04FF0FF3454
:103A20002046F8BD2844306070680028F8D17460E2
:103A3000F6E700BFD4750422F8B510F1140F06D3D1
:103A400027490C2200F07CF842500020F8BD0446C3
:103A5000214800F047F8E01D204C20F0070606F151
:103A60000805274624686CB154F8040CA84211D20A
:103A700020680028F5D120462946FFF797FF002847
:103A8000EFD013E02846FFF7B1FF0446013019D00C
:103A900020C40DE0401B082808D32168615161193A
:103AA000396041F8040C44F8045C01E02068386097
:103AB000094800F018F846F004012046FFF70DFF12
:103AC0002046F8BD06490C2200F03AF84250024860
:103AD00000F009F8B9E700BFDC750422D0750422B4
:103AE000080000007047704710B54218034629B11E
:103AF0001C7814B101390133F9E71A46101A10BDC8
:103B000010B505490446054AFFF7EBFE0448054990
:103B10002044FFF7E2FE10BDA4DF07020000000012
:103B200000000000040000000249401A0249086039
:103B3000704700BF08000000E0750422D4D4D4D43C
:103B40000148006870470000E075042283B018B592
:103B5000044603A80EC003AA214604480092006848
:103B600000F028F8BDE8184003B07047048308024D
:103B700070B505460E480468A078800714D56668BD
:103B8000287828B12146B04701350028F8D507E04C
:103B90000A202146B047B0F1FF3FC4BF002070BDEE
:103BA000A07840F00400A0704FF0FF3070BD00BF5F
:103BB000048308022DE9F04F95B082468078149274
:103BC000800740F18B84DAF8040000270C901498E9
:103BD00013900DA8821D0692421E0530089209908E
:103BE00007910B910B9A114611F8010B252803D070
:103BF000002800F0758404E05578961C252D09D125
:103C000031460C9A0B915146904701370028E9D56F
:103C100000F05EBC00224FF0000800244FF0000BC3
:103C20001FFA8BF9B9F11F0F0DD8A5F1270009284C
:103C30002DD8DFE800F09F0B0B0B050B650B0B621B
:103C40004BF0020B53E0B9F17F0F12D8A5F1300011
:103C5000092823D8B9F1400F27BF08EB880100EBF2
:103C6000410804EB840100EB410438BF4BF0200B0A
:103C700080E04C2D3ED0682D45D06A2D3AD07A2D6B
:103C800018BF742D76D06C2D40F0538242E0202D69
:103C90002DD0232DDAD14BF0100B6BE0242D47D023
:103CA0007A2D67D02E2D3CD04C2D23D0682D2AD0D4
:103CB0006A2D1FD06C2D2DD0742D5BD02A2D40F095
:103CC0003882002A56D11398011D13910068B9F16A
:103CD0003F0F4DD8B0F1FF3FDDBF4BF0280B444202
:103CE00000224BF0200BC4BF0022044642E04BF000
:103CF000040B3FE04BF4207B3CE04BF0010B39E040
:103D00004BF0080B36E00BF480704BEA400040F4B7
:103D1000807B2FE00BF080004BEA800040F0800BAE
:103D200028E0B9F13F0F00F2DB834BF0400B21E0BC
:103D3000BAB11498154642461390B9F1400F38BFF6
:103D40002246079813A900F0D5FB13982A46B9F12B
:103D5000400F00F104011391006834BF044680460F
:103D600008E022464FF0000800244FF0000B01E06D
:103D70000022804616F8015B002D7FF451AF0A94B3
:103D8000002534462AB114981390079813A900F01F
:103D9000B1FB45F0200028EAE879B8F1000FA0F166
:103DA000650148BF2BF0400B03290B9401D3612818
:103DB00035D11399461B073121F00701612801F124
:103DC0000802139291ED000B18D15FEA4B6058BFC7
:103DD0004FF0FF39F2B20DA8494600F073FC00F134
:103DE00001084BF4C05B4FF0010C5FFA88F081458D
:103DF000D8BFA0F101097020049041E05FEA4B6157
:103E000058BF4FF00609C1B266291ED0652824D1DB
:103E100065204BF4805B09F10101002324E0A5F14A
:103E20006F01062957D808234FF0000EDFE811F084
:103E3000E0010700DA01DA019F01DA0197014BF096
:103E4000100B10234FF0780ED2E166204BF4005B8C
:103E50000122049011214B4608E05FEA09614946BE
:103E600008BF01210023023804900022C9B21129A1
:103E700028BF11210DA800F0F5FC80464FF0020C80
:103E80000D9B13F1090F08DA13F1630F0FD213F52D
:103E90007A7F09D84FF0040C0BE0092B09DD632B66
:103EA00005D9B3F57A7FF5D24FF0030C01E04FF05E
:103EB000020C9DF838101FFA8BF4C80707D15FEA8F
:103EC0008B7206D462071DD4002001251CE02D2032
:103ED00019E02B2017E0692D18BF642D40F02B81CD
:103EE0001FFA8BF05FEA0B6100F1308113990A1D14
:103EF00013920A68C10540F13081800554BF12B2A7
:103F000052B22AE12020002511F00C0F18D0042312
:103F1000002D18BF03230A9A9A4226DD5FEA0B712F
:103F200025D49C1AA846054600F0B9FB002800F1EC
:103F3000CF8201370134F7D328460024454617E0E5
:103F40001BF4405F039543D1B9F1010F98BF4FF0C7
:103F500001095FFA88F139B3099A0A4412F8012C71
:103F6000302A21D1A8F10108F3E7002400E0D41A97
:103F70002DB900F0A4FB002800F1AA8201379DF8BA
:103F80003800DFF86C550007DFF8600558BF0546BC
:103F90002878002800F08F82801B00F08CFB01370E
:103FA00001350028F4D593E2E20648BF494613F1F3
:103FB000040F0BDB4B4509DA8B424BF4005BAEBFC1
:103FC0004FF00009DA4301EB020901E0A1F1010918
:103FD0001FFA8BF15FEA8B42B6464FEA015B05910F
:103FE000029307D40521BBF1000F58BF032101EB59
:103FF0000C0602E023EAE3714E1C09F10101B9F15C
:10400000000F059D08BFC5F30011039A0A9C82F0BA
:1040100001028B183344E41A4FF00003D8BF1C464A
:1040200015F0090FCDF804C011D184B105468819E7
:104030000A9910447646441A00F031FB002800F13A
:10404000478201370134F7D30024284600E0764642
:10405000039929B900F033FB002800F139820137B8
:10406000BBF1000F0CD500F022FB002800F13082DC
:10407000C6F1780000F01FFB002800F1298202370A
:104080000598000709D444B1274400F010FB00282C
:1040900000F11E82013CF8D100240598800426D44A
:1040A0009DF8390051460C9A9047002800F1108283
:1040B000B9F1010FC0F2DA8000F0F5FA002800F142
:1040C000078209EB07005FFA88F500F1020B002078
:1040D000814500F0A681471CAF423ABF0699085CB3
:1040E000302000F0ECFA00283846F1D5F0E10298D3
:1040F000C9F100095FFA88F820EAE076851B701C98
:1041000005D100F0D0FA002800F1E281013730201B
:10411000002D03D44545BCBF0998405D51464E452E
:104120004CDD0C9A904701350137013E0028E6D559
:10413000CEE10A9425E6632D54D113980126011D82
:10414000139100688DF834000DAD22E080051398BE
:1041500000F1A480011D13910268D317A6E04FF669
:10416000EF700BEA000B0A234FF0750E40E0139836
:10417000011D13910568DC48002D08BF05465FEA64
:104180004B6058BF4FF0FF3928464946FFF7ACFC5B
:1041900006465FEA0B7070D40A98B046B04238BF4A
:1041A0008046B0426BD90C9A044620205146904775
:1041B000002800F18D81601E0137F2E70C9A9047CC
:1041C000002800F18581781C0599C90640F1148109
:1041D000002E40F0118100F066FA002800F178818D
:1041E000023768E1782840F00981C5F18803AE46BE
:1041F0004FF6F9700BEA00055FEA0B600AD41398DA
:10420000011D13910068E9050AD5A90554BF80B2C4
:10421000C0B205E0A805139804D4011D13910068ED
:10422000002107E0073020F007010A46496852F8EC
:10423000080B139250EA010208BF2BF0160508D0B4
:104240000DAE7446324600F0FFF9861BAC4625469B
:1042500046E05FEA4B62F3D5B8F1010FF0DA4FF6B2
:10426000E9700BEA000C0026754639E00598C00697
:1042700000F1D18007F1010BD3E0DDF8288037444D
:10428000A8EB0604002E00F0168115F8010B51462C
:104290000C9A9047013E0028F4D519E1073020F030
:1042A00007000146436851F8082B13915846002B2C
:1042B00048BF40F4806020F0100C82EAE37083EA8B
:1042C000E371B0EBE37061EBE3711A4300F08A80B5
:1042D0000DAC0A236646224600F0B6F9B446061B2A
:1042E0005FEA4C6002D4614630460BE04FF6FE7048
:1042F0000CEA000130464E4504DA4846002D08BF5E
:104300002CF011011FFA81FBC90606D440F20641C8
:1043100011EA0B0118BF012103E00221002D08BFA3
:1043200001210C185FEA0B701CD45FEACB7001D13D
:104330000A9907E00A99B1468C42BEBF7018A0EBFB
:1043400004090C46A046A142C8BF88460A98844288
:1043500007DA00F0A4F9002800F1BA80013401372F
:10436000F4E744465FEACB6014D440F206401BEA0F
:10437000000F1FD05FEA8B704FF02B0058BF20203A
:104380005FEA4B5148BF2D2000F099F9002800F159
:104390009F800EE000F08BF9002800F1998045B174
:1043A0000C9A284651469047002800F19180023728
:1043B00000E001370A983744041BB1450FDD00F0D7
:1043C00076F90137A9F101090028F6D580E00898AF
:1043D00051460C9A805D9047013E002878D4002E0B
:1043E00069D0F4E75FEA4B627FF572AFB8F1010F75
:1043F000BFF66EAF002673E707465CE00C9A2520F7
:1044000051469047002863D40C9A2846514690475D
:104410000237FFF7FBBB00F046F9002858D407F13C
:10442000020B049851460C9A801BC0B2904700289A
:104430004ED4029E2B205146002E48BF2D200C9AB0
:104440009047002E00D57642002841D401980428D8
:1044500012D34FF47A700C9AB6FBF0F5514605F181
:104460003000C0B29047002832D44FF47A7005FB78
:1044700010610BF1030504E00BF10205314603283E
:1044800023D1642000F002F9002821D464200135F2
:1044900006FB10710A2000F0F9F8002818D406EB8A
:1044A00086000135A7EB400101F1300000F003F96F
:1044B00000280DD46F1C012CFFF694AB00F0EFF830
:1044C0000137013C0028F6D502E00228E2D2EBE7F2
:1044D0009AF8020040F004008AF802004FF0FF371B
:1044E000384615B0BDE8F08FBB630802205B0802B8
:1044F000646108022DE9F043894652494FF00108F2
:104500004FF0010C0546944580F299802B4613F834
:10451000014B252C03D01D46002CF7D18FE0AF1C9A
:104520006B783D46252BF1D000264FF0000E00257C
:104530001F2E08D8A3F12004102C06D808FA04F482
:104540000C4202D042E07F2E0AD8A3F13004092C9D
:1045500013D805EB850346F0200604EB430535E050
:104560004C2B23D0682B24D06A2B1FD07A2B18BF5A
:10457000742B2BD06C2B34D122E07A2B26D02A2B13
:1045800018BF2E2B01D1002520E04C2B0ED0682B1C
:104590000FD06A2B0AD06C2B12D0742B16D0242B80
:1045A0001FD1BEF1000F16D1AE46ECE746F42076DF
:1045B0000CE006F4807346EA430343F4807605E09A
:1045C00006F0800346EA830343F0800617F8013BB8
:1045D000002BADD104E06545D5D16323E64600E06C
:1045E00000233D46BEF1000F29D0E6457FF48BAF96
:1045F00043F02004A4F16505032D01D3612C06D1FD
:10460000D9F80030073323F00703083312E0DCB297
:10461000732C0CD0642B18BF692B06D1330606D53A
:10462000D9F80030B405EDD403E0632BF6D1D9F806
:1046300000300433C9F800300CF1010C62E7BDE82A
:10464000F08300BF892801002DE9F04103F01F0627
:10465000984614460F4605462846394632460023FA
:10466000FFF72CF900FB1652A2EB0803092A88BFBA
:1046700003F13702303204F8012BAA1B054677F10B
:1046800000020F46E8D22046BDE8F0810C9AB1FB4B
:10469000F0F60F4606F130005146C0B210470C9AB2
:1046A0002020514610470C9A2E20514610470C9A54
:1046B0003020514610470C9AC0B2514610470C9A10
:1046C000514610472DE9FE4F56EC107B0C4605462F
:1046D000F00F90462871C6F30A516FF31F5657EA40
:1046E000060208BF00290ED089B140F2FF7399423B
:1046F0000FD10821002A08BF042100240844287192
:104700002046BDE8FE8F00200027002605E02E4849
:1047100003E0A1F2FF3006F58016002C286003D4D8
:104720000C2C03D90D2436E0002434E03320A0EB18
:104730008409022000214A464FF0000A00F046F8A2
:10474000424202926AEB0102B0F1010B61F10000FA
:10475000019230400090012000214A4600F036F8D6
:10476000814607EA0B00B9EB00008A46009871EB1E
:10477000000008D3A000C0F134023846314600F0F2
:1047800036F8C00703D017EB090746EB0A06029874
:104790000740019806401220411FB1D417F00F02C4
:1047A00001D1A1420ADCA2EB0803092A88BF03F168
:1047B000270230322A54A142C8BF0C46390941EAC7
:1047C000067736090138E7E702FCFFFF930641BF91
:1047D000A2F1200100FA01F10020704732B1C2F1CC
:1047E0002003914020FA03F3194390407047930649
:1047F00041BFA2F1200021FA00F00021704732B140
:10480000C2F12003D04001FA03F31843D1407047AE
:10481000B0B588B00C460E4901914FF40031002527
:1048200000910119CDE90655CDE90255002C0490FF
:1048300018BF481E48BF00200590114668461A461A
:10484000FFF7B8F90CB104990D7008B0B0BD00BF06
:1048500055480802D1E904239A421EBF531C0B613C
:10486000107070472DE9F04F9DB0884651EC106BE9
:1048700093460D46CF0F6FF31F55C1F30A5156EA09
:10488000050408BF00290BD040F2FF7291420FD1FE
:104890000821002C08BF0421394401710024FCE1E7
:1048A00030210124417100210160B91C0171F4E142
:1048B000002CCDE90970069318BF01240022A1F253
:1048C0003547022938BF0122002918BF05F5801598
:1048D0004FEA850343EA967044EA020913904FEACF
:1048E000860004BF4FF6CC37CFF6FF77129006F064
:1048F0000100002F0490CDF81480CDF82CB0CDF835
:104900003C9041D4384600F0D1FACA468146032F84
:1049100088BFA9F10109484600F0D4FA14A9044659
:10492000484600F057FB18A81AA9CDF808A0CDE911
:104930000010A9EB0700204414AA00F17C033046C4
:10494000294600F0C7F90546B9F1150F109100F29C
:104950009380129E139C3046214600F0ADF98208E8
:1049600042EA817120F0030008444042F04261D1E4
:104970003046214600F0AEFA00210F9148454FF035
:10498000000028BF012039E0C7F1000A504600F0BE
:1049900093FA0446781C18BF013CAAEB040A50465F
:1049A00000F090FA0DF1500883465046414600F061
:1049B000ABFA18A81AA94246CDF80890CDE9001024
:1049C000A4EB0B0000F17D033046294600F082F98C
:1049D00004EB07090546012C109111D8DDF814806D
:1049E000DDF82CB0049840B1DDE91A0101381A90C5
:1049F00061F100001B9000200F90012011903EE01B
:104A0000DDF814803E2CDDF82CB035D84FF0FF30A7
:104A10004FF0FF312246FFF7D9FE139A22EA010137
:104A2000129A22EA00000843B0FA80F0400911907F
:104A3000002023E0049870B90F98C043801964F1F6
:104A4000000100F047FA0021119148454FF00000A5
:104A500028BF012012E046F00200214600F03AFA99
:104A6000DDE91A124B1E62F10004484538BF0B46BF
:104A70001A9338BF14461B94002011900F904046A3
:104A8000BBF1000F0ED01099284600F0EFF9069AFE
:104A900009EB02010844B0EBD27FB8BFD00F8045CC
:104AA000B8BF4046CDF820900DF160091B9CAB4685
:104AB00099E8400300250C900020CDE912004846FB
:104AC0002146CDF8389000F0EEF881468A4630460F
:104AD0004146CDF8348000F0E6F80746B0EB090017
:104AE000884671EB0A000ED31099584600F0BEF9C3
:104AF0000C99884221DD08462946012518B91098ED
:104B000050EA0B001DD01099584600F0CCF81091D7
:104B100054461299119A00F0BCF907EB87010F9ADD
:104B2000C6EB41013E46B1FA81F1834649090A408C
:104B300013990F9201311391C1E7DDF840805F4670
:104B400003E000274FF000080D46DDF83C90DDF84B
:104B500028A007955FEAC97024D00D9DBB4630465A
:104B6000294600F0A0F8074600EB800040422A46A4
:104B70000D467142B1EB400F16D10E98214600F060
:104B800092F80E900C465846414600F08CF8884644
:104B90001299119A3E4600F07CF91399834601312F
:104BA0001391DCE7454602E045465F460D920898C2
:104BB000139901EB00081298C0B2411F18BF0121E0
:104BC000DDF82CB0079AD2070CD10D9B87EA0602BC
:104BD0006B401A4306D1049A82F0010202EA0902EC
:104BE000012A5ED1119A82F0010211430022394359
:104BF000042888BF012201EA02043F1945F1000997
:104C00003846494600F032F906460CB30C98864205
:104C10001FDDBBF1000F0AD006984044811901291D
:104C2000D8BF012105988842B8BF01460846864290
:104C30000FDD0446781D49F100010A220023FEF72A
:104C40003DFE013E08F1010807462046894600E086
:104C50000C988642B8BF304604B20025261DA542F6
:104C600012DA384649460A220023FEF727FE894613
:104C700000EB80010135A7EB4101074641F030010F
:104C80000AF80610013EEAE709988AF804000FFACC
:104C900088F020440138CAF8000020461DB0BDE865
:104CA000F08F0124A9E780B500F006F8C00840EABB
:104CB0004170C90880BDD4D4F8B502AA0092044A54
:104CC0004FF0CC3300F011FADDE9020104B080BDF1
:104CD000CDCCCCCC2DE9F04F8BB004931646D2E965
:104CE000002308AC0094490041EAD07445002846EE
:104CF000214600F0FAF9D6E902238146DDE9087879
:104D000006A88B4600902846214600F0EEF910EBED
:104D1000070A48EB0108DDE90601DDE90823471C25
:104D200041F10005BAEB020278EB030228BF0D4601
:104D3000079528BF07460499D6E902404139D6E9CC
:104D400000CE7A1C45F1000314EB0A040591009192
:104D500040EB080119EB0C00CDF80C905BEB0E005A
:104D6000069754F1000041F10001B0EB0A04D94666
:104D700071EB080424BF2B463A4600F0D2F9149A8E
:104D8000C2E90001DDE915B008B3D6E90201D6E9B0
:104D900000C3DDE905640096BAEB0006039A68EBF0
:104DA0000107701E67F10001B2EB0C02079D79EB61
:104DB000030224BF30463946621E65F10003BAEB98
:104DC000000678EB010624BF22462B4640E0049CF7
:104DD0000025D6E900E0CC46403CDDE90623029000
:104DE0004FEA4C0CD6E902014FEA4A0600944FEA1A
:104DF000480446EAD97644EADA74B6EB0A0774EB5B
:104E0000080738BF012545EA42055B0043EAD2772F
:104E10006A1E049567F10003039DB6EB000964EB7D
:104E2000010BB9F101006BF10001DEEB450E4CEA1C
:104E3000D57C029D7CEB050528BF5946DDF854B0B2
:104E400028BF4846351A8C41049C24BF22463B4665
:104E500000F067F9CBE9000105AB41460DCB0090AE
:104E6000504600F05EF90BB0BDE8F08F70B500233E
:104E70000A2401220A25461B71EB030607D3A5FB72
:104E8000045603EB8303013206EB4303F3E71046BA
:104E900070BDC9B2B1FA81F149090A4000EB800145
:104EA0001192ABEB410112917047D4D401494843B0
:104EB000800C70474134010001494843000D7047A0
:104EC000FB2E0B0002494843012101EBD040704703
:104ED0004F931200F0B50A4B02460A4D4FF0FF30D7
:104EE0004FF0CC34A2FB0367013002FB047201FBDC
:104EF0000321721B71F133323246F3D3F0BD00BF90
:104F0000CDCCCCCC343333332DE9F04F87B08B4646
:104F10001A21B0FBF1F2054602FB01F62A4800EB2C
:104F20000210B54202D100F0C9F849E004A9274AAD
:104F30000091A91BC36852F8317002EBC101D0E99E
:104F400001924C680168019100F0ACF8824602A819
:104F5000019A88460090384621464B4600F0C5F835
:104F600001918146DDE90212002011EB0A0758EB9E
:104F7000020840F10000012801D100F097F828460E
:104F8000FFF7A0FF04463046FFF79CFF0199241A63
:104F900048463A464346009400F0C3F81E226FF09C
:104FA000030302EA450203EA9503094DEB5800F0BA
:104FB0008DF800F093F8009400F0B3F8CBE902010B
:104FC00007B0BDE8F08F00BF28900802F8900802F3
:104FD000C89108022DE9F04F87B08B46054619307D
:104FE0001A21B0FBF1F22C4802FB01F600EB021093
:104FF000AE4202D100F062F84BE004A9274A0091CA
:10500000711BD0E900A852F8317002EBC101D0E960
:1050100002234C6800F046F8019002A8BAF10102A0
:1050200068F100038946009000F03CF88A46DDE90B
:10503000013104460020039ACF1852EB090840F1D1
:105040000000012801D100F031F83046FFF73AFFA7
:1050500006462846FFF736FF361A204651463A469E
:105060004346009600F05DF86FF003030C4C03EA32
:1050700095031E2202EA4502E35800F027F80130AA
:1050800041F1000100F02AF8009600F04AF8CBE95F
:10509000020107B0BDE8F08F20920802F8900802E4
:1050A000109308023846214600F01FB8DDE90401DC
:1050B0000130049041F100000590704790E80E0027
:1050C000C0688BE80E00CBF80C00704723FA02F2A0
:1050D00002F00302801841F100017047DDE904236A
:1050E000CBE90001384641467047F0B5A3FB0145C6
:1050F000DDF814C0A2FB0116A2FB00277F18744143
:1051000045F1000539462646E3FB0016A3FB0003E4
:10511000C01954EB030045F10000CCE900601046D3
:10512000F0BD2DE9F041DDF8188017460C46054624
:10513000C8F1400238461946FFF748FB07460E46BD
:10514000284621464246FFF752FB38433143BDE82B
:10515000F081D4D444F66D6CC0F2000C604742F686
:10516000733CC0F2000C604740F6CD5CC0F2000C0E
:10517000604742F2376CC0F2000C604740F6177C83
:10518000C0F2000C604741F6297CC0F2000C604779
:1051900042F2C96CC0F2000C604742F2715CC0F28E
:1051A000000C604742F69F2CC0F2000C604742F2B0
:1051B000475CC0F2000C604742F6132CC0F2000CB2
:1051C000604742F65B6CC0F2000C604742F6AF0CE1
:1051D000C0F2000C604742F2492CC0F2000C60475C
:1051E00040F6BD6CC0F2000C604744F6910CC0F272
:1051F000000C604742F6631CC0F2000C604744F6A6
:10520000197CC0F2000C604744F6816CC0F2000CBF
:10521000604741F6036CC0F2000C604742F69F4CB9
:10522000C0F2000C604744F6336CC0F2000C6047DB
:1052300044F2E16CC0F2000C604744F6516CC0F2DD
:10524000000C604744F2157CC0F2000C604742F647
:10525000D14CC0F2000C604742F6B94CC0F2000CD1
:10526000604742F61D5CC0F2000C604744F2957C3A
:10527000C0F2000C604742F2655CC0F2000C60476F
:1052800044F2B17CC0F2000C604744F2F37CC0F2FF
:10529000000C604742F6D15CC0F2000C604744F25B
:1052A000E77CC0F2000C604742F63F7CC0F2000C85
:1052B000604743F2810CC0F2000C604742F6F57C77
:1052C000C0F2000C604742F6F96CC0F2000C604777
:1052D00042F69F7CC0F2000C604742F66D7CC0F243
:1052E000000C604742F6317CC0F2000C604742F689
:1052F0005F7CC0F2000C604742F6D77CC0F2000C25
:10530000604743F20D2CC0F2000C604743F2492C79
:10531000C0F2000C604742F6775CC0F2000C6047B8
:1053200042F6C15CC0F2000C604744F6D10CC0F2FA
:10533000000C604743F2390CC0F2000C604743F2A6
:10534000D50CC0F2000C604743F23B5CC0F2000C8D
:10535000604740F21B2CC0F2000C604742F69D0CE7
:10536000C0F2000C604745F27B0CC0F2000C6047B5
:1053700042F2514CC0F2000C604744F6691CC0F286
:10538000000C604740F21D2CC0F2000C60476661C3
:105390006C7365005F5F61726D5F32645F616C6C3E
:1053A0006F636174655F736372617463685F6D6579
:1053B0006D6F7279004E554C4C203D3D20746869EC
:1053C000732E416461707465722E4F7074696D69DB
:1053D0007A65644469727479526567696F6E732E79
:1053E0007074576F726B696E674C697374002E2E00
:1053F0002F7372632F74686972642F61726D3264E7
:105400002F48656C7065722F536F757263652F61DD
:10541000726D5F32645F68656C7065725F7368613E
:1054200070652E630050433A20203078253038587C
:105430000D0A005053523A203078253038580D0A62
:10544000002E2E2F7372632F74686972642F61723D
:105450006D32642F4C6962726172792F536F75726D
:1054600063655C5F5F61726D5F32645F66696C6C1F
:105470005F636F6C6F75725F776974685F616C7082
:1054800068612E63005F5F61726D5F32645F726797
:105490006231365F73775F647261775F70617474D5
:1054A00065726E0061726D5F6C63645F74657874C1
:1054B0005F696E6974005F5F61726D5F32645F681F
:1054C000656C7065725F7570646174655F64697244
:1054D00074795F726567696F6E5F776F726B696E03
:1054E000675F6C6973740041524D5F32445F434F94
:1054F0004C4F55525F524742353635203D3D204F87
:10550000505F434F52452E70744F702D3E496E666A
:105510006F2E436F6C6F75722E6368536368656D91
:10552000650041524D5F32445F41315F464F4E54FA
:105530005F4745545F434841525F44455343524996
:1055400050544F525F48414E444C45520074686974
:10555000732E5377697463682E70744D6F64652D74
:105560003E63684566666563747320213D20415241
:105570004D5F32445F5343454E455F535749544353
:10558000485F4346475F4E4F4E4500200046756ECC
:105590006374696F6E3A0D002E2E2F7372632F7431
:1055A000686972642F61726D32642F4C6962726136
:1055B00072792F536F757263655C2E2E2F536F7542
:1055C0007263652F5F5F61726D5F32645F636F72DC
:1055D000652E63004D53503A20202020307825302E
:1055E00038580D0A00494E464F2020002061742093
:1055F0006C696E653A2025640030203D3D202828E6
:1056000075696E747074725F742970427566662075
:105610002620286E416C69676E202D2031292900D3
:1056200041524D5F32445F434F4C4F55525F535A86
:105630005F38424954203D3D204F505F434F524513
:105640002E70744F702D3E496E666F2E436F6C6FD7
:1056500075722E7533436F6C6F7572535A005F5FAE
:1056600061726D5F32645F68656C7065725F6469FA
:105670007274795F726567696F6E5F706F6F6C5F70
:105680006672656500746869732E41646170746543
:10569000722E694469727479526567696F6E4672D9
:1056A0006565436F756E74203E3D2030005F5F641A
:1056B0007261775F726F756E645F636F726E657231
:1056C0005F626F78000D0A3D3D3D3D3D3D204173D9
:1056D00073657274204572726F72203D3D3D3D3D91
:1056E0003D0D0A0061726D5F32645F68656C7065C4
:1056F000725F647261775F626F78004E554C4C2028
:10570000213D20706877427566666572002E2E2FE7
:105710007372632F74686972642F61726D32642FC3
:1057200048656C7065722F536F757263652F617277
:105730006D5F32645F68656C7065725F7363656E20
:10574000652E630044454255472000735F726563D0
:105750005F71756575652E73697A653A20257500E8
:10576000495053523A203078253038580D0A002ECF
:105770002E2F7372632F74686972642F61726D3299
:10578000642F48656C7065722F536F757263652F57
:1057900061726D5F32645F68656C7065725F666FC1
:1057A0006E742E63006877436F756E74203E2030F0
:1057B0000049676E6F7265206D73673A20307825F7
:1057C0005800436865636B6564204572726F723A76
:1057D000204E6F20436F70726F636573736F720D2D
:1057E000005F5F61726D5F32645F7375625F7461E9
:1057F000736B5F6465706F7365004E554C4C202170
:105800003D207074546172676574002E2E2F737280
:10581000632F74686972642F61726D32642F4865FA
:105820006C7065722F536F757263652F61726D5F57
:1058300032645F68656C7065725F7066622E6300CB
:10584000746869732E416461707465722E62466972
:10585000727374497465726174696F6E004E554C51
:105860004C203D3D20746869732E416461707465FD
:10587000722E4F7074696D697A65644469727479C7
:10588000526567696F6E732E707443616E646964EC
:105890006174654C6973740066616C7365203D3D8D
:1058A000207074576F726B696E672D3E6246726F1F
:1058B0006D496E7465726E616C506F6F6C007074C0
:1058C000436972636C654D61736B2D3E74496E66FE
:1058D0006F2E74436F6C6F7572496E666F2E7533E1
:1058E000436F6C6F7572535A203D3D2041524D5F9E
:1058F00032445F434F4C4F55525F535A5F384249D1
:105900005400627573795F776865656C325F7368A0
:105910006F77004650533A2533753A25756D7320DD
:1059200000495043204649464F2046756C6C00287C
:10593000282875696E747074725F74292070687796
:10594000427566666572292026203078303129201C
:105950003D3D2030005F5F61726D5F32645F736355
:10596000656E655F706C617965725F7365745F7396
:105970007769746368696E675F6D6F646500523143
:10598000323A203078253038580D0A005343422DE2
:105990003E435346523A203078253038580D0A009D
:1059A0000D0A3D3D3D3D3D3D3D3D204F74686572D6
:1059B000205265676973746572203D3D3D3D3D3DF4
:1059C0003D3D0D005053504C494D3A203078253024
:1059D00038580D0A004C43443A2532756D73004E19
:1059E000554C4C20213D20746869732E41646170D0
:1059F0007465722E707443757272656E74005F5FA9
:105A000061726D5F32645F68656C7065725F6C6F48
:105A1000775F6C6576656C5F72656E646572696EE2
:105A20006700282028687753657474696E6773204F
:105A300026205F5F41524D5F32445F5343454E45E0
:105A40005F5357544943485F4346475F4445464187
:105A5000554C545F42475F6D736B29203E3E205F7B
:105A60005F41524D5F32445F5343454E455F53574C
:105A7000544943485F4346475F44454641554C546B
:105A80005F42475F706F7329203C203300434F4EC5
:105A9000534F4C455F4950434D736748616E646C8A
:105AA00065002E2E2F7372632F74686972642F61E4
:105AB000726D32642F4C6962726172792F536F7507
:105AC0007263652F61726D5F32642E63005F5F6188
:105AD000726D5F32645F68656C7065725F64697275
:105AE00074795F726567696F6E5F706F6F6C5F6E00
:105AF00065770052323A20203078253038580D0A28
:105B000000436865636B6564204572726F723A206A
:105B1000537461636B204F766572666C6F770D000E
:105B2000696E66005741524E2020004861726446FB
:105B300061756C74206F636375727265642062793D
:105B40002044454255470D0A004E554C4C20213DFE
:105B500020707454696C65005F5F61726D5F3264C0
:105B60005F7267623536355F73775F636F6C6F7531
:105B7000725F66696C6C696E675F776974685F6F86
:105B8000706163697479004E554C4C20213D207042
:105B90007444657363726970746F72005F5F6172E1
:105BA0006D5F32645F68656C7065725F70657266A8
:105BB0005F636F756E7465725F7374617274005F9A
:105BC0005F61726D5F32645F68656C7065725F7093
:105BD0006572665F636F756E7465725F73746F7004
:105BE0000061726D5F32645F68656C7065725F70D2
:105BF00066625F7461736B000D0A00436865636BD6
:105C00006564204572726F723A20556E616C6967E7
:105C10006E6564204163636573730D005F5F757328
:105C200065725F7363656E655F706C617965725FE5
:105C3000696E69740061726D5F32645F6765745F7D
:105C40006162736F6C7574655F6C6F636174696FAB
:105C50006E005F5F61726D5F32645F68656C706576
:105C6000725F7066625F7265706F72745F72656E8C
:105C7000646572696E675F636F6D706C65746500F3
:105C8000746869732E416461707465722E69446929
:105C9000727479526567696F6E46726565436F7598
:105CA0006E74203E2030004E554C4C20213D20701B
:105CB000744469727479526567696F6E7300736DAD
:105CC000436F6E6E656374496E4950434D73670050
:105CD0002828287E6E416C69676E29202B20312987
:105CE0002026206E416C69676E29203D3D206E4163
:105CF0006C69676E005F5F61726D5F32645F63380D
:105D00006269745F73775F636F6C6F75725F6669EA
:105D10006C6C696E67001B5B324A1B5B48003D3D43
:105D20003D3D3D3D3D3D3D3D3D3D3D3D3D20496E83
:105D300020486172644661756C74203D3D3D3D3D77
:105D40003D3D3D3D3D3D3D3D3D3D0D0A0052313A1D
:105D500020203078253038580D0A004E554C4C2004
:105D6000213D207074436972636C654D61736B00F3
:105D70002E2E2F7372632F74686972642F61726D97
:105D800032642F48656C7065722F536F757263654E
:105D90002F627573795F776865656C2E630050526A
:105DA000494E5445525F434F4E4E45435400466959
:105DB0006C653A0D00495043315F43616C6C626120
:105DC000636B00436865636B6564204572726F7234
:105DD0003A20446976696465204279205A65726F79
:105DE0000D00436865636B6564204572726F723A9B
:105DF00020496E76616C69642053746174650D008E
:105E00004E554C4C20213D2070744F50002E2E2FAB
:105E10007372632F74686972642F61726D32642FBC
:105E20004C6962726172792F536F757263655C2E73
:105E30002E2F536F757263652F5F5F61726D5F32D6
:105E4000645F74696C652E630061726D5F32645FBC
:105E500068656C7065725F737761705F72676231DD
:105E600036004E554C4C20213D207074466F6E74A8
:105E7000004E554C4C20213D20746869732E7443AC
:105E800046472E446570656E64656E63792E65764F
:105E9000744F6E4C6F774C6576656C52656E6465B9
:105EA00072696E672E666E48616E646C657200433F
:105EB0006865636B6564204572726F723A20507238
:105EC0006563697365206461746120627573206520
:105ED00072726F720D005F5F61726D5F32645F722C
:105EE000676233325F73775F636F6C6F75725F6683
:105EF000696C6C696E67004552524F5220005230F7
:105F00003A20203078253038580D0A004E554C4C38
:105F100020213D2070636843686172436F646500AF
:105F20000D0A3D3D3D3D3D3D3D3D3D20534342201D
:105F30005265676973746572203D3D3D3D3D3D3D51
:105F40003D3D0D005343422D3E484653523A2030CA
:105F500078253038580D0A00436865636B65642006
:105F60004572726F723A20556E646566696E65643B
:105F700020496E737472756374696F6E0D004E55AF
:105F80004C4C20213D20746869732E5363656E6507
:105F90004649464F2E707448656164003D3D3E2081
:105FA000005F5F61726D5F32645F68656C7065721F
:105FB0005F7066625F64726177696E675F6974655E
:105FC000726174696F6E5F626567696E004E554CF1
:105FD0004C20213D2070745363656E65730042460A
:105FE00041522069732076616C69643A20307825CB
:105FF0003038580D0A00495043204649464F204545
:106000006D7074790061726D5F32645F7363726189
:106010007463685F6D656D6F72795F667265650048
:106020004E554C4C20213D20746869732E416461AB
:10603000707465722E707444697274795265676900
:106040006F6E001B5B306D00434F4E534F4C455FEE
:106050005461736B004C434420436F6E736F6C65E7
:106060000066616C7365203D3D20707443616E6411
:1060700069646174652D3E6246726F6D496E746528
:10608000726E616C506F6F6C004765742061646460
:10609000723A2030782558005343422D3E494353ED
:1060A000523A203078253038580D0A004D53504C64
:1060B000494D3A203078253038580D0A0061726D0C
:1060C0005F32645F68656C7065725F66696C6C5F97
:1060D00074696C655F636F6C6F7572004E554C4CE4
:1060E00020213D20707453637265656E004E554CDF
:1060F0004C20213D20707453637261746368504674
:1061000042005F5F61726D5F32645F64796E616DE2
:1061100069635F64697274795F726567696F6E5FE6
:10612000757064617465004E554C4C20213D2070A3
:106130007454656D705363656E65005F5F70666271
:106140005F647261775F7363656E655F6D6F6465D1
:106150005F66616465004C523A2020307825303803
:10616000580D0A006E616E002E2E2F7372632F740D
:10617000686972642F61726D32642F48656C706556
:10618000722F536F757263652F61726D5F32645F3A
:1061900068656C7065722E63004E554C4C20213D35
:1061A00020706C54696D657374616D70003D3D3D88
:1061B0003D3D3D3D3D3D3D204D5350205374616379
:1061C0006B20203D3D3D3D3D3D3D3D3D3D0D004372
:1061D0006865636B6564204572726F723A20496E20
:1061E000737472756374696F6E20427573204572A3
:1061F000726F720D002E2E2F7372632F61726D32CB
:10620000645F6366672F61726D5F32645F64697398
:10621000705F616461707465725F302E630041521B
:106220004D5F32445F434F4C4F55525F535A5F317D
:1062300036424954203D3D204F505F434F52452E3A
:1062400070744F702D3E496E666F2E436F6C6F7584
:10625000722E7533436F6C6F7572535A000D417314
:10626000736572743A0D00486172644661756C74AE
:10627000206F63637572726564206279206F746841
:10628000657220657863657074696F6E20666F72E1
:106290006365640D0A002E2E2F7372632F74686974
:1062A00072642F61726D32642F4C6962726172790F
:1062B0002F536F757263652F61726D5F32645F6417
:1062C0007261772E63005F5F61726D5F32645F722F
:1062D000676231365F73775F636F6C6F75725F668D
:1062E000696C6C696E670041524D5F32445F434F89
:1062F0004C4F55525F535A5F3332424954203D3D13
:10630000204F505F434F52452E70744F702D3E49C1
:106310006E666F2E436F6C6F75722E7533436F6CA4
:106320006F7572535A0061726D5F32645F7363659B
:106330006E655F706C617965725F617070656E64C7
:106340005F7363656E65730052333A2020307825A1
:106350003038580D0A00436865636B6564204572E8
:10636000726F723A20496E76616C69642050430DF9
:106370000066616C7365203D3D20746869732E4131
:106380006461707465722E62497344727952756EDD
:106390000061726D5F32645F7363656E655F706C20
:1063A000617965725F7461736B005053503A2020BD
:1063B00020203078253038580D0A00286E756C6C16
:1063C0002900D4D4BF130000000000000802002FF1
:1063D000C4630802000000008917000000000000EC
:1063E000D1170000000000000883003CD8630802B9
:1063F000000000000883003FE06308020000000086
:10640000791D0000000000006F1C0000000000006B
:10641000C91C000000000000211D00000000000059
:106420000883005700640802000000000602002EE6
:1064300008640802000000000802002E1064080230
:10644000000000000A02002E18640802000000008C
:106450000000000000000000040404040400040024
:106460000A0A0A00000000000A0A1F0A1F0A0A009E
:10647000041E050E140F040003130804021918006B
:1064800002050502150916000C0C040200000000AC
:1064900008040202020408000204080808040200BA
:1064A0000004150E0E1504000004041F040400006F
:1064B000000000000C0C04020000001F000000009F
:1064C00000000000000C0C00001008040201000095
:1064D0000E11131519110E000406040404040E0015
:1064E0000E11100E01011F001F10080C10110E00DC
:1064F000080C0A091F0808001F010F1010110E00D8
:106500001C02010F11110E001F10100804020100DF
:106510000E11110E11110E000E11111E10080700A0
:106520000000040004000000000004000404020055
:10653000100804020408100000001F001F000000E3
:1065400002040810080402000E11100C04000400DC
:106550000E11151D0D011E00040A11111F1111004D
:106560000F11110F11110F000E11010101110E0079
:106570000F11111111110F001F01010F01011F0057
:106580001F01010F010101001E11010119111E005F
:106590001111111F111111000E04040404040E0046
:1065A0001C0808080809060011090503050911005F
:1065B0000101010101011F00111B15151511110029
:1065C00011111315191111000E11111111110E00D5
:1065D0000F11110F010101000E1111111509160003
:1065E0000F11110F050911000E11010E10110E00EF
:1065F0001F150404040404001111111111110E00DF
:1066000011111111110A04001111111515150A00AB
:1066100011110A040A11110011110A0404040400E2
:106620001F10080E02011F001E02020202021E00BD
:1066300000010204081000001E10101010101E00AF
:10664000040A1100000000000000000000001F000C
:106650000606040800000000000006080E091E00DF
:1066600001010D1311130D0000000E1101110E0098
:10667000101016191119160000000E111F010E003E
:106680000814040E0404040000000E191916100E5C
:1066900001010D13111111000400060404040E0081
:1066A000080008080809060001010905030509009A
:1066B0000604040404040E0000000B151515150053
:1066C00000000D131111110000000E1111110E0028
:1066D00000000D13130D01010000161919161010FA
:1066E00000000D130101010000001E010E100F003B
:1066F00004041F04041408000000111111191600ED
:1067000000001111110A04000000111115150A00F2
:106710000000110A040A1100000011111E10110ED0
:1067200000001F0804021F000804040204040800FB
:106730000404040004040400020404080404020025
:10674000021508000000000000000000000000002A
:1067500000000C12120C000000000C1E1E0C0000A9
:1067600000001E12121E000000001E1E1E1E000051
:1067700000000C0C121E000000000C0C1E1E00007D
:1067800000001E120C0C000000001E1E0C0C00006D
:1067900000001816161800000000181E1E18000031
:1067A0000000061A1A0600000000061E1E06000061
:1067B00000000C12120C000000000C1E1E0C000049
:1067C00000001E12121E000000001E1E1E1E0000F1
:1067D000036000000000000006008003506408020F
:1067E000060008007000000059E20702751F000053
:1067F0002000000000000000000000000000000079
:106800000000000000000000000000000000000088
:106810000000000000000000000000000000000078
:1068200000000000000080018001800180018001E3
:106830008001800180018001800180018001800150
:106840000000000080018001000000000000000046
:106850000000000000000000CC00CC00CC00CC0008
:10686000CC00CC0000000000000000000000000090
:106870000000000000000000000000000000000018
:106880000000000000000000000000000000000008
:10689000600C600C600C30063006FE1FFE1F3006D8
:1068A00038071803FE1FFE1F180318038C018C0104
:1068B0008C01000000008000E003F80F9C0E8C1C8F
:1068C0008C188C009800F801E007800E801C8C1852
:1068D0008C189C18B80CF00FE003800080000000BA
:1068E000000000000000000000000E181B0C110C3E
:1068F00011061106110311039B018E01C038C06CF3
:1069000060446044304430441844186C0C38000033
:10691000000000000000E001F00338071806180628
:106920003003F001F000F8009C310E33061E061C07
:10693000061C063FFC73F021000000000000000070
:1069400000000000000000000C000C000C000C0017
:106950000C000C000000000000000000000000001F
:106960000000000000000000000000000000000027
:10697000000000000000000200038001C000C00011
:106980006000600030003000300030003000300027
:106990003000300060006000C000C00080010003D3
:1069A00000020000000020006000C00080018001A3
:1069B00000030003000600060006000600060006AD
:1069C000000600060003000380018001C000600093
:1069D0002000000000000000000000000000000097
:1069E000C000C000D806F807E001300338070000F7
:1069F0000000000000000000000000000000000097
:106A00000000000000000000000000000000000086
:106A100080018001800180018001FC3FFC3F8001FA
:106A20008001800180018001000000000000000062
:106A30000000000000000000000000000000000056
:106A40000000000000000000000000000000000046
:106A500000000000000080018001000100018000B2
:106A60000000000000000000000000000000000026
:106A7000000000000000000000000000E007E00748
:106A80000000000000000000000000000000000006
:106A900000000000000000000000000000000000F6
:106AA00000000000000000000000000000000000E6
:106AB000000000000000C000C00000000000000056
:106AC000000000000000000C000C0006000600069C
:106AD0000003000300038003800180018001C000E7
:106AE000C000C00060006000000000000000000066
:106AF000000000000000E003F007380E180C0C182E
:106B00000C180C180C180C180C180C180C180C1865
:106B1000180C380EF007E003000000000000000031
:106B200000000000000000018001C001F001980198
:106B30008801800180018001800180018001800145
:106B40008001800180018001000000000000000041
:106B5000000000000000E003F80F180C0C180C18DF
:106B600000180018000C000600038001C00060003F
:106B700030001800FC1FFC1F000000000000000097
:106B8000000000000000E001F807180E0C0C0C0CCF
:106B9000000C0006C003C007000C001800180C18F9
:106BA0000C18180CF807E0030000000000000000BB
:106BB000000000000000000C000E000F000F800D10
:106BC000C00C600C600C300C180C0C0CFC3FFC3F33
:106BD000000C000C000C000C000000000000000085
:106BE000000000000000F80FF80F180018000C005B
:106BF000EC03FC071C0E001C0018001800180C18F1
:106C00001C0C180EF807E003000000000000000054
:106C1000000000000000C007F00F381C1818180012
:106C20000C00CC03EC0F3C0E1C1C0C180C180C18A0
:106C3000181C380EF007E003000000000000000000
:106C4000000000000000FC1FFC1F000C00060006F6
:106C5000000380038001C001C000E000600060000C
:106C60007000300030003000000000000000000024
:106C7000000000000000E003F007380E180C180CAC
:106C8000180C3806F007F007180C0C180C180C1824
:106C90000C18380CF80FE0030000000000000000A2
:106CA000000000000000E003F007380E1C0C0C1878
:106CB0000C180C181C1C381EF81BE0190018000CCE
:106CC000000C1C0EF807F00100000000000000009E
:106CD00000000000000000000000000000000000B4
:106CE00080018001000000000000000000000000A2
:106CF0000000000080018001000000000000000092
:106D00000000000000000000000000000000000083
:106D10008001800100000000000000000000000071
:106D200000000000800180010001000180000000DF
:106D30000000000000000000000000000000000053
:106D4000000000000010001C800FE003F800180095
:106D5000F800E003800F001C00100000000000009D
:106D60000000000000000000000000000000000023
:106D700000000000F81F000000000000F81F0000E5
:106D80000000000000000000000000000000000003
:106D900000000000000000000000000000000000F3
:106DA0000000000008003800F001C007001F0018B4
:106DB000001FC007F00138000800000000000000BC
:106DC000000000000000E003F80F180C0C180C186D
:106DD0000018000C000600038001C000C000C000C5
:106DE00000000000C000C000000000000000000023
:106DF0000000000000000000E00718180420C2296D
:106E0000224A114409440944094409221113E20C9D
:106E1000024004201818E0070000000000000000F5
:106E200000000000000080038003C006C006C0060A
:106E3000600C600C301830183018F83FF83F1C70A8
:106E40000C600C6006C006C00000000000000000DE
:106E5000000000000000FC03FC0F0C0C0C180C18C8
:106E60000C180C0CFC07FC0F0C180C300C300C3000
:106E70000C300C18FC1FFC07000000000000000094
:106E8000000000000000C007F01F38381C300C70F4
:106E90000660060006000600060006000600066002
:106EA0000C701C30F01FE007000000000000000024
:106EB000000000000000FE03FE0F060E0618061874
:106EC000063006300630063006300630063006182A
:106ED0000618060EFE0FFE03000000000000000072
:106EE000000000000000FC3FFC3F0C000C000C0008
:106EF0000C000C00FC1FFC1F0C000C000C000C0014
:106F00000C000C00FC3FFC3F0000000000000000F3
:106F1000000000000000F83FF83F180018001800BB
:106F200018001800F81FF81F1800180018001800A3
:106F300018001800180018000000000000000000F1
:106F4000000000000000E00FF83F3C780E6006E013
:106F500007C00300030003FE03FE03C007C006C012
:106F60000EC03CF0F83FE00F000000000000000001
:106F70000000000000000C300C300C300C300C30E5
:106F80000C300C30FC3FFC3F0C300C300C300C3023
:106F90000C300C300C300C30000000000000000001
:106FA000000000000000800180018001800180015C
:106FB00080018001800180018001800180018001C9
:106FC00080018001800180010000000000000000BD
:106FD0000000000000000006000600060006000693
:106FE0000006000600060006000600060006180659
:106FF00018063807F003E001000000000000000060
:1070000000000000000006300618060C0606060305
:107010008601C60066007600DE008E0106030606C5
:10702000060C061806300660000000000000000094
:1070300000000000000018001800180018001800D8
:107040001800180018001800180018001800180080
:1070500018001800F81FF81F0000000000000000D2
:107060000000000000000EE01EF01EF01EF036D8FA
:1070700036D836D836D866CC66CC66CCC6C6C6C638
:10708000C6C6C6C686C386C3000000000000000056
:107090000000000000000C301C303C303C306C30F4
:1070A0006C30CC30CC308C310C330C330C360C368D
:1070B0000C3C0C3C0C380C300000000000000000C0
:1070C000000000000000E007F81F1C380E7006608A
:1070D00003C003C003C003C003C003C003C00660F5
:1070E0000E701C38F81FE0070000000000000000D0
:1070F000000000000000FC0FFC1F0C380C300C30AE
:107100000C300C300C18FC1FFC070C000C000C00A1
:107110000C000C000C000C0000000000000000003F
:10712000000000000000E007F81F1C380E70066029
:1071300003E003C003C003C003C003C007E006634D
:107140000E3F1C3CF83FE0F700C0000000000000CC
:10715000000000000000FE0FFE1F0638063006305B
:1071600006300638FE1FFE0706030606060C061844
:10717000061806300630066000000000000000001F
:10718000000000000000E003F80F1C0C0C180C18A5
:107190000C001C00F803E00F001E0038063006301B
:1071A0000E301C1CF80FE00700000000000000007B
:1071B000000000000000FE7FFE7F80018001800152
:1071C00080018001800180018001800180018001B7
:1071D00080018001800180010000000000000000AB
:1071E0000000000000000C300C300C300C300C3073
:1071F0000C300C300C300C300C300C300C300C30AF
:107200000C301818F81FE007000000000000000014
:1072100000000000000003600630063006300C1845
:107220000C180C18180C180C380E300630067007A5
:1072300060036003C001C001000000000000000006
:107240000000000000000360C361C361C3616633D6
:10725000663366336633663366336C1B6C1B6C1B9C
:107260002C1A3C1E380E380E0000000000000000F2
:107270000000000000000FE00C7018303018700C97
:10728000600EC00780038003C003E006700C301C52
:1072900018180C300E6007E000000000000000002D
:1072A00000000000000003C006600C301C383818D5
:1072B000300C6006E007C00380018001800180017E
:1072C00080018001800180010000000000000000BA
:1072D000000000000000FC7FFC7F00600030001810
:1072E000000C000600038001C000600030001800A0
:1072F0000C000600FE7FFE7F000000000000000082
:10730000000000000000E003E00360006000600097
:10731000600060006000600060006000600060006D
:107320006000600060006000600060006000E003DA
:10733000E0030000000030003000600060006000EA
:10734000C000C000C000C0018001800180010003B6
:10735000000300030006000600000000000000001B
:10736000000000000000E003E0030003000300034E
:1073700000030003000300030003000300030003F5
:107380000003000300030003000300030003E00305
:10739000E003000000000000C001C00160036003C2
:1073A000600330063006180C180C000000000000C6
:1073B00000000000000000000000000000000000CD
:1073C00000000000000000000000000000000000BD
:1073D00000000000000000000000000000000000AD
:1073E000000000000000FFFFFFFF000000000000A1
:1073F0000000000000000C000C000C000C000C0051
:107400000C00000000000000000000000000000070
:10741000000000000000000000000000000000006C
:10742000000000000000000000000000000000005C
:10743000F003F8071C0C0C0C000FF00FF80C0C0CF0
:107440000C0C1C0FF80FF0180000000000000000EA
:1074500000000000000018001800180018001800B4
:10746000D803F80F380C1818181818181818181806
:107470001818380CF80FD8030000000000000000B6
:1074800000000000000000000000000000000000FC
:10749000C003F007300E180C180018001800180070
:1074A000180C300EF007C0030000000000000000C0
:1074B0000000000000000018001800180018001854
:1074C000C01BF01F301C1818181818181818181896
:1074D0001818301CF01FC01B000000000000000046
:1074E000000000000000000000000000000000009C
:1074F000C003F00F300C1818F81FF81F1800180000
:107500003818301CF00FC007000000000000000019
:10751000000000000000800FC00FC000C000C000CD
:10752000F007F007C000C000C000C000C000C000ED
:10753000C000C000C000C00000000000000000004B
:10754000000000000000000000000000000000003B
:10755000E00DF80F180E0C0C0C0C0C0C0C0C0C0C99
:107560000C0C180EF80FE00D000C0C0C1C06F807A4
:10757000F0010000000018001800180018001800A2
:10758000D807F80F381C18181818181818181818D1
:10759000181818181818181800000000000000002B
:1075A000000000000000C000C0000000000000005B
:1075B000C000C000C000C000C000C000C000C000CB
:1075C000C000C000C000C0000000000000000000BB
:1075D000000000000000C000C0000000000000002B
:1075E000C000C000C000C000C000C000C000C0009B
:1075F000C000C000C000C000C000C000C000F80053
:107600007800000000000C000C000C000C000C00C6
:107610000C0C0C060C038C01CC006C00FC009C01D3
:107620008C030C030C060C0C000000000000000092
:10763000000000000000C000C000C000C000C0008A
:10764000C000C000C000C000C000C000C000C0003A
:10765000C000C000C000C00000000000000000002A
:10766000000000000000000000000000000000001A
:107670007C3CFF7EC7E383C183C183C183C183C1D7
:1076800083C183C183C183C10000000000000000EA
:1076900000000000000000000000000000000000EA
:1076A0009807F80F381C18181818181818181818F0
:1076B000181818181818181800000000000000000A
:1076C00000000000000000000000000000000000BA
:1076D000C003F00F300C18181818181818181818BC
:1076E0001818300CF00FC00300000000000000006C
:1076F000000000000000000000000000000000008A
:10770000D803F80F380C1818181818181818181863
:107710001818380CF80FD8031800180018001800B3
:107720001800000000000000000000000000000041
:10773000C01BF01F301C1818181818181818181823
:107740001818301CF01FC01B001800180018001873
:107750000018000000000000000000000000000011
:10776000B007F0037000300030003000300030000F
:107770003000300030003000000000000000000049
:1077800000000000000000000000000000000000F9
:10779000E003F003380E180C3800F003C007000CAB
:1077A000180C380EF007E003000000000000000095
:1077B00000000000000000008000C000C000C00009
:1077C000F007F007C000C000C000C000C000C0004B
:1077D000C000C000C00780070000000000000000DB
:1077E0000000000000000000000000000000000099
:1077F0001818181818181818181818181818181809
:107800001818381CF01FE0190000000000000000EC
:107810000000000000000000000000000000000068
:107820000C18180C180C180C3006300630066003C3
:1078300060036003C001C001000000000000000000
:107840000000000000000000000000000000000038
:10785000C141C141C36163636363636336363636D6
:1078600036361C1C1C1C1C1C000000000000000004
:107870000000000000000000000000000000000008
:107880001C38381C300C6006C003C003C003C003A2
:107890006006300C381C1C3800000000000000009E
:1078A00000000000000000000000000000000000D8
:1078B0001830301830187018600C600CE00CC006DE
:1078C000C00680038003800380018001C001F000B6
:1078D0007000000000000000000000000000000038
:1078E000FC1FFC1F000C000600038001C0006000AC
:1078F00030001800FC1FFC1F00000000000000000A
:1079000000000000000000038001C000C000C000B3
:10791000C000C000C0006000600030006000400097
:10792000C000C000C000C000C000C0008001000353
:1079300000000000000080018001800180018001C2
:10794000800180018001800180018001800180012F
:10795000800180018001800180018001800180011F
:107960008001000000006000C000C00180018001B3
:107970008001800180010003000300060003000174
:10798000800180018001800180018001C0006000D1
:1079900000000000000000000000000000000000E7
:1079A00000000000F010F81F080F000000000000A9
:1079B00000000000000000000000000000000000C7
:1079C00000000000000000000000000000000000B7
:1079D00000000000000000000000000000000000A7
:1079E0000000000000000000000000000000000097
:1079F0000000000000000000000000000000C003C4
:107A0000300C0810042004200240024002400240D2
:107A10000240042004200810300CC00300000000C5
:107A20000000000000000000000000000000C00393
:107A3000F00FF81FFC3FFC3FFE7FFE7FFE7FFE7FC6
:107A4000FE7FFC3FFC3FF81FF00FC003000000006A
:107A50000000000000000000000000000000000026
:107A60000000E007F00F1818181818181818181840
:107A70001818F00FE00700000000000000000000F0
:107A800000000000000000000000000000000000F6
:107A90000000E007F00FF81FF81FF81FF81FF81F8D
:107AA000F81FF00FE00700000000000000000000D9
:107AB00000000000000000000000000000000000C6
:107AC0000000000000000000000000008001C00372
:107AD0006006300C18181818F81FF81F0000000076
:107AE0000000000000000000000000000000000096
:107AF0000000000000000000000000008001C00342
:107B0000E007F00FF81FF81FF81FF81F0000000033
:107B1000000000000000000000000000F81FF81F37
:107B200018181818300C6006C0038001000000000F
:107B30000000000000000000000000000000000045
:107B4000000000000000000000000000F81FF81F07
:107B5000F81FF81FF00FE007C003800100000000CD
:107B60000000000000000000000000000000000015
:107B70000000000000000000000000000000000005
:107B80000000E001F00198018C01860186018C0162
:107B90009801F001E001000000000000000000007A
:107BA00000000000000000000000000000000000D5
:107BB0000000E001F001F801FC01FE01FE01FC0102
:107BC000F801F001E00100000000000000000000EA
:107BD00000000000000000000000000000000000A5
:107BE00000008007800F80198031806180618031C2
:107BF0008019800F800700000000000000000000D6
:107C00000000000000000000000000000000000074
:107C100000008007800F801F803F807F807F803F33
:107C2000801F800F8007000000000000000000009F
:107C3000000000000000C0012002200240013006C8
:107C400008080808080808080808080808082002A2
:107C50002002200220022002200220022002200214
:107C6000200200000000C001E003E003C001F007B3
:107C7000D80DD80DD80DD80DD80DD80DD80D60035E
:107C800060036003600360036003600360036003DC
:107C9000600300000000C001200220024001300605
:107CA00008080808080804100220022040012002E9
:107CB00020021004080808080410041004200440DE
:107CC000000000000000C001E003E003C001F00775
:107CD000D80DD80DD80DCC19C631C261C0016003D2
:107CE00060037006380C180C0C180C180C300C6063
:107CF0000000000003600000000000001000800A87
:107D0000F4670802100018007000000059E2070232
:107D1000751F0000200000000000000000000000AF
:107D20000000000000000000000000000000000053
:107D30000000000000000000000000000000000043
:107D4000FFFFFFFFFFFFFFFFFFFFFFFFFFFFFFFF43
:107D50000000000000000000000000000000FFFF25
:107D6000FFFFFFFFFFFFFFFFFFFFFFFFFFFFFFFF23
:107D7000FFFF00000000000000000000FFFFFFFF09
:107D8000FFFFFFFFFFFFFFFFFFFFFFFFFFFFFFFF03
:107D9000FFFFFFFF000000000000FFFFFFFFFFFFED
:107DA000FFFFFFFFFFFFFFFFFFFFFFFFFFFFFFFFE3
:107DB000FFFFFFFFFFFF00000000FFFFFFFFFFFFCF
:107DC000FFFFFFFFFFFFFFFFFFFFFFFFFFFFFFFFC3
:107DD000FFFFFFFFFFFF00000000FFFFFFFFFFFFAF
:107DE000FFFFFFFFFFFFFFFFFFFFFFFFFFFFFFFFA3
:107DF000FFFFFFFFFFFF00000000FFFFFFFFFFFF8F
:107E0000FFFFFFFFFFFFFFFFFFFFFFFFFFFFFFFF82
:107E1000FFFFFFFFFFFF00000000FFFFFFFFFFFF6E
:107E2000FFFFFFFFFFFFFFFFFFFFFFFFFFFFFFFF62
:107E3000FFFFFFFFFFFF00000000FFFFFFFFFFFF4E
:107E4000FFFFFFFFFFFFFFFFFFFFFFFFFFFFFFFF42
:107E5000FFFFFFFFFFFF00000000FFFFFFFFFFFF2E
:107E6000FFFFFFFFFFFFFFFFFFFFFFFFFFFFFFFF22
:107E7000FFFFFFFFFFFF00000000FFFFFFFFFFFF0E
:107E8000FFFFFFFFFFFFFFFFFFFFFFFFFFFFFFFF02
:107E9000FFFFFFFFFFFF000000000000FFFFFFFFEC
:107EA000FFFFFFFFFFFFFFFFFFFFFFFFFFFFFFFFE2
:107EB000FFFFFFFF00000000000000000000FFFFC8
:107EC000FFFFFFFFFFFFFFFFFFFFFFFFFFFFFFFFC2
:107ED000FFFF0000000000000000000000000000A4
:107EE000FFFFFFFFFFFFFFFFFFFFFFFFFFFFFFFFA2
:107EF0000000000000000000000000000000000082
:107F00000000000000000000000000000000000071
:107F10000000000000000000030800000000000056
:107F200010001000187D0802036600000000000029
:107F300010001000387F0802000000000000000060
:107F40000000000000000000000000001377C9EDF1
:107F5000EFD1841E0000000000000040D5FFFFFFAD
:107F6000FFFFFFE15500000000003DF1FFFFFFFFB4
:107F7000FFFFFFFFFB560000000FD4FFFFFFFFFFD6
:107F8000FFFFFFFFFFE82000006BFFFFFFFFFFFF89
:107F9000FFFFFFFFFFFF8F0000BEFFFFFFFFFFFFA0
:107FA000FFFFFFFFFFFFDE0000E1FFFFFFFFFFFF1E
:107FB000FFFFFFFFFFFFFA0000E1FFFFFFFFFFFFF2
:107FC000FFFFFFFFFFFFFA0000BDFFFFFFFFFFFF06
:107FD000FFFFFFFFFFFFDD00006AFFFFFFFFFFFF66
:107FE000FFFFFFFFFFFF8D00000FD3FFFFFFFFFF2D
:107FF000FFFFFFFFFFE71F0000003BF0FFFFFFFF59
:10800000FFFFFFFFFA5400000000003ED3FFFFFF18
:10801000FFFFFFE052000000000000001273C6EAFC
:10802000ECCE811C000000000000000000000000F9
:10803000000000000000000001000000000000003F
:108040000200000003000000040000000200000025
:1080500079E40702DDE807020000000001FF0203E7
:1080600004D4D4D444570802E5550802245B08021E
:10807000F75E08022C2A2B04093611F03AB4B6B781
:10808000B9C0C1C2C5E8E0E1352129D40000000033
:108090007800000000000000000000000000000068
:1080A000000000007A8008020000000000000000CC
:1080B00000000000000000000000000000000000C0
:1080C0007800000000000000000000000000000038
:1080D000000000007B80080201C3000000000000D7
:1080E0000000000000000000000000007B8008028B
:1080F00001960000000000000000000000000000E9
:108100000000000079800802014800000000000023
:108110000000000000000000000000007C80080259
:1081200001550000000000000000000000000000F9
:10813000000000007D800802010100000000000036
:108140000000000000000000000000007E80080227
:10815000038A073B00000000000000000000000050
:10816000000000007F80080201C60000000000003F
:1081700000000000000000000000000080800802F5
:108180000202E0000000000000000000000000000B
:10819000000000008180080202C0640000000000AE
:1081A00000000000000000000000000082800802C3
:1081B000011D0000000000000000000000000000A1
:1081C000000000008380080201A7000000000000FA
:1081D0000000000000000000000000008480080291
:1081E0000118000000000000000000000000000076
:1081F000000000008580080208408A00002919A5B7
:10820000330000000000000000000000868008022B
:108210000EF00B12090A2639544E3813132E34006F
:1082200000000000878008020EF010150D0C0738C2
:10823000434D3A16153035000000000088800802D2
:10824000010000000000000000000000000000002D
:10825000000000008980080200000000000000000B
:10826000000000000000000000000000758008020F
:10827000040000010E0000000000000000000000EB
:10828000000000007680080204000001DF0000000A
:108290000000000000000000000000007B800802D9
:1082A000013C000000000000000000000000000091
:1082B000000000007B80080201690000000000004F
:1082C0000000000000000000000000008A8008029A
:1082D000000000000000000000000000000000009E
:1082E000000000000904000000D4D4D47680080205
:1082F0007680080275800802DE00DE00E001E00101
:10830000E001DE0060670422CC00C0000000002015
:10831000FF0000203003FF0000000000E007010024
:108320007067042200000000DE00E001300400203D
:10833000DE001E000834000008010000D073042293
:108340000800000008000800E5010000000000002F
:10835000000000000000000000000000000000001D
:10836000CD0708020000000000000000000000002F
:108370000000000000000000000000007C740422E7
:10838000BC8408024885080201000000090A0000B8
:10839000D9090802000000008474042288830802BE
:1083A0003485080200000000DFFF0000000000002C
:1083B00000000000A0740422A4830802348508028F
:1083C00000000000000000000000000000000000AD
:1083D000000000000000000000000000000000009D
:1083E0000000FFFFFFFFFFFFDFDFDFDFDFDF000059
:1083F000000000000000000000000000000000007D
:10840000000000000000000000000000000000006C
:10841000000000000000000000000000400D03000C
:1084200000000000A0860100010E0800290A0802D1
:1084300000000000C0830802BC74042218840802F3
:108440008485080200010000106804220F00FFFF6D
:108450000000000101000000090200000C040C05EE
:108460000C060C0700000000000000003F0A080294
:108470000000000044840802DC74042258840802CE
:10848000DC8408020204000000D4D4D408000102F5
:10849000030B0B0C0C0000000100000000000000AA
:1084A00000000000B7FE07020000000084840802FC
:1084B000107504228C8408021C850802000000004C
:1084C0000000000000000000FC02FD02FE02FF02AE
:1084D000030304030503060390015C00650A080218
:1084E0007F0D0802890D0802D50D0802070E08024B
:1084F000150E08024F0E08025D0E0802490F080211
:10850000570F08025B0F0802060000000800000079
:1085100003000000050000000A0000000912080224
:10852000BB140802C5140802CD140802D1140802B5
:10853000DF140802C718080259190802691908024D
:10854000711908027F190802551A08026B1A0802ED
:10855000751A0802811A0802351B08025D1B080201
:10856000AF1B0802D11B0802FB1B0802291C0802D2
:10857000431C0802651C08027D1C08020204030457
:108580000404D4D4311E0802BD210802C721080208
:10859000D1210802DB210802112208022F22080241
:1085A000492208024D22080269220802F12208022B
:1085B0000523080213230802000000680000006879
:1085C00000000080000000800000007000000070CB
:1085D00020680422206804220B000000F0850802B5
:1085E000190000007486080204000000B885080223
:1085F00000000068000000680001000D0000006835
:10860000000000680001000D0000008000000080F4
:108610000001000800000080000000800001000848
:1086200000000070000000700001000A00000070EF
:10863000000000700001000A2251000022510000D9
:1086400000000006E88A0020E88A002000000007F9
:1086500020680422206804220000000350680422DD
:10866000E475042200000003E4750422E875042286
:108670000000000300000068000000680000009097
:108680000001090D0000006800000068000000788B
:1086900000010B0D000000680000006800000027CA
:1086A0000001020D0000006800000068688C0702ED
:1086B0000001010D0000008000000080000000901B
:1086C0000001090800000080000000800000007820
:1086D00000010B080000008000000080000000275F
:1086E000000102080000008000000080688C070282
:1086F0000001010800000070000000700000009000
:108700000001090A000000700000007000000078FD
:1087100000010B0A0000007000000070000000273C
:108720000001020A0000007000000070688C07025F
:108730000001010A0000000000000000000000909D
:1087400000010906000000000000000000000078A1
:1087500000010B06000000000000000000000027E0
:10876000000002060000000022510000688C070291
:108770000000010600000020000000200000009022
:108780000001090700000020000000200000007820
:1087900000010B070000002000000020000000275F
:1087A0000000020700000020000000208ADD070210
:1087B0000000010700660422006604220000009009
:1087C000000109030066042200660422000000780C
:1087D00000010B030066042200660422000000274B
:1087E00000000203006604221468042290DD0702E0
:1087F00000000103E4750422E4750422A4DF0702EB
:108800000000010301000200080010002000D4D481
:1088100000000000920E493CB10AC93C2BC3163D32
:108820002EFB483D752B7B3D04A9963D80B6AF3DA0
:1088300036BDC83D2FBCE13D73B2FA3D87CF093E3E
:108840008340163EB5AB223EA2102F3ECF6E3B3E7C
:10885000C2C5473E0115543E135C603E7F9A6C3E94
:10886000CCCF783EC07D823E938E883E229A8E3E4B
:1088700032A0943E86A09A3EE59AA03E128FA63E74
:10888000D47CAC3EEF63B23E2A44B83E491DBE3EA6
:1088900015EFC33E53B9C93ECA7BCF3E4136D53EE4
:1088A00080E8DA3E4F92E03E7533E63EBBCBEB3ECE
:1088B000EA5AF13ECBE0F63E275DFC3EE4E7003F9E
:1088C0003D9C033F824B063F9BF5083F6B9A0B3F55
:1088D000DA390E3FCDD3103F2A68133FD9F6153F42
:1088E000C07F183FC6021B3FD17F1D3FCBF61F3F05
:1088F0009967223F25D2243F5636273F1594293FBA
:108900004AEB2B3FDE3B2E3FBB85303FC9C8323F91
:10891000F304353F233A373F4268393F3B8F3B3FB3
:10892000F9AE3D3F67C73F3F70D8413F01E2433F4B
:1089300003E4453F65DE473F12D1493FF8BB4B3F5B
:10894000029F4D3F207A4F3F3D4D513F4918533FC5
:1089500031DB543FE595563F5348583F6AF2593F43
:108960001A945B3F532D5D3F05BE5E3F2146603F3D
:1089700097C5613F5A3C633F59AA643F880F663FE1
:10898000D86B673F3CBF683FA7096A3F0C4B6B3F02
:108990005E836C3F93B26D3F9ED86E3F73F56F3F21
:1089A0000809713F5213723F4714733FDD0B743F48
:1089B0000BFA743FC6DE753F07BA763FC58B773F2B
:1089C000F853783F9812793F9DC7793F02737A3FF9
:1089D000BE147B3FCDAC7B3F283B7C3FC9BF7C3F77
:1089E000AC3A7D3FCCAB7D3F23137E3FB0707E3FE2
:1089F0006DC47E3F580E7F3F6D4E7F3FAB847F3FFF
:108A00000FB17F3F97D37F3F43EC7F3F11FB7F3F09
:108A10000000803F11FB7F3F43EC7F3F97D37F3FB8
:108A20000FB17F3FAB847F3F6D4E7F3F580E7F3F3E
:108A30006DC47E3FB0707E3F23137E3FCCAB7D3F45
:108A4000AC3A7D3FC9BF7C3F283B7C3FCDAC7B3FF0
:108A5000BE147B3F02737A3F9DC7793F9812793FDE
:108A6000F853783FC58B773F07BA763FC6DE753F30
:108A70000BFA743FDD0B743F4714733F5213723F80
:108A80000809713F73F56F3F9ED86E3F93B26D3FFB
:108A90005E836C3F0C4B6B3FA7096A3F3CBF683F4E
:108AA000D86B673F880F663F59AA643F5A3C633FC3
:108AB00097C5613F2146603F05BE5E3F532D5D3F38
:108AC0001A945B3F6AF2593F5348583FE595563F29
:108AD00031DB543F4918533F3D4D513F207A4F3FC2
:108AE000029F4D3FF8BB4B3F12D1493F65DE473FE8
:108AF00003E4453F01E2433F70D8413F67C73F3F32
:108B0000F9AE3D3F3B8F3B3F4268393F233A373F09
:108B1000F304353FC9C8323FBB85303FDE3B2E3FB3
:108B20004AEB2B3F1594293F5636273F25D2243F49
:108B30009967223FCBF61F3FD17F1D3FC6021B3FE7
:108B4000C07F183FD9F6153F2A68133FCDD3103F99
:108B5000DA390E3F6B9A0B3F9BF5083F824B063F7D
:108B60003D9C033FE4E7003F275DFC3ECBE0F63E43
:108B7000EA5AF13EBBCBEB3E7533E63E4F92E03E08
:108B800080E8DA3E4136D53ECA7BCF3E53B9C93E76
:108B900015EFC33E491DBE3E2A44B83EEF63B23EC8
:108BA000D47CAC3E128FA63EE59AA03E86A09A3EAB
:108BB00032A0943E229A8E3E938E883EC07D823EA5
:108BC000CCCF783E7F9A6C3E135C603E0115543EDC
:108BD000C2C5473ECF6E3B3EA2102F3EB5AB223EF4
:108BE0008340163E87CF093E73B2FA3D2FBCE13D6C
:108BF00036BDC83D80B6AF3D04A9963D752B7B3D83
:108C00002EFB483D2BC3163DB10AC93C920E493C90
:108C100000000000920E49BCB10AC9BC2BC316BDAE
:108C20002EFB48BD752B7BBD04A996BD80B6AFBD9C
:108C300036BDC8BD2FBCE1BD73B2FABD87CF09BE3A
:108C4000834016BEB5AB22BEA2102FBECF6E3BBE78
:108C5000C2C547BE011554BE135C60BE7F9A6CBE90
:108C6000CCCF78BEC07D82BE938E88BE229A8EBE47
:108C700032A094BE86A09ABEE59AA0BE128FA6BE70
:108C8000D47CACBEEF63B2BE2A44B8BE491DBEBEA2
:108C900015EFC3BE53B9C9BECA7BCFBE4136D5BEE0
:108CA00080E8DABE4F92E0BE7533E6BEBBCBEBBECA
:108CB000EA5AF1BECBE0F6BE275DFCBEE4E700BF9A
:108CC0003D9C03BF824B06BF9BF508BF6B9A0BBF51
:108CD000DA390EBFCDD310BF2A6813BFD9F615BF3E
:108CE000C07F18BFC6021BBFD17F1DBFCBF61FBF01
:108CF000996722BF25D224BF563627BF159429BFB6
:108D00004AEB2BBFDE3B2EBFBB8530BFC9C832BF8D
:108D1000F30435BF233A37BF426839BF3B8F3BBFAF
:108D2000F9AE3DBF67C73FBF70D841BF01E243BF47
:108D300003E445BF65DE47BF12D149BFF8BB4BBF57
:108D4000029F4DBF207A4FBF3D4D51BF491853BFC1
:108D500031DB54BFE59556BF534858BF6AF259BF3F
:108D60001A945BBF532D5DBF05BE5EBF214660BF39
:108D700097C561BF5A3C63BF59AA64BF880F66BFDD
:108D8000D86B67BF3CBF68BFA7096ABF0C4B6BBFFE
:108D90005E836CBF93B26DBF9ED86EBF73F56FBF1D
:108DA000080971BF521372BF471473BFDD0B74BF44
:108DB0000BFA74BFC6DE75BF07BA76BFC58B77BF27
:108DC000F85378BF981279BF9DC779BF02737ABFF5
:108DD000BE147BBFCDAC7BBF283B7CBFC9BF7CBF73
:108DE000AC3A7DBFCCAB7DBF23137EBFB0707EBFDE
:108DF0006DC47EBF580E7FBF6D4E7FBFAB847FBFFB
:108E00000FB17FBF97D37FBF43EC7FBF11FB7FBF05
:108E1000000080BF11FB7FBF43EC7FBF97D37FBFB4
:108E20000FB17FBFAB847FBF6D4E7FBF580E7FBF3A
:108E30006DC47EBFB0707EBF23137EBFCCAB7DBF41
:108E4000AC3A7DBFC9BF7CBF283B7CBFCDAC7BBFEC
:108E5000BE147BBF02737ABF9DC779BF981279BFDA
:108E6000F85378BFC58B77BF07BA76BFC6DE75BF2C
:108E70000BFA74BFDD0B74BF471473BF521372BF7C
:108E8000080971BF73F56FBF9ED86EBF93B26DBFF7
:108E90005E836CBF0C4B6BBFA7096ABF3CBF68BF4A
:108EA000D86B67BF880F66BF59AA64BF5A3C63BFBF
:108EB00097C561BF214660BF05BE5EBF532D5DBF34
:108EC0001A945BBF6AF259BF534858BFE59556BF25
:108ED00031DB54BF491853BF3D4D51BF207A4FBFBE
:108EE000029F4DBFF8BB4BBF12D149BF65DE47BFE4
:108EF00003E445BF01E243BF70D841BF67C73FBF2E
:108F0000F9AE3DBF3B8F3BBF426839BF233A37BF05
:108F1000F30435BFC9C832BFBB8530BFDE3B2EBFAF
:108F20004AEB2BBF159429BF563627BF25D224BF45
:108F3000996722BFCBF61FBFD17F1DBFC6021BBFE3
:108F4000C07F18BFD9F615BF2A6813BFCDD310BF95
:108F5000DA390EBF6B9A0BBF9BF508BF824B06BF79
:108F60003D9C03BFE4E700BF275DFCBECBE0F6BE3F
:108F7000EA5AF1BEBBCBEBBE7533E6BE4F92E0BE04
:108F800080E8DABE4136D5BECA7BCFBE53B9C9BE72
:108F900015EFC3BE491DBEBE2A44B8BEEF63B2BEC4
:108FA000D47CACBE128FA6BEE59AA0BE86A09ABEA7
:108FB00032A094BE229A8EBE938E88BEC07D82BEA1
:108FC000CCCF78BE7F9A6CBE135C60BE011554BED8
:108FD000C2C547BECF6E3BBEA2102FBEB5AB22BEF0
:108FE000834016BE87CF09BE73B2FABD2FBCE1BD68
:108FF00036BDC8BD80B6AFBD04A996BD752B7BBD7F
:109000002EFB48BD2BC316BDB10AC9BC920E49BC8C
:1090100000000080000000000200000001000000CD
:1090200003000000D4D4D4D40000000000000000ED
:109030000000000000000010000000000000000020
:10904000B9340332B7F4AD1410DB1AB30892540EDE
:109050000D307D951447BA1A66088F4D26ADC66D42
:10906000F598BF85E2B74511CA96853D92BD1DEBC7
:10907000FCA11860DCEF52163C92AE220BB8C1B4D2
:10908000839D2D5B0562DA1C304C7E8F4E8BB25B6C
:1090900016F4529F8B56A512FBD4827643ED8AF0CC
:1090A0008FE7F9311565191850F19BD94A13EEB4C1
:1090B000284CF0A686C1251F035FC270CB9E4916BF
:1090C000E642889C44EB2014B0650836AD6EA58559
:1090D00085F0CA14E2FD031A0B899979D5B13D09CF
:1090E000D8DA973A35EBCF10AC363F5E73BB38CF4A
:1090F0003E6752FA44AFBA150100000000000000BC
:109100000500000000000000190000000000000041
:109110007D0000000000000071020000000000005F
:10912000350C000000000000093D000000000000B8
:109130002D31010000000000E1F5050000000000F5
:1091400065CD1D0000000000F90295000000000040
:10915000DD0EE90200000000514A8D0E0000000003
:109160009573C24800000000E941CC6B010000008B
:109170008D49FD1A07000000C16FF2862300000030
:10918000C52EBCA2B1000000D9E9AC2D78030000C7
:109190003D9160E45811000031D6E275BC560000E4
:1091A000F52E6E4DAEB10100C9EA2683677808003E
:1091B000ED95C28F055A2A00A1EDCCCE1BC2D3007B
:1091C00025A4000A8BCA2204000000000000000051
:1091D000000000000000000000000040955969599F
:1091E00055555455155555560405154110545540BF
:1091F0004551554440455044505555450040004068
:1092000040044496655556554540455451411540D6
:10921000559155555555405105010000D4D4D4D42D
:10922000010000000000000000000000000000201D
:10923000345065C05FC9A652BB13CBAEC440C21840
:1092400006C8DF7100D5A87CF56F0FDA58FC27132C
:109250006E4756357D24206502C7E768E48CA41D5F
:10926000E9E60268D7CD39617977FCC2405BEF1639
:10927000798CDE43FFA751F991F3B278F5BDBE11A9
:10928000E857E9D6E8BEE87BB054AC8F848D751BF7
:10929000EA23A499E9F9D38BB7A3714061DA3E15AB
:1092A000CEE33ECB73F948088C97B427D51B7010DA
:1092B000A2BFEFB9EB8532154DB44DB49BBB6F190E
:1092C00096B6076CF8E7EEAD36D9B4F59135AE1326
:1092D000222218AF4E6A684D91DAAA3D4F40741EA3
:1092E0009FBD9EE006A1C09857C2A7FDA40E90178F
:1092F0000E7D497173E3208FB220D87605143B129E
:10930000853D7434811343B0AD297A5F27F4351C51
:1093100054455454455505040010041014044000ED
:10932000000001405555154154040000440001005F
:109330000000004041000044504445505400555541
:109340005455655100400040010000010005010036
:109350001154515154555505001541500000044019
:10936000100104050000000000000406362E342E13
:1093700030004275696C7420776974682052656E9C
:109380006573617320416476616E63656420466C29
:10939000657869626C6520536F66747761726520C9
:1093A0005061636B6167652076657273696F6E20CB
:0693B000362E342E3000C1
:0493B80008000000A9
:0400000502082919AB
:00000001FF
