:020000040200F8
:100000004004012221620002F16000021930000266
:10001000316200023162000231620002316200028C
:10002000000000000000000000000000316200023B
:100030001928000200000000316200023162000253
:100040002146000251450002F946000281470002A4
:04005000A9580002A9
:100054000100000000000300C9330002E93300027C
:1000640000000000000018D800000000000000009C
:0F00740000000100400900000F00000000000222
:100090000146002002F038BD83B010B581B084461F
:1000A00003A840F27044C2F202240EC003AB4FF426
:1000B000807120466246009307F0CFFF0020214662
:1000C00002F022FD49F248310020C0F2002102F086
:1000D0001BFD01B0BDE8104003B07047D4D4D4D4A8
:1000E00082B080B582B08C460146CDE9042304ABD2
:1000F00000206246019300F007F802B0BDE880409E
:1001000002B07047D4D4D4D4F0B581B049F61414F9
:100110000E46C0F200241F46154654F82010002059
:1001200002F0F2FC56B10020314602F0EDFC48F638
:1001300082710020C0F2002102F0E6FC49F2F95180
:100140000020C0F2002102F0DFFC40F270464FF4C4
:100150008071C2F202262A4630463B4607F07DFFF8
:1001600040F200003146C2F200200478002002F084
:10017000CBFC4CB149F248310020C0F2002101B063
:10018000BDE8F04002F0C0BC01B0F0BDD4D4D4D47E
:1001900082B080B582B08C460146CDE9042304AB21
:1001A000022062460193FFF7AFFF02B0BDE8804036
:1001B00002B07047D4D4D4D482B080B582B08C461B
:1001C0000146CDE9042304AB032062460193FFF707
:1001D0009BFF02B0BDE8804002B07047D4D4D4D4B5
:1001E0002DE9F04381B04EF61450CEF200000168C4
:1001F000C90304D448F68470C0F2002030E0002126
:100200000167BFF34F8F016843F6E07721F4803137
:100210000160BFF34F8FC26EC2F34E31D308C2F3F9
:10022000C902561C9A074B0103EA070546F001E094
:10023000154400BF00BF00BFC0F8605205F1404543
:100240000FF007C00029A1F10101A3F12003EBD1B8
:10025000BFF34F8FBFF36F8F49F61E00C0F200202F
:1002600003F02EF84FF4806E40F240410020C2F2BD
:10027000012100BF00BF00BF41F8040B01300FF0A7
:1002800005C849F6B8104FF0F041C0F200204FF415
:1002900080524FF0F0470468204604F06DFC4FF4A4
:1002A0007A6003F0D5F902F0CFF902F099FA40F242
:1002B000404580468946C2F20125402600BF00BF66
:1002C0004023204629463A4604F0C6FB4FF47A60A4
:1002D00003F0BEF9013E05F1400507F14007EFD1FB
:1002E00002F0B2F902F07CFA81EA090280EA08031E
:1002F0001A4306D149F2FD60C0F2002002F0E0FF8F
:100300001DE0B0EB080061EB090106F087F900EE93
:10031000100A9FED0E1A81EE000A9FED0D1A49F6A4
:100320002E0020EE010A9FED0B1AC0F2002020EEF5
:10033000010AB7EEC00A53EC102B06F012FD00F0D4
:100340000BF8002001B0BDE8F08300BF000080453D
:10035000002474490000803A2DE9F04F81B02DED62
:10036000028B8AB04EF20001CEF20101086820F043
:1003700004000860BFF34F8FBFF36F8F08680190D0
:100380000198400700F1A2804EF68057CEF2000798
:1003900057F86C0CC0032FD400207860BFF34F8F48
:1003A000396843F6E073C1F34E30CA08C1F3C9019E
:1003B0004E1C9107420100BF02EA030546F001E02E
:1003C0000D4400BF00BF00BFC7F8E05105F1404534
:1003D0000FF007C00028A0F10100A2F12002EBD12C
:1003E000BFF34F8F57F86C0C40F4803047F86C0C1B
:1003F000BFF34F8FBFF36F8F49F2DF00C0F20020D1
:1004000002F05EFF00207860BFF34F8F396843F63B
:10041000E073C1F34E30CA08C1F3C9014E1C910705
:10042000420100BF00BF00BF02EA030546F001E041
:100430000D4400BF00BF00BFC7F8E05105F14045C3
:100440000FF007C00028A0F10100A2F12002EBD1BB
:10045000BFF34F8FBFF36F8F02F0F6F802F0C0F9D1
:100460000DF1200BCBE9000102F0EEF80DF11008C0
:100470004FF4803EC8E9000140F20000C2F20000E3
:100480004FF0F04100BF00BF11F8012B00F8012B25
:100490000FF007C002F0D8F80DF10809C9E9000112
:1004A00002F0D2F802F09CF906ACC4E90001DBE9E5
:1004B0000001D4E900235940504008430CD149F2CF
:1004C000FD60C0F2002002F0FBFE47E049F2A00010
:1004D000C0F2002002F03CB8D4E90001DBE90023BF
:1004E000801A994106F09AF800EE100A9FED981ACA
:1004F00081EE000A9FED971A48F6E97020EE010A96
:100500009FED951AC0F2002020EE010A20EE018A2C
:1005100006F027FCD9E90001D8E90023821A49F244
:100520004B3061EB0303C0F2002006F01AFCD4E963
:100530000001DBE90023821A49F2FF0061EB0303AB
:10054000C0F2002006F00DFCB7EEC80A49F2605078
:10055000C0F2002053EC102B06F003FC0020786062
:10056000BFF34F8F396843F6E073C1F34E30CA08CA
:10057000C1F3C9014E1C9107420100BF00BF00BF7B
:1005800002EA030546F001E00D4400BF00BF00BFD2
:10059000C7F8E05105F140450FF007C00028A0F171
:1005A0000100A2F12002EBD1BFF34F8FBFF36F8F99
:1005B00002F04AF802F014F9CBE9000102F044F825
:1005C000C8E900014FF4004E40F20000C2F2000002
:1005D0004FF0F04100BF00BF31F8022B20F8022B92
:1005E0000FF007C002F030F8C9E9000102F02CF862
:1005F00002F0F6F8C4E90001DBE90001D4E90023C8
:1006000059405040084306D149F2FD60C0F2002035
:1006100002F056FE41E0D4E90001DBE90023801A34
:10062000994105F0FBFF00EE100A9FED491A81EE9B
:10063000000A9FED481A49F2C33020EE010A9FEDEF
:10064000461AC0F2002020EE010A20EE018A06F0D0
:1006500088FBD9E90001D8E90023821A49F24B301E
:1006600061EB0303C0F2002006F07BFBD4E900013C
:10067000DBE90023821A49F2FF0061EB0303C0F2B9
:10068000002006F06EFBB7EEC80A49F26050C0F2D7
:10069000002053EC102B06F064FB00207860BFF3C1
:1006A0004F8F396843F6E073C1F34E30CA08C1F387
:1006B000C9014E1C9107420102EA030546F001E020
:1006C0000D4400BF00BF00BFC7F8E05105F1404531
:1006D0000FF007C00028A0F10100A2F12002EBD129
:1006E000BFF34F8FBFF36F8F01F0AEFF02F078F8CA
:1006F000CBE9000101F0A8FFC8E900014FF4804EEA
:1007000040F20000C2F200004FF0F04100BF00BF15
:1007100051F8042B40F8042B0FF007C001F094FFB0
:10072000C9E9000101F090FF02F05AF8C4E90001A4
:10073000DBE90001D4E900235940504008430DD1C2
:1007400049F2FD60C0F2002002F0BAFD48E000BFAF
:1007500000008047002474490000803AD4E9000179
:10076000DBE90023801A994105F058FF00EE100ADA
:100770001FED091A81EE000A1FED0A1A49F22370D3
:1007800020EE010A1FED0C1AC0F2002020EE010A33
:1007900020EE018A06F0E5FAD9E90001D8E9002344
:1007A000821A49F24B3061EB0303C0F2002006F0DD
:1007B000D8FAD4E90001DBE90023821A49F2FF00EC
:1007C00061EB0303C0F2002006F0CBFAB7EEC80AD3
:1007D00049F26050C0F2002053EC102B06F0C1FA31
:1007E00000207860BFF34F8F396843F6E073C1F3A0
:1007F0004E30CA08C1F3C9014E1C9107420100BF27
:1008000002EA030546F001E00D4400BF00BF00BF4F
:10081000C7F8E05105F140450FF007C00028A0F1EE
:100820000100A2F12002EBD1BFF34F8FBFF36F8F16
:1008300001F00AFF01F0D4FFCBE9000101F004FF51
:10084000C8E900014FF4005E40F2000AC2F2000A5B
:100850004FF0F040514600BFF0E80223E1E80223E8
:100860000FF007C001F0F0FEC9E9000101F0ECFE55
:1008700001F0B6FFC4E90001DBE90001D4E900237F
:1008800059405040084306D149F2FD60C0F20020B3
:1008900002F016FD41E0D4E90001DBE90023801AF3
:1008A000994105F0BBFE00EE100A1FED571A81EECC
:1008B000000A1FED581A49F2753020EE010A1FEDAB
:1008C0005A1AC0F2002020EE010A20EE018A06F03A
:1008D00048FAD9E90001D8E90023821A49F24B30DD
:1008E00061EB0303C0F2002006F03BFAD4E90001FB
:1008F000DBE90023821A49F2FF0061EB0303C0F237
:10090000002006F02EFAB7EEC80A49F26050C0F295
:10091000002053EC102B06F024FA49F64810C0F2E0
:100920000020006806F017FA00207860BFF34F8FB0
:10093000396843F6E073C1F34E30CA08C1F3C90108
:100940004E1C9107420100BF02EA030546F001E098
:100950000D4400BF00BF00BFC7F8E05105F140459E
:100960000FF007C00028A0F10100A2F12002EBD196
:10097000BFF34F8FBFF36F8F01F066FE01F030FFC2
:10098000CBE9000101F060FEC8E900014FF4803EB0
:1009900040F24040C2F201204FF0F04100BF00BFE2
:1009A00011F8012B00F8012B0FF007C001F04CFEED
:1009B000C9E9000101F048FE01F012FFC4E900019D
:1009C000DBE90001D4E9002359405040084306D137
:1009D00049F2FD60C0F2002002F072FC41E0D4E96F
:1009E0000001DBE90023801A994105F017FE00EEB3
:1009F000100A1FEDA91A81EE000A1FEDAA1A49F28A
:100A0000DB7020EE010A1FEDAC1AC0F2002020EED0
:100A1000010A20EE018A06F0A4F9D9E90001D8E91B
:100A20000023821A49F24B3061EB0303C0F200202D
:100A300006F097F9D4E90001DBE90023821A49F2B4
:100A4000FF0061EB0303C0F2002006F08AF9B7EE65
:100A5000C80A49F26050C0F2002053EC102B06F097
:100A600080F900207860BFF34F8F396843F6E07358
:100A7000C1F34E30CA08C1F3C9014E1C91074201AF
:100A800002EA030546F001E00D4400BF00BF00BFCD
:100A9000C7F8E05105F140450FF007C00028A0F16C
:100AA0000100A2F12002EBD1BFF34F8FBFF36F8F94
:100AB00001F0CAFD01F094FECBE9000101F0C4FD94
:100AC000C8E900014FF4004E40F24040C2F201205C
:100AD0004FF0F04100BF00BF31F8022B20F8022B8D
:100AE0000FF007C001F0B0FDC9E9000101F0ACFD55
:100AF00001F076FEC4E90001DBE90001D4E900233E
:100B000059405040084306D149F2FD60C0F2002030
:100B100002F0D6FB41E0D4E90001DBE90023801AB2
:100B2000994105F07BFD00EE100A9FEDE51A81EE7C
:100B3000000A9FEDE41A49F2921020EE010A9FED9F
:100B4000E21AC0F2002020EE010A20EE018A06F02F
:100B500008F9D9E90001D8E90023821A49F24B309B
:100B600061EB0303C0F2002006F0FBF8D4E90001BA
:100B7000DBE90023821A49F2FF0061EB0303C0F2B4
:100B8000002006F0EEF8B7EEC80A49F26050C0F255
:100B9000002053EC102B06F0E4F800207860BFF33F
:100BA0004F8F396843F6E073C1F34E30CA08C1F382
:100BB000C9014E1C9107420102EA030546F001E01B
:100BC0000D4400BF00BF00BFC7F8E05105F140452C
:100BD0000FF007C00028A0F10100A2F12002EBD124
:100BE000BFF34F8FBFF36F8F01F02EFD01F0F8FDC3
:100BF000CBE9000101F028FDC8E900014FF4804E67
:100C000040F24040C2F201204FF0F04100BF00BF6F
:100C100051F8042B40F8042B0FF007C001F014FD2D
:100C2000C9E9000101F010FD01F0DAFDC4E900019D
:100C3000DBE90001D4E9002359405040084306D1C4
:100C400049F2FD60C0F2002002F03AFB41E0D4E935
:100C50000001DBE90023801A994105F0DFFC00EE7A
:100C6000100A9FED971A81EE000A9FED961A49F23D
:100C7000DD4020EE010A9FED941AC0F2002020EE24
:100C8000010A20EE018A06F06CF8D9E90001D8E9E2
:100C90000023821A49F24B3061EB0303C0F20020BB
:100CA00006F05FF8D4E90001DBE90023821A49F27B
:100CB000FF0061EB0303C0F2002006F052F8B7EE2C
:100CC000C80A49F26050C0F2002053EC102B06F025
:100CD00048F800207860BFF34F8F396843F6E0731F
:100CE000C1F34E30CA08C1F3C9014E1C910742013D
:100CF00002EA030546F001E00D4400BF00BF00BF5B
:100D0000C7F8E05105F140450FF007C00028A0F1F9
:100D10000100A2F12002EBD1BFF34F8FBFF36F8F21
:100D200001F092FC01F05CFDCBE9000101F08CFCCC
:100D3000C8E900014FF4005E40F24041C2F20121D7
:100D40004FF0F04000BF00BFF0E80223E1E80223CB
:100D50000FF007C001F078FCC9E9000101F074FC54
:100D600001F03EFDC4E90001DBE90001D4E9002304
:100D700059405040084306D149F2FD60C0F20020BE
:100D800002F09EFA41E0D4E90001DBE90023801A79
:100D9000994105F043FC00EE100A9FED491A81EEDF
:100DA000000A9FED481A49F6470020EE010A9FED20
:100DB000461AC0F2002020EE010A20EE018A05F05A
:100DC000D0FFD9E90001D8E90023821A49F24B305B
:100DD00061EB0303C0F2002005F0C3FFD4E900017A
:100DE000DBE90023821A49F2FF0061EB0303C0F242
:100DF000002005F0B6FFB7EEC80A49F26050C0F215
:100E0000002053EC102B05F0ACFF00207860BFF3FE
:100E10004F8F396843F6E073C1F34E30CA08C1F30F
:100E2000C9014E1C9107420102EA030546F001E0A8
:100E30000D4400BF00BF00BFC7F8E05105F14045B9
:100E40000FF007C00028A0F10100A2F12002EBD1B1
:100E5000BFF34F8FBFF36F8F01F0F6FB01F0C0FCC3
:100E6000CBE9000101F0F0FBC8E900014FF4803E3E
:100E700040F24000C2F200204FF0F04100BF00BF3E
:100E800011F8012B00F8012B0FF007C001F0DCFB7B
:100E9000C9E9000101F0D8FB01F0A2FCC4E900019E
:100EA000DBE90001D4E900235940504008430DD14B
:100EB00049F2FD60C0F2002002F002FA48E000BFF3
:100EC00000008047002474490000803AD4E9000102
:100ED000DBE90023801A994105F0A0FB00EE100A1F
:100EE0001FED091A81EE000A1FED0A1A48F6287054
:100EF00020EE010A1FED0C1AC0F2002020EE010ABC
:100F000020EE018A05F02DFFD9E90001D8E9002380
:100F1000821A49F24B3061EB0303C0F2002005F066
:100F200020FFD4E90001DBE90023821A49F2FF0027
:100F300061EB0303C0F2002005F013FFB7EEC80A0F
:100F400049F26050C0F2002053EC102B05F009FF6D
:100F500000207860BFF34F8F396843F6E073C1F328
:100F60004E30CA08C1F3C9014E1C9107420100BFAF
:100F700002EA030546F001E00D4400BF00BF00BFD8
:100F8000C7F8E05105F140450FF007C00028A0F177
:100F90000100A2F12002EBD1BFF34F8FBFF36F8F9F
:100FA00001F052FB01F01CFCCBE9000101F04CFB0D
:100FB000C8E900014FF4004E40F24000C2F20020A8
:100FC0004FF0F04100BF00BF31F8022B20F8022B98
:100FD0000FF007C001F038FBC9E9000101F034FB54
:100FE00001F0FEFBC4E90001DBE90001D4E90023C4
:100FF00059405040084306D149F2FD60C0F200203C
:1010000002F05EF941E0D4E90001DBE90023801A37
:10101000994105F003FB00EE100A1FED571A81EE0F
:10102000000A1FED581A48F69B7020EE010A1FEDCA
:101030005A1AC0F2002020EE010A20EE018A05F0C3
:1010400090FED9E90001D8E90023821A49F24B3019
:1010500061EB0303C0F2002005F083FED4E9000138
:10106000DBE90023821A49F2FF0061EB0303C0F2BF
:10107000002005F076FEB7EEC80A49F26050C0F2D3
:10108000002053EC102B05F06CFE00207860BFF3BD
:101090004F8F396843F6E073C1F34E30CA08C1F38D
:1010A000C9014E1C9107420102EA030546F001E026
:1010B0000D4400BF00BF00BFC7F8E05105F1404537
:1010C0000FF007C00028A0F10100A2F12002EBD12F
:1010D000BFF34F8FBFF36F8F01F0B6FA01F080FBC3
:1010E000CBE9000101F0B0FAC8E900014FF4804EED
:1010F00040F24000C2F200204FF0F04100BF00BFBC
:1011000051F8042B40F8042B0FF007C001F09CFAB3
:10111000C9E9000101F098FA01F062FBC4E900019D
:10112000DBE90001D4E9002359405040084306D1CF
:1011300049F2FD60C0F2002002F0C2F841E0D4E9BB
:101140000001DBE90023801A994105F067FA00EEFF
:10115000100A1FEDA51A81EE000A1FEDA61A49F22A
:10116000151020EE010A1FEDA81AC0F2002020EE93
:10117000010A20EE018A05F0F4FDD9E90001D8E961
:101180000023821A49F24B3061EB0303C0F20020C6
:1011900005F0E7FDD4E90001DBE90023821A49F2FA
:1011A000FF0061EB0303C0F2002005F0DAFDB7EEAB
:1011B000C80A49F26050C0F2002053EC102B05F031
:1011C000D0FD00207860BFF34F8F396843F6E0739D
:1011D000C1F34E30CA08C1F3C9014E1C9107420148
:1011E00002EA030546F001E00D4400BF00BF00BF66
:1011F000C7F8E05105F140450FF007C00028A0F105
:101200000100A2F12002EBD1BFF34F8FBFF36F8F2C
:1012100001F01AFA01F0E4FACBE9000101F014FA46
:10122000C8E900014FF4005E40F24000C2F2002025
:101230004FF0F04100BF00BFF1E80223E0E80223D5
:101240000FF007C001F000FAC9E9000101F0FCF954
:1012500001F0C6FAC4E90001DBE90001D4E900238A
:1012600059405040084306D149F2FD60C0F20020C9
:1012700002F026F841E0D4E90001DBE90023801AFE
:10128000994105F0CBF900EE100A9FEDB91A81EEF5
:10129000000A9FEDB81A49F2D11020EE010A9FED25
:1012A000B61AC0F2002020EE010A20EE018A05F0F5
:1012B00058FDD9E90001D8E90023821A49F24B30E0
:1012C00061EB0303C0F2002005F04BFDD4E90001FF
:1012D000DBE90023821A49F2FF0061EB0303C0F24D
:1012E000002005F03EFDB7EEC80A49F26050C0F29A
:1012F000002053EC102B05F034FD49F2B430444685
:10130000C0F2002001F0DCFF40F2705940F21408F6
:10131000C2F20229C2F20028002089F80000082049
:10132000A8F80C004FF48060A8F80E000AF10060E5
:1013300000F50030C8F808004FF0F040C8F804008D
:10134000D8F8000040F04050C8F8000001F07CF9E7
:1013500001F046FACBE9000101F076F949F6901266
:10136000C4E90001C0F20022D2E9004A20465146F9
:1013700004F0C2F82046414604F0FEF8204604F08E
:101380003BF90121204604F053F900BF00BF00BF24
:1013900099F8000008B900BFFAE701F055F902AE6C
:1013A000C6E9000101F050F901F01AFA0DF1180B2D
:1013B000CBE90001204604F063F908ADD5E900014E
:1013C000DBE9002359405040084306D149F2FD6053
:1013D000C0F2002001F074FF42E0DBE90001D5E932
:1013E0000023801A994105F019F900EE100A9FEDCB
:1013F000601A81EE000A9FED5F1A49F2FE5020EE5E
:10140000010A9FED5D1AC0F2002020EE010A20EED5
:10141000018A05F0A6FC04AAD6E90001D2E900235E
:10142000821A49F24B3061EB0303C0F2002005F051
:1014300098FCDBE90001D5E90023821A49F2FF009C
:1014400061EB0303C0F2002005F08BFCB7EEC80A85
:1014500049F26050C0F2002053EC102B05F081FCE3
:1014600000207860BFF34F8F396843F6E073C1F313
:101470004E30CA08C1F3C9014E1C9107420100BF9A
:1014800002EA030546F001E00D4400BF00BF00BFC3
:10149000C7F8E05105F140450FF007C00028A0F162
:1014A0000100A2F12002EBD1BFF34F8FBFF36F8F8A
:1014B000002089F800000820A8F80C004FF4806094
:1014C000A8F80E0040F24040C2F20120C8F808001F
:1014D0004FF0F040C8F80400D8F8000040F0405049
:1014E000C8F8000001F0B0F801F07AF908AAC2E9E2
:1014F000000101F0A9F804AAC2E900012046514602
:1015000003F0FAFF2046414604F036F8204604F086
:1015100073F80121204604F08BF800BF00BF00BF24
:1015200099F8000008B900BFFAE701F08DF80DF155
:101530000809C9E9000101F087F801F051F906AD89
:10154000C5E90001204604F09BF80DF12008D8E918
:101550000001D5E900235940504008430ED149F21B
:10156000FD60C0F2002001F0ABFE0DF1100B49E070
:1015700000008047002474490000803AD5E900014A
:10158000D8E90023801A994105F048F800EE100AC6
:101590001FED091A81EE000A1FED0A1A49F23F6099
:1015A00020EE010A1FED0C1AC0F2002020EE010A05
:1015B00020EE018A05F0D5FB0DF1100BD9E90001F1
:1015C000DBE90023821A49F24B3061EB0303C0F2DE
:1015D000002005F0C6FBD5E90001D8E90023821AF6
:1015E00049F2FF0061EB0303C0F2002005F0B9FBF4
:1015F000B7EEC80A49F26050C0F2002053EC102B3D
:1016000005F0AFFBC8204FF47A712C4604F02CFD96
:1016100000207860BFF34F8F57F86C0C43F6E073EF
:1016200020F4803047F86C0CBFF34F8F3968C1F35A
:101630004E30CA08C1F3C9014E1C9107420100BFD8
:1016400002EA030546F001E00D4400BF00BF00BF01
:10165000C7F8F45105F140450FF007C00028A0F18C
:101660000100A2F12002EBD14EF20001BFF34F8F37
:10167000CEF20101BFF36F8F086840F004000860EC
:10168000BFF34F8FBFF36F8F0868019057F86C0C52
:10169000C00331D400207860BFF34F8F396843F620
:1016A000E073C1F34E30CA08C1F3C9014E1C910763
:1016B000420100BF00BF00BF02EA030546F001E09F
:1016C0000D4400BF00BF00BFC7F8E05105F1404521
:1016D0000FF007C00028A0F10100A2F12002EBD119
:1016E000BFF34F8F57F86C0C40F4803047F86C0C08
:1016F000BFF34F8FBFF36F8F0198400705D449F2B6
:10170000A470C0F2002000F023BF49F22800C0F20C
:10171000002001F0D5FD00207860BFF34F8F3968BD
:1017200043F6E073C1F34E30CA08C1F3C9014E1C41
:101730009107420100BF00BF02EA030546F001E045
:101740000D4400BF00BF00BFC7F8E05105F14045A0
:101750000FF007C00028A0F10100A2F12002EBD198
:10176000BFF34F8FBFF36F8F00F06EFF01F038F8BB
:10177000C8E9000100F068FFCBE900014FF4803EAA
:1017800040F20000C2F200004FF0F04100BF00BF85
:1017900011F8012B00F8012B0FF007C000F054FFE7
:1017A000C9E9000100F050FF01F01AF8C4E9000196
:1017B000D8E90001D4E9002359405040084306D13C
:1017C00049F2FD60C0F2002001F07AFD41E0D4E969
:1017D0000001D8E90023801A994104F01FFF00EEB0
:1017E000100A1FED9D1A81EE000A1FED9E1A48F6A1
:1017F000E97020EE010A1FEDA01AC0F2002020EED1
:10180000010A20EE018A05F0ACFAD9E90001DBE912
:101810000023821A49F24B3061EB0303C0F200202F
:1018200005F09FFAD4E90001D8E90023821A49F2B1
:10183000FF0061EB0303C0F2002005F092FAB7EE5F
:10184000C80A49F26050C0F2002053EC102B05F09A
:1018500088FA00207860BFF34F8F396843F6E07351
:10186000C1F34E30CA08C1F3C9014E1C91074201B1
:1018700002EA030546F001E00D4400BF00BF00BFCF
:10188000C7F8E05105F140450FF007C00028A0F16E
:101890000100A2F12002EBD1BFF34F8FBFF36F8F96
:1018A00000F0D2FE00F09CFFC8E9000100F0CCFE81
:1018B000CBE900014FF4004E40F20000C2F20000FC
:1018C0004FF0F04100BF00BF31F8022B20F8022B8F
:1018D0000FF007C000F0B8FEC9E9000100F0B4FE47
:1018E00000F07EFFC4E90001D8E90001D4E900233B
:1018F00059405040084306D149F2FD60C0F2002033
:1019000001F0DEFC41E0D4E90001D8E90023801AAF
:10191000994104F083FE00EE100A9FEDE51A81EE76
:10192000000A9FEDE41A49F2C33020EE010A9FED50
:10193000E21AC0F2002020EE010A20EE018A05F032
:1019400010FAD9E90001DBE90023821A49F24B3091
:1019500061EB0303C0F2002005F003FAD4E90001B3
:10196000D8E90023821A49F2FF0061EB0303C0F2B9
:10197000002005F0F6F9B7EEC80A49F26050C0F24F
:10198000002053EC102B05F0ECF900207860BFF339
:101990004F8F396843F6E073C1F34E30CA08C1F384
:1019A000C9014E1C9107420102EA030546F001E01D
:1019B0000D4400BF00BF00BFC7F8E05105F140452E
:1019C0000FF007C00028A0F10100A2F12002EBD126
:1019D000BFF34F8FBFF36F8F00F036FE00F000FFB4
:1019E000C8E9000100F030FECBE900014FF4804E61
:1019F00040F20000C2F200004FF0F04100BF00BF13
:101A000051F8042B40F8042B0FF007C000F01CFE27
:101A1000C9E9000100F018FE00F0E2FEC4E900018F
:101A2000D8E90001D4E9002359405040084306D1C9
:101A300049F2FD60C0F2002001F042FC41E0D4E92F
:101A40000001D8E90023801A994104F0E7FD00EE77
:101A5000100A9FED971A81EE000A9FED961A49F23F
:101A6000237020EE010A9FED941AC0F2002020EEB0
:101A7000010A20EE018A05F074F9D9E90001DBE9D9
:101A80000023821A49F24B3061EB0303C0F20020BD
:101A900005F067F9D4E90001D8E90023821A49F278
:101AA000FF0061EB0303C0F2002005F05AF9B7EE26
:101AB000C80A49F26050C0F2002053EC102B05F028
:101AC00050F900207860BFF34F8F396843F6E07318
:101AD000C1F34E30CA08C1F3C9014E1C910742013F
:101AE00002EA030546F001E00D4400BF00BF00BF5D
:101AF000C7F8E05105F140450FF007C00028A0F1FC
:101B00000100A2F12002EBD1BFF34F8FBFF36F8F23
:101B100000F09AFD00F064FEC8E9000100F094FDB9
:101B2000CBE900014FF4005E40F20000C2F2000079
:101B30004FF0F04100BF00BFF1E80223E0E80223CC
:101B40000FF007C000F080FDC9E9000100F07CFD46
:101B500000F046FEC4E90001D8E90001D4E9002301
:101B600059405040084306D149F2FD60C0F20020C0
:101B700001F0A6FB41E0D4E90001D8E90023801A76
:101B8000994104F04BFD00EE100A9FED491A81EED9
:101B9000000A9FED481A49F2753020EE010A9FEDC8
:101BA000461AC0F2002020EE010A20EE018A05F05C
:101BB000D8F8D9E90001DBE90023821A49F24B3059
:101BC00061EB0303C0F2002005F0CBF8D4E900017B
:101BD000D8E90023821A49F2FF0061EB0303C0F247
:101BE000002005F0BEF8B7EEC80A49F26050C0F216
:101BF000002053EC102B05F0B4F800207860BFF300
:101C00004F8F396843F6E073C1F34E30CA08C1F311
:101C1000C9014E1C9107420102EA030546F001E0AA
:101C20000D4400BF00BF00BFC7F8E05105F14045BB
:101C30000FF007C00028A0F10100A2F12002EBD1B3
:101C4000BFF34F8FBFF36F8F00F0FEFC00F0C8FDB5
:101C5000C8E9000100F0F8FCCBE900014FF4803E38
:101C600040F24040C2F201204FF0F04100BF00BFFF
:101C700011F8012B00F8012B0FF007C000F0E4FC75
:101C8000C9E9000100F0E0FC00F0AAFDC4E9000190
:101C9000D8E90001D4E900235940504008430DD150
:101CA00049F2FD60C0F2002001F00AFB48E000BFED
:101CB00000008047002474490000803AD4E9000104
:101CC000D8E90023801A994104F0A8FC00EE100A1C
:101CD0001FED091A81EE000A1FED0A1A49F2DB70A6
:101CE00020EE010A1FED0C1AC0F2002020EE010ABE
:101CF00020EE018A05F035F8D9E90001DBE900237F
:101D0000821A49F24B3061EB0303C0F2002005F068
:101D100028F8D4E90001D8E90023821A49F2FF002B
:101D200061EB0303C0F2002005F01BF8B7EEC80A10
:101D300049F26050C0F2002053EC102B05F011F86E
:101D400000207860BFF34F8F396843F6E073C1F32A
:101D50004E30CA08C1F3C9014E1C9107420100BFB1
:101D600002EA030546F001E00D4400BF00BF00BFDA
:101D7000C7F8E05105F140450FF007C00028A0F179
:101D80000100A2F12002EBD1BFF34F8FBFF36F8FA1
:101D900000F05AFC00F024FDC8E9000100F054FCFA
:101DA000CBE900014FF4004E40F24040C2F2012066
:101DB0004FF0F04100BF00BF31F8022B20F8022B9A
:101DC0000FF007C000F040FCC9E9000100F03CFC46
:101DD00000F006FDC4E90001D8E90001D4E90023C0
:101DE00059405040084306D149F2FD60C0F200203E
:101DF00001F066FA41E0D4E90001D8E90023801A35
:101E0000994104F00BFC00EE100A1FED571A81EE09
:101E1000000A1FED581A49F2921020EE010A1FED38
:101E20005A1AC0F2002020EE010A20EE018A04F0C6
:101E300098FFD9E90001DBE90023821A49F24B300F
:101E400061EB0303C0F2002004F08BFFD4E9000132
:101E5000D8E90023821A49F2FF0061EB0303C0F2C4
:101E6000002004F07EFFB7EEC80A49F26050C0F2CD
:101E7000002053EC102B04F074FF00207860BFF3B7
:101E80004F8F396843F6E073C1F34E30CA08C1F38F
:101E9000C9014E1C9107420102EA030546F001E028
:101EA0000D4400BF00BF00BFC7F8E05105F1404539
:101EB0000FF007C00028A0F10100A2F12002EBD131
:101EC000BFF34F8FBFF36F8F00F0BEFB00F088FCB5
:101ED000C8E9000100F0B8FBCBE900014FF4804EE7
:101EE00040F24040C2F201204FF0F04100BF00BF7D
:101EF00051F8042B40F8042B0FF007C000F0A4FBAE
:101F0000C9E9000100F0A0FB00F06AFCC4E900018F
:101F1000D8E90001D4E9002359405040084306D1D4
:101F200049F2FD60C0F2002001F0CAF941E0D4E9B5
:101F30000001D8E90023801A994104F06FFB00EEFC
:101F4000100A1FEDA51A81EE000A1FEDA61A49F22C
:101F5000DD4020EE010A1FEDA81AC0F2002020EE9D
:101F6000010A20EE018A04F0FCFED9E90001DBE958
:101F70000023821A49F24B3061EB0303C0F20020C8
:101F800004F0EFFED4E90001D8E90023821A49F2F7
:101F9000FF0061EB0303C0F2002004F0E2FEB7EEA5
:101FA000C80A49F26050C0F2002053EC102B04F034
:101FB000D8FE00207860BFF34F8F396843F6E07396
:101FC000C1F34E30CA08C1F3C9014E1C910742014A
:101FD00002EA030546F001E00D4400BF00BF00BF68
:101FE000C7F8E05105F140450FF007C00028A0F107
:101FF0000100A2F12002EBD1BFF34F8FBFF36F8F2F
:1020000000F022FB00F0ECFBC8E9000100F01CFB33
:10201000CBE900014FF4005E40F24040C2F20120E3
:102020004FF0F04100BF00BFF1E80223E0E80223D7
:102030000FF007C000F008FBC9E9000100F004FB45
:1020400000F0CEFBC4E90001D8E90001D4E9002387
:1020500059405040084306D149F2FD60C0F20020CB
:1020600001F02EF941E0D4E90001D8E90023801AFB
:10207000994104F0D3FA00EE100A9FEDE51A81EEC3
:10208000000A9FEDE41A49F6470020EE010A9FED91
:10209000E21AC0F2002020EE010A20EE018A04F0CC
:1020A00060FED9E90001DBE90023821A49F24B30D6
:1020B00061EB0303C0F2002004F053FED4E90001F9
:1020C000D8E90023821A49F2FF0061EB0303C0F252
:1020D000002004F046FEB7EEC80A49F26050C0F294
:1020E000002053EC102B04F03CFE00207860BFF37E
:1020F0004F8F396843F6E073C1F34E30CA08C1F31D
:10210000C9014E1C9107420102EA030546F001E0B5
:102110000D4400BF00BF00BFC7F8E05105F14045C6
:102120000FF007C00028A0F10100A2F12002EBD1BE
:10213000BFF34F8FBFF36F8F00F086FA00F050FBB4
:10214000C8E9000100F080FACBE900014FF4803EBD
:1021500040F24000C2F200204FF0F04100BF00BF4B
:1021600011F8012B00F8012B0FF007C000F06CFAFA
:10217000C9E9000100F068FA00F032FBC4E900018F
:10218000D8E90001D4E9002359405040084306D162
:1021900049F2FD60C0F2002001F092F841E0D4E97C
:1021A0000001D8E90023801A994104F037FA00EEC3
:1021B000100A9FED971A81EE000A9FED961A48F6D5
:1021C000287020EE010A9FED941AC0F2002020EE44
:1021D000010A20EE018A04F0C4FDD9E90001DBE91F
:1021E0000023821A49F24B3061EB0303C0F2002056
:1021F00004F0B7FDD4E90001D8E90023821A49F2BE
:10220000FF0061EB0303C0F2002004F0AAFDB7EE6B
:10221000C80A49F26050C0F2002053EC102B04F0C1
:10222000A0FD00207860BFF34F8F396843F6E0735C
:10223000C1F34E30CA08C1F3C9014E1C91074201D7
:1022400002EA030546F001E00D4400BF00BF00BFF5
:10225000C7F8E05105F140450FF007C00028A0F194
:102260000100A2F12002EBD1BFF34F8FBFF36F8FBC
:1022700000F0EAF900F0B4FAC8E9000100F0E4F96E
:10228000CBE900014FF4004E40F24000C2F20020C2
:102290004FF0F04100BF00BF31F8022B20F8022BB5
:1022A0000FF007C000F0D0F9C9E9000100F0CCF947
:1022B00000F096FAC4E90001D8E90001D4E900234E
:1022C00059405040084306D149F2FD60C0F2002059
:1022D00000F0F6FF41E0D4E90001D8E90023801ABC
:1022E000994104F09BF900EE100A9FEDC11A81EEAE
:1022F000000A9FEDC01A48F69B7020EE010A9FED80
:10230000BE1AC0F2002020EE010A20EE018A04F07D
:1023100028FDD9E90001DBE90023821A49F24B309C
:1023200061EB0303C0F2002004F01BFDD4E90001BF
:10233000D8E90023821A49F2FF0061EB0303C0F2DF
:10234000002004F00EFDB7EEC80A49F26050C0F25A
:10235000002053EC102B04F004FD00207860BFF344
:102360004F8F396843F6E073C1F34E30CA08C1F3AA
:10237000C9014E1C9107420102EA030546F001E043
:102380000D4400BF00BF00BFC7F8E05105F1404554
:102390000FF007C00028A0F10100A2F12002EBD14C
:1023A000BFF34F8FBFF36F8F00F04EF900F018FAB4
:1023B000C8E9000100F048F9CBE900014FF4804E74
:1023C00040F24000C2F200204FF0F04100BF00BFD9
:1023D00051F8042B40F8042B0FF007C000F034F93B
:1023E000C9E9000100F030F900F0FAF9C4E9000190
:1023F000D8E90001D4E900235940504008430DD1E9
:1024000049F2FD60C0F2002000F05AFF48E000BF32
:1024100000008047002474490000803AD4E900019C
:10242000D8E90023801A994104F0F8F800EE100A68
:102430009FED6F1A81EE000A9FED6E1A49F215109A
:1024400020EE010A9FED6C1AC0F2002020EE010A76
:1024500020EE018A04F085FCD9E90001DBE90023C4
:10246000821A49F24B3061EB0303C0F2002004F002
:1024700078FCD4E90001D8E90023821A49F2FF0070
:1024800061EB0303C0F2002004F06BFCB7EEC80A56
:1024900049F26050C0F2002053EC102B04F061FCB4
:1024A00000207860BFF34F8F396843F6E073C1F3C3
:1024B0004E30CA08C1F3C9014E1C9107420100BF4A
:1024C00002EA030546F001E00D4400BF00BF00BF73
:1024D000C7F8E05105F140450FF007C00028A0F112
:1024E0000100A2F12002EBD1BFF34F8FBFF36F8F3A
:1024F00000F0AAF800F074F9C8E9000100F0A4F8AF
:10250000CBE900014FF4005E40F24000C2F200202F
:102510004FF0F04100BF00BFF1E80223E0E80223E2
:102520000FF007C000F090F8C9E9000100F08CF846
:1025300000F056F9C4E90001D8E90001D4E900230C
:102540005940504008430BD149F2FD60C0F20020D1
:102550000AB0BDEC028B01B0BDE8F04F00F0B0BE98
:10256000D4E90001D8E90023801A994104F056F813
:1025700000EE100A9FED1E1A81EE000A9FED1D1A53
:1025800049F2D11020EE010A9FED1B1AC0F2002083
:1025900020EE010A20EE018A04F0E3FBD9E90001F4
:1025A000DBE90023821A49F24B3061EB0303C0F2EE
:1025B000002004F0D6FBD4E90001D8E90023821AF8
:1025C00049F2FF0061EB0303C0F2002004F0C9FBF5
:1025D000B7EEC80A49F26050C0F2002053EC102B4D
:1025E0000AB0BDEC028B01B0BDE8F04F04F0B9BBFE
:1025F00000008047002474490000803AD4D4D4D429
:1026000040F270500121C2F2022001707047D4D410
:1026100080B500F02DFA40F2785CEFF3118EC2F233
:10262000022C002383F31288DCE90032C0185141E8
:10263000013041F10001CCE900018EF3118880BD29
:102640007047D4D4D4D4D4D42DE9F0410020EFF392
:10265000118880F3128800F00FFA40F27857044690
:10266000C2F202270D463A7E012A0ED100F04CF943
:1026700058B300F001FA04460D4600F0F9F90019CC
:102680006941441C41F100051FE0EFF3108672B66A
:1026900000F03AF9B8B100F03FF900F0E9F9002292
:1026A000EFF3118382F31288D7E90025801869417E
:1026B000013041F10001C7E9000183F3118800F006
:1026C000DBF904460D4686F31088D7E900010019AE
:1026D000D7E902236941821A71EB030205DAD7E9CF
:1026E000020188F31188BDE8F081C7E9020188F38F
:1026F0001188BDE8F081D4D42DE9F04381B040F2D7
:102700007857EFF31185C2F202274FF0000989F3E1
:102710001288387600F008F9804600F0FDF885F35D
:10272000118800F0A5F900F09BF944F2402100EE79
:10273000100AC0F20F01B8EE400A9FED241A40F2D1
:10274000745688425FEA2F91797680EE012A797E6D
:1027500081EE000A9FED1E1AC2F20226002944F6FD
:10276000D351C1F2620102FE000AA0FB0101B6EEE4
:10277000002AA0EE012A8809BDEEC20A87ED040AEC
:102780007861EFF3118489F31288C6F80090FFF79F
:102790005BFFBFF34F8FBFF36F8F00BFBFF34F8F50
:1027A000BFF36F8F0546FFF74FFF31682944401A8A
:1027B000306084F31188C7E90099C7E90299FFF7EF
:1027C0003FFF404601B0BDE8F08300BF00247449DC
:1027D00000008047D4D4D4D40120FFF78DBFD4D4D7
:1027E00080B540F27852C2F20222537E012B0CD106
:1027F000126986464FEAE27CA0FB02030EFB0C3313
:1028000001FB023150EA2F4180BD50EA0F411269AD
:10281000D31703F07FFF80BD00F002B8D4D4D4D426
:1028200010B54EF63050CEF200000068800631D56B
:1028300043F68044CEF20004206CB0F1FF3F04DC8C
:102840004FF000402060FFF7E3FED4F88001C0B2F3
:1028500002281FD3216889070AD50221216040F28E
:102860009851C2F20221D1E900230133C1E90023CA
:1028700004280FD3216809070AD50821216040F2F6
:102880009851C2F20221D1E902230133C1E90223A6
:10289000062800D210BD216889060AD520212160B2
:1028A00040F29851C2F20221D1E904230133C1E977
:1028B0000423062808BF10BD08284FF0010C5CEA6D
:1028C0003C9E40F29851C2F202210622F64618318F
:1028D00008E000BF00BF00BF01320831BEF1010EA9
:1028E00000D1D7E70CFA02F3206C1842F4D0236031
:1028F000D1E9000310F5803043F10003C1E9000382
:10290000EAE7D4D4D4D4D4D443F6C040CEF2000005
:102910000068C00F7047D4D443F680404FF00041A8
:10292000CEF200000160704743F60041CEF2000194
:10293000D1F80002420440F18E80F0B543F6046302
:10294000EFF3108CCEF2000372B64FF000461A6817
:1029500022F001021A600E620E661A6842F004024A
:102960001A60C1F880601A6842F002021A60D1F859
:102970000022D2B2022A54D34FF600054FF60404C7
:10298000CFF6FF75CFF6FF744FF0080E042A41F81A
:1029900005E04FF01E050D514FF00304C1F88040D3
:1029A0004FF002070F640C603BD34FF60804132767
:1029B000CFF6FF74062A0F514FF60C04CFF6FF74C2
:1029C0000D514FF00C04C1F88040C1F840E00C609C
:1029D00027D34FF610070325CFF6FF77062ACD51F0
:1029E0004FF61407CFF6FF774FF01E05CD514FF08D
:1029F0003007C1F880704FF020050D640F6010D0D3
:102A0000082A4FF0010252EA329E062400BF00BF9E
:102A100002FA04F50134C1F880500D640D600FF026
:102A200009C84EF6FC52CEF20002176847F08077D4
:102A300047F4441717600E640E601968002241F0D5
:102A40000101196041F20001CEF200010A608CF32D
:102A50001088BDE8F040C0F380307047D4D4D4D49F
:102A600042F62400C2F2022000687047D4D4D4D4C5
:102A70004FF0FF300021704743F27C000021CEF27E
:102A8000000000687047D4D410B540F2C054A821AB
:102A9000C2F20224204603F0C3FF032020616061DC
:102AA00049F2CB5040F26961C0F20020A061C2F24D
:102AB0000221E1614FF4005121620021A1626162B3
:102AC000E16242F2696220664FF0100E49F634105E
:102AD000C2F202226266C4F868E02167E1666167BB
:102AE000BFF35F8FC0F200200F3000BF00BF00BFF8
:102AF00010F8011904F8011B0FF007C0BFF35F8F36
:102B000010BDD4D4D4D4D4D42DE9F04F85B040F244
:102B1000C0598B46C2F20229044699F80020532A74
:102B200042D0A821484603F07BFF0320C9F81000DB
:102B3000C9F8140049F2CB5040F26961C0F200209C
:102B4000C9F81800C2F20221C9F81C104FF4005154
:102B5000C9F820100021C9F82810C9F82410C9F8B4
:102B60002C1042F26962C9F860004FF0100E49F66D
:102B70003410C2F20222C9F86420C9F868E0C9F82A
:102B80007010C9F86C10C9F87410BFF35F8FC0F2F1
:102B900000200F30494600BF10F8012901F8012B31
:102BA0000FF007C0BFF35F8F0F2C13D8584603F008
:102BB000FEFFEFF311834FF0200181F31188D9F864
:102BC0002470D9F828108246B9426FEA070004D968
:102BD0000A1806E04FF0FF381AE2D9F8202008441E
:102BE0000244D9F82C0000F003004FF0FF38DFE872
:102BF00010F004000C004A000D020AF104008242A9
:102C000080F05D814FF0000800E2042AC0F0FE81F0
:102C100049F624119046C0F2002103AE022501932B
:102C2000095DFF208DF80C008DF80D1022E000BF2B
:102C3000D9F8201010440844C91B884250EA31805A
:102C40003146A84250EA3584D9F81C00384422465F
:102C500003F0EAFEE019D9F82010411AA5EB0405AB
:102C600050EA11872644002DBFF35F8FC9F8247006
:102C700000F0B180D9F82800FA43B842D8D91044FE
:102C8000D9F82010D8E749F6241104AEC0F200218B
:102C900002250193FF20095D8DF810008DF81110B9
:102CA00022E000BF00BF00BFD9F820101044084444
:102CB000C91B884250EA31803146A84250EA358427
:102CC000D9F81C003844224603F0AEFEE019D9F8CA
:102CD0002010411AA5EB040550EA11872644BFF3E2
:102CE0005F8FC9F8247045B1D9F82800FA43B8427B
:102CF000DAD91044D9F82010DAE74FF0000822E0C2
:102D0000D9F8201010440844C91B884250EA318089
:102D10005946504550EA3A84D9F81C0038442246B6
:102D200003F082FEE019D9F82010411AAAEB040A38
:102D300050EA1187A044A344BAF1000FBFF35F8F9C
:102D4000C9F8247008D0D9F82800FA43B842D7D976
:102D50001044D9F82010D7E740F2686049F62412F1
:102D6000C2F20220C0F200220DF112050226007804
:102D7000FF218DF81210105C8DF8130022E000BFC7
:102D8000D9F8201010440844C91B884250EA318009
:102D90002946B04250EA3684D9F81C00384422460D
:102DA00003F042FEE019D9F82010411AA6EB040600
:102DB00050EA11872544002EBFF35F8FC9F82470B5
:102DC00000F02381D9F82800FA43B842D8D910443A
:102DD000D9F82010D8E7A8F104004FF00008824588
:102DE0005AEA308521E000BFD9F820101044084489
:102DF000C91B884250EA31805946A84250EA3584BE
:102E0000D9F81C003844224603F00EFEE019D9F828
:102E10002010411AA5EB040550EA1187A044A344F1
:102E2000BFF35F8FC9F8247045B1D9F82800FA4381
:102E3000B842D9D91044D9F82010D9E740F26860D7
:102E400049F62412C2F20220C0F200220DF10E0552
:102E500002260078FF218DF80E10105C8DF80F000F
:102E600024E000BF00BF00BFD9F820101044084480
:102E7000C91B884250EA31802946B04250EA368464
:102E8000D9F81C003844224603F0CEFDE019D9F8E9
:102E90002010411AA6EB040650EA11872544002EA3
:102EA000BFF35F8FC9F8247000F0AF80D9F8280015
:102EB000FA43B842D8D91044D9F82010D8E749F6D7
:102EC000241102AEC0F2002102250193FF20095D0A
:102ED0008DF808008DF8091022E000BF00BF00BF88
:102EE000D9F8201010440844C91B884250EA3180A8
:102EF0003146A84250EA3584D9F81C0038442246AD
:102F000003F092FDE019D9F82010411AA5EB040551
:102F100050EA11872644BFF35F8FC9F8247045B18A
:102F2000D9F82800FA43B842DAD91044D9F8201069
:102F3000DAE74FF0000822E0D9F8201010440844E6
:102F4000C91B884250EA31805946504550EA3A84BC
:102F5000D9F81C003844224603F066FDE019D9F880
:102F60002010411AAAEB040A50EA1187A044A34496
:102F7000BAF1000FBFF35F8FC9F8247008D0D9F8F9
:102F80002800FA43B842D7D91044D9F82010D7E71F
:102F900040F2686049F62412C2F20220C0F2002218
:102FA0000DF10A0502260078FF218DF80A10105C49
:102FB0008DF80B0020E000BFD9F820101044084421
:102FC000C91B884250EA31802946B04250EA368413
:102FD000D9F81C003844224603F026FDE019D9F840
:102FE0002010411AA6EB040650EA11872544BFF3CE
:102FF0005F8FC9F8247046B1D9F82800FA43B84267
:10300000DAD91044D9F82010DAE7019B83F311884C
:10301000404605B0BDE8F08F70B549F6C40072B601
:103020004EF62856C0F20020CEF20006FDF730F82A
:1030300049F24830C0F20020FDF72AF870680028F5
:1030400007D47068400010D549F24740C0F2002014
:1030500003E049F22B40C0F20020FDF719F849F2D5
:103060004830C0F20020FDF713F849F27440EFF346
:103070000884C0F20020FDF70BF849F24835C0F291
:1030800000252846FDF704F849F218302168C0F2FF
:103090000020FDF701F849F280606168C0F200206D
:1030A000FCF7FAFF48F67670A168C0F20020FCF742
:1030B000F3FF49F21020E168C0F20020FCF7ECFFBA
:1030C00049F224302169C0F20020FCF7E5FF49F203
:1030D00030306169C0F20020FCF7DEFF49F23C307D
:1030E000A169C0F20020FCF7D7FF49F25410E16952
:1030F000C0F20020FCF7D0FF49F21C20C0F20020F3
:10310000FCF7C6FF2846FCF7C3FF49F28820316868
:10311000C0F20020FCF7C0FF49F2627056F8241C90
:10312000C0F20020FCF7B8FF49F2B6007168C0F2A7
:103130000020FCF7B1FF49F26010C0F20020FCF75C
:10314000A7FF2846FCF7A4FF49F29540EFF305815D
:10315000C0F20020FCF7A0FF306880010BD549F2D7
:10316000A240C0F20020FCF793FF49F24830C0F2C1
:103170000020FCF78DFF3068C0010BD549F2735079
:10318000C0F20020FCF784FF49F24830C0F2002072
:10319000FCF77EFF3068C0022AD549F2BD70C0F24C
:1031A0000020FCF775FF49F24830C0F20020FCF720
:1031B0006FFF49F28C602146C0F20020FCF76CFFE3
:1031C00049F6A400EFF30A81C0F20020FCF764FF87
:1031D00048F6DA70EFF30981C0F20020FCF75CFFDB
:1031E00049F29A20EFF30B81C0F20020FCF754FF64
:1031F000306800030BD549F21C50C0F20020FCF7E8
:1032000047FF49F24830C0F20020FCF741FF306828
:1032100040030BD549F6F300C0F20020FCF738FF5D
:1032200049F24830C0F20020FCF732FF30688003DA
:103230000BD549F2C040C0F20020FCF729FF49F24B
:103240004830C0F20020FCF723FF3068C0030BD5E4
:1032500049F2D450C0F20020FCF71AFF49F248307E
:10326000C0F20020FCF714FF3068800515D549F244
:103270009B60C0F20020FCF70BFF49F24830C0F21F
:103280000020FCF705FF3068000406D549F2C16054
:103290003169C0F20020FCF7FFFE3068C0050BD595
:1032A00049F24B00C0F20020FCF7F2FE49F2483030
:1032B000C0F20020FCF7ECFE00BE70BDD4D4D4D424
:1032C00080B549F6F8110022C0F200214FF00D0C34
:1032D000D1F800E000BF00BF815CDEF824300A298D
:1032E00002D049B911E000BF83F804C0DEF82430F1
:1032F000996C8900FCD5815C1971DEF8241000BF3F
:103300008B6C9B00FCD50132E6E70D201871DEF8CE
:10331000240000BF00BF00BF816C8900FCD50A21DA
:103320000171DEF8240000BF816C8900FCD500200B
:1033300080BDD4D4D4D4D4D480B542F2846080216A
:10334000C2F2022003F06CFB42F27C6C49F6F810EA
:1033500042F28062C2F2022CC0F20020C2F20222CB
:103360000023CCF80030D0E900011360BDE88040B4
:1033700000F0C6BDD4D4D4D40179042923D180B5BA
:1033800042F2806E42F27C6CC2F2022EC2F2022C39
:103390008068DEF80010DCF800304A1C803A52EAFF
:1033A0000192CEF800209A4242F28463C2F20223D4
:1033B0005854BDE8804018BF7047501C803850EA10
:1033C0000290CCF80000704749F6F811C0F20021D5
:1033D00009684A6A1071486A816C8900FCD500202E
:1033E0007047D4D4D4D4D4D42DE9F04182B042F281
:1033F000806042F27C67C2F20220C2F2022700BF64
:1034000001683D688D4201D100BFF9E7A94209D9A1
:1034100042F284620139C2F202220160525D8DF8EB
:10342000072025E0481BC5F18004803042F284600B
:10343000C2F202200DF1070800EB050140462246CA
:103440005FEA0F9603F0F0FAA64205D2A819B0F190
:10345000800150EA11800AE0361B42F2846108EBD9
:103460000400C2F20221324603F0DEFA701938601D
:103470009DF8070002B0BDE8F081D4D4D4D4D4D4F0
:103480000020FFF739F9FFF7FFFAFFF755FF49F280
:103490000240C0F20020FFF713FF49F2E960C0F2DA
:1034A0000020FFF70DFF00F013F94FF0F0404FF050
:1034B0008061FCF795FE49F66410C0F200200468B4
:1034C0004FF485710122204601F0C2FE4FF4FA70DC
:1034D0004FF47A7102F0C8FD4FF485710022204646
:1034E00001F0B6FE4FF4FA704FF47A7102F0BCFDB1
:1034F000E6E7D4D4D4D4D4D4022818BF704742F21B
:10350000407049F65851C2F20220C0F2002101F089
:10351000D7BDD4D4D4D4D4D42DE9F0418EB042F266
:103520006070C2F20220008900284FF00000CDE94F
:103530000600CDE90800CDE90A00CDE90000CDE99B
:103540000200CDE9040008D008208DF80E0040F2FA
:103550000551022040F2066202E005210120062208
:10356000ADF80C1049F6B811C0F20021ADF82420D6
:103570008DF827008DF80F000C688DF8110006A952
:103580000122204601F054FA0DF13701204601F0E6
:10359000ABFB9DF83700012816D164260DF13705E5
:1035A00001204FF47A7102F05FFD2046294601F0B8
:1035B0009BFB9DF83700013E01284FEA064002D1EF
:1035C00008B12FF013C898B36D4600222046294653
:1035D000002601F02DFA0DF1180800270CE0012259
:1035E0002046414601F024FA0137002600BF00BF03
:1035F000B8B2B0F5966F25D09DF80000800713D4BF
:1036000001204FF47A7102F02FFD00222046294656
:1036100001F00EFA0136B0B23228E9D19DF800006F
:103620008007DCD53226E3E700200EB0BDE8F0814C
:1036300049F23F2049F29271C0F20020C0F200210D
:10364000FCF7BAFD14200EB0BDE8F081D4D4D4D478
:10365000B0B586B042F26070C2F202200089002844
:103660004FF00000CDE90400CDE90200CDE90000F3
:1036700006D008208DF80E00022040F2055101E02E
:1036800001200521ADF80C1049F6B811C0F2002157
:103690008DF80F008DF8110000220C686946204655
:1036A00001F0C6F99DF80000C0070BD06D4600BFC1
:1036B00000BF00222046294601F0BAF99DF800001B
:1036C000C007F5D1002006B0B0BDD4D4D4D4D4D432
:1036D0002DE9F04F8DB049F69C104EF61456C0F20D
:1036E0000020CEF2000643F6E077D0F818A0DAF812
:1036F0000810DAF81080D1F8009000213167BFF38C
:103700004F8F316821F480313160BFF34F8FF26EFB
:10371000C2F34E31D308C2F3C902551C9A074B01BC
:1037200003EA070445F001E0144400BF00BF00BFF6
:10373000C6F8604204F140440FF007C00029A1F12F
:103740000101A3F12003EBD142F2047B0027C2F276
:10375000022BBFF34F8FBFF36F8FCBE900770BF1D5
:103760000C01CBF808702CC82CC190E83C003CC17F
:103770000BF128001422514603F056F949F6B8110E
:103780000220C0F200218BF80800D1E90051284640
:1037900001F056F80021284601F052F948F2085489
:1037A0004FF47A71C4F22604206820F4803020603F
:1037B000012002F059FC2068012140F48030206093
:1037C000022002F051FCDAF80800007960B100270D
:1037D00040F2FF314A4600BF32F8283B8B4203D00B
:1037E0000137B842F8D101E087420DD149F6860091
:1037F00049F25721C0F20020C0F20021FCF7C8FCBA
:1038000010208BF8000010E007EB870049F2C72179
:10381000C0F2002109EBC000827C49F68600C0F2AC
:1038200000208BF80020FCF75BFC0FF2A4606946D7
:103830000022002490ED001F9F20ADF80C002846C8
:103840000294009481ED0E0F01F0F2F845F6EF308E
:10385000009AC0F21A20824220D04EF6FF70C2F2C7
:10386000DC10824269D149F6860049F27471C0F2D7
:103870000020C0F20021FCF733FC49F65C11002067
:103880008BF808004FF00060CBF804000120C0F274
:1038900000218BF81E00CBF8201065E049F6860069
:1038A00049F23A51C0F20020C0F20021FCF718FCA6
:1038B0004FF08060CBF804006946002228460127BB
:1038C0008BF80870CDE90044CDE90244CDE9044409
:1038D0007024ADF80C408DF80F708DF8117001F068
:1038E000A7F89DF80000C0073ED1E946B720ADF823
:1038F0000C0000208DF8110001222846494601F0F5
:1039000097F83220012102F0AFFB002228464946F9
:10391000ADF80C408DF8117001F08AF89DF80000A8
:10392000C00717D149F6860049F20A41C0F20020CB
:10393000C0F20021FCF72CFC16E049F6860049F2A3
:103940009351C0F20020C0F20021FCF735FC4FF08B
:103950000609B7E249F6860049F27001C0F200207C
:10396000C0F20021FCF7BCFB49F6860449F6B3011E
:10397000C0F20024C0F2002120464246FCF7B0FB12
:1039800049F69401D8F80020C0F200212046D8F86A
:103990000470D8F808A0D8F80C90FCF7A1FB49F205
:1039A00049512046C0F200213A46FCF799FB49F202
:1039B000AC512046C0F200215246FCF791FB49F27F
:1039C000C8012046C0F200214A46FCF789FB49F6AF
:1039D0004C111022C0F20021404603F016F90028D5
:1039E0007CD049F6860049F25F31C0F20020C0F277
:1039F0000021FCF775FB4FF480522846414601F048
:103A0000BBF842F26079C2F20229B9F80800002836
:103A10004FF00000CDE90A00CDE90800CDE906002D
:103A200006D008208DF82600022040F2055101E062
:103A300001200521ADF824108DF827008DF829000C
:103A400006A900222846002700F0F2FF9DF8180082
:103A5000C0070BD006AC00BF00BF0022284621469D
:103A600000F0E6FF9DF81800C007F5D149F64C11AB
:103A70001023C0F200212846424600F0EDFFB9F8BD
:103A800008000B970A97CDE90877CDE9067730B1A2
:103A900008208DF82600022040F2055101E00120A7
:103AA0000521ADF824108DF827008DF8290006A90E
:103AB0000022284600F0BCFF9DF81800C0070DD07A
:103AC00006AC00BF00BF00BF00BF00222846214651
:103AD00000F0AEFF9DF81800C007F5D1E9464FF49D
:103AE0008270ADF810008520ADF80C0008208DF82C
:103AF0000E00002228464946002402944FF4827B9F
:103B0000009400F095FF49F6860749F2A921C0F21A
:103B10000027009AC0F200213846FCF7E1FA0022A3
:103B2000284649464FF0010ACDF808A000F080FF72
:103B300048F66771009AC0F200213846FCF7D0FAC7
:103B40000220029000222846494600F071FF49F207
:103B50008371009AC0F200213846FCF7C1FA0320B5
:103B6000029000222846494600F062FF49F2831184
:103B7000009AC0F200213846FCF7B2FA0420029005
:103B800000222846494600F053FF49F28A01009A74
:103B9000C0F200213846FCF7A3FA0520029000226B
:103BA0002846494600F044FF49F2BC51009AC0F251
:103BB00000213846FCF794FA06200290002228469D
:103BC000494600F035FF49F2EE61009AC0F200214B
:103BD0003846FCF785FA072002900022284649461D
:103BE00000F026FF49F2B821009AC0F200213846C1
:103BF000FCF776FAFFF790FC42F204700122C2F261
:103C000002204946CDE903448127007805940090BD
:103C10002846CDE9014AADF810B0ADF80C708DF82A
:103C20000FA000F005FFFFF777FCE72000900122CE
:103C300028464946CDE903440594ADF810B0CDE9D6
:103C40000144ADF80C708DF80FA04F4600F0F0FE67
:103C50000920ADF8180006A802F0FAF840F2FF318A
:103C6000284600F0EDFE814658B149F6860049F23B
:103C7000EA21C0F20020C0F200214A46FCF79CFA7B
:103C800009E049F6860049F2D961C0F20020C0F28D
:103C90000021FCF725FA92A0002239464FF0000AD5
:103CA00090ED001F48F28550ADF80C002846CDF885
:103CB00008A0CDF800A087ED0E0F00F0B9FE49F680
:103CC000860449F2A921C0F20024009AC0F2002122
:103CD0002046FCF705FA01200290002228463946CA
:103CE00000F0A6FE48F66771009AC0F20021204657
:103CF000FCF7F6F90220029000222846394600F02F
:103D000097FE49F28371009AC0F200212046FCF729
:103D1000E7F90320029000222846394600F088FE89
:103D200049F28311009AC0F200212046FCF7D8F92D
:103D30000420029000222846394600F079FE49F21C
:103D40008A01009AC0F200212046FCF7C9F905203B
:103D5000029000222846394600F06AFE49F2BC5122
:103D6000009AC0F200212046FCF7BAF90620029022
:103D700000222846394600F05BFE49F2EE61009AC7
:103D8000C0F200212046FCF7ABF907200290002288
:103D90002846394600F04CFE49F2B821009AC0F29C
:103DA00000212046FCF79CF9BFF34F8FBFF36F8FC4
:103DB000C6F870A043F6E073BFF34F8FF16EC1F306
:103DC0004E30CA08C1F3C9014F1C9107420100BF20
:103DD00002EA030547F001E00D4400BF00BF00BF49
:103DE000C6F84C5205F140450FF007C00028A0F17D
:103DF0000100A2F12002EBD1BFF34F8F49F68607F5
:103E000049F69401BFF36F8FC0F20027D8F8002065
:103E1000C0F200213846D8F80440D8F80850D8F845
:103E20000C80FCF75DF949F249513846C0F2002197
:103E30002246FCF755F949F2AC513846C0F2002150
:103E40002A46FCF74DF949F2C8013846C0F2002174
:103E50004246FCF745F9BFF34F8FBFF36F8F3068D1
:103E6000C0032FD400203067BFF34F8FF16E43F6AD
:103E7000E073C1F34E30CA08C1F3C9014F1C91076A
:103E8000420100BF00BF00BF02EA030547F001E0A6
:103E90000D4400BF00BF00BFC6F84C5205F14045BD
:103EA0000FF007C00028A0F10100A2F12002EBD121
:103EB000BFF34F8F306840F480303060BFF34F8FD6
:103EC000BFF36F8F48460DB0BDE8F08F00BF00BF55
:103ED00000000000010000000000000004000000DD
:103EE0001F000000020000000400000002000000AB
:103EF00080B5FFF7C5FA002080BDD4D4D4D4D4D483
:103F00002DE9F0470D46097848F200020446C4F254
:103F1000350202EB01206062002020702562A27849
:103F20006969A162A969C4E90B0122F00300D5F80F
:103F30001C80411CA170697811B940F00200A0708A
:103F400095F90B204EF20019CEF200090126500916
:103F500002F01F034CF2003AA97A09EB800006FA3E
:103F600003F3C4F2000A4EF6185CC0F88030CEF2BB
:103F7000000CBFF34F8FBFF36F8F5AF82230002A27
:103F800023F480334AF822304FEA01115AF82230E4
:103F900004D409EB020383F8001304E002F00F03DA
:103FA000634403F8041C42F604010120C2F202211A
:103FB00041F8224095F90520530902F01F06B04050
:103FC0002E7909EB8303002AC3F880004FEA061319
:103FD000BFF34F8FBFF36F8F5AF8220020F4803069
:103FE0004AF822005AF8220004D409EB020080F8B3
:103FF000003304E002F00F00604400F8043C41F894
:104000002240012695F90720500902F01F0306FA05
:1040100003F3AE7909EB8000002AC0F880304FEA44
:104020000613BFF34F8FBFF36F8F5AF8220020F4AF
:1040300080304AF822005AF8220004D409EB02002A
:1040400080F8003304E002F00F00604400F8043C04
:1040500041F82240012695F90920500902F01F037A
:1040600006FA03F32E7A09EB8000002AC0F88030AC
:104070004FEA0613BFF34F8FBFF36F8F5AF822003A
:1040800020F480304AF822005AF8220004D409EBC8
:10409000020080F8003304E002F00F00604400F8F2
:1040A000043C41F822400120EFF3108680F3108891
:1040B00028784FF0004121FA00F043F20401C4F2E5
:1040C00020010A6822EA0000086008681E20012119
:1040D00001F0CAFF86F310884FF48061606A4FF4E4
:1040E00080428160E869E9786E78437802EA81313C
:1040F000077866F30921DA03437B92B207F00307DE
:1041000003F00103114441EA4352636A42EA076241
:10411000416802F580525A61027802F0FE03022BD8
:1041200007D14FF60471022ACFF6007108BF203183
:1041300000E00968626A11610C22017BAB78877824
:1041400062F39F014FF44072022B08BF4FF480725C
:10415000002B07F00103676A18BF114341EA03719E
:10416000F960626A002191612A78092A04D8626A9A
:104170000023C1F61F735362B0F80F20807B636A7F
:1041800040EA022041F60172C0F21F02104018639B
:10419000206AC4E90411C4E90611C569A160687CFC
:1041A00050B34EF25400C4F20100017801F00F0147
:1041B000022901D801220BE0CA1E052A06D249F6BF
:1041C0009C51C0F2002151F8226003E0083910220E
:1041D00002FA01F6407800F00F0001F0F5FE42F619
:1041E0002402697CC2F20222B0FBF6F0126851434D
:1041F000B1FBF0F00130A060606AB8F80A1010223C
:10420000A181C9F607528266206A90F905104A0911
:1042100001F01F035AF8210020F480304AF82100F1
:104220005AF8210009F5C0700121BFF35F8F01FA30
:1042300003F340F8223049F82230226A92F90B2029
:104240005AF8223023F480334AF822305AF82230C8
:10425000530902F01F02BFF35F8F01FA02F240F828
:10426000232049F82320226A92F907205AF82230A5
:1042700023F480334AF822305AF82230530902F0EE
:104280001F02BFF35F8F01FA02F240F8232049F8C2
:104290002320226A92F909205AF8223023F480332D
:1042A0004AF822305AF82230530902F01F02BFF3B5
:1042B0005F8F914040F8231049F8231040F21141DC
:1042C000606AC0F201018160606A00BF00BF00BF88
:1042D000017FC907FCD044F642110020C5F24331EA
:1042E0006160BDE8F087D4D403460020C3E906121C
:1042F0007047D4D4D4D4D4D4D0F824C0DCF8083057
:1043000023F44013CCF80830D0F824C000BF00BF1D
:10431000DCF848305B00FBD5DCF8083023F01003F4
:10432000CCF80830D0F824C09CF81C30DB06FBD455
:10433000C0E904120020DCF8081041F01011CCF89C
:1043400008107047D4D4D4D42DE9F0410446406A13
:104350004FF6EE7288468668CFF6CE7232408260A3
:10436000206A00222261C769A260787C50B34EF2B5
:104370005400C4F20100017801F00F01022901D8B4
:1043800001220BE0CA1E052A06D249F69C51C0F252
:10439000002151F8225003E00839102202FA01F5F9
:1043A000407800F00F0001F00FFE42F62402797C05
:1043B000C2F20222B0FBF5F012685143B1FBF0F0FB
:1043C0000130A060606AD8F8001026F44012016144
:1043D0000020616A8A60BDE8F081D4D4D4D4D4D4FA
:1043E00000204FF0FF32C1E900227047D4D4D4D46A
:1043F0008A0703D40622C90715D116E0426A9368DA
:1044000023F440139360426A936C5B00FCD593687D
:1044100023F010039360426A137FDB06FCD4002272
:104420004261C90701D00022C26110467047D4D44E
:10443000844681620020CCE90B327047D4D4D4D4B6
:1044400044F642124168C5F2433291426DD1B0B593
:10445000416A8A6822F440128A60416A8A6822F0BE
:1044600010028A60416A00BF0A7FD206FCD4016A4A
:104470004EF2801CCEF2000C054691F907104A0955
:1044800001F01F03012101FA03F34CF82230BFF3BE
:104490004F8FBFF36F8F026A92F90920530902F020
:1044A0001F0201FA02F24CF82320BFF34F8FBFF333
:1044B0006F8F426A936823F480339360026A92F9A3
:1044C0000520530902F01F0201FA02F24CF82320E2
:1044D000BFF34F8FBFF36F8F026A92F90B2053091E
:1044E00002F01F0201FA02F24CF8232043F2040208
:1044F000BFF34F8FBFF36F8FEFF3108481F31088FA
:10450000016AC4F220024FF0004C1E2009781368A3
:104510002CFA01F1194311601168012101F0A4FD89
:1045200084F3108800206860B0BD07207047D4D4A1
:104530000246C069086000200021D1617047D4D4D0
:1045400006207047D4D4D4D406207047D4D4D4D411
:10455000B0B584B04FF07041EFF3038001EB006021
:104560004CF200318015C4F20001425822F480322E
:10457000425042F604024158C2F202221458206A04
:1045800000690028606902D0E0B104B0B0BDC8B1D4
:10459000A07800F003000228206905D10088616A34
:1045A00020F4DC40486002E0616A00780871A0787D
:1045B000226900F003016069401A606111442161C1
:1045C0000028E2D1616A02228D68A06862F3155565
:1045D00010B101F089FD616A8D60A06A00284FF07A
:1045E00000002061D1D0E06A20B190E82E008DE873
:1045F0002E0000E06846216A097801600021816090
:1046000080210171216BC160A16A8847E06A00289E
:104610001CBF9DE82E002EC004B0B0BDD4D4D4D4AD
:1046200010B586B04FF07041EFF3038001EB0060EE
:104630004CF200318015C4F20001425822F480325D
:10464000425042F604024158C2F202221458A078A5
:1046500000F00302606A022A03D101686FF35F2150
:1046600000E00178E0690191D0B1A06901A902F0F0
:10467000DBF9A078D4E9061200F003000144101A17
:10468000C4E9061034D1A06A90B3E06AE0B1D0E981
:1046900000C2D0E90231CDE90431CDE902C214E013
:1046A000A06A28B3E06A40B1D0E900CED0E9022385
:1046B000CDE90423CDE902CE00E002A8226A1278F7
:1046C00081600260042106E002A8216A0978016085
:1046D0000021816001210171216BC160A16A8847BD
:1046E000E06A28B102AC1ECC016042608360C46005
:1046F00006B010BDD4D4D4D4B0B584B04FF070415E
:10470000EFF3038001EB006042F604028115C2F270
:1047100002224FF6EF7304165558CFF6CF73696A2D
:104720008A681A408A60A96AE1B1E86A40B1D0E9B2
:1047300000C2D0E90231CDE90231CDE900C200E08A
:104740006846296A097801600021816002210171AF
:10475000296BC160A96A8847E86A00281CBF9DE8E8
:104760002E002EC04CF20030C4F2000050F824108D
:1047700021F4803140F8241050F8240004B0B0BD7A
:1047800070B584B04FF07041EFF3038001EB00602F
:1047900042F604028115C2F202225458A178636ADB
:1047A00001F00301022904D1D3F800C06FF35F2C9C
:1047B00001E093F800C09A6C2025082105EAD24553
:1047C0004FF0100E01EA12611EEA126229440A44F7
:1047D00003D0996C090458BF4032996E051641F018
:1047E000C8519966A16AD9B1E06A40B1D0E900E345
:1047F000D0E90216CDE90216CDE900E300E06846F3
:10480000216A0978C0F808C001600271216BC1609B
:10481000A16A8847E06A00281CBF9DE84E004EC090
:104820004CF20030C4F2000050F8251021F4803121
:1048300040F8251050F8250004B070BDD4D4D4D46D
:104840002DE9F04F81B0D1F818800D46012143F2D7
:10485000040298F800B0EFF3108981F31088044641
:1048600098F800104FF48030C4F2200248F200069D
:104870008840C4F2260611684FEA8B2721EA00001F
:10488000106010681E20012106EB8B2A01F0ECFB62
:1048900089F310882560C4F810A02888208198F832
:1048A0000100A07298F800100028E1726FF0CC00AF
:1048B000DAF8601008BF6FF033000840CAF86000F3
:1048C00048F2500098F80120C4F22600298800EB35
:1048D0008B2C4FF0F8554CF82210A27A98F80C3037
:1048E000002A4FF0180208BF082208BF4FF4F855FD
:1048F00003FA02F242A32A40F251D8F8042093EDC1
:10490000003F43A3177992FD000F07F0010722FF34
:10491000400493ED003F00EF520155EC113B56EC83
:10492000100B2B43557992793043184398F8013096
:1049300065F31B6140EAC750084340EA02704CF837
:104940002300204600F028FA40F68071C0F20101F1
:10495000CAF80810CAF80C10A17A00294FF0CC014F
:1049600008BF3321DAF8602041EA0201CAF860107A
:1049700070B142F2A87298F80010C2F20222490007
:10498000126822FA01F189071AD001B0BDE8F08F50
:1049900045F249010123C7F65301616098F80110FF
:1049A00098F8002003FA01F142F2A873C2F2022340
:1049B000520091401F683943196001B0BDE8F08F83
:1049C00043F204070121EFF3108581F31088C4F24C
:1049D000200798F800104FF4803204463B6802FA32
:1049E00001F11E20194339603968012101F03CFBB7
:1049F000204685F3108801B0BDE8F08F00BF00BFEE
:104A00001000000015000000140000001600000057
:104A100000000F0000002000000010000000400017
:104A200006207047D4D4D4D406207047D4D4D4D42C
:104A300080B500F015FA002080BDD4D4D4D4D4D4ED
:104A4000B0B505890446018100F0A6F9052808BF24
:104A50002581B0BDD4D4D4D42DE9F04381B007462C
:104A600000680D461C46867938469046D7F8109067
:104A7000314600F059FA20B149F6424001B0BDE894
:104A8000F083FA685189B9B33869BB7A127908267C
:104A900006EAC303036700BF036FDB07FCD11023E3
:104AA000012A04BFC9B2182302F00302994011443D
:104AB00001F50041C0F880100021C0F88410C0F852
:104AC0008810016F41F00101016700BF00BF00BF06
:104AD000016FC907FCD10526D0F89011C0F89411D8
:104AE0003868C179384600F01FFA28B9013EF7D17D
:104AF000132001B0BDE8F083082C33D3A4F10800E3
:104B000028F0070618284FF001021AD3711B10294C
:104B100017D302EBD00323F00107B81E05EBC70142
:104B200002EB500E304606EBC706A4EBC70400BFED
:104B3000B5EC041FA0EC041F0FF007C0BB4201D16D
:104B400010E02946A4F10800072828BF0720C04329
:104B5000204402EBD00E00BFF1E80202E6E80202B8
:104B60000FF007C0BFF35F8F4FF44070C9F86400C7
:104B7000002001B0BDE8F0832DE9F04F81B004467C
:104B8000C7680068884697F805B097F8179083794A
:104B900020461646194600F0C7F920B149F64240B2
:104BA00001B0BDE8F08F796A087940B10968043135
:104BB0000A68964207D0013801F10801F8D10026B1
:104BC0004FF0010A04E0701C31F8046C5FEA0F9AA0
:104BD000E2685189C1B32069A37A1279082505EAF0
:104BE000C303036700BF00BF036FDB07FCD11023C3
:104BF000012A04BFC9B2182302F0030299401144EC
:104C000001F50041C0F880100021C0F88410C0F800
:104C10008810016F41F00101016700BF00BF00BFB4
:104C2000016FC907FCD10525D0F89011C0F8941187
:104C30002068C179204600F077F928B9013DF7D105
:104C4000132001B0BDE8F08F0BF101006FF00701F8
:104C5000C0B269F0FF02BAF1000F01EBC00002FA26
:104C600000F028EA000005D079791C22013102EA1F
:104C7000810200E000222169A57A3B79082707EA32
:104C8000C5070F6700BF00BF0F6FFF07FCD103F020
:104C90000307012B4FF0100304BFF6B2182306FAE6
:104CA00003F33A431A4402F50042C1F88020C1F8E8
:104CB00084000020C1F88800086F40F001000867F8
:104CC000086FC007FCD1D1F89001C1F894012069A8
:104CD000D0F884118907FBD14FF440614166002070
:104CE00001B0BDE8F08FD4D410B502680C469279BB
:104CF000114600F019F901460020217010BDD4D4EE
:104D000006207047D4D4D4D406207047D4D4D4D449
:104D100006207047D4D4D4D40189890501D4002059
:104D2000704700F055B9D4D401680022012342F243
:104D3000A87C89694260C2F2022C08784A7803FA9A
:104D400002F240008240DCF8003023EA0202CCF894
:104D5000002022FA00F0800701D00020704710B533
:104D60000120EFF3108480F310884FF4803208782C
:104D700043F20401C4F2200102FA00F00B68184368
:104D8000086008681E20012101F06EF984F3108884
:104D9000BDE810400020704770B5016889698968D6
:104DA0000A7962B1B0F808E0D0F810C0096800BF15
:104DB0000B88734505D0013A01F12801F8D105208F
:104DC00070BD827AC16040F2FF736FF39F2E0CF1C9
:104DD00010060CEB8202146DCD7824EA030305F073
:104DE0000104734443EA84231365CA7D91F802E009
:104DF0004D79837A140465F383041B0144EA0E049D
:104E0000032D08BF44F47004F45090F80AE091F8C0
:104E100004C0CC880B89BCF1010F8D7C08BF240233
:104E200006EB0E12A4B2C97C65F314445460827A76
:104E300008BF1B029BB206EB021261F3144393609E
:104E400001688969097B11B90189890501D40020AC
:104E500070BDBDE8704000F0BBB8D4D4D4D4D4D475
:104E60002DE9F0430E7C91F80E80CF7B1C244D7C05
:104E700004EA860C4FF478544FF4F07607F00309F7
:104E800004EA48288C89012F4FF01007036906EACD
:104E9000451E4FEAC23608BFE4B208BF1827857A1C
:104EA000B6B204FA07F0082404EAC5041C6700BF80
:104EB0001C6FE407FCD146EA0904012A44EA0C0706
:104EC00047EA0E0747EA080740EA0700C3F88000F0
:104ED0008868C3F8840008D10868C3F88800487C53
:104EE000052802D34868C3F88C00186F40F0010011
:104EF000186700BF00BF00BF186FC007FCD162B9C0
:104F0000D3F888004A7C052A4FF00002C1E900026C
:104F100003D3D3F88C20C1E90002D3F89001C3F881
:104F20009401BDE8F083D4D4F0B5C568AA899AB1DC
:104F30002B7E9BB195F820402E7995F814E0D5F89A
:104F40001CC00134230A0ED1038940F2FF37BB4253
:104F50000AD16B795C1C07E00020F0BD2E7995F832
:104F600014E04FF0000C00240569807A082303EA5E
:104F7000C000286700BF00BF286FC007FCD146EA09
:104F80004E2043F6036704F0070338401027012E34
:104F900004BFD2B21827BA4040EA83001044203040
:104FA000C5F88000C5F884C0286F40F0010028676C
:104FB000286FC007FCD1D5F88800D5F89021C840EB
:104FC000C5F8942100F00100F0BDD4D4D4D4D4D4D9
:104FD000B0B590F80AE00268D0E90331D2F818C001
:104FE00001EB4E10D0F83021D20759D19D7C5A796F
:104FF0001C79DB88013200F59870012C44EA0564C5
:1050000040F2030502F00702C1F6007504EA050448
:105010004FF0805508BF1B0244EA820202F5F0728D
:1050200042601A048260DCF81020002322F07042F3
:10503000CFF6FF73C2600361FF224FF20073C0F22C
:105040000802C0F2FF03426183614FF2087241F629
:105050000273CFF20072C1F60073C261036002688E
:1050600042F0010202604FF0804202FA0EF305FAAC
:105070000EF200BF00BF00BFD1F890511D4204BF27
:10508000D1F890511542F7D0056825F0010505606B
:10509000D1F89001184206D00020C1F89431B0BD7B
:1050A00049F64240B0BDD1F89001104204D04FF40F
:1050B0009660C1F89421B0BD0020B0BDD4D4D4D442
:1050C00080B545F25422C5F24F020260084600F056
:1050D00037F9002080BDD4D40146002000220A60A8
:1050E0007047D4D4D4D4D4D480B5084600F028F97D
:1050F000002080BDD4D4D4D470B586B001A804906B
:1051000003A814460D46ADF8081001920126ADF82B
:105110000C6000F07DF942F60000EFF31081C2F25E
:10512000022086F3108802683AB940F61452002330
:10513000C4F240021370402313700268013202600F
:1051400081F31088E10340F600014FEA1522C4F212
:10515000400101D4EBB20CE001EB8216EBB256F841
:10516000235025F4803546F8235024F4803546F842
:10517000235001EB8211012241F82340EFF310810B
:1051800082F31088026812B10268013A0260006876
:1051900038B940F614500022C4F240000270802258
:1051A000027081F31088002006B070BDD4D4D4D42E
:1051B00004200023C4F24000CFF6FF7340EAD10080
:1051C000C9B220F01B00006843EA104020FA01F148
:1051D000002001F0010111707047D4D4D4D4D4D48C
:1051E00010B56FF00100CBB200EAD11001210C2400
:1051F00001FA03FE0101C4F2400444EA001C4FF42A
:105200008030012A625800FA03F004D122EA00003B
:1052100040EA0E0203E022EA0E0141EA0002002009
:10522000CCF8002010BDD4D46FF03F00CBB200EA20
:10523000910040F6000100EB8300C4F240014158A8
:105240000020C1F3400111707047D4D4D4D4D4D419
:1052500010B5CBB2012098406FF0010E84B20EEA77
:10526000D110002A40F208024FF4803C4FEA0011AE
:10527000C4F240024FF0000008BF0CFA03F454508F
:1052800010BDD4D4D4D4D4D480B56FF0010040F292
:10529000000C00EAD110C4F2400C010103EA020E36
:1052A00062EA03025CF801004EEA000E002002EA06
:1052B0000E024CF8012080BD6FF0010000EAD11011
:1052C00004210001C4F2400109580020090C11809A
:1052D0007047D4D4D4D4D4D46FF0010003EA020CC4
:1052E00000EAD11023EA02010C230201C4F24003B8
:1052F00000204CEA014199507047D4D4D4D4D4D47E
:105300006FF00100042300EAD110C4F24003010150
:1053100000205958118070476FF0010003EA020C19
:1053200000EAD11023EA020108230201C4F240037B
:1053300000204CEA014199507047D4D4D4D4D4D43D
:1053400070B5044600F064F842F6000CEFF31081EB
:10535000C2F2022C012080F31088DCF8000038B97A
:1053600040F614500022C4F2400002704022027045
:10537000DCF800000130CCF8000081F310882088B0
:1053800030B340F6000E0021C4F2400E08E000BF2A
:105390000EEB8010013140F822302088814217D274
:1053A000606800EBC10250F831309288D8034FEAB0
:1053B0001220D2B2ECD50EEB801555F8226026F4FF
:1053C000803645F8226023F4803645F82260DFE716
:1053D0000120EFF3108180F31088DCF8000020B189
:1053E000DCF800000138CCF80000DCF8000010B157
:1053F00081F3108870BD40F614500022C4F24000C2
:1054000002708022027081F3108870BDD4D4D4D48D
:105410002DE9F04F81B004460088002867D04EF691
:105420004C4B0025C4F2010B4FF0010A04E000BF11
:105430002088013585425AD249F6186642F2400862
:105440000027C0F20026C4F220080CE000BF00BF15
:1054500088F80000C820012100F006FE013708F19D
:105460000208032FE4D0606836F8021B00EBC50089
:1054700082888A42F2D100689BF8001000F0B85090
:105480000AFA07F9B0F1807F09EA010018D158B98A
:10549000012000F09DFE9BF8000040EA09008BF817
:1054A0000000012000F068FE98F900000028D5D423
:1054B00098F8000040F08000CAE700BF00BF00BFBE
:1054C00058B1012000F084FE9BF8000020EA09009A
:1054D0008BF80000012000F04FFE98F90000B0F1B9
:1054E000FF3FBBDC98F8000000F07F00B0E701B0A0
:1054F000BDE8F08FD4D4D4D42DE9F04381B00D466B
:1055000049684560044608784AF20006C4F200067D
:105510004FF000084FF0010906EB8010A060C8684A
:10552000E0604869606143F20000C4F81080C4F292
:105530002000EFF3108789F31088016821F48001BF
:10554000016000681E20012100F08EFD87F31088A5
:1055500086F8009886F810882046296800F0CCF874
:1055600044F243110020C4F24D41216001B0BDE876
:10557000F083D4D4D4D4D4D410B5044600F0BCF80D
:10558000A168002001220A7710BDD4D4D4D4D4D489
:1055900080B582B00191009241684CF2802CC4F237
:1055A000000C4FF0000E49680A784CF822E082683F
:1055B00082F81CE00A7849894CF82210816881F849
:1055C0001DE0019911B1019982681160009911B132
:1055D00000998268516081680A8AB2F5804F4FF065
:1055E0000C0238BF08228B500122816800200A7704
:1055F00002B080BDD4D4D4D48168002001220A77BF
:105600007047D4D4D4D4D4D441684CF2802CC4F2A2
:10561000000C002349680A784CF82230826813771E
:105620000A7849894CF82210816800204B7770472E
:10563000826809010020013151777047D4D4D4D455
:105640008168002000224A777047D4D4D4D4D4D4BF
:105650004FF480628A604FF480320A608268138A55
:10566000D2684A6000228068B2EB933F806880B2C3
:10567000C86002D14FF6FF70886000207047D4D414
:10568000014640684CF2802C00224068C4F2000CB5
:1056900003784CF823208B681A77C368EBB1B0B558
:1056A00090F901304EF28015CEF200054FF0010E58
:1056B00003F01F0C5B090EFA0CF445F8234042F688
:1056C0000403BFF34F8FBFF36F8F90F90100C2F255
:1056D000022343F82020BDE8B04000200A60704754
:1056E00006207047D4D4D4D403460020D9605A6130
:1056F0007047D4D4D4D4D4D42DE9F04F81B04268CB
:105700004CF28029C4F20009002752684CF2C00410
:10571000137849F8237083681F771378568949F8FE
:1057200023604FF0FF3683685F774FF440730D6856
:105730004FF4404703EA1553B1F80EC007EA154786
:1057400006EB95763B44022E0DD84CEA0C47B1F897
:105750000CE0022E27F0FC2C09D04FF4805606EA0C
:105760001526334303E043F400534FF0000EC668A0
:10577000578904EA153B0097D6B14FF01C08AF0FCC
:10578000AC024EF2001A58BF4FF0100892F90150C7
:10579000022F9778CEF2000A88BF4FF01008002D34
:1057A0004FEA07170CD40AEB050686F8007311E0E0
:1057B0004FF00008B5F1404F2ED2002500274EE0F3
:1057C00074464EF6145E05F00F06CEF2000E06F893
:1057D0000E70A64642F6040709EB8506C2F20227C0
:1057E000012447F82500D6F8807027F48037C6F8E2
:1057F0008070D6F880706F0905F01F05BFF35F8FCA
:105800000AEB870604FA05F5C6F880514AF82750D6
:105810000D68B5F1404FD0D3B1F80C9005F040665B
:10582000CF89B6F1806F03D14BF4005BCA4601E02B
:10583000B2F808A005F44026B6F5802F08BF01276E
:105840004E68856807FB09F72E624AEA0A458E68AA
:105850008468C7EA074708BF4BF0200B666286687A
:10586000B5628668F7628768A7F814B08768009CFD
:10587000002C18BF43F001033B824B6887683B60F4
:105880008968836859608168C1F808C08168C1F877
:105890000CE0816852688A61806880F8138001B0EA
:1058A000BDE8F08FD4D4D4D410B582B04FF070419D
:1058B000EFF3038001EB00604CF200318015C4F27D
:1058C0000001425822F48032425042F6040241580C
:1058D000C2F202221458E1686069019001A8884769
:1058E000A068C16800291CBF0121017702B010BD6A
:1058F0004EF22401C4F201018878098801F00F02F8
:10590000A2F1080103293BD8DFE801F0022C101EA8
:1059100040F24041C2F2022151F820004AF6AB2188
:10592000CAF6AA21A0FB0101480830E040F240413C
:10593000C2F2022151F820004AF6AB21CAF6AA2190
:10594000A0FB0101C80822E040F24041C2F202215E
:1059500051F820004AF6AB21CAF6AA21A0FB0101AA
:10596000080914E040F24041C2F2022151F820003F
:105970004AF6AB21CAF6AA21A0FB0101880806E07D
:1059800040F24041C2F2022151F82000D04042F6DC
:105990002401C2F2022108607047D4D4D4D4D4D4F4
:1059A0002DE9F04782B00FF288404EF2FA3840F20B
:1059B0004046C4F201084AF2015190ED001FC2F2C4
:1059C00002260FF27C40CFF6FF714EF255050231F0
:1059D000A8F8001086ED001F06F12003C4F20105AF
:1059E00090ED001F44F2553040F2AA21C1F2DE30A2
:1059F00043F6000286ED041FC0F6E571C1F69C4235
:105A000007C315F82F0C35F8311C01F00F02A2F175
:105A1000080103292BD8DFE801F002200C164AF612
:105A2000AB2156F82000CAF6AA21A0FB01014808C4
:105A300020E04AF6AB2156F82000CAF6AA21A0FBC6
:105A40000101C80816E04AF6AB2156F82000CAF654
:105A5000AA21A0FB010108090CE04AF6AB2156F887
:105A60002000CAF6AA21A0FB0101880802E056F82E
:105A70002000D04042F6240A4EF60044C2F2022A28
:105A8000C4F201040A214EF60147CAF800004FF69D
:105A90005060CFF6FF70C4F201072154092085F849
:105AA0004D00207818B93878800700F0B881207848
:105AB00048B901202070C820012100F0D5FA00BFAC
:105AC00020780128FCD10020387020704AF201595A
:105AD000002005F8230C00BF15F8190C0007FBD5B2
:105AE00042F602314EF61450C0F20101C5F87310AF
:105AF00040F2834125F8071C002205F80B2C4FF6D5
:105B00000211C5F8571040F2415125F8091CCEF298
:105B100000004EF20001BFF34F8FBFF36F8F036899
:105B2000CEF2010123F400330360C0F83C22BFF33E
:105B30004F8FBFF36F8F0A6822F440520A60BFF3A1
:105B40004F8FBFF36F8F15F8412C02F0F80201322E
:105B500005F8412C00BF00BF15F8412CD206FBD43C
:105B60000A6842F440520A60BFF34F8FBFF36F8F51
:105B70000168890312D4BFF34F8FBFF36F8F0021E9
:105B8000C0F83C12BFF34F8FBFF36F8F016841F431
:105B900000310160BFF34F8FBFF36F8F002005F816
:105BA0002B0C00BF00BF00BF15F8190C8006FBD5F9
:105BB0004CF200040020C4F21304207020782078F6
:105BC00020786068FA2807D0FA20C1F6006000BF8C
:105BD00060606168FA29FBD1A0687D2808D07D202B
:105BE000CEF2001000BF00BFA060A1687D29FBD1EC
:105BF00043F23240C3F2232045F8350C42F2201024
:105C000025F8310C052005F82F0C15F82F0C35F868
:105C1000311C01F00F02A2F1080103292BD8DFE8A3
:105C200001F002200C164AF6AB2156F82000CAF605
:105C3000AA21A0FB0101480820E04AF6AB2156F852
:105C40002000CAF6AA21A0FB0101C80816E04AF606
:105C5000AB2156F82000CAF6AA21A0FB01010809D1
:105C60000CE04AF6AB2156F82000CAF6AA21A0FBA8
:105C70000101880802E056F82000D040CAF8000070
:105C80001E200121012700F0EFF960686FF39F20CB
:105C9000652828BF277015F82F0C35F8311C01F046
:105CA0000F02A2F1080103292BD8DFE801F002203E
:105CB0000C164AF6AB2156F82000CAF6AA21A0FB22
:105CC0000101480820E04AF6AB2156F82000CAF648
:105CD000AA21A0FB0101C80816E04AF6AB2156F83C
:105CE0002000CAF6AA21A0FB010108090CE04AF62F
:105CF000AB2156F82000CAF6AA21A0FB01018808B2
:105D000002E056F82000D04042F20001CAF800003C
:105D1000C4F200010120A1F80090BFF35F8F087268
:105D20004FF42540BFF35F8F088095F8850040F061
:105D3000400085F8850000BF95F98500B0F1FF3F70
:105D4000FADC012085F87F00C92085F8850095F8E8
:105D5000850000F0BF0085F8850000BF00BF00BFD0
:105D600095F985000028FBD4012005F8020CE87F96
:105D700040F04000E87700BF95F91F00B0F1FF3F09
:105D8000FADC0720E8754A20E8770A20E87700BFA8
:105D900095F91F000028FBD440F20950ADF8060029
:105DA0000DF1060000F054F8287840F0400028700B
:105DB00095F90000B0F1FF3FFADC022005F8010C74
:105DC000CA202870287800F0BF00287000BF00BFEC
:105DD00095F900000028FBD495F8220040F040001F
:105DE00085F8220000BF00BF95F92200B0F1FF3F07
:105DF000FADC0420A876CA2085F8220095F8220053
:105E000000F0BF0085F8220095F922000028FBD49D
:105E10004FF42540A8F8000002B0BDE8F0874FF429
:105E20007A7000F0CDF851E600BF00BF00BF00BFA0
:105E3000006CDC0200127A000080000000366E0167
:105E40000080000000CA9A3B0046C3230084D71795
:105E50002DE9F04F81B04EF2FA3143F20406C4F25C
:105E600001018246C4F220064AF20350B1F80090C4
:105E700008804FF0010B00254FF4803401270020EB
:105E800008E000BF00BF00BFF8074FF001004FF06F
:105E9000000716D004FA00F132680A42F4D1EFF399
:105EA00010888BF3108832680BFA00F011433160D0
:105EB000316805431E20012100F0D6F888F31088D0
:105EC000E2E74EF2750740F24041C4F20107C2F228
:105ED0000221387800F00F0051F8200017F8081C54
:105EE00001F00F01022901D801220BE0CA1E052A88
:105EF00006D24AF29801C0F2002151F8221003E0C4
:105F00000839102202FA01F1B0FBF1F04DF683617D
:105F1000C4F21B31A0FB01016FF0010000EA514007
:105F2000012100F0A1F8387840F04000387000BF3F
:105F300097F90000B0F1FF3FFADC9AF8010007F88A
:105F4000080C9AF8000040F0400038709AF8000001
:105F5000387000BF00BF00BF97F900000028FBD4D5
:105F600000204FF0010A4FF48038012406E000BF02
:105F7000E0074FF001004FF0000415D025FA00F1C2
:105F8000C907F5D0EFF310878AF3108808FA00F0FC
:105F9000316821EA0000306030681E20012100F0E5
:105FA00063F887F31088E3E74EF2FA3149F42540AD
:105FB000C4F20101088001B0BDE8F08FD4D4D4D47C
:105FC0007047D4D4D4D4D4D440F24041C2F2022198
:105FD00051F820007047D4D4B0B542F22404C82050
:105FE000C4F2200401210025257100F03DF8257040
:105FF000207808B12FF005C0207840F00200207012
:1060000020788007FCD4002004F8020C00BF00BFF9
:1060100014F8020C08B12FF005C84FF0030E002051
:1060200004F11C0100BF00BF11F8102002F07F0234
:1060300001F8102000BF00BF11F91020002AFBD486
:1060400001300FF00FC8012000F0C2F84EF64C41AD
:106050000120C4F2010100220A70BDE8B04000F046
:106060008BB8D4D4D4D4D4D442F6240241F2002341
:10607000C2F20222C0F27A03484312689A420FD356
:1060800044F23F21C0F20F0111444DF68362C4F285
:106090001B32A1FB0212910CA0FB0101C9B11DE052
:1060A0004CF60021C3F69A31B1FBF2F148F63812F2
:1060B000C0F24102904205D24FF47A725043B0FBD5
:1060C000F1F006E0B0FBF1F0904207D24FF47A71A4
:1060D0004843002808BF704700F006B84FF0FF3073
:1060E00000F002B8D4D4D4D401380028FCD17047D1
:1060F000F0B581B04CF2201542F2AC77C4F2000545
:106100000024C2F2022755F8200C296801EA000693
:1061100006E000BF00BF00BF01340437152C09D0D2
:1061200026FA04F0C007F7D039680029F4D02046D9
:106130008847F1E745F8106C28683042FCD101B07F
:10614000F0BDD4D4D4D4D4D480B54FF0050E4CF2E5
:10615000003049F66451C4F20000C0F2002100BFD3
:1061600031F8022B002A18BF026004300FF009C07A
:1061700080BDD4D4D4D4D4D4EFF31081012282F3DF
:10618000108842F61802C2F2022232F8103023B10F
:1061900032F81030013B22F8103032F8102012B1E2
:1061A00081F3108870474EF2FA324AF2AC0CC4F216
:1061B0000102C0F2002C13883CF8100043F4254380
:1061C00023EA0000108081F310887047D4D4D4D41F
:1061D00010B5EFF31081012282F3108842F6180205
:1061E000C2F2022232F8103083B94EF2FA3E4AF27D
:1061F000AC0CC4F2010EC0F2002CBEF800403CF81A
:106200001030234343F42543AEF8003032F8103009
:10621000013322F8103081F3108810BDD4D4D4D4C7
:1062200000F00AF8FDF764FEFEE7D4D4D4D4D4D449
:1062300000BE7047D4D4D4D42DE9F0474EF614559F
:1062400040F20120CEF20005C0F20E004EF2000432
:106250002860CEF20104BFF34F8FBFF36F8F55F864
:10626000141CC1F3035001285FEA1F9211F00F0FB5
:106270005FEA0F911142216811D102280FD241F03B
:10628000040020604EF20800BFF34F8FCEF20000F2
:10629000BFF36F8F016841F48031016002E021F0AB
:1062A00004002060BFF34F8FBFF36F8F4FF4700077
:1062B00040F2000168670020C0F2002145F80C1C84
:1062C000FDF71AF9FFF76CFB4EF2FA304AF2025171
:1062D000C4F20100022201804EF6B021C4F2010195
:1062E0000A704FF4254101800120FDF705F940F2C5
:1062F0004000C2F2012080F30A882068800723D57D
:1063000055F80C0CB0F1007F1ED120694FF40071DC
:10631000C0F3C300626901FA00F3C2F3C300814015
:106320000020DA08CB080146074642F005C800BF46
:10633000E7E802010FF005C04FF0005243F005C03E
:10634000E2E802010FF005C049F66C68C0F20028CF
:10635000D8F800708FB1D8F804003E46041D03E061
:10636000013E04F10C0408D060790028F8D154E90A
:106370000101091A00F054FBF2E7D8F80890B9F1CE
:10638000000F13D0D8F80C004E4600F1080403E0CB
:10639000013E04F1100409D060790028F8D154E9D5
:1063A00002022168121A00F03FFBF1E7FFF7A0FAA2
:1063B000FFF712FE0320FFF70BFF4FF00E0E40F623
:1063C0003050C4F24000002120F8041B0FF005C03B
:1063D0000320FFF7D1FE0320FFF7FAFE44F204008A
:1063E0000021C4F22000016041608160C16003208F
:1063F000FFF7C2FED8F810A0D5F8AC104422BAF1CD
:10640000000F62F30701C5F8AC1025D0D8F81410BE
:1064100000234FF0200E4FF0010C002404E000BFD9
:106420000134E3B29A4517D901EBC30251F8336046
:10643000526822F01F02203A0EEB5210B0EB561FAA
:10644000EED942F001006CF30406C5F88430C5F8BB
:106450008860C5F88C00E3E7BFF35F8F0520C5F8BF
:106460008000286940F480302861BFF34F8FBFF36C
:106470006F8F2868C0032DD400202867BFF34F8F8B
:10648000E96E43F6E073C1F34E30CA08C1F3C901A7
:106490004E1C9107420100BF02EA030446F001E0EE
:1064A0000C4400BF00BF00BFC5F84C4204F140449B
:1064B0000FF007C00028A0F10100A2F12002EBD1EB
:1064C000BFF34F8F286840F480302860BFF34F8FB0
:1064D000BFF36F8F4EF21014C4F20104D4F8C80257
:1064E000800714D42078A0B10120FFF771FE00BF0F
:1064F00094F9000010F1410FFADC0020207000BF79
:1065000020783F28FCD80120FFF736FE01E0D4F8C0
:10651000C802D4F8C802400715D42079A8B10120D8
:10652000FFF756FE00BF00BF94F9040010F1410FC1
:10653000FADC0020207100BF20793F28FCD8012020
:10654000FFF71AFE01E0D4F8C8020220FCF7D4FFDE
:10655000A7B1D8F804004FF48076041D04E000BF12
:10656000013F04F10C0409D06079B6EB002FF7D19C
:1065700054E90101091A00F053FAF1E7B9F1000FEB
:1065800016D0D8F80C004FF4807700F1080404E02E
:10659000B9F1010904F110040AD06079B7EB002FBA
:1065A000F6D154E902022168121A00F03DFAEFE731
:1065B00042F62C04C2F20224204600F0A9FB204639
:1065C00000F0BEFBBFF34F8FBFF36F8F0020C5F805
:1065D0003C024AF248404AF24C41C0F20020C0F26C
:1065E0000021BFF34F8F081ABFF36F8F8410012C67
:1065F0000BDB4AF24845C0F2002500BF00BF00BFD8
:1066000055F8040B8047013CFAD1FFF79DFD0020AF
:10661000BDE8F04700F000B87047D4D450EA01025A
:1066200002BF9FED3B0A10EE100A704780EAE1704E
:1066300081EAE172B0EBE17362EBE172B3FA83F0ED
:106640002030002A4FEAE17118BFB2FA82F0272801
:1066500009D870B5262838D027280DD1520042EA33
:10666000D3725B0031E0A0F1280203FA02F2B0F12C
:10667000480358BF002235E0C0F1060600F11A0CAD
:10668000841F23FA06F502FA0CFE45EA0E0558BFF0
:1066900003FA04F503FA0CF458BF00242543C0F1B3
:1066A00026045FEA0F9CC4F12005002E23FA04F3B0
:1066B00002FA05F543EA050358BF22FA06F322FA67
:1066C00004F243EA0C0358BF0022C3F380063343AD
:1066D000013342F100025E01BDE8704004D49B0822
:1066E00043EA82723F2303E0DB0843EA427240231D
:1066F000181A6FF3DF5201F00041114441EAC05013
:1067000000F17E5000EE100A10EE100A704700BF34
:106710000000000040B584B002AE009600F004F81E
:10672000029A039B04B040BDB0B584B00D4602A9E7
:1067300080EAE57000911C4682EAE37285EAE57121
:10674000B0EBE57061EBE57183EAE373B2EBE47201
:1067500063EBE47300F017F8DDE90223DDF820C0F5
:1067600083EAE57382EAE572B2EBE57263EBE57307
:10677000CCE90023E21782EAE57250405140801ACA
:10678000914104B0B0BD2DE9F04F099D844681B11F
:10679000C2B14BB3B1FA81F7B3FA83F6F71B202FDE
:1067A0004FD3002D18BFC5E900C100200021BDE86E
:1067B000F08FCBB30021002D64D00020C5E900C1CB
:1067C000BDE8F08F002B60D0002861D05F1E3B42F7
:1067D00000F08580B1FA81F7B3FA83F6F71B1F2F1B
:1067E000DFD207F1010C3CE0571E3A425DD0B1FA0E
:1067F00081F7B2FA82F6F71B07F1210CBCF1200FEA
:1068000024D0BCF11F0F79D8CCF1200620FA0CF768
:1068100021FA0CF901FA06F5B0403D434FF0000AA9
:10682000BCF1010F2CD07CE0B0FBF2FC002D1EBFB0
:106830000CFB12000021C5E9000100216046BDE803
:10684000F08F07F1010CBCF1200F0AD14FF00009C5
:106850004FF0200C0D464FF0000ABCF1010F0FD095
:106860005FE0C7F11F0720FA0CF621FA0CF901FAD4
:1068700007F5B84035434FF0000ABCF1010F50D185
:1068800000248FE00020BDE8F08F6046BDE8F08F67
:10689000B1FBF3FC002D1EBF0CFB13100021C5E95A
:1068A000001000216046BDE8F08F002D1EBF0023C0
:1068B0000740C5E90073012A0ED092FAA2F24F00F8
:1068C000B2FA82F202F01F03D140D8401F23934353
:1068D00007FA03F343EA000C6046BDE8F08F002D91
:1068E0001CBF07EA0100C5E900C093FAA3F0B0FAA3
:1068F00080F021FA00F00021BDE8F08FACF1200714
:10690000CCF140044FF0000920FA07F601FA04F533
:106910002E4300FA04FA21FA07F53046BCF1010FC4
:10692000AED02CF001070126023F4FF0000B06EB22
:10693000570E4FEA490444EAD5746D0045EAD07514
:106940004000E743E943891843EB0708AF1A64EBBB
:106950000306B8F1000F56EA448457EA45856400FF
:1069600044EAD5746D0045EAD07540EADA70AE1A93
:106970006FEA050164EB030789184FEA40006FEAEC
:106980000401594157EA448956EA4585CC0F4BEA40
:106990004A010027A34640EAD170490041EAD87A6B
:1069A0000FF039C85FEACC711ED06F004FEA490181
:1069B00047EAD07741EAD571B7EB020C4FEA4000C5
:1069C00061EB030EFD4352196FEA010653EB060219
:1069D00040EADA705EEA41895CEA4785D10F44EA11
:1069E0004A0200270C4692464FEADA7141EA40001B
:1069F00009994FEA4A02002918BFC1E9005940EA43
:106A0000070122F001002043BDE8F08F40B584B0BB
:106A100002AE0096FFF7B7FE029A039B04B040BD9A
:106A20000A46002100F076B8844641EA000313F0DC
:106A3000030349D1403A23D30B6803604B6843609A
:106A40008B688360CB68C3600B6903614B694361EA
:106A50008B698361CB69C3610B6A03624B6A4362D2
:106A60008B6A8362CB6AC3620B6B03634B6B4363BA
:106A70008B6B8363CB6BC36340304031403ADBD2D6
:106A800030320BD30B6803604B6843608B688360C4
:106A9000CB68C36010301031103AF3D20C3205D3FA
:106AA00051F8043B40F8043B043AF9D2043208D0D0
:106AB000D2071CBF11F8013B00F8013B01D30B8842
:106AC00003806046704700BF082A13D38B07B1D0FC
:106AD00010F00303AED0C3F10403D21ADB071CBFCE
:106AE00011F8013B00F8013BA4D331F8023B20F838
:106AF000023B9FE7043AD9D3013A11F8013B00F871
:106B0000013BF9D20B7803704B7843708B7883701C
:106B10006046704770B4840746D0541E002A41D0A6
:106B2000CDB2034602E0621EE4B3144603F8015BF3
:106B30009A07F8D1032C2ED9CDB245EA05250F2CA2
:106B400045EA054519D9264603F11002103E0F2EDD
:106B500042F8105C42F80C5C42F8085C42F8045CB5
:106B600002F11002F2D8A4F1100222F00F0204F098
:106B70000F041032032C13440DD91E462246121F57
:106B8000032A46F8045BFAD8221F22F00302121DE2
:106B9000134404F003042CB1C9B21C4403F8011BD4
:106BA000A342FBD170BC704714460346C2E720F0F5
:106BB000030110F00300C0F1000051F8043B00F1A4
:106BC000040C4FEACC0C6FF000021CBF22FA0CF24E
:106BD00013434FF0010C4CEA0C2C4CEA0C4CA3EB89
:106BE0000C0222EA030212EACC1204BF51F8043B61
:106BF000001DF4D0C2F1000102EA0102B2FA82F2F1
:106C0000C2F11F0200EBD20070472DE9F041042AC7
:106C100003D21346844633B928E041EA00039B07B8
:106C20002AD013468446581EA3F10208A3F1030E8E
:106C300000240D5D1CF80460AE421AD1A04215D0AC
:106C40000CEB04070A1955787E78AE4211D1A045A5
:106C50000CD09578BE78AE420BD1A64506D0D5783B
:106C6000FE78AE4205D10434A342E2D10020BDE853
:106C7000F081701BBDE8F0814FF0000E044651F822
:106C80000E3050F80E709F422DD1131F01EB0E05F0
:106C900004F1040C042B2BD300EB0E06D5F8048072
:106CA0007768474526D1A2F1080304F1080C042BAC
:106CB00022D3D5F80880B768474520D1A2F10C034C
:106CC00004F10C0C042B1DD3EF68F668BE421CD1F6
:106CD000103A0EF1100E1034032AD0D800EB0E0C2F
:106CE0007144134697E700EB0E0C714413469AE784
:106CF000291D90E7291D96E705F108018BE705F1AD
:106D0000080190E705F10C0185E705F10C018AE720
:106D100010B540F2830140F20002C0F20021C0F23F
:106D200000020446FFF780FE40F2000040F200013E
:106D3000C0F20000C0F200012044FFF771FE10BD58
:106D400040F20801C0F20001401A42F62801C2F2E6
:106D5000022108607047C168002904BF0020704705
:106D6000084783B080B581B0844603A80EC049F6B9
:106D70004810C0F20020006803AA6146009200F0AB
:106D800005F801B0BDE8804003B070472DE9F04F31
:106D900099B0814680781892800740F1B58518989F
:106DA0000027D9F804808A46179011A8821D0C92FA
:106DB000421E053010920E900D91514611F8010BB4
:106DC000252803D08A4638B900F0A0BD9AF80150B2
:106DD0000AF1020A252D06D14946C047013700288D
:106DE000EBD500F08BBD002200244FF0000C4FF0DB
:106DF000000B04E01AF8015B002D00F02D811FFA52
:106E00008BF61F2E20D8A5F1200010281ED8DFE811
:106E100010F015001D001D0018001D001D001D00B4
:106E200014001D001D001D0011001D00CC001D00E0
:106E30001D00C9004BF0020B00E0DBE74BF0040B38
:106E4000D8E74BF0100BD5E77F2E0DD8A5F1300019
:106E5000092840D8402E80F0A0800CEB8C014BF02C
:106E6000200B00EB410CC5E7A5F14C002E2800F2E9
:106E7000F480DFE810F08F00F200F200F200F20080
:106E8000F200F200F200F200F200F200F200F20072
:106E9000F200F200F200F200F200F200F200F20062
:106EA000F200F200F200F200F200F200F200A400A0
:106EB000F2008F00F2009D00F200F200F200F200FA
:106EC000F200F200F2002F00F200F200F200F200F5
:106ED000F2002F008EE7A5F12400562800F2BD80B5
:106EE000DFE810F08600BB00BB00BB00BB00BB00AE
:106EF0007400BB00BB00BB00A400BB00BB00BB0018
:106F0000BB00BB00BB00BB00BB00BB00BB00BB00A9
:106F1000BB00BB00BB00BB00BB00BB00BB00BB0099
:106F2000BB00BB00BB00BB00BB00BB00BB00BB0089
:106F3000BB00BB005800BB00BB00BB00BB00BB00DC
:106F4000BB00BB00BB00BB00BB00BB00BB00BB0069
:106F5000BB00BB00BB00BB00BB00BB00BB00BB0059
:106F6000BB00BB00BB00BB00BB00BB006D00BB0097
:106F70005800BB006600BB00BB00BB00BB00BB00F1
:106F8000BB00BB005700BB00BB00BB00BB00BB008D
:106F900057002FE74BF4207B2CE704EB840100EB38
:106FA000410427E74BF0010B24E74BF0080B21E7E6
:106FB0000BF080004BEA800040F0800B1AE70BF4E6
:106FC00080704BEA400040F4807B13E7002A7FF496
:106FD00011AF17983F2E00F104011791006832D8C5
:106FE000B0F1FF3F32DD4BF0200B0022844601E779
:106FF00012B31898402E179017A90D986546CDF832
:107000003C90C14690465CEA348200F083FC1798BD
:10701000402E4246C84600F1040117910068DDF891
:107020003C9050EA358C54EA3084E3E63F2E00F27F
:107030006D844BF0400BDDE6624600244FF0000CFF
:107040004FF0000BD6E600220446D3E64BF0280BA7
:10705000C0F1000C0022CDE60025CDF83CC03AB1CD
:10706000189817A917900D9800F054FCDDF83CC053
:10707000002C24EAE47E45F0200048BF2BF0400BB2
:1070800061281CBFA0F16501022925D81799612844
:1070900001F1070121F0070101F108021792A0EBAD
:1070A000050291ED000B0A9244D15FEA4B6058BF94
:1070B0004FF0FF3E11A8D2B27146764600F0C8FDEF
:1070C000451C4BF4C05B4FF0700C4FF0010EE8B262
:1070D0008642D8BF461E5CE0A5F16301122900F28A
:1070E0000A8108230026DFE811F0350113000601AC
:1070F000060106010601130006010601060106014C
:10710000060161015D01060106010D0106012E0166
:107110001FFA8BF15FEA0B6000F10C811798021DDA
:1071200017920068CA0540F10C81890554BF00B26E
:1071300040B206E15FEA4B6158BF4FF0060E662889
:1071400009D065280FD14BF4805B76460EF1010122
:107150000023652411E04BF4005B01226624112119
:10716000764673460AE05FEA0E61A0F102047146BA
:1071700076464FF0000308BF0121002211A8C9B2D2
:10718000112928BF112100F093FF05464FF0020E90
:10719000A446119B9DF84800A3F10A0111F1130FB9
:1071A00038BF4FF0020EA3F16401089111F1C70F2F
:1071B00038BF4FF0030E0F9CC1074FD15FEA8B71B0
:1071C0006FD41FFA8BF1202202EAC10211F0040FE2
:1071D0005FEA1F9110F00C0F45D11BF4405F049340
:1071E000CDE9062140F02B82012E4FF0010056EA36
:1071F00080801FFA8BF12A0600F06D810E9BEAB2A7
:10720000134413F8013C302B40F006826B1E1A0623
:1072100021D02E460E9DDAB2154415F8015C302DB2
:1072200040F0F981B31E1A0615D00E9DDAB215444E
:1072300015F8015C302D40F0EE81F31E1A060AD0DD
:107240000E9DDAB2154415F8015C302D40F0E38153
:10725000351F2A06D2D100250022DDE12D22002192
:1072600010F00C0FB9D000294FF0030050EA109035
:10727000844212DD0A9E0D465FEA0B7117D4041B8F
:10728000934620204946C047002800F13783013744
:107290000134F6D300245A460AE000240A9E49B17C
:1072A0000FE02B22002110F00C0FDCD195E7241AFF
:1072B000294631B910464946C047002800F11E83CF
:1072C00001379DF8480049F61A01C0F20021000775
:1072D00049F20D30C0F2002050EA5185287800288C
:1072E00000F0F982801B4946C0B2C0470137013522
:1072F0000028F3D502E3782840F09880C5F1880390
:107300002E4653E01798011D1791006849F60D119C
:10731000C0F20021002851EA00855FEA4B6058BFA7
:107320004FF0FF3E2846714600F06AFEDDF83CC093
:10733000064617E01798890500F18680011D179110
:107340000068C11788E04FF6EF700BEA000B0A23C4
:1073500075262BE01798012611AD011D17910068C5
:107360008DF844005FEA0B700ED4B4450CD9202090
:1073700049466446C047002800F1C082A4F1010CD0
:107380000137B445F3D8B4463744ACEB0604002EBD
:1073900000F0A18215F8010B4946C047013E0028C4
:1073A000F5D5ABE24BF0100B102378264FF6F970B1
:1073B0000BEA00025FEA0B600B960AD41798011DD6
:1073C00017910668D1050AD5900554BFB6B2F6B23A
:1073D00005E0179891050AD4011D17910668002150
:1073E00056EA010008BF2BF0160278D10FE00730F3
:1073F000154620F007000246416852F8086B1792C4
:107400002A4656EA010008BF2BF0160267D1002673
:107410005FEA4B6062D50021012C60DA4FF6E9701B
:107420000BEA00010B9D480637D467E0252049464A
:10743000C047002800F1628228464946C04702370B
:1074400000287FF5BAAC59E2073020F007010A4660
:10745000496852F8080B179200295A46CDF82CE0DB
:1074600048BF42F4806250EA010322D080EAE17012
:1074700081EAE173B0EBE17063EBE17111AC22F0F2
:1074800010060A23224600F06DFB3146061BDDF88C
:107490003CC0DDF82CE0480630D54FF6FE7076454E
:1074A00000EA01002BDA002D08BF21F0110071461F
:1074B00026E05FEA4B604FF0000040F19E81002122
:1074C000012CDBDA4FF6EE70DDF83CC000EA0B0071
:1074D000DDF82CE014E0002500229EE0002111AC34
:1074E000304616467546224600F03CFB3146AE4615
:1074F000DDF83CC0061B0B9D4806CED4084631463D
:107500001FFA80FBC0060AD440F206401BEA000FB7
:107510005FEA0F9044185FEA0B7009D526E0002D52
:107520004FF0010050EA009044185FEA0B701DD440
:107530005FEACB7008D0B646644505DA06EB0C006E
:10754000A0EB040E644611E064450FDACDF82CE0A0
:1075500020204946C047002800F1D0810F9801340F
:107560000137A042F4D1DDF82CE004465FEACB609D
:107570001BD440F206401BEA000F26D05FEA8B7056
:1075800075464FF02B0058BF20205FEA4B5149460B
:1075900048BF2D20C047002800F1B0810137AE461A
:1075A000F3467546B64514DC1CE030204946F346E8
:1075B000C047002800F1A28135B328464946C0479C
:1075C000002800F19B810237DE46F3467546B6453A
:1075D00008DD30204946C047002800F18F81013D79
:1075E000B542F6DC0F985E45A0EB040456EACB806A
:1075F0000744002E00F06F8110984946805DC04717
:10760000013E0028F5D579E10137DE46F34675469F
:10761000B645DEDCE6E71D46049BC90652EA50810A
:1076200013F1040F08DB834206DA4BF4005B8B4254
:1076300004DAD8430E1802E04E1E00E00026A3F53F
:107640007A711FFA8BF4099424055FEA8B40039545
:10765000CDE9011C05940CD411F5FA6F70464FF07A
:10766000050198BF0420002C58BF032101EB000C3A
:1076700003E023EAE37000F1010CDDF824B0002EF2
:10768000079A4FF000050B96CBF3001182F0010230
:1076900051EA06900F9983186344CB1A53EAC584C4
:1076A0001BF0090F11D10A9E84B160447546104445
:1076B000441A20204946C047002800F11F810137A5
:1076C0000134F6D30024AE4600E00A9E0798CDF8B8
:1076D00000E00028069805D14946C047002800F17F
:1076E0000D810137059800280ED530204946C04746
:1076F000002800F10381C6F178004946C0B2C047B6
:10770000002800F1FB800237099800070AD44CB129
:10771000274430204946C047002800F1EF80013C53
:10772000F7D100240998800427D49DF849004946E0
:10773000C047002800F1E2800B98012857DB2E207B
:107740004946C047002800F1D9800B98384400F121
:10775000020B0398C5B20020471CAF4202D20C991D
:10776000085C00E030204946C047002800F1C68090
:107770000B98B8423846EFD148E0049820EAE0760A
:10778000851B0B98C0F1000B0398C0B20F90701CC2
:1077900006D12E204946C047002800F1AF800137AE
:1077A0003020002D04D40F998D42BCBF0E98405D4F
:1077B00049465E4506DDC04701350137013E0028D8
:1077C000E5D59BE0C047002800F198800999781C16
:1077D000C90640F19180002E40F08C802E20494651
:1077E000C047B0F1FF3F40F38980023773E009984A
:1077F000C00604D407F1010B08E000213EE62E206C
:107800004946C047002879D407F1020B029849463F
:10781000801BC0B2C047002870D4049E2B2049466C
:10782000002E48BF2D20C047002E48BF76420028BA
:1078300064D4019810F5FA6F15D844F6D350494630
:10784000C1F26200A6FB0005302000EB9510C0B22B
:10785000C047002852D4A8094FF47A7100FB116286
:107860000BF1030506E008980BF10205324610F112
:10787000C80F3BD848F21F504946C5F2EB101746D7
:10788000A2FB0006302000EB5610C0B2C047002813
:1078900034D47009642100FB117201354CF6CD40DF
:1078A0004946CCF6CC401746A2FB0006302000EB40
:1078B000D600C0B2C047002820D4F008013500EB44
:1078C0008000A7EB400202F130004946C0B2C04739
:1078D000002813D46F1C012CFFF66FAA2020494604
:1078E000C0470137013C0028F5D507E00098022881
:1078F000D4D2E8E70746EEE70746ECE799F802003E
:1079000040F0040089F802004FF0FF37384619B004
:10791000BDE8F08F022AB8BF70472DE9F04F42F65C
:1079200089084FF0010CC0F2010804464FF0010E27
:1079300003E05F789C1C252F29D1234613F8015BB7
:10794000252D01D025B90AE16778A31C252F1DD16B
:107950001C4614F8015B252D01D025B9FFE05F78A6
:107960009C1C252F13D1234613F8015B252D01D034
:1079700025B9F4E06778A31C252F07D11C4614F81D
:10798000015B252DD5D0002DD7D1E8E01C464FF066
:10799000000A4FF00009002604E014F8017B002FD4
:1079A00000F0A980B346BAF11F0F0AD8A7F120054D
:1079B000102D09D80CFA05F515EA080F40F07C8067
:1079C00002E0BAF17F0F0AD8A7F13005092D3ED8A1
:1079D0000BEB8B034AF0200A05EB4306DDE7A7F12A
:1079E0004C052E2D00F288805E46DFE815F067001A
:1079F000850085008500850085008500850085005F
:107A0000850085008500850085008500850085004E
:107A1000850085008500850085008500850085003E
:107A2000850085008500770085006700850070006F
:107A300085008500850085008500850085002F0074
:107A4000850085008500850085002F00A5E7A7F14A
:107A50002405562D00F250800026DFE805F0334D56
:107A60004D4D4D4D324D4D4D324D4D4D4D4D4D4D7C
:107A70004D4D4D4D4D4D4D4D4D4D4D4D4D4D4D4D36
:107A80004D4D4D4D4D4D2F4D4D4D4D4D4D4D4D4D44
:107A90004D4D4D4D4D4D4D4D4D4D4D4D4D4D4D4D16
:107AA0004D4D3F4D2F4D384D4D4D4D4D4D4D2C4D68
:107AB0004D4D4D4D2C00FFE75E466EE74AF4207AAF
:107AC000FAE76AE7B9F1000F0FD1D94665E70AF086
:107AD00080034AEA830343F0800AEDE70AF48073E7
:107AE0004AEA430343F4807AE6E7F3457FF455AF6F
:107AF0006327F14600E00027B9F1000F2FD0F145D0
:107B000024D147F02003612B1CBF653B022B05D815
:107B10000B68073323F00703083313E0A7F163036F
:107B2000102B0AD8DFE803F00C0909090909090933
:107B300009090909090909090C005FEA0A6309D45E
:107B40000B6804330EF1010E04460B609645FFF6F8
:107B5000F4AE04E00B685FEA8A54DAD4F1E7BDE8DA
:107B6000F04F70472DE9F04703F01F069846914605
:107B70008A4605462846514632460023FEF746FF10
:107B8000044600FB16500F46A0EB0801092888BFE9
:107B900001F13700303089F80000A81B7AF10000AD
:107BA00049D32046394632460023FEF72FFF0546CB
:107BB00000FB16408A46A0EB0801092888BF01F1A6
:107BC0003700303089F80100A01B77F1000036D370
:107BD0002846514632460023FEF718FF044600FBB4
:107BE00016500F46A0EB0801092888BF01F13700A5
:107BF000303089F80200A81B7AF1000023D3204618
:107C0000394632460023FEF701FF054600FB1640C9
:107C10008A46A0EB0801092888BF01F137003030FF
:107C200089F8030009F10409A01B77F10000A1D233
:107C30004846BDE8F08709F10100BDE8F08709F189
:107C40000200BDE8F08709F103094846BDE8F08766
:107C50002DE9F04F85B05AEC103B4FEADA77CAF3C2
:107C60000A566FF31F5A077153EA0A0408BF002E21
:107C70000ED040F2FF75AE423CD10421002C18BF5B
:107C80000821394401710021084605B0BDE8F08F94
:107C9000002700234FF0000A0029076037D40D2980
:107CA00037D3190F00F1050B41EA0A110491190E9F
:107CB0004FEA1A5441EA0A210391190D4FEA1A4674
:107CC00041EA0A310291190C4FEA1A3841EA0A4195
:107CD0000191190B41EA0A5C190A41EA0A6E190975
:107CE00041EA0A794FEA1A1103F00F034FEA1A2703
:107CF000009180E04FF60247002ECFF6FF771CBFC1
:107D0000A6F2FF370AF5801A00290760C7D50021BF
:107D100046E03326A6EB8105C5F1200613274FF078
:107D2000020CA7EB81072CFA06F401264FF0000E97
:107D3000002F58BF0CFA07F458BF06FA07FE06FAE0
:107D400005F60CFA05F558BF002658BF0025D5F1F9
:107D500000094FF0000868EB040C013D64F10004D9
:107D60001D4004EA0A04751B7EEB040411D38C0049
:107D7000C4F13405D4F1140423FA05F7C5F1200544
:107D80000AFA05F545EA070558BF2AFA04F5EC0793
:107D900002D09B194AEB0E0A03EA09030AEA0C0A0D
:107DA0001F0947EA0A791F0F1D0B47EA0A170497B4
:107DB0001F0E45EA0A5C47EA0A2703971F0D1D0AB2
:107DC00047EA0A3702971F0C45EA0A6E47EA0A4754
:107DD00000F1050B13F00F0301974FEA1A174FEA52
:107DE0001A544FEA1A464FEA1A384FEA1A250097F2
:107DF00000F0B4802F46991A092B88BF01F12703A0
:107E000003F13001817409F00F030D219D1A092B34
:107E100088BF05F127030C2903F13003437498BF91
:107E20000C210EF00F039D1A092B88BF05F12703C3
:107E30000B2903F13003037498BF0B210CF00F03DF
:107E40009D1A092B88BF05F127030A2903F1300386
:107E5000C37398BF0A21019B3D4603F00F039F1A8D
:107E6000092B88BF07F12703092903F13003837326
:107E700098BF0921029B03F00F039F1A092B88BFAB
:107E800007F12703082903F13003437398BF082142
:107E9000039B03F00F039F1A092B88BF07F12703E9
:107EA000072903F13003037398BF0721049B03F0F4
:107EB0000F039F1A092B88BF07F12703062903F137
:107EC0003003C37298BF06210AF00F039F1A092BD3
:107ED00088BF07F12703052903F13003837298BF98
:107EE0000521009B03F00F039F1A092B88BF07F1A0
:107EF0002703042903F13003437298BF042105F0DE
:107F00000F039F1A092B88BF07F12703032903F1E9
:107F10003003037298BF032108F00F039F1A092B47
:107F200088BF07F12703022903F13003C37106F06C
:107F30000F0398BF02219A1A092B88BF02F1270369
:107F400003F130028271012998BF012104F1300050
:107F50008BF80000084605B0BDE8F08F19F00F035C
:107F600048D10C2946D21EF00F0345D10B2943D22C
:107F70001CF00F0342D10A2940D2019B13F00F03DA
:107F80007FF46DAF0929BFF46AAF029B13F00F03B2
:107F90007FF473AF0829BFF470AF039B13F00F0396
:107FA0007FF479AF0729BFF476AF049B13F00F037A
:107FB0007FF47FAF0629BFF47CAF1AF00F037FF484
:107FC00085AF0529BFF482AF17F00F038CD10429C8
:107FD0008AD215F00F0394D1032992D218F00F031F
:107FE0009CD102299AD206F00F0353EA0107A2D1CD
:107FF0000021ABE72F4609E72F4614E72F461FE77E
:10800000844639B370B500EB010C4B1EA1F1020E92
:10801000CC1E0022855C85B1934219D085186E78FC
:1080200076B1964514D0AE786EB1944210D0EE7809
:1080300066B104329142EDD10AE000EB020C07E098
:1080400005F1010C04E005F1020C01E005F1030C5F
:10805000BDE87040ACEB00007047B0B588B00C468E
:1080600048F2A101C0F20021002501914FF4003136
:1080700000910119CDE90655002C0490CDE9025577
:1080800018BF481E48BF00200590114668461A4692
:10809000FEF77CFE002C1CBF04990D7008B0B0BD2B
:1080A000D1E904239A421EBF531C0B611070704724
:1080B0002DE9F04FA1B056EC108BB246C6F30A542E
:1080C0006FF31F5AF50F58EA0A0708BF002C0ED0AD
:1080D00040F2FF76B44215D10821002F08BF0421D9
:1080E000002429440171204621B0BDE8F08FA91C6D
:1080F000017130210124417100210160204621B02D
:10810000BDE8F08FA4F23549002CCDE9062308F034
:1081100001060495CDE9081006BF4FF6CC39CFF61D
:10812000FF790AF5801A4FEA8A0242EA9870002F16
:1081300015905FEA0F90022C5FEA2F91B9F1000FC2
:1081400040EA01074FEA880014900596139749D436
:10815000484600F021FD0546B9F1030F88BF013DF7
:10816000284600F027FD0DF1580B044628465946D5
:1081700000F00BFE1AA81CA95A460297CDE9001080
:10818000A5EB09002044514600F17C034046AB4674
:1081900000F031FC8246152D5FD8149F4CF6CD4679
:1081A000159D1EA8CCF6CC460C46009038462946B4
:1081B00032464FF0CC3300F072FEDDE91E0182083A
:1081C00042EA817120F0030008444042F8426AD13B
:1081D0003846294600F0F7FC58455FEA3F90129078
:1081E000002087E0C9F1000B584600F0DCFC044693
:1081F00019F1010018BF013CABEB040B584600F02D
:10820000D9FC16A9054658468B4600F03BFD1AA836
:108210001CA95A460297CDE90010601B00F17D03AE
:108220004046514600F0E7FB04EB090B8246012C67
:108230001BD8089B002E069D4CF6CD46CCF6CC46AE
:1082400008D0DDE91C0201381C9062F100001D908D
:10825000002013900120129050E04CF6CD460020F3
:10826000CDE91200CCF6CC4646E0089B4CF6CD4654
:10827000069DCCF6CC463E2C25D84FF0FF30B4F10D
:10828000200200FA04F758BF0027149C58BF904002
:10829000159A24EA070722EA000038435FEA1F9094
:1082A0001290002011E0059888B91398C043C019B6
:1082B00065F1000100F087FC58455FEA3F9013909C
:1082C0000020129017E000201290139016E047F063
:1082D0000200294600F077FCDDE91C124B1E62F11A
:1082E0000005584553EA21801C9055EA22801D90D4
:1082F0000020129013902146089B069D002D0C93A0
:108300004AD0BAF10A0071F1000001D2012037E031
:1083100000274FF00A0C02204FF064094FF47A78DE
:1083200042F2107E0A22A2FB0C4507EB870305EB05
:108330004303BAEB040471EB030320D3A2FB09341B
:1083400007FB0944BAEB030371EB040314D3A2FB4C
:10835000083407FB0844BAEB030371EB04030DD3A5
:10836000A2FB0E23043007FB0E37BAEB020371EBBE
:108370000703D8D2013802E0013000E00230089B48
:10838000079A0BEB02073844B0EBD27FB8BFD00F8F
:10839000834253EAB0800C90CDF80CB00DF1680B1D
:1083A0001D9C16AD9BE8000B0020159114901190B8
:1083B0000B902FE01599504632464FF0CC3316AD56
:1083C0004FEADB04009500F06AFD1498BB46129951
:1083D00010F0FF0FDDE916235FEA1F90014008EB64
:1083E00088001291404210994942B1EB400F139915
:1083F0005FEA1F9001401391D00840EA437101EBFE
:108400008000AAEB4000149011988A460130119028
:10841000D80815905846214632464FF0CC33009587
:10842000CDF834B00E9400F03AFD4046494632464D
:108430004FF0CC33DDE9164B0095CDE90F9800F0F5
:108440002EFDDDE91601E20842EA4B774FEAD10939
:10845000C00840EA4178B8EB070079EBDB00A9D30C
:108460001599BAF10A0071F1000001D201203BE038
:108470000A9700250A2202204FF00A0C64274FF4C5
:108480007A7EA2FB0C3605EB850406EB4406BAEBBC
:10849000030371EB060322D3A2FB073605FB076635
:1084A000BAEB030371EB060316D3A2FB0E3605FBF2
:1084B0000E66BAEB030371EB06030FD342F210749E
:1084C0000430A2FB042305FB0435BAEB020371EB75
:1084D0000503D6D2013802E0013000E002300A9FE5
:1084E0004CF6CD46CCF6CC460C9A4AEA010313432F
:1084F0005FEA1F93904203DD13B901200B905AE706
:108500001398C00771D0DDF8408032460F994FF0C4
:10851000CC3316AD0095404600F0C1FCDDE91610E5
:10852000C8F10003DDF848B0CA0842EA407404EB21
:1085300082025242B3EB420F5FD1C208DDF8449091
:10854000DDF850C0DDE90D01904632464FF0CC33E6
:10855000CDF850C0009500F0A2FC1599324616984F
:108560004FF0CC3312905046179F009500F097FCC7
:108570004CF6CD4216A8009020464146CCF6CC429F
:108580004FF0CC33DDE91665CDF83C8000F087FC78
:10859000F10841EA457E14980EEB8101A046ED08F2
:1085A00010F0FF0FAAEB410C5FEA1F90DDE91612F5
:1085B0000BEA000B12984CF6CD461595CB0843EA12
:1085C0004274C00804EB830340EA47705B4209F140
:1085D000010916ADF908C8F10007CCF6CC46D2085F
:1085E000F246B7EB430FAFD00CE00DF1400BD6468F
:1085F000DDF850C09BE8000B04E0D646DDF844905F
:10860000DDF850C0159A8EEA08010F9813464240D3
:1086100011430B9A5FEA0F911143CA07059900298C
:108620005FEA1F91002A04BF139A11EA02010ED0DB
:108630005FFA8CF105295FEA0F92042962EA0B02C6
:108640005FEA9F9142EA0E0202EA010C01E04FF05C
:10865000010C039809EB00051EEB0C0043F100012F
:10866000B0F10A0271F1000201D2012338E0AE46F6
:1086700000264FF00A0802234FF0640B4FF47A7A79
:1086800042F210790A25A5FB087206EB860402EB7C
:108690004402C41B71EB02021DD3A5FB0B2406FB95
:1086A0000B44821A71EB040212D3A5FB0A2406FBC9
:1086B0000A44821A71EB04020CD3A5FB095204335D
:1086C00006FB0926421B71EB0602DCD2013B02E0ED
:1086D000013300E002334CF6CD467546CCF6CC466D
:1086E0000C9A93425FEADC82012A079A3AD1069FEC
:1086F0004FB12A441A44012AD8BF0122089F974249
:1087000057EAB2820C920C9A93422BDD05304CF65C
:10871000CD4741F10001CCF6CC474008013B40EA8F
:10872000C170013510EB51024FEA510142F10002D4
:10873000A2FB077626F0030707EB96074FF0CC362F
:10874000D21B821A4CF6CD40CCF6CC4061F1000130
:10875000A2FB000702FB06724CF6CD46CCF6CC46D7
:1087600001FB06210C9A934253EAB2822BB214B257
:108770002344A3F10108012CC0F2348102F0030369
:10878000099ACDF84880042C02F10509119314943C
:1087900002D24FF0000AA9E0E31A2244149C02F12D
:1087A00004084FF0000A13936422002383460F4607
:1087B000FEF72CF9420800F0010042EAC17212EB08
:1087C000510141F10001A1FB062323F0030202EB5A
:1087D00093020023891A4FF47A7240EA4100394625
:1087E00040F0300015905846FEF710F942084CF65C
:1087F000CD4642EAC172CCF6CC4612EB510100F0F4
:10880000010041F100024FEA5B0141EAC77111EB3F
:10881000570343F10003A3FB066525F0030606EBAF
:1088200095069B1B6FF00206CB1A4CF6CD41CCF699
:10883000CC41A3FB011C01EB8105ABEB450545F0E9
:10884000300508F804598AEA0605159E254409F8FA
:1088500005604CF6CD46CCF6CC46A2FB065626F07B
:10886000030505EB9606A2EB06024CF6CD46CCF6C8
:10887000CC4640EA42006FF0030282EA0A0240F06E
:108880003000224409F802004FF0CC304FEA570282
:1088900003FB00C062F1000202FB06004A0801F07F
:1088A000010142EAC07212EB500040F10000A0FB4F
:1088B000062323F0030202EB93020023801A42F204
:1088C000107241EA40006FF0010181EA0A0140F0B4
:1088D0003000214409F8010058463946FEF796F861
:1088E0000AF1040A139A52457FF45EAFDDF844E0C2
:1088F000DDF84880149CBEF1000F73D042084CF69E
:10890000CD4742EAC172CCF6CC4712EB51036FEA75
:108910000A0543F100032544A3FB077626F003076D
:1089200007EB96074E08DB1BD31A4CF6CD42CCF66C
:10893000CC4266F1000CA3FB0227BEF1010F02EB53
:108940008206A0EB460646F0300609F8056049D0DD
:108950004FF0CC364CF6CD4503FB06734CF6CD47B5
:10896000CCF6CC47CCF6CC450CFB0733570802F0CD
:10897000010247EAC37717EB53034CF6CD4743F1A7
:108980000003CCF6CC47BEF1020FA3FB077626F01E
:10899000030707EB9607A3EB070342EA4302A4EBA6
:1089A0000A0303EB090642F0300206F8022C19D044
:1089B00064220023FEF72AF8420800F0010042EA90
:1089C000C17212EB510141F10001A1FB052323F01B
:1089D000030202EB9302891A40EA410040F03000A2
:1089E00006F8030C099804990171C0F8008020462C
:1089F00021B0BDE8F08F2DE9F04F8BB0490041EA7E
:108A0000D07405931646D2E9002345002846214636
:108A100008AF009700F043FAD6E90223834606A880
:108A20008946009028462146DDE9087A00F037FAA9
:108A300010EB0708DDE906234AEB010ADDE908012E
:108A4000571C059C43F10005B8EB00007AEB0100D0
:108A5000A4F1410455EA338357EA328296E8830051
:108A600017EB0807F568049445EB0A0510EB0B00BB
:108A700059EB0100009457F10000CDE9062345F1C0
:108A80000001571C43F10005B0EB080471EB0A0428
:108A9000CDF80CB055EA338357EA3282CDF808900E
:108AA00000F01BFADDE91429169BC2E9000143B36B
:108AB000D6E900C1D6E902560398B8EB0505DDE911
:108AC00006236AEB06066C1E66F10007B0EB0C008D
:108AD0000298DDF810B08841CDF800B054EA358036
:108AE00057EA3681571E63F10006B8EB00057AEBB2
:108AF000010557EA328256EA338300F0EEF95F4609
:108B00003EE0DDE906204FEA4804D6E900EC01909A
:108B10000598D6E90276A0F14005029800954FEA43
:108B20004A05039945EAD87544EAD0744300E71B27
:108B300065EB0606B7F1010B43EAD17366F100005D
:108B4000DEEB410173EB0C0150EA36815BEA3780C2
:108B5000B4EB0803019F75EB0A035FEA2F937F00D4
:108B600043EA420347EAD2775A1E67F10006241A05
:108B70008D4152EA338256EA378300F0AEF9049F02
:108B8000DDE90623C9E9000140465146009700F09F
:108B9000A4F90BB0BDE8F08F43F24141C0F20101EE
:108BA0004843800C704742F6FB61C0F20B0148431A
:108BB000000D704749F24F31C0F2120148430121C4
:108BC00001EBD04070472DE9F04F4CF6CD4E45F605
:108BD000294442F6F50A47F6D50847F6916943F26B
:108BE000343B02460020CCF6CC4E4FF03333CCF26F
:108BF0008F24C8F65C7AC2F2E968C3F6FB29C3F297
:108C0000333BA2FB0E5C4FF0CC3702FB07C7D5F11C
:108C1000333501FB0E7773EB07072ED3A2FB0475E8
:108C200002FB0A55D7F1333701FB045573EB0507F7
:108C300022D3A2FB087540F63106C1F6AC4602FB12
:108C40000655D7F1333701FB085573EB050716D3EB
:108C5000A2FB09754CF67066CDF28826043002FB43
:108C6000065201FB0921B7EB0B0271F133323A4690
:108C7000C7D30138BDE8F08F0130BDE8F08F023076
:108C8000BDE8F08F2DE9F04F87B005464EF64F4016
:108C9000C4F6C4608B46A5FB0001C8081A2100FB7E
:108CA00001F64AF2B801C0F2002101EB0010B54212
:108CB00009D190E80E00C0688BE80E00CBF80C00DC
:108CC00007B0BDE8F08FD0E900924AF28811C0F2F7
:108CD00000210192D0E90223A81B51F8307001EB6A
:108CE000C000446804A800903846214600F0D7F838
:108CF000019B824602A888460090384621464A4693
:108D000000F0CDF881460191DDE90201002210EB6F
:108D10000A0758EB010842F10000012806D1DDE9FD
:108D200004010130049041F1000005902846FFF74E
:108D300041FF04463046FFF73DFF0199241A48469B
:108D40003A464346009400F0C8F86FF003024AF236
:108D5000582302EA9502C0F200239A581E2303EA20
:108D60004503DA4002F003068019DDE9042341F1EE
:108D70000001CBE9000138464146009400F0ADF80F
:108D8000CBE9020107B0BDE8F08F2DE9F04F87B0C5
:108D90008B464EF64F4105461930C4F6C461A0FB20
:108DA0000101C8081A2100FB01F64AF2B021C0F205
:108DB000002101EB0010AE4209D190E80E00C0681E
:108DC0008BE80E00CBF80C0007B0BDE8F08FD0E9BF
:108DD00000A24AF28811C0F200210192D0E90223D8
:108DE000701B51F8307001EBC000446804A800907B
:108DF0003846214600F053F8804602A80090BAF1A8
:108E0000010201988946214660F10003384600F0CE
:108E100046F804468A46DDE90201002210EB080705
:108E200051EB090842F10000012806D1DDE90401F7
:108E30000130049041F1000005903046FFF7BAFE82
:108E400006462846FFF7B6FE361A204651463A46F1
:108E50004346009600F041F86FF003024AF2A03357
:108E600002EA9502C0F200239A581E2303EA450342
:108E7000DA4002F003054019DDE9042341F1000165
:108E8000013041F10001CBE900013846414600962E
:108E900000F023F8CBE9020107B0BDE8F08FF0B590
:108EA000A2FB01CEA2FB0075A3FB011415EB0C0580
:108EB000DDF814C051EB0E06294644F10004324699
:108EC000E3FB0012A3FB0003401956EB030044F13F
:108ED0000000CCE900203846F0BD10B5DDF808C030
:108EE000CCF1400ECEF1200420FA0CF003FA0EF380
:108EF00022FA04F42343DCF1200458BF02FA04F3FD
:108F000002FA0EF201FA04F440EA040058BF00220B
:108F1000BCF1200458BF21FA04F021FA0CF158BF2B
:108F200000211043194310BD526561642066726FC1
:108F30006D204E6F72466C61736820746F205241D1
:108F40004D28756E636163686561626C652061724E
:108F500065612920776974682020386269742077F8
:108F6000696474682C20005643522D444320203AF3
:108F700020307825580052323A2020307825303879
:108F80005800200044436163686520616C7265612C
:108F900064792064697361626C6500526561642064
:108FA00066726F6D204E6F72466C61736820746FCD
:108FB0002052414D28756E636163686561626C651E
:108FC0002061726561292077697468203136626991
:108FD000742077696474682C20005053503A202024
:108FE0002020307825303858005265616420667240
:108FF0006F6D204E6F72466C61736820746F2044F1
:1090000054434D20202020202020202020202020DC
:10901000202020202077697468202038626974201D
:1090200077696474682C20005475726E206F6E200E
:109030004443616368652C2077726974652D746898
:10904000726F756768206D6F646500436865636B58
:109050006564204572726F723A20496E737472753E
:109060006374696F6E20427573204572726F72006F
:10907000456E74657220342D627974652061646474
:1090800072657373206D6F6465005643522D4352B1
:1090900043203A203078255800494E464F20200082
:1090A0005365742077726974652D6261636B206605
:1090B00061696C6564005343422D3E484653523A01
:1090C000203078253038580063616C695B335D3A35
:1090D0002030782530385800444542554720005408
:1090E00075726E206F6E204443616368652C207733
:1090F000726974652D6261636B206D6F64650075C4
:1091000073696E672074696D653A20256C6C7520F3
:1091100075732C2000526561642066726F6D204E5D
:109120006F72466C61736820746F2052414D2875D0
:109130006E636163686561626C6520617265612957
:1091400020776974682033326269742077696474A7
:10915000682C20005053523A20307825303858007F
:109160000D0A3D3D3D3D3D3D3D3D204F74686572DE
:10917000205265676973746572203D3D3D3D3D3DFC
:109180003D3D005643522D445320203A203078254F
:109190005800526561642066726F6D204E6F724692
:1091A0006C61736820746F2052414D28636163685D
:1091B0006561626C65206172656129202020776994
:1091C00074682031366269742077696474682C2071
:1091D00000526561642066726F6D204E6F72466C3E
:1091E00061736820746F2052414D28756E6361630E
:1091F000686561626C6520617265612920776974B8
:10920000682036346269742077696474682C2000A1
:1092100052333A2020307825303858000D0A3D3D31
:109220003D3D3D3D3D3D3D205343422052656769F4
:1092300073746572203D3D3D3D3D3D3D3D3D004EDD
:109240006F72466C6173685F5365745772697465B9
:10925000456E61626C650043616E27742066696EBD
:1092600064206120636F6D6D616E64207461626C57
:109270006527732070726F746F616C20697320387A
:10928000442D38442D3844005343422D3E43534629
:10929000523A20307825303858005053504C494DC0
:1092A0003A20307825303858005643522D494F43E4
:1092B000203A2030782558005643522D577261705D
:1092C0003A2030782558005365742038442D3844AE
:1092D0002D384420726561642064756D6D7920635A
:1092E00079636C65733A20257500525F4F5350497E
:1092F0005F425F53706950726F746F636F6C536538
:1093000074206661696C65643A20257500696E6633
:10931000005741524E20200052303A20203078250C
:10932000303858005231323A2030782530385800E1
:109330004C523A20203078253038580050433A209B
:1093400020307825303858000D0A007573696E6733
:10935000206379636C653A20256C6C752C2000576E
:1093600072697465206175746F63616C69627261A2
:1093700074696F6E00526561642066726F6D204E75
:109380006F72466C61736820746F204454434D20A3
:1093900020202020202020202020202020202020CD
:1093A0002077697468203634626974207769647440
:1093B000682C2000444D4120204F70657261746913
:1093C0006F6E00526561642066726F6D204E6F7221
:1093D000466C61736820746F204454434D202020F4
:1093E0002020202020202020202020202020207726
:1093F0006974682031366269742077696474682CF6
:1094000020001B5B324A1B5B4800456E746572206E
:10941000342D627974652061646472657373206DA4
:109420006F6465206661696C6564004861726446BA
:1094300061756C74206F6363757272656420627904
:1094400020444542554700486172644661756C741A
:10945000206F63637572726564206279206F74682F
:10946000657220657863657074696F6E20666F72CF
:10947000636564003D3D3D3D3D3D3D3D3D3D204DF1
:10948000535020537461636B20203D3D3D3D3D3D75
:109490003D3D3D3D00495053523A2030782530380B
:1094A0005800436865636B6564204572726F723A59
:1094B00020446976696465204279205A65726F009C
:1094C000436865636B6564204572726F723A204928
:1094D0006E76616C696420537461746500526561D5
:1094E000642066726F6D204E6F72466C61736820E7
:1094F000746F2052414D28636163686561626C65D9
:1095000020617265612920202077697468203332D8
:109510006269742077696474682C2000436865630D
:109520006B6564204572726F723A204E6F20436FF4
:1095300070726F636573736F7200436869703A206D
:109540005733355435314E570063616C695B315D7B
:109550003A20307825303858004552524F5220007A
:1095600073706565643A20252E3266204D422F7354
:109570000D0A00436865636B6564204572726F7203
:109580003A20556E616C69676E656420416363655E
:10959000737300556E737570706F7274204E6F72B6
:1095A000466C6173683A20307825580063616C69B5
:1095B0005B325D3A20307825303858005643522DC2
:1095C000414D20203A2030782558005465726D694D
:1095D0006E616C00436865636B6564204572726FF1
:1095E000723A20556E646566696E656420496E73D3
:1095F0007472756374696F6E003D3D3E2000444D8A
:1096000041202066726F6D204E6F72466C617368E8
:1096100020746F204454434D207769746820363499
:109620006269742077696474682C20526570656182
:10963000742D426C6F636B206D6F64652C20004449
:109640004D41202066726F6D204E6F72466C6173C3
:109650006820746F2052414D20207769746820364D
:10966000346269742077696474682C20526570656F
:1096700061742D426C6F636B206D6F64652C2000EC
:1096800052313A2020307825303858004D53503A26
:109690002020202030782530385800436865636BDF
:1096A0006564204572726F723A2050726563697307
:1096B00065206461746120627573206572726F72D7
:1096C00000424641522069732076616C69643A20F9
:1096D0003078253038580D0A00456E746572204F79
:1096E000444452206D6F6465001B5B306D0056432F
:1096F000522D584950203A2030782558005465732F
:10970000742073697A6520697320746F6F20736D9C
:10971000616C6C2077697468207468697320636178
:10972000736500526561642066726F6D204E6F72C2
:10973000466C61736820746F204454434D20202090
:1097400020202020202020202020202020202077C2
:109750006974682033326269742077696474682C94
:1097600020005343422D3E494353523A203078253E
:1097700030385800436869703A205733354E3031DD
:109780004A57005643522D564C42203A20307825F5
:10979000580057616974204F5350492074696D65B2
:1097A0006F7574005365742077726974652D7468E1
:1097B000726F756768206661696C656400436865EF
:1097C000636B6564204572726F723A2053746163F3
:1097D0006B204F766572666C6F770052656164200E
:1097E00066726F6D204E6F72466C61736820746F85
:1097F0002052414D28636163686561626C65206138
:109800007265612920202077697468202038626998
:10981000742077696474682C20006E616E00547542
:10982000726E206F666620444361636865005772FC
:109830006974652073706565643A20252E32662050
:109840004B422F730D0A00526561642066726F6D82
:10985000204E6F72466C61736820746F2052414DC8
:1098600028636163686561626C6520617265612966
:109870002020207769746820363462697420776903
:109880006474682C20004E6F72466C6173685F4987
:109890006E69740063616C695B305D3A20307825D5
:1098A000303858004D53504C494D3A2030782530CF
:1098B00038580043616C6920616464726573733A5F
:1098C000202570000D0A3D3D3D3D3D3D3D3D3D3D6A
:1098D0003D3D3D3D3D20496E2048617264466175C5
:1098E0006C74203D3D3D3D3D3D3D3D3D3D3D3D3D5F
:1098F0003D3D00436865636B6564204572726F721D
:109900003A20496E76616C696420504300286E7578
:109910006C6C2900D890000299900002119300020B
:1099200059950002303132333435363738394142B7
:109930004344454600000000000054545220524564
:109940004747455300D4D4D4040000220000FFFF51
:10995000FF00080000F7FF0008F700F7D80000003C
:109960000000040040270222589D0002E49D0002EE
:1099700000040E000100000000200000012600028B
:109980000000000000000000140000227099000296
:109990004827022288990002209E0002000000034E
:1099A000FF00000140000000000000000000030074
:1099B000049A00021C9A0002602702229C9900026D
:1099C000B09D000200010000240000220F00FFFFF4
:1099D0000000000101000000090200000C000C0161
:1099E0000C020C03000000000000000079330002AC
:1099F00000000000C499000274270222D8990002D6
:109A0000709D00022100000000100000DC0000003A
:109A10000000040060000000FFFFFFFF01010000E4
:109A200028000022309A0002000000000020007888
:109A3000389A0002020000000000000001030C0040
:109A4000120006000500000000000800000000F001
:109A5000000000000000000000000000889A0002E2
:109A6000FF03010002037C7C8484060605050000D8
:109A700000001000080000F00100000000000000DD
:109A800003000000909A0002049A00020300000004
:109A9000989A00020300000021210000001000003D
:109AA000DCDC00000000040060600000FFFFFFFF3E
:109AB000040000000C000000040000000D00000085
:109AC0001040000008010000040C00000A01000022
:109AD000000C01150B010000000C010B0C01000033
:109AE000000C010B0D010000000C010B0E01000029
:109AF000000C010B0F0100000040000000020000FC
:109B000010400000010200000000010508020000F2
:109B10000004010509020000000801000A0200001B
:109B2000000801000B020000000001000C02000010
:109B3000000001000D020000000001000E02000004
:109B4000000001000F020000000C010B00030000E8
:109B5000000C010B01030000000C010B02030000CC
:109B6000104000000303000000000114070400007F
:109B7000000001140804000040040107090400006B
:109B8000400401070A0400000000011F0B0400004C
:109B9000104000000C040000000C010B0305000045
:109BA000000C010B04050000000C010B0505000072
:109BB000000C010B06050000000C010B070500005E
:109BC000000C010B08050000000C010B090500004A
:109BD000000C010B0A050000000C011C020600002D
:109BE000000C011C03060000100C011C0406000000
:109BF000100C011C05060000100C011C06060000DC
:109C0000100C011C07060000000C010B08060000E8
:109C1000000C010B09060000000C010B0A060000F5
:109C2000000C010B0B060000000C010B0C060000E1
:109C3000000C010B0D060000000C010B0E060000CD
:109C4000050400000F060000000C010B0D080000C9
:109C5000000001130E080000000001130F080000AF
:109C6000000C010B000A0000000C010B010A0000AF
:109C7000000C010B020A0000000C010B030A00009B
:109C8000000C010B040A0000000C010B050A000087
:109C9000000C010B060A0000000C010B080A000072
:109CA000000C010B090A0000000C010B0A0A00005D
:109CB000000C010B0B0A0000000C010B0C0A000049
:109CC000000C010B0D0A0000000C010B0E0A000035
:109CD0000008010B0F0A0000100C011C000C000012
:109CE000100C011C010C0000100C011C020C0000E7
:109CF000100C011C030C0000100C011C040C0000D3
:109D0000100C011C050C00000004011C060C0000D6
:109D10000004011C070C00000004011C080C0000DA
:109D2000000C010B000D0000000C0115010D0000DE
:109D3000000C0115020D0000000C0115030D0000C0
:109D4000000C0115040D000000080115050D0000B0
:109D500010000115070D000055000000B09A000228
:109D60000000000003030403050306034000D4D4ED
:109D7000013F0002E9420002F942000249430002A9
:109D8000E1430002F1430002314400024144000279
:109D9000314500024145000249450002060000002D
:109DA0000800000003000000050000000A00000099
:109DB00041480002214A0002294A0002314A0002B9
:109DC000414A0002594A0002794B0002E94C000264
:109DD000014D0002094D0002114D0002194D000213
:109DE000294D0002C1500002D9500002E950000282
:109DF000F9500002B1510002E15100022952000263
:109E00005152000289520002B9520002D952000296
:109E10000153000219530002020403040404D4D4C1
:109E2000F95400027955000291550002F9550002DB
:109E300009560002315600024156000251560002F6
:109E400081560002E1560002E95600020000006857
:109E5000000000680000008000000080000000702A
:109E60000000007040000022400001220B000000B2
:109E7000849E000219000000089F000204000000F8
:109E80004C9E000200000068000000680001000D08
:109E900000000068000000680001000D0000008064
:109EA0000000008000010008000000800000008029
:109EB0000001000800000070000000700001000AAE
:109EC00000000070000000700001000A00000000A7
:109ED000000000000100000500000120000001203A
:109EE00001000004400001224000012200000003A4
:109EF000700402222C280222000000032C280222D7
:109F00002C28022200000003000000680000006806
:109F1000000000900001090D0000006800000068CA
:109F20000000007800010B0D0000006800000068D0
:109F3000000000270001020D00000068000000681A
:109F4000540000020001010D0000008000000080AC
:109F5000000000900001090800000080000000805F
:109F60000000007800010B08000000800000008065
:109F700000000027000102080000008000000080AF
:109F80005400000200010108000000700000007091
:109F9000000000900001090A00000070000000703D
:109FA0000000007800010B0A000000700000007043
:109FB000000000270001020A00000070000000708D
:109FC000540000020001010A00000000000000002F
:109FD00000000090010109050000000000000000E1
:109FE0000000007801010B050000000000000000E7
:109FF0000000002701000205000000000000000032
:10A0000054000002010001050000002000000020B3
:10A010000000009001010904000000200000002061
:10A020000000007801010B04000000200000002067
:10A0300000000027010002040000002000000020B2
:10A040005400000201000104000000220000002270
:10A05000000000900001090300000022000000221F
:10A060000000007800010B03000000220000002225
:10A070000000002700000203000000222F00002241
:10A0800054000002000001032C2802222C28022286
:10A090008300000200000103060000000800000029
:10A0A00003000000050000000A000000010002009B
:10A0B000080010002000D4D40000000000000000C0
:10A0C0000000000000000010000000000000000080
:10A0D000B9340332B7F4AD1410DB1AB30892540E3E
:10A0E0000D307D951447BA1A66088F4D26ADC66DA2
:10A0F000F598BF85E2B74511CA96853D92BD1DEB27
:10A10000FCA11860DCEF52163C92AE220BB8C1B431
:10A11000839D2D5B0562DA1C304C7E8F4E8BB25BCB
:10A1200016F4529F8B56A512FBD4827643ED8AF02B
:10A130008FE7F9311565191850F19BD94A13EEB420
:10A14000284CF0A686C1251F035FC270CB9E49161E
:10A15000E642889C44EB2014B0650836AD6EA585B8
:10A1600085F0CA14E2FD031A0B899979D5B13D092E
:10A17000D8DA973A35EBCF10AC363F5E73BB38CFA9
:10A180003E6752FA44AFBA1501000000000000001B
:10A1900005000000000000001900000000000000A1
:10A1A0007D000000000000007102000000000000BF
:10A1B000350C000000000000093D00000000000018
:10A1C0002D31010000000000E1F505000000000055
:10A1D00065CD1D0000000000F902950000000000A0
:10A1E000DD0EE90200000000514A8D0E0000000063
:10A1F0009573C24800000000E941CC6B01000000EB
:10A200008D49FD1A07000000C16FF286230000008F
:10A21000C52EBCA2B1000000D9E9AC2D7803000026
:10A220003D9160E45811000031D6E275BC56000043
:10A23000F52E6E4DAEB10100C9EA2683677808009D
:10A24000ED95C28F055A2A00A1EDCCCE1BC2D300DA
:10A2500025A4000A8BCA22040000000000000000B0
:10A2600000000000000000000000004095596959FE
:10A27000555554551555555604051541105455401E
:10A2800045515544404550445055554500400040C7
:10A290004004449665555655454045545141154036
:10A2A000559155555555405105010000D4D4D4D48D
:10A2B000010000000000000000000000000000207D
:10A2C000345065C05FC9A652BB13CBAEC440C218A0
:10A2D00006C8DF7100D5A87CF56F0FDA58FC27138C
:10A2E0006E4756357D24206502C7E768E48CA41DBF
:10A2F000E9E60268D7CD39617977FCC2405BEF1699
:10A30000798CDE43FFA751F991F3B278F5BDBE1108
:10A31000E857E9D6E8BEE87BB054AC8F848D751B56
:10A32000EA23A499E9F9D38BB7A3714061DA3E150A
:10A33000CEE33ECB73F948088C97B427D51B701039
:10A34000A2BFEFB9EB8532154DB44DB49BBB6F196D
:10A3500096B6076CF8E7EEAD36D9B4F59135AE1385
:10A36000222218AF4E6A684D91DAAA3D4F40741E02
:10A370009FBD9EE006A1C09857C2A7FDA40E9017EE
:10A380000E7D497173E3208FB220D87605143B12FD
:10A39000853D7434811343B0AD297A5F27F4351CB1
:10A3A000544554544555050400100410140440004D
:10A3B00000000140555515415404000044000100BF
:10A3C00000000040410000445044455054005555A1
:10A3D0005455655100400040010000010005010096
:10A3E0001154515154555505001541500000044079
:10A3F000100104050000000000000406362E342E73
:10A4000030004275696C7420776974682052656EFB
:10A410006573617320416476616E63656420466C88
:10A42000657869626C6520536F6674776172652028
:10A430005061636B6167652076657273696F6E202A
:06A44000362E342E300020
:04A44800D92700020E
:0200000402C92F
:04F04000FFFFFFFFD0
:04F04400EFFFFFFFDC
:04F0C000FFFFFFFD52
:04F0C400FFFFFFFF4C
:04F1200000000000EB
:04F1240000000000E7
:040000050200622172
:00000001FF
