:020000040200F8
:1000000000120022C167000291660002A9130002DB
:10001000D1670002D1670002D1670002D1670002F8
:10002000000000000000000000000000991900021C
:10003000A906000200000000B1190002211A000206
:1000400099570002315A0002315A0002C1270002BA
:0C005000F126000299280002212900027C
:10005C000100000000000300E1160002011700027D
:10006C000000000000112233445500112233445586
:10007C001400002201000000CC1800220000000037
:10008C0000000000000000001A0000220100000027
:10009C00DC1800220000000000000000000000003E
:1000AC000011223344550000020100000000000042
:1000BC0040210022000000000800000002000000A7
:1000CC000000000001010000C0210022000000001F
:1000DC00000000000400000002000000000000000E
:1000EC0001010000002200220000000000000000BE
:1000FC0004000000020000000000000001000000ED
:10010C00402200220000000000000000040000005B
:10011C00020000000000000001000000802200220C
:10012C0000000000000000000400000002000000BD
:10013C0000000000E0230022E0290022E02F002232
:10014C00E0350022E03B0022E0410022E0470022A3
:10015C00E04D0022E0530022E0590022E05F002233
:10016C00E0650022E06B0022E0710022E0770022C3
:10017C00E07D0022E0830022E0890022E08F002253
:10018C00E0950022E09B0022E0A10022E0A70022E3
:10019C00E0AD002268B4002250010022440100228C
:1001AC00C84301020400000000020000040000002B
:1001BC0000020000E80300004009000010270000C6
:0201CC00060625
:0801D000010000000000000026
:1001E00083B0B0B581B0044605A841F23025C2F213
:1001F00000250EC005AB4FF48071284622460093BF
:1002000010F025FD287878B144F25C210135C0F268
:1002100001210C6800BF00BF21460FF047FB15F815
:10022000010B08B12FF009C001B0BDE8B04003B028
:100230007047D4D4D4D4D4D401460078002808BF61
:100240007047B0B544F25C224D1CC0F20122146824
:1002500021460FF02BFB15F8010B08B12FF009C058
:10026000BDE8B0407047D4D483B070B581B00446C7
:1002700005A841F23025C2F200250EC005AB4FF4AF
:10028000807128462246009310F0E1FC44F25C2184
:100290002878C0F201210C6850B1013500BF00BFC1
:1002A00021460FF003FB15F8010B08B12FF009C030
:1002B00042F64D400226C0F20120451C0D2000BF31
:1002C00021460FF0F3FA15F8010B013EF8D101B009
:1002D000BDE8704003B070472DE9F04383B00F468E
:1002E000054602A801A99846914600F0E1FF42F6B2
:1002F0007620DDE90121C0F20120FFF771FF44F211
:100300005C20C0F201200468DFE805F0023212220E
:1003100042F2E1200626C0F20120451C442000BF25
:1003200021460FF0C3FA15F8010B013EF8D12EE07B
:1003300042F690300626C0F20120451C572000BF2F
:1003400021460FF0B3FA15F8010B013EF8D11EE07B
:1003500043F260400626C0F20120451C452000BF44
:1003600021460FF0A3FA15F8010B013EF8D10EE07B
:1003700042F2D2000626C0F20120451C492000BFEF
:1003800021460FF093FA15F8010B013EF8D17FB129
:10039000387848B17D1C00BF21460FF087FA15F868
:1003A000010B08B12FF009C0202021460FF07EFA82
:1003B00043F2FC600426C0F20120451C3D2000BF32
:1003C00021460FF073FA15F8010B013EF8D141F206
:1003D00030274FF48071C2F200274A463846434620
:1003E00010F035FC40F20000C2F2002001783878AD
:1003F000D1B148B17D1C00BF21460FF057FA15F866
:10040000010B08B12FF009C042F64D400226C0F2A0
:100410000120451C0D2000BF21460FF047FA15F8BA
:10042000010B013EF8D10BE050B17D1C00BF00BFB5
:1004300021460FF03BFA15F8010B08B12FF009C067
:1004400003B0BDE8F083D4D482B080B582B08C46CE
:100450000146CDE9042304AB012062460193FFF776
:100460003BFF02B0BDE8804002B07047D4D4D4D482
:1004700082B080B582B08C460146CDE9042304AB3E
:10048000022062460193FFF727FF02B0BDE88040DB
:1004900002B07047D4D4D4D482B080B582B08C4638
:1004A0000146CDE9042304AB032062460193FFF724
:1004B00013FF02B0BDE8804002B07047D4D4D4D45A
:1004C00080B500F01DFA41F2383CEFF3118EC2F214
:1004D000002C002383F31288DCE90032C01851415C
:1004E000013041F10001CCE900018EF3118880BD9B
:1004F0007047D4D4D4D4D4D42DE9F0410020EFF304
:10050000118880F3128800F0FFF941F23837044671
:10051000C2F200270D463A7E012A0ED100F03CF9C6
:1005200058B300F0F1F904460D4600F0E9F900195E
:100530006941441C41F100051FE0EFF3108672B6DB
:1005400000F02AF9B8B100F02FF900F0D9F9002233
:10055000EFF3118382F31288D7E9002580186941EF
:10056000013041F10001C7E9000183F3118800F077
:10057000CBF904460D4686F31088D7E9000100192F
:10058000D7E902236941821A71EB030205DAD7E940
:10059000020188F31188BDE8F081C7E9020188F300
:1005A0001188BDE8F081D4D42DE9F04381B041F247
:1005B0003837EFF31185C2F200274FF0000989F3B5
:1005C0001288387600F0F8F8804600F0EDF885F3F0
:1005D000118800F095F900F08BF944F2402100EE0B
:1005E000100AC0F20F01B8EE400A9FED241A41F242
:1005F000303688425FEA2F91797680EE012A797E43
:1006000081EE000A9FED1E1AC2F20026002944F670
:10061000D351C1F2620102FE000AA0FB0101B6EE55
:10062000002AA0EE012A8809BDEEC20A87ED040A5D
:100630007861EFF3118489F31288C6F80090FFF710
:100640005BFFBFF34F8FBFF36F8F00BFBFF34F8FC1
:10065000BFF36F8F0546FFF74FFF31682944401AFB
:10066000306084F31188C7E90099C7E90299FFF760
:100670003FFF404601B0BDE8F08300BF002474494D
:1006800000008047D4D4D4D40120FFF78DBFD4D448
:1006900080B541F238320023C2F2002252690EF0D6
:1006A00033FC80BDD4D4D4D400F002B8D4D4D4D494
:1006B00010B54EF63050CEF200000068800631D5FD
:1006C00043F68044CEF20004206CB0F1FF3F04DC1E
:1006D0004FF000402060FFF7F3FED4F88001C0B275
:1006E00002281FD3216889070AD50221216041F21F
:1006F0005831C2F20021D1E900230133C1E90023BE
:1007000004280FD3216809070AD50821216041F286
:100710005831C2F20021D1E902230133C1E9022399
:10072000062800D210BD216889060AD52021216043
:1007300041F25831C2F20021D1E904230133C1E969
:100740000423062808BF10BD08284FF0010C5CEAFE
:100750003C9E41F25831C2F200210622F646183181
:1007600008E000BF00BF00BF01320831BEF1010E3A
:1007700000D1D7E70CFA02F3206C1842F4D02360C2
:10078000D1E9000310F5803043F10003C1E9000313
:10079000EAE7D4D4D4D4D4D443F6C040CEF2000097
:1007A0000068C00F7047D4D443F680404FF000413A
:1007B000CEF200000160704743F60041CEF2000126
:1007C000D1F80002420440F18E80F0B543F6046394
:1007D000EFF3108CCEF2000372B64FF000461A68A9
:1007E00022F001021A600E620E661A6842F00402DC
:1007F0001A60C1F880601A6842F002021A60D1F8EB
:100800000022D2B2022A54D34FF600054FF6040458
:10081000CFF6FF75CFF6FF744FF0080E042A41F8AB
:1008200005E04FF01E050D514FF00304C1F8804064
:100830004FF002070F640C603BD34FF608041327F8
:10084000CFF6FF74062A0F514FF60C04CFF6FF7453
:100850000D514FF00C04C1F88040C1F840E00C602D
:1008600027D34FF610070325CFF6FF77062ACD5181
:100870004FF61407CFF6FF774FF01E05CD514FF01E
:100880003007C1F880704FF020050D640F6010D064
:10089000082A4FF0010252EA329E062400BF00BF30
:1008A00002FA04F50134C1F880500D640D600FF0B8
:1008B00009C84EF6FC52CEF20002176847F0807766
:1008C00047F4441717600E640E601968002241F067
:1008D0000101196041F20001CEF200010A608CF3BF
:1008E0001088BDE8F040C0F380307047D4D4D4D431
:1008F0004CF26400C2F2002000687047D4D4D4D413
:100900004FF0FF300021704743F27C000021CEF20F
:10091000000000687047D4D410B541F28034A8219B
:10092000C2F2002420460EF07AFC032020616061B0
:1009300043F2346041F22841C0F20120A061C2F2CA
:100940000021E1614FF4806121620021A1626162B6
:10095000E16241F6280220664FF0100E44F2252095
:10096000C2F200226266C4F868E02167E16661674E
:10097000BFF35F8FC0F201200F3000BF00BF00BF88
:1009800010F8011904F8011B0FF007C0BFF35F8FC7
:1009900010BDD4D4D4D4D4D49EB00020FFF704FE2C
:1009A000FFF7BAFF00F054FE42F66860C0F2012083
:1009B0000EF092FF43F62E10C0F201200EF08CFFD5
:1009C0004BF2784040F60721C2F2002040F6044284
:1009D00005F0BEF860B90A2007F01AFC4BF2784027
:1009E00040F60721C2F20020012205F05DF980B136
:1009F000024643F69D3043F6DF11C0F20120C0F2FB
:100A00000121FFF749FD00BF4FF47A7007F000FCA9
:100A1000FAE7642007F0FCFB43F69D3443F2E771EC
:100A2000C0F20124C0F201212046FFF70DFD08F0BD
:100A30008BF841F63801C2F20021086042F29B3186
:100A4000C0F201212046FFF7FFFC44F23E2044F2B1
:100A5000482144F23A2244F2362344F24227C0F2BB
:100A60000120C0F20121C0F20122C0F20123C0F234
:100A7000012700970AF01CF8012840F0B28343F6E2
:100A80009D3043F26741C0F20120C0F20121FFF71F
:100A9000DBFC44F2B82041F28838C0F20120D0E9F2
:100AA00000A00C90CDF834A009E000BF00BF00BF4B
:100AB00044F25B11C0F201214846FFF7D9FC07F070
:100AC000DBFD814641F6CC4042F6F611C0F2012032
:100AD000C0F20121FFF7B8FC0AF002FC4FF0000A57
:100AE000CB4600BF00BF00BF642007F091FB0AF0B7
:100AF000F7FB06460AF0CCFB074607F0BDFD5FEAB0
:100B0000CA71044603D1012E08BF002F1CD0A4EBEC
:100B10000B0040450ED341F6CC4043F6CA71A4EB1E
:100B20000902C0F20120C0F2012133460097FFF70D
:100B30008BFCA3460AF0D4FB0128D5D147BB2FF08C
:100B40002DC800BF00BF00BF0BF09EFA05460AF09B
:100B50009FFB07460028DAD141F6CC40C0F20120C5
:100B600065B141F65161C0F20121FFF781FC2846D1
:100B700009F042FF00274FF0010ADAE742F60F21A1
:100B8000C0F20121FFF788FC00274FF0010ABEE701
:100B90001AAD384629460CF067F941F6CC4042F2CE
:100BA000D901C0F20120C0F201212A46FFF74CFC16
:100BB00000201A90CDE91800CDE91600CDE9140007
:100BC000CDE91200CDE9100007F0F6F90C98DDF838
:100BD00034A00178504602F0D3FBE8B1044607F098
:100BE00047FA42F6A01042F67061C0F20120C0F24E
:100BF00001212246FFF750FC43F69D3943F2F806E7
:100C000042F6CA17C0F20129C0F20126C0F201273C
:100C100036E200BF00BF00BF0021504618AA02F014
:100C2000B7F806460121504616AA02F0B1F88346ED
:100C30000121504617AA02F0ABF809900221504654
:100C400013AA02F0A5F804900321504612AA02F05C
:100C50009FF80590042150462A4602F099F8069024
:100C60000521504619AA02F093F807900921504631
:100C700015AA02F08DF80F900A21504614AA02F02E
:100C800087F80E901F21504611AA02F081F843F612
:100C90009D39C0F20129089040B142F686242120F6
:100CA000CDE90200C0F201240B901DE01F2140F6A7
:100CB0004322504602F08CF842F68624C0F201240A
:100CC00020B10390212002900B900DE01A21504694
:100CD00010AA02F05DF80B90119A1F21504602F005
:100CE00077F802900020039007F0C2F942F6A010B6
:100CF00042F6B211C0F20120C0F20121FFF7A4FBBD
:100D00006EB142F2B63142F6812200232046C0F293
:100D10000121C0F201220096FFF7BEFB0DE042F672
:100D2000904142F681221898002300902046C0F29C
:100D30000121C0F20122FFF787FBBBF1000F0A96E9
:100D40000ED042F2B63142F2E61201232046C0F242
:100D50000121C0F20122CDF800B0FFF79DFB0DE0AC
:100D600042F6904142F2E612169801230090204686
:100D7000C0F20121C0F20122FFF766FB43F2F80640
:100D800042F6CA17DDF824B01AADC0F20126C0F24F
:100D90000127BBF1000F0ED042F2B63143F64A12E2
:100DA00001232046C0F20121C0F20122CDF800B09B
:100DB000FFF772FB0DE042F6904143F64A12179896
:100DC000012300902046C0F20121C0F20122FFF76A
:100DD0003BFB049868B142F2B63141F6BE420223B1
:100DE00000902046C0F20121C0F20122FFF754FB1F
:100DF0000DE042F6904141F6BE4213980223009066
:100E00002046C0F20121C0F20122FFF71DFB059828
:100E100068B142F2B63141F6C54203230090204644
:100E2000C0F20121C0F20122FFF736FB0DE042F6CD
:100E3000904141F6C5421298032300902046C0F22B
:100E40000121C0F20122FFF7FFFA069868B142F2D1
:100E5000B63142F68B42042300902046C0F20121B5
:100E6000C0F20122FFF718FB0DE042F6904142F676
:100E70008B421A98042300902046C0F20121C0F250
:100E80000122FFF7E1FA079868B142F2B63142F663
:100E90008F62052300902046C0F20121C0F201229A
:100EA000FFF7FAFA0DE042F6904142F68F62199888
:100EB000052300902046C0F20121C0F20122FFF775
:100EC000C3FA0F9868B142F2B63143F60D02092316
:100ED00000902046C0F20121C0F20122FFF7DCFAA7
:100EE0000DE042F6904143F60D021598092300905B
:100EF0002046C0F20121C0F20122FFF7A5FA0E98A8
:100F000068B142F2B63141F64C620A2300902046A5
:100F1000C0F20121C0F20122FFF7BEFA0DE042F655
:100F2000904141F64C6214980A2300902046C0F28A
:100F30000121C0F20122FFF787FA089A52B142F666
:100F4000A01041F62B31C0F20120C0F20121FFF7C1
:100F5000A3FA39E0039A52B142F6A01042F6966124
:100F6000C0F20120C0F20121FFF796FA2CE00B98A5
:100F700068B142F2B63142F227021A2300902046AD
:100F8000C0F20121C0F20122FFF786FA0DE042F61D
:100F9000904142F2270210981A2300902046C0F296
:100FA0000121C0F20122FFF74FFA029B63B142F622
:100FB000A01043F29731119AC0F20120C0F2012132
:100FC000FFF76AFA00BF00BF0A980F9940EA0B00CA
:100FD00008430E99084326D1189842F6A014C0F38E
:100FE00000321798C0F2012443F2BE31C0F340131F
:100FF000C0F3800000902046C0F20121FFF724FAE0
:101000001598C0F34022C0F300231498C0F3C02108
:10101000C0F38020CDE9001043F695212046C0F2B0
:101020000121FFF711FA0B9800BB10980C21020761
:1010300043F6581242F2DA6301EA9001C0F201224B
:10104000C0F2012352EA5384C0F3800244F24C20E0
:101050000094C0F20120435842F6A01041F65031EE
:10106000C0F20120C0F20121FFF7EEF942F6A01014
:1010700042F6A931C0F20120C0F20121FFF7E4F9E4
:101080000AF012F9294604460BF0EEFE43F6AE31A3
:101090003046C0F201212A46FFF7D6F900BF00BF53
:1010A0000AF01EF901287FF403AD40F2DC5120461E
:1010B00008F052FE60B1304639462A46FFF7D8F9AB
:1010C0004FF47A7007F0A4F8EAE700BF00BF00BF52
:1010D00043F65D113046C0F201212A46FFF7B4F90C
:1010E00043F60300C0F201200BF016FF834607F021
:1010F000C3FA1A9010E000BF42F2606143F60302A7
:101100004846C0F20121C0F20122FFF7C5F94FF4B1
:101110007A71284606F0B8FE0AF0E2F801285BD1A1
:1011200000200121002207F03BFD07F0A5FA06464A
:1011300020216422584609F02BFF0028DCD0044609
:10114000002000BF00BF00BFC1087C2928D8C0F51F
:101150007A720020012107F023FD08B3A7B207F03F
:101160008BFA41F63E01801BC2F200210988B94288
:10117000EAD141F63C01C2F20021097801291CD0D4
:1011800009BB43F61C4143F6030200904846C0F2F7
:101190000121C0F201222346FFF756F9B7E700BF4D
:1011A00043F616714846C0F2012143F60302234676
:1011B000C0F20122FFF75CF9A9E743F64041484637
:1011C000C0F20121F1E742F650414846C0F2012148
:1011D000EBE700BF00BF00BF41F60C31C0F20121B8
:1011E0006AE443F69D3044F24411C0F20120C0F29B
:1011F0000121FFF751F900BF4FF47A7007F008F8AA
:10120000FAE7D4D4D4D4D4D410B584B001280CD007
:10121000024643F28140C0F20120BAB942F66E4163
:10122000C0F20121FFF710F916E06C46084621468E
:101230000BF01AFE43F2814043F26D31C0F20120FF
:10124000C0F201212246FFF7FFF805E043F6331113
:10125000C0F20121FFF70CF9002004B010BDD4D476
:1012600043F6B370C0F201207047D4D4D4D4D4D4A0
:1012700041F63802C2F20022D2F800C0BCF1000FE1
:1012800008BF704780B582B041F63C0241F63E038C
:10129000C2F20022C2F20023107019800021002245
:1012A000022300200090604607F0D2FC02B080BD0F
:1012B000F0B581B00C460546FFF71EF9FFF7E8F9D7
:1012C0004FF47A72002306464FF47A770DF01CFE35
:1012D00000FB17612860216001B0F0BDD4D4D4D4E4
:1012E000074641F6803072B6C0F201209846154696
:1012F0000E46FEF7A1FF42F64D44C0F201242046FF
:10130000FEF79AFF42F2E820C0F20120FEF794FFB8
:101310002046FEF791FF3846FEF78EFF42F2EA00C4
:101320003146C0F20120FEF79FFF43F62F70C0F256
:101330000120FEF781FF15B12846FEF77DFF42F63A
:101340004D40C0F20120FEF777FF42F2F700C0F2F5
:101350000120FEF771FFB8F1000F02D04046FEF702
:101360006BFF42F64D40C0F20120FEF765FF44F2EC
:10137000D430C0F2012004684FF485710122204668
:1013800004F092FCC8204FF47A7105F03DF94FF457
:1013900085710022204604F087FCC8204FF47A7142
:1013A00005F032F9E8E7D4D470B544F2060072B61D
:1013B0004EF62856C0F20120CEF20006FEF73CFFA2
:1013C00042F64D40C0F20120FEF736FF706800285B
:1013D00007D47068400010D543F22910C0F20120F4
:1013E00003E043F20D10C0F20120FEF725FF42F6A4
:1013F0004D40C0F20120FEF71FFF43F25610EFF3FD
:101400000884C0F20120FEF717FF42F64D45C0F2F6
:1014100001252846FEF710FF42F6BF302168C0F2D2
:101420000120FEF721FF43F201706168C0F2012044
:10143000FEF71AFF41F6E240A168C0F20120FEF774
:1014400013FF42F2DA30E168C0F20120FEF70CFF30
:1014500042F6CB302169C0F20120FEF705FF42F6CB
:10146000D7306169C0F20120FEF7FEFE42F6E3309C
:10147000A169C0F20120FEF7F7FE42F2EE20E16919
:10148000C0F20120FEF7F0FE42F2E630C0F2012089
:10149000FEF7D2FE2846FEF7CFFE42F2DF6031684B
:1014A000C0F20120FEF7E0FE43F6012056F8241CAE
:1014B000C0F20120FEF7D8FE42F200107168C0F2BF
:1014C0000120FEF7D1FE42F2FA20C0F20120FEF721
:1014D000B3FE2846FEF7B0FE43F27710EFF3058126
:1014E000C0F20120FEF7C0FE306880010BD543F248
:1014F0008410C0F20120FEF79FFE42F64D40C0F27C
:101500000120FEF799FE3068C0010BD543F29640EA
:10151000C0F20120FEF790FE42F64D40C0F20120DD
:10152000FEF78AFE3068C0022AD543F6D420C0F206
:101530000120FEF781FE42F64D40C0F20120FEF789
:101540007BFE43F612002146C0F20120FEF78CFE1E
:1015500043F63A70EFF30A81C0F20120FEF784FEF1
:1015600041F69460EFF30981C0F20120FEF77CFEA2
:1015700042F2F160EFF30B81C0F20120FEF774FE3E
:10158000306800030BD543F2F030C0F20120FEF7C3
:1015900053FE42F64D40C0F20120FEF74DFE30688A
:1015A00040030BD544F23500C0F20120FEF744FEA3
:1015B00042F64D40C0F20120FEF73EFE3068800347
:1015C0000BD543F2A210C0F20120FEF735FE42F621
:1015D0004D40C0F20120FEF72FFE3068C0030BD54E
:1015E00043F23D60C0F20120FEF726FE42F64D4078
:1015F000C0F20120FEF720FE3068800515D543F6C5
:101600002100C0F20120FEF717FE42F64D40C0F265
:101610000120FEF711FE3068000406D543F64700AE
:101620003169C0F20120FEF71FFE3068C0050BD5FE
:1016300042F23900C0F20120FEF7FEFD42F64D40B5
:10164000C0F20120FEF7F8FD00BE70BDD4D4D4D4A2
:1016500080B540F280108021C2F200200DF0DFFD45
:1016600041F6400C44F2144041F64402C2F2002C10
:10167000C0F20120C2F200220023CCF80030D0E9F1
:1016800000011360BDE8804000F00ABDD4D4D4D47A
:101690000179042923D141F6440140F28013C2F2BA
:1016A00000218068C2F200230A689854086801305B
:1016B00008600868802801D10020086041F64000D9
:1016C0000968C2F200200268914208D10168013124
:1016D00001600168802918BF7047002101607047D0
:1016E00044F21441C0F2012109684A6A1071486A43
:1016F000816C8900FCD500207047D4D4D4D4D4D4D4
:101700002DE9F04182B041F6400641F64407C2F2AD
:101710000026C2F2002700BF30683968884201D134
:1017200000BFF9E730683968884213D238683168F9
:10173000884240F280113068C2F200215FEA0F94C3
:1017400001440DF1070022460DF06EFD3068204483
:10175000306003E030683968884204D19DF80700A2
:1017600002B0BDE8F08130683968081A40F2801292
:1017700010F1800530685FEA0F94C0F18000316895
:10178000C2F200221144A0421DD230680DF10708B8
:10179000C0F1800240460DF047FD002D6FF07F0044
:1017A00050EA0090316800220844316832603A689B
:1017B000824252EA3084A8EB010040F2801180306E
:1017C000C2F20021BFE70DF1070022460DF02CFD0B
:1017D00030682044306030688028BFD10020B7E7EF
:1017E000022818BF70474BF2784044F25071C2F2A1
:1017F0000020C0F2012104F08FB9D4D4D4D4D4D4C1
:1018000080B584B04BF2BC4044F26023C2F20020A9
:1018100041F6480C41F6283EC0F2012301684FF41E
:101820008062013101600220009041F6710043F6B0
:101830001321C0F20020C0F20121C2F2002CC2F23A
:10184000022ECDE901EC06F07FF941F6A80100284F
:10185000C2F2002108601CBF04B080BD002000213E
:1018600004B0BDE8804000F017B8D4D4D4D4D4D4A8
:1018700010B5044600F014F82046BDE81040FFF70C
:101880008BB8D4D4D4D4D4D47047D4D4D4D4D4D46E
:10189000FFF7FABFD4D4D4D400BE7047D4D4D4D484
:1018A000B0B54BF2B4444FF0FF31C2F200242068CF
:1018B00005F0D6FF012803D020680021FFF7ECFFD8
:1018C0004BF2B840C2F200200178002918BFB0BD29
:1018D00001210170FFF7DCFF4BF2BC45C2F200258D
:1018E0002868013828600CD02068002100220023DD
:1018F00005F086FD0128F3D020680021FFF7CCFF1A
:10190000EEE7B0BDD4D4D4D480B54BF2B8424BF29C
:10191000BC40C2F20022C2F20020002111704BF242
:10192000C0420160C2F200224FF48070012105F034
:1019300017FD4BF2B441C2F20021086018B9002033
:101940000021FFF7A9FFFFF75BFF06F015FD002060
:1019500080BDD4D4D4D4D4D44BF2085C4BF26853B9
:10196000C2F2002CC2F20023C0F800C00B604FF49A
:10197000007010607047D4D44BF6685C4BF6C853C7
:10198000C2F2002CC2F20023C0F800C00B6080201D
:1019900010607047D4D4D4D41EF0040F0CBFEFF302
:1019A0000880EFF30980014908470000491A000246
:1019B0000F4B1968EFF309821EF0100F08BF22EDDC
:1019C000108A22E9F04FEFF30B8342F8043D0A60DE
:1019D0004FF0100080F31188BFF34F8FBFF36F8F6C
:1019E00006F076FC4FF0000080F3118800F004B898
:1019F000D4C00122D4D4D4D4074801680A6802CAEA
:101A000081F30B88B2E8F04F1EF0100F08BFB2EC64
:101A1000108A82F309887047D4C00122D4D4D4D468
:101A200010B51020EFF3118480F3118806F048FD03
:101A300030B14EF604504FF08051CEF200000160FC
:101A400084F3118810BDD4D4806910F8020C0228E8
:101A500001D1FFF7D1BF042838BF704780B541F6E8
:101A6000EE4042F6A94242F25E03C0F20120C0F20B
:101A70000122C0F201234FF47E71FFF731FCD4D470
:101A8000283140F8481D41F6A9214FF0807CC0F272
:101A9000002122F00102C1630264C0F844C06FF06B
:101AA0000201C0E90913704700BE00BF00BF00BFBC
:101AB000FEE7D4D4D4D4D4D44EF62250F021CEF2C2
:101AC0000000017000F018F84EF63470CEF20000FD
:101AD000016841F04041016062B6BFF36F8FEFF3E0
:101AE000148C2CF0040C8CF31488BFF36F8F02DF7E
:101AF00000BEFDE7D4D4D4D44CF2640044F6D351F4
:101B0000C2F20020C1F262010068A0FB01014FF0A7
:101B1000FF3000EB91110020B0EB116F18BF704740
:101B20004EF21002F023CEF2000251604EF6235125
:101B3000CEF200010B709060072010607047D4D483
:101B4000EFF31180102181F311884BF6C871C2F2B6
:101B500000210A68002A02F101020A6018BF7047DA
:101B60004BF6CC71C2F2002108604EF60450CEF262
:101B700000000068C00500D1704780B541F6EE4016
:101B800041F6145242F69723C0F20120C0F201221E
:101B9000C0F2012340F2A441FFF7A2FBD4D4D4D475
:101BA0004BF6C870C2F20020016859B101390160DA
:101BB00018BF70474BF6CC70C2F20020006880F36B
:101BC0001188704780B541F6EE4043F6624241F617
:101BD0009D33C0F20120C0F20122C0F2012340F285
:101BE000AD41FFF77DFBD4D410B572B64EF690240C
:101BF000C4F2010406F0E0F92078010720D04EF28B
:101C0000FA314AF2025CC4F20101CFF6FF7C0022F5
:101C10000B88A1F800C0227043F425420A80BFF36C
:101C20004F8F30BFBFF36F8F62B6BFF36F8F72B647
:101C30000A88A1F800C0207042F42540088008E01E
:101C4000BFF34F8F30BFBFF36F8F62B6BFF36F8F9D
:101C500072B662B6BDE8104006F00ABAD4D4D4D445
:101C600080B5EFF30380103840B2002806D44EF25E
:101C70000041CEF20001405C0F2817D94EF60C50FF
:101C8000CEF200000068400558BF80BD41F6EE402E
:101C900043F2626242F2F413C0F20120C0F2012268
:101CA000C0F2012340F22161FFF71AFB41F6EE403A
:101CB00043F2626243F6C833C0F20120C0F201224F
:101CC000C0F2012340F20F61FFF70AFBD4D4D4D451
:101CD00080B582B041690022019219B30279D31E06
:101CE000022B14D208680068D0B101AA002107F0C5
:101CF0007BF80198A0B14EF604504FF08051CEF21F
:101D000000000160BFF34F8FBFF36F8F08E0092A17
:101D100006D10069006802B0BDE8804009F0D0BA81
:101D200002B080BD42F6BB4043F2BF1242F6B95347
:101D3000C0F20120C0F20122C0F2012340F20711DB
:101D4000FFF7CEFAD4D4D4D470B582B040F24C119F
:101D5000C2F200210E68002E56D00446D6E90001DA
:101D600081600D68002D5ED069684878012800D137
:101D7000FEE7AA68286812689047002818BF0E2856
:101D80003BD1A9682868896988473368054619687E
:101D900081B9706842F60661C0F20121D0E901C242
:101DA00041F67170C0F20020CDE900C3234605F072
:101DB000FFFF336853F8040F08B115BB10E07068DB
:101DC00042F6BB61C0F20121D0E903C242F2390000
:101DD000C0F20020CDE900C3234605F0E9FF85B934
:101DE0003068016869B1416859B144F25031C0F2BC
:101DF0005401C160012002B070BDA968286849681B
:101E00008847002002B070BD42F6BB4043F64972DD
:101E100042F6B953C0F20120C0F20122C0F2012300
:101E20007221FFF75DFA42F6BB4043F6497242F277
:101E30001213C0F20120C0F20122C0F20123772167
:101E4000FFF74EFAD4D4D4D470B540F24C108B6A5C
:101E5000C2F200200C463B2B164600684068006822
:101E600001D83C23A362816800681A464D69616A03
:101E7000A847012E054602D1204607F04DFB002D54
:101E80005FEA1F9070BDD4D480B540F24C10C2F20E
:101E90000020006840680068816800688969884798
:101EA00000285FEA1F9080BD70B559B34BF6D0761D
:101EB0000546C2F2002643F674420C46C0F20122E7
:101EC000112130462B460DF029FD41F6495104F110
:101ED000080C0020C4E90800C0F2002141F6496264
:101EE00041F68963C4E90500E0612046C0F20022A2
:101EF000C0F20023C4E900658CE80E000AF0A8F8DF
:101F0000204670BD42F6BB4042F6E45244F28413D0
:101F1000C0F20120C0F20122C0F201234FF49971F6
:101F2000FFF7DEF9D4D4D4D4B0B504460DF0EBFB02
:101F300005460DF0E8FB01460120C5EA014121609C
:101F4000B0BDD4D4D4D4D4D410B582B001AC002068
:101F5000019000BF00BF00BF2046FFF7E5FF0198DA
:101F600008B92FF007C802B010BDD4D4D4D4D4D44B
:101F700084B040F24C1A04460025C2F2002A0DF14A
:101F800004094FF0010B0DF1080804E000BF00BF89
:101F9000384607F0C1FA002000214FF0FF3206F06A
:101FA000FFFD40F2EA50002107F046FA08B92FF091
:101FB0000FC0074600BF00BFDAF8000040680068A5
:101FC000D0E90112C969019193680068796A4A46AB
:101FD000984768B10646796A20460195C7E90A54D0
:101FE0000AF076F9B6F57A6F3863D1D150B9CFE7F8
:101FF0000198C7E90A04796A20460AF069F938634A
:102000000028C5D0786A09F077F80128C0D10021EE
:1020100040468DF808B0039708F016FD0128B7D1A7
:1020200040F2EA50002107F007FA07460028C3D122
:10203000B1E7D4D4D4D4D4D482B040F24C11804689
:10204000C2F2002140F6A17A41F2883BE9460E68CF
:1020500040F6A174002071680F68CDE9000808E01F
:1020600000210546484608F0EFFC012855EA0484A3
:102070007168486906F0CCF8B9683868896988479A
:102080008442F5D0584518BF5045E9D00028EFD11B
:10209000D8F8200008F0A0FC00247168E9E7D4D447
:1020A0002DE9F0470D46097848F200020446C4F2D3
:1020B000350202EB01206062002020702562A278C8
:1020C0006969A162A969C4E90B0122F00300D5F88E
:1020D0001C80411CA170697811B940F00200A07009
:1020E00095F90B204EF20019CEF200090126500995
:1020F00002F01F034CF2003AA97A09EB800006FABD
:1021000003F3C4F2000A4EF6185CC0F88030CEF239
:10211000000CBFF34F8FBFF36F8F5AF82230002AA5
:1021200023F480334AF822304FEA01115AF8223062
:1021300004D409EB020383F8001304E002F00F0358
:10214000634403F8041C4CF23C010120C2F200215C
:1021500041F8224095F90520530902F01F06B040CE
:102160002E7909EB8303002AC3F880004FEA061397
:10217000BFF34F8FBFF36F8F5AF8220020F48030E7
:102180004AF822005AF8220004D409EB020080F831
:10219000003304E002F00F00604400F8043C41F812
:1021A0002240012695F90720500902F01F0306FA84
:1021B00003F3AE7909EB8000002AC0F880304FEAC3
:1021C0000613BFF34F8FBFF36F8F5AF8220020F42E
:1021D00080304AF822005AF8220004D409EB0200A9
:1021E00080F8003304E002F00F00604400F8043C83
:1021F00041F82240012695F90920500902F01F03F9
:1022000006FA03F32E7A09EB8000002AC0F880302A
:102210004FEA0613BFF34F8FBFF36F8F5AF82200B8
:1022200020F480304AF822005AF8220004D409EB46
:10223000020080F8003304E002F00F00604400F870
:10224000043C41F822400120EFF3108680F310880F
:1022500028784FF0004121FA00F043F20401C4F263
:1022600020010A6822EA0000086008681E20012197
:1022700004F0CAF986F310884FF48061606A4FF465
:1022800080428160E869E9786E78437802EA8131BA
:10229000077866F30921DA03437B92B207F003075C
:1022A00003F00103114441EA4352636A42EA0762C0
:1022B000416802F580525A61027802F0FE03022B57
:1022C00007D14FF60471022ACFF6007108BF203102
:1022D00000E00968626A11610C22017BAB788778A3
:1022E00062F39F014FF44072022B08BF4FF48072DB
:1022F000002B07F00103676A18BF114341EA03711D
:10230000F960626A002191612A78092A04D8626A18
:102310000023C1F61F735362B0F80F20807B636AFD
:1023200040EA022041F60172C0F21F021040186319
:10233000206AC4E90411C4E90611C569A160687C7A
:1023400050B34EF25400C4F20100017801F00F01C5
:10235000022901D801220BE0CA1E052A06D244F246
:102360009871C0F2012151F8226003E0083910226F
:1023700002FA01F6407800F00F0004F0F5F84CF294
:102380006402697CC2F20022B0FBF6F0126851438D
:10239000B1FBF0F00130A060606AB8F80A101022BA
:1023A000A181C9F607528266206A90F905104A0990
:1023B00001F01F035AF8210020F480304AF8210070
:1023C0005AF8210009F5C0700121BFF35F8F01FAAF
:1023D00003F340F8223049F82230226A92F90B20A8
:1023E0005AF8223023F480334AF822305AF8223047
:1023F000530902F01F02BFF35F8F01FA02F240F8A7
:10240000232049F82320226A92F907205AF8223023
:1024100023F480334AF822305AF82230530902F06C
:102420001F02BFF35F8F01FA02F240F8232049F840
:102430002320226A92F909205AF8223023F48033AB
:102440004AF822305AF82230530902F01F02BFF333
:102450005F8F914040F8231049F8231040F211415A
:10246000606AC0F201018160606A00BF00BF00BF06
:10247000017FC907FCD044F642110020C5F2433168
:102480006160BDE8F087D4D403460020C3E906129A
:102490007047D4D4D4D4D4D4D0F824C0DCF80830D5
:1024A00023F44013CCF80830D0F824C000BF00BF9C
:1024B000DCF848305B00FBD5DCF8083023F0100373
:1024C000CCF80830D0F824C09CF81C30DB06FBD4D4
:1024D000C0E904120020DCF8081041F01011CCF81B
:1024E00008107047D4D4D4D42DE9F0410446406A92
:1024F0004FF6EE7288468668CFF6CE723240826022
:10250000206A00222261C769A260787C50B34EF233
:102510005400C4F20100017801F00F01022901D832
:1025200001220BE0CA1E052A06D244F29871C0F2BD
:10253000012151F8225003E00839102202FA01F576
:10254000407800F00F0004F00FF84CF26402797C40
:10255000C2F20022B0FBF5F012685143B1FBF0F07B
:102560000130A060606AD8F8001026F440120161C2
:102570000020616A8A60BDE8F081D4D4D4D4D4D478
:1025800000204FF0FF32C1E900227047D4D4D4D4E8
:102590008A0703D40622C90715D116E0426A936858
:1025A00023F440139360426A936C5B00FCD59368FC
:1025B00023F010039360426A137FDB06FCD40022F1
:1025C0004261C90701D00022C26110467047D4D4CD
:1025D000844681620020CCE90B327047D4D4D4D435
:1025E00044F642124168C5F2433291426DD1B0B512
:1025F000416A8A6822F440128A60416A8A6822F03D
:1026000010028A60416A00BF0A7FD206FCD4016AC8
:102610004EF2801CCEF2000C054691F907104A09D3
:1026200001F01F03012101FA03F34CF82230BFF33C
:102630004F8FBFF36F8F026A92F90920530902F09E
:102640001F0201FA02F24CF82320BFF34F8FBFF3B1
:102650006F8F426A936823F480339360026A92F921
:102660000520530902F01F0201FA02F24CF8232060
:10267000BFF34F8FBFF36F8F026A92F90B2053099C
:1026800002F01F0201FA02F24CF8232043F2040286
:10269000BFF34F8FBFF36F8FEFF3108481F3108878
:1026A000016AC4F220024FF0004C1E200978136822
:1026B0002CFA01F1194311601168012103F0A4FF04
:1026C00084F3108800206860B0BD07207047D4D420
:1026D0000246C069086000200021D1617047D4D44F
:1026E00006207047D4D4D4D406207047D4D4D4D490
:1026F000B0B584B04FF07041EFF3038001EB0060A0
:102700004CF200318015C4F20001425822F48032AC
:1027100042504CF23C024158C2F200221458206A46
:1027200000690028606902D0E0B104B0B0BDC8B152
:10273000A07800F003000228206905D10088616AB2
:1027400020F4DC40486002E0616A00780871A078FB
:10275000226900F003016069401A6061114421613F
:102760000028E2D1616A02228D68A06862F31555E3
:1027700010B103F089FF616A8D60A06A00284FF0F4
:1027800000002061D1D0E06A20B190E82E008DE8F1
:102790002E0000E06846216A09780160002181600E
:1027A00080210171216BC160A16A8847E06A00281D
:1027B0001CBF9DE82E002EC004B0B0BDD4D4D4D42C
:1027C00010B586B04FF07041EFF3038001EB00606D
:1027D0004CF200318015C4F20001425822F48032DC
:1027E00042504CF23C024158C2F200221458A078E8
:1027F00000F00302606A022A03D101686FF35F21CF
:1028000000E00178E0690191D0B1A06901A90CF064
:102810000BFDA078D4E9061200F003000144101A61
:10282000C4E9061034D1A06A90B3E06AE0B1D0E9FF
:1028300000C2D0E90231CDE90431CDE902C214E091
:10284000A06A28B3E06A40B1D0E900CED0E9022303
:10285000CDE90423CDE902CE00E002A8226A127875
:1028600081600260042106E002A8216A0978016003
:102870000021816001210171216BC160A16A88473B
:10288000E06A28B102AC1ECC016042608360C46083
:1028900006B010BDD4D4D4D4B0B584B04FF07041DC
:1028A000EFF3038001EB00604CF23C028115C2F2B1
:1028B00000224FF6EF7304165558CFF6CF73696AAE
:1028C0008A681A408A60A96AE1B1E86A40B1D0E931
:1028D00000C2D0E90231CDE90231CDE900C200E009
:1028E0006846296A0978016000218160022101712E
:1028F000296BC160A96A8847E86A00281CBF9DE867
:102900002E002EC04CF20030C4F2000050F824100B
:1029100021F4803140F8241050F8240004B0B0BDF8
:1029200070B584B04FF07041EFF3038001EB0060AD
:102930004CF23C028115C2F200225458A178636A1D
:1029400001F00301022904D1D3F800C06FF35F2C1A
:1029500001E093F800C09A6C2025082105EAD245D1
:102960004FF0100E01EA12611EEA126229440A4475
:1029700003D0996C090458BF4032996E051641F096
:10298000C8519966A16AD9B1E06A40B1D0E900E3C3
:10299000D0E90216CDE90216CDE900E300E0684671
:1029A000216A0978C0F808C001600271216BC1601A
:1029B000A16A8847E06A00281CBF9DE84E004EC00F
:1029C0004CF20030C4F2000050F8251021F48031A0
:1029D00040F8251050F8250004B070BDD4D4D4D4EC
:1029E0002DE9F04F85B0D1F814A0044641604AF2B9
:1029F0000006DAF830006061DAF83400A061087887
:102A0000C4F23C0606EB4032526802F00302022A8E
:102A100040F00C8140030022304400F58050C4E9AE
:102A200002029AF81C006074887B0221029103283C
:102A300006D844F2DC71C0F2012151F82000029066
:102A40000AF1240701254FF001084FF000090AF1AF
:102A5000140003900AF1280001900DE0A068002105
:102A6000016100BF00BF00BF5FEAC8704FF00109FD
:102A70004FF0000800F0DE80039850F8290000288D
:102A8000F2D006EB4930029900F5805B204600F059
:102A900027FCCBF804009AF81D000128E4D16168F6
:102AA0004FEA493049680491815965F30101815128
:102AB000049929B1049901390491F9E700BF00BFD5
:102AC0003044416801F00301012909D0A1680D617A
:102AD000416801F003010129FAD1A16800220A61CD
:102AE000616849680491016841F00301016000BF19
:102AF000049929B1049901390491F9E700BF00BF95
:102B00004168C94389070AD0A1680D6100BF00BFB1
:102B10004168C9438907FBD1A16800220A614FF4CB
:102B20008071CBF8801117F90910002941D41C21BC
:102B3000CBF81412019A17F90910B6463E4612F85E
:102B4000292000294FEA021207D44EF20017CEF2D4
:102B500000077B1883F800230AE04EF6145701F0B3
:102B60000F03CEF20007DA554EF20017CEF200073F
:102B70004CF23C024CF20033C2F20022C4F20003D9
:102B800042F8214053F8212022F4803243F82120DA
:102B900053F821204A0901F01F01BFF35F8F07EBB3
:102BA000820305FA01F1C3F8801147F82210374675
:102BB0007646616849680491016865F30101016026
:102BC000049929B1049901390491F9E700BF00BFC4
:102BD000416801F0030101290AD0A1680D6100BF1D
:102BE000416801F003010129FAD1A16800220A61BC
:102BF0006168022249680491016862F30101016081
:102C0000049929B1049901390491F9E700BF00BF83
:102C1000416801F0030102293FF426AFA1680D616C
:102C2000416801F003010229FAD117E7052005B038
:102C3000BDE8F08F44F65900C5F250202060002016
:102C400005B0BDE8F08FD4D441684AF20402C4F262
:102C50003C0209784903515801F00301012907D1C9
:102C600000210174C0E90011C0E902110846704753
:102C700005207047D4D4D4D4B0B542684AF2000CD1
:102C8000C4F23C0C13780CEB43335B68DB439B07CB
:102C90001CD1927B437C40F6005E002A5FEA1F92C3
:102CA000C4F2400E1C1DA2408EF8002041F2004EDE
:102CB0004268C4F23E0E947B0EF10402032C07D04E
:102CC000012C12D102244FF4807504E00520B0BD20
:102CD00041F20104012542F8234005FA03F2DEF82F
:102CE00000301A43CEF8002002E0002542F82350BD
:102CF000426801230374137852690CEB43335B6819
:102D0000DB439B0718D1437C42F20005C8F2000563
:102D100002EB830283685269127862F3C7051D6073
:102D20008268136843F001031360826800BF00BF2C
:102D30001368DB07FCD100E082684FF0000C00BF95
:102D40004368457C5B6903EB85034FF480455B6911
:102D50001B7863F3C70515608268136843F00103AD
:102D60001360826800BF00BF1368DB07FCD11368E3
:102D70000CF1010CB3F1FF3F4B6801DC9C45DFD344
:102D800014209C4538BF0020B0BDD4D4D4D4D4D4B2
:102D900010B5D0E901EC447CDEF8143003EB840379
:102DA0005B691B78DB00DBB261F30C2303F5804128
:102DB000CCF8001081680B6843F001030B60806859
:102DC0000168C907FCD101680020090C116010BD21
:102DD00080B5D0F804C04AF2040EC4F23C0E9CF850
:102DE0000030DCF814C05B035EF80330DB439B0764
:102DF0001BD1437C0CEB83035B691B78DB00DBB2EC
:102E000061F30C23816843EA024202F500520A6032
:102E100081680A6842F001020A60806800BF00BF52
:102E20000168C907FCD1002080BD052080BDD4D435
:102E300042684AF2000CC4F23C0C11780CEB4131B0
:102E40004968C94389076DD180B5517B40F6E1538C
:102E5000002908BF40F2E113C3601178D2F814E0F2
:102E60000CEB41314968C943890715D1417C1A04EB
:102E700083680EEB81014969097861F3C70202F5A5
:102E80001051196081680A6842F001020A60816885
:102E90000A68D207FCD14268917B01F0FE01022949
:102EA0001ED111780CEB413351695B68DB439B0702
:102EB00016D1427C42F60013C0F2003301EB8201CE
:102EC00082684969097861F3C703136081680A68F9
:102ED00042F001020A6081680A68D207FCD14268A8
:102EE000117852690CEB41314968C94389071BD1FC
:102EF000417C42F20003C1F2002302EB81018268AF
:102F00004969097861F3C703136081680A6842F070
:102F100001020A60816800BF0A68D207FCD14268DA
:102F2000526902E0052070478168437C02EB83020E
:102F30004FF488435269127862F3C7030B608168CB
:102F40000A6842F001020A60806800BF00BF00BF4B
:102F50000168C907FCD10068002080BDD4D4D4D456
:102F6000F0B581B046684AF20007C4F23C073478F5
:102F700007EB44346468E443A40733D1447C7669A6
:102F80004FF4824506EB840684687669367866F3EA
:102F9000C70525608668356845F001053560866897
:102FA0003568ED07FCD135684568447C6D6905EBF3
:102FB00084054FF482446D692D7865F3C70434604D
:102FC0008668356845F001053560866800BF00BF3A
:102FD0003568ED07FCD13668750306D441F28830B8
:102FE00001B0F0BD052001B0F0BDC468650507D48F
:102FF00025050CD4B20210D441F2893001B0F0BDE5
:10300000156845F002051560C4682505F2D51568F8
:1030100045F001051560B202EED5D0E90126457CE8
:10302000526902EB85024FF48A455269127862F3C5
:10303000C70535608268166846F00106166082682A
:103040001668F607FCD11668720101D502221A60D3
:10305000320103D51A6842F001021A604368720215
:103060004FF0020258BFC6F3405235029D7B48BF65
:103070000322F60105F0FE0648BF0422022E1CD1F1
:10308000467C5B694FF4944503EB860386685B6975
:103090001B7863F3C705356083681E6846F0010638
:1030A0001E60836800BF00BF1E68F607FCD11B6866
:1030B0005E0148BF05221B0104D422B941F28836C3
:1030C000002202E006220A6000261146044600F0B3
:1030D00007F92246647C07EB443101F5805CDCF89B
:1030E0000450A84202D1304601B0F0BD01465068FC
:1030F0006503012440680090E85964F30100E85139
:103100000098EC1938B100BF009801380090009881
:1031100008B12FF007C8606800F0030001283046AE
:103120000AD0966801253561666806F00306012E0F
:10313000FAD1966800253561567C556802237403E0
:103140006D68009507EB46363D5963F301053D5127
:10315000009B43B100BF00BF009B013B0093009B5D
:103160000BB12FF007C8736803F00303022B0BD0D9
:10317000936801251D6100BF736803F00303022BF0
:10318000FAD1936800261E61CCF804100125517C09
:1031900053684E035B68009307EB4131BB5965F3FD
:1031A0000103BB51009B33B1009B013B0093009B8B
:1031B0000BB12FF007C84B6803F00303012B0BD0B2
:1031C000936801261E6100BF4B6803F00303012BC7
:1031D000FAD1916800230B61517C53684E035B6800
:1031E000009307EB4131BB5943F00303BB51009BF4
:1031F0004BB100BF00BF00BF009B013B0093009B91
:103200000BB12FF007C84B68DB439B070BD09368CB
:1032100001271F6100BF00BF4B68DB439B07FBD149
:10322000916800220A6101B0F0BDD4D4D4D4D4D4C2
:1032300080B542684AF2000CC4F23C0C1378D2F814
:1032400014E00CEB43335B68DB439B0731D1437CD9
:1032500081684FF482420EEB83035B691B7863F352
:10326000C7020A6081680A6842F001020A60836846
:103270001968C907FCD119684168427C496901EBAA
:1032800082014FF482424969097861F3C7021A60EA
:1032900081680A6842F001020A60836800BF00BFCB
:1032A0001968C907FCD11968490304D441F2883070
:1032B00080BD052080BD9EF81D1001290ED1407CE7
:1032C000DEF8201001394FF48C5201F07F010CEB35
:1032D00040308358194341F480318150002080BD33
:1032E000F0B581B04EF2D50704464068C4F201073C
:1032F0000D464669B87900F00F0003F035F93978CA
:1033000001F00F01022901D801220BE0CA1E052A93
:1033100006D244F2EC71C0F2012151F8221003E010
:103320000839102202FA01F16268EB1E032BF568DE
:10333000927B06D844F2CC77C0F2012757F82330AD
:1033400000E00023B0FBF1F04FF4FE01377C022ACD
:10335000B0FBF5F007F0070201EBC030717C00F420
:10336000FE0001F0070128BF43F00203184340EAC2
:10337000017040EA026001B0F0BDD4D4D4D4D4D4FA
:103380004268526902EB8102526912B14174002015
:10339000704703207047D4D4844641610020CCE9B3
:1033A00006237047D4D4D4D42DE9F04144F2431815
:1033B0000446C5F24D280068404502D10E20BDE804
:1033C000F08108784AF200034A6BC4F23C0303EB35
:1033D0004030126800F5805020610878616003EB8E
:1033E0004030636FE06000202064A0672066A4F88E
:1033F0006400C4E91A0023F00103206763678B6A45
:10340000E367096BC4E9200192E80B001A68904752
:103410000E281CBF0028BDE8F08160688169B1B149
:10342000417811B1467D26B911E0017D427D5618E3
:103430006EB1002500BF00BF6068D0E906014059A9
:103440000BF0EDFE013E05F10405F5D16068466B19
:10345000706878B10027002530683169CA190068A2
:1034600002F1180101F058FFD8B9706801351C3716
:103470008542F1D3B06888B10027002500BF00BFA6
:1034800030687169CA19006802F1180101F044FF3F
:1034900038B9B06801351C378542F1D30020C4F833
:1034A0000080BDE8F081D4D470B586B00446406891
:1034B00000250595466B0495CDE90255CDE90055EB
:1034C0003268017810686A4602F02AF92069D0F85B
:1034D000381241F00101C0F8381296F9180000289E
:1034E00010D44EF2801300F01F014009CEF2000309
:1034F000012202FA01F143F82010BFF34F8FBFF30E
:103500006F8F307E4CF23C0140B2C2F2002141F894
:10351000205084F87A50A4F878500020C4E900556F
:1035200006B070BDD4D4D4D490F87A30012B2AD10F
:103530002DE9F041436801255E6BEFF3108785F3B9
:103540001088EFF3108385F31088C469F4B1A5687F
:10355000C5610DB9002505620025A56083F31088BB
:103560006568ADB143685B78002B236832D00B608F
:103570000123EFF3108183F310880023A360836A93
:10358000ABB39C6034E040F6A170704783F31088C1
:103590008169013118D14169726933680446C1EB10
:1035A000C10102EB81011A681046896902F010F826
:1035B00021460028606908BF88610130B268B0FB0D
:1035C000F2F303FB120048614FF47A6087F310882E
:1035D000BDE8F08106460846194690462A460BF09B
:1035E00023FE3046214600F0DFFB424603E0446202
:1035F000846281F310880020156087F31088BDE88D
:10360000F081D4D4D4D4D4D490F87A10012914D130
:103610000121EFF3108281F31088416A81B18B6838
:1036200043620BB90023836210B500248C6082F3DF
:10363000108800F0B9FB204610BD40F6A17070471D
:1036400082F31088242070474268537D426B9A426F
:1036500001D2013242630122EFF3108C82F3108811
:10366000426A4AB1936843620BB900238362002324
:1036700093608CF3108811E08CF310880122EFF333
:10368000108C82F31088826D7AB1936883650BB9D0
:103690000023C365002393608CF3108880B511600C
:1036A000114600F081FB002080BD8CF3108824209F
:1036B0007047D4D4D4D4D4D42DE9F047044690F83C
:1036C0007A00012808D16068D4F838904378D0F89F
:1036D00034802BB100271CE040F6A170BDE8F087D4
:1036E0000123EFF3108083F31088E76C002F56D08E
:1036F000BB68E3640BB9002323650023BB6080F340
:1037000010887A603E68154630460BF08DFD2A46DB
:1037100031460120EFF3108580F31088606CB0B162
:1037200085F31088002F5AD10123EFF3108083F323
:103730001088A76DCFB3BB68A3650BB90023E36501
:103740000023BB6080F31088C7E9001247E0E06BFC
:10375000013002D3D4F8389005E0D8F80430B0FB3B
:10376000F3F606FB1309C9EBC900D8F810308A46F6
:10377000164603EB80008369204600F09DFC0C2870
:1037800025D109F10100D8F80410B0FBF1F202FBD9
:103790001109E06B48450ED132465146C0E780F32F
:1037A000108840F6A370BDE8F08780F3108840F6DB
:1037B000A370BDE8F087C9EBC900D8F810103246F5
:1037C00001EB800051468369204600F075FC85F3CB
:1037D0001088002839D032465146002FA4D001214C
:1037E000EFF3108081F310880021B960A16C09B15A
:1037F0008F6000E06764A76480F31088E06B01309D
:103800001ED1EFF31085012080F31088C9EBC900A9
:10381000D8F8101001EB80008169204600F0D0FC40
:10382000002809F1010018BF4FF0FF39C4F83C909F
:10383000D8F8041085F31088B0FBF1F202FB1109EF
:103840000020C4F83890BDE8F08760684078002810
:10385000D4D1EFF31080012181F310883FB1002112
:10386000B960E16D09B18F6000E0A765E76580F39D
:103870001088C3E7D4D4D4D42DE9F04F89B083465F
:103880004068416B09684A680178D06850F8214067
:103890002068FFF775FDA1682068C969884741F273
:1038A000883188420AD19BF87800012803D14FF46F
:1038B0008070ABF8780040F6A1700EE0A168206837
:1038C00002AA01AB8F6903A9B8479BF8780018B921
:1038D00040F20120ABF8780000209BF87910012914
:1038E0000FD0022940F0F881DBF804004FF480711A
:1038F000ABF87910816981B34178D9B1457DEDB9D3
:103900002BE080460020ABF87900584600F06CFBB5
:10391000DBF87C00002800F0DE81DBF880000DF190
:103920000C09002800F0C38184464A469CE8FA004E
:10393000FAC2BDE1017D427D551875B1002400BF7A
:10394000DBF80400D0E9060100590BF068FC013DEA
:1039500004F10404F4D1DBF804000021CDE90511E1
:10396000466BCDE90311CBE91611CBE913119DF894
:103970000E2042F008028DF80E204FF0FF32CBE906
:103980000512CBE90711CBE90911CBE90B118269CB
:103990008AB1417D9DF80D20042302F0F00205322A
:1039A0008DF80D20EA228DF80C209DF80E2063F38F
:1039B0001F128DF80E20CBF834100025B1680029B5
:1039C00069D0706900274FF00009002307E000BFAD
:1039D000DDF80090B168C14401378F4258D20269C6
:1039E000012AF9D009EB4900CDF800904FEA80098F
:1039F0004FF0000810E000BFCBF858A0CBF85CA057
:103A0000631C80F31088706908F1010809F10C0942
:103A1000016901398845DBD2316A01EB090A41F8B5
:103A20000950DBF804008069F0B18DF80F501C4696
:103A300050F823000490C7EBC7007169326801EBAE
:103A40008001106803AA896901F056FDEFF3108028
:103A5000012181F31088CAF80850DBF85C100029B6
:103A6000CAD0C1F808A0C9E7EFF31080012181F3A3
:103A70001088CAF80850DBF8281011B1C1F808A066
:103A800001E0CBF824A0CBF828A080F31088BAE797
:103A9000DBF8040002E000234FF00009816959B30C
:103AA000417D894528D209EB49014FF0010C89007D
:103AB000002210E000BF00BFCBF82C00CBF8300094
:103AC00009F1010987F310880133DBF804000C3198
:103AD000477DB94510D2356A8769681857F8237051
:103AE0006F50EFF310878CF310888260DBF8305052
:103AF000002DE1D0A860E1E700204FF0FF31CBE9D5
:103B00000E010C229A46CBE911009DF80E1062F3CB
:103B10001F118DF80E108DF80F0004909DF80D10F8
:103B200001F0F0018DF80D108DF80C009DF80E10CD
:103B300001F0F7018DF80E108DF80C00706830B3AD
:103B400000270DF10C080CE0C7EBC701326800EB51
:103B500081011068896901F03BFD70680137874277
:103B600015D2306901690129EED00024C7EBC705E1
:103B7000316800EB850208689169424601F0BCFC9F
:103B800030690134016901398C42F1D3DCE7706A94
:103B9000814548D209EB4900012180004FF0000C1B
:103BA0000BE0CBF85830CBF85C3087F31088726AA2
:103BB00009F101090C30914535D2DBF80470356A02
:103BC0007B78002B05EB000316D13C7D7A7D2244E7
:103BD000924511D2BA6952F82A202A50EFF3108781
:103BE00081F31088C3F808C0DBF8505095B1AB6082
:103BF00012E000BF00BF00BFEFF3108781F3108811
:103C0000002DD2D0C3F808C0DBF85C50002DC8D01E
:103C1000AB60C8E7CBF84C30CBF850300AF1010A62
:103C200087F31088C3E7DBF81000D0F88C10DBF8BE
:103C30000420D378012B04D140F2C731C0F2C73140
:103C400008E0937821F00611012B08BF01F1021161
:103C500001F10411D26862B1D0F8903041F05011F6
:103C6000C3EA0242A2F58032C0F89020DBF81000CF
:103C700001E021F01011C0F88C100021584600F02E
:103C80001BF928B10221ABF8791009B0BDE8F08F1B
:103C9000DBF87C00B8B3DBF880000DF10C08F0B164
:103CA0000246C44692E8FA008CE8FA0018E048465A
:103CB00002210171DBF8041009780160DBF884103F
:103CC0004161DBF87C108847DBF8800000281CBFCE
:103CD00099E8EE00EEC0404609B0BDE8F08F4046DE
:103CE00001210171DBF8041009780160DBF8841010
:103CF0004161DBF87C108847DBF8800000281CBF9E
:103D000098E8EE00EEC0002009B0BDE8F08FD4D4F2
:103D100070B584B0044690F87A00012817D10121CB
:103D20002046012500F0C8F86068416B09684A68C0
:103D30000178D06850F821603068FFF721FBB16846
:103D40003068C969884741F28831884203D140F61A
:103D5000A17004B070BDB168306802AA01AB8E6971
:103D600003A9B04784F87B50002004B070BDD4D4C0
:103D70000122EFF3108382F310880246006C28B111
:103D800008600020106483F310887047222083F3BA
:103D900010887047D4D4D4D48446C1670020CCE9BD
:103DA00020327047D4D4D4D470B584B0044640686F
:103DB0000029466B4FF00000CDE90200CDE900007C
:103DC00070D00D469DF80210042201F0F8018DF824
:103DD00002109DF8011001F0F00105318DF801107D
:103DE000EA218DF800109DF8021062F31F118DF882
:103DF00002109DF8021041F008018DF802108DF8B4
:103E0000030028680190A169481C01D3606906E09D
:103E10006161B168B0FBF1F202FB11006061C0EBBF
:103E2000C0007169326801EB800110686A468969D7
:103E300001F062FBEFF31081012282F310884FF052
:103E40000002AA6018B1226B2AB1956004E0E06D0F
:103E500050B3856029E0E56225630C2881F3108862
:103E600020D1A069013015D16068616B407D81422D
:103E700010D1606971693268C0EBC00001EB80014C
:103E80001068896901F0A4FB00280CBF60694FF03D
:103E9000FF30A0616069B1680130B0FBF1F202FB54
:103EA0001100606104B070BDA565E56581F31088FF
:103EB00004B070BDD4D4D4D4F0B589B00446002089
:103EC000089002906268CDE906000D46566BCDE978
:103ED0000400CDE900003068127840681146C068DF
:103EE00050F822703868FFF74BFAB968386801AAB1
:103EF0006B468F6902A9B84718B140F6A17009B0A6
:103F0000F0BD6068016903918DB14EF20015204645
:103F1000CEF2000500F068F896F91800317F00280D
:103F20004FEA011119D42A1882F800131CE0002767
:103F30008DF8107032680178106803AA01F0F0FB68
:103F400060688169D1B3A761306871690068896967
:103F500001F03EFB0546606831E04EF6145300F078
:103F60000F02CEF20003D1544CF23C010123C2F205
:103F7000002141F820404CF20031C4F2000151F818
:103F8000202022F4803241F8202051F820104109ED
:103F900000F01F00BFF35F8F05EB810203FA00F012
:103FA000C2F8800145F821002069D0F8341241F0B0
:103FB0000101C0F83412002009B0F0BD002544F220
:103FC00099210894C0F20021CDE9061701218DF84E
:103FD000101032680178106803AA01F0A1FB28468E
:103FE00009B0F0BDD4D4D4D42DE9F0478AB08146CD
:103FF00040680021CDE90811466BCDE90611CDE9F5
:1040000004118DF81410CDE90211CDE900113268C8
:104010000178106804AA01F083FB0120EFF31088F7
:1040200080F310880C219DF8020061F31F108DF8B9
:104030000200B068A0B34FF0000A6D460CE000BF6C
:10404000316800EB84020868916901F0C1FAB06838
:104050000AF1010A824523D2CAEBCA0470693168A9
:1040600000EB84020868916901F0B2FA706900EB14
:10407000840109690029E3D0002700BF00BF00BF09
:10408000316800EB8402086891692A4601F034FA2D
:104090007069013700EB840109698F42F0D3CFE7E3
:1040A0004FF0FF30C9F8180088F310880AB0BDE857
:1040B000F087D4D4D4D4D4D470B584B04468002666
:1040C000CDE90266D4F834C0CDE90066DCF800E042
:1040D000DEF80450ED688DF803600191C2F3032609
:1040E0009DF8011001F0F00131448DF801108DF8B8
:1040F000002008229DF8021062F31F118DF80210B3
:104100009DF8021041F008018DF802109CF828106B
:104110009DF8082001F0010102F0FB0242EA810152
:104120008DF808109DF808104907194604D49DF829
:104130000E2002F080020AE0227801239DF80E6032
:1041400003FA02F202F07F0206F080031A448DF8AF
:104150000E20436F9DF80820DB070DD102F0F70019
:104160008DF808009DF8080000F0BF008DF80800E9
:1041700000208DF809001CE042F008028DF80820AC
:1041800022782A4492F880209DF8083002F001023B
:1041900003F0BF0343EA82128DF80820026F02F099
:1041A0007F0301328DF8093002F07F020267DCF8EC
:1041B00000E0DEF800006A4601F09EF904B070BD30
:1041C0002DE9F04184B08046002000900390D8F89B
:1041D0000420CDE901000D466E46576B9DF80200A4
:1041E0000C2262F31F108DF8020000BF00BF00BF59
:1041F000386829463246006801F07EF908B92FF088
:1042000009C838682946006801F0E2F9D8F874E076
:104210005FEACE713AD0D8F80410002642F2107C42
:10422000496BC9680B698A68013B04E000BF00BFA5
:104230000136664526D0002BFAD00021002503E088
:104240000135E9B28B42F3D902EB01118F7807F007
:10425000F007302FF4D0D8F870700C79013F07F0D8
:104260007F07A742ECD1CA68C8F868208A68032390
:1042700022F04042C8F86C208A7863F31F128A70DB
:10428000D8F874E02EF00101C8F8741004B0BDE84D
:10429000F081D4D4D4D4D4D42DE9F0478AB00546E3
:1042A000007B0328D5F810A000F22381DAF804106F
:1042B000D1F83490DFE800F0027136599AF87A00AC
:1042C00001284FF000008AF8080040F0CA81A96870
:1042D000504600F0E5F9212803D1A968504600F0C6
:1042E0004BFA0C283ED1DAF81800D9F80810013042
:1042F000B0FBF1F202FB1105D9F81410D9F8002037
:10430000C5EBC50001EB80011068896901F060F917
:10431000002800F011814FF0FF30CAF818004FF06C
:10432000030C7BE19AF87A0001284FF000008AF82C
:10433000080040F09681DAF81800411C12D0C0EB5A
:10434000C000D9F8141001EB8000A968806981428F
:1043500008D1D9F800006A46006801F009F9002880
:1043600000F0F9804FF0030C58E19AF87A00012828
:1043700040F077819AF80800012840F0BD80A968D4
:10438000504600F08DF9A968504600F0F5F94FF05D
:10439000FF30CAF818000020BDE0D9F800006E46D2
:1043A000A9683246006801F0E3F801274FF00008E1
:1043B00009E081F3108800BFD9F80000A9683246EF
:1043C000006801F0D5F8002835D1DAF8040040780B
:1043D000012809D19DF8020000F0F0004028EBD13F
:1043E0000198CAF84000E7E7EFF3108187F31088DF
:1043F000DAF858000028DCD08268CAF85820002A71
:1044000008BFCAF85C80C0F8088081F31088019961
:104410000160EFF3108187F31088C0F80880DAF8A4
:1044200050200AB1906001E0CAF84C00CAF8500070
:1044300081F31088C0E7212840F0EE800121EFF3DE
:10444000108081F31088DAF84460002E68D0B168DB
:10445000CAF8441011B90021CAF848104FF00008FA
:10446000C6F8088080F310885046D6E90012AB6881
:10447000FFF722FE68BB0127EFF3108087F3108857
:10448000C6F80880DAF85C1009B18E6001E0CAF85D
:104490005860CAF85C6080F31088EFF3108087F3EF
:1044A0001088DAF84460002E4BD0B168CAF8441086
:1044B000002908BFCAF84880C6F8088080F3108831
:1044C0005046D6E90012AB68FFF7F6FD08B92FF0A9
:1044D0002DC8DAF8040001224178EFF3108082F34E
:1044E0001088C6F8088009B3DAF85C1061B38E60F2
:1044F0002CE04FF0000C91E0DAF81800411C12D0CB
:10450000C0EBC000D9F8141001EB8000A9688069E5
:10451000814208D101208AF808004FF0040C7DE0A8
:1045200080F310885DE04FF0040C77E0DAF850106B
:10453000002950D08E6050E0CAF818504FF0030C9C
:104540006CE080F310884CE0CAF85860CAF85C60F0
:1045500080F3108845E0DAF81800D9F80810013027
:10456000B0FBF1F202FB1106D9F81410D9F80020C3
:10457000C6EBC60001EB80011068896901F028F8DC
:104580000121EFF3108281F31088DAF85810002926
:104590006AD08B68CAF8583013B90023CAF85C3067
:1045A00000238B6082F31088019A0A609DF8012035
:1045B0009DF8007002F00F0247EA02224A60EFF312
:1045C0001082012787F310888B60DAF82030002BE7
:1045D0004DD099604DE0CAF84C60CAF8506080F345
:1045E0001088DAF83C00D9F804100130B0FBF1F281
:1045F00002FB1105D9F81010C5EBC50001EB8000D6
:1046000081695046FFF7DCFD20B14FF0FF30CAF85A
:104610003C0001E0CAF83C504FF0050CDAF87C0091
:10462000F8B1DAF880000DF1100830B10346C64643
:1046300093E8F6008EE8F60000E0404680F804C0FB
:10464000DAF8041009780160DAF884104161DAF8C8
:104650007C108847DAF8800000281CBF98E8EE003C
:10466000EEC00AB0BDE8F08782F3108805E0CAF812
:104670001C10CAF8201082F310880028504618BF7A
:104680004FF0FF36CAF81860A96800F009F8A96869
:10469000504600F071F84FF0030CBFE7D4D4D4D4E7
:1046A0002DE9F04385B00446406801AA0D46476BEA
:1046B0003868006800F05CFF10B105B0BDE8F08319
:1046C00001260DF104084FF000090BE000BF00BF08
:1046D00081F31088386829464246006800F048FF98
:1046E0000028EAD1EFF3108186F31088A06D00282E
:1046F000EED08268A265002A08BFC4F85C90C0F8BA
:10470000089081F31088A1694A1C07D0C1EBC10150
:104710007A6902EB810189698D4214D102990160A5
:104720009DF805109DF8042001F00F0142EA0121D7
:104730004160EFF3108186F31088C0F80890226A78
:104740006AB190600CE002990160EFF3108186F38A
:104750001088C0F80890226B32B1906005E0E061EB
:10476000206281F31088B5E7E062206381F310884E
:10477000B0E7D4D4D4D4D4D42DE9F04F85B00446D6
:1047800040680D464FF0010A476B00260DF1040802
:104790004FF0040912E000BF80F310880C219DF84F
:1047A0000600424661F31F108DF806000296294666
:1047B0003868006800F0A0FE00284FD1EFF31080A9
:1047C0008AF31088D4F82CB0BBF1000FE4D0DBF8EA
:1047D0000810E1620029294608BF2663CBF808606B
:1047E000424680F310889DF8060000F0F8008DF82E
:1047F00006009DF8050000F0F00005308DF805007A
:10480000EA208DF804009DF8060069F31F108DF86A
:1048100006009DF8060040F008008DF806008DF8AF
:104820000760DBF8000002903868006800F064FE62
:10483000EFF310818AF31088CBF8086088B9E06D37
:1048400010B1C0F808B001E0C4F858B0C4F85CB0CA
:10485000002081F3108808B92FF051C005B0BDE8E1
:10486000F08F226B12B1C2F808B001E0C4F82CB08E
:10487000C4F830B081F3108805B0BDE8F08FD4D40F
:104880002DE9F04F87B045F24D720646C4F25352FF
:104890000068904203D10E2007B0BDE8F08F4AF2C5
:1048A0000009D1F80CA07160C4F23C094868C6F850
:1048B000080709F58040B060002086F8B000C6F80F
:1048C000B40086F8B800A6F80407A6F8BA004FF0BE
:1048D000100E06F20471059106F1C40100BF00BF7D
:1048E00041F8080C01F8040C41F80C0B0FF009C05A
:1048F0004FF0200E06F5C270002100BF00BF00BFC0
:1049000040F8081C00F8041C40F80C1B0FF009C00C
:104910004EF218140120C4F2010401F029FF20789E
:10492000400611D494F90000B0F1FF3F0CDC207870
:1049300000F0FE00207000BF20784006FCD400BFCD
:1049400094F900000028FBD449F204040120C4F2C9
:104950003C0401F0E1FE43F20800C4F220000168CB
:1049600021F080510160016821F080410160012047
:10497000012101F049FE20684FF47A7140F00100F6
:104980002060206820F001002060012001F03CFE42
:1049900060684FF47A7140F480306060012001F06B
:1049A00033FED4F83C0140F00100C4F83C0100BFE4
:1049B000D4F83C018007FBD50120012101F024FE41
:1049C0007F20C0F201006060DAF8081011B107C959
:1049D000126890474FF0030E44F60021C4F23C01E8
:1049E0000AF10C0000BF00BF50F8042B0B6802F066
:1049F0007F021A4341F8102B0FF00BC040F2041154
:104A00000122C4F23C01086840F001000860086916
:104A100040F001000861086A40F001000862B068D7
:104A2000016862F301010160B06800BF00BF00BF10
:104A3000416801F003010129FAD10168022262F301
:104A400001010160B06800BF416801F00301022963
:104A5000FAD1D0F8801341F00101C0F88013B0689A
:104A6000D0F880138907FBD50021F1604FF0040EC8
:104A700006F110040C232246C2E90011957863F375
:104A80001F15957008320FF009C80021C0F8941165
:104A9000B0680122C0F89841B068016862F3010172
:104AA0000160B06800BF00BF416801F00301012947
:104AB000FAD1016841F003010160B068029600BFBD
:104AC0004168C9438907FBD1002301274FF0020C3D
:104AD000012400250AF1740004900AF1800001907D
:104AE0000AF12000039006E0E0074FF001054FF0C7
:104AF000000400F0A9805AF825000028F4D06E03C5
:104B000009EB453B59F8060067F3010049F8060038
:104B1000DBF8040000F003000128F9D1DBF8000005
:104B20006CF30100CBF80000DBF8040000F0030098
:104B30000228F9D1049850F825207AB10298294624
:104B4000069434461E46D046CA46E14600F060FA56
:104B5000CC46D146C24633462646069C082040F045
:104B600001E00BF16000039901EB451100BF00BFAC
:104B700051F8042B6FF3DF2240F8042B0FF009C02B
:104B8000DBF8040000F00300022805D1CBF8203048
:104B90003CE000BF00BF00BFDBF8001067F301017D
:104BA000CBF8001000BF00BFDBF8041001F00301D8
:104BB0000129F9D1DBF800106CF30101CBF80010EA
:104BC000DBF8041001F003010229F9D1CBF8203001
:104BD000DBF8001067F30101CBF8001000BF00BF45
:104BE000DBF8041001F003010129F9D1DBF8001012
:104BF00021F003010144CBF8001000BF00BF00BF4B
:104C0000DBF8041001F003018142F9D109EB060041
:104C1000059900F580504B55D0F8801041F00801FF
:104C2000C0F88010DAF8081000293FF45DAF019950
:104C3000495DD0F8A42022F0805201F0010142EA3F
:104C40000171C0F8A4104FE745F2A1150126C0F28A
:104C50000025DDF8088005E0F0074FF001044FF073
:104C600000060ED05AF82440002CF5D094E8070036
:104C7000126890472068002329464246FEF78CFBC5
:104C8000EAE70021012506E0E8074FF001014FF0B7
:104C9000000500F086805AF82160002EF4D04A0307
:104CA00009EB413059F8023064F3010349F802304E
:104CB000426802F00302012AFAD1026842F00302BC
:104CC000026000BF00BF00BF4268D2439207FBD121
:104CD0003068FEF755FB96E807009268904770B978
:104CE000B16830684969884700285FEA1F910D4222
:104CF0004FF001014FF00005CDD1002851D0D8F878
:104D0000040001250126C468002007E000BF00BFA1
:104D1000F0074FF001004FF0000617D054F82010B4
:104D20000029F5D0420309EB403059F8023065F311
:104D3000010349F8023000BF426802F00302012A71
:104D4000FAD18A68086851688847E1E7D8F80810FE
:104D50000A6860F301020A60D8F8080000BF00BFCB
:104D6000416801F003010129FAD144F60021002035
:104D7000C4F23C010860086140F20411C4F23C0135
:104D8000086820F001000860086920F0010008614F
:104D9000086A20F00100086240F6A57007B0BDE87F
:104DA000F08FD8F8040090F9013081784EF20010AD
:104DB000002BCEF200004FEA011103D4C21882F892
:104DC000001306E04EF6145603F00F02CEF2000672
:104DD00091554CF23C024CF20031C2F20022C4F276
:104DE000000103F01F0442F8238051F8236026F4E9
:104DF000803641F8236051F823605E090123BFF338
:104E00005F8F00EB860503FA04F4C5F8804140F893
:104E100026409AF97C60002E1BD49AF87E508419A3
:104E20002D0184F8005342F8268051F8265025F4CD
:104E3000803541F8265051F82650750906F01F06B6
:104E4000BFF35F8F00EB8504B340C4F8803140F8B6
:104E500025309AF97D30002B1DD49AF87F70C61842
:104E60003F0186F8007342F82380012751F8232080
:104E700022F4803241F8232051F82310590903F01D
:104E80001F03BFF35F8F00EB810207FA03F3C2F841
:104E9000803140F8213045F24D70C4F25350C8F8CB
:104EA0000000002007B0BDE8F08FD4D4D4D4D4D40F
:104EB0002DE9F04381B0416881464EF2801091F9AE
:104EC0000120CEF20000D1F80C80510902F01F033E
:104ED000012202FA03F340F82130BFF34F8FBFF3F2
:104EE0006F8FD9F80410002391F901704CF23C0146
:104EF000C2F2002141F8273098F97C70002F0DD4C0
:104F00007E0907F01F07BA4040F82620BFF34F8FF5
:104F1000BFF36F8F98F97C2041F8223098F97D20FB
:104F2000002A10D4530902F01F02012707FA02F2E7
:104F300040F82320BFF34F8FBFF36F8F98F97D00A8
:104F4000002241F82020D9F804004AF2000500218F
:104F50000127C668C4F23C05012407E000BF00BF7A
:104F6000E0074FF001014FF0000417D056F8210080
:104F70000028F5D04A0305EB4131AB5867F3010334
:104F8000AB5000BF00BF00BF4A6802F00302012A15
:104F9000FAD18168006849688847E1E7D8F80800D5
:104FA00018B18168006849688847B9F1000F10D0CE
:104FB000D9F808000122016862F301010160D9F803
:104FC000080000BF00BF00BF416801F003010129D4
:104FD000FAD149F24410C4F23C0000BF00BF00BF48
:104FE0000168026881EA1241C904F9D109F130006F
:104FF00050210024C9F804400AF011F9002089F872
:10500000B040C9F8004001B0BDE8F083D4D4D4D496
:105010002DE9F04381B001EB4103D76800EBC303F6
:10502000C3F88C705769C3F894701769C3F890700F
:10503000176844F60023C4F23C0367B13E8803EBD3
:105040004135D7F8027005F5CC4576BAC5F88460CD
:105050003FBAC5F888700F011679DD59002E05F0AA
:105060007B0418BF45F00404DC519468002C00F068
:10507000858040684EF2D507C4F2010703EB413545
:10508000C06850F82160B87900F00F0001F06CFAA8
:10509000397801F00F01022901D801220BE0CA1E64
:1050A000052A06D244F63001C0F2012151F822103F
:1050B00003E00839102202FA01F1B0FBF1F0716847
:1050C00005F5AC4C897B032908D844F64802C0F2A8
:1050D000012202EBC10191ED000B01E09FED2A0BD3
:1050E00001EE100A4FF0080EB8EE411BF6460CF523
:1050F00008710CF510729FED262B4FF0000802236B
:105100004FF001099FED243B002700260BE000BF74
:1051100009FA07F042F82780064301370133BEF150
:10512000010E00D125E0E05D0028F6D004EE100A63
:10513000072FB8EE444B84EE024B20EE044B84EE76
:10514000014B24EE035BBCEEC44BBCEEC55B14EE1E
:10515000100A15EE105A45EA004041F82700D7D052
:10516000184600BF00BF00BFC5B20130082DFBD1FB
:10517000CEE7F0B2CCF80002CCF8040201B0BDE8F2
:10518000F08300BF00BF00BF00000000000000006F
:105190000000000000005940000000000000F04046
:1051A00010B5027A511E0229C16823D201F2047C93
:1051B00040681CF80020002A18BF10BDC0B24AF297
:1051C0000002C4F23C02496802EB4032D1F80CE024
:1051D000536803F00303022B26D10EEB00030EEB02
:1051E000800193F86830096E03F0030341EA03413C
:1051F000116256E0002A40F08B8001F20471406891
:105200000A5C012A40F084805FFA80FC4AF20002C6
:10521000C4F23C0202EB4C32536803F00303022B4E
:1052200043D10023136270E01168012464F301018B
:10523000116000BF00BF00BF516801F003010129E8
:10524000FAD11168022464F30101116000BF00BFAC
:10525000516801F003010229FAD10EEB00010EEBB7
:10526000800491F86810246E01F0030144EA0141C2
:1052700011621168012464F30101116000BF00BFD5
:10528000516801F003010129FAD1116821F00301ED
:105290001944116000BF00BF516801F00301994239
:1052A000FAD101210CF8001010BD1468012060F340
:1052B0000104146000BF00BF506800F00300012823
:1052C000FAD11068022464F30100106000BF00BF2F
:1052D000506800F003000228FAD100201062106824
:1052E000012464F301001060506800F003000128FD
:1052F000FAD1106820F003001844106000BF00BF0E
:10530000506800F003009842FAD1002001F80C0028
:1053100010BDD4D4D4D4D4D42DE9F0431378022BC7
:105320001DD147685369C3F3400300F1BA0CD7F8A5
:105330000CE00025012405E0E4074FF001054FF0E3
:10534000000462D09D42F7D11CF80350002DF3D128
:105350001469D2F80880012C5DD1002673E0D0F8E2
:105360000C90B9F1030F53D817697FB100250224BF
:105370000C2600BF00BF00BF576801353B5D66F3D8
:105380001F133B55136910349D42F5D300EBC90739
:105390004FF0000C41F2042887F813C056687E6174
:1053A000BE7C06F00F06BE7492F800E09578147B80
:1053B0008768567807EB890745EA0E254FF0010EFE
:1053C00045EA44250EFA09F445EAC626C7F8006402
:1053D000876841F20416BD592543BD5109EB890781
:1053E000856800EB870755F80860344345F80840A6
:1053F00087F838E0FA63C7E90CCCC1F80090C168BF
:105400000131C1606046BDE8F0830C20BDE8F08347
:105410000920BDE8F08308F1020500244FF00309DC
:10542000002700BF00BF00BF240101372E5D69F3D4
:105430001F162E552E5D46F008062E55FCB2166935
:10544000013EA642F0D808EB0614A57805F00F053A
:10545000A5701269012508EB021242F80C8C8268D3
:10546000146865F301041460826800BF00BF00BFC8
:10547000546804F00304012CFAD11468022565F382
:1054800001041460826800BF546804F00304022C15
:10549000FAD102EBC3020EEB03070026C2F84481E7
:1054A000C2F8406197F880208768012607EB8202E6
:1054B0005F000137C2F860718268176866F3010700
:1054C0001760826800BF00BF576807F00307012F0D
:1054D000FAD1176847F003071760806800BF00BF64
:1054E0004268D2439207FBD10B6001200CF8030005
:1054F0000020BDE8F083D4D410B501EB810300EBAC
:10550000830CDCF83CE0DEF810305C1EDCF8343054
:10551000A34224D200EBC10040699EF8011000EBC9
:10552000031001294FF00401837808BF0821B1EB73
:10553000131F04D1917801F0F001C02915D10CF1AD
:10554000300192E81810D268C26080E818104868EC
:10555000CA6801304860507818B1002010BD0C2096
:1055600010BD01200874002010BD082010BDD4D447
:1055700080B501EB810300EB830300EBC10053F81E
:1055800030CF4069D96800EB0C1091F801C00421BC
:1055900090F802E0BCF1010F08BF0821B1EB1E1F1B
:1055A00001D1082080BD817801F0F001C02901D12E
:1055B000212080BD90E80250C068D06082E802508F
:1055C000186801301860002080BDD4D4D4D4D4D45D
:1055D00010B501EB810200EB820202F1300CD36BBB
:1055E0005B7893B1D26B5278012A17D14A0984684B
:1055F00004EB8202D2F800E201F01F022EFA02F25E
:10560000D2071CBF082010BD3EE09CF81020012AE4
:1056100038D1846800228CF8102042E0826801F1C1
:10562000010ED2F800386EF30603C2F80038826823
:10563000D2F80438002BFBD4D2F8003861F306030B
:10564000C2F80038846800BFD4F80428002AFBD4CC
:10565000D4F80828C2B100EBC1031033934213D031
:1056600093780F2B04D800BF52689378102BFBD38C
:10567000937803F0F003C02B06D092F9022012F1C8
:10568000710F01DD082010BD00EBC1030022CCE941
:1056900000225A69927802F0F002C02A01D1252036
:1056A00010BD04F5806252F8213043F0807342F857
:1056B000213000BF00BF00BF52F82130DB01FBD416
:1056C000DCF80C205278012A0ED14A09806801F0DA
:1056D0001F0100EB8200012202FA01F1D0F8002242
:1056E0001143C0F8001216E04FF0020E01F07F00E7
:1056F00044F604210022C4F23C0100BF00BF00BFF9
:10570000DCF80C305B69D340DB071CBF120188500A
:1057100001220FF00BC80020CCE9000010BDD4D44A
:10572000B0B54AF2000C4FEA413EC4F23C0C0125F0
:105730000CEB41345CF80E3065F301034CF80E308D
:10574000636803F00303012BFAD12368022565F394
:105750000103236000BF00BF636803F00303022B53
:10576000FAD1FFF755FC2068012161F301002060A8
:10577000606800F003000128FAD1206840F00300BF
:10578000206000BF00BF00BF6068C0438007FBD13E
:105790000020B0BDD4D4D4D42DE9F04F8FB04FF059
:1057A0007041EFF3038001EB00604CF23C01801587
:1057B000C2F2002100220023085803908C3000BF61
:1057C000D107C15806D14FF018034FF0010209B9B3
:1057D0002FF00BC0039B4FF48852986800F5885750
:1057E0008558D7F8004105958550CDE90174C7F873
:1057F0000041D3F80807084300F006810399002709
:1058000001F1800B48680078089001F13C00049099
:1058100001F1100000900AA80D30069005E000BFCD
:10582000099F0137042F00F0EF8001200599B8404F
:10583000099708420CD007EB8701049A52F821100F
:105840004A78D1F814A0002A56D0012093E000BF76
:1058500002990842E4D009980499012600EB8000DF
:1058600051F82000D0F81480002022E000BF00BFD3
:105870000DF1280A2B46D64693E897008EE897004C
:105880000898C5F810C0C5E900080998A860032069
:1058900028730020A5F80D00E8732846C847504635
:1058A00090E89E009EC5F0074FF001004FF0000603
:1058B000B6D028FA00F1C907F5D000EB40000BEB99
:1058C000C000D0F80C90B9F1000FECD0D0E9045C26
:1058D000002DCDD10898CDE90A0809980C90032035
:1058E0008DF8340006980021CDF838C00180817011
:1058F0000AA8C847D7E700BF039B9968D1F80028DA
:1059000022F07F023A440132C1F80028996800BFB2
:10591000D1F80428002AFBD4D1F8002822F07F0215
:105920003A43C1F800280399896800BF00BF00BF4F
:10593000D1F80428002AFBD4D1F80818C1B1009A84
:1059400002EBC7028A4213D08A780F2A04D800BF1C
:1059500049688A78102AFBD38A7802F0F002C02ABC
:1059600006D091F9021011F1710F01DD002002E063
:1059700001990860022007900020012424E000BF64
:10598000D9460DF1280B2B46DE4693E8C5018EE87B
:10599000C5010898C5F810C0C5E9000A0998A860B3
:1059A000079828730020A5F80D00E873284688475B
:1059B0005846CB4690E8CE00CEC5E0074FF0010038
:1059C0004FF000043FF42CAF2AFA00F1C907F4D0DD
:1059D00000EB40000BEBC000C1680029EDD0D0E91E
:1059E000045C002DCCD10898CDE90A0A09980C90E6
:1059F00007988DF8340006980022CDF838C0028050
:105A000082700AA88847D8E74FF07041EFF303800F
:105A100001EB00604CF200318015C4F200014258E5
:105A200022F48032425040580FB0BDE8F08FD4D4F9
:105A30002DE9F04F85B04FF07041EFF3038001EB9B
:105A400000604CF23C018015C2F200214FF0020EC2
:105A50004AF210540B580025C4F23C040022586846
:105A6000D3F810C790F80080002000BF00BF00BF2F
:105A70006E03012707FA05F5A75917F47F0F18BF22
:105A80000422A75118BF284301250FF00FC870B397
:105A9000D3F80CB7D3F808E7BBF1000F19D0E946EB
:105AA000DA464D469AE8DA00DAC50021CBF808104C
:105AB000CBE9008058468BF80C20ABF80D108BF822
:105AC0000F10CBF810C0F04799E88F008BE88F00DB
:105AD0000DE0CDE9008000200290ADF80D008DF8BA
:105AE0000F0068468DF80C20CDF810C0F0474FF03D
:105AF0007041EFF3038001EB00604CF20031801540
:105B0000C4F20001425822F480324250405805B09D
:105B1000BDE8F08FD4D4D4D480B545F25422C5F278
:105B20004F020260084600F037F9002080BDD4D44F
:105B30000146002000220A607047D4D4D4D4D4D4C3
:105B400080B5084600F028F9002080BDD4D4D4D414
:105B500070B586B001A8049003A814460D46ADF8B0
:105B6000081001920126ADF80C6000F07DF94CF2AE
:105B70003800EFF31081C2F2002086F3108802682B
:105B80003AB940F614520023C4F240021370402385
:105B9000137002680132026081F31088E10340F65D
:105BA00000014FEA1522C4F2400101D4EBB20CE02F
:105BB00001EB8216EBB256F8235025F4803546F8F7
:105BC000235024F4803546F8235001EB8211012242
:105BD00041F82340EFF3108182F31088026812B17C
:105BE0000268013A0260006838B940F61450002299
:105BF000C4F2400002708022027081F310880020FD
:105C000006B070BDD4D4D4D404200023C4F2400024
:105C1000CFF6FF7340EAD100C9B220F01B00006844
:105C200043EA104020FA01F1002001F00101117057
:105C30007047D4D4D4D4D4D410B56FF00100CBB213
:105C400000EAD11001210C2401FA03FE0101C4F283
:105C5000400444EA001C4FF48030012A625800FAE4
:105C600003F004D122EA000040EA0E0203E022EA37
:105C70000E0141EA00020020CCF8002010BDD4D46F
:105C80006FF03F00CBB200EA910040F6000100EB5C
:105C90008300C4F2400141580020C1F3400111705B
:105CA0007047D4D4D4D4D4D410B5CBB2012098400A
:105CB0006FF0010E84B20EEAD110002A40F2080201
:105CC0004FF4803C4FEA0011C4F240024FF0000054
:105CD00008BF0CFA03F4545010BDD4D4D4D4D4D497
:105CE00080B56FF0010040F2000C00EAD110C4F260
:105CF000400C010103EA020E62EA03025CF80100B3
:105D00004EEA000E002002EA0E024CF8012080BD8F
:105D10006FF0010000EAD11004210001C4F240013B
:105D200009580020090C11807047D4D4D4D4D4D49D
:105D30006FF0010003EA020C00EAD11023EA02012D
:105D40000C230201C4F2400300204CEA01419950A7
:105D50007047D4D4D4D4D4D46FF00100042300EA23
:105D6000D110C4F24003010100205958118070473E
:105D70006FF0010003EA020C00EAD11023EA0201ED
:105D800008230201C4F2400300204CEA014199506B
:105D90007047D4D4D4D4D4D470B5044600F064F899
:105DA0004CF2380CEFF31081C2F2002C012080F38A
:105DB0001088DCF8000038B940F614500022C4F214
:105DC0004000027040220270DCF800000130CCF884
:105DD000000081F31088208830B340F6000E0021C7
:105DE000C4F2400E08E000BF0EEB8010013140F815
:105DF00022302088814217D2606800EBC10250F83F
:105E000031309288D8034FEA1220D2B2ECD50EEB93
:105E1000801555F8226026F4803645F8226023F478
:105E2000803645F82260DFE70120EFF3108180F330
:105E30001088DCF8000020B1DCF800000138CCF854
:105E40000000DCF8000010B181F3108870BD40F64E
:105E500014500022C4F2400002708022027081F3CC
:105E6000108870BDD4D4D4D42DE9F04F81B004464D
:105E70000088002867D04EF64C4B0025C4F2010B79
:105E80004FF0010A04E000BF2088013585425AD254
:105E900044F6BC0642F240080027C0F20126C4F2D4
:105EA00020080CE000BF00BF88F80000C8200121D6
:105EB00000F0AAFB013708F10208032FE4D0606864
:105EC00036F8021B00EBC50082888A42F2D10068D6
:105ED0009BF8001000F0B8500AFA07F9B0F1807F83
:105EE00009EA010018D158B9012000F041FC9BF8E3
:105EF000000040EA09008BF80000012000F00CFCD3
:105F000098F900000028D5D498F8000040F08000EF
:105F1000CAE700BF00BF00BF58B1012000F028FC55
:105F20009BF8000020EA09008BF80000012000F037
:105F3000F3FB98F90000B0F1FF3FBBDC98F80000DC
:105F400000F07F00B0E701B0BDE8F08FD4D4D4D426
:105F50004EF22401C4F201018878098801F00F0291
:105F6000A2F1080103293BD8DFE801F0022C101E42
:105F700041F20021C2F2002151F820004AF6AB2183
:105F8000CAF6AA21A0FB0101480830E041F2002135
:105F9000C2F2002151F820004AF6AB21CAF6AA212C
:105FA000A0FB0101C80822E041F20021C2F2002159
:105FB00051F820004AF6AB21CAF6AA21A0FB010144
:105FC000080914E041F20021C2F2002151F820003A
:105FD0004AF6AB21CAF6AA21A0FB0101880806E017
:105FE00041F20021C2F2002151F82000D0404CF2D1
:105FF0006401C2F2002108607047D4D4D4D4D4D450
:106000002DE9F0470FF238504EF2FA3841F20026EF
:10601000C4F201084AF2015190ED001FC2F20026BD
:106020000FF22C50CFF6FF714EF255050231A8F851
:10603000001086ED001F06F12003C4F2010590ED6B
:10604000001F44F2553040F2AA21C1F2DE3043F67F
:10605000000286ED041FC0F6E571C1F69C4207C33D
:1060600015F82F0C35F8311C01F00F02A2F10801D0
:1060700003292BD8DFE801F002200C164AF6AB21E9
:1060800056F82000CAF6AA21A0FB0101480820E02A
:106090004AF6AB2156F82000CAF6AA21A0FB01015E
:1060A000C80816E04AF6AB2156F82000CAF6AA2125
:1060B000A0FB010108090CE04AF6AB2156F82000CC
:1060C000CAF6AA21A0FB0101880802E056F82000C8
:1060D000D0404CF2640A4EF60044C2F2002AC4F2E8
:1060E00001040A214EF60147CAF800004FF650603D
:1060F000CFF6FF70C4F201072154092085F84D0046
:10610000207818B93878800700F01082207850B9CC
:1061100001202070C820012100F076FA00BF00BFE6
:1061200020780128FCD10020387020704AF20159F3
:10613000002005F8230C00BF15F8190C0007FBD54B
:1061400042F602314EF61450C0F20101C5F8731048
:1061500040F2834125F8071C002205F80B2C4FF66E
:106160000211C5F8571040F2415125F8091CCEF232
:1061700000004EF20001BFF34F8FBFF36F8F036833
:10618000CEF2010123F400330360C0F83C22BFF3D8
:106190004F8FBFF36F8F0A6822F440520A60BFF33B
:1061A0004F8FBFF36F8F15F8412C02F0F8020132C8
:1061B00005F8412C00BF00BF15F8412CD206FBD4D6
:1061C0000A6842F440520A60BFF34F8FBFF36F8FEB
:1061D0000168890312D4BFF34F8FBFF36F8F002183
:1061E000C0F83C12BFF34F8FBFF36F8F016841F4CB
:1061F00000310160BFF34F8FBFF36F8F002005F8B0
:106200002B0C00BF00BF00BF15F8190C8006FBD592
:106210004CF200040020C4F213042070207820788F
:1062200020786068FA2807D0FA20C1F6006000BF25
:1062300060606168FA29FBD1A0687D2808D07D20C4
:10624000CEF2001000BF00BFA060A1687D29FBD185
:1062500043F23240C3F2232045F8350C42F22010BD
:1062600025F8310C052005F82F0C15F82F0C35F802
:10627000311C01F00F02A2F1080103292BD8DFE83D
:1062800001F002200C164AF6AB2156F82000CAF69F
:10629000AA21A0FB0101480820E04AF6AB2156F8EC
:1062A0002000CAF6AA21A0FB0101C80816E04AF6A0
:1062B000AB2156F82000CAF6AA21A0FB010108096B
:1062C0000CE04AF6AB2156F82000CAF6AA21A0FB42
:1062D0000101880802E056F82000D040CAF800000A
:1062E0001E200121012700F08FF960686FF39F20C5
:1062F000652828BF277015F82F0C35F8311C01F0E0
:106300000F02A2F1080103292BD8DFE801F00220D7
:106310000C164AF6AB2156F82000CAF6AA21A0FBBB
:106320000101480820E04AF6AB2156F82000CAF6E1
:10633000AA21A0FB0101C80816E04AF6AB2156F8D5
:106340002000CAF6AA21A0FB010108090CE04AF6C8
:10635000AB2156F82000CAF6AA21A0FB010188084B
:1063600002E056F82000D04042F20001CAF80000D6
:10637000C4F200010120A1F80090BFF35F8F087202
:106380004FF42540BFF35F8F088095F8850040F0FB
:10639000400085F8850000BF95F98500B0F1FF3F0A
:1063A000FADC052085F87F00C72085F8850095F880
:1063B000850000F0BF0085F8850000BF00BF00BF6A
:1063C00095F985000028FBD4012005F8020CE87F30
:1063D00040F04000E87700BF95F91F00B0F1FF3FA3
:1063E000FADC0720E8754A20E8770A20E87700BF42
:1063F00095F91F000028FBD4287840F04000287051
:1064000095F90000B0F1FF3FFADC022005F8010C1D
:10641000CA202870287800F0BF00287000BF00BF95
:1064200095F900000028FBD495F8220040F04000C8
:1064300085F8220000BF00BF95F92200B0F1FF3FB0
:10644000FADC0420A876CA2085F8220095F82200FC
:1064500000F0BF0085F8220095F922000028FBD447
:1064600095F8860040F0400085F8860000BF00BF28
:1064700095F98600B0F1FF3FFADC072085F880002F
:10648000C52085F8860095F8860000F0BF0085F8E5
:10649000860000BF00BF00BF95F986000028FBD42E
:1064A00095F8870040F0400085F8870000BF00BFE6
:1064B00095F98700B0F1FF3FFADC012085F88100F3
:1064C000C52085F8870095F8870000F0BF0085F8A3
:1064D000870000BF00BF00BF95F987000028FBD4EC
:1064E00095F8890040F0400085F8890000BF00BFA2
:1064F00095F98900B0F1FF3FFADC082085F88300A8
:10650000C72085F8890095F8890000F0BF0085F85C
:10651000890000BF00BF00BF95F989000028FBD4A7
:106520004FF42540A8F80000BDE8F0874FF47A70DA
:1065300000F016F8FAE500BF00BF00BF00BF00BFC3
:10654000006CDC0200127A000080000000366E0150
:106550000080000000CA9A3B0046C3230084D7177E
:106560007047D4D4D4D4D4D441F20021C2F2002153
:1065700051F820007047D4D4B0B542F22404C820AA
:10658000C4F2200401210025257100F03DF825709A
:10659000207808B12FF005C0207840F0020020706C
:1065A00020788007FCD4002004F8020C00BF00BF54
:1065B00014F8020C08B12FF005C84FF0030E0020AC
:1065C00004F11C0100BF00BF11F8102002F07F028F
:1065D00001F8102000BF00BF11F91020002AFBD4E1
:1065E00001300FF00FC8012000F0C2F84EF64C4108
:1065F0000120C4F2010100220A70BDE8B04000F0A1
:106600008BB8D4D4D4D4D4D44CF2640241F2002355
:10661000C2F20022C0F27A03484312689A420FD3B2
:1066200044F23F21C0F20F0111444DF68362C4F2DF
:106630001B32A1FB0212910CA0FB0101C9B11DE0AC
:106640004CF60021C3F69A31B1FBF2F148F638124C
:10665000C0F24102904205D24FF47A725043B0FB2F
:10666000F1F006E0B0FBF1F0904207D24FF47A71FE
:106670004843002808BF704700F006B84FF0FF30CD
:1066800000F002B8D4D4D4D401380028FCD170472B
:10669000F0B581B04CF220154BF6E477C4F200055A
:1066A0000024C2F2002755F8200C296801EA0006F0
:1066B00006E000BF00BF00BF01340437152C09D02D
:1066C00026FA04F0C007F7D039680029F4D0204634
:1066D0008847F1E745F8106C28683042FCD101B0DA
:1066E000F0BDD4D4D4D4D4D480B54FF0070E4CF23E
:1066F000003044F25C71C4F20000C0F2012100BF1E
:1067000031F8022B002A18BF026004300FF009C0D4
:1067100080BDD4D4D4D4D4D4EFF31081012282F339
:1067200010884CF25802C2F2002232F8103023B125
:1067300032F81030013B22F8103032F8102012B13C
:1067400081F3108870474EF2FA3244F6103CC4F2DE
:106750000102C0F2012C13883CF8100043F42543D9
:1067600023EA0000108081F310887047D4D4D4D479
:1067700010B5EFF31081012282F310884CF2580219
:10678000C2F2002232F8103083B94EF2FA3E44F6DB
:10679000103CC4F2010EC0F2012CBEF800403CF8DF
:1067A0001030234343F42543AEF8003032F8103064
:1067B000013322F8103081F3108810BDD4D4D4D422
:1067C00000F00AF8FBF7A0F8FEE7D4D4D4D4D4D470
:1067D00000BE7047D4D4D4D42DE9F04381B04EF636
:1067E000085840F20120CEF20008C0F20E004EF22E
:1067F0000004C8F80C00CEF20104BFF34F8FBFF3C2
:106800006F8F58F8081CC1F3035001285FEA1F92EC
:1068100011F00F0F5FEA0F911142216811D1022888
:106820000FD241F0040020604EF20800BFF34F8FFA
:10683000CEF20000BFF36F8F016841F48031016038
:1068400002E021F004002060BFF34F8FBFF36F8F91
:106850004FF4700040F20001C8F880000020C0F240
:106860000021C8F80010FAF7BBFFFFF7C9FB4EF292
:10687000FA304AF20251C4F20100022201804EF6BF
:10688000B021C4F201010A704FF4254101800120BA
:10689000FAF7A6FF40F20020C2F2002080F30A8837
:1068A0002068800724D5D8F80000B0F1007F1FD100
:1068B00020694FF40071C0F3C300626901FA00F36C
:1068C000C2F3C30081400020DA08CB080146074626
:1068D00042F007C000BF00BFE7E802010FF005C0AB
:1068E0004FF0005243F005C0E2E802010FF005C08E
:1068F00044F6E404C0F20124276897B160683E467C
:10690000051D05E000BF00BF013E05F10C0508D0E4
:1069100068790028F8D155E90101091A08F07FFCCF
:10692000F2E7D4F80890B9F1000F13D0E0684E46B2
:1069300000F1080504E000BF013E05F1100509D093
:1069400068790028F8D155E902022968121A08F07E
:106950006BFCF1E7FFF7FCFAFFF70EFE0320FFF7F1
:1069600007FF4FF00E0E40F63050C4F240000021F9
:1069700020F8041B0FF005C04EF210150320C4F2DE
:106980000105FFF7C9FE0320FFF7F2FE44F2040001
:106990000021C4F22000016041608160C1600320D9
:1069A000FFF7BAFED5F8C802800714D42878A0B142
:1069B0000120FFF7DDFE00BF95F9000010F1410F47
:1069C000FADC0020287000BF28783F28FCD801207E
:1069D000FFF7A2FE01E0D5F8C802D5F8C8024007CB
:1069E00015D42879A8B10120FFF7C2FE00BF00BF6F
:1069F00095F9040010F1410FFADC0020287100BF66
:106A000028793F28FCD80120FFF786FE01E0D5F861
:106A1000C8020220FAF7E4FEA7B160684FF480765E
:106A2000051D05E000BF00BF013F05F10C0509D0C1
:106A30006879B6EB002FF7D155E90101091A08F082
:106A4000EEFBF1E7B9F1000F16D0E0684FF4807566
:106A500000F1080405E000BFB9F1010904F11004D8
:106A60000AD06079B5EB002FF6D154E90202216813
:106A7000121A08F0D9FBEFE741F62034C2F20224E3
:106A8000204608F0EAFE204608F0FFFEBFF34F8FD5
:106A9000BFF36F8F0020C8F8480244F6807044F6B8
:106AA0008471C0F20120C0F20121BFF34F8F081A98
:106AB000BFF36F8F8410012C0BDB44F68075C0F29E
:106AC000012500BF00BF00BF55F8040B8047013C03
:106AD000FAD1FFF709FE002001B0BDE8F04300F055
:106AE00003B8D4D4D4D4D4D47047D4D4D4D4D4D444
:106AF000B0B500F10805092D06D310F0070104D048
:106B000009398D4240F2C280002501F055FA4CF25D
:106B10006802C2F20022116829B14CF26C00C2F284
:106B20000020006826E04CF278030024C2F2002323
:106B3000D81D590703F5803118BF20F007034CF228
:106B40007000C2F20020C0E9003421F00700A0F17B
:106B50000801116040E90244C81A586011681960C0
:106B60004CF278024CF26C03C2F20122C2F2002312
:106B700010601860012D4FF0000471DB85426FD862
:106B80004CF270004CF2780CC2F20020C2F2002CE1
:106B900002686245C0F08E804FF6FF70604482420A
:106BA00000F288805068A84253D21068002850D064
:106BB0004FF6FF730CEB030460456CD3134602469B
:106BC000A04268D85068A84203D2106808B12FF0DC
:106BD0000DC88A4243D0186800F10804644578D390
:106BE0004FF6FF706044844273D810681860516893
:106BF000A9427ED3481B11280DD302EB050C5FEA96
:106C00004C7140F08680CCF80400556018685051F3
:106C1000C3F800C051684CF26C054CF2780CC2F21B
:106C20000025C2F2012C2B68DCF800005B1A2B60F7
:106C3000834241F0004038BFCCF800300021C2E967
:106C400000104CF27C00C2F20120016801310160A9
:106C500006E04CF27003C2F200238A42BBD100244A
:106C600001F006FA600704BF2046B0BD42F6F140CD
:106C700042F2202242F20073C0F20120C0F201224F
:106C8000C0F2012340F25711FAF72AFB20F0070067
:106C900000F1100539E742F6F14042F2202243F6B6
:106CA0007A43C0F20120C0F20122C0F20123FB218D
:106CB000FAF716FB42F6F14042F2202243F67A43FD
:106CC000C0F20120C0F20122C0F20123F521FAF73F
:106CD00007FB42F6F14042F2202241F6AF33C0F208
:106CE0000120C0F20122C0F2012340F20511FAF79F
:106CF000F7FA42F6F14042F2202241F6A363C0F2D5
:106D00000120C0F20122C0F2012340F20D11FAF776
:106D1000E7FA42F6F14042F2202242F62E53C0F248
:106D20000120C0F20122C0F201234FF48B71FAF767
:106D3000D7FAD4D4D4D4D4D470B5002808BF70BD49
:106D40004CF27805A0F10804C2F20025AC4257D3FA
:106D50004FF6FF7129448C4252D850F8041C002988
:106D60005ED52268002A6BD121F0004140F8041C56
:106D7000064601F021F94CF26C004CF27003C2F2AD
:106D8000002056F8041CC2F2002302680A44026084
:106D90001A4600BF00BF00BF10461268A242FBD3D4
:106DA000984206D0A8425BD34FF6FF732B4498421B
:106DB00056D84368C618A64202D119440446416019
:106DC0006318934201D013460BE04CF26803C2F201
:106DD00000231B689A4204D0526811446160016824
:106DE0000B68A042236018BF04604CF28000C2F21E
:106DF0000120016801310160BDE8704001F038B93F
:106E000042F6F14043F2D11243F2DB13C0F201200B
:106E1000C0F20122C0F201234FF4B571FAF760FA13
:106E200042F6F14043F2D11242F6CF63C0F20120A4
:106E3000C0F20122C0F2012340F26B11FAF750FABE
:106E400042F6F14043F2D11243F6ED43C0F2012085
:106E5000C0F20122C0F201234FF4B671FAF740FAF2
:106E600042F6F14042F22D2242F20753C0F20120D5
:106E7000C0F20122C0F201234FF4FD71FAF730FA9B
:106E8000B0B51C20FFF734FE002808BFB0BD011DBF
:106E9000002505600446084600F062F92046257684
:106EA000B0BDD4D4D4D4D4D42DE9F04100283ED000
:106EB0000D46B1F1807F4AD2804600F10C0601F008
:106EC0007BF8D8F81070D8F80000B74240EA050007
:106ED000C8F8000020D000250CE000BF00BF00BFB4
:106EE00034B141F00071DB0148BF154301F010FDE2
:106EF000B7420DD03846D7E9003723F07F42D8F8A3
:106F000000105C0101EA0204EAD59442E9D0EFE7FF
:106F1000D8F80000E94301E04FF0FF310840C8F81D
:106F2000000001F0A5F8D8F80000BDE8F08142F6B5
:106F3000EF3042F2841242F64273C0F20120C0F2F6
:106F40000122C0F2012340F23221FAF7C9F942F6D8
:106F5000EF3042F2841242F23973C0F20120C0F2E3
:106F60000122C0F2012340F23321FAF7B9F9D4D457
:106F70002DE9F04381B000286DD00D46B1F1807F3E
:106F800079D2002D00F0878004461F469046DDF838
:106F9000209001F0E1FDB9F1000F02D0002800F0CF
:106FA0008A8001F009F8266816EA05005FEA1F9159
:106FB000A8425FEA0F90002F51EA008000283ED0DF
:106FC000B9F1000F41D04146B8F1000F18BF4FF0A2
:106FD0008071002F04F1040018BF41F08061294343
:106FE0004A4601F075FB01F043F850B94EF60450E3
:106FF0004FF08051CEF200000160BFF34F8FBFF31E
:107000006F8F01F0BDFD0646800115D4FAF798FD9B
:10701000266816EA05005FEA0F91A8425FEA1F9012
:10702000002F51EA0080B8F1000F1EBF002826EAA9
:1070300005002060FAF7B4FD26F07F4607E0B8F1BE
:10704000000F02D026EA0500206001F011F830465A
:1070500001B0BDE8F08342F6EF3043F24C2242F635
:107060004273C0F20120C0F20122C0F2012340F2BB
:107070004711FAF735F942F6EF3043F24C2242F26B
:107080008053C0F20120C0F20122C0F201234FF46C
:10709000A471FAF725F942F6EF3043F24C2242F29E
:1070A000B853C0F20120C0F20122C0F2012340F225
:1070B0004911FAF715F942F6EF3043F24C2242F249
:1070C0003113C0F20120C0F20122C0F201234FF4BB
:1070D000A671FAF705F9D4D4B0B578B3044600F038
:1070E0006BFF606878B104F10C0500BF00BF00BF02
:1070F0002069A84212D04FF0007101F009FC6068CD
:1071000008B12FF00BC800F0B3FF207E002818BF95
:10711000B0BD2046BDE8B040FFF70EBE42F6EF30EE
:1071200042F6214242F26D73C0F20120C0F2012208
:10713000C0F2012340F29A21FAF7D2F842F6EF307A
:1071400042F6214243F28163C0F20120C0F20122E3
:10715000C0F2012340F28E21FAF7C2F8D4D4D4D47D
:1071600001464FF0FF3241F8082F0022C0E9031119
:10717000C0E900217047D4D4002101617047D4D404
:1071800042684A6093688B60596091600861016849
:10719000013101607047D4D480B5D1F800C01CF132
:1071A000010207D000F10802964652681368634551
:1071B000FAD903E0D0F810E0DEF804204A609160CC
:1071C000C1F808E0CEF804100861016801310160DF
:1071D00080BDD4D4D4D4D4D4D0E901230169936040
:1071E00042685A604A68824201D182684A6000223D
:1071F00002610868013808607047D4D4D4D4D4D46C
:1072000070B500284BD00446C06BC0B30E46216C4D
:10721000A0FB010199BBFAF793FCD4E90F0100250B
:10722000226801FB00230138A56300FB0120C4E9AB
:107230000123E060FF2084F8440084F8450004F155
:1072400010004EB1FFF78CFF04F12400FFF788FF18
:10725000FAF7A6FC012070BD01680029F8D001F002
:10726000CFFA0028F4D04EF604504FF08051CEF201
:1072700000000160BFF34F8FBFF36F8FE8E743F269
:10728000210043F6FD3243F65F03C0F20120C0F255
:107290000122C0F201234FF4B671FAF721F843F24C
:1072A000210043F6FD3243F20D73C0F20120C0F21B
:1072B0000122C0F2012340F23711FAF711F8D4D4B9
:1072C00010B582B05BB3D0B11C4601B9BAB901B1F7
:1072D000AAB148230193019B482B30D1019B00297F
:1072E00054EA0282C4E90F0101212046012384F8F7
:1072F00046302260FFF784FF204602B010BD43F203
:10730000210042F6334243F2B643C0F20120C0F2FC
:107310000122C0F201234FF4D871F9F7E1FF43F2E3
:10732000210042F6334242F20943C0F20120C0F28A
:107330000122C0F201234FF4C271F9F7D1FF43F2E9
:10734000210042F6334242F6DD23C0F20120C0F2B2
:107350000122C0F201234FF4CB71F9F7C1FFD4D45D
:10736000B0B582B0C8B10D46814216D8144622B3DA
:1073700048210191019948292FD10199012184F8CF
:1073800046100021C4E90F01012120462460FFF7C7
:1073900037FFA563204602B0B0BD43F2210042F69C
:1073A0004E7242F21743C0F20120C0F20122C0F235
:1073B00001234FF45E71F9F793FF43F2210042F687
:1073C000334242F20943C0F20120C0F20122C0F26E
:1073D00001234FF4C271F9F783FF43F2210042F613
:1073E000334242F6DD23C0F20120C0F20122C0F296
:1073F00001234FF4CB71F9F773FFD4D4D4D4D4D490
:107400002DE9F04F85B00028049200F0CC800446AE
:107410009946154619B9206C002840F0F480B9F15E
:10742000020F03D1E06B012840F0DD80019101F0F3
:1074300093FB10B9002D40F0C680FAF781FBB9F13B
:10744000020FA06B5CD0E16B884259D304F11007A6
:10745000012002AE4FF0000B04AD0EE000BF00BFF4
:10746000204600F0E1F800F003FEFAF769FBA06B9C
:10747000E16B88424FF0000042D3049900295DD0AF
:10748000C00702D0304601F0F7FAFAF789FB00F0A6
:1074900093FDFAF755FB94F84400FF2808BF84F8E1
:1074A00044B094F84500FF2808BF84F845B0FAF7C7
:1074B00077FB3046294601F0EFFA002841D1FAF770
:1074C0003FFBD4F838A0D4F83C80FAF769FBC245FA
:1074D000C6D10499384601F0D7F8204600F0A4F848
:1074E00000F0C6FD0028C0D14EF604504FF0805188
:1074F000CEF200000160BFF34F8FBFF36F8FB4E790
:10750000A56B226C9AB3B9F1000F23D0E068019902
:1075100007F08AFE2168E268206C121AE2608A4253
:1075200003D24042A1680844E060B9F1020F5FEA6B
:107530001F90002D5FEA00802D1A18E0FAF730FB4B
:1075400004E0204600F070F800F092FD002005B045
:10755000BDE8F08F6068019907F066FED4E901018B
:10756000226C10446060884201D32068606054F847
:10757000240F002805F1010060610ED0204601F0C3
:107580003FF950B14EF604504FF08051CEF200005A
:107590000160BFF34F8FBFF36F8FFAF701FB01203C
:1075A00005B0BDE8F08F43F2210042F2971243F29A
:1075B0000D73C0F20120C0F20122C0F2012340F29B
:1075C000B631F9F78DFE43F2210042F2971242F2F2
:1075D0003113C0F20120C0F20122C0F2012340F2B7
:1075E000BB31F9F77DFE43F2210042F2971242F2DD
:1075F0001F43C0F20120C0F20122C0F201234FF468
:107600006E71F9F76DFE43F2210042F2971244F2D7
:107610004F03C0F20120C0F20122C0F2012340F268
:10762000B731F9F75DFED4D4F0B581B00446FAF76E
:1076300087FA94F94560012E10DB04F1240503E07C
:1076400070B2013E012809DD286838B1284601F0F2
:10765000D7F80028F4D001F06FFAF1E7FF2684F89C
:107660004560FAF79DFAFAF76BFA94F94470012F26
:1076700010DB04F1100503E078B2013F012809DDB9
:10768000286838B1284601F0BBF80028F4D001F092
:1076900053FAF1E784F8446001B0BDE8F040FAF72E
:1076A0007FBAD4D4D4D4D4D42DE9F04F83B00028F9
:1076B000029200F0A48004461646894619B9206C4F
:1076C000002840F0BC8001F047FA10B9002E40F0CD
:1076D000A680FAF735FAD4F838A0BAF1000F29D00D
:1076E000226C52B1D4E902011144E160814201D31C
:1076F0002168E160484607F097FD54F8100F002814
:10770000AAF10100A0620ED0204601F079F850B134
:107710004EF604504FF08051CEF200000160BFF3EE
:107720004F8FBFF36F8F0124FAF73AFA204603B068
:10773000BDE8F08F04F1240801206F464FF0000BE4
:1077400002AE2DE000BF00BFFAF72AFA00F034FCC9
:10775000FAF7F6F994F84400FF2808BF84F844B01B
:1077600094F84500FF2808BF84F845B0FAF718FAE6
:107770003846314601F090F9D0B12046FFF754FF6A
:1077800000F076FCFAF7DCF9A56BFAF709FAA5B375
:10779000FAF7D6F9D4F838A00020BAF1000F9FD13B
:1077A000029941B3C007CFD0384601F065F9CBE765
:1077B000FAF7C6F9A56BFAF7F3F92DB12046FFF7F2
:1077C00033FF00F055FCE3E70299404600F05CFF10
:1077D0002046FFF729FF00F04BFC0028D8D14EF6D9
:1077E00004504FF08051CEF200000160BFF34F8F84
:1077F000BFF36F8FCCE7002496E7002496E743F2AF
:10780000210042F6727242F21D33C0F20120C0F232
:107810000122C0F2012340F2E951F9F761FD43F280
:10782000210042F6727242F23113C0F20120C0F21E
:107830000122C0F2012340F2F251F9F751FD43F267
:10784000210042F6727243F2C143C0F20120C0F23D
:107850000122C0F2012340F2ED51F9F741FDD4D4E9
:107860002DE9F04F83B00028029100F08F8004468C
:10787000006C002840F09A800D4601F06DF910B9B7
:10788000002D40F0A380FAF75BF9A06BD0B154F85B
:10789000101F0138A06271B1204600F0B1FF50B155
:1078A0004EF604504FF08051CEF200000160BFF35D
:1078B0004F8FBFF36F8F0124FAF772F9204603B0A0
:1078C000BDE8F08F4EF6045904F1240801216E46FC
:1078D0004FF0000B02AFCEF200094FF0805A29E0C2
:1078E000FAF75EF900F068FBFAF72AF994F8440019
:1078F000FF2808BF84F844B094F84500FF2808BF6B
:1079000084F845B0FAF74CF93046394601F0C4F82E
:10791000D0B12046FFF788FE00F0AAFBFAF710F975
:10792000A56BFAF73DF97DB3FAF70AF9A06B0021D0
:107930000028ACD1029828B3C807D1D0304601F056
:107940009BF8CDE700BF00BFFAF7FAF8A56BFAF78E
:1079500027F92DB12046FFF767FE00F089FBE3E72A
:107960000299404600F090FE2046FFF75DFE00F0D1
:107970007FFB0028D8D1C9F800A0BFF34F8FBFF319
:107980006F8FD1E7002497E7002497E743F22100A7
:1079900042F6F82242F21D33C0F20120C0F2012269
:1079A000C0F2012340F28261F9F79AFC43F2210010
:1079B00042F6F82243F61353C0F20120C0F201222E
:1079C000C0F2012340F28661F9F78AFC43F22100FC
:1079D00042F6F82242F23113C0F20120C0F2012235
:1079E000C0F2012340F28B61F9F77AFCD4D4D4D4ED
:1079F00010B538B10446FAF7A3F8A46BFAF7D0F83B
:107A0000204610BD43F2210043F24C0243F67613A8
:107A1000C0F20120C0F20122C0F2012340F69B0116
:107A2000F9F75EFCD4D4D4D480B5D0B14CF2840143
:107A30000A22C2F2012104310B68834204D0013AC8
:107A400001F10801F8D103E0002241F8042C0A609A
:107A500090F84610002918BF80BDBDE88040FFF7B0
:107A60006BB943F2210043F21A5243F20D73C0F294
:107A70000120C0F20122C0F2012340F6D401F9F73F
:107A80002FFCD4D4D4D4D4D410B530B3002908BF3B
:107A900010BD4CF284024FF0000C0A23C2F2012206
:107AA0004FF0000E04E000BF013B02F108020ED0CF
:107AB0005468A04207D0BEF1000FF5D11468002C25
:107AC00052EA0C8EF0E79646CEE9001010BDBEF1EA
:107AD000000F18BFCEE9001010BD43F2210041F69F
:107AE000244243F67613C0F20120C0F20122C0F214
:107AF000012340F6C931F9F7F3FBD4D4D4D4D4D45C
:107B000070B515460E460446FAF71AF894F8440084
:107B1000FF2802D1002084F8440094F84500FF2893
:107B200002D1002084F84500FAF73AF8A06B28B992
:107B300004F1240031462A4600F026FE2046BDE826
:107B40007040FFF771BDD4D42DE9F04782B0DDF865
:107B50002CA0BAF1000F49D00C9C002C56D08146C5
:107B6000602001900198602860D10D460198602145
:107B70002046984617460A9E07F051FBC4F830A0ED
:107B80004FF0020084F85D0075B104F134000F215C
:107B900015F8012B00F8012B1AB10029A1F1010100
:107BA000F6D1002084F84300052E4FD20AEB87005F
:107BB000E662043820F00705201DFFF7DDFA04F126
:107BC0001800FFF7D9FAC6F10500A061216B28461D
:107BD0004A46434624616462F9F752FF206020461A
:107BE00000F046F8204602B0BDE8F08743F20E40B0
:107BF00043F2602241F6D663C0F20120C0F20122B6
:107C0000C0F2012340F2F141F9F76AFB43F20E4062
:107C100043F2602242F63103C0F20120C0F2012299
:107C2000C0F2012340F2F241F9F75AFB43F20E4051
:107C300043F2602244F2BD03C0F20120C0F20122EF
:107C4000C0F2012340F2FA41F9F74AFB43F20E4039
:107C500042F64C0242F2CD53C0F20120C0F20122A2
:107C6000C0F2012340F26471F9F73AFBD4D4D4D4C2
:107C70002DE9F04381B00446F9F762FF4CF2F800B9
:107C80004CF2D407C2F20120C2F201274CF2DC0907
:107C90000168C2F2012901310160396851B1D9F896
:107CA0000000002842D13868E16AC06A884298BF63
:107CB0003C603BE03C600068012837D14CF2041581
:107CC0000526C2F2012500BF2846FFF749FA013E0A
:107CD00005F11405F8D14CF2B018C2F20128404663
:107CE000FFF73EFA4CF2C415C2F201252846FFF711
:107CF00037FA4CF28410C2F20120FFF731FA4CF24D
:107D0000E000C2F20120FFF72BFA4CF26C10C2F235
:107D10000120FFF725FA4CF2A4104CF2A811C2F290
:107D20000120C2F20121C0F800800D604CF2D800A1
:107D3000231DC2F201200168013101604CF268117B
:107D4000E06AC2F201210A68904288BF086000EB35
:107D500080004CF20411C2F2012101EB8000406866
:107D6000A0608268E26053608360E06A00EB80009C
:107D700001EB8002626151F82020013241F820209D
:107D8000F9F70EFFD9F8000078B13868E16AC06AE7
:107D900088420AD24EF604504FF08051CEF20000D5
:107DA0000160BFF34F8FBFF36F8F01B0BDE8F08369
:107DB0002DE9F04781469000984617460D46FEF79C
:107DC00097FE002843D004466020FEF791FE00286D
:107DD00041D060210646DDF820A007F020FA346388
:107DE00075B106F134000F2115F8012B00F8012BB5
:107DF0001AB10029A1F10101F6D1002086F8430053
:107E0000BAF1050F2ED204EB8700099D0438C6F89D
:107E10002CA020F00704301DFFF7AEF906F1180082
:107E2000FFF7AAF9CAF10500B061316B20464A4656
:107E3000434636617662F9F723FE30603046002D06
:107E400018BF2E60FFF714FF0120BDE8F0874FF048
:107E5000FF30BDE8F0872046FEF76EFF4FF0FF30A1
:107E6000BDE8F08743F20E4042F64C0242F2CD5399
:107E7000C0F20120C0F20122C0F2012340F264717D
:107E8000F9F72EFAD4D4D4D42DE9F041002862D0E9
:107E9000002970D04CF2FC064CF20013C2F201260D
:107EA000C2F201233268013232601A683668012E4C
:107EB00071D1066831440160B24206D2B1424FF03E
:107EC000000434D2914206D831E0B14203D391424A
:107ED00001D800242BE04CF2A4101E68C2F201204D
:107EE0004CF2D407C2F201278C1AD0F800804CF271
:107EF000A810C2F20120056838680430FFF76CF959
:107F0000386836194660386800F1040103D3284602
:107F1000FFF742F90AE04046FFF73EF94CF29810AD
:107F2000C2F2012001688E4238BF0660012400F0D1
:107F30009FF810B12046BDE8F0814EF604504FF096
:107F40008051CEF200000160BFF34F8FBFF36F8FFF
:107F50002046BDE8F08143F20E4043F6F22242F69D
:107F60008073C0F20120C0F20122C0F2012340F66A
:107F70002F11F9F7B5F943F20E4043F6F22241F61C
:107F80003843C0F20120C0F20122C0F201234FF4B5
:107F90001361F9F7A5F943F20E4043F6F22242F6D7
:107FA0006253C0F20120C0F20122C0F2012340F668
:107FB0003811F9F795F9D4D44CF2FC00C2F2012043
:107FC00001680131016070472DE9F04381B04CF246
:107FD00000124CF2A413C2F201224CF2D404C2F2F9
:107FE0000123C2F2012415684CF2A812C2F2012248
:107FF000D3F8008006460F46D2F800902268101D84
:10800000FFF7EAF8701C18D1BFB14CF26C10C2F245
:108010000120D0E90012236801319A609368276833
:10802000FB60276804375F6023680433936022682D
:108030000160506101B0BDE8F0832068AD19456072
:10804000206800F1040105D3484601B0BDE8F043C3
:10805000FFF7A2B84046FFF79FF84CF29810C2F223
:10806000012001688D4238BF056001B0BDE8F08392
:108070002DE9F047F9F764FD4CF2FC00C2F2012053
:108080000168002900F0B3800168013901600068CF
:1080900028B10024F9F784FD2046BDE8F0874CF2B2
:1080A000F800C2F2012000680028F2D04CF28410DF
:1080B0004CF2801AC2F201204CF2D409C2F2012A19
:1080C000C2F20129016800296AD04CF2681E4CF204
:1080D00004130021C2F2012EC2F201234FF0010C61
:1080E0002CE000BF00BF00BF61613A68013A3A600E
:1080F000E76ADEF80020974207EB870288BFCEF8D8
:10810000007003EB82025268A2609568E5606E60C1
:108110009660E26A02EB820203EB8205656153F826
:108120002250013543F82250E26AD9F80040E46A4F
:10813000A24288BFCAF800C00268FAB1C768FC68EA
:1081400004F11802D4E90775A66ABD60E7696F609B
:108150007568954201D1226A7260A1623268013A63
:108160003260261DD4E9022567699560A2686A60BD
:108170007A68B242B8D1E2687A60B5E74CF2A410EE
:10818000C2F201200168096819B10068C06800687E
:1081900001E04FF0FF304CF29811C2F2012108606B
:1081A0004CF2A018C2F20128D8F800605EB1012498
:1081B00000F086F9002818BFCAF80040013EF7D148
:1081C0000020C8F80000DAF8000000283FF461AF92
:1081D000D9F800004EF60450CEF200004FF0805166
:1081E00001240160BFF34F8FBFF36F8F52E743F25B
:1081F0000E4042F2D37243F69113C0F20120C0F256
:108200000122C0F2012340F68B71F9F769F8D4D44A
:108210002DE9F04100283ED004464CF2FC00C2F2A9
:1082200001200168013101600068012840D14CF251
:1082300000104CF2A411C2F201204CF2D405C2F29B
:108240000121C2F2012507684CF2A810C2F20120F8
:10825000D1F80080066828680430FEF7BDFF286862
:10826000E4194460286800F1040103D33046FEF7A6
:1082700093FF0AE04046FEF78FFF4CF29810C2F2DF
:10828000012001688C4238BF0460FFF7F1FE00282E
:1082900018BFBDE8F0814EF604504FF08051CEF289
:1082A00000000160BFF34F8FBFF36F8FBDE8F08117
:1082B00043F20E4043F2157242F66253C0F20120BF
:1082C000C0F20122C0F2012340F68E11F9F708F83E
:1082D00080B54CF2FC00C2F20120006830B14CF2D3
:1082E00080100121C2F20120016080BD4CF280109B
:1082F0004CF2681CC2F20120C2F2012C00214CF2A7
:1083000004130160C2F20123DCF8001001EB8102CA
:1083100053F8220003EB820248B900BF00BF00BF40
:10832000C1B152F8140D013908B92FF007C85368CC
:1083300002F108005B685360834201D1D368536047
:108340004CF2D402D868C2F201221060CCF80010BE
:10835000106880BD43F20E4041F69D5243F66D73A6
:10836000C0F20120C0F20122C0F2012341F2FA3131
:10837000F8F7B6FFD4D4D4D4B0B58AB044F24940AB
:1083800004A9C4F24C50069005A803AA00248DF855
:108390001C40CDE90444F9F7DFFA48F65170DDE9F5
:1083A000032CC0F2002006A90023059D0094CDE90E
:1083B00001C5FFF7C9FB4CF29C10C2F20120056019
:1083C00065B300F0E1FD012811D0013026D143F260
:1083D0000E4043F67D1242F61463C0F20120C0F253
:1083E0000122C0F2012340F6A961F8F779FF4CF2AF
:1083F00098110120C2F2012180F310884FF0FF3262
:108400000A604CF2DC01C2F2012108604CF200105B
:10841000C2F2012000210160F9F74EFB44F61C3046
:10842000C0F2012000680AB0B0BDD4D4D4D4D4D4F2
:10843000F0B581B04CF2F405C2F201252868D0B342
:108440004CF2E0064CF2F807C2F20126C2F2012714
:108450000AE000BF00BF00BF206BFEF76DFC2046A6
:10846000FEF76AFC286830B3F9F76AFBF068C46865
:10847000201DFEF7B1FE38680138386028680138E1
:108480002860F9F78DFB94F85D000228EAD00128F6
:10849000E5D00028E0D043F20E4042F2756243F28C
:1084A0007423C0F20120C0F20122C0F2012341F680
:1084B0002E11F8F715FF01B0F0BDD4D4D4D4D4D424
:1084C0002DE9F04F81B04CF2FC00C2F201200068AF
:1084D00050B14CF2A010C2F20120016801310160DC
:1084E000002001B0BDE8F08F4CF200104CF2981C57
:1084F000C2F20120C2F2012C016811F1010BC0F897
:1085000000B022D34CF2A410C2F201200168096825
:10851000002940F0A1804CF2A8130168C2F20123A7
:108520001F68076019604CF2AC11C2F201210B68A0
:1085300001330B600168096819B10068C068006800
:1085400001E04FF0FF30CCF80000DCF8000083457C
:1085500001D2002075E04CF2A41A4FF00009C2F2DB
:10856000012ADAF800000068002862D04CF2681E88
:108570004CF204144CF2D408C2F2012EC2F20124CF
:10858000C2F2012800202BE0C6F8289029680139A2
:108590002960F56ADEF800108D4205EB850188BF81
:1085A000CEF8005004EB81014968B1608A68F2603E
:1085B00057608F60F16A01EB810104EB8102726107
:1085C00054F82120013244F82120F16AD8F8002023
:1085D000D26ADAF80030914288BF0120196861B38D
:1085E000DAF80050ED68EE68374657F8045FAB459F
:1085F00025D3D6E9021375698B60B1685960696843
:10860000B94201D1F1686960C6F81490296801394E
:108610002960B56A002DBCD0D6E9071306F118020F
:108620008B60F169596069689142ADD1316A6960C6
:10863000AAE74FF0FF35002001E04FF0FF35CCF8FE
:1086400000504CF28011C2F201210968002918BFC4
:10865000012001B0BDE8F08F43F20E4042F6937264
:1086600041F62753C0F20120C0F20122C0F20123DB
:1086700041F25F21F8F734FE4CF20010C2F2012003
:1086800000687047D4D4D4D410B570B10C464CF205
:10869000D401C2F2012109681831FEF77DFD0121E4
:1086A0002046BDE81040FFF78FBC43F20E4043F672
:1086B000830242F67D53C0F20120C0F20122C0F2D3
:1086C00001234FF4A451F8F70BFED4D4D4D4D4D45E
:1086D00080B5002845D04CF2FC03C2F201231B6890
:1086E000002B1FBF4CF2D40EC2F2012EDEF800C0E8
:1086F00041F000411FBFCCF818104168DEF800308F
:10870000D9611FBFD1F808C0DEF80030C3F820C01F
:10871000DEF800301FBF1833CCF80430DEF800302C
:1087200018331FBF8B60DEF80010886203681FBF1C
:1087300001210133036010461CBFBDE88040FFF7F4
:1087400043BC43F20E4042F26F0243F62C53C0F298
:108750000120C0F20122C0F2012341F2A241F8F748
:10876000BFFD43F20E4042F26F0242F67D53C0F26B
:108770000120C0F20122C0F2012341F29E41F8F72C
:10878000AFFDD4D4D4D4D4D410B548B34CF2D40C67
:10879000D0F804E0C2F2012C002ADCF80030C3F863
:1087A0001CE0DEF80830DCF800402362DCF8004012
:1087B00004F118045C60DCF8003003F11803CEF813
:1087C0000830DCF80030986218BF4FF0FF310368C2
:1087D0000133036008461146BDE81040FFF7F4BBC3
:1087E00043F20E4042F2E27242F67D53C0F20120A3
:1087F000C0F20122C0F2012341F2BE41F8F770FD40
:1088000080B5C068C068002872D0D0E9073100F197
:10881000180C826A9960C3694B605168614501D147
:10882000016A5160002181621168013911604CF2C6
:10883000FC01C2F20121096891B14CF2841EC2F21E
:10884000012EDEE90023C36199680162C1F804C00A
:10885000C3F808C0C0F828E0511CCEF8001035E07D
:10886000D0E9023100F1040C4269996083684B60E1
:108870005168614501D1C1685160002141614CF2EC
:1088800068131168C2F2012301391160C26A1968C4
:108890008A4288BF1A6002EB82014CF20412C2F2D3
:1088A000012202EB8101496881608B68C360C3F8D3
:1088B00004C0C1F808C0C16A01EB810102EB810369
:1088C000436152F82130013342F821304CF2D40197
:1088D000C06AC2F201210968C96A884206D94CF20D
:1088E00080110120C2F20121086080BD002080BDFE
:1088F00043F20E4042F6020242F22933C0F2012056
:10890000C0F20122C0F2012341F2F541F8F7E8FC80
:1089100080B54CF2FC02C2F201221268002A60D03B
:10892000C26841F00041002A01606AD0D0E901CE5E
:108930000369CCF808E04168CEF804105968814218
:1089400001D1816859604FF0000CC0F810C0186860
:1089500002F1040E01381860D2E9021053698860F0
:10896000916841605868704501D1D0685860C2F87C
:1089700014C01868013818604CF26813D16AC2F24A
:1089800001231868814288BF196001EB81004CF215
:108990000411C2F2012101EB8000406890608368FD
:1089A000D360C3F804E0C0F808E0D06A00EB8000B0
:1089B00001EB8003536151F82030013341F820303E
:1089C0004CF2D400D16AC2F201200068C06A814230
:1089D00098BF80BD4CF280100121C2F201200160DD
:1089E00080BD43F20E4042F26C4243F62C53C0F27B
:1089F0000120C0F20122C0F2012341F24351F8F7F5
:108A00006FFC43F20E4042F26C4242F22933C0F254
:108A10000120C0F20122C0F2012341F24E51F8F7C9
:108A20005FFCD4D4D4D4D4D410B590B10446F9F7B3
:108A300087F84CF2AC10C2F20120006820604CF2C2
:108A40000010C2F2012000686060BDE81040F9F734
:108A5000A7B843F20E4042F60C3242F28E43C0F207
:108A60000120C0F20122C0F2012341F28651F8F741
:108A700037FCD4D4D4D4D4D44CF2AC11C2F20121FA
:108A8000096801604CF20011C2F2012109684160DD
:108A90007047D4D4D4D4D4D470B568B30D46D9B308
:108AA0000446F9F74DF84CF2001EC2F2012EDEF832
:108AB000003029684A1C16D04CF2AC1CD4E90002E4
:108AC000C2F2012CDCF80060864201D093420CD245
:108AD0009A1A914209D9881A2860DCF800002060AF
:108AE000DEF800006060002402E00124002028601D
:108AF000F9F756F8204670BD43F20E4043F2275274
:108B000042F28E43C0F20120C0F20122C0F20123E2
:108B100041F2A551F8F7E4FB43F20E4043F227522D
:108B200042F64623C0F20120C0F20122C0F2012326
:108B300041F2A651F8F7D4FB4CF280100121C2F2A9
:108B4000012001607047D4D44CF2D400C2F201205D
:108B500000687047D4D4D4D44CF2DC00C2F20120B7
:108B6000006850B14CF2FC00C2F2012000680028FD
:108B70004FF0000008BF0220704701207047D4D496
:108B80004CF2D401C2F20121086880690A68D26AF5
:108B90000968C2F105028A617047D4D4D4D4D4D410
:108BA00070B5002844D14CF2FC000C46C2F2012002
:108BB0001546016801310160F8F7C2FF4CF2D40696
:108BC000C2F201263068806DB0B1F8F7E9FFFFF717
:108BD0004FFAF8F7B5FF3068856D2DB13068002188
:108BE000002C08BF691E81653068002180F85C1088
:108BF000F8F7D6FF284670BD3068012180F85C1078
:108C0000F8F7CEFF002DE2D001212846FFF7DCF96E
:108C1000FFF72EFA0028DCD14EF604504FF08051B9
:108C2000CEF200000160BFF34F8FBFF36F8FD0E72C
:108C300043F20E4044F2A50242F29843C0F20120F2
:108C4000C0F20122C0F2012341F6C751F8F748FBF8
:108C5000F0B581B0002940F084800446002800F07F
:108C600090801E461546069FF8F76AFF002F4FF0CA
:108C700002011CBFA06D386094F85C00042E84F8DB
:108C80005C1015D8DFE806F01C030E0A0600A16D83
:108C9000294309E0022801D100245DE0A5650128EF
:108CA00010D058E0A16D0131A16501280AD052E031
:108CB0004CF20011C2F201210968002940F08180C4
:108CC000012848D1D4E90223201D61699360A2687C
:108CD0005A604A68824201D1E2684A6000226261B9
:108CE0000A68013A0A604CF26812E16AC2F2012293
:108CF0001368994288BF116001EB81014CF20412A4
:108D0000C2F2012202EB81014968A1608B68E36035
:108D100058608860E06A00EB800002EB80016161CE
:108D200052F82010013142F82010A06AC8BB4CF262
:108D3000D400C2F201200068E16AC06A88420AD207
:108D40004EF604504FF08051CEF200000160BFF3A8
:108D50004F8FBFF36F8F0124F8F722FF204601B039
:108D6000F0BD43F20E4043F67B7242F61B03C0F2A5
:108D70000120C0F20122C0F2012341F6A461F8F7FC
:108D8000AFFA43F20E4043F67B7242F6A673C0F28E
:108D90000120C0F20122C0F2012341F6A561F8F7DB
:108DA0009FFA43F20E4043F67B7243F65753C0F2EC
:108DB0000120C0F20122C0F2012341F6E961F8F777
:108DC0008FFA43F20E4043F67B7243F23943C0F20E
:108DD0000120C0F20122C0F2012341F6DA61F8F766
:108DE0007FFAD4D4D4D4D4D4F0B581B0002800F024
:108DF0007D80002940F08A8005461746F8F730FF4D
:108E00001021EFF3118081F31188022295F85C1094
:108E100085F85C20AA6D012902F10101A96561D1E3
:108E2000A96A002940F082804CF2FC01C2F20121C3
:108E3000096881B14CF2841105F11806C2F20121D2
:108E4000D1E90023EB6101320A609C682C62666004
:108E50009E60A96232E0D5E90234291D6A699C60EE
:108E6000AB68636053688B4201D1EB6853600023A9
:108E70006B611368013B13604CF26813EA6AC2F23B
:108E800001231C68A24288BF1A6002EB82024CF2E6
:108E90000413C2F2012303EB82025268AA609468B1
:108EA000EC6061609160E96A01EB810103EB810292
:108EB0006A6153F82120013243F821204CF2D40199
:108EC000EA6AC2F201210968C96A8A420AD9002FF6
:108ED0004FF001021CBF012139604CF28011C2F237
:108EE00001210A6080F3118801B0F0BD43F20E4009
:108EF00042F6895242F6A673C0F20120C0F2012266
:108F0000C0F201234FF4FE51F8F7EAF943F20E40A4
:108F100042F6895242F61B03C0F20120C0F2012240
:108F2000C0F2012341F6C171F8F7DAF943F20E40BD
:108F300042F6895243F65753C0F20120C0F2012293
:108F4000C0F2012341F6EA71F8F7CAF9D4D4D4D4B7
:108F50004CF204144EF60455C2F20124CEF2000580
:108F60004FF0805602E000BFF8F73EFEFFF760FAD0
:108F700020680228F8D32E60BFF34F8FBFF36F8FA6
:108F8000F2E7D4D4D4D4D4D480B586B000F03CF881
:108F90004CF2D810C2F20120006820B30020CDE9C5
:108FA000040005A804A903AAF8F7E6FC0DF10C0ECD
:108FB0000320009049F2890043F61041C0F20020DE
:108FC0009EE80450C0F201210023CDE901CEFEF756
:108FD000BBFD4CF2DC110028C2F2012108601EBF6B
:108FE000012006B080BD41F6F36043F6955242F68B
:108FF0005423C0F20120C0F20122C0F201234FF439
:10900000A371F8F76DF9D4D470B582B0F8F798FD74
:109010004CF2D816C2F20126306868BB4CF2EC1450
:10902000C2F201242046FEF79BF84CF20025C2F262
:1090300001252846FEF794F84CF2E0104CF2E411BA
:10904000C2F20120C2F201214CF25C224CF2142344
:1090500004600D60C2F20122C2F201230A200C2139
:1090600000250095FEF72CF9306028B142F28E0100
:10907000C0F20121FEF708FD02B0BDE87040F8F72C
:109080008FBDD4D4D4D4D4D486B04CF2E0184CF2F2
:10909000E41A4CF2D81BC2F201280DF10C09C2F2FD
:1090A000012AC2F2012B00BFD8F8000006681EB1E9
:1090B000C068046801E000BF0024FEF77DFF484659
:1090C00000F006F9039919B1FEF7D2FF54E000BF92
:1090D0000546A6B1AC4212D8FEF7CAFFD8F8000088
:1090E000C068C668371D3846FEF776F896F8240043
:1090F000410707D400F0FA0086F8240039E0B6B141
:1091000000221AE0019706E0291B81422AD3316A26
:10911000304688473C46B069366107197760AF42F0
:10912000F2D9A54220D2A7424046F0D21DE0DAF89B
:109130000000006800285FEA1F92DBF80000611B56
:10914000FEF7DEFCFEF794FF02ACB0B94EF6045019
:109150004FF08051CEF200000160BFF34F8FBFF39C
:109160006F8F0AE0504600E0404600680199FEF724
:1091700013F8316A3046884702AC00200590CDE9EB
:10918000030005E0424610682946FEF705F802ACE8
:10919000DBF8000000224946FEF786FA08B92FF0F6
:1091A0007DC803980028F3D4059E706910B1301D66
:1091B000FEF712F8204600F08BF8039901390829D0
:1091C000E6D80746DFE801F005053B255D05053BD0
:1091D0002500049AB06996F8241083183546BB42DE
:1091E00041F0010486F8244045F8043F366105D972
:1091F0009742C7D29342424604D2C4E7BA1A824287
:109200005246C0D34A0721D401F0FA0086F8240060
:1092100047E096F8241004980028B06141F001015D
:1092200086F8241042D038443146B84258EA8A823F
:1092300041F8040F36611068FDF7AEFFA8E796F815
:10924000240000F0FE0086F82400A1E704995446AB
:10925000014409E000BF00BF791A814219D3316A85
:1092600030468847B069514601EB000AC6F804A0B1
:10927000BA453661F0D98F420DD28A454046EED2CA
:109280000AE096F824008107DBD43046FDF754FD50
:109290007EE7204600E0404600682946FDF77CFF57
:1092A000A246316A3046884702AC71E741F6F36066
:1092B00043F6023244F2D603C0F20120C0F201228A
:1092C000C0F201234FF48261F8F70AF8D4D4D4D461
:1092D0002DE9F04F81B08246FFF7CEF94CF2E81944
:1092E000C2F20129D9F80010884243D24CF2E017AB
:1092F0000090C2F201274CF2E41BC2F2012B386845
:109300000168A1B9DBF800103960CBF80000012139
:10931000009830E000BF00BF00F0FA0085F824009C
:10932000296A28468847386801680029EAD0C06859
:10933000C568D0F800802E1D3046FDF74DFF95F82A
:1093400024004107E8D5A86900EB080410EB0800E9
:109350006C602D6108D2296A28468847A8692118BF
:109360000444F5E700BF00BFDBF800003146FDF71D
:1093700013FFD5E70021CAF80010C9F8000001B0BA
:10938000BDE8F08FD4D4D4D42DE9F0414CF2546828
:10939000C2F20128D8F8000000281CBF0120BDE857
:1093A000F0814CF258621020C2F201221021FDF728
:1093B000D7FFC8F8000068B341F65041C0F2012160
:1093C000FEF762FB4CF2A064C2F201242046FDF7D6
:1093D000C7FE4CF2D4251027C2F20125002600BF9B
:1093E00028466E62FDF7C8FE20462946ED60FDF76F
:1093F000D3FE013F05F13805F2D14CF2B461D8F843
:109400000000C2F2012100285FEA0F9010220A60DA
:10941000BDE8F08143F2A62043F2630243F61E2327
:10942000C0F20120C0F20122C0F201237421F7F73B
:1094300057FFD4D4D4D4D4D4F0B581B00546422853
:1094400098BF422510F1020F38BF023515F0030214
:1094500008D0053A954202D9002001B0F0BD25F0B0
:109460000302151D10F1030F4FF0000098BF15F116
:109470000B0F01D901B0F0BD15F10A04FAD44CF27A
:109480005462C2F201221268002AF3D01046FEF79D
:10949000E7F90128E0D1F8F753FB4CF2A067C2F2DC
:1094A0000127F868C0680646FDF796FEF8F778FBD6
:1094B0004CF2B4613868C2F201210A68824288BF66
:1094C0000860716AB9B985B12046FDF711FB014604
:1094D0003046716261B108600022416AC0E90B2226
:1094E0000A31C0E9091501B0F0BD304601B0F0BD48
:1094F00000F012F8B0E743F2A62042F6B47242F24E
:10950000DE53C0F20120C0F20122C0F201234FF469
:10951000A371F7F7E5FED4D410B50446406A10B144
:109520000A38FDF709FC0020C4E90900F8F708FB38
:109530004CF2A0612069C2F20121884214D04CF2A1
:10954000A0602146C2F20120FDF71AFEF8F728FBC1
:109550004CF254600021C2F2012000220023006876
:10956000BDE81040FDF74CBFBDE81040F8F718BB50
:109570004CF2A060C2F2012000687047D4D4D4D469
:109580002DE9F04387B0466AF189B1F5807F40F05C
:109590008C80318A082940F08880B17C062940F00F
:1095A0008480F17C042940F080804CF2B864D0F8CB
:1095B0003090C2F20124F769D6F826800697217808
:1095C00001290DD14CF2BC6040F26C11C2F20120B5
:1095D000C2F20021FFF760FA012801D100202070BB
:1095E000354615F8160FC0075FD138BAB0F1FE4FF7
:1095F0004FF000005ADAB9F1000F57D0D9F8000047
:1096000087421DD1207800284FD101202070484684
:10961000394600F089F8FFF72FF84CF2C461C2F226
:10962000012108604CF2BC60C2F20120FFF7FCF996
:1096300040F26C1042F21071C2F20020016034E07E
:1096400099F84010C90630D5B18AB1F5007F27D00E
:10965000B1F5807F29D180452BD109F13808062248
:109660004046294606F076F8F8B1284639464A467B
:1096700000F082F94FF40070B082A888C6F8267016
:10968000B08428683062D8F800002860B8F8040078
:10969000A880D9F80000F061022007B0BDE8F0838F
:1096A000304649463A4600F0EFF9002007B0BDE8E1
:1096B000F0834745F9D17840D9F8041001424FF0C2
:1096C0000000F3D1203644F69531ADF81400049033
:1096D000C0F201210622304606F03CF830B104A960
:1096E0000622304606F036F80028DED109F13800AF
:1096F0000622294606F02EF80028D6D00020019038
:1097000006A80DF10A0101AA00F072F80128CCD1D7
:1097100001984845C9D1069928464A4600F02CF9D7
:10972000C3E7D4D4D4D4D4D470B582B0054690F86D
:10973000400000074AD42868002847D02A200C4659
:109740000021FFF779FE002840D021460446416100
:10975000806A25632928D5F8A400E06238D9666AB2
:1097600044F62431C0F201212622304605F05CFD8A
:10977000206B816BC6F80610808F7081206B816B27
:10978000C6F81610808F7083206B0068F0616069E6
:10979000C6F826002A20A06202F02AF848B1D5F8BF
:1097A000A40098B1C3680122214602B0BDE8704010
:1097B000184702208DF8000068464FF0FF310194F1
:1097C00001F042F910B92046FFF7A6FE02B070BDC5
:1097D00041F61F7043F27D0243F69903C0F2012067
:1097E000C0F20122C0F2012340F25A51F7F778FD8E
:1097F0002DE9F041002900F08F800646002800F096
:109800009B809046002A00F0A7800020C8F8000046
:1098100037680D46384602F083FC0446384602F0AD
:109820003BFA48B11CB3A08FA880A06B2860012030
:10983000C8F80040BDE8F081384602F025FAC8B10A
:109840003846294602F05CFB002002F02DFC70B186
:10985000014600BF00BF00BF91F8400000071DD5C2
:10986000002002F039FC014608B12FF00BC802209D
:10987000BDE8F081B7F17F4F15D344F69530C0F2C3
:1098800001208188006828603846A98002F088FCA1
:1098900030B1C8F800000120BDE8F081C8F8001020
:1098A0000120BDE8F081306802F07AFC20B1316817
:1098B000C8F8000051B9DAE7402002F055FD002851
:1098C000C8F80000D3D081680029D0D04CF2C8601D
:1098D0000622C2F201200C3050F80C3C8B4207D01B
:1098E000013A00F11000F7D100203160BDE8F081AD
:1098F00010F8012C62B130F8042CAA8050F8082C22
:109900002A600068C8F8000001203160BDE8F081DD
:1099100002203160BDE8F08141F61F7044F2FB0285
:1099200043F28D63C0F20120C0F20122C0F2012394
:1099300040F27A31F7F7D4FC41F61F7044F2FB0293
:1099400041F6E873C0F20120C0F20122C0F2012307
:1099500040F27B31F7F7C4FC41F61F7044F2FB0282
:1099600043F64423C0F20120C0F20122C0F20123D9
:109970004FF45F71F7F7B4FC2DE9F04F81B0054665
:10998000084614468B4602F00BFC002869D04CF2C6
:10999000C8600094C2F201204FF0FF0800F10C06ED
:1099A0004FF0FF3A00274FF0FF39002407E000BFD7
:1099B0000028A14658D001341036062C1FD07DB1A6
:1099C000A6F108000622294605F0C4FE56F80C1C34
:1099D0005945EDD040B9A246EDE700BF00BF00BF3A
:1099E00056F80C0C584509D016F8020C5FFA88F1AD
:1099F000884254EA378750EA3188DCE7A146BAF159
:109A0000000F10D44CF2C863B9F1000FC2F2012369
:109A100011D403EB09104FEA091100225A50C26019
:109A2000C0E9012207E0B9F1000F57EA498A4CF278
:109A3000C863C2F201234FEA0A1043F800B06DB1C7
:109A400003EB0A10A9880181296841604FF4CB71AA
:109A500041810099C16001B0BDE8F08FB9F1FF3FCD
:109A60000BDD01B0BDE8F08F4FF4CB7026F8020C8F
:109A70000098306001B0BDE8F08F03EB0A100521BB
:109A8000418101B0BDE8F08FB0B582B00B460968E6
:109A9000D0F8265014468D4210D04CF2C8620621F0
:109AA000C2F2012200BF00BF1568A54204D00139EF
:109AB00002F11002F8D106E0D17A21B11630214628
:109AC0001A46FFF759FF4CF64C05C2F201252868EB
:109AD000D8B101F039FC142817D12868416AD1F8AF
:109AE0001A108C4211D101218DF8001001906846A6
:109AF0000021002400F0A8FF012802D02868FFF709
:109B00000BFD00202C6001F08FFD02B0B0BDD4D45D
:109B100080B5416A006B8A89082A02D0B2F5C16F0C
:109B20001ED1D1F81A10D0E900234A401A4201D0C0
:109B3000002080BD4CF2C8634FF0060CC2F2012336
:109B40001A688A4205D0BCF1010C03F11003F7D169
:109B500002E0DA7A002AEBD1FFF7E6FD012080BDB2
:109B600041F61F7042F6D57241F66F73C0F20120C4
:109B7000C0F20122C0F201234FF40371F7F7B0FBEA
:109B8000002808BF7047F0B581B04CF2C8660446A3
:109B90000D460627C2F2012606E000BF00BF00BF47
:109BA000013F06F110060BD03068A842F8D1301DF5
:109BB0000622214605F0CEFD0028F1D19620B07294
:109BC00001B0BDE8F0407047F0B581B04CF2C8601C
:109BD0000626C2F20120002700F10A0509E000BFB5
:109BE0002878002808BF45F80A7C013E05F11005D9
:109BF00015D028780028F8D069780029A0F1010153
:109C0000297018BF0428EBD855F80A4C204602F0FA
:109C1000C7FA0028E4D02146FFF786FDE0E7FEF70B
:109C20002BFD4CF2C4660446C2F20126316831B104
:109C300044F62160611A814201D201B0F0BD41F6C3
:109C4000E020C2F20220056804E000BF00BF00BFB0
:109C5000D5F8A85065B195F84000C106F8D50007C1
:109C6000F6D429680029F3D02846FFF75DFDEFE719
:109C7000346001B0F0BDD4D410B5044602F090FABF
:109C8000002808BF10BD2146BDE81040FFF74CBDBD
:109C90004CF2C4610320C2F2012100220A6001F0EB
:109CA000EFB9D4D4D4D4D4D4B0B518B30446806AB0
:109CB00029282FD9206BE8B3656A44F62431C0F215
:109CC00001212622284605F0AFFA206B816BC5F8EA
:109CD0000610808F6881206B816BC5F81610808F0D
:109CE0006883206B0068E8616069C5F826002A2057
:109CF000A062B0BD41F61F7043F27D0242F66103DF
:109D0000C0F20120C0F20122C0F2012340F25951F9
:109D1000F7F7E6FA41F61F7043F27D0243F6990326
:109D2000C0F20120C0F20122C0F2012340F25A51D8
:109D3000F7F7D6FA41F61F7043F27D0242F621335F
:109D4000C0F20120C0F20122C0F2012340F25B51B7
:109D5000F7F7C6FAD4D4D4D42DE9F04788B00791E8
:109D6000019001F045FD00283ED101A80DF10E0142
:109D700002AAFFF73DFD054638B1E8B2013818BF29
:109D80006FF07C0008B0BDE8F0870DF11408404684
:109D9000FEF74AFE6FF004060DF104090DF10E0AFC
:109DA00002AF07AC00BF00BF019D284602F0F8F9E2
:109DB00010B12946FFF7B8FCFA20FEF729FA484609
:109DC00051463A46FFF714FD054640462146FEF748
:109DD00063FE0128D1D0002DCFD10136E4D36FF03E
:109DE0007C0008B0BDE8F08741F61F7043F65E22A4
:109DF00043F61D33C0F20120C0F20122C0F201235C
:109E000040F20E51F7F76CFA80B5E8B14CF2C86138
:109E10004FF0060EC2F20121F64601F10C034FF09D
:109E2000000C1A4605E000BF1346BEF1010E00D13A
:109E300011E052F8101B8142F6D1A3F10C01C1E9E7
:109E400000CCC1E902CCEFE74CF2C8606021C2F25D
:109E5000012005F0E4F980BD4CF22871C2F2012125
:109E6000096881425FEA1F907047D4D4D4D4D4D417
:109E70002DE9F04F83B0002972D00C4691F84010C4
:109E8000090700F17C8018B1002184F87C1005E0FE
:109E900094F87D1094F87C208A425AD1D4F880201E
:109EA000002A56D048F2632A41F6E02B804600276C
:109EB00002974FF0010902ADC6F2533AC2F2022BEB
:109EC00010460CE000200121324600F069F8A01B8A
:109ED00059EA108900BF00BFD4F88000A8B300225F
:109EE00005232946CDE9007702F05EFBF0282CDB44
:109EF0000298D0F8EC10514516D10178022913D1FF
:109F0000DBF8006086B14068F16D09BA884204D080
:109F1000D6F8A86046B12FF009C896F87C0005284D
:109F2000D0D100BF00BF00BFD4F8800000220123C1
:109F30002946CDE9007702F037FB0128CCDB0298F7
:109F40000028C9D001F008F8C6E7B9F1000F404673
:109F500003D00021224600F023F803B0BDE8F08FC3
:109F600043F64C3043F2207244F29E13C0F20120BB
:109F7000C0F20122C0F20123BE21F7F7B1F943F686
:109F80004C3043F2207241F65A43C0F20120C0F235
:109F90000122C0F20123BF21F7F7A2F9D4D4D4D40F
:109FA00070B582B0144618B1002084F87C0006E039
:109FB00094F87D2094F87C00904240F0658140F256
:109FC0007012C2F200221378834218BF1070062864
:109FD00000F22381DFE800F004822B451BA3CA00B6
:109FE00004F15C00F7F7A0FF68B100202066A066CE
:109FF00041F28831C4E91D10204600F01DFAFA2113
:10A00000204601F06DFB012584F87C5006E12046D6
:10A0100000F06EF9002800F00081FEF72DFB41F200
:10A020008831C4E91C01032084F87C00F5E0002994
:10A0300000F0A1800220214600F03EFB002800F045
:10A04000EC80216E0120F7F7DFF8012800F01E8177
:10A05000002840F02381204600F04AF90028DCD196
:10A06000C1E0002900F0A98005202146052500F067
:10A0700023FB002800F0D1806068216E216084F805
:10A080007C5061EA00006061204600F0A5FCD4F835
:10A090008010B9B14CF22875C2F2012528688142BE
:10A0A00010D14CF22C71C2F201210A68012A09DB9D
:10A0B000013A0A6003D102F03BFD00202860002035
:10A0C000C4F88000E06E002800F09C804EF65F210E
:10A0D000884200F29C804EF6602097E026460020E1
:10A0E000002556F81C1FF7F78FF8012800F0828032
:10A0F000002840F09380D4F880000025002800F06C
:10A100008D802560FEF7B8FA2067204600F018FA27
:10A11000002800F08280022084F87C007DE0204648
:10A1200001F0F6F8002862D0204600F085F9D4F856
:10A130008000002871D00020019001A8F7F7F4FEFC
:10A1400000281CBF0198E065FEF796FA41F28831BD
:10A15000C4E91C01204600F0CBF800284FF00300B2
:10A1600050EA1090FA2184F87C0053E00021204648
:10A1700001F002FB51E0FEF77FFAD4E91C21801ABE
:10A1800088424AD948004DF2C141C0F201016067DE
:10A19000884280F0838004F15C00F7F7C5FEE0B3ED
:10A1A000FEF76AFAA16F206700295FEA1F91204637
:10A1B000A16700F0C5F980BB72E0FEF75DFAD4E953
:10A1C0001C21801A884228D948004DF2C141C0F2B2
:10A1D00001016067884263D2FEF74EFA206720468D
:10A1E00000F086F8C8B9042084F87C0015E041F23C
:10A1F00088310FE020460ECE0EC096E82E002EC00D
:10A2000000250BE04BF60000C0F64C20E066FFF79F
:10A210003FFDE16E204601F063FA012540F2711026
:10A2200094F87C10C2F2002002788A4218BF0170B4
:10A2300055BBF7F785FCE0692060F7F7B1FC062015
:10A2400084F87C000021204601F096FA204600F0B8
:10A25000C3FBD4F88010B9B14CF22875C2F20125C5
:10A260002868814210D14CF22C71C2F201210A6897
:10A27000012A09DB013A0A6003D102F059FC0020EF
:10A2800028600020C4F8800002B070BD04F11C00FA
:10A2900021464CC84CC190E86C006CC10025BDE75C
:10A2A000002084F87C00B8E7B0B50021044601F036
:10A2B00063FAD4F88010C1B14CF22875C2F20125BE
:10A2C0002868814211D14CF22C71C2F201210A6836
:10A2D000012AB8BFB0BD013A0A6003D102F028FCE0
:10A2E000002028600020C4F88000B0BDD4D4D4D4AD
:10A2F0002DE9F04788B081460026CDE90666CDE914
:10A300000466CDE90266F6F7ABFF074618B138469A
:10A3100005F0CBF9064606F2351000214FF0000893
:10A32000FFF78AF8002858D0456A4020ED2105F84B
:10A33000060C05F12D0004F072FFA84640F2011052
:10A3400048F263214C4628F82A0F062085F82C0095
:10A35000C6F25331D9F85C00C5F8161144F66431E1
:10A36000182200BAC5F82E00D9F87800C0F20121F1
:10A37000002818BF8020A88654F8380FC5F846007A
:10A38000A088A5F84A0005F58D7004F04DFF05F58D
:10A39000997A4FF00C0085F8320185F833612FB1BE
:10A3A00005F59A703946324604F03EFF0AEB060086
:10A3B000FF2106F20B168170A088A5F82401206801
:10A3C000C5F820014FF0FF3004904FF48640ADF8FF
:10A3D0000A0002208DF8090001E040F20916D9F8C0
:10A3E000800002F0B9FAB8F1000F4FF000071ED05C
:10A3F00001281CD1D9F86000C8F8FE00D9F868001F
:10A40000C8F80401D9F88000182102AA0123C0F875
:10A4100040900127D9F88000CDE90021414632461D
:10A4200002F04EF918B9404600F096FD0027384674
:10A4300008B0BDE8F087D4D42DE9F04188B04CF2E3
:10A4400028760446C2F2012600200190316879B1D5
:10A45000D4F8800088424DD04CF22C70C4F88010A3
:10A46000C2F2012002680132026008B0BDE8F0814A
:10A4700002200221112201F0ABFF306002F06CFAE1
:10A4800001284BD1306802F067FA012835D101ADBF
:10A490003068002100222B464FF00408CDF80080E0
:10A4A000002702F0B1FB3068002101222B46CDF8D5
:10A4B00000804FF0010802F0A7FB40F2182002A92B
:10A4C000C4F200400290306818220023CDE90377DF
:10A4D0000797CDE9057702F047FA4CF22C71002876
:10A4E000C2F201213068C4F88000C1F8008018BFB2
:10A4F000002809D108B0BDE8F08100203060C4F820
:10A50000800008B0BDE8F08100250D6002F010FB6E
:10A510003560C4F8805008B0BDE8F08143F64C3097
:10A5200043F6CF0243F22D73C0F20120C0F20122A4
:10A53000C0F201234FF45C71F6F7D2FED4D4D4D428
:10A540002DE9F04788B081460026CDE90666CDE9C1
:10A550000466CDE90266F6F783FE074618B1384671
:10A5600005F0A3F8064606F59A7000214FF00008A2
:10A57000FEF762FF002858D0456A4020ED2105F81B
:10A58000060C05F12D0004F04AFEA84640F2011029
:10A5900048F263214C4628F82A0F062085F82C0043
:10A5A000C6F25331D9F85C00C5F8161144F64C31A7
:10A5B000172200BAC5F82E00D9F87800C0F20121A0
:10A5C000002818BF8020A88654F8380FC5F8460028
:10A5D000A088A5F84A0005F58D7004F025FE05F267
:10A5E000311A4FF00C0085F8310185F832612FB136
:10A5F00005F233103946324604F016FE0AEB060027
:10A60000FF2106F11A078170A088A5F824012068AF
:10A61000C5F820014FF0FF3004904FF48640ADF8AC
:10A620000A0002208DF8090000E01827D9F8800000
:10A6300002F092F9B8F1000F4FF0000628D001287F
:10A6400026D1D9F8640010B1C8F8FE000AE0122F34
:10A6500022D9A7F1120208F5817108F1FC0004F07B
:10A6600059FE063FD9F8800007F1F002182102AF29
:10A67000C0F840900123D9F88000CDE9007141462F
:10A68000012602F01DF818B9404600F065FC0026CE
:10A69000304608B0BDE8F08743F64C3043F68E7282
:10A6A00041F67643C0F20120C0F20122C0F201233C
:10A6B0004FF4C961F6F714FE2DE9F04F87B00C4650
:10A6C0000546D1F8800006A9002201230026CDE925
:10A6D000006601F069FF0128C0F2FD800746F028FE
:10A6E000069805D200284FF0000640F0F280F2E014
:10A6F00048F26322D0F8EC10C6F25332914240F097
:10A70000E7800178022940F0E3804178012940F098
:10A71000DF808178062940F0DB80016900260A0E7F
:10A72000FE2A00F2D68001F07F017F2900F0D1805F
:10A73000E16D426809BA8A4240F0CB8005901C3036
:10A7400004F13801062205F005F810B1002605983D
:10A75000BFE0B7F1F0094FF0000600F0C0800598A7
:10A7600004F10C0B00F1F001002300F1F20202925F
:10A7700000220392049111F803E0BEF1000F15D0FE
:10A78000BEF1FF0F00F09D805F1C4F453EBF11F8EA
:10A7900007A007EB0A024A4580F09380BAF1040F44
:10A7A00003F1020C04D351F80C8003E0013385E07F
:10A7B0004FF00008CC4580F08480AEF10107352FC2
:10A7C00000F26E80DFE807F01B6C486C6C216C6C4B
:10A7D0006C6C6C6C6C6C6C6C6C6C6C6C6C6C6C6CB9
:10A7E0006C6C6C6C6C6C6C6C6C6C6C6C6C6C6C6CA9
:10A7F0006C6C6C6C6C6C6C6C6C6C4E6C593EBAF125
:10A80000040F4DD1C4F8048055E0BAF1040F47D3CA
:10A810004FEA9A024FF0020E022A38BF4FEA9A0E10
:10A82000F6460299CF18002303E0BEF1010E00D1D5
:10A830002CE057F8042B511C0229F6D34BF82320A7
:10A840000133F2E7BAF1040F2AD1022D2DD1039979
:10A85000C4F8688001312DE0BAF1040F20D3C4F8A8
:10A8600008801DE0BAF1040F1AD198FA88F14FF46C
:10A870007A7349085943E1661DE0049911F80C30D8
:10A880009D422ED103990131039109E0012B5946D4
:10A8900005D8002B41F823604FF00103F9D026764C
:10A8A000BAF1000F049907D10BE0A16E414503995D
:10A8B00051EA1191039104990CEB0A034B45FFF403
:10A8C0005AAF0399022903D301692166012600E0EA
:10A8D000002600F041FB304607B0BDE8F08F059838
:10A8E000F7E7052D04D1062B02D1002084F87C0067
:10A8F0000598E6E7D4D4D4D480B54CF230704FF448
:10A900008E71C2F2012004F08AFC80BDD4D4D4D46C
:10A9100070B5816A292947D9446A94F8221029B36D
:10A9200008293FD104F10E05002184F82210D4F843
:10A930001A20D4F81E30C4F81E20C4F81A30402261
:10A94000A275A1822183064600F0FEFC024600208B
:10A95000294601F0FDF8C043012200BA000C208313
:10A96000B16A204601F014F8022070BD208A6FF011
:10A970001B0100BA01EB104210040DD004F12A00B3
:10A98000002192B200BF00BF0378782B06D10131BD
:10A9900001308BB29342F7D3002000E00220E18C1B
:10A9A000F6F766FC002070BD42F67F0042F2A91265
:10A9B00044F20D13C0F20120C0F20122C0F20123C3
:10A9C0005821F6F78DFCD4D44CF65800C2F2012081
:10A9D00000687047D4D4D4D490F840100A0741F0EE
:10A9E000100180F8401048BF704742F2107000F02C
:10A9F0005FBED4D4D4D4D4D410B582B00446007F82
:10AA0000019400F0FE00207700208DF8000000F097
:10AA1000EFFE4CF650006946C2F2012000220023EE
:10AA20000068FCF7EDFC217F012802D101F0FD0058
:10AA300007E041F002004CF65C01C2F20121012264
:10AA40000A60207702B010BD70B541F68822044636
:10AA5000C2F2022200780D4612780AB307280ED1FE
:10AA60000120012600F068FE4CF65000C2F20120E1
:10AA70000068FCF7BDFF00281CBF304670BD00F029
:10AA8000B7FE01384FF0000355EA10824CF6500033
:10AA9000C2F2012021460068BDE87040FCF7B0BC5E
:10AAA00000281CBF002070BDE9E7D4D4D4D4D4D48E
:10AAB0002DE9F04383B04CF660088946C2F20128C4
:10AAC0000746002041461C4615460A9EF7F7ECF95A
:10AAD00000954CF68805C2F20125404629463A46C3
:10AAE0004B46CDE9014601F05BFA95F8400040F095
:10AAF000020085F8400003B0BDE8F04300F000B864
:10AB0000B0B584B001F0C0FA00284BD000F000FFCF
:10AB10004CF67C124CF63413C2F20122C2F201232D
:10AB20001520082100240094FCF7CAFB4CF65005C0
:10AB3000C2F20125286090B343F25841C0F20121CE
:10AB4000FCF7A2FFFEF720FC012823D101F030FC26
:10AB5000042000904AF6C93042F208614CF62425E0
:10AB60004CF68424C0F20020C0F201214FF4A05220
:10AB70000023C2F20125C2F20124CDE90145FCF710
:10AB8000E3FF4CF658010028C2F201215FEA0F945E
:10AB9000086004E02868FCF747FF00242C6020468A
:10ABA00004B0B0BD42F2482042F6266243F263731D
:10ABB000C0F20120C0F20122C0F2012340F2CF31E5
:10ABC000F6F78EFBD4D4D4D48AB040F6B83000F077
:10ABD0009BFD41F6E4204CF65005C2F202204CF6F3
:10ABE0005C07C2F20125C2F20127066826B34FF0C6
:10ABF000000802AC4FF0010907E000BF00BF00BF32
:10AC000001F0FD003077766AB6B1307F8DF80880AC
:10AC1000039600F0FE00307700F0EAFD286800227D
:10AC200000232146FCF7ECFB317F0128E8D041F0FE
:10AC30000200C7F80090E5E74FF47A7000F020FDBD
:10AC400000204FF0000900F0EFFCFFF755FE41F641
:10AC5000882008ACC2F202204FF0FF0B0DF1080A69
:10AC60000121017000BF00BF00F0BAFB00F084FBBF
:10AC7000024628682146FCF717FD88B19DF82000A0
:10AC80000B280FD8DFE800F0063C29570E5A31494F
:10AC90004D0E625E099800F0B7FD03E000BF00BFF3
:10ACA0008DF820B0386808B92FF023C0C7F800909D
:10ACB00001F0EAF902E000BF01F0EEF908B92FF067
:10ACC0002DC8017F8907F7D5064600F09DFD317F2D
:10ACD000304601F0FD013177EEE70999C86A002896
:10ACE000E0D0C36801229847DCE7099991F8400059
:10ACF00000F00A000228D5D10020FFF7B9F8D1E70B
:10AD000009980028CED0C16A21B1016B11B1816AC6
:10AD10000E2940D2FEF700FCC4E7012000F00CFD34
:10AD2000C0E7099E304602F013FE0028BAD0306812
:10AD300040F004002AE0FEF747FFB3E7099803F06C
:10AD4000BFFFAFE7099801F0F3FEABE7099E307A49
:10AD5000C0074FF018008DF8080007D1B06A022133
:10AD60008DF80910C6F8289000BA0490308F182288
:10AD700000235146A6F8389000BA000CADF80A003E
:10AD8000304601F0F1FD306840F010003060304690
:10AD900002F0E2F886E7D0F82480B8F80C20082A00
:10ADA00018D04DF686539A4214D0B2F5C16FB1D186
:10ADB0002A29AFD30646FEF7E3FB03463046042BB1
:10ADC00053D0032B3FF46EAF022BA3D1012100F02F
:10ADD000E7F967E722299DD3082A9BD198F80E202E
:10ADE0003C230E3903EA8206B14228BF142EFFF439
:10ADF00091AF98F817103246CDE9001040460199FE
:10AE000000F052FF0346019898F80E20012B416A8A
:10AE100001F8062CD3D1B8F80C100122082909D169
:10AE2000152E07D3019800F0DBFF02460198002A97
:10AE30003FF470AF009B112B0ED1042A15D0112BBB
:10AE400048D0062B3BD0012B7FF464AF0198FFF76D
:10AE50005FFD03460198B2E70198164601F098FAA3
:10AE60000146009B019801291AD1B8F80C10082955
:10AE700008D04DF6865291423FF44CAFB1F5C16F08
:10AE80007FF448AF4CF64C02C2F20122116800294F
:10AE90007FF440AF10604FF4FA6000F0DDFB01E793
:10AEA000B8F80C1032460829C7D108F10600D8F8C6
:10AEB0001A10FEF765FE009B32460198BDE7019827
:10AEC000164602F009FC01463346019801293FF479
:10AED000E9AE74E7416A4DF68652CDF808908B8949
:10AEE000CE8C93424FF02A0208BF3E22082B33BA81
:10AEF0004FEA134C09D10E8A6FF0130336BA03EBF5
:10AF00001646664501D2002359E7866A0023964219
:10AF100028BFBCF1080FFFF452AFACF10803B61A1A
:10AF20009E4201D91A4482624A8C8286D1F81A2044
:10AF30004261898C524603F0CFFE012802D10323DF
:10AF400001983CE702980023012808BF04230198D8
:10AF500035E7D4D4D4D4D4D480B500F029FC00286B
:10AF60001CBFBDE88040FEF7D7BA42F2482041F648
:10AF70009D4241F6B053C0F20120C0F20122C0F25E
:10AF8000012340F22F41F6F7ABF9D4D4D4D4D4D472
:10AF90002DE9F04F83B044F6A0339046C0F2012370
:10AFA0000F468246D3E90060CDE90060FEF7E0FA83
:10AFB00040F2BE517A1E8A4201464FF0000055D839
:10AFC000042953D307F12A0441462046FEF734FAF8
:10AFD000054600284FF0000048D0696A41F68429F0
:10AFE000C2F2022908228A818346B9F800106B6AEE
:10AFF000F6B20131A9F80010D984198503F12A01AC
:10B000005A8478220846394604F004F941F688212A
:10B01000686AC2F2022102228271C5F814A009787E
:10B02000A5F834B0AC62019569B1072E0CD10120AE
:10B0300000F082FB4CF65000C2F201200068FCF7E1
:10B04000D7FC88B900E0A6B900F0D2FB0138694608
:10B0500058EA10824CF65000C2F20120002300682A
:10B06000FCF7CEF9012804D1B9F8000003B0BDE81F
:10B07000F08F2846FEF750FA002003B0BDE8F08FAD
:10B0800010B582B041F688218DF80000C2F202218D
:10B09000097800294FF00001019111D0072813D140
:10B0A0000120012400F048FB4CF65000C2F20120C0
:10B0B0000068FCF79DFC0146204629B102B010BD96
:10B0C00010B1002002B010BD00F092FB4CF6500011
:10B0D0006946C2F20120002200230068FCF790F9C3
:10B0E00002B010BDD4D4D4D441F68820C2F20220DC
:10B0F00000787047D4D4D4D488B181894ABAB2F5E3
:10B10000C06F0CD9B1F5C16F18BF082907D110B5B0
:10B110000021044601F01CF818B1012010BD0020E8
:10B12000704744F695300622C0F20120214604F013
:10B1300011FB0028F1D044F67D300622C0F2012038
:10B14000214604F007FB38B344F683300622C0F2F0
:10B150000120214604F0FEFAF0B144F689300622BF
:10B16000C0F20120214604F0F5FAA8B144F68F3070
:10B170000622C0F20120214604F0ECFA60B12078EA
:10B18000012809D1607838B9A0785E2804D194F9F3
:10B190000300B0F1FF3FC0DC002010BDD4D4D4D4F4
:10B1A0002DE9F04385B0064604468846002156F84E
:10B1B000300F676A029190B1B989D0F8A49008293C
:10B1C0001AD10DF10E05D7F81E00029002A82946EB
:10B1D0003246FEF70DFB012818BFBD1D0DE0B889F2
:10B1E000082806D1D7F81E0000F0DAFF00283060EA
:10B1F000E2D105B0BDE8F083BD1DA888B8802868FD
:10B2000038603068818F7981806BC7F8060000F064
:10B21000EFFA012808D1D9F80C30484621464246B9
:10B22000984705B0BDE8F083B8F1000F20D041F693
:10B2300088200221C2F202208DF8001001940078CB
:10B2400001280FD100F0D4FA01284CF65000C2F2C8
:10B2500001205FEA0FA2694600230068FCF7D0F8DE
:10B260000028C6D12046FEF757F905B0BDE8F083A7
:10B2700042F2482043F6AB5242F63C63C0F2012052
:10B28000C0F20122C0F2012340F62911F6F728F896
:10B2900010B50020002400F007FF18B10468002C4E
:10B2A00008BFC469204610BD10B50020002400F07E
:10B2B000FBFE002818BF8468204610BDD4D4D4D427
:10B2C00010B50446002000F0EFFE002808BF10BDB6
:10B2D000A18881872168816310BDD4D4D4D4D4D40B
:10B2E00041F6E020C2F20220006850B100BF00BF6A
:10B2F00090F84010C90606D5D0F8A80008B12FF084
:10B3000009C80120704700207047D4D4D4D4D4D4C5
:10B3100020B190F84000C0F30010704741F6E020E3
:10B32000C2F20220006840B190F84010C90606D56C
:10B33000D0F8A80008B12FF009C8012070470020FC
:10B340007047D4D4D4D4D4D4406A4DF68651808981
:10B3500088424FF0140008BF28207047D4D4D4D4BA
:10B3600000281CBF007A5FEAC07001D1142070472A
:10B3700028207047D4D4D4D441F68C2042F21071E6
:10B38000C2F20220C26803788A4252EA318041F652
:10B39000E021DA07C2F20221096808BF42F2107008
:10B3A00004E000BF00BF00BFD1F8A81041B191F880
:10B3B0004820D207F8D04A6D824252EA3080F3E743
:10B3C00041F6A021C2F202210A78C968814251EAFD
:10B3D0003081D20750EA01807047D4D4D4D4D4D479
:10B3E00070B541F68C24C2F202242178C8071FD020
:10B3F00088070AD4201D04F10C01FDF74DFB2178CC
:10B4000000281CBF41F002012170880710D5201DC3
:10B410002569FDF709FB20780121E560002D00F08A
:10B42000FC0008BF0321084420700320FFF728FE1A
:10B4300041F6B424C2F202242178C8072BD0880731
:10B440000AD4201D04F10C01FDF726FB2178002809
:10B450001CBF41F00201217088071CD5201D256901
:10B46000FDF7E2FAE560002D4CF64C052178C2F2BA
:10B4700001254FF0010208BF0322286821F00201D4
:10B4800041EA0201217030B101F0FE012170FEF7A6
:10B4900043F80020286041F6E020C2F20220046850
:10B4A00004E000BF00BF00BFD4F8A84074B394F814
:10B4B0004810C807F8D088070DD404F14C0004F1F7
:10B4C0005401FDF7E9FA94F8481000281CBF41F038
:10B4D000020184F848108807E6D504F14C00A56DF8
:10B4E000FDF7A2FA94F8480094F84010012265652F
:10B4F00000F0FC00002D08BF03228907104484F8E7
:10B500004800D1D5204600F043F9CDE74CF6500075
:10B51000C2F201200068FCF76BFA41F6A025002872
:10B52000C2F202255FEA1F942978CA0710D08A0761
:10B530000CD40646281D05F10C01FDF7ADFA29785B
:10B54000002830461CBF41F002012970890701D450
:10B55000F8B90DE0281D2E69FDF766FA287801215B
:10B56000EE60002E00F0FC0008BF032108442870A4
:10B57000204601F041FD0446281DFDF755FA2878C4
:10B580000121EC60002C00F0FC0008BF03210844FE
:10B590002870002001F030FF002001F041FF41F64B
:10B5A000C825C2F20225286800B170BD41F6CC263C
:10B5B000C2F202263178C807F7D088070AD4301DB6
:10B5C00006F10C01FDF768FA317800281CBF41F044
:10B5D00002013170880758BF70BD301D3469FDF716
:10B5E00023FA41F6E4223078C2F202220121F4600B
:10B5F00000F0FC00002C08BF0321146801444FF048
:10B60000010031703CB9286070BD00BF00BF00BFB1
:10B61000646A002CF7D0217FC907F9D12046FFF7D3
:10B62000EBF90020F4E7D4D441F6B4210028C2F2AB
:10B6300002215FEA0F900A7802F0FE0210440870BF
:10B640007047D4D4D4D4D4D441F6C821C2F2022154
:10B6500008607047D4D4D4D4B0B541F6B4250446BC
:10B66000C2F20225281DFDF7DFF928780121EC60E0
:10B67000002C00F0FC0008BF032108442870B0BD76
:10B68000B0B541F6A0250446C2F202252861281D66
:10B69000FDF7CAF928780121EC60002C00F0FC00CD
:10B6A00008BF032108442870B0BDD4D4D4D4D4D466
:10B6B000B0B541F68C250446C2F202252861281D4A
:10B6C000FDF7B2F928780121EC60002C00F0FC00B5
:10B6D00008BF032108442870B0BDD4D4D4D4D4D436
:10B6E000B0B5054681654C300C46FDF79DF995F8DF
:10B6F000480001216C65002C00F0FC0008BF03210C
:10B70000084485F84800B0BDB0B541F6CC250446E4
:10B71000C2F202252861281DFDF786F9287801214B
:10B72000EC60002C00F0FC0008BF032108442870E6
:10B73000B0BDD4D4D4D4D4D441F6A0210028C2F2D0
:10B7400002210A7802F0FC0342F0030208BF5A1CEF
:10B750000A707047D4D4D4D441F68C210028C2F2A8
:10B7600002215FEA0F900A7802F0FE02104408708E
:10B770007047D4D4D4D4D4D490F8482000295FEAB8
:10B780000F9102F0FE02114480F848107047D4D4A3
:10B7900080B582B090F87C10019080F87D106846EA
:10B7A000002106228DF80020FFF74EF902B080BD7F
:10B7B00038B110F8301C01F0D001402906D18107C2
:10B7C00001D00020704750F8340C704780B543F228
:10B7D000927043F2163242F28263C0F20120C0F24C
:10B7E0000122C0F2012340F2F121F5F779FDD4D412
:10B7F00010B5FDF7A9F90446FFF7E6F884425FEAC1
:10B800001F9010BDD4D4D4D4F0B581B000285CD042
:10B8100007468068002868D00020FFF79DFF384663
:10B8200000F042FCD8B1054608E000BF00BF00BFF1
:10B830003846294600F050FC054680B195F8400096
:10B8400000F0EF0085F840002846FEF7DDFA95F895
:10B8500040008007ECD52846FEF726FDE8E7B968EA
:10B8600038468847012828D1387F40F001003877D2
:10B87000384600F019FC30B305460AE000BF00BFAF
:10B880002846FFF7A9F83846294600F025FC05466A
:10B89000C8B195F8400081070AD40007F0D405F13B
:10B8A0001C0029461CC81CC190E85C005CC1E7E78D
:10B8B00001202946FEF7DCFAE5E7002001B0BDE8EB
:10B8C000F040FFF7C1BE01B0F0BD43F2927043F605
:10B8D000AC1242F65C23C0F20120C0F20122C0F299
:10B8E000012340F23731F5F7FBFC43F2927043F647
:10B8F000AC1242F29303C0F20120C0F20122C0F266
:10B9000001234FF44E71F5F7EBFCD4D4D4D4D4D446
:10B9100080B5FFF7E9FBD0B94CF65000C2F2012028
:10B92000006820BBFFF750F8002808BF80BD43F235
:10B93000927042F2BB1242F2DE43C0F20120C0F22A
:10B940000122C0F2012340F2E931F5F7C9FC43F2CC
:10B95000927042F2BB1242F2AE43C0F20120C0F23A
:10B960000122C0F2012340F2E731F5F7B9FC43F2BE
:10B97000927042F2BB1242F2B963C0F20120C0F2EF
:10B980000122C0F201234FF47A71F5F7A9FCD4D457
:10B9900070B588B083890026CDE90666082B059628
:10B9A000CDE90366CDE9016604D04DF68656B34273
:10B9B00040F0BB80082B05906CD1154601AA0646C5
:10B9C0000C4600F0A9FA18B1BDF8100008B070BD1F
:10B9D0009DF81220531E022B11D3062A31461AD08D
:10B9E000112A28D1BDF81E00082853D3029816301A
:10B9F00084424FD34FF0080003909DBB2DE0BDF86B
:10BA00001E00082846D302981630844242D331469D
:10BA10000820039016E0BDF81E0014283AD30298BF
:10BA20002230844236D30698007B502832D33C26FD
:10BA300006EA9000EDE73A2A44F2213073D1019EE4
:10BA4000002E70D03DB1022B14D3112A0AD0062A41
:10BA50000AD110200FE0112A02D10698C08860B3E5
:10BA600001240BE0062006E03A2A4FF0000405D13D
:10BA7000019818B10220069A00241452BDF81E2025
:10BA8000BDF80C00904205D8029840F2DC531B1A16
:10BA9000934203D241F2342008B070BD9DF8125099
:10BAA0006E1E012E04D8084400F10E01002010E0A3
:10BAB000019828B1BDF810000EE0002008B070BD5C
:10BAC00002F1080350190599ADF810001A3180B23F
:10BAD0001A4600F03DF8C0430104014608BF4FF08C
:10BAE000FF315FEA1FA2112D51EA0080002C52EABB
:10BAF000108000BA4FEA104102D0084608B070BD6D
:10BB0000022E4FF6FF700BD3112D03D0062D03D15B
:10BB1000102206E0062204E03A2D04D1019A12B167
:10BB20000222069B995208B070BD43F2927042F215
:10BB3000972242F6D003C0F20120C0F20122C0F2E7
:10BB4000012340F24E41F5F7CBFBD4D4D4D4D4D466
:10BB50002DE9F04711F0010301F0030708BF40BAD7
:10BB60004FF0000C3AB133B10B46013A13F8016BB8
:10BB70004FEA062C00E00B46013F0026012F06D8B5
:10BB8000022A04D333F8027B023A3844060C0C2A0A
:10BB90004FF001084FF0000A22D322F00307B7F15B
:10BBA0000C041DD00D3F4FF0000908EB171E00BF1D
:10BBB000C0EA0640D3E9004600199C6849F1000735
:10BBC0008019DD6803F1100347EB0A07001949F1FA
:10BBD000000440194FEA104647EB040A0FF019C061
:10BBE00016FA80F012F00E0750440AD0013F08EB1D
:10BBF000570E00BF00BF00BF33F8024B20440FF0C8
:10BC000005C8D20701D1002200E01A7842EA0C02EE
:10BC1000C90710444FEA104212FA80F000EB1040BE
:10BC200001BA08BF080C80B2BDE8F087D4D4D4D4E0
:10BC3000884250EAB1807047884250EA31807047AC
:10BC4000884250EA3180704700291FBF08440138FC
:10BC5000B0FBF1F0484318BF704780B543F29270D3
:10BC600043F6C05243F6D253C0F20120C0F2012283
:10BC7000C0F2012340F20371F5F732FBD4D4D4D4DF
:10BC8000008800BA000C704700F0F000E0285FEA7E
:10BC90001F907047D4D4D4D400BAB0F1FE4F5FEAFD
:10BCA000BF907047D4D4D4D4828A6FF0C0031A42B4
:10BCB00004D1827B503A12F10B0F01D20020704761
:10BCC000F0B581B0D0F81A50D0F81E402BBA22BA85
:10BCD000B2F1FE4FB8BFB3F1FE4F26DBB3F1FE4F1A
:10BCE0005FEAAF93B2F1FE4F5FEABF925A403ED097
:10BCF0008A6A222A3BD34E6AB37BA3F15007FFB274
:10BD0000F52F34D39B000E2555FA83F7BA422ED374
:10BD1000378A3FBA05EB1745AA4228D3F67D112E84
:10BD200041D0062E3CD122263EE0074620460E4654
:10BD300000F0F6F960B9200EFE2809D804F0F000F2
:10BD40000022E02814D1280E3946FE2804D90FE03D
:10BD5000280E3946FE280AD844F695300622C0F24D
:10BD6000012003F0F7FC40B9B4F17F4F05D2002267
:10BD700001B0BDE8F0401046704744F69530B91D5B
:10BD8000C0F20120062203F0E5FC00284FF000027B
:10BD9000EED005F0F0003146E0283846A8D1E7E7BC
:10BDA000013E012EE3D81626DBB21E44B242DED39A
:10BDB0003A0C40F2DC57D21AFB1A082A5FEA2F9796
:10BDC0009A425FEA9F923A43D1D1C07D112805D1B2
:10BDD000486A008D00285FEA0F92C9E70122C7E791
:10BDE00070B5D0E9095204463C21A87B01EA8000E5
:10BDF00000F10E03A0F11406E91805F12200D21A91
:10BE000003F088FAA06A801BA062288AAA7B00BA85
:10BE1000C6EB1040010241EA1020288202F0F00136
:10BE200001200531A97370BDB0B581B04FF0000E8F
:10BE3000EC460346C1F800E01A78B2F1300403D0B2
:10BE4000092C05D9002414E05C78303C0A2C34D34A
:10BE5000002400BF00BF00BF04EB840402EB4404D5
:10BE600013F8012F303CA2F130050A2DF4D3FF2C3A
:10BE700015D8BEF1030F1A460CF80E4004D01A462E
:10BE800012F8014B2E2C0AD1834209D00EF1010E7B
:10BE90001346BEF1040FCFD14FF0040E00E01A4656
:10BEA000BEF1040F4FF0000005D11278002A02BF46
:10BEB00000980860012001B0B0BD002001B0B0BD05
:10BEC000002818BF002901D100207047426A896804
:10BED00041610820908100207047D4D4D4D4D4D4B8
:10BEE000002818BF002901D12A20704702224A7079
:10BEF00042698A60808E48802A207047D4D4D4D486
:10BF000000BA01220A805E228A70C0F30642CA701B
:10BF1000020A0A714871704710B5D2F810C00023A8
:10BF20001360BCF810309CF80EE01CBA3C2303EA06
:10BF30008E035360B3EB144F04D941F23420908147
:10BF4000032010BD212904D841F23420908104201F
:10BF500010BD03F10E04A14204D241F234209081BD
:10BF6000052010BDBCF8104094FA84FE0E2404EBAA
:10BF70001E44A1424FEA1E41118304D241F23420F3
:10BF80009081062010BD18449CF817400E30506177
:10BF9000C81A50830020947310BDD4D4D4D4D4D400
:10BFA000002852D02DE9F04F81B00C46002949D02D
:10BFB0000546A82120461E461746DDF83080DDE9FB
:10BFC0000AA9D4F8A8B003F02AF9C4F8A8B0D7F8A1
:10BFD00000C031686160DAF80020A260D9F8002062
:10BFE000E26022466CEA0101616104F11C01C8CAE9
:10BFF000C8C192E8C900C9C1C4F81CC0D8F8000083
:10C00000A063B8F80400C4F8A450A087286A0028E8
:10C0100041F6E020C2F2022008BF2C62016869B13B
:10C02000A1420FD00846D1F8A81009B12FF009C0DD
:10C030000021C4F8A810C0F8A84003E00021C4F80B
:10C04000A810046001B0BDE8F04F7047D4D4D4D438
:10C05000002808BF704741F6E422C2F202221168AC
:10C0600059B100BF00BF00BF814209D00A46496AEA
:10C0700009B12FF007C8506200E010600021416252
:10C080007047D4D4D4D4D4D441F6E420C2F20220F0
:10C0900000687047D4D4D4D4002814BF406A00206C
:10C0A0007047D4D4D4D4D4D4014641F6E020C2F2AF
:10C0B00002200029006818BF002804D1704700BF83
:10C0C000D0F8A80020B1D0F8A4208A42F8D1F5E732
:10C0D00000207047D4D4D4D451B1D1F8A81000288E
:10C0E00018BF00290DD0D1F8A4208242F5D108E074
:10C0F00041F6E0210028C2F20221096818BF002998
:10C1000005D10846704700BFD1F8A81021B1D1F879
:10C11000A4208242F8D1F4E7002108467047D4D425
:10C12000014641F6E020C2F202200029006818BF53
:10C13000002804D1704700BFD0F8A80018B10268E9
:10C140008A42F9D1F6E700207047D4D4D4D4D4D4AD
:10C1500070B5044600284FF000001BD00D4641F694
:10C16000E021C2F202210E68002E08BF70BD00BFA0
:10C170001DB1D6F8A400854206D106F1380006228A
:10C18000214603F0E7FA30B1D6F8A8600EB12FF0DF
:10C1900011C8002070BD304670BDD4D4D4D4D4D4DE
:10C1A00041F6E021C2F20221D1F800C0BCF1000F3B
:10C1B00016D080B500F1010E624600BF00BF00BF7F
:10C1C000BEF1000F0FD0D2E900134140194209D04F
:10C1D000D2F8A8200AB12FF00DC84FF0000C02E0F1
:10C1E000002070479446BDE8804060467047D4D434
:10C1F0002DE9F04F89B00D4641F6E021C2F202214F
:10C200000646009300200C680890CDE90600002E39
:10C210000190CDE90400CDE9020018BF002C13D134
:10C22000B4B905A8042101AA52F8043B012B4ADA4B
:10C23000013900F10400F7D1002009B0BDE8F08F0A
:10C24000D4F8A840002CECD0D4F8A400B042F7D128
:10C250004FF0000B4DF6865A00274FF0000801E022
:10C26000002CDED004F138000622129955455FEA11
:10C270001F9903F06FFA94F8401011F0080F5FEA6D
:10C280001F91894514D000990894013704970968D3
:10C2900022688A4204D108F101080594CDF804808F
:10C2A00030B90BF1010BCDF80CB0079400BF00BF03
:10C2B000D4F8A840002E18BF002CD1D0D4F8A40088
:10C2C000B042F5D1CCE7006809B0BDE8F08FD4D416
:10C2D00080B586B029B301F00302022A31D18A89E0
:10C2E0000023CDE90433082ACDE902330BD0B2F59F
:10C2F000C16F13D18B8AB3F5807F06D0B3F5007F71
:10C3000006D11C2302E01E2300E02623CB58029313
:10C3100002AB00911146FFF76BFF0346184606B0CB
:10C3200080BD43F2A86043F6DA5244F2B713C0F27C
:10C330000120C0F20122C0F2012340F25D31F4F786
:10C34000CFFF43F2A86043F6DA5244F2D713C0F2AB
:10C350000120C0F20122C0F201234FF45A71F4F718
:10C36000BFFFD4D4D4D4D4D441F6E020C2F202200A
:10C37000006840B100BF00BF816829B9D0F8A800AB
:10C3800008B12FF007C800207047D4D4D4D4D4D437
:10C3900010B50446FEF7D8FF142804D12046BDE8A6
:10C3A0001040FDF7B5BB002010BDD4D4D4D4D4D4F4
:10C3B00080B541F6E820C2F20220FAF7D1FE41F63C
:10C3C000FC20C2F20220BDE88040FAF7C9BED4D4F6
:10C3D000F0B581B0054640F008000A2840F0A3807F
:10C3E0000020012908BF062002290C4608BF1120A1
:10C3F000002A50EA0287FEF777FEC8B3022D62D109
:10C4000041F6E820C2F20220806801306BD141F68B
:10C41000FC20C2F202208068013074D1062F07D0C0
:10C42000112F40F09080022C40F09D805C2504E0AC
:10C43000012C40F0A8804FF4B0752846FAF758FB5D
:10C44000B0B10446FAF71CFDA8B1064620462946BD
:10C4500002F0E5FE207A062F666000F0FE002072F2
:10C460000FD0112F1ED104F14800FAF779FE19E020
:10C470004FF0FF3424E02046FAF75EFC4FF0FF3423
:10C480001EE040F2B450A4F8660040F6B83040F226
:10C49000B451C4F88800FFF7D7FBC4F88C00012022
:10C4A000C4E93E0004F10C00FAF766FEA4614FF403
:10C4B000FA60C4E90800022084F83A0084F83B706E
:10C4C000204601B0F0BD41F6C75042F6516243F636
:10C4D000A273C0F20120C0F20122C0F201234FF486
:10C4E000F171F4F7FDFE41F6C75042F6516243F296
:10C4F0003C53C0F20120C0F20122C0F2012340F2FD
:10C50000F911F4F7EDFE41F6C75042F6516242F2DE
:10C510001063C0F20120C0F20122C0F2012340F2F8
:10C52000FD11F4F7DDFE41F6C75042F2383242F613
:10C530004B33C0F20120C0F20122C0F2012340F2CD
:10C540007121F4F7CDFE41F6C75042F6516242F236
:10C550000303C0F20120C0F20122C0F201234FF414
:10C560000771F4F7BDFE41F6C75042F6516242F240
:10C570000303C0F20120C0F20122C0F2012340F205
:10C580000621F4F7ADFE41F6C75042F6516242F281
:10C590000303C0F20120C0F20122C0F2012340F2E5
:10C5A0001321F4F79DFED4D42DE9F04F85B0044655
:10C5B0000130022804D26FF0150005B0BDE8F08FFD
:10C5C000E0690028F7D094F83B001128F3D1A06C63
:10C5D000914688469A46216A049170B301284FDB40
:10C5E000FBF7EAFC606D5FEA4A71C46802D420463A
:10C5F000FAF7F2FDFBF73CFD002C41D02046FEF798
:10C60000A3FE142841D1DDE90E152046FFF768FC92
:10C61000002D1CBF18212960D4E909135FEACA77ED
:10C62000A3EB00050144404639D14D4555EAB98296
:10C63000154602F0F9FD524633E001204FEACA6781
:10C6400002AD0DF1100B00BFC007049E06D0002FF5
:10C6500016D4AEB12846FCF7E7F9049E6068412184
:10C66000012200230096FAF783FCA06C0028B5D1C4
:10C6700028465946FCF710FA00284FF00000E3D096
:10C680006FF00A0005B0BDE8F08F6FF015000546A9
:10C690002046FCF741FF284605B0BDE8F08F524622
:10C6A000016012F0050F06D02846B5F1FF3FEEDD20
:10C6B00005B0BDE8F08F2846E9E7D4D4D4D4D4D46B
:10C6C0002DE9F04F8DB0DDF858B0BBF1000F00F050
:10C6D000A8805D4615F8017F47F008060A2E07D1AD
:10C6E000002900F0AE80022F13D06FF0150617E07E
:10C6F0000DF1040C002967469BE8704387E87043FE
:10C700004FF002078DF8057000F09B800CF10105D9
:10C71000E346B2F5B86F02D8471C022F04D20026B8
:10C7200030460DB0BDE8F08F90F83B70112FF6D178
:10C73000C7699246804697B3DA06466A099606D4D8
:10C7400089461F46FFF754F83B46494608B1002684
:10C750000996DC0708D00846FFF72AF807460028A4
:10C76000514640462CD1DAE707A88946FCF75CF928
:10C770000AF12A003146FCF75FFE0028CFD00746B9
:10C78000406A2A304946524602F04EFD07A809A9E0
:10C79000FCF782F9012810D1002609960EE089469F
:10C7A0000021404600261F4600F05EF802463B4648
:10C7B00049464046002AB3D1BEE7099E514640464D
:10C7C000026C3A632A7844F6A033C0F20123022AAD
:10C7D000D3E90035CDE90A3505D138465946FFF78A
:10C7E0006FFB404651462A31B962BBF80210B98648
:10C7F000C168F986796A90F83A0088710AA83146CA
:10C800000B97FEF721F95646012818BF0026002C89
:10C810007FF486AF01283FF483AF3846FCF77CFEF7
:10C820007DE741F6C75042F6F17243F23A33C0F267
:10C830000120C0F20122C0F2012340F24361F4F76B
:10C840004FFD41F6C75042F6F17242F2BB03C0F20F
:10C850000120C0F20122C0F2012340F24461F4F74A
:10C860003FFDD4D4D4D4D4D42DE9F04186B00D46C4
:10C8700004464E1C01F1080701F1020891B130781D
:10C8800040F008000A280DD0B8F800000DF10C089F
:10C89000ADF80C00386802AF0DF10F0602900220CF
:10C8A0008DF80F00FEF7A4FF002843D1601C02287A
:10C8B00001D3E06920B16FF0150006B0BDE8F0814A
:10C8C0004FF00A008DF8100005947DB130780228F1
:10C8D00006D13868217A00BAA06201F0FE00207209
:10C8E000B8F8000000BA000C208705E0002020877F
:10C8F000C4E90A00C4E90C0004A84FF0FF314FF06E
:10C90000FF35FEF7A1F880B16068102101220023F5
:10C9100000950025FAF72CFB2846E169002908BF9D
:10C920006FF0150006B0BDE8F0816FF08B0006B027
:10C93000BDE8F08141F6C75043F6712243F61D333E
:10C94000C0F20120C0F20122C0F2012340F2A16135
:10C95000F4F7C6FCD4D4D4D4013001285FEA9F9008
:10C960007047D4D4D4D4D4D42DE9F04F85B08246C6
:10C970000130012840F2B9809AF83B4041F6FC278B
:10C9800041F6E825C2F20227C2F20225062C57EA38
:10C9900005890E46002900F0B880B6F80280B8F18B
:10C9A000000F58D10020049040F20040CDE900393A
:10C9B00005F10809CFF6FF700394062C08BF07F1B4
:10C9C00008094FF47C4404AF05F10C0105460291BF
:10C9D0003846F5F7A9FA50B3049881B2B1F57C4F07
:10C9E00028BF15FA80F101F58060010201EB102BE0
:10C9F0001FFA8BF8FEF778FBE0B1039841F6FC21B3
:10CA000006280298C2F2022108BF01F10C0000685A
:10CA100048450FD000BF00BF0168414504D04068C1
:10CA20004845F9D106E000BF013C2004D0D10020E8
:10CA3000708050E041F6FC2741F6E825B8F1000F80
:10CA4000DDF80490C2F20227C2F20225039C009B8B
:10CA5000A6F802B03FD01BB19AF83B00062815D0CB
:10CA6000FEF742FB90B105F10C0105F10800062C20
:10CA700004BF07F10C0107F108000968814205D0E5
:10CA80000A6842452CD049688142F9D157467088DE
:10CA900047F80C0F708800BA000CB885B06848B130
:10CAA000FFF73EFBCAF8400040B1006800BACAF880
:10CAB000280008E0DAF840000028F6D10020CAE992
:10CAC0000A00CAE90C0048463946FAF759FB00202B
:10CAD00005B0BDE8F08F6FF07C0005B0BDE8F08FC9
:10CAE0006FF06F0005B0BDE8F08F41F6C75043F21C
:10CAF000970243F6E303C0F20120C0F20122C0F224
:10CB0000012340F26F71F4F7EBFB41F6C75043F29B
:10CB1000970243F6C713C0F20120C0F20122C0F20F
:10CB2000012340F29B71F4F7DBFBD4D4D4D4D4D4EA
:10CB3000F0B581B0044690F83B00062842D1D4F805
:10CB4000900008B1FAF7F8F8D4F8940008B1FAF7B1
:10CB5000F3F841F6FC2094F86D10C2F20220258F04
:10CB60000129C66817D100F1080700BF00BF00BF48
:10CB7000BE4227D0F068766890F86D100129F7D092
:10CB8000018FA942F4D190F85C1011F0060FEFD09C
:10CB9000FFF7CEFFECE7083003E000BF00BF00BFA7
:10CBA000766886420ED0F16891F86D20012AF7D19F
:10CBB0000A8FAA42F4D1B1F86820002AF0D0501EA2
:10CBC000A1F86800E06918B104F10C00FAF704FB61
:10CBD00094F83B0011280AD1A06C40B1606DC56883
:10CBE0002846FAF7F9FA2846FCF796FCF4E760685D
:10CBF00008B1FAF771FA2046FAF79EF8002001B062
:10CC0000F0BDD4D4D4D4D4D4B0B5411C022902D2BE
:10CC10006FF01500B0BD122A6FF06C0100F2F080C9
:10CC2000DFE812F0910094004D00EE0013001300B5
:10CC3000EE00EE00EE00EE00EE002E005500630068
:10CC4000BF00A100EE002C003B0090F83B1006292D
:10CC5000DED1042A40F0C480D0F8941000291CBF13
:10CC60006FF01500B0BDB0F866101A6804461046A3
:10CC7000FEF7EAFF8C220146A150C0E0C363BEE08C
:10CC800090F83B100629C3D1C26D196822F0080242
:10CC9000002918BF0832C265B1E090F83B100629A0
:10CCA000B6D1D3E900129142B2D2D0F88850AA424C
:10CCB000AED8C0F880105968C0F884109FE090F892
:10CCC0003A10002B00F0978041F0020195E090F8B7
:10CCD0003B1006297FF49CAFC26D196822F0100248
:10CCE000002918BF1032C26589E090F83B10062970
:10CCF0007FF48EAFD0F8941000297FF489AFB0F89C
:10CD000066101A68054610461C46FEF79DFF95F80A
:10CD10003B10C5F88C0006297FF47AAFD5F8900057
:10CD2000294600287FF474AF91F80001A268C1F889
:10CD300088200122C007C1E93E2260D0B1F8660018
:10CD4000C1E941005BE01968016258E043F69821AF
:10CD50001A6890F83B308A4252EA3181112B51EA2D
:10CD6000028141624BE090F83B1006297FF450AFFE
:10CD700019684FF6FF63002940F20011C26DCFF62B
:10CD8000FD73C0F2020102EA030208BF4FF4807192
:10CD90001144C1650121A0F864100720FEF770F965
:10CDA0002DE090F83B1006297FF432AF90F8001187
:10CDB0001A6890F86D30002A01F0FD0118BF0231A9
:10CDC000052B80F800111AD3D0F89410B9B104469D
:10CDD000084600F03DFA90B10120A4F86400DCE7B9
:10CDE000D0F8901000291CBF6FF01500B0BD88224C
:10CDF0001968815003E001F0FD0180F83A1000212C
:10CE00000846B0BDD4D4D4D410B50446FEF76CF9AE
:10CE100000284FF0000015D041F6E821C2F20221AF
:10CE200001F10802C968914208BF10BD00BF00BFF0
:10CE30000868A04204D049689142F9D1002010BD91
:10CE4000C86800B110BD41F6C75042F6A75243F280
:10CE5000A303C0F20120C0F20122C0F2012340F678
:10CE60001941F4F73DFAD4D42DE9F04F82B0019086
:10CE70000DF101008C4600F1020A431C4FF000083E
:10CE80000DF104094FF0020BCD25002700BF00BFB4
:10CE900019F808204BF001E0564600BF00BF00BF64
:10CEA0001146D2B26A43D20A02EB8204A1EB4401DA
:10CEB00031701E460FF00DC08DF8012000220026B3
:10CEC000845D31462CB9D2074FF001064FF00102C4
:10CED000F6D0002C51EA1B817C1C0CEB0706C1F13B
:10CEE000030E4218274600BF12F8011B01373031EC
:10CEF00006F8011B0FF009C0B8F1030F04D02E2172
:10CF0000317008F10108C3E700203070604602B0BC
:10CF1000BDE8F08FD4D4D4D480B582B00021019183
:10CF200001A9FEF781FF0199002851EA108002B0A3
:10CF300080BDD4D4D4D4D4D4027AD20709D14FF44A
:10CF400006720A80826A12BA8A60008F00BA000CE8
:10CF5000488018207047D4D410B5C16B044609B17D
:10CF600020468847606818B1216809B1F9F79CFF2D
:10CF70000020206010BDD4D4421C022A02D26FF0DF
:10CF80005E007047C269002AF9D090F83B20062A5B
:10CF9000F5D190F86D2012F0F70FF0D110B50446DE
:10CFA0004FF6FF70FEF744FE94F85C100907014647
:10CFB0002046A4F86A1019D5D0F8901019B1084687
:10CFC00000F056F92046D0F8941019B1084600F048
:10CFD0004FF920469A30562102F021F904F580706D
:10CFE000602102F01CF920460821E165012100F0D2
:10CFF0007FFA002010BDD4D42DE9F0478046FBF71E
:10D000003BFB41F6103141F6FC22C2F20221C2F292
:10D01000022202F108074FF47A790B68D568C41A26
:10D0200008BF0124BD42086038D04FF0000A0DE06F
:10D030004846C6F800A0B6F86410884250EA31822B
:10D04000002950EA028900BFBD4227D0EE686D6812
:10D05000B6F864000028F7D0844207D33046A6F81B
:10D0600064A000F0F1F90028EED402E0001BA6F85D
:10D0700064003068002859EA0A8018BFB8F1000F30
:10D08000D9D0F16B09B13046884770680028CFD0FD
:10D0900031680029CCD0F9F707FFC9E74846BDE859
:10D0A000F087D4D4D4D4D4D470B541F6FC20C2F2E5
:10D0B000022000F10803C068984220D0DDE906C5CF
:10D0C00089B2ACB24FF0000E06E000BF00BF00BF57
:10D0D000AE464068984214D0C5682E8F8E42F8D173
:10D0E00095F86D60012EF3D0B5F85860A64208BFE0
:10D0F000BCF1000FEDD1AE6C9642EAD102E04FF0E8
:10D10000000E0025002D5EEA058070BDD4D4D4D475
:10D110002DE9F0410446D0F8900000280D4642D198
:10D12000B4F86660D4F8880050211427B0420CD3BC
:10D13000B0FBF6F6042E08D844F66801C0F20121CF
:10D1400001EBC60151F8087C6421D4F880604EB927
:10D15000474348F21F56C5F2EB16A7FB0676770940
:10D16000C4F880709046D4F884201F464AB94143E1
:10D1700048F21F52C5F2EB12A1FB02125109C4F88A
:10D18000841020F0030606F11800F9F7B1FC90B303
:10D190000022C0E900223B46311DC0E9022242467E
:10D1A0000161C4F89000294600F082F8002D18BFF4
:10D1B000BDE8F08194F85C10090616D4D4F89010FC
:10D1C0000546084600F038F8D4F880200146284685
:10D1D00091420AD8E06D40F4C070E0650120A4F8E7
:10D1E00064000720FDF74CFF2846216841F001014B
:10D1F0002160BDE8F081E06D082140F48020E06509
:10D20000204600F075F94FF0FF30BDE8F081D4D42E
:10D210000069511A401851EA30807047D4D4D4D4F0
:10D22000816802690068C9430844811850EA318066
:10D230007047D4D4D4D4D4D4C16802690068C94337
:10D240000844811850EA31807047D4D4D4D4D4D45F
:10D25000016802698068401A811850EA318070477D
:10D26000416802698068401A811850EA318070472D
:10D27000002181600160C16041607047D4D4D4D482
:10D2800080B5D0F804C0D0F810E08268A2EB0C02A0
:10D2900012EB0E0352EA3382914251EA3281426824
:10D2A0001144B1EB0E0251EA3281416080BDD4D409
:10D2B0002DE9F04F83B004468068914627692668BF
:10D2C000C04330440E463F1850EA3780401A194692
:10D2D00038BF0020FEF7B4FC0546E0B3D4F808B030
:10D2E00021690BEB06000291411A50EA318AB9F12B
:10D2F000000F1AD0002E5BEA0A8802982946A0EB9C
:10D300000800FEF79DFC04F114010746019101EBB2
:10D31000080049463A4601F087FFBD4205D909EBAE
:10D320000701EA1B019801F07FFFF4F709FC3EB901
:10D330000BEB05000299411A50EA318AC4F808A0A3
:10D34000E0682168AAEB0102401A904298BFC4F835
:10D350000CA0F4F725FC284603B0BDE8F08FD4D428
:10D360002DE9F04F81B0044600680D4691462769CB
:10D37000A668301A3F1850EA3780401A194638BF5D
:10D380000020FEF75DFC064678B32068D4F810A0B4
:10D390004119B1EB0A0251EA3281002D50EA018BAA
:10D3A000B9F1000F0A9817D0AAEB0B003146FEF72F
:10D3B00047FC04F11408074608EB0B0148463A46BF
:10D3C00001F032FF0A98BE4206D909EB0700F21BB2
:10D3D000414601F029FF0A98284306D10BEB0600CD
:10D3E000B0EB0A0150EA31802060304601B0BDE860
:10D3F000F08FD4D4D4D4D4D4B0B541F61435044687
:10D40000C2F202252968002918BFA14201D12C606F
:10D41000B0BD0846FFF78CFB2C60B0BDD4D4D4D48B
:10D42000B0B541F618350446C2F202252A68002A32
:10D4300018BFA24201D12C60B0BDB2F86A101046EC
:10D44000FFF79AFD2C60B0BD10B582B0044690F88D
:10D450006D00052807D3D4F8940060B1204601F090
:10D4600007F994F86D00042805D8022803D044F683
:10D470002060019010E0204600F0A2FE94F86D00BC
:10D48000022844F62060019006D194F85D00000760
:10D4900017D44FF4FA7022E0B4F8640008BB04F526
:10D4A0008070D4F8F41001AA01F0CEFB00284FF0F0
:10D4B0000100019908BF44F62060002950EA01806C
:10D4C0000DE094F86C00022805D838B140F2DC5128
:10D4D00001FA00F003E042F6F82000E00120A4F891
:10D4E0006400204600F048FB02B010BDD4D4D4D470
:10D4F0002DE9F04790F86D9004460E46A246B9F12A
:10D50000040F5FEA9F9209F0FE035FEA1F90B9F1F2
:10D51000080F5FEA0282022B5FEA1F9308295FEA85
:10D520001F91052E40EA03005FEA2F93084019433C
:10D53000104381421CD1E06DA24600F00C01042989
:10D5400005D1D4F870A0BAF1000F00F0B480052E18
:10D5500080F08380DAF8000040F02000CAF8000074
:10D5600094F86D0000F0FCFA10B90020A4F86400F3
:10D5700016F0F70F84F86D603DD1A24503D1206FFE
:10D5800000285AEA008AFAF717FDE06D10F0060F3E
:10D590002FD010F008012CD141F6FC22C2F2022259
:10D5A00002F10801D26800BF8A420DD0D3685268E8
:10D5B000A342F9D0278F1D8FBD42F5D11F6FA7421F
:10D5C000F2D100201867E06D20F00600E065FEF75C
:10D5D0000FF900285FD041F61438C2F20228D8F8BB
:10D5E0000000002818BFA04201D0FFF7A1FAC8F838
:10D5F0000040FAF73DFD082E18D1A9F103000128DB
:10D6000014D8E06D10F0080010D041F61836002153
:10D61000C2F2022684F86D103068002818BFA042BC
:10D6200003D0B0F86A10FFF7A7FC3460FBF724F8CA
:10D63000E067E06D20F4C060E065002084F87400CD
:10D64000FBF71AF8BAF1000FA06708BFBDE8F08732
:10D650005046BDE8F047FFF77FBC082E3FF47AAF95
:10D66000400704D4206840F00800206078E7DAF82A
:10D6700070000121002808BFCAF87040DAF80000E5
:10D6800040F00400CAF8000000202067E06D61F35C
:10D690004200E06564E742F2483043F25D3242F214
:10D6A000B223C0F20120C0F20122C0F2012340F2F5
:10D6B0000321F3F715FE42F2483043F25D3243F6A0
:10D6C0007F23C0F20120C0F20122C0F2012340F208
:10D6D0006911F3F705FED4D42DE9F04186B0002896
:10D6E00000F015810546406A002800F02081284698
:10D6F0000495FDF729FE00F12201AA6A8A4250D35F
:10D700006F6A4DF6865607EB0008BB89B8F8100023
:10D71000B8F80E20B34200BA4FEA104110BA4FEAEF
:10D72000104C09D1D7F81620D7F81A30D7F81E4078
:10D73000D7F82270012003E0D7F81A0002BA0020BF
:10D7400098F81B600290002000940197CDF80CC05F
:10D75000FFF7AAFCB8B1044690F86D0000F000FA9B
:10D7600088B194F86D00002184F86C1001281CD158
:10D7700006F01F0002284AD12046294600F040FC4E
:10D78000044658BB0DE006F01F0010284FF00000C3
:10D7900000F0BA8016F0040140F0B680284600F090
:10D7A000DBFF002006B0BDE8F081710732D406F03F
:10D7B0001B01022901D10428F3D82046FDF7D0FD32
:10D7C00000F10E0104F19A076A6A064678181144BE
:10D7D000142201F029FDF0191021C176FAF74CFF4F
:10D7E000E067E06D20F4C060E065002084F874001C
:10D7F000FAF742FFA06798F81A0000F0F0005128ED
:10D8000013D32046294600F0CBF878B9C9E7700752
:10D81000C4D5C6E7022829D1D4F82C11D8F81600AF
:10D82000013100BA8842BCD127E001200546B8F892
:10D830001C0004A900BA000CC4F8F400204600F053
:10D84000C3F9049818B1FBF767FE0020049094F820
:10D850006D00022844F62060059017D194F85D0011
:10D860000007284640D44FF4FA714BE0D8F8120074
:10D87000D4F8101106BA8E4221D10021204600258D
:10D88000FFF736FE284606B0BDE8F081B4F8640024
:10D890000028284638D104F58070D4F8F41005AA81
:10D8A00001F0D2F90146059A00294FF0010108BFA5
:10D8B00044F62061002A51EA0281284622E03046DF
:10D8C00001F0F6F800283FF46CAFD4F80401D4F866
:10D8D00010110144304601F0E7F800283FF461AF31
:10D8E000284600F029FF5CE794F86C10022905D85F
:10D8F00039B140F2DC5202FA01F103E042F6F821BC
:10D9000000E00121A4F8641006B0BDE8F08142F205
:10D91000483043F6141243F6F453C0F20120C0F22B
:10D920000122C0F2012340F2F621F3F7D9FC42F2C2
:10D93000483043F6141244F2F013C0F20120C0F252
:10D940000122C0F2012340F2F721F3F7C9FCD4D43D
:10D9500041F6FC21C2F2022101F1080CCA686245BD
:10D960001AD080B5018F09BA4FEA114E03E000BF0B
:10D97000526862450ED011687145F9D1D16891F8AD
:10D980003B30062BF4D191F85C309B07F0D5016752
:10D99000012080BD002080BD00207047D4D4D4D4A5
:10D9A00070B5044608460D46FDF7CEFC696A014491
:10D9B0008A7E512A01D2012070BD00F12203AE6A95
:10D9C00001209E4246D93C25F31A05EA9202143AF8
:10D9D000D5B2AB423ED3002A3CD001F1220603E08F
:10D9E00004216D1A0E44E6D031780129F9D00029BE
:10D9F000E1D0012D2FD0022926D1042D2BD3707810
:10DA0000042828D1B01CFEF73BF9B4F8661000B921
:10DA100009BBB0F5067F98BF4FF406708142DFD98D
:10DA2000D4F80411E26D42F00102E265B1FBF0F1BD
:10DA3000A4F85E01A4F85C014143A4F86600C4F8B0
:10DA40000411CDE700BF00BF71780020022928BF74
:10DA50008D42C6D270BD002070BDD4D4D4D4D4D4ED
:10DA6000F0B581B00F460546446AFDF76DFC2618F7
:10DA70002846FDF769FCB17E3C226B6A4FF0000C32
:10DA800002EA91011A180A440E323A60D5E90935C2
:10DA90000E3D9C89082C4FF0000402D11B8A1BBA52
:10DAA0001C0CA54255EAB4830844F17E181A50EACA
:10DAB000CC85880609D5308C00BA010C02EB1040E9
:10DAC00038602846FEF7B4F82D1A284601B0F0BD9C
:10DAD0002DE9F04383B0054610461E4614460F4616
:10DAE000FDF732FCA6B195F86D10042910D3616AD8
:10DAF00005F5807808440022D0F81210D5F890007F
:10DB0000029291FA81F948B1FFF78AFB034607E0D8
:10DB1000002085F83C0103B0BDE8F083D5F88830DB
:10DB200002A8009040464946324601F029F80028F4
:10DB300009D401460298361A3A1828463346FFF7A8
:10DB4000E7FAB04203D1002003B0BDE8F0832046DD
:10DB500000F002FE4FF0FF3003B0BDE8F083D4D4F4
:10DB60000B2806D844F6A831C0F2012151F8200054
:10DB7000704701207047D4D4B0B5044690F86D00CA
:10DB8000082807D840F2231121FA00F0C0071CBF73
:10DB90000020B0BDFAF770FDE16F47F23152401A34
:10DBA00090424FF0010038BFB0BD08210546204625
:10DBB000FFF79EFC94F85C1011F0040F55EA05B0D5
:10DBC000B0BDD4D4D4D4D4D42DE9F04F83B08A4698
:10DBD0000968054608464C6AFDF7B6FB271802A9F6
:10DBE000D7F81200FC7E90FA80F9DAF80000FFF70F
:10DBF00037FF95F86D108346052909D309F1010017
:10DC0000D5F81011814203D1E86D40F48070E865C9
:10DC10000BEB0906D5F81801301A5B460128284697
:10DC2000A8BFC5F818610299DAF80020FFF750FF85
:10DC3000002838D4DAF80010284600F035FD95F8B1
:10DC40006D108046042907D104F01F00022803D17B
:10DC500003212846FFF74CFCE0070CD0E86D410497
:10DC600009D48104C5F8146140F48041E96502D407
:10DC700040F4A030E86595F86D00811E0020082969
:10DC800000F22B81DFE811F01400890014005A0023
:10DC900009000900290129010900DAF800102846C5
:10DCA00000F056F911E14FF0FF3003B0BDE8F08FFE
:10DCB000DAF80000446A2846FDF752FB261895F86A
:10DCC0006D001022F17E0228D6F8123001F0170103
:10DCD00008BF12228A421FBA46D1B5F858102A8FBF
:10DCE0000228A5F85A11A5F8582140F0C48028460A
:10DCF00005F58074FDF734FB2844102180F8B51039
:10DD0000F176B5F86630D5F82C212046394600F07A
:10DD100007FF95F86D10781CC5F81801C5F81001BB
:10DD2000D5F82001D5F834210130C5F820010229A9
:10DD30005FEA1F90511CC5F83411A8E0DAF8000022
:10DD4000446A2846FDF70CFB2718B88BFC7ED7F8F1
:10DD50001290E10600BA4FEA1040C5F8F40041D431
:10DD6000002003B0BDE8F08F08212846FFF7C0FB74
:10DD7000D6F81600C5F8107100BAC5F82C01F07E6F
:10DD800040F00400F0762846FDF7EAFA40445021BE
:10DD9000143001EB8801B17697E007F10E012846B7
:10DDA00000F076FA80461220F8762846FDF7D8FA79
:10DDB0004044042100F11404502000EB8800B876A0
:10DDC0002846FFF795FBD5F81C21204609F10101F3
:10DDD000C5F81811C5F81011511CC5F83411C5F853
:10DDE000201172E0D7F8160005F5807601BA3046AA
:10DDF00000F04EFFD5F8943083B1844670B1002115
:10DE000000220020009018466346FFF7A9FA18B1D7
:10DE1000286840F002002860D5F8943013B12846F5
:10DE200000F026FCE86D04F0010200F4805189182E
:10DE3000D5F82011C5F82C1155D0810400F181804E
:10DE400099FA89F05844D5F81011A0EB0109304631
:10DE500000F02EFF0446304600F0EEFE002C18BF06
:10DE600000283DD1B9F1010F3DDCD5F81401013096
:10DE7000C5F8100137E0BBF1000F05D0D5F81C0143
:10DE80000130C5F82C010DE00020C5F81071D5F85F
:10DE90001C11BBF1000F01F10101C5F82C1108BFE5
:10DEA00000280CD01020F0762846FDF759FA40449F
:10DEB00000F11404502000EB8800B07600E000244C
:10DEC00005212846FFF714FB2046012805DB034601
:10DED000284651465A4600F00BFC03B0BDE8F08FCF
:10DEE000B9F1010F2CDDBBF1000F4FF01000F876F7
:10DEF00010D02846FDF734FA5021404401EB880148
:10DF0000B97695F85D101430890608D4B8F1000F81
:10DF1000DBD10BE00020B8F1000FD6D106E0D5F838
:10DF20002411C5F82011B8F1000FCED1002204460B
:10DF30002846514600F0D0F9002850EAC480C4E7D2
:10DF4000E86D40F48050E865A7E6D4D4D4D4D4D4A6
:10DF5000B0B5044608464D6AFDF7F6F90544E87E7B
:10DF6000D5F81620C00704D0D4F814010130C4F845
:10DF70001001E06D810406D4D4F82011C4F82411F6
:10DF80004FF4005207E0D4F8241112BA4B1C9A4205
:10DF900003D14FF400421043E065020405D4C4F8F5
:10DFA00020111120E8760A210FE0420401F101015D
:10DFB000C4F8201102D40020E87609E0C0034FF035
:10DFC000000058BF10200821E8762046FFF790FA9D
:10DFD000D4F82001C4F82C01E87E40B12046FDF7BA
:10DFE000BFF994F83C1108441430C0B202E094F830
:10DFF0003C110020502202EB8101A976B0BDD4D49F
:10E00000B0B5054608460C46FDF79EF9142805D123
:10E0100028462146BDE8B04000F04AB80020B0BD17
:10E02000B0B586B00446086A0D462062486A606250
:10E0300091F83A0084F83A00D1F88800C4F88800D2
:10E04000D1F88C00C4F88C00D1F88000C4F88000AE
:10E05000D1F88400C4F88400D1F8F800C4F8F800BE
:10E06000D1F8FC00C4F8FC0069462846FEF764FFBE
:10E07000E06D256740F00400E065B5F86800296FA1
:10E080000029694600F10100A5F868004FF0180268
:10E090004FF00103204608BF2C670125FEF764FC02
:10E0A00018B12046FEF744FD0025284606B0B0BD55
:10E0B000024600284FF0000018BF002900D1704729
:10E0C000086B50B32DE9F0474C6A0368D4F81E0082
:10E0D000984272D18846118F638C1746D4F81A2063
:10E0E000F3F732FF002868D00646F86D3D465FEA38
:10E0F000007914D4B5F86A00B5F86810814208D2E6
:10E10000022001210622FEF763F9054601300128AD
:10E110000BD8404600F020FB4FE00020704740F055
:10E120000400E8652D6741460CE028463946FFF7B4
:10E1300077FF00284FF0000040D0002D414608BF77
:10E14000BDE8F0870846D1F824A00F46FDF7FCF89B
:10E15000297A3A6B2A64504401F0FE012972618CDD
:10E1600009BA090CA5F85810D4F81A10C5F82C6192
:10E1700009BAA964D0F8120000BAC5F810012846FF
:10E1800000F06EFC284600F0FFF901280FD10321B2
:10E190002846FFF7ADF9D8E9091205F19A00562A89
:10E1A00028BF562201F040F82846BDE8F087B9F1B3
:10E1B000000F02D42846FEF7BBFC0020BDE8F08724
:10E1C0002DE9F04381B0814690F86D00022809D115
:10E1D00099F86C00032822D308214846FFF788F9F4
:10E1E00000254CE000250824E846009500BF00BF4C
:10E1F00000224846414600F06FF80128009F09DBE5
:10E200000646002348463946324600F0B5FA013C3E
:10E210003544EDD19FB33846FBF77EF92FE099F8EE
:10E220005D00000708D499F80800C00704D14846EB
:10E2300000F08EFB012826D14846FDF791F800EB4F
:10E240000904B9F8660040F20241A4F8BC10010AC2
:10E2500084F8BF00484684F8BE10FDF781F86021BD
:10E2600084F8B41099F86C1000F1180500232A46C0
:10E27000481C89F86C000021484600F07DFA2846C9
:10E2800001B0BDE8F0830025F9E7D4D4D4D4D4D4C8
:10E29000B0F8662040F2024088820420130A8B7591
:10E2A000CA757047D4D4D4D450EA010C18BF00F01A
:10E2B00063BA80B543F60F6042F6793242F63C63AA
:10E2C000C0F20120C0F20122C0F2012340F2151178
:10E2D000F3F706F8D4D4D4D42DE9F04782B00D4634
:10E2E0000968044600290CBF04F19A064E6A2046CC
:10E2F0009046FDF735F830440026019600F10E07F0
:10E30000C17E04F5807941F01001C176D4F89410F3
:10E31000002955D0B4F86600022851D3D4F8F4107F
:10E3200001AA484600F060FC0646012845DB296842
:10E3300020463246434600F03FF9002800F0B58001
:10E340002860456A2046FDF70BF805EB000A2046D9
:10E350000AF10E07FDF704F8284400EB0801D4F891
:10E36000940001F122050168019AFEF751FF014670
:10E37000D4F89400012200922A463346FEF7F0FFBB
:10E3800094F85C1049061BD50546D4F89400019911
:10E390008268FEF73DFFA84212D19AF81B0040F0B8
:10E3A00001008AF81B00E06DD4F82C113144C4F848
:10E3B000241140F40050E06502E0002E4AD400260B
:10E3C00094F86D00052826D194F85C00800617D5D6
:10E3D000484600F031FC98B1E06D20F02000E06587
:10E3E000787B40F001007873E06DD4F8201140F4A0
:10E3F0000450E065C4F8241106212046FFF778F8A0
:10E4000094F8740004280DD308212046FFF770F813
:10E410004FF0FF361EE036B994F85D0080071DD03E
:10E42000012001E0E6B10020797B502303EB880353
:10E430003B7301F0E70241F018010028204618BFA5
:10E4400002F110017973FCF78BFF08EB0601084419
:10E4500000F11406304602B0BDE8F0870026F9E767
:10E4600094F85D00C007D7D1FAF706F994F8741054
:10E47000A26F801A002940F6B83104BF4DF2C041A6
:10E48000C0F201018842C7D9FAF7F6F8E16DA0673A
:10E4900041F40070E06594F8740040F6C411A4F8EB
:10E4A0006410013084F87400B6E74FF0FF36D1E70E
:10E4B000F0B581B00446D0F8900015464F6A18B107
:10E4C000FEF7BAFE064601E0D4F88860D4F80401ED
:10E4D0003146FDF7B1FB8022B4F86630C0F202028B
:10E4E000E16D114207EB050218BF0020984250EA87
:10E4F00083819E4250EA31804FF6FC71884250EA97
:10E5000031810B0243EA11219183E16DD4F810218E
:10E5100021F480711044C4E9171001B0F0BDD4D4C7
:10E5200070B5C46D496AA50501EB02051BD4E97EEF
:10E53000D0F82C21C90711BAC5F812101DD0044615
:10E540001E46FCF70DFF0146D4F82C21711AD4F8B1
:10E55000243111442046143999420ED0E97E01F04D
:10E56000FE01E97609E0D0F82C110222013962F3AC
:10E570004A24C46509BAC5F81210D0F8100100BACF
:10E58000C5F8160070BDD4D480B582B0D0E93E1273
:10E5900040F2B45300F5807C59435A43B0F866E02A
:10E5A000D0F81031D0F82C01CDE9000E604600F013
:10E5B00083FA02B080BDD4D4F0B581B044F62037E0
:10E5C0001E46C0F201270C4605463F68002F17463D
:10E5D00004D0BCB1B81900F122070DE02846FCF7C1
:10E5E000BFFEB91901F122073E18562E98BF5626D4
:10E5F00054B1A06AB04207D32846FCF7B1FE3844B4
:10E60000A0621AE040F2F25600213046FAF714FFF9
:10E6100058B107468662406A4CB1D4E9091200F04D
:10E6200003FE2046FAF778FF06E0002405E005F136
:10E630009A01562200F0F8FD3C46204601B0F0BD9C
:10E6400018B1006C08B108637047142A0BD110B5DB
:10E65000486A0C46D0F81E00FDF7A2FD2146BDE831
:10E66000104008637047002008637047D4D4D4D4A6
:10E6700010B50446D0F89400FEF7F2FD0128B8BFAB
:10E6800010BDD4F89430014604F580705A681B69B7
:10E6900000F08AFA012806DB0146D4F89400BDE8B0
:10E6A0001040FEF7EDBD10BDB0B5044608464D6AFA
:10E6B000FCF74AFE94F86D2094F83C11052A14D317
:10E6C000E26DD30711D0284422F00101E16540F248
:10E6D0000241418494F8671080F8241094F8661081
:10E6E00080F825106021817604210846B0BDD4D47D
:10E6F00070B5054608681C460E46FCF725FE44B179
:10E70000316855EA010006D000232846224600F071
:10E7100033F8204670BD43F60F6042F6793242F678
:10E720003C63C0F20120C0F20122C0F2012340F29A
:10E730001511F2F7D5FDD4D410B50446FCF704FE4C
:10E74000142805D110212046BDE8104000F06CB916
:10E75000002010BDD4D4D4D410B50446FCF7F4FD89
:10E76000142805D114212046BDE8104000F05CB902
:10E77000002010BDD4D4D4D42DE9F04F93B09246EC
:10E7800005464FF00000019071B10F460C46009312
:10E7900057F8300FA7F1080857F80C6C06F10E096E
:10E7A00006F1220BE0B913E005AC3821204604F154
:10E7B000300704F1280800F032FD05F19A060E96A4
:10E7C00056200F9005F1A80905F1BC0B0020009020
:10E7D000142228462146FFF733FF206B00287DD006
:10E7E0009DB1142228462146FFF762FE14222846D6
:10E7F00021465346FFF794FEA86C00BAC6F81E00E7
:10E8000038680068C6F81A000FE0D6F81A00D6F883
:10E810001E10D6F82620D6F82A30C6F82630C6F8BC
:10E820002A20C6F81E00C6F81A104CF654008021A3
:10E83000C2F20120B1754FEA0A21028841EA1A2189
:10E84000318211BA090C7182511C018000201422FE
:10E850004946B0823083FDF77BF9C043012200BAFC
:10E86000000C3083D8F800103046FDF791F8BBF863
:10E870000000B18CABF80010B0840AF10E00C8F8AB
:10E880000000D6F81E00029002A80DF10E0101AAA8
:10E89000FAF7AEFF01281DD1019939600DF10E0084
:10E8A000E1B181883546B180006830603868816B9D
:10E8B00045F8061F808FA8803868D0F8A40038B3C8
:10E8C000C368ABB32146009C224698477CB113B085
:10E8D000BDE8F08FB01D39680029E2D10098012809
:10E8E000F5D12046FAF718FE13B0BDE8F08FB18CD1
:10E8F000BBF80000ABF80010B188B084D6F81E0059
:10E90000C6F81A0030682860A98013B0BDE8F08FFF
:10E9100043F66C6043F2010243F2BA03C0F20120F5
:10E92000C0F20122C0F2012340F21D11F2F7D8FC1F
:10E9300043F66C6043F2010243F6CE63C0F201205D
:10E94000C0F20122C0F201234FF48F71F2F7C8FC2C
:10E9500070B584B00446806C04F140020DF10601EC
:10E9600000BA039003A8FAF743FF012850D1218F82
:10E97000B4F85830A06AA26CF3F7E6FA054600280E
:10E980004FF0000042D004F19A02E16D84F86C006F
:10E9900041F40061E16556210646104600F03FFC57
:10E9A000BDF80A00B4F85820A4F8A400DDF8060069
:10E9B000C4F8A0000820A4F8A600452084F8A80008
:10E9C0004FF45050A4F8AA004FF4D060A4F8B0005F
:10E9D000208FA16CC4F81061C4F82C5100BA09BA98
:10E9E000C4F8B41011BA000CA4F8BE004FF41470AF
:10E9F000A4F8C8002046090CA4F8BC1000F030F8B8
:10EA00002046FFF7C1FD01285FEA1F9004B070BDEA
:10EA100094F86C00013084F86C000398FBF72CF933
:10EA2000002004B070BDD4D48446406A90F82F20F2
:10EA300080F82F1091074FF0500180F82E1006D566
:10EA4000D0F8261009BA013109BAC0F8261080B5ED
:10EA50000020282200236146FFF726FC002080BD0D
:10EA6000017AC90718BF704700F002B8D4D4D4D4D3
:10EA700010B50446006C78B1A16CD0E9000209BA67
:10EA80004840104208D04FF4AF6040F2B451FDF757
:10EA9000D3F8A4F8660010BD40F2B450A4F86600A4
:10EAA00010BDD4D4D4D4D4D4401AC00F7047D4D419
:10EAB000081AC00F7047D4D410B58446DDE902E0CF
:10EAC0004FF00104CCF80040CCE9011298B1BCF839
:10EAD0005E20002A18BFACF85E00BCF85C200AB1CA
:10EAE00090420AD2B1FBF0F10246ACF85C0041431F
:10EAF000CCF8041001E0BCF85C2090B2CCF84400E3
:10EB00004FF4FA70CCE90DE00120CCF820E0CCE91C
:10EB10000333CCE9063ECCE90AEE10BDD4D4D4D4FC
:10EB20004FF0010CC0F800C0CBB1B0F85EC0BCF132
:10EB3000000F18BFA0F85E30B0F85CC0BCF1000F49
:10EB400001D063450DD2D0F804C0A0F85C30BCFB06
:10EB5000F3FC0CFB03FCC0F804C09C4601E0B0F8D9
:10EB60005CC01FFA8CF34364C0E903110262C0E980
:10EB700006124FF4FA71C0E90D21C0E90A2270476C
:10EB800080B5DDF808C04FF0000E9342CCF800E0ED
:10EB90004FF0FF3C06D303698B4202BF1144016171
:10EBA0004FF0000C604680BD836C002B4FF00003DB
:10EBB00001DD18467047B0B5D0F844C0436505463E
:10EBC000614551EA3C84416BC0E912420164F9F7A6
:10EBD00053FD2865686B234620446863BDE8B04058
:10EBE00018467047D4D4D4D4F0B581B0846C74B1D5
:10EBF0000546406D1646C1030CD5C0B2A96B01FA9B
:10EC000000F7F9F739FD296D401AB84201D2002406
:10EC10000DE0686D411C61F3070040F480306865C9
:10EC2000F9F72AFD2865286CE96CE8623160204616
:10EC300001B0F0BDD4D4D4D4806C00285FEA1F901A
:10EC40007047D4D4D4D4D4D4B0B500231360846C2A
:10EC500044B190F85630DB0706D1B0F85E0081422F
:10EC60005FEA3F931846B0BD14460546F9F704FD28
:10EC700095F85410AA6B2B6D02FA01F1C01A884264
:10EC800001D2081A20600120B0BDD4D4D4D4D4D489
:10EC9000826C52B1036A134499424FF0000102D3CF
:10ECA0008164114603620846704700207047D4D43F
:10ECB00001698069081AC043C00F7047D4D4D4D406
:10ECC000002808BF7047416A8989082901D100F0EE
:10ECD0002FB87047D4D4D4D480B550B1436ABBB1F7
:10ECE0009B89082B03D1BDE8804000F0ADB800201F
:10ECF00080BD43F28C5042F2CC1242F66103C0F266
:10ED00000120C0F20122C0F201237621F2F7E8FAD5
:10ED100043F28C5042F2CC1241F61B63C0F2012048
:10ED2000C0F20122C0F201237721F2F7D9FAD4D43C
:10ED30002DE9F04182B00446406901906A46D4E969
:10ED40000957206B009001A82946FAF751FD216B65
:10ED5000002945D0002847D001286DD1A08E60B190
:10ED60004FF6DE71A8847818E18E82B200026984C1
:10ED700040EA1220E88400202885606A44F6D831F1
:10ED8000C0F20121182210F8068F05F10E0600F0DE
:10ED90004BFAA08E08B90120E875A7F10E000027F4
:10EDA00000BA000C28826069C5F81E00206B00289C
:10EDB0001CBF0068C5F81A002046AF822F83FCF7FD
:10EDC000C3FA024600203146FCF7C2FEC0435FEAA8
:10EDD000887100BA4FEA1040288315D42F8518E0B7
:10EDE000009921630028B7D1019900200022FAF789
:10EDF000C3FD6069FDF7D4F92063E8B10198606153
:10EE00002046FAF751FF04E0A16A01222846FCF7E8
:10EE1000BFFD216B81B1D1F8A400636A8A6B898F31
:10EE20005981C3F8062050B1C36843B1012221467D
:10EE3000984702B0BDE8F0812046FAF76DFB02B0BA
:10EE4000BDE8F081D4D4D4D42DE9F041E0B3476AD1
:10EE50000446002F48D008469046266BFDF7D4FFA5
:10EE6000054600284FF00000C8F8000008BFBDE8C4
:10EE7000F0818EB1306878B12046FAF749FE01285A
:10EE800005D10120C8F800000020BDE8F081B81DC0
:10EE9000D7F81A10FAF774FEF9F78EF805F1480062
:10EEA0002146F8F76DF9F9F7E3F8686810B1012128
:10EEB000F7F7FAFF2846FAF7CFFF10B1206BFCF7FF
:10EEC00067FC0120BDE8F08143F2DF5042F6811279
:10EED00042F66103C0F20120C0F20122C0F2012318
:10EEE00040F26F11F2F7FCF943F2DF5042F6811263
:10EEF00041F61B63C0F20120C0F20122C0F20123DF
:10EF00004FF4B871F2F7ECF940B584B002AE009658
:10EF100000F004F8029A039B04B040BDB0B584B081
:10EF20000D4602A980EAE57000911C4682EAE37270
:10EF300085EAE571B0EBE57061EBE57183EAE373B7
:10EF4000B2EBE47263EBE47300F017F8DDE902233F
:10EF5000DDF820C083EAE57382EAE572B2EBE57280
:10EF600063EBE573CCE90023E21782EAE5725040D7
:10EF70005140801A914104B0B0BD2DE9F04F099D78
:10EF8000844681B1C2B14BB3B1FA81F7B3FA83F6CB
:10EF9000F71B202F4FD3002D18BFC5E900C100205B
:10EFA0000021BDE8F08FCBB30021002D64D00020FC
:10EFB000C5E900C1BDE8F08F002B60D0002861D00A
:10EFC0005F1E3B4200F08580B1FA81F7B3FA83F609
:10EFD000F71B1F2FDFD207F1010C3CE0571E3A420E
:10EFE0005DD0B1FA81F7B2FA82F6F71B07F1210C76
:10EFF000BCF1200F24D0BCF11F0F79D8CCF1200632
:10F0000020FA0CF721FA0CF901FA06F5B0403D435D
:10F010004FF0000ABCF1010F2CD07CE0B0FBF2FCF9
:10F02000002D1EBF0CFB12000021C5E900010021CC
:10F030006046BDE8F08F07F1010CBCF1200F0AD14A
:10F040004FF000094FF0200C0D464FF0000ABCF1C4
:10F05000010F0FD05FE0C7F11F0720FA0CF621FA6D
:10F060000CF901FA07F5B84035434FF0000ABCF13E
:10F07000010F50D100248FE00020BDE8F08F6046E2
:10F08000BDE8F08FB1FBF3FC002D1EBF0CFB13108D
:10F090000021C5E9001000216046BDE8F08F002D79
:10F0A0001EBF00230740C5E90073012A0ED092FA63
:10F0B000A2F24F00B2FA82F202F01F03D140D84010
:10F0C0001F23934307FA03F343EA000C6046BDE8AD
:10F0D000F08F002D1CBF07EA0100C5E900C093FABC
:10F0E000A3F0B0FA80F021FA00F00021BDE8F08F23
:10F0F000ACF12007CCF140044FF0000920FA07F6EC
:10F1000001FA04F52E4300FA04FA21FA07F5304615
:10F11000BCF1010FAED02CF001070126023F4FF0E9
:10F12000000B06EB570E4FEA490444EAD5746D0014
:10F1300045EAD0754000E743E943891843EB0708E7
:10F14000AF1A64EB0306B8F1000F56EA448457EA9D
:10F150004585640044EAD5746D0045EAD07540EAFF
:10F16000DA70AE1A6FEA050164EB030789184FEAFB
:10F1700040006FEA0401594157EA448956EA45853F
:10F18000CC0F4BEA4A010027A34640EAD170490060
:10F1900041EAD87A0FF039C85FEACC711ED06F000F
:10F1A0004FEA490147EAD07741EAD571B7EB020C43
:10F1B0004FEA400061EB030EFD4352196FEA01066E
:10F1C00053EB060240EADA705EEA41895CEA478561
:10F1D000D10F44EA4A0200270C4692464FEADA7100
:10F1E00041EA400009994FEA4A02002918BFC1E9E3
:10F1F000005940EA070122F001002043BDE8F08FEA
:10F2000040B584B002AE0096FFF7B7FE029A039BAA
:10F2100004B040BD0B4611461A4600F0F9B90A4643
:10F22000002100F0F5B9D4D4844641EA000313F07C
:10F23000030349D1403A23D30B6803604B68436012
:10F240008B688360CB68C3600B6903614B69436162
:10F250008B698361CB69C3610B6A03624B6A43624A
:10F260008B6A8362CB6AC3620B6B03634B6B436332
:10F270008B6B8363CB6BC36340304031403ADBD24E
:10F2800030320BD30B6803604B6843608B6883603C
:10F29000CB68C36010301031103AF3D20C3205D372
:10F2A00051F8043B40F8043B043AF9D2043208D048
:10F2B000D2071CBF11F8013B00F8013B01D30B88BA
:10F2C00003806046704700BF082A13D38B07B1D074
:10F2D00010F00303AED0C3F10403D21ADB071CBF46
:10F2E00011F8013B00F8013BA4D331F8023B20F8B0
:10F2F000023B9FE7043AD9D3013A11F8013B00F8E9
:10F30000013BF9D20B7803704B7843708B78837094
:10F310006046704770B581423CBF01EB020C60450E
:10F3200021D3042A11D20346002A70D012F003051B
:10F3300013D08C461C461CF8016B012D04F8016BA0
:10F3400027D1511E042A4FD261E041EA00039B07F6
:10F350002AD0034612F00305EBD18C461C46114619
:10F36000042A41D253E000EB020E042A27D273464E
:10F370006146002A4BD012F0030529D08C461C466A
:10F380001CF8016D012D04F8016D43D1A2F1010EAD
:10F3900075E04E78022D5E701ED101F1020C9C1CAE
:10F3A000911E042A20D232E0102A31D3A2F1100C8F
:10F3B0006FEA0C0313F0300F3DD10346A1E04CEA95
:10F3C0000E01890731D06146734612F00305D5D18D
:10F3D0008C461C46964652E08E7801F1030CDC1CEC
:10F3E000D11E9E70042A12D30439012202EB910E21
:10F3F000211FACF1040212F8043F01F8043F5378D6
:10F400004B7093788B70D378CB700FF00DC070BDBC
:10F410000346A3E08C461C461CF8026D022D04F83E
:10F42000026D24D1A2F1020E29E0141FE14311F074
:10F430000C0F3DD1D2E00B681CF0300F03604B681D
:10F4400043608B688360CB68C36049D00B690361FC
:10F450004B6943618B698361CB69C3610CF03003F5
:10F46000102B42D1203A00F12003203149E011F85D
:10F47000036DA2F1030E03F8036D8C461C46042AAB
:10F48000C5D3AEF10401012202EB910EACF10201F1
:10F49000221F4B78D3700B78937011F8013C537096
:10F4A00011F8023C043902F804390FF00FC0AEE73E
:10F4B0006146734651F8045D14F00C0F43F8045D87
:10F4C00000F081806146734651F8085D43F8085D9D
:10F4D00004F00C05042D7AD1083A8C469E467DE056
:10F4E00000F11003103162460BE00B6A303A036200
:10F4F0004B6A43628B6A8362CB6A3031C36200F12C
:10F500003003BCF1300F26D30E68403A1E600F2A3C
:10F510004E685E608E689E60CE68DE600E691E6119
:10F520004E695E618E699E61CE69DE610E6A1E6201
:10F530004E6A5E628E6A9E62CE6ADE620E6B1E63E9
:10F540004E6B5E638E6B9E63CE6B01F14001DE639A
:10F5500003F14003D8D8042AFFF4E6AE00249C4609
:10F560000E59151F01EB040E042D1E511AD31D193F
:10F57000DEF804606E60A2F10806042E18D3DEF8EF
:10F580000860AE60A2F10C06042E16D3103A1034B7
:10F590000CF1100CDEF80C60032AEE60E0D8234476
:10F5A0002144C1E60CF104030EF104012A46BBE636
:10F5B0000CF108030EF1080103E00CF10C030EF14D
:10F5C0000C013246B0E68C469E46224606E05CF8C8
:10F5D0000C1D0C3A4EF80C1D614673460C2CFFF4C2
:10F5E000C8AE6146734651F8046C103A43F8046C97
:10F5F000032A51F8086C43F8086C51F80C6C43F876
:10F600000C6C51F8106D43F8106DECD8B1E6D4D401
:10F6100070B4840746D0541E002A41D0CDB20346B0
:10F6200002E0621EE4B3144603F8015B9A07F8D1C6
:10F63000032C2ED9CDB245EA05250F2C45EA054508
:10F6400019D9264603F11002103E0F2E42F8105C25
:10F6500042F80C5C42F8085C42F8045C02F11002CB
:10F66000F2D8A4F1100222F00F0204F00F041032BD
:10F67000032C13440DD91E462246121F032A46F8B6
:10F68000045BFAD8221F22F00302121D134404F077
:10F6900003042CB1C9B21C4403F8011BA342FBD1E3
:10F6A00070BC704714460346C2E720F0030110F017
:10F6B0000300C0F1000051F8043B00F1040C4FEAD4
:10F6C000CC0C6FF000021CBF22FA0CF213434FF077
:10F6D000010C4CEA0C2C4CEA0C4CA3EB0C0222EA79
:10F6E000030212EACC1204BF51F8043B001DF4D00F
:10F6F000C2F1000102EA0102B2FA82F2C2F11F0273
:10F7000000EBD200704780B500F004F820F0004014
:10F7100080BDD4D4F0B50E4F00F0C2F8C25947F600
:10F720002D7CC319C4F6954C4FF22D465968C5F689
:10F730005106A2FB0C4502FB065201FB0CF1661CB4
:10F74000C65142EB0100586020F00040F0BD00BF00
:10F75000080000002DE9F041042A03D21346844634
:10F7600033B928E041EA00039B072AD013468446B8
:10F77000581EA3F10208A3F1030E00240D5D1CF82E
:10F780000460AE421AD1A04215D00CEB04070A194E
:10F7900055787E78AE4211D1A0450CD09578BE78D0
:10F7A000AE420BD1A64506D0D578FE78AE4205D143
:10F7B0000434A342E2D10020BDE8F081701BBDE813
:10F7C000F0814FF0000E044651F80E3050F80E70E4
:10F7D0009F422DD1131F01EB0E0504F1040C042BE5
:10F7E0002BD300EB0E06D5F804807768474526D169
:10F7F000A2F1080304F1080C042B22D3D5F80880E9
:10F80000B768474520D1A2F10C0304F10C0C042B7E
:10F810001DD3EF68F668BE421CD1103A0EF1100EEF
:10F820001034032AD0D800EB0E0C7144134697E72E
:10F8300000EB0E0C714413469AE7291D90E7291D31
:10F8400096E705F108018BE705F1080190E705F15E
:10F850000C0185E705F10C018AE710B540F2D011E3
:10F8600040F20802C0F20021C0F200020446FFF795
:10F87000DBFC40F2080040F20001C0F20000C0F2E0
:10F8800000012044FFF7CBFC10BD40F20801C0F29C
:10F890000001401A41F61C31C2F202210860704793
:10F8A00001480068704700001C1B0222B0B58A782E
:10F8B00092070DD5C4B24A6820460D469047B0F174
:10F8C000FF3F01DD2046B0BDA87840F00400A870DD
:10F8D0004FF0FF342046B0BD70B5054644F25C20C1
:10F8E000C0F201200468A078800714D566682878E3
:10F8F00028B12146B04701350028F8D507E00A2095
:10F900002146B047B0F1FF3FC4BF002070BDA078D2
:10F9100040F00400A0704FF0FF3070BD81B0B0B572
:10F9200089B00C464FF67111C0F2002100250191FB
:10F930004FF4003194460DAA009101190D93002C4B
:10F940000892CDE906550490CDE9025518BF481E2E
:10F9500048BF002005906846614600F011F8002C71
:10F960001CBF04990D7009B0BDE8B04001B07047EC
:10F97000D1E904239A421EBF531C0B6110707047DB
:10F980002DE9F04F99B0814680781892800740F1B8
:10F99000B58518980027D9F804808A46179011A8D1
:10F9A000821D0C92421E053010920E900D91514610
:10F9B00011F8010B252803D08A4638B900F0A0BD04
:10F9C0009AF801500AF1020A252D06D14946C0478E
:10F9D00001370028EBD500F08BBD002200244FF04A
:10F9E000000C4FF0000B04E01AF8015B002D00F052
:10F9F0002D811FFA8BF61F2E20D8A5F1200010288C
:10FA00001ED8DFE810F015001D001D0018001D00B5
:10FA10001D001D0014001D001D001D0011001D0013
:10FA2000CC001D001D00C9004BF0020B00E0DBE71D
:10FA30004BF0040BD8E74BF0100BD5E77F2E0DD819
:10FA4000A5F13000092840D8402E80F0A0800CEBB2
:10FA50008C014BF0200B00EB410CC5E7A5F14C00ED
:10FA60002E2800F2F480DFE810F08F00F200F200A0
:10FA7000F200F200F200F200F200F200F200F200F6
:10FA8000F200F200F200F200F200F200F200F200E6
:10FA9000F200F200F200F200F200F200F200F200D6
:10FAA000F200A400F2008F00F2009D00F200F200CC
:10FAB000F200F200F200F200F2002F00F200F20079
:10FAC000F200F200F2002F008EE7A5F12400562884
:10FAD00000F2BD80DFE810F08600BB00BB00BB0079
:10FAE000BB00BB007400BB00BB00BB00A400BB009C
:10FAF000BB00BB00BB00BB00BB00BB00BB00BB002E
:10FB0000BB00BB00BB00BB00BB00BB00BB00BB001D
:10FB1000BB00BB00BB00BB00BB00BB00BB00BB000D
:10FB2000BB00BB00BB00BB005800BB00BB00BB0060
:10FB3000BB00BB00BB00BB00BB00BB00BB00BB00ED
:10FB4000BB00BB00BB00BB00BB00BB00BB00BB00DD
:10FB5000BB00BB00BB00BB00BB00BB00BB00BB00CD
:10FB60006D00BB005800BB006600BB00BB00BB00C3
:10FB7000BB00BB00BB00BB005700BB00BB00BB0011
:10FB8000BB00BB0057002FE74BF4207B2CE704EBB6
:10FB9000840100EB410427E74BF0010B24E74BF015
:10FBA000080B21E70BF080004BEA800040F0800B4F
:10FBB0001AE70BF480704BEA400040F4807B13E7B7
:10FBC000002A7FF411AF17983F2E00F1040117911E
:10FBD000006832D8B0F1FF3F32DD4BF0200B00223D
:10FBE000844601E712B31898402E179017A90D9874
:10FBF0006546CDF83C90C14690465CEA348200F000
:10FC000083FC1798402E4246C84600F10401179124
:10FC10000068DDF83C9050EA358C54EA3084E3E625
:10FC20003F2E00F26D844BF0400BDDE6624600246F
:10FC30004FF0000C4FF0000BD6E600220446D3E64E
:10FC40004BF0280BC0F1000C0022CDE60025CDF8CA
:10FC50003CC03AB1189817A917900D9800F054FCC1
:10FC6000DDF83CC0002C24EAE47E45F0200048BFCB
:10FC70002BF0400B61281CBFA0F16501022925D89B
:10FC80001799612801F1070121F0070101F108022C
:10FC90001792A0EB050291ED000B0A9244D15FEAA6
:10FCA0004B6058BF4FF0FF3E11A8D2B27146764666
:10FCB00000F0C8FD451C4BF4C05B4FF0700C4FF0DA
:10FCC000010EE8B28642D8BF461E5CE0A5F1630192
:10FCD000122900F20A8108230026DFE811F035011D
:10FCE00013000601060106010601130006010601C4
:10FCF00006010601060161015D01060106010D0113
:10FD000006012E011FFA8BF15FEA0B6000F10C81F6
:10FD10001798021D17920068CA0540F10C818905E9
:10FD200054BF00B240B206E15FEA4B6158BF4FF0EA
:10FD3000060E662809D065280FD14BF4805B764605
:10FD40000EF101010023652411E04BF4005B012258
:10FD500066241121764673460AE05FEA0E61A0F13F
:10FD60000204714676464FF0000308BF01210022CD
:10FD700011A8C9B2112928BF112100F08BFF054637
:10FD80004FF0020EA446119B9DF84800A3F10A0112
:10FD900011F1130F38BF4FF0020EA3F16401089167
:10FDA00011F1C70F38BF4FF0030E0F9CC1074FD1A1
:10FDB0005FEA8B716FD41FFA8BF1202202EAC10235
:10FDC00011F0040F5FEA1F9110F00C0F45D11BF4E6
:10FDD000405F0493CDE9062140F02B82012E4FF0C5
:10FDE000010056EA80801FFA8BF12A0600F06D812F
:10FDF0000E9BEAB2134413F8013C302B40F006820C
:10FE00006B1E1A0621D02E460E9DDAB2154415F847
:10FE1000015C302D40F0F981B31E1A0615D00E9DFD
:10FE2000DAB2154415F8015C302D40F0EE81F31E76
:10FE30001A060AD00E9DDAB2154415F8015C302D71
:10FE400040F0E381351F2A06D2D100250022DDE1F2
:10FE50002D22002110F00C0FB9D000294FF0030023
:10FE600050EA1090844212DD0A9E0D465FEA0B7143
:10FE700017D4041B934620204946C047002800F1B0
:10FE8000378301370134F6D300245A460AE00024B0
:10FE90000A9E49B10FE02B22002110F00C0FDCD19B
:10FEA00095E7241A294631B910464946C04700282B
:10FEB00000F11E8301379DF8480043F61841C0F257
:10FEC0000121000742F68C30C0F2012050EA518532
:10FED0002878002800F0F982801B4946C0B2C0474C
:10FEE000013701350028F3D502E3782840F09880E7
:10FEF000C5F188032E4653E01798011D179100683D
:10FF000044F21E21C0F20121002851EA00855FEA77
:10FF10004B6058BF4FF0FF3E2846714600F06AFE26
:10FF2000DDF83CC0064617E01798890500F1868089
:10FF3000011D17910068C11788E04FF6EF700BEABA
:10FF4000000B0A2375262BE01798012611AD011D21
:10FF5000179100688DF844005FEA0B700ED4B44529
:10FF60000CD9202049466446C047002800F1C082D1
:10FF7000A4F1010C0137B445F3D8B4463744ACEBD7
:10FF80000604002E00F0A18215F8010B4946C04777
:10FF9000013E0028F5D5ABE24BF0100B102378267C
:10FFA0004FF6F9700BEA00025FEA0B600B960AD479
:10FFB0001798011D17910668D1050AD5900554BF01
:10FFC000B6B2F6B205E0179891050AD4011D179153
:10FFD0000668002156EA010008BF2BF0160278D10E
:10FFE0000FE00730154620F007000246416852F83E
:10FFF000086B17922A4656EA010008BF2BF016023A
:020000040201F7
:1000000067D100265FEA4B6062D50021012C60DADF
:100010004FF6E9700BEA00010B9D480637D467E004
:1000200025204946C047002800F1628228464946FB
:10003000C047023700287FF5BAAC59E2073020F0FC
:1000400007010A46496852F8080B179200295A46D8
:10005000CDF82CE048BF42F4806250EA010322D080
:1000600080EAE17081EAE173B0EBE17063EBE1718A
:1000700011AC22F010060A23224600F06DFB314637
:10008000061BDDF83CC0DDF82CE0480630D54FF605
:10009000FE70764500EA01002BDA002D08BF21F042
:1000A0001100714626E05FEA4B604FF0000040F11E
:1000B0009E810021012CDBDA4FF6EE70DDF83CC0AA
:1000C00000EA0B00DDF82CE014E0002500229EE0A1
:1000D000002111AC304616467546224600F03CFB26
:1000E0003146AE46DDF83CC0061B0B9D4806CED41B
:1000F000084631461FFA80FBC0060AD440F206408B
:100100001BEA000F5FEA0F9044185FEA0B7009D5F5
:1001100026E0002D4FF0010050EA009044185FEAFD
:100120000B701DD45FEACB7008D0B646644505DA83
:1001300006EB0C00A0EB040E644611E064450FDAF8
:10014000CDF82CE020204946C047002800F1D0819E
:100150000F9801340137A042F4D1DDF82CE00446B9
:100160005FEACB601BD440F206401BEA000F26D0AA
:100170005FEA8B7075464FF02B0058BF20205FEA76
:100180004B51494648BF2D20C047002800F1B0819F
:100190000137AE46F3467546B64514DC1CE0302008
:1001A0004946F346C047002800F1A28135B32846EE
:1001B0004946C047002800F19B810237DE46F346DE
:1001C0007546B64508DD30204946C047002800F195
:1001D0008F81013DB542F6DC0F985E45A0EB04042B
:1001E00056EACB800744002E00F06F8110984946F4
:1001F000805DC047013E0028F5D579E10137DE4634
:10020000F3467546B645DEDCE6E71D46049BC906A7
:1002100052EA508113F1040F08DB834206DA4BF4F3
:10022000005B8B4204DAD8430E1802E04E1E00E059
:100230000026A3F57A711FFA8BF4099424055FEA6E
:100240008B400395CDE9011C05940CD411F5FA6F90
:1002500070464FF0050198BF0420002C58BF0321C1
:1002600001EB000C03E023EAE37000F1010CDDF880
:1002700024B0002E079A4FF000050B96CBF3001127
:1002800082F0010251EA06900F9983186344CB1A59
:1002900053EAC5841BF0090F11D10A9E84B1604452
:1002A00075461044441A20204946C047002800F1F2
:1002B0001F8101370134F6D30024AE4600E00A9EC8
:1002C0000798CDF800E00028069805D14946C047B8
:1002D000002800F10D810137059800280ED5302047
:1002E0004946C047002800F10381C6F1780049461D
:1002F000C0B2C047002800F1FB8002370998000710
:100300000AD44CB1274430204946C047002800F1A8
:10031000EF80013CF7D100240998800427D49DF890
:1003200049004946C047002800F1E2800B980128A7
:1003300057DB2E204946C047002800F1D9800B9892
:10034000384400F1020B0398C5B20020471CAF42AD
:1003500002D20C99085C00E030204946C0470028D2
:1003600000F1C6800B98B8423846EFD148E00498B7
:1003700020EAE076851B0B98C0F1000B0398C0B211
:100380000F90701C06D12E204946C047002800F16E
:10039000AF8001373020002D04D40F998D42BCBFAF
:1003A0000E98405D49465E4506DDC0470135013780
:1003B000013E0028E5D59BE0C047002800F1988069
:1003C0000999781CC90640F19180002E40F08C807C
:1003D0002E204946C047B0F1FF3F40F389800237E5
:1003E00073E00998C00604D407F1010B08E000216E
:1003F0003EE62E204946C047002879D407F1020B7B
:1004000002984946801BC0B2C047002870D4049EA1
:100410002B204946002E48BF2D20C047002E48BF44
:100420007642002864D4019810F5FA6F15D844F686
:10043000D3504946C1F26200A6FB0005302000EB14
:100440009510C0B2C047002852D4A8094FF47A7161
:1004500000FB11620BF1030506E008980BF10205A1
:10046000324610F1C80F3BD848F21F504946C5F23A
:10047000EB101746A2FB0006302000EB5610C0B26E
:10048000C047002834D47009642100FB1172013583
:100490004CF6CD404946CCF6CC401746A2FB0006B0
:1004A000302000EBD600C0B2C047002820D4F008AE
:1004B000013500EB8000A7EB400202F13000494615
:1004C000C0B2C047002813D46F1C012CFFF66FAADE
:1004D00020204946C0470137013C0028F5D507E0F8
:1004E00000980228D4D2E8E70746EEE70746ECE793
:1004F00099F8020040F0040089F802004FF0FF373D
:10050000384619B0BDE8F08F022AB8BF70472DE910
:10051000F04F42F689084FF0010CC0F20108044682
:100520004FF0010E03E05F789C1C252F29D1234654
:1005300013F8015B252D01D025B90AE16778A31CCA
:10054000252F1DD11C4614F8015B252D01D025B99E
:10055000FFE05F789C1C252F13D1234613F8015B25
:10056000252D01D025B9F4E06778A31C252F07D1EC
:100570001C4614F8015B252DD5D0002DD7D1E8E01D
:100580001C464FF0000A4FF00009002604E014F862
:10059000017B002F00F0A980B346BAF11F0F0AD8E3
:1005A000A7F12005102D09D80CFA05F515EA080F5A
:1005B00040F07C8002E0BAF17F0F0AD8A7F1300545
:1005C000092D3ED80BEB8B034AF0200A05EB4306BE
:1005D000DDE7A7F14C052E2D00F288805E46DFE8AE
:1005E00015F0670085008500850085008500850081
:1005F00085008500850085008500850085008500D3
:1006000085008500850085008500850085008500C2
:1006100085008500850085008500770085006700DE
:1006200085007000850085008500850085008500B7
:1006300085002F00850085008500850085002F003E
:10064000A5E7A7F12405562D00F250800026DFE82B
:1006500005F0334D4D4D4D4D324D4D4D324D4D4DBF
:100660004D4D4D4D4D4D4D4D4D4D4D4D4D4D4D4DBA
:100670004D4D4D4D4D4D4D4D4D4D2F4D4D4D4D4DC8
:100680004D4D4D4D4D4D4D4D4D4D4D4D4D4D4D4D9A
:100690004D4D4D4D4D4D3F4D2F4D384D4D4D4D4DCB
:1006A0004D4D2C4D4D4D4D4D2C00FFE75E466EE7F8
:1006B0004AF4207AFAE76AE7B9F1000F0FD1D94678
:1006C00065E70AF080034AEA830343F0800AEDE716
:1006D0000AF480734AEA430343F4807AE6E7F34579
:1006E0007FF455AF6327F14600E00027B9F1000F12
:1006F0002FD0F14524D147F02003612B1CBF653B6F
:10070000022B05D80B68073323F00703083313E0E7
:10071000A7F16303102B0AD8DFE803F00C090909DD
:100720000909090909090909090909090C005FEA08
:100730000A6309D40B6804330EF1010E04460B6002
:100740009645FFF6F4AE04E00B685FEA8A54DAD40B
:10075000F1E7BDE8F04F70472DE9F04703F01F06C1
:10076000984691468A460546284651463246002319
:10077000FEF746FD044600FB16500F46A0EB0801AD
:10078000092888BF01F13700303089F80000A81B24
:100790007AF1000049D32046394632460023FEF75D
:1007A0002FFD054600FB16408A46A0EB08010928EC
:1007B00088BF01F13700303089F80100A01B77F1C4
:1007C000000036D32846514632460023FEF718FD76
:1007D000044600FB16500F46A0EB0801092888BF0D
:1007E00001F13700303089F80200A81B7AF10000CF
:1007F00023D32046394632460023FEF701FD054645
:1008000000FB16408A46A0EB0801092888BF01F1C9
:100810003700303089F8030009F10409A01B77F193
:100820000000A1D24846BDE8F08709F10100BDE80B
:10083000F08709F10200BDE8F08709F10309484695
:10084000BDE8F0872DE9F04F85B05AEC103B4FEA38
:10085000DA77CAF30A566FF31F5A077153EA0A048C
:1008600008BF002E0ED040F2FF75AE423CD10421ED
:10087000002C18BF0821394401710021084605B039
:10088000BDE8F08F002700234FF0000A0029076021
:1008900037D40D2937D3190F00F1050B41EA0A119E
:1008A0000491190E4FEA1A5441EA0A210391190DD5
:1008B0004FEA1A4641EA0A310291190C4FEA1A38F6
:1008C00041EA0A410191190B41EA0A5C190A41EA1D
:1008D0000A6E190941EA0A794FEA1A1103F00F0367
:1008E0004FEA1A27009180E04FF60247002ECFF61C
:1008F000FF771CBFA6F2FF370AF5801A00290760B0
:10090000C7D5002146E03326A6EB8105C5F12006B8
:1009100013274FF0020CA7EB81072CFA06F40126EF
:100920004FF0000E002F58BF0CFA07F458BF06FA1C
:1009300007FE06FA05F60CFA05F558BF002658BF63
:100940000025D5F100094FF0000868EB040C013DCB
:1009500064F100041D4004EA0A04751B7EEB0404E4
:1009600011D38C00C4F13405D4F1140423FA05F733
:10097000C5F120050AFA05F545EA070558BF2AFA28
:1009800004F5EC0702D09B194AEB0E0A03EA0903AF
:100990000AEA0C0A1F0947EA0A791F0F1D0B47EAEA
:1009A0000A1704971F0E45EA0A5C47EA0A270397CD
:1009B0001F0D1D0A47EA0A3702971F0C45EA0A6E07
:1009C00047EA0A4700F1050B13F00F0301974FEABE
:1009D0001A174FEA1A544FEA1A464FEA1A384FEAE2
:1009E0001A25009700F0B4802F46991A092B88BF6A
:1009F00001F1270303F13001817409F00F030D2188
:100A00009D1A092B88BF05F127030C2903F1300338
:100A1000437498BF0C210EF00F039D1A092B88BF59
:100A200005F127030B2903F13003037498BF0B2151
:100A30000CF00F039D1A092B88BF05F127030A2923
:100A400003F13003C37398BF0A21019B3D4603F0B5
:100A50000F039F1A092B88BF07F12703092903F108
:100A60003003837398BF0921029B03F00F039F1A81
:100A7000092B88BF07F12703082903F130034373CB
:100A800098BF0821039B03F00F039F1A092B88BF0F
:100A900007F12703072903F13003037398BF0721E8
:100AA000049B03F00F039F1A092B88BF07F127034C
:100AB000062903F13003C37298BF06210AF00F0321
:100AC0009F1A092B88BF07F12703052903F130037B
:100AD000837298BF0521009B03F00F039F1A092B17
:100AE00088BF07F12703042903F13003437298BF3D
:100AF000042105F00F039F1A092B88BF07F1270374
:100B0000032903F13003037298BF032108F00F0398
:100B10009F1A092B88BF07F12703022903F130032D
:100B2000C37106F00F0398BF02219A1A092B88BFE0
:100B300002F1270303F130028271012998BF0121DC
:100B400004F130008BF80000084605B0BDE8F08FD6
:100B500019F00F0348D10C2946D21EF00F0345D1DE
:100B60000B2943D21CF00F0342D10A2940D2019B2A
:100B700013F00F037FF46DAF0929BFF46AAF029B36
:100B800013F00F037FF473AF0829BFF470AF039B1A
:100B900013F00F037FF479AF0729BFF476AF049BFE
:100BA00013F00F037FF47FAF0629BFF47CAF1AF078
:100BB0000F037FF485AF0529BFF482AF17F00F0351
:100BC0008CD104298AD215F00F0394D1032992D233
:100BD00018F00F039CD102299AD206F00F0353EAB2
:100BE0000107A2D10021ABE72F4609E72F4614E702
:100BF0002F461FE7844639B370B500EB010C4B1E3E
:100C0000A1F1020ECC1E0022855C85B1934219D061
:100C100085186E7876B1964514D0AE786EB1944250
:100C200010D0EE7866B104329142EDD10AE000EBCB
:100C3000020C07E005F1010C04E005F1020C01E0F3
:100C400005F1030CBDE87040ACEB00007047B0B597
:100C500088B00C464FF67111C0F2002100250191B9
:100C60004FF4003100910119CDE90655002C049094
:100C7000CDE9025518BF481E48BF00200590114617
:100C800068461A46FEF77CFE002C1CBF04990D70C6
:100C900008B0B0BD2DE9F04FA1B056EC108BB246B4
:100CA000C6F30A546FF31F5AF50F58EA0A0708BF34
:100CB000002C0ED040F2FF76B44215D10821002F4F
:100CC00008BF0421002429440171204621B0BDE859
:100CD000F08FA91C017130210124417100210160B4
:100CE000204621B0BDE8F08FA4F23549002CCDE9B3
:100CF000062308F001060495CDE9081006BF4FF65B
:100D0000CC39CFF6FF790AF5801A4FEA8A0242EA17
:100D10009870002F15905FEA0F90022C5FEA2F91D8
:100D2000B9F1000F40EA01074FEA880014900596D8
:100D3000139749D4484600F021FD0546B9F1030F49
:100D400088BF013D284600F027FD0DF1580B0446F1
:100D50002846594600F00BFE1AA81CA95A460297CD
:100D6000CDE90010A5EB09002044514600F17C03B9
:100D70004046AB4600F031FC8246152D5FD8149FEB
:100D80004CF6CD46159D1EA8CCF6CC460C460090E0
:100D90003846294632464FF0CC3300F072FEDDE98A
:100DA0001E01820842EA817120F00300084440429B
:100DB000F8426AD13846294600F0F7FC58455FEA08
:100DC0003F901290002087E0C9F1000B584600F0D8
:100DD000DCFC044619F1010018BF013CABEB040B2D
:100DE000584600F0D9FC16A9054658468B4600F037
:100DF0003BFD1AA81CA95A460297CDE90010601BBA
:100E000000F17D034046514600F0E7FB04EB090B7F
:100E10008246012C1BD8089B002E069D4CF6CD4621
:100E2000CCF6CC4608D0DDE91C0201381C9062F1FA
:100E300000001D90002013900120129050E04CF60D
:100E4000CD460020CDE91200CCF6CC4646E0089B0A
:100E50004CF6CD46069DCCF6CC463E2C25D84FF020
:100E6000FF30B4F1200200FA04F758BF0027149CA9
:100E700058BF9040159A24EA070722EA0000384339
:100E80005FEA1F901290002011E0059888B913982E
:100E9000C043C01965F1000100F087FC58455FEAC6
:100EA0003F9013900020129017E0002012901390B2
:100EB00016E047F00200294600F077FCDDE91C123D
:100EC0004B1E62F10005584553EA21801C9055EAFB
:100ED00022801D900020129013902146089B069DB1
:100EE000002D0C934AD0BAF10A0071F1000001D232
:100EF000012037E000274FF00A0C02204FF0640970
:100F00004FF47A7842F2107E0A22A2FB0C4507EBDE
:100F1000870305EB4303BAEB040471EB030320D30F
:100F2000A2FB093407FB0944BAEB030371EB04038A
:100F300014D3A2FB083407FB0844BAEB030371EB9C
:100F400004030DD3A2FB0E23043007FB0E37BAEBCC
:100F5000020371EB0703D8D2013802E0013000E050
:100F60000230089B079A0BEB02073844B0EBD27FA4
:100F7000B8BFD00F834253EAB0800C90CDF80CB0CC
:100F80000DF1680B1D9C16AD9BE8000B0020159120
:100F9000149011900B902FE01599504632464FF067
:100FA000CC3316AD4FEADB04009500F06AFD1498CF
:100FB000BB46129910F0FF0FDDE916235FEA1F9080
:100FC000014008EB88001291404210994942B1EB70
:100FD000400F13995FEA1F9001401391D00840EA37
:100FE000437101EB8000AAEB4000149011988A46EF
:100FF00001301190D80815905846214632464FF0DE
:10100000CC330095CDF834B00E9400F03AFD404654
:10101000494632464FF0CC33DDE9164B0095CDE919
:101020000F9800F02EFDDDE91601E20842EA4B7749
:101030004FEAD109C00840EA4178B8EB070079EBE4
:10104000DB00A9D31599BAF10A0071F1000001D2B1
:1010500001203BE00A9700250A2202204FF00A0CEB
:1010600064274FF47A7EA2FB0C3605EB850406EB71
:101070004406BAEB030371EB060322D3A2FB073647
:1010800005FB0766BAEB030371EB060316D3A2FB5D
:101090000E3605FB0E66BAEB030371EB06030FD3A6
:1010A00042F210740430A2FB042305FB0435BAEBB2
:1010B000020371EB0503D6D2013802E0013000E0F3
:1010C00002300A9F4CF6CD46CCF6CC460C9A4AEA42
:1010D000010313435FEA1F93904203DD13B901201C
:1010E0000B905AE71398C00771D0DDF84080324664
:1010F0000F994FF0CC3316AD0095404600F0C1FC7F
:10110000DDE91610C8F10003DDF848B0CA0842EA6C
:10111000407404EB82025242B3EB420F5FD1C2082B
:10112000DDF84490DDF850C0DDE90D01904632460F
:101130004FF0CC33CDF850C0009500F0A2FC1599CB
:10114000324616984FF0CC3312905046179F0095B8
:1011500000F097FC4CF6CD4216A800902046414680
:10116000CCF6CC424FF0CC33DDE91665CDF83C80AF
:1011700000F087FCF10841EA457E14980EEB8101EE
:10118000A046ED0810F0FF0FAAEB410C5FEA1F909C
:10119000DDE916120BEA000B12984CF6CD461595B8
:1011A000CB0843EA4274C00804EB830340EA47706B
:1011B0005B4209F1010916ADF908C8F10007CCF648
:1011C000CC46D208F246B7EB430FAFD00CE00DF19E
:1011D000400BD646DDF850C09BE8000B04E0D64635
:1011E000DDF84490DDF850C0159A8EEA08010F989A
:1011F0001346424011430B9A5FEA0F911143CA070D
:10120000059900295FEA1F91002A04BF139A11EA89
:1012100002010ED05FFA8CF105295FEA0F920429D2
:1012200062EA0B025FEA9F9142EA0E0202EA010CB7
:1012300001E04FF0010C039809EB00051EEB0C00D8
:1012400043F10001B0F10A0271F1000201D2012361
:1012500038E0AE4600264FF00A0802234FF0640B38
:101260004FF47A7A42F210790A25A5FB087206EB50
:10127000860402EB4402C41B71EB02021DD3A5FBE2
:101280000B2406FB0B44821A71EB040212D3A5FB5C
:101290000A2406FB0A44821A71EB04020CD3A5FB54
:1012A0000952043306FB0926421B71EB0602DCD20D
:1012B000013B02E0013300E002334CF6CD467546B7
:1012C000CCF6CC460C9A93425FEADC82012A079A5C
:1012D0003AD1069F4FB12A441A44012AD8BF0122AD
:1012E000089F974257EAB2820C920C9A93422BDDE8
:1012F00005304CF6CD4741F10001CCF6CC47400813
:10130000013B40EAC170013510EB51024FEA510137
:1013100042F10002A2FB077626F0030707EB9607CF
:101320004FF0CC36D21B821A4CF6CD40CCF6CC40D6
:1013300061F10001A2FB000702FB06724CF6CD46EC
:10134000CCF6CC4601FB06210C9A934253EAB282BA
:101350002BB214B22344A3F10108012CC0F2348152
:1013600002F00303099ACDF84880042C02F1050924
:101370001193149402D24FF0000AA9E0E31A224418
:10138000149C02F104084FF0000A13936422002316
:1013900083460F46FDF734FF420800F0010042EAA1
:1013A000C17212EB510141F10001A1FB062323F0B0
:1013B000030202EB93020023891A4FF47A7240EA87
:1013C0004100394640F0300015905846FDF718FFAF
:1013D00042084CF6CD4642EAC172CCF6CC4612EB3E
:1013E000510100F0010041F100024FEA5B0141EAC6
:1013F000C77111EB570343F10003A3FB066525F00A
:10140000030606EB95069B1B6FF00206CB1A4CF603
:10141000CD41CCF6CC41A3FB011C01EB8105ABEB2C
:10142000450545F0300508F804598AEA0605159E79
:10143000254409F805604CF6CD46CCF6CC46A2FB17
:10144000065626F0030505EB9606A2EB06024CF6BF
:10145000CD46CCF6CC4640EA42006FF0030282EA69
:101460000A0240F03000224409F802004FF0CC306C
:101470004FEA570203FB00C062F1000202FB0600C4
:101480004A0801F0010142EAC07212EB500040F13B
:101490000000A0FB062323F0030202EB93020023CB
:1014A000801A42F2107241EA40006FF0010181EAB5
:1014B0000A0140F03000214409F80100584639463D
:1014C000FDF79EFE0AF1040A139A52457FF45EAFBF
:1014D000DDF844E0DDF84880149CBEF1000F73D0C5
:1014E00042084CF6CD4742EAC172CCF6CC4712EB2B
:1014F00051036FEA0A0543F100032544A3FB077675
:1015000026F0030707EB96074E08DB1BD31A4CF6B1
:10151000CD42CCF6CC4266F1000CA3FB0227BEF113
:10152000010F02EB8206A0EB460646F0300609F8F2
:10153000056049D04FF0CC364CF6CD4503FB067321
:101540004CF6CD47CCF6CC47CCF6CC450CFB07335C
:10155000570802F0010247EAC37717EB53034CF632
:10156000CD4743F10003CCF6CC47BEF1020FA3FBFD
:10157000077626F0030707EB9607A3EB070342EA7B
:101580004302A4EB0A0303EB090642F0300206F81B
:10159000022C19D064220023FDF732FE420800F02D
:1015A000010042EAC17212EB510141F10001A1FBBD
:1015B000052323F0030202EB9302891A40EA41005B
:1015C00040F0300006F8030C099804990171C0F846
:1015D0000080204621B0BDE8F08F2DE9F04F8BB0A0
:1015E000490041EAD07405931646D2E9002345002C
:1015F0002846214608AF009700F043FAD6E90223B7
:10160000834606A88946009028462146DDE9087AE7
:1016100000F037FA10EB0708DDE906234AEB010A70
:10162000DDE90801571C059C43F10005B8EB0000FB
:101630007AEB0100A4F1410455EA338357EA328280
:1016400096E8830017EB0807F568049445EB0A0554
:1016500010EB0B0059EB0100009457F10000CDE9AD
:10166000062345F10001571C43F10005B0EB0804C7
:1016700071EB0A04CDF80CB055EA338357EA328295
:10168000CDF8089000F01BFADDE91429169BC2E999
:10169000000143B3D6E900C1D6E902560398B8EB7E
:1016A0000505DDE906236AEB06066C1E66F10007F8
:1016B000B0EB0C000298DDF810B08841CDF800B016
:1016C00054EA358057EA3681571E63F10006B8EBBD
:1016D00000057AEB010557EA328256EA338300F0BF
:1016E000EEF95F463EE0DDE906204FEA4804D6E920
:1016F00000EC01900598D6E90276A0F14005029829
:1017000000954FEA4A05039945EAD87544EAD07432
:101710004300E71B65EB0606B7F1010B43EAD17303
:1017200066F10000DEEB410173EB0C0150EA3681FB
:101730005BEA3780B4EB0803019F75EB0A035FEAAD
:101740002F937F0043EA420347EAD2775A1E67F19C
:101750000006241A8D4152EA338256EA378300F09C
:10176000AEF9049FDDE90623C9E900014046514670
:10177000009700F0A4F90BB0BDE8F08F43F24141AF
:10178000C0F201014843800C704742F6FB61C0F291
:101790000B014843000D704749F24F31C0F212016E
:1017A0004843012101EBD04070472DE9F04F4CF642
:1017B000CD4E45F6294442F6F50A47F6D50847F6D8
:1017C000916943F2343B02460020CCF6CC4E4FF0F8
:1017D0003333CCF28F24C8F65C7AC2F2E968C3F6E0
:1017E000FB29C3F2333BA2FB0E5C4FF0CC3702FB6C
:1017F00007C7D5F1333501FB0E7773EB07072ED3FF
:10180000A2FB047502FB0A55D7F1333701FB0455DF
:1018100073EB050722D3A2FB087540F63106C1F62B
:10182000AC4602FB0655D7F1333701FB085573EB85
:10183000050716D3A2FB09754CF67066CDF2882613
:10184000043002FB065201FB0921B7EB0B0271F1D8
:1018500033323A46C7D30138BDE8F08F0130BDE8D6
:10186000F08F0230BDE8F08F2DE9F04F87B00546CC
:101870004EF64F40C4F6C4608B46A5FB0001C80875
:101880001A2100FB01F644F6F031C0F2012101EB10
:101890000010B54209D190E80E00C0688BE80E0038
:1018A000CBF80C0007B0BDE8F08FD0E9009244F609
:1018B000C041C0F201210192D0E90223A81B51F8D6
:1018C000307001EBC000446804A8009038462146FF
:1018D00000F0D7F8019B824602A88846009038465F
:1018E00021464A4600F0CDF881460191DDE902012A
:1018F000002210EB0A0758EB010842F10000012812
:1019000006D1DDE904010130049041F100000590A9
:101910002846FFF741FF04463046FFF73DFF019997
:10192000241A48463A464346009400F0C8F86FF03F
:10193000030244F6905302EA9502C0F201239A583A
:101940001E2303EA4503DA4002F003068019DDE9AD
:10195000042341F10001CBE90001384641460094DF
:1019600000F0ADF8CBE9020107B0BDE8F08F2DE93A
:10197000F04F87B08B464EF64F4105461930C4F6FE
:10198000C461A0FB0101C8081A2100FB01F644F65E
:10199000E851C0F2012101EB0010AE4209D190E8FC
:1019A0000E00C0688BE80E00CBF80C0007B0BDE855
:1019B000F08FD0E900A244F6C041C0F201210192AB
:1019C000D0E90223701B51F8307001EBC00044686D
:1019D00004A800903846214600F053F8804602A83B
:1019E0000090BAF1010201988946214660F1000396
:1019F000384600F046F804468A46DDE90201002236
:101A000010EB080751EB090842F10000012806D14C
:101A1000DDE904010130049041F1000005903046F9
:101A2000FFF7BAFE06462846FFF7B6FE361A2046EE
:101A300051463A464346009600F041F86FF00302E3
:101A400044F6D86302EA9502C0F201239A581E2395
:101A500003EA4503DA4002F003054019DDE90423F7
:101A600041F10001013041F10001CBE900013846AC
:101A70004146009600F023F8CBE9020107B0BDE82B
:101A8000F08FF0B5A2FB01CEA2FB0075A3FB011401
:101A900015EB0C05DDF814C051EB0E06294644F198
:101AA00000043246E3FB0012A3FB0003401956EB8F
:101AB000030044F10000CCE900203846F0BD10B529
:101AC000DDF808C0CCF1400ECEF1200420FA0CF075
:101AD00003FA0EF322FA04F42343DCF1200458BF86
:101AE00002FA04F302FA0EF201FA04F440EA0400E6
:101AF00058BF0022BCF1200458BF21FA04F021FA9B
:101B00000CF158BF00211043194310BD4E65747786
:101B10006F726B20646F776E3B2077616974696EBA
:101B20006720666F72204448435000504859205047
:101B300041475352205B307831465D2072656164C5
:101B4000206661696C65643A203078253038580029
:101B5000504859207265736F6C766564206C696EAD
:101B60006B3A206C696E6B3D25752C207370656532
:101B7000643D25732C206475706C65783D25730079
:101B80000D0A3D3D3D3D3D3D20417373657274201E
:101B90004572726F72203D3D3D3D3D3D007578437D
:101BA0007269746963616C4E657374696E6700284D
:101BB00020282075696E74385F74202A2029202817
:101BC00020707652657475726E2029203E3D202665
:101BD00028207563486561705B2030205D202920D6
:101BE00029202626202820282075696E74385F74E5
:101BF000202A2029202820707652657475726E2064
:101C000029203C3D202628207563486561705B20B3
:101C1000283078313030303029202D2031205D209F
:101C200029202900765175657565416464546F52A9
:101C3000656769737472790028207854696D654905
:101C40006E6372656D656E74203E203055202900EC
:101C50004E657442756653656D007078456E6450CC
:101C60006F696E742D3E626974732E6249507636C8
:101C7000203D3D20300075784F7074696F6E734C55
:101C8000656E677468203E20282028203132552058
:101C900029202B202820365520292029004672652E
:101CA0006552544F535F52656C656173655544507E
:101CB0005061796C6F616442756666657200504868
:101CC0005949443100504859494432007761697498
:101CD0005F666F725F646863705F6164647265738E
:101CE000730052323A2020307825303858002E2E9A
:101CF0002F72612F6673702F7372632F726D5F6620
:101D000072656572746F735F706F72742F706F722B
:101D1000742E630076506F7274456E7465724372F0
:101D200069746963616C00282028202820282070AD
:101D30007844656C617965645461736B4C69737444
:101D400020292D3E75784E756D6265724F66497417
:101D5000656D73203D3D202820554261736554799F
:101D600070655F74202920302029203F20282028FA
:101D70002042617365547970655F74202920312099
:101D800029203A2028202820426173655479706503
:101D90005F742029203020292029202900765461D1
:101DA000736B537769746368436F6E7465787400FE
:101DB000707842756666657220213D202828766F0E
:101DC00069642A293029002E2E2F72612F617773C2
:101DD0002F4672656552544F532F467265655254B3
:101DE0004F532D506C75732F536F757263652F466B
:101DF00072656552544F532D506C75732D5443507A
:101E00002F736F757263652F4672656552544F5319
:101E10005F536F636B6574732E630070784E6574E7
:101E2000776F726B4275666665722D3E707563459D
:101E3000746865726E657442756666657220213DD0
:101E4000202828766F69642A293029004742535296
:101E500000504859206C696E6B20697320757020A2
:101E60006265666F7265204448435020636F6D70F1
:101E70006C657465643B2072657374617274696E1D
:101E800067206E6574776F726B20696E7465726619
:101E9000616365005053503A20202020307825306F
:101EA000385800282028207078426C6F636B2D3ED4
:101EB00078426C6F636B53697A652029203C202837
:101EC000207857616E74656453697A6520292029EA
:101ED000203D3D203000707578537461636B42750E
:101EE0006666657220213D202828766F69642A295C
:101EF0003029002E2E2F72612F6177732F46726565
:101F00006552544F532F4672656552544F532F53A9
:101F10006F757263652F74696D6572732E63002E21
:101F20002E2F72612F6177732F4672656552544F61
:101F3000532F4672656552544F532D506C75732F55
:101F4000536F757263652F4672656552544F532DFA
:101F5000506C75732D5443502F736F757263652FDA
:101F60004672656552544F535F4152502E630028AC
:101F700020707849505061636B65742D3E784574CC
:101F80006865726E65744865616465722E75734626
:101F900072616D6554797065203D3D202820307850
:101FA000303030385520292029207C7C2028207092
:101FB0007849505061636B65742D3E78457468654F
:101FC000726E65744865616465722E7573467261E0
:101FD0006D6554797065203D3D202820307830367D
:101FE000303855202920290070756C4950416464AF
:101FF0007265737320213D202828766F69642A2931
:102000003029007852657475726E203D3D2028207D
:102010002820282042617365547970655F742029F7
:1020200020312029202900504859535228706167D7
:10203000652030784134332900436865636B6564FB
:10204000204572726F723A20496E737472756374B0
:10205000696F6E20427573204572726F72007563EE
:102060005356434E756D626572203C3D20330076B9
:102070005461736B506C6163654F6E556E6F726423
:10208000657265644576656E744C69737400546D51
:102090007251007078496E746572666163652D3E99
:1020A0007066496E697469616C69736520213D20B1
:1020B0002828766F69642A2930290070764275666F
:1020C00066657220213D202828766F69642A2930B0
:1020D0002900494E464F2020004448435020616467
:1020E00064726573733A20257300206174206C69F3
:1020F0006E653A202564004173736572743A20005E
:102100005343422D3E484653523A203078253038CA
:1021100058002828766F69642A29302920213D201B
:10212000705F65746865725F696E7374616E636514
:10213000002128202820785461736B47657453630D
:10214000686564756C657253746174652829203DF7
:102150003D202820282042617365547970655F74A2
:1021600020292030202920292026262028207854A4
:1021700069636B73546F5761697420213D2030206F
:1021800029202900784576656E7447726F75705303
:102190006574426974730078517565756547656E3D
:1021A0006572696353656E640050726F6365737323
:1021B00049434D505061636B6574007650726543BE
:1021C0006865636B436F6E66696773007850726F02
:1021D00063657373526563656976656455445050F1
:1021E00061636B657400424D5352286C617463687F
:1021F000656429005F5F4E5649435F4765745072BE
:10220000696F7269747947726F7570696E67282992
:10221000203C3D202838202D203429202D2031003D
:102220007076506F72744D616C6C6F630070727673
:10223000496E73657274426C6F636B496E746F465E
:102240007265654C697374002E2E2F72612F617751
:10225000732F4672656552544F532F46726565520F
:10226000544F532D506C75732F536F757263652FD8
:102270004672656552544F532D506C75732D5443FF
:10228000502F736F757263652F4672656552544F98
:10229000535F49502E6300757347656E65726174B4
:1022A0006550726F746F636F6C436865636B7375B1
:1022B0006D0078497343616C6C696E6746726F6D2F
:1022C00049505461736B282920213D202820282063
:1022D00042617365547970655F742029203020292C
:1022E000004445425547200046696C653A0050530A
:1022F000523A20307825303858000D0A3D3D3D3D9A
:102300003D3D3D3D204F746865722052656769739D
:10231000746572203D3D3D3D3D3D3D3D00282070B2
:102320007851756575652029007078556E626C6FFF
:10233000636B6564544342004672656552544F5363
:102340005F736F636B6574002E2E2F72612F617740
:10235000732F4672656552544F532F46726565520E
:10236000544F532D506C75732F536F757263652FD7
:102370004672656552544F532D506C75732D5443FE
:10238000502F736F757263652F4672656552544F97
:10239000535F5443505F49502E630053746172740D
:1023A000696E67206E6574776F726B2077697468E9
:1023B000204448435000504859202573205B307812
:1023C000253032585D2072656164206661696C65F4
:1023D000643A203078253038580052333A20203083
:1023E0007825303858000D0A3D3D3D3D3D3D3D3D91
:1023F0003D20534342205265676973746572203DE6
:102400003D3D3D3D3D3D3D3D0070785374617469F7
:10241000635175657565007848616E646C6500216F
:102420002820282078436F7079506F736974696F22
:102430006E203D3D2028202820426173655479702C
:10244000655F742029203220292029202626202873
:1024500020707851756575652D3E75784C656E6791
:10246000746820213D203120292029007654617391
:102470006B52656D6F766546726F6D556E6F7264E7
:10248000657265644576656E744C69737400707826
:1024900054696D654F7574007578496E646578543C
:1024A0006F576169744F6E203C20283129007849AC
:1024B0005049734E6574776F726B5461736B5265DC
:1024C0006164792829203D3D20282028204261731D
:1024D00065547970655F7420292030202900467288
:1024E000656552544F535F47657449505461736B2F
:1024F00048616E646C652829203D3D202828766F50
:1025000069642A293029002820282075696E7438CA
:102510005F74202A20292028207078497465726110
:10252000746F722029203E3D20262820756348655F
:1025300061705B2030205D2029202920262620285C
:1025400020282075696E74385F74202A202920287D
:102550002070784974657261746F722029203C3D47
:10256000202628207563486561705B20283078310B
:102570003030303029202D2031205D2029202900C5
:102580002820757842697473546F57616974466F77
:10259000722026202820282075696E7433325F74DB
:1025A0002029203078666630303030303055202990
:1025B0002029203D3D203000757842697473546FA6
:1025C00057616974466F7220213D20300075785044
:1025D00072696F72697479203C20283529007078FF
:1025E00052657475726E2D3E7075634574686572C0
:1025F0006E6574427566666572203D3D20282876BA
:102600006F69642A2930290049502D5461736B0089
:10261000282028202678426F756E64544350536FEB
:10262000636B6574734C69737420292D3E784C6913
:102630007374456E642E784974656D56616C75656A
:10264000203D3D20285469636B547970655F74297F
:102650002030786666666666666666554C20290098
:1026600050494E472025733A2073656E6420666199
:10267000696C65640070727644656C65746554437A
:10268000420028207563495054797065203D3D20F3
:102690002820307834305520292029207C7C20289F
:1026A000207563495054797065203D3D20282030C5
:1026B000783630552029202900784E6574776F725E
:1026C0006B4576656E745175657565203D3D2028B6
:1026D00028766F69642A2930290066756C6C00536E
:1026E00043422D3E435346523A20307825303858E5
:1026F000005053504C494D3A20307825303858001E
:1027000028202820282073697A655F74202920708A
:102710007652657475726E202920262028207369F0
:102720007A655F74202920282030783030303720B7
:10273000292029203D3D20300028207578426974E9
:1027400073546F5365742026202820282075696EE5
:102750007433325F74202920307866663030303030
:1027600030305520292029203D3D203000707854FC
:1027700061736B7357616974696E67466F72426902
:1027800074732D3E784C697374456E642E70784E68
:1027900065787420213D202820636F6E7374204C6F
:1027A0006973744974656D5F74202A202920262876
:1027B0002070785461736B7357616974696E6746F2
:1027C0006F72426974732D3E784C697374456E6400
:1027D000202900785461736B526573756D65416C87
:1027E0006C00765461736B506C6163654F6E457617
:1027F000656E744C69737452657374726963746541
:102800006400785461736B52656D6F766546726FC4
:102810006D4576656E744C697374007578496E64A5
:102820006578546F4E6F74696679203C2028312991
:102830000070785461736B42756666657220213D45
:10284000202828766F69642A293029007072764919
:102850006E697469616C6973654E65775461736BF9
:102860000070784E6574776F726B4275666665723C
:1028700020213D202828766F69642A293029002EDE
:102880002E2F72612F6177732F4672656552544FF8
:10289000532F4672656552544F532D506C75732FEC
:1028A000536F757263652F4672656552544F532D91
:1028B000506C75732D5443502F736F757263652F71
:1028C0004672656552544F535F49434D502E630025
:1028D00028202820282049505061636B65745F745C
:1028E000202A20292070756345746865726E6574AE
:1028F00042756666657220292D3E7845746865725A
:102900006E65744865616465722E75734672616D9B
:102910006554797065203D3D202820307830303076
:10292000385520292029207C7C2028202820282078
:1029300049505061636B65745F74202A20292070B0
:10294000756345746865726E657442756666657216
:1029500020292D3E7845746865726E6574486561FE
:102960006465722E75734672616D65547970652069
:102970003D3D2028203078444438365520292029F0
:10298000007850726F63657373526563656976652D
:10299000645544505061636B65745F4950763400F0
:1029A0006C6F675F7068795F726567697374657271
:1029B00073005048592072656769737465722064AA
:1029C000756D7020626567696E0047617465776137
:1029D0007920415250207265736F6C7574696F6E07
:1029E000206661696C65643A2025733B20726574CA
:1029F0007279696E670057616974696E6720666FE6
:102A000072204448435020616464726573730044CB
:102A1000484350207265636F7665727920666169FC
:102A20006C65643A206E6574776F726B20696E74A2
:102A300065726661636520697320756E6176616990
:102A40006C61626C650070785469636B73546F5786
:102A5000616974007852657475726E007078496EA1
:102A60007465726661636520213D202828766F6950
:102A7000642A293029005B25642E253033645D20CB
:102A800000424D4352006C6F675F7068795F7265FA
:102A9000676973746572002828285343425F54792C
:102AA0007065202A2920282830784530303045307C
:102AB0003030554C29202B20307830443030554C64
:102AC0002920292D3E494353522026202830783191
:102AD0004646554C202929203D3D20300078536939
:102AE0007A65203D3D2073697A656F6628205175AF
:102AF0006575655F74202900785175657565536546
:102B00006D6170686F726554616B650076546173B6
:102B10006B53657454696D654F7574537461746556
:102B20000070784E6574776F726B42756666657279
:102B30002D3E7078456E64506F696E7420213D2083
:102B40002828766F69642A29302900282078446F64
:102B50006D61696E203D3D202820313020292029DB
:102B6000207C7C20282078446F6D61696E203D3D7B
:102B70002028203220292029007072765443505298
:102B8000657475726E5061636B657400696E660082
:102B90005741524E202000313030204D627073007A
:102BA0007265736572766564005048592072656776
:102BB00069737465722064756D7020656E6400526F
:102BC000303A2020307825303858005231323A20BF
:102BD000307825303858004C523A20203078253053
:102BE00038580050433A2020307825303858002E8D
:102BF0002E2F72612F6177732F4672656552544F85
:102C0000532F4672656552544F532F536F7572633D
:102C1000652F6576656E745F67726F7570732E636E
:102C200000764576656E7447726F757044656C65A5
:102C300074650078517565756547656E6572696381
:102C4000437265617465537461746963000D0A00B1
:102C500050494E472025733A20696E76616C69644D
:102C600020646174612C207365713D2575004448B2
:102C700043502070686173653A2073656E64696EB5
:102C80006720444953434F56455200414E4152003C
:102C9000504859202573205B3078253032585D200C
:102CA0003D203078253034580076506F727453567A
:102CB0004348616E646C65725F43002E2E2F726113
:102CC0002F6673702F7372632F726D5F6672656506
:102CD00072746F735F706C75735F7463702F4E6581
:102CE00074776F726B496E746572666163652E638B
:102CF000002E2E2F72612F6177732F4672656552F9
:102D0000544F532F4672656552544F532F536F756E
:102D10007263652F706F727461626C652F4D656DA3
:102D20004D616E672F686561705F342E63002820E7
:102D30002820282073697A655F7420292070784ED6
:102D40006577426C6F636B4C696E6B20292026207F
:102D5000282030783030303720292029203D3D2070
:102D6000300075785363686564756C65725375736C
:102D700070656E646564203D3D2031550070784576
:102D800076656E744C69737400765461736B476535
:102D90006E657269634E6F746966794769766546D8
:102DA000726F6D495352007078554450536F636B86
:102DB00065744C6F6F6B7570002828766F69642A94
:102DC00029302920213D20705F6672656572746F1D
:102DD000735F706C75735F7463705F696E73746139
:102DE0006E63650070784653505F4574685F46694E
:102DF0006C6C496E74657266616365446573637279
:102E00006970746F7200525848616E646C657254D8
:102E100061736B007852657475726E20213D2028B5
:102E2000202D312029004672656552544F535F4969
:102E300050496E69745F4D756C74690028202820B4
:102E400042617365547970655F74202920302029B0
:102E50000070727644657465726D696E65536F6358
:102E60006B657453697A65001B5B324A1B5B4800D3
:102E700050485920706F72742073656C65637420BC
:102E80006661696C65643A203078253038580041B5
:102E90004E4C5041520050485920706167652030B7
:102EA000784134332073656C656374206661696CA6
:102EB00065643A2030782530385800436865636B84
:102EC0004C696E6B5374617475735461736B002835
:102ED000202820282070784C696E6B2D3E78426C3B
:102EE0006F636B53697A65202920262028202820CB
:102EF000282073697A655F74202920312029203CBD
:102F00003C202820282073697A656F662820736921
:102F10007A655F742029202A202820282073697A66
:102F2000655F742029203820292029202D20312078
:102F3000292029202920213D2030202920213D2021
:102F40003000784576656E7447726F757000785101
:102F500075657565437265617465436F756E7469F7
:102F60006E6753656D6170686F72655374617469E3
:102F700063007851756575655265636569766500AE
:102F8000707850726576696F757357616B655469B7
:102F90006D6500785461736B496E6372656D656E23
:102FA000745469636B00785461736B546F4E6F7423
:102FB0006966790070784765744E6574776F726BD7
:102FC00042756666657257697468446573637269B1
:102FD00070746F720078436865636B5265717569D0
:102FE0007265734152505265736F6C7574696F6E80
:102FF000004672656552544F535F73656E64746F1B
:103000000070727654435052657475726E506163ED
:103010006B65745F49505634003130204D627073D7
:10302000002E2E2F72612F6177732F4672656552C5
:10303000544F532F4672656552544F532F536F753B
:103040007263652F71756575652E630075785175AE
:103050006575654D657373616765735761697469FB
:103060006E6700784E6574776F726B427566666541
:103070007273496E697469616C6973650076415257
:103080005047656E657261746552657175657374DC
:103090005061636B65740076536F636B657442694E
:1030A0006E64007078536F636B657420213D202837
:1030B00028766F69642A2930290070784E65747704
:1030C0006F726B4275666665722D3E7078456E64F0
:1030D000506F696E742D3E70784E6574776F726BA9
:1030E000496E7465726661636520213D20282876EB
:1030F0006F69642A29302900776169745F666F728D
:103100005F676174657761795F61727000486172B1
:10311000644661756C74206F6363757272656420B8
:1031200062792044454255470048617264466175A2
:103130006C74206F63637572726564206279206FAE
:103140007468657220657863657074696F6E206657
:103150006F72636564003D3D3D3D3D3D3D3D3D3D00
:10316000204D535020537461636B20203D3D3D3D05
:103170003D3D3D3D3D3D00495053523A203078257C
:1031800030385800436865636B6564204572726F20
:10319000723A20446976696465204279205A6572E2
:1031A0006F00436865636B6564204572726F723AA5
:1031B00020496E76616C6964205374617465007691
:1031C000457468657249535243616C6C6261636B0C
:1031D0000076506F7274467265650028202820754D
:1031E000696E74385F74202A202920282070784C5A
:1031F000696E6B2029203E3D202628207563486596
:1032000061705B2030205D2029202920262620287F
:1032100020282075696E74385F74202A20292028A0
:103220002070784C696E6B2029203C3D2026282098
:103230007563486561705B202830783130303030FC
:1032400029202D2031205D20292029007845766510
:103250006E7447726F757057616974426974730058
:1032600070727643726561746553746174696354F6
:1032700061736B0070785443422D3E7563537461E3
:10328000746963616C6C79416C6C6F6361746564C3
:10329000203D3D202820282075696E74385F7420F9
:1032A0002920322029002E2E2F72612F6177732F53
:1032B0004672656552544F532F4672656552544F9E
:1032C000532D506C75732F536F757263652F467253
:1032D000656552544F532D506C75732D5443502FC8
:1032E000736F757263652F706F727461626C652F96
:1032F0004275666665724D616E6167656D656E7477
:103300002F427566666572416C6C6F636174696F9C
:103310006E5F322E630070785544505061796C6F47
:1033200061644275666665725F746F5F4E6574773F
:103330006F726B427566666572007078446573746F
:10334000696E6174696F6E41646472657373202184
:103350003D202828766F69642A2930290076544355
:103360005053746174654368616E676500444843F7
:10337000502070686173653A207265717565737469
:10338000696E67206F666665726564206164647249
:10339000657373202573005048592070616765205C
:1033A00030782530335820726573746F72652066EB
:1033B00061696C65643A203078253038580050488F
:1033C00059206E65676F74696174696F6E3A206524
:1033D0006E61626C65643D25752C20636F6D706C49
:1033E0006574653D25752C206C696E6B3D257500F7
:1033F000436865636B6564204572726F723A204E54
:103400006F20436F70726F636573736F72002E2E3F
:103410002F72612F6177732F4672656552544F5337
:103420002F4672656552544F532F536F7572636503
:103430002F7461736B732E6300785469636B436FF1
:10344000756E74203D3D2028205469636B5479705B
:10345000655F7420292030004E657445766E7400D7
:103460004552524F5220004672656552544F535F89
:103470004950496E697420636F6D706C6574656442
:1034800000784170706C69636174696F6E44484381
:1034900050486F6F6B00436865636B6564204572CD
:1034A000726F723A20556E616C69676E6564204177
:1034B00063636573730070784E65775175657565E4
:1034C00000212820282028207076427566666572C3
:1034D0002029203D3D202828766F69642A2930293B
:1034E00020292026262028202820707851756575EF
:1034F0006520292D3E75784974656D53697A65207C
:10350000213D2028205542617365547970655F74B0
:1035100020292030552029202900765175657565B0
:1035200044656C65746500785461736B43686563CA
:103530006B466F7254696D654F75740028202820A2
:103540002678426F756E64554450536F636B657493
:10355000734C69737420292D3E784C697374456EE1
:10356000642E784974656D56616C7565203D3D200B
:10357000285469636B547970655F742920307866CC
:1035800066666666666666554C2029002E2E2F728A
:10359000612F6177732F4672656552544F532F46E2
:1035A00072656552544F532D506C75732F536F7560
:1035B0007263652F4672656552544F532D506C757A
:1035C000732D5443502F736F757263652F46726568
:1035D0006552544F535F5544505F49502E63002E3F
:1035E0002E2F72612F6177732F4672656552544F8B
:1035F000532F4672656552544F532D506C75732F7F
:10360000536F757263652F4672656552544F532D23
:10361000506C75732D5443502F736F757263652F03
:103620004672656552544F535F5544505F4950761A
:10363000342E63005465726D696E616C0043686579
:10364000636B6564204572726F723A20556E6465D3
:1036500066696E656420496E737472756374696F10
:103660006E0076506F727456616C6964617465495E
:103670006E746572727570745072696F7269747964
:103680000070784576656E74426974730070784D89
:1036900041434164647265737320213D202828767C
:1036A0006F69642A293029002E2E2F72612F6177CD
:1036B000732F4672656552544F532F46726565529B
:1036C000544F532D506C75732F536F757263652F64
:1036D0004672656552544F532D506C75732D54438B
:1036E000502F736F757263652F4672656552544F24
:1036F000535F526F7574696E672E63003D3D3E20C7
:103700000052313A202030782530385800707851F6
:103710007565756500765461736B44656C617900FD
:10372000764448435050726F636573730078536FEB
:10373000636B657456616C69642820784448435013
:103740007634536F636B65742029203D3D2028201B
:10375000282042617365547970655F742029203197
:103760002029004672656552544F535F4669727353
:10377000744E6574776F726B496E746572666163BF
:1037800065282920213D202828766F69642A293060
:1037900029002E2E2F72612F6177732F4672656577
:1037A00052544F532F4672656552544F532D506CEF
:1037B00075732F536F757263652F4672656552542A
:1037C0004F532D506C75732D5443502F736F75727A
:1037D00063652F4672656552544F535F49505F557C
:1037E00074696C732E630045746865726E6574202D
:1037F0005048592072657365742072656C656173F9
:103800006564003232332E352E352E350047424363
:1038100052004D53503A202020203078253038581F
:1038200000436865636B6564204572726F723A206D
:103830005072656369736520646174612062757399
:10384000206572726F720042464152206973207681
:10385000616C69643A203078253038580D0A007858
:1038600052657475726E20213D2028202820282062
:1038700042617365547970655F7420292030202976
:10388000202900765461736B506C6163654F6E45FF
:1038900076656E744C6973740070784E6574776FDA
:1038A000726B4275666665722D3E78446174614C38
:1038B000656E677468203E3D2073697A656F66287F
:1038C000204152505061636B65745F742029007011
:1038D000727643726561746544484350536F636BFD
:1038E00065740078536F636B657456616C69642806
:1038F000207078536F636B65742029203D3D20282C
:1039000020282042617365547970655F74202920F6
:10391000312029007850726F636573735265636557
:10392000697665645443505061636B6574001B5B3A
:10393000306D00444843502070686173653A2075CB
:103940006E6B6E6F776E3D257500424D5352286346
:10395000757272656E74290068616C6600476174E7
:103960006577617920415250207265736F6C76657E
:10397000643A202573007851756575650076546149
:10398000736B53746172745363686564756C6572AC
:103990000075785363686564756C657253757370F0
:1039A000656E64656420213D20305500707276504C
:1039B000726F636573734E6574776F726B446F7764
:1039C0006E4576656E7400707841646472657373D9
:1039D00020213D202828766F69642A293029004556
:1039E000746865726E6574205048592072657365FD
:1039F00074206661696C65643A20307825303858E7
:103A0000005343422D3E494353523A2030782530EB
:103A10003858006170705F74687265616400784E38
:103A20006574776F726B42756666657253656D611A
:103A300070686F726520213D202828766F69642A9E
:103A400029302900707078456E64506F696E74205B
:103A5000213D202828766F69642A29302900784181
:103A60005250576169745265736F6C7574696F6EEB
:103A7000004672656552544F535F62696E64007808
:103A8000506172656E7420213D202828766F69642C
:103A90002A29302900504859203130303042617392
:103AA000652D543A206C6F63616C2066756C6C3DBB
:103AB00025752068616C663D25752C2070617274D7
:103AC0006E65722066756C6C3D25752068616C664C
:103AD0003D257500436865636B6564204572726FB0
:103AE000723A20537461636B204F766572666C6F17
:103AF0007700785461736B44656C6179556E7469B5
:103B00006C0070727650726F636573735265636593
:103B100069766564436F6D6D616E64730078497397
:103B200043616C6C696E6746726F6D495054617386
:103B30006B2829203D3D20282028204261736554B0
:103B40007970655F74202920302029002E2E2F7275
:103B5000612F6177732F4672656552544F532F461C
:103B600072656552544F532D506C75732F536F759A
:103B70007263652F4672656552544F532D506C75B4
:103B8000732D5443502F736F757263652F467265A2
:103B90006552544F535F444843502E630061707028
:103BA0005F7468726561645F656E747279005265F6
:103BB000736F6C76696E67206761746577617920D1
:103BC0004152503A20257300756C43757272656ED0
:103BD000745072696F72697479203E3D20282828DC
:103BE00028312929203C3C202838202D203429291F
:103BF00029203E3E202838202D2034290078517578
:103C000065756547656E65726963526573657400B5
:103C1000546D7220537663006E616E0050494E47BA
:103C20002025733A207265706C792C207365713D84
:103C300025752C2074696D653D256C75206D7300AC
:103C400050494E472025733A20696E76616C69644D
:103C500020636865636B73756D2C207365713D25FA
:103C6000750076506F72744578697443726974692F
:103C700063616C00657468257500282028207569CB
:103C80006E74385F74202A20292028207078426CB6
:103C90006F636B2029203E3D2026282075634865F0
:103CA00061705B2030205D202920292026262028D5
:103CB00020282075696E74385F74202A20292028F6
:103CC000207078426C6F636B2029203C3D202628B1
:103CD000207563486561705B202830783130303062
:103CE0003029202D2031205D202920290070784C9A
:103CF000696E6B2D3E70784E6578744672656542CC
:103D00006C6F636B203D3D202828766F69642A29FB
:103D1000302900707851756575652D3E7578497448
:103D2000656D53697A65203D3D2030007578536399
:103D3000686564756C657253757370656E646564EF
:103D400020213D2028205542617365547970655FBC
:103D5000742029203055002820282026282070781B
:103D60005443422D3E784576656E744C69737449B0
:103D700074656D202920292D3E7078436F6E746123
:103D8000696E65722029203D3D202828766F696480
:103D90002A293029007854696D657243726561740F
:103DA0006554696D65725461736B00765265747504
:103DB000726E45746865726E65744672616D6500F9
:103DC0004672656552544F535F726F756E645F75CE
:103DD00070006420213D20305500467265655254C4
:103DE0004F535F4D61746368696E67456E64706FB1
:103DF000696E7400707844657363726970746F7271
:103E000020213D202828766F69642A293029002E38
:103E10002E2F72612F6177732F4672656552544F52
:103E2000532F4672656552544F532D506C75732F46
:103E3000536F757263652F4672656552544F532DEB
:103E4000506C75732D5443502F736F757263652FCB
:103E50004672656552544F535F5443505F547261CC
:103E60006E736D697373696F6E2E63002E2E2F72E1
:103E7000612F6177732F4672656552544F532F46F9
:103E800072656552544F532D506C75732F536F7577
:103E90007263652F4672656552544F532D506C7591
:103EA000732D5443502F736F757263652F4672657F
:103EB0006552544F535F5443505F5472616E736D3B
:103EC000697373696F6E5F495076342E6300707842
:103ED0004E6574776F726B4275666665722D3E70C3
:103EE00078456E64506F696E742D3E70784E6574BF
:103EF000776F726B496E746572666163652D3E7093
:103F0000664F757470757420213D202828766F697E
:103F1000642A2930290050494E472025733A2074DD
:103F2000696D656F75742C207365713D257500464C
:103F3000756E6374696F6E3A20004D53504C494D55
:103F40003A2030782530385800784653505F457411
:103F5000685F4E6574776F726B496E7465726661E7
:103F60006365496E697469616C697365007578543D
:103F70006F705072696F7269747900785461736BF5
:103F800047656E657269634E6F7469667900707219
:103F90007653656E6444484350446973636F766535
:103FA000720078446F6D61696E203D3D202820329B
:103FB00020290063706B636F722D7261387031005D
:103FC00031303030204D62707300444843502073CC
:103FD00074696C6C2077616974696E673A20656CEE
:103FE00061707365643D256C75206D732C206E6562
:103FF00074776F726B55703D25752C2069703D305C
:104000007825303858000D0A3D3D3D3D3D3D3D3D54
:104010003D3D3D3D3D3D3D20496E20486172644639
:1040200061756C74203D3D3D3D3D3D3D3D3D3D3D1B
:104030003D3D3D3D00436865636B6564204572729C
:104040006F723A20496E76616C696420504300219A
:104050002820282070764974656D546F51756575F8
:1040600065203D3D202828766F69642A2930292063
:1040700029202626202820707851756575652D3EEB
:1040800075784974656D53697A6520213D20282033
:104090005542617365547970655F742029203055ED
:1040A0002029202900756C5461736B47656E657219
:1040B00069634E6F7469667954616B650078536902
:1040C0007A65203D3D2073697A656F6628205443E8
:1040D000425F742029002820707854696D65722D24
:1040E0003E7854696D6572506572696F64496E54AB
:1040F00069636B73203E2030202900654152504790
:1041000065744361636865456E7472790070784EBA
:104110006574776F726B4275666665722D3E784482
:104120006174614C656E677468203E3D2073697AE6
:10413000656F66282049434D505061636B65745F1D
:10414000742029004672656552544F535F495049A7
:104150006E6974206661696C6564004E6574776F82
:10416000726B20646F776E207768696C652072656A
:10417000736F6C76696E672067617465776179200B
:10418000415250002828766F69642A29302920215D
:104190003D207078496E7465726661636500707861
:1041A000456E64506F696E7420213D202828766F1B
:1041B00069642A2930290070756345746865726ED8
:1041C000657442756666657220213D202828766FE9
:1041D00069642A2930290028207578416464726551
:1041E000737320252034552029203D3D2030550073
:1041F000707844657363726970746F722D3E707568
:104200006345746865726E65744275666665722092
:10421000213D202828766F69642A29302900286EDC
:10422000756C6C29000000000000005454522052AC
:104230004547474553000000000000000000000013
:104240000000001122334455000000001930010223
:10425000972B0102C03F0102A02B010204000022A3
:10426000000000000100D4D40000000000000000A5
:1042700000000000A0252600000000000000000053
:1042800064420102010000000A000000DFDF0000BC
:10429000FF000000FF000000000000000000000020
:1042A0000100000000000200000000000000030008
:1042B0000000000068420102AC180022A042010286
:1042C000AC47010200000000B842010200000000FB
:1042D00004000000040000000000000014000022A0
:1042E0001A000022400000004000000040000000D2
:1042F00040000000400000004000000040000000BE
:1043000040000000400000004000000040000000AD
:10431000400000004000000040000000400000009D
:10432000400000000000000000000000000000004D
:10433000EC1800220A0000002000002238000022B1
:1043400001020C0C0001000000000C000000000045
:1043500000000000C44201022C1A0022484301025E
:104360002848010258430102020000000200000038
:104370005800002274000022AC000022DF00000080
:10438000FF000000C0220022180000000100000011
:10439000010001000000000000000000000000001B
:1043A000500000220C0C0000E40000220006000077
:1043B000DF00000000000000D11C0002000000002F
:1043C0004401002264430102E0B300229043010251
:1043D0000048010278B400225047010288480102D7
:1043E00000010000680100220F00FFFF0000000133
:1043F00001000000090200000C030C040C050C066F
:104400000000000000000000911600020000000003
:10441000E043010280B40022F44301026C47010230
:10442000040000000C000000040000000D0000006B
:104430001040000008010000040C00000A01000008
:10444000000C01150B010000000C010B0C01000019
:10445000000C010B0D010000000C010B0E0100000F
:10446000000C010B0F0100000040000000020000E2
:104470001040000001020000000C011806020000BC
:104480000000010508020000000401050902000007
:10449000000801000A020000000801000B020000F1
:1044A000000001000C020000000001000D020000ED
:1044B000000001000E020000000001000F020000D9
:1044C000000C010B00030000000C010B01030000B5
:1044D000000C010B02030000104000000303000069
:1044E000000C011804030000000C01180503000073
:1044F000000C011806030000000C0118070300005F
:10450000000C010908030000000C01180903000059
:10451000000C01180A030000000001140704000049
:104520000000011408040000400401070904000011
:10453000400401070A0400000000011F0B040000F2
:10454000104000000C040000000001040005000001
:104550000000010401050000000C010B0305000030
:10456000000C010B04050000000C010B0505000008
:10457000000C010B06050000000C010B07050000F4
:10458000000C010B08050000000C010B09050000E0
:10459000000C010B0A050000000C011C02060000C3
:1045A000000C011C03060000000C011C04060000A6
:1045B000000C011C05060000000C011C0606000092
:1045C000000C011C07060000000C010B080600008F
:1045D000000C010B09060000000C010B0A0600008C
:1045E000000C010B0B060000000C010B0C06000078
:1045F000000C010B0D060000000C010B0E06000064
:10460000050400000F060000000C0118050800005A
:10461000000C011806080000000C010B0D0800003A
:10462000000001130E080000000001130F08000035
:10463000000C011805090000000C01180609000013
:10464000000C011807090000000C011808090000FF
:10465000000C011809090000000C010B000A000001
:10466000000C010B010A0000000C010B020A000003
:10467000000C010B030A0000000C010B040A0000EF
:10468000000C010B050A0000000C010B060A0000DB
:10469000000C010B080A0000000C010B090A0000C5
:1046A000000C010B0A0A0000000C010B0B0A0000B1
:1046B000000C010B0C0A0000000C010B0D0A00009D
:1046C000000C010B0E0A00000008010B0F0A00008D
:1046D000000C011C000C0000000C011C010C00006F
:1046E000000C011C020C0000000C011C030C00005B
:1046F000000C011C040C00000004011C050C00004F
:104700000004011C060C00000004011C070C000042
:104710000004011C080C0000000C010B000D00003F
:10472000000C0115010D0000000C0115020D000028
:10473000000C0115030D0000000C0115040D000014
:1047400000080115050D000010000115070D0000FF
:10475000660000002044010200000000A6029D0245
:104760009E020303040305030603D4D4A120000220
:104770008924000299240002E92400028125000214
:1047800091250002D1250002E1250002D126000278
:10479000E1260002E92600020600000008000000F1
:1047A00003000000050000000A000000E1290002EB
:1047B000492C0002792C0002912D0002D12D00021B
:1047C000312E0002612F0002313200020800000089
:1047D00008000000100000001000000004000000AD
:1047E00004000000060000000600000006000000B3
:1047F0000800000003000000050000000A0000009F
:10480000A9330002A934000229350002093600024A
:1048100049360002B936000279380002113D000223
:10482000713D0002993D000281480002B14E000234
:104830000600000008000000030000000500000062
:104840000A000000D4D4D4D40000000084D767410B
:104850000000000084D767410000000065CD9D4145
:104860000000000065CD9D410000000064000000D4
:10487000320000006400000022000000640000001C
:104880001900000064000000195B0002315B0002A7
:10489000415B0002515B0002095C0002395C0002CE
:1048A000815C0002A95C0002E15C0002115D000273
:1048B000315D0002595D0002715D000202040304D3
:1048C0000404D4D4000000680000006800000080E8
:1048D00000000080000000700000007080010022D5
:1048E000000200220B000000FC4801021900000039
:1048F0008049010204000000C44801020000006871
:10490000000000680001000D000000680000006861
:104910000001000D00000080000000800001000880
:10492000000000800000008000010008000000700E
:10493000000000700001000A00000070000000701C
:104940000001000A00000000000000000100000556
:1049500000000020000000200100000400020022EE
:10496000000200220000000330120022201B02225D
:1049700000000003281B0222281B02220000000363
:104980000000006800000068000000900001090DB0
:1049900000000068000000680000007800010B0DB6
:1049A0000000006800000068000000270001020D00
:1049B00000000068000000685C0000020001010DBA
:1049C0000000008000000080000000900001090845
:1049D00000000080000000800000007800010B084B
:1049E0000000008000000080000000270001020895
:1049F00000000080000000805C000002000101084F
:104A00000000007000000070000000900001090A22
:104A100000000070000000700000007800010B0A28
:104A20000000007000000070000000270001020A72
:104A300000000070000000705C0000020001010A2C
:104A400000000000000000000000009001010905C6
:104A500000000000000000000000007801010B05CC
:104A60000000000000000000000000270100020517
:104A700000000000000000005C00000201000105D1
:104A80000000002000000020000000900101090447
:104A900000000020000000200000007801010B044D
:104AA0000000002000000020000000270100020498
:104AB00000000020000000205C0000020100010452
:104AC0000000002200000022000000900001090305
:104AD00000000022000000220000007800010B030B
:104AE0000000002200000022000000270000020356
:104AF00000000022720100225C000002000001039D
:104B0000201B0222281B0222D00100020000010308
:104B100001000200080010002000D4D404000000AE
:104B200000000000FFFFFFFFFFFF0000000000008B
:104B30000806000108000604000100000000000053
:104B400000000000000000000000D4D43501013D49
:104B500007010000000000003204000000003703DD
:104B6000010306FF3501033D0701000000000000BE
:104B7000320400000000360400000000FF01005E67
:104B80000000FC33330001000301005E0000FB3332
:104B900033000000FBFFFFFFFFFFFFD4D4D4D4D4C9
:104BA00005000000000000000000000001000000FF
:104BB00001000000010000000100000001000000F1
:104BC00001000000000000000000000000000000E4
:104BD00001000000000000000000000000000800CC
:104BE00045000000000000008011000000000000EF
:104BF00000000000000000000000000000000010A5
:104C00000000000000000000B9340332B7F4AD1416
:104C100010DB1AB30892540E0D307D951447BA1A62
:104C200066088F4D26ADC66DF598BF85E2B7451174
:104C3000CA96853D92BD1DEBFCA11860DCEF5216B3
:104C40003C92AE220BB8C1B4839D2D5B0562DA1C89
:104C5000304C7E8F4E8BB25B16F4529F8B56A51252
:104C6000FBD4827643ED8AF08FE7F9311565191888
:104C700050F19BD94A13EEB4284CF0A686C1251FEB
:104C8000035FC270CB9E4916E642889C44EB201419
:104C9000B0650836AD6EA58585F0CA14E2FD031A2D
:104CA0000B899979D5B13D09D8DA973A35EBCF1010
:104CB000AC363F5E73BB38CF3E6752FA44AFBA158D
:104CC00001000000000000000500000000000000DE
:104CD00019000000000000007D000000000000003E
:104CE0007102000000000000350C00000000000010
:104CF000093D0000000000002D310100000000000F
:104D0000E1F505000000000065CD1D000000000079
:104D1000F902950000000000DD0EE902000000002D
:104D2000514A8D0E000000009573C248000000003B
:104D3000E941CC6B010000008D49FD1A070000001D
:104D4000C16FF28623000000C52EBCA2B100000096
:104D5000D9E9AC2D780300003D9160E458110000C2
:104D600031D6E275BC560000F52E6E4DAEB1010095
:104D7000C9EA268367780800ED95C28F055A2A0094
:104D8000A1EDCCCE1BC2D30025A4000A8BCA2204FD
:104D90000000000000000000000000000000000013
:104DA00000000040955969595555545515555556AB
:104DB0000405154110545540455155444045504453
:104DC00050555545004000404004449665555655A1
:104DD0004540455451411540559155555555405103
:104DE00005010000D4D4D4D401000000000000006C
:104DF0000000000000000020345065C05FC9A652CA
:104E0000BB13CBAEC440C21806C8DF7100D5A87C66
:104E1000F56F0FDA58FC27136E4756357D24206551
:104E200002C7E768E48CA41DE9E60268D7CD3961C2
:104E30007977FCC2405BEF16798CDE43FFA751F90E
:104E400091F3B278F5BDBE11E857E9D6E8BEE87B2C
:104E5000B054AC8F848D751BEA23A499E9F9D38BE8
:104E6000B7A3714061DA3E15CEE33ECB73F9480833
:104E70008C97B427D51B7010A2BFEFB9EB85321504
:104E80004DB44DB49BBB6F1996B6076CF8E7EEAD09
:104E900036D9B4F59135AE13222218AF4E6A684D5B
:104EA00091DAAA3D4F40741E9FBD9EE006A1C098B6
:104EB00057C2A7FDA40E90170E7D497173E3208F92
:104EC000B220D87605143B12853D7434811343B06B
:104ED000AD297A5F27F4351C5445545445550504D3
:104EE0000010041014044000000001405555154105
:104EF0005404000044000100000000404100004450
:104F0000504445505400555554556551004000409B
:104F1000010000010005010011545151545555057F
:104F2000001541500000044010010405000000007D
:104F300000000406362E342E30004275696C742051
:104F4000776974682052656E657361732041647679
:104F5000616E63656420466C657869626C65205398
:104F60006F667477617265205061636B616765205D
:0E4F700076657273696F6E20362E342E300017
:044F8000890600029C
:0200000402C92F
:04F04000FFFFFFFFD0
:04F04400EFFFFFFFDC
:04F0C000FFFFFFFD52
:04F0C400FFFFFFFF4C
:04F1200000000000EB
:04F1240000000000E7
:04000005020067C1CD
:00000001FF
