:020000040200F8
:10000000A0040022C1550002C1530002D10A00021F
:10001000D1550002D1550002D1550002D155000240
:10002000000000000000000000000000D1550002A8
:10003000D155000200000000D1550002490A00021B
:10004000492B0002792A0002212C0002A92C00026F
:10005000713E000259400002A9410002C142000263
:10006000592100026122000271230002B133000213
:100070007134000229330002B133000271340002EE
:10008000011E000000000300090E0002290E0002FC
:0800900000000000400900001F
:1000A00083B0B0B581B0044605A840F2D045C2F295
:1000B00000250EC005AB4FF4807128462246009300
:1000C00008F017F9287878B149F63C710135C0F28B
:1000D00000210C6800BF00BF214605F0A0FE15F806
:1000E000010B08B12FF009C001B0BDE8B04003B06A
:1000F0007047D4D4D4D4D4D401460078002808BFA3
:100100007047B0B549F63C724D1CC0F2002214682D
:10011000214605F084FE15F8010B08B12FF009C047
:10012000BDE8B0407047D4D483B070B581B0044608
:1001300005A840F2D045C2F200250EC005AB4FF431
:10014000807128462246009308F0D3F849F63C71A6
:100150002878C0F200210C6850B1013500BF00BF03
:10016000214605F05CFE15F8010B08B12FF009C01F
:1001700049F6AB100226C0F20020451C0D2000BF3E
:10018000214605F04CFE15F8010B013EF8D101B0F7
:10019000BDE8704003B0704782B080B582B08C4635
:1001A0000146CDE9042304AB00206246019300F030
:1001B00007F802B0BDE8804002B07047D4D4D4D470
:1001C0002DE9F04383B00F46054602A801A99846E1
:1001D000914601F0BDFA49F6E700DDE90121C0F2E0
:1001E0000020FFF75DFF49F63C70C0F20020046874
:1001F000DFE805F00232122249F2A4700626C0F2AE
:100200000020451C442000BF214605F008FE15F8DB
:10021000010B013EF8D12EE049F649100626C0F246
:100220000020451C572000BF214605F0F8FD15F8B9
:10023000010B013EF8D11EE049F664300626C0F2FB
:100240000020451C452000BF214605F0E8FD15F8BB
:10025000010B013EF8D10EE049F24F700626C0F2C4
:100260000020451C492000BF214605F0D8FD15F8A7
:10027000010B013EF8D17FB1387848B17D1C00BF39
:10028000214605F0CCFD15F8010B08B12FF009C08F
:100290002020214605F0C3FD49F608400426C0F29F
:1002A0000020451C3D2000BF214605F0B8FD15F893
:1002B000010B013EF8D140F2D0474FF48071C2F2F9
:1002C00000274A463846434608F013F840F200003B
:1002D000C2F2002001783878D1B148B17D1C00BF4E
:1002E000214605F09CFD15F8010B08B12FF009C05F
:1002F00049F6AB100226C0F20020451C0D2000BFBD
:10030000214605F08CFD15F8010B013EF8D10BE0FC
:1003100050B17D1C00BF00BF214605F080FD15F8DF
:10032000010B08B12FF009C003B0BDE8F083D4D4AD
:1003300082B080B582B08C460146CDE9042304AB7F
:10034000032062460193FFF73BFF02B0BDE8804007
:1003500002B07047D4D4D4D42DE9F04F81B02DED44
:10036000048B82B040F251700021C0F2002001F0F5
:10037000C3FB40F281700121C0F2002001F0BCFB00
:1003800040F2B1700221C0F2002001F0B5FB40F252
:10039000D1700021C0F2002001F00EF940F20100FE
:1003A000C2F20020007801F013F949F6E850C0F2DB
:1003B000002005F05FFD49F6152049F66D61C0F299
:1003C0000020C0F2002105F040FD49F6387049F6E2
:1003D0002925C0F2002049F64E2449F2566749F219
:1003E000567B40F2D55A0668C0F20025C0F20024C0
:1003F000C0F20027C0F2002B87FF7F8CC2F2002AD8
:1004000008E000BF00BF00BF49F60B70C0F200203B
:1004100005F030FD0521284605F017FD204605F0C2
:1004200029FD384605F026FD584605F023FD3046E7
:1004300005F0CCFC814600BF304605F0C7FC0A2819
:1004400018BF10F10100F7D1A9F131000328DBD862
:10045000DFE810F00400A2008A006401D84649F6E3
:10046000037BC0F2002B49F674615846C0F20021AC
:100470002C46FFF791FE40F2D0504FF00009C2F237
:10048000002040F2D457C2F2002780F8009040F2DA
:10049000D150C2F2002080F8009040F2D250C2F257
:1004A000002080F8009040F2D350C2F2002080F883
:1004B000009001203870002001F08AF840F200001E
:1004C0004EF6C0214EF6C02245F65853C6F600003F
:1004D000C6F61A01C0F21A02C0F2030301F01CFBB7
:1004E00018B3054640F20100C2F2002087F80090E0
:1004F000007801F06DF849F6D1515846C0F200215C
:100500002A46FFF715FF254649F64E2449F256675D
:10051000C0F20024C0F20027C3467BE700BF00BF43
:1005200001204FF47A7104F007FF38780028F7D1E2
:1005300001F03AFB0028C34600F08E80054640F2E9
:100540000100C2F20020007801F042F849F6037081
:1005500049F2F461C0F20020C0F200212A46FFF700
:10056000E7FE90E000BF00BF49F6A630C0F20020D1
:1005700005F080FC49F6A33001A9C0F2002005F087
:100580009BFC012854D10198002845D4652845D307
:10059000642042E000BF00BF40F2D050C2F2002011
:1005A000007890B349F6037949F69831C0F20029F2
:1005B000C0F200214846FFF7EFFD00208AF8000056
:1005C00040F2000047F26051C6F60000C0F20D0193
:1005D00001F01EF868B149F6185102464846C0F2CB
:1005E0000021FFF7A5FE15E701204FF47A7104F012
:1005F000A3FE9AF800000028F6D049F2B8614846F8
:10060000C0F20021FFF7C8FD04E749F65C00C0F224
:10061000002005F02FFCFDE60020019040F20101D2
:10062000C2F20021087000F0D3FF00BF00BF00BF7E
:10063000304605F0CBFB0A2818BF10F10100F7D1B6
:1006400040F20100C2F20020017849F63540C0F2C4
:10065000002005F0FAFBDDE640F2D150C2F20020A6
:100660000078D0B140F20100C2F20020007800F022
:10067000AFFF49F6037049F60D41C0F20020C0F209
:100680000021FFF755FE254649F64E2449F25667EC
:10069000C0F20024C0F20027BCE64DF256704EF6C0
:1006A000C02140F001E040F20000C6F60000C6F6AE
:1006B0001A01254600BF00BF90ED001FBCFF50008F
:1006C000B1EC043FACEF522502EF5821B0FE400FD1
:1006D00022EF5001A0EC101E0FF013C040F20100F9
:1006E00040F2D052C2F20020C2F200220121007872
:1006F000117000F06DFF49F6037049F68C4145F624
:10070000585249F66D63C0F20020C0F20021C0F2D9
:100710000302C0F20023FFF73FFDB5E700200021F0
:1007200001F0EAF90020012101F0E6F900200221A0
:1007300001F0E2F90020002100F03EFF002002B0AD
:10074000BDEC048B01B0BDE8F08FD4D4D4D4D4D4A4
:1007500040F2D2500121C2F20020017040F2D35089
:10076000C2F200200078002808BF704740F2D45041
:100770000021C2F2002001707047D4D4D4D4D4D464
:1007800040F2D3500121C2F20020017040F2D25059
:10079000C2F200200078002808BF704740F2D45011
:1007A0000021C2F2002001707047D4D4D4D4D4D434
:1007B00040F2D1500121C2F20020017040F2D45029
:1007C000C2F20020002101707047D4D4D4D4D4D414
:1007D00040F2D5500121C2F2002001707047D4D4FC
:1007E00080B500F015F940F2E05CEFF3108EC2F234
:1007F000002C72B6DCE90032C0185141013041F1E1
:100800000001CCE900018EF3108880BDD4D4D4D48B
:100810007047D4D4D4D4D4D42DE9F041EFF3108868
:1008200072B600F0FDF840F2E0570446C2F200272D
:100830000D463A7E012A0ED100F0E2F848B300F0EE
:10084000EFF804460D4600F0E3F800196941441C36
:1008500041F100051DE0EFF3108672B600F0D0F80C
:10086000A8B100F0E9F800F0D3F8EFF3108272B607
:10087000D7E90035C0186941013041F10001C7E9ED
:10088000000182F3108800F0CBF804460D4686F391
:100890001088D7E900010019D7E902236941821ABB
:1008A00071EB030205DAD7E9020188F31088BDE88D
:1008B000F081C7E9020188F31088BDE8F081D4D443
:1008C0002DE9F04381B040F2E056EFF31085C2F21B
:1008D000002672B6307600F06FF8804600F0ACF873
:1008E00085F3108800F094F800F082F844F240217B
:1008F00000EE100AC0F20F01B8EE400A9FED231A75
:1009000040F2D85488425FEA2F91717680EE012A36
:10091000717E81EE000A9FED1E1AC2F200240029AA
:1009200044F6D351C1F262014FF0000702FE000A03
:10093000A0FB0101B6EE002AA0EE012A8809BDEE57
:10094000C20A86ED040A7061EFF3108972B627605F
:10095000FFF762FFBFF34F8FBFF36F8F00BFBFF38F
:100960004F8FBFF36F8F0546FFF756FF216829446D
:10097000401A206089F31088C6E90077C6E902773B
:10098000FFF746FF404601B0BDE8F08300247449FC
:1009900000008047D4D4D4D40120FFF791BFD4D431
:1009A00080B540F2E0520023C2F20022526904F006
:1009B0009DFF80BDD4D4D4D4C0B94EF21001EFF362
:1009C0001080CEF2000172B600226FF07F430A6001
:1009D0004B604EF60453CEF20003DA778A600722AA
:1009E0000A604FF00071196080F310880120704791
:1009F00040F6A040C2F2002000687047D4D4D4D49E
:100A00004EF60450CEF200000068C0F380607047DC
:100A10004EF214000021CEF2000000687047D4D4DA
:100A20004EF21400CEF2000001684068081A4FF040
:100A3000000161F1000170474EF604504FF0007163
:100A4000CEF2000001607047FFF7CABED4D4D4D400
:100A500010B540F20064A821C2F20024204605F03F
:100A6000CBF803202061606149F6C33040F2A861F1
:100A7000C0F20020A061C2F20021E1614FF4806168
:100A800021620021A1626162E16240F6A822206633
:100A90004FF0100E49F62570C2F200226266C4F8CB
:100AA00068E02167E1666167BFF35F8FC0F20020F5
:100AB0000F3000BF00BF00BF10F8011904F8011B80
:100AC0000FF007C0BFF35F8F10BDD4D4D4D4D4D4FB
:100AD00070B549F6856072B64EF62856C0F2002011
:100AE000CEF20006FFF708FB49F6AB10C0F200207B
:100AF000FFF702FB7068002807D47068400010D52B
:100B000049F68D20C0F2002003E049F67120C0F2C2
:100B10000020FFF7F1FA49F6AB10C0F20020FFF712
:100B2000EBFA49F6BA20EFF30884C0F20020FFF791
:100B3000E3FA49F6AB15C0F200252846FFF7DCFAC8
:100B400049F650102168C0F20020FFF7EDFA49F68F
:100B500046406168C0F20020FFF7E6FA49F28C6077
:100B6000A168C0F20020FFF7DFFA49F60700E1684C
:100B7000C0F20020FFF7D8FA49F65C102169C0F2F4
:100B80000020FFF7D1FA49F668106169C0F2002031
:100B9000FFF7CAFA49F67410A169C0F20020FFF706
:100BA000C3FA49F2AB70E169C0F20020FFF7BCFA6A
:100BB00049F61300C0F20020FFF79EFA2846FFF71F
:100BC0009BFA49F66A003168C0F20020FFF7ACFAE0
:100BD00049F6355056F8241CC0F20020FFF7A4FA5D
:100BE00049F267707168C0F20020FFF79DFA49F280
:100BF000B770C0F20020FFF77FFA2846FFF77CFAB3
:100C000049F6DB20EFF30581C0F20020FFF78CFAF4
:100C1000306880010BD549F6E820C0F20020FFF7CC
:100C20006BFA49F6AB10C0F20020FFF765FA3068A6
:100C3000C0010BD549F66B30C0F20020FFF75CFA1B
:100C400049F6AB10C0F20020FFF756FA3068C00238
:100C50002AD549F64750C0F20020FFF74DFA49F671
:100C6000AB10C0F20020FFF747FA49F6BA40214620
:100C7000C0F20020FFF758FA49F60F60EFF30A813F
:100C8000C0F20020FFF750FA49F2C260EFF3098189
:100C9000C0F20020FFF748FA49F67C00EFF30B8121
:100CA000C0F20020FFF740FA306800030BD549F688
:100CB0003330C0F20020FFF71FFA49F6AB10C0F244
:100CC0000020FFF719FA306840030BD549F6B460ED
:100CD000C0F20020FFF710FA49F6AB10C0F2002076
:100CE000FFF70AFA306880030BD549F60630C0F2E8
:100CF0000020FFF701FA49F6AB10C0F20020FFF721
:100D0000FBF93068C0030BD549F6CC30C0F20020A7
:100D1000FFF7F2F949F6AB10C0F20020FFF7ECF94B
:100D20003068800515D549F6C940C0F20020FFF7AC
:100D3000E3F949F6AB10C0F20020FFF7DDF93068A7
:100D4000000406D549F6EF403169C0F20020FFF7F4
:100D5000EBF93068C0050BD549F20A70C0F20020EB
:100D6000FFF7CAF949F6AB10C0F20020FFF7C4F94B
:100D700000BE70BDD4D4D4D480B540F22000802110
:100D8000C2F2002004F038FF40F6B82C4AF2A070FE
:100D900040F6BC22C2F2002CC0F20020C2F20022B7
:100DA0000023CCF80030D0E900011360BDE880409A
:100DB00001F03ABBD4D4D4D40179042923D140F62C
:100DC000BC2140F22003C2F200218068C2F200235D
:100DD0000A6898540868013008600868802801D1C2
:100DE0000020086040F6B8200968C2F200200268BE
:100DF000914208D10168013101600168802918BF62
:100E000070470021016070474AF2A071C0F20021D2
:100E100009684A6A1071486A816C8900FCD5002013
:100E20007047D4D4D4D4D4D42DE9F04182B040F664
:100E3000B82640F6BC27C2F20026C2F2002700BF47
:100E400030683968884201D100BFF9E730683968F5
:100E5000884213D238683168884240F220013068F5
:100E6000C2F200215FEA0F9401440DF1070022460F
:100E700004F0C6FE30682044306003E03068396812
:100E8000884204D19DF8070002B0BDE8F0813068C7
:100E90003968081A40F2200210F1800530685FEAD4
:100EA0000F94C0F180003168C2F200221144A042C8
:100EB0001DD230680DF10708C0F18002404604F0F1
:100EC0009FFE002D6FF07F0050EA009031680022F5
:100ED0000844316832603A68824252EA3084A8EBB2
:100EE000010040F220018030C2F20021BFE70DF185
:100EF0000700224604F084FE3068204430603068E9
:100F00008028BFD10020B7E72DE9F04F91B040F61F
:100F1000C0200021C2F200200022C1F2012205926D
:100F2000C0E90011816040F20340ADF8180040F2C2
:100F30000440ADF8200040F20540ADF8280040F232
:100F40000640ADF8300040F60650ADF8380040F2EB
:100F50000040C0F201300D900520ADF8080005A852
:100F6000CDE903010FA802A9079209920B9202F0A2
:100F7000BFFA02AB1820FF2108220125009500F0DE
:100F80002BFC58B1044649F6CE6049F61E61C0F20A
:100F90000020C0F20021FFF7CBF907E39DF80820FD
:100FA00049F6CE6049F22F71C0F20020C0F2002154
:100FB000FFF7F2F802AB1820FD210822009500F09F
:100FC0000BFC58B1044649F6CE6049F65F21C0F2E9
:100FD0000020C0F20021FFF7ABF9E7E29DF80820FE
:100FE00049F6CE6049F68B01C0F20020C0F2002124
:100FF000FFF7D2F802AB1820FE2108220127009744
:1010000000F0EAFB58B1044649F6CE6049F6BF014C
:10101000C0F20020C0F20021FFF78AF9C6E29DF875
:10102000082049F6CE6049F60751C0F20020C0F210
:101030000021FFF7B1F843F20100ADF8140005A953
:101040001820022200F07CFC58B1044649F6CE601C
:1010500049F6F201C0F20020C0F20021FFF768F962
:10106000A4E202AB1820012108220127009700F01A
:10107000B3FB58B1044649F6CE6049F61211C0F2EE
:101080000020C0F20021FFF753F98FE29DF81520F0
:101090009DF80830934240F0808005AC0220ADF806
:1010A000140018200222214600F04AFC41F20300FD
:1010B000ADF8140018200222214600F041FC42F253
:1010C0001640ADF8140018200222214600F038FC2A
:1010D00041F20400ADF8140018200222214600F06D
:1010E0002FFC0520ADF8140018200222214600F044
:1010F00027FC0B20ADF8140018200222214600F036
:101100001FFC0C20ADF8140018200222214600F02C
:1011100017FC41F61070ADF8140018200222214689
:1011200000F00EFC47F61170ADF8140018200222F2
:10113000214600F005FC0020ADF814001820022222
:10114000214600F0FDFB02AB1820002108220127F8
:10115000009700F041FB9DF8082049F6CE6049F663
:101160002331C0F20020C0F20021FFF715F84AF247
:101170000070C0F20020C079012817D149F6CE6076
:1011800049F68011C0F20020C0F20021FFF704F8F8
:101190009DF8080020F0400016E049F6CE6049F6C0
:1011A000E011C0F20020C0F20021FCE149F6CE605F
:1011B00049F65241C0F20020C0F20021FEF7ECFFD8
:1011C0009DF8080040F0400005AD44F200448DF861
:1011D000080000218DF814108DF815001820022247
:1011E0002946C0F2AC0400F0ABFB43F60170ADF849
:1011F000140018200222294600F0A2FB49F6407094
:101200004AF64441C0F2002000F111074B2004E0EF
:10121000013807F1140700F0BB8157F80D2C8A4202
:10122000F6D157F8112CA242F2D102AB18200221BC
:1012300008224FF00109CDF80090022500F0CCFA09
:101240009DF8080017F8091C17F8082C002400F076
:101250000700023A40EA4110D1B2203806294FF087
:10126000000204D84AF21C52C0F20022525C8DF8EF
:10127000145005AD10438DF808008DF815001820A6
:101280000222294600F05CFB17F8070C05218DF8B7
:10129000141017F8061C6FF00F0217F8056C02EB1C
:1012A0000010013917F804AC022208438DF815002C
:1012B0001820294600F044FB0DF1080B18200321EB
:1012C00008225B46CDF800904FF0030800F084FA46
:1012D0009DF8080017F8011C02228DF8148000F018
:1012E000800040EA861008438DF815001820294632
:1012F00000F026FB1820042108225B46CDF8009060
:10130000042600F069FA9DF80800397802228DF869
:10131000146000F0800008438DF81500182029465D
:1013200000F00EFB1820072108225B46CDF8009044
:10133000072600F051FA9DF80800022229468DF890
:10134000146000F0C00040EA0A008DF81500182073
:1013500000F0F6FA17F8030C08218DF814108DF838
:10136000150018200222294600F0EAFA182006216A
:1013700008225B46CDF800904FF0060A00F02CFAE8
:101380009DF8080017F8021C8DF814A0022200F046
:10139000E000132938BF013908438DF815001820E3
:1013A000294600F0CDFA41F21300ADF814001820E0
:1013B0000222294600F0C4FA40F61B20ADF81400C2
:1013C00018200222294600F0BBFA46F61C20ADF890
:1013D000140018200222294600F0B2FA18204421F5
:1013E00008225B46CDF8009000F0F6F949F6CE6889
:1013F0009DF80820C0F2002849F2D161C0F2002116
:101400004046FEF7C9FE40F64400ADF8140018202F
:101410000222294600F094FA4520ADF81400182065
:101420000222294600F08CFA40F60940ADF814007B
:1014300018200222294600F083FA40F60A40ADF84F
:10144000140018200222294600F07AFA41F61420EE
:10145000ADF8140018200222294600F071FA40F27B
:101460000D10ADF8140018200222294600F068FA89
:101470000A204FF47A7103F05FFF182002222946F8
:101480008DF815A000F05CFA18200E2108225B46AA
:10149000CDF800900E2600F09FF99DF8082049F243
:1014A000DA71C0F200214046FEF776FE9DF8080092
:1014B000022229468DF8146000F09F008DF8150077
:1014C000182000F03DFA44F21500ADF81400182081
:1014D0000222294600F034FA4BF61770ADF81400DA
:1014E00018200222294600F02BFA4FF48970ADF83B
:1014F000140018200222294600F022FA4BF632701E
:10150000ADF8140018200222294600F019FA44F61A
:101510003700ADF8140018200222294600F010FA16
:101520001820002108225B46CDF8009000F054F905
:101530009DF8082049F64001C0F200214046FEF720
:101540002BFE9DF80800022229468DF8144040F039
:1015500080008DF81500182000F0F2F964204FF497
:101560007A7103F0E9FE4AF22470C0F20020D0E95B
:10157000000100F0CDFB4AF2F060C0F20020D0E99B
:101580000051284602F078FF284603F0E1F90DE00B
:1015900049F6CE6049F69751C0F20020C0F2002112
:1015A0004AF644422346FEF7C3FE0124204611B00A
:1015B000BDE8F08FD4D4D4D440F6C023C2F20023C7
:1015C00053F8212043F8210010467047D4D4D4D4D6
:1015D00080B582B0BF2141F27B42414363284FF086
:1015E00032004FEA910102FB01F14FF002024FEA93
:1015F000514188BF6FF040018DF806008DF807104B
:101600000DF10601182000F09BF902B080BDD4D482
:1016100070B540F6CD260C46C2F20026054632785B
:10162000012A09D100BF00BF0A20012103F084FE76
:10163000307808B12FF009C04AF224702946C0F270
:1016400000202246006800F077FC044660B149F6AD
:10165000655049F2EE71C0F20020C0F2002122462E
:10166000FEF766FE204670BD01203070204670BD3A
:101670000079E8B102280BD001282BD140F6C02018
:1016800040F6CD21C2F20020C2F20021806808E0BD
:1016900040F6C02040F6CC21C2F20020C2F2002168
:1016A000406800284FF000020A7008BF70470047EA
:1016B00040F6C02040F6CD21C2F2002040F6CC23F7
:1016C000C2F20021C2F200230068002200280A7042
:1016D0001A70ECD17047D4D40020FFF7F1F8FFF76F
:1016E000B7F9FFF749FB49F60D20C0F2002004F0DE
:1016F000C1FB49F61350C0F2002004F0BBFB00F020
:1017000053F8FFF701FC00F08FF9FEF725FE4AF2CF
:101710002450C0F2002004684FF485710122204655
:1017200001F0AEFF4FF4FA704FF47A7103F004FE4B
:101730004FF485710022204601F0A2FF4FF4FA70A9
:101740004FF47A7103F0F8FDE6E7D4D4D4D4D4D4BE
:10175000F0B581B00C460546FFF75EF8FFF720F9BB
:101760004FF47A72002306464FF47A7704F0BEF8FD
:1017700000FB17612860216001B0F0BDD4D4D4D43F
:10178000022818BF704780B540F6DC204AF6542185
:10179000C2F20020C0F2002101F0AAFE0120BDE843
:1017A000804003F0A5BED4D410B54AF26070C0F2F8
:1017B0000020D0E9000102F0B7F8044649F6755060
:1017C00049F68B31C0F20020C0F200212246FEF71C
:1017D000E3FC204610BDD4D42DE9F04182B01C4674
:1017E0000D460146082A18BF102A55D140F6883008
:1017F0004AF26076C2F20020C0F2002640688842B9
:1018000005D030681746012202F002F93A4640F648
:10181000CE27082AC2F200274FF00000387001D10D
:10182000012204E0280A8DF8075002220546366896
:101830000DF10601012330468DF8065002F0C4F880
:1018400060B1054649F2E56049F29861C0F20020B6
:10185000C0F200212A46FEF76BFD4AE0DDF8208049
:101860006FF0C70500BF00BF3878410721D4C0071B
:1018700032D101204FF47A7103F05EFD0135F3D3CC
:1018800049F2E56049F28F71C0F20020C0F20021F8
:10189000FEF74EFD00252CE049F2E56049F6941173
:1018A000C0F20020C0F200212A46FEF741FD0625C5
:1018B0001FE000203870002330462146424602F0E7
:1018C0007BF8D0B1054649F2E56049F6AE11C0F2A9
:1018D0000020C0F20021BDE749F2E56049F697011A
:1018E000C0F20020C0F20021FEF722FD387800F09F
:1018F0000105284602B0BDE8F0816FF0C70400BFC3
:1019000038788107C6D4C0070FD101204FF47A710F
:1019100003F012FD0134F3D349F2E56049F67E513C
:10192000C0F20020C0F20021B2E749F2E56049F6BA
:10193000DA61C0F20020C0F20021D5E7D4D4D4D4BB
:1019400070B540F688360346C2F2002670689842A9
:101950004AF26070C0F20020046808D015460122E7
:1019600020460E46194602F053F831462A4640F604
:10197000CE250020C2F2002501232870204602F067
:1019800023F868B1044649F6360049F29861C0F27E
:101990000020C0F200212246FEF7CAFC204670BD9E
:1019A0006FF0C70400BF00BF2878410712D4C007FA
:1019B00012D101204FF47A7103F0BEFC0134F3D34D
:1019C00049F6360049F28F71C0F20020C0F20021C2
:1019D000FEF7AEFC002070BD49F6360049F69701CF
:1019E000C0F20020C0F20021FEF7A2FC287800F02F
:1019F000010070BDD4D4D4D400790138C1B2022919
:101A000088BF704740F6CE22C00040F20121C2F2EA
:101A10000022C0B2C0F2040121FA00F0117808439C
:101A200010707047D4D4D4D4B0B58AB040F6D0206A
:101A30000021C2F200200022C1F601320492C0E966
:101A40000011816040F20150ADF8140040F60B0027
:101A5000ADF81C000220ADF8040004A8CDE9020195
:101A600008A801A9069201F043FD4AF26C60C0F299
:101A70000020D0E90051284601F076F948B104462B
:101A800049F26D6049F6AA01C0F20020C0F20021BF
:101A900029E04AF2C850C0F20020D0E9000101F06C
:101AA00063F948B1044649F26D6049F27971C0F2B8
:101AB0000020C0F2002116E048F61230012103F0A8
:101AC0003BFC002141F28832CFF6F871284601F044
:101AD000BFFA70B1044649F26D6049F63261C0F256
:101AE0000020C0F200212246FEF722FC20460AB068
:101AF000B0BD0024FAE7D4D4022901D900207047F0
:101B000040F6D0230246C2F2002353F8210043F8E6
:101B100021207047D4D4D4D42DE9F0414AF26C6529
:101B20008846C0F2002501461E4617462D68284605
:101B300001F0B6F970B1044649F6CD1049F6ED61F1
:101B4000C0F20020C0F200212246FEF7F1FB204641
:101B5000BDE8F0814AF2C8504146C0F200203A4642
:101B60003346006801F09CF9D0B1044649F6CD1027
:101B700049F6F131C0F20020C0F200212246FEF702
:101B8000D7FB284601F034FA0028E0D0024649F697
:101B9000CD1049F64461C0F20020C0F20021D4E724
:101BA0000020BDE8F081D4D410B54AF26C60C0F2D8
:101BB0000020006801F01CFA4AF2C8510446C0F245
:101BC0000021086801F014FA44B149F6D71049F62B
:101BD0006541C0F20020C0F200210AE070B149F670
:101BE000D71249F27661C0F20022C0F20021044609
:101BF00010462246FEF79CFB204610BD002010BD7B
:101C000080B50179032924D0022916D0012934D1C5
:101C100049F67A4049F66261C0F20020C0F2002124
:101C2000FEF7BAFA40F6D020C2F200200068002881
:101C300008BF80BDBDE88040004749F67A4049F6BC
:101C4000D101C0F20020C0F20021BDE88040FEF7C3
:101C5000A3BAC28849F67A4049F23D71C0F2002029
:101C6000C0F20021FEF764FB40F6D020C2F2002053
:101C7000806810B1BDE88040004780BDD4D4D4D482
:101C800080B50179032924D0022916D0012934D145
:101C900049F6513049F66261C0F20020C0F20021DD
:101CA000FEF77AFA40F6D020C2F200204068002801
:101CB00008BF80BDBDE88040004749F6513049F675
:101CC000D101C0F20020C0F20021BDE88040FEF743
:101CD00063BAC28849F6513049F23D71C0F2002022
:101CE000C0F20021FEF724FB40F6D020C2F2002013
:101CF000806810B1BDE88040004780BDD4D4D4D402
:101D000080B5FFF7E9FC002080BDD4D4D4D4D4D46E
:101D10002DE9F0410A680B7904464DF20000C4F247
:101D20002500002B00EB02201A4618BF0222012BCF
:101D300052EA1382C4E901104EF200102277CEF26B
:101D4000000091F921708A7F002F4FEA021203D41C
:101D5000C31983F8002306E04EF6145607F00F036C
:101D6000CEF200069A5540F6544C4CF20032C2F2C4
:101D7000002CC4F2000207F01F034CF8274052F871
:101D8000276026F4803642F8276052F827607E09E3
:101D90000127BFF35F8F00EB860507FA03F3C5F851
:101DA000803140F8263091F92060002E1AD40B7F44
:101DB00085191B0185F800334CF8264052F826306F
:101DC00023F4803342F8263052F82630730906F0A7
:101DD0001F06BFF35F8F00EB8305B740C5F8807126
:101DE00040F8237091F91F70002F1CD44B7FC61947
:101DF0001B0186F800334CF82740012652F82730A3
:101E000023F4803342F8273052F827207A0907F06C
:101E10001F07BFF35F8F00EB820306FA07F7C3F8D3
:101E2000807140F822704879CA790B790004D5078F
:101E300040EA82309F1E40EAC346042F38BF06F5B1
:101E40000076012A4FF0000010D18A698F794FF097
:101E5000000813785278002F4FEA021242EA837288
:101E600046EA020608BF4FF4807801E04FF0000810
:101E70000A6922624969C4E909010120EFF3108768
:101E800080F3108861680968C1F10801884043F255
:101E90000801C4F220010A6822EA0000086008680C
:101EA0001E20012103F048FA87F3108845F48031A1
:101EB000A0680660A0680161A0680561A06800BF15
:101EC0000169A942FCD140F601714162A16845F265
:101ED00049320020C0F25302C1F820802260BDE8E0
:101EE000F081D4D4D4D4D4D4014680684FF6FC73A6
:101EF0000268CCF2FF131A4002F100720260886897
:101F0000026922F00C020261D1E90102C079C00726
:101F1000106100200022C1E90322C1E905227047B7
:101F2000826801F00101106820F00803002043EAF4
:101F3000C10111607047D4D480B5037FD0F808C0C8
:101F4000DA40C0E90312DCF8041089000DD4DCF893
:101F500000E05FEA8E721FD45FEACE7203D1DCF834
:101F60000420920103D4082080BD0D2080BDDCF840
:101F7000102042F00303CCF8103083681A618368A4
:101F800019699142FCD142F00801196180684EF054
:101F9000005141F002010160002080BDD4D4D4D4AE
:101FA00080B5037FD0F808C0DA40C0E90512DCF83C
:101FB000041049010DD4DCF800E05FEACE721FD1B5
:101FC0005FEA8E7203D4DCF80420920103D4082067
:101FD00080BD0C2080BDDCF8102042F00303CCF85B
:101FE000103083681A61836819699142FCD142F00C
:101FF0000401196180684EF0806141F001010160C7
:10200000002080BDD4D4D4D480B590F81CC023FA6D
:102010000CF3D0F808C0C0E90313C0E90523DCF8CD
:1020200004108A000ED449010ED4DCF800E00EF052
:102030000302032A0AD01AB9DCF80420920107D45B
:10204000082080BD0D2080BD0C2080BD002080BDFB
:10205000DCF8102042F00303CCF8103083681A61DA
:10206000836800BF00BF00BF19699142FCD142F0F4
:102070000C01196180684EF0105141F003010160BC
:10208000002080BDD4D4D4D4806842680020C2F33C
:1020900040620A707047D4D48168002202604EF218
:1020A000801C0A60CEF2000C81680A61012241683E
:1020B00091F921104B0901F01F0102FA01F14CF8CE
:1020C0002310BFF34F8FBFF36F8F436893F9201036
:1020D00000290BD44B0901F01F0102FA01F14CF861
:1020E0002310BFF34F8FBFF36F8F436893F91F1017
:1020F00000290BD44A0901F01F01012303FA01F161
:102100004CF82210BFF34F8FBFF36F8F10B5012132
:10211000EFF3108481F3108843F208024068C4F2A0
:10212000200200681368C0F1080001FA00F01843AB
:10213000106010681E2003F0FFF884F31088002060
:1021400010BDD4D4D4D4D4D4844601620020CCE9C8
:1021500009327047D4D4D4D410B582B04FF0704156
:10216000EFF3038001EB006040F654414CF2003283
:102170008015C2F20021C4F200020C58815821F4EB
:10218000803181508058D4E90302002844D0A168EE
:102190004969C1F30561C1F12003217F9A4252EAE6
:1021A000338202290CD1022142F027C000BF00BFB8
:1021B000A16850F8043B8B610FF007C0217FE068F5
:1021C00001290DD1012142F017C800BF00BF00BF97
:1021D000A16830F8023B0B830FF007C0217FE06855
:1021E00052B149B942F001E0A16810F8013B0B7609
:1021F0000FF007C0217FE06802FA01F32169891A14
:102200001844C4E9030122B1A06841690121416178
:10221000216921B102B010BD002AFBD101E00020EC
:10222000E060A068406900F07C50B0F1805FF1D9B7
:10223000606A20B1D0E90012CDE9001200E06846E2
:1022400001210171A16A0160216A8847606A002842
:102250001CBFDDE90012C0E9001202B010BDD4D4E9
:1022600010B582B04FF07041EFF3038001EB0060D6
:1022700040F654414CF200328015C2F20021C4F203
:1022800000020C58815821F48031815080586069D7
:1022900030B1204600F01CF8A06908B102B010BDB2
:1022A000606A20B1D0E90012CDE9001200E0684672
:1022B00002210171A16A0160216A8847606A0028D1
:1022C0001CBFDDE90012C0E9001202B010BDD4D479
:1022D00080B5816849698369C1F30522017F934212
:1022E00053EA328C02290AD102214CF029C04169FB
:1022F0008368DB6941F8043B0FF007C0017F0129C7
:102300000DD101214CF01BC8416900BF00BF00BFC7
:1023100083689B8B21F8023B0FF007C0017FBCF163
:10232000000F0CD059B941694CF001E000BF00BF6B
:1023300083681B7F01F8013B0FF007C0017F0CFA97
:1023400001F3D0E90521A1EB0C01BCF1000F1A4407
:10235000C0E9052105D081684A694FF480324A619D
:102360008169002918BF80BD0021416180BDD4D49E
:10237000B0B582B04FF07041EFF3038001EB006025
:1023800040F654428115C2F2002205165458A16845
:102390004A6890014FF0000048601ED4606910B197
:1023A0002046FFF795FFA0684FF6FC72CCF2FF12B3
:1023B0000168114001F100710160A068016921F01C
:1023C0000C0101616068A168C079C0070861002044
:1023D000C4E90300C4E9050018E0A068016821F021
:1023E00000710160606A20B1D0E90012CDE90012ED
:1023F00000E0684600210171A16A0160216A8847F6
:10240000606A18B1DDE90012C0E900124CF2003038
:10241000C4F2000050F8251021F4803140F8251056
:1024200050F8250002B0B0BD2DE9F0470D460978FF
:1024300048F200020446C4F2350202EB0120606259
:10244000002020702562A2786969A162A969C4E9A7
:102450000B0122F00300D5F81C80411CA1706978A3
:1024600011B940F00200A07095F90B204EF200194E
:10247000CEF200090126500902F01F034CF2003A87
:10248000A97A09EB800006FA03F3C4F2000A4EF6BB
:10249000185CC0F88030CEF2000CBFF34F8FBFF352
:1024A0006F8F5AF82230002A23F480334AF8223002
:1024B0004FEA01115AF8223004D409EB020383F8E1
:1024C000001304E002F00F03634403F8041C40F619
:1024D00054410120C2F2002141F8224095F9052023
:1024E000530902F01F06B0402E7909EB8303002A3E
:1024F000C3F880004FEA0613BFF34F8FBFF36F8F0F
:102500005AF8220020F480304AF822005AF82200BB
:1025100004D409EB020080F8003304E002F00F005D
:10252000604400F8043C41F82240012695F9072058
:10253000500902F01F0306FA03F3AE7909EB80009D
:10254000002AC0F880304FEA0613BFF34F8FBFF365
:102550006F8F5AF8220020F480304AF822005AF88F
:10256000220004D409EB020080F8003304E002F0FA
:102570000F00604400F8043C41F82240012695F920
:102580000920500902F01F0306FA03F32E7A09EB23
:102590008000002AC0F880304FEA0613BFF34F8F47
:1025A000BFF36F8F5AF8220020F480304AF82200DF
:1025B0005AF8220004D409EB020080F8003304E04A
:1025C00002F00F00604400F8043C41F82240012072
:1025D000EFF3108680F3108828784FF0004121FA3D
:1025E00000F043F20401C4F220010A6822EA00006C
:1025F000086008681E20012102F09EFE86F3108804
:102600004FF48061606A4FF480428160E869E97844
:102610006E78437802EA8131077866F30921DA039C
:10262000437B92B207F0030703F00103114441EA30
:102630004352636A42EA0762416802F580525A6176
:10264000027802F0FE03022B07D14FF60471022A32
:10265000CFF6007108BF203100E00968626A11619D
:102660000C22017BAB78877862F39F014FF44072B4
:10267000022B08BF4FF48072002B07F00103676A3A
:1026800018BF114341EA0371F960626A0021916148
:102690002A78092A04D8626A0023C1F61F7353629C
:1026A000B0F80F20807B636A40EA022041F6017295
:1026B000C0F21F0210401863206AC4E90411C4E983
:1026C0000611C569A160687C50B34EF25400C4F293
:1026D0000100017801F00F01022901D801220BE06D
:1026E000CA1E052A06D24AF6D021C0F2002151F8AE
:1026F000226003E00839102202FA01F6407800F067
:102700000F0002F0C9FD40F6A042697CC2F200222F
:10271000B0FBF6F012685143B1FBF0F00130A0605D
:10272000606AB8F80A101022A181C9F607528266C1
:10273000206A90F905104A0901F01F035AF8210098
:1027400020F480304AF821005AF8210009F5C070C1
:102750000121BFF35F8F01FA03F340F8223049F8FB
:102760002230226A92F90B205AF8223023F4803367
:102770004AF822305AF82230530902F01F02BFF300
:102780005F8F01FA02F240F8232049F82320226AE1
:1027900092F907205AF8223023F480334AF8223085
:1027A0005AF82230530902F01F02BFF35F8F01FA7B
:1027B00002F240F8232049F82320226A92F90920E6
:1027C0005AF8223023F480334AF822305AF8223063
:1027D000530902F01F02BFF35F8F914040F82310AE
:1027E00049F8231040F21141606AC0F20101816092
:1027F000606A00BF00BF00BF017FC907FCD044F67C
:1028000042110020C5F243316160BDE8F087D4D4A5
:1028100003460020C3E906127047D4D4D4D4D4D4DC
:10282000D0F824C0DCF8083023F44013CCF808308A
:10283000D0F824C000BF00BFDCF848305B00FBD5F7
:10284000DCF8083023F01003CCF80830D0F824C0AE
:102850009CF81C30DB06FBD4C0E904120020DCF835
:10286000081041F01011CCF808107047D4D4D4D41B
:102870002DE9F0410446406A4FF6EE7288468668BC
:10288000CFF6CE7232408260206A00222261C76990
:10289000A260787C50B34EF25400C4F2010001787B
:1028A00001F00F01022901D801220BE0CA1E052AFE
:1028B00006D24AF6D021C0F2002151F8225003E09E
:1028C0000839102202FA01F5407800F00F0002F0FA
:1028D000E3FC40F6A042797CC2F20022B0FBF5F0A6
:1028E00012685143B1FBF0F00130A060606AD8F883
:1028F000001026F4401201610020616A8A60BDE880
:10290000F081D4D4D4D4D4D400204FF0FF32C1E924
:1029100000227047D4D4D4D48A0703D40622C9072E
:1029200015D116E0426A936823F440139360426A1B
:10293000936C5B00FCD5936823F010039360426AAC
:10294000137FDB06FCD400224261C90701D00022BC
:10295000C26110467047D4D4844681620020CCE91D
:102960000B327047D4D4D4D444F642124168C5F235
:10297000433291426DD1B0B5416A8A6822F4401267
:102980008A60416A8A6822F010028A60416A00BF48
:102990000A7FD206FCD4016A4EF2801CCEF2000CF3
:1029A000054691F907104A0901F01F03012101FAB8
:1029B00003F34CF82230BFF34F8FBFF36F8F026ADF
:1029C00092F90920530902F01F0201FA02F24CF8B1
:1029D0002320BFF34F8FBFF36F8F426A936823F4B6
:1029E00080339360026A92F90520530902F01F02B6
:1029F00001FA02F24CF82320BFF34F8FBFF36F8F21
:102A0000026A92F90B20530902F01F0201FA02F246
:102A10004CF8232043F20402BFF34F8FBFF36F8FB4
:102A2000EFF3108481F31088016AC4F220024FF0A2
:102A3000004C1E20097813682CFA01F1194311602B
:102A40001168012102F078FC84F31088002068608E
:102A5000B0BD07207047D4D40246C069086000208A
:102A60000021D1617047D4D406207047D4D4D4D487
:102A700006207047D4D4D4D4B0B584B04FF07041A0
:102A8000EFF3038001EB00604CF200318015C4F2DB
:102A90000001425822F48032425040F654424158DC
:102AA000C2F200221458206A00690028606902D02E
:102AB000E0B104B0B0BDC8B1A07800F003000228B6
:102AC000206905D10088616A20F4DC40486002E09A
:102AD000616A00780871A078226900F003016069DA
:102AE000401A6061114421610028E2D1616A02222A
:102AF0008D68A06862F3155510B102F05DFC616A43
:102B00008D60A06A00284FF000002061D1D0E06AFB
:102B100020B190E82E008DE82E0000E06846216A82
:102B2000097801600021816080210171216BC16001
:102B3000A16A8847E06A00281CBF9DE82E002EC0CD
:102B400004B0B0BDD4D4D4D410B586B04FF0704129
:102B5000EFF3038001EB00604CF200318015C4F20A
:102B60000001425822F48032425040F6544241580B
:102B7000C2F200221458A07800F00302606A022A10
:102B800003D101686FF35F2100E00178E0690191F2
:102B9000D0B1A06901A903F033F8A078D4E90612F6
:102BA00000F003000144101AC4E9061034D1A06AF1
:102BB00090B3E06AE0B1D0E900C2D0E90231CDE9DA
:102BC0000431CDE902C214E0A06A28B3E06A40B142
:102BD000D0E900CED0E90223CDE90423CDE902CE2D
:102BE00000E002A8226A127881600260042106E0F7
:102BF00002A8216A09780160002181600121017128
:102C0000216BC160A16A8847E06A28B102AC1ECC82
:102C1000016042608360C46006B010BDD4D4D4D4D7
:102C2000B0B584B04FF07041EFF3038001EB00606A
:102C300040F654428115C2F200224FF6EF7304169B
:102C40005558CFF6CF73696A8A681A408A60A96AB4
:102C5000E1B1E86A40B1D0E900C2D0E90231CDE982
:102C60000231CDE900C200E06846296A09780160B6
:102C70000021816002210171296BC160A96A884726
:102C8000E86A00281CBF9DE82E002EC04CF20030E0
:102C9000C4F2000050F8241021F4803140F82410D0
:102CA00050F8240004B0B0BD70B584B04FF070414E
:102CB000EFF3038001EB006040F654428115C2F24D
:102CC00000225458A178636A01F00301022904D15B
:102CD000D3F800C06FF35F2C01E093F800C09A6C4A
:102CE0002025082105EAD2454FF0100E01EA1261B5
:102CF0001EEA126229440A4403D0996C090458BFA1
:102D00004032996E051641F0C8519966A16AD9B151
:102D1000E06A40B1D0E900E3D0E90216CDE902163D
:102D2000CDE900E300E06846216A0978C0F808C0F0
:102D300001600271216BC160A16A8847E06A0028C6
:102D40001CBF9DE84E004EC04CF20030C4F20000A3
:102D500050F8251021F4803140F8251050F8250056
:102D600004B070BDD4D4D4D42DE9F04381B00C4666
:102D7000D1F804808E69EFF31085012181F310886A
:102D800043F208018146C4F22001086820F08070F7
:102D9000086046F200100968C4F2250000EB08271D
:102DA0001E20012102F0C8FA85F310884FF00B0EA7
:102DB000307E217A327D737D0001F57D40EA01701D
:102DC000B17D40EA0260627A40EA034040EA0130A5
:102DD00040EA052010433862707EB17E32780904E3
:102DE00041EA006046F2381110447862B08BC4F2B8
:102DF0002501B86201EB0821F08BF862308C386352
:102E0000708C786306F1240030F8022B41F8042B13
:102E10000FF007C0708F4FF0140E786606F13C007B
:102E200007F1680100BF00BF30F8022B41F8042B06
:102E30000FF007C096F86400331DC7F8C000B6F85D
:102E40006600B6F8681041EA0040C7F8C400F06EAA
:102E5000C7F8C8000221306FC7F8CC000120C0F6C7
:102E600007013860B9610FCB08430021104344F2D9
:102E70004D4218433861C9E90147C0F25002206948
:102E8000C9F820006069C9F828000020C9F824109A
:102E9000C9F8002001B0BDE8F083D4D4D4D4D4D490
:102EA0005FEA817C1CBF40F2EB307047B0B5D0F8D0
:102EB00004C04FF0FF3402F00305DCF818E09EF880
:102EC00064E004FA0EFE23EA0E04254307D14FEA1C
:102ED000920EBEFBF3F45C43C4EB92020AB11720DE
:102EE000B0BD82680024C0E9031EC361C0E90514B7
:102EF0000121C2F8E0101E210139D2F8E830FBD1DF
:102F00009CF92110B1F1FF3F3EDDD168C9033BD4EC
:102F1000D1684EF2001E41F48031D1609CF921301D
:102F20009CF81E10CEF2000E002B4FEA011104D4C3
:102F30000EEB030484F8001306E04EF6145503F07C
:102F40000F04CEF20005615540F654410125C2F24E
:102F5000002141F823004CF20031C4F2000151F885
:102F6000234024F4803441F8234051F823105909B8
:102F700003F01F03BFF35F8F0EEB810405FA03F329
:102F8000C4F880314EF82130D16841F00401D1609D
:102F90009CF91F10002929D44EF200139CF81C2024
:102FA000CEF20003CD18120185F8002340F65442FA
:102FB000C2F20022012542F821004CF20030C4F296
:102FC000000050F8212022F4803240F8212050F8EF
:102FD0002100480901F01F01BFF35F8F03EB80025E
:102FE00005FA01F1C2F8801143F820100020B0BDAD
:102FF000D0E90101D1F8E02072B1CA6822F00402E0
:10300000CA600022C1F8E02090F92120002A5CBFAC
:103010000A695FEA827201D500207047CA684EF2E1
:10302000801322F48032CA6090F92100CEF20003AE
:10303000012200F01F01400902FA01F143F82010BB
:10304000BFF34F8FBFF36F8F00207047D4D4D4D419
:10305000F0B5D0E901C39CF92150002D5CBFDD68BB
:103060005FEAC53523D59F6947F002079F61C3F822
:10307000B810C3F8BC20196941F0020119619CF92C
:103080002010002950D4D96841F00201D9609CF980
:1030900020209CF81D304EF20011002ACEF20001D3
:1030A0004FEA031318D48F1887F800331CE0DD684B
:1030B0004EF2001E45F48035DD609CF921409CF8FD
:1030C0001E50CEF2000E002C4FEA05152ED40EEB4A
:1030D000040686F8005331E002F00F074EF618564A
:1030E000043FCEF20006BB5540F654430127C2F21E
:1030F000002343F822004CF20030C4F2000050F8E4
:10310000223023F4803340F8223050F82200500956
:1031100002F01F02BFF35F8F01EB800307FA02F298
:10312000C3F8802141F820200020F0BD04F00F06F4
:103130004EF61857043ECEF20007F55540F65445BA
:103140000127C2F2002545F824004CF20035C4F2F4
:10315000000555F8246026F4803645F8246055F8BB
:103160002450650904F01F04BFF35F8F0EEB850642
:1031700007FA04F4C6F880414EF8254073E7D4D42A
:10318000D0E901010A6922F002020A6190F92020C7
:10319000002A03D4CA6822F00202CA608A6942F097
:1031A00002028A6190F92120002A02D4D1F8E0209D
:1031B0000AB100207047CA684EF2801322F48032B0
:1031C000CA6090F92100CEF20003012200F01F0135
:1031D000400902FA01F143F82010BFF34F8FBFF30B
:1031E0006F8F00207047D4D406207047D4D4D4D435
:1031F0008268D2F8E030002B5FEA1F930B70002347
:10320000D268C0F60703C2F340024A70826852696E
:103210001A40130C4B80816800208A617047D4D417
:1032200010B5D0E901234EF2801CCEF2000CD3F889
:10323000E01071B1D96821F00401D9600021C3F810
:10324000E01092F9211000295CBF19695FEA8171D1
:103250004DD50121596040F2E73100BF00BF00BFEA
:103260005C69E40703D00029A1F10101F8D14FF610
:10327000FD74D968CFF6FE7421400224D960002184
:103280001961C0F607049C61016092F91F000028D3
:103290000BD4410900F01F00012303FA00F04CF8A1
:1032A0002100BFF34F8FBFF36F8F92F920000028EA
:1032B0000BD4410900F01F00012303FA00F04CF881
:1032C0002100BFF34F8FBFF36F8F92F921000028C9
:1032D0000BD4410900F01F00012202FA00F04CF863
:1032E0002100BFF34F8FBFF36F8F002010BDD9684F
:1032F000012421F48031D96092F921104FEA511E46
:1033000001F01F0104FA01F14CF82E10BFF34F8FAA
:10331000BFF36F8F9DE7D4D4844601620020CCE9CF
:1033200009327047D4D4D4D4B0B582B04FF07041D4
:10333000EFF3038001EB006040F654428115C2F2C6
:10334000002205165458A1680A6922F002020A6197
:10335000A16802228A61216AB1B1606A20B1D0E914
:103360000012CDE9001200E0684602210171A16A55
:1033700001600021C180216A8847606A00281CBF63
:10338000DDE90012C0E900124CF20030C4F2000086
:1033900050F8251021F4803140F8251050F8250010
:1033A000A068016941F00201016102B0B0BDD4D44E
:1033B000F0B583B04FF07041EFF3038001EB006094
:1033C00040F654414CF200328015C2F20021C4F2A2
:1033D00000020C58815821F4803181508058E268F5
:1033E00002B3A168D4E90430D1F8EC1079B102EB52
:1033F0008303002200BF00BFA768D7F8E87040F839
:10340000047B984205D201329142F5D103E00021BC
:1034100001E0E068511CD4E906321944C4E9050111
:10342000914201D203B0F0BD6D460126002714E0A1
:10343000D0E90012CDE900120671A16A0160C780CF
:10344000216A8847606A00281CBFDDE90012C0E9D4
:103450000012D4E906129142E4D3206A891A0028A6
:10346000A161F8D0606A0028E2D12846E4E7D4D40C
:10347000B0B582B04FF07041EFF3038001EB006014
:1034800040F654428115C2F200220023041655581A
:10349000C0F60703AA685169194091612A6AB2B15E
:1034A000686A090C20B1D0E90023CDE9002300E0CF
:1034B000684603220271AA6A0260C180296A8847AD
:1034C000686A00281CBFDDE90012C0E900124CF256
:1034D0000030C4F2000050F8241021F4803140F88C
:1034E000241050F8240002B0B0BDD4D4D4D4D4D425
:1034F00080B545F25422C5F24F020260084600F042
:1035000037F9002080BDD4D40146002000220A6093
:103510007047D4D4D4D4D4D480B5084600F028F968
:10352000002080BDD4D4D4D470B586B001A8049056
:1035300003A814460D46ADF8081001920126ADF817
:103540000C6000F07DF940F65040EFF31081C2F2BC
:10355000002086F3108802683AB940F6145200231E
:10356000C4F24002137040231370026801320260FB
:1035700081F31088E10340F600014FEA1522C4F2FE
:10358000400101D4EBB20CE001EB8216EBB256F82D
:10359000235025F4803546F8235024F4803546F82E
:1035A000235001EB8211012241F82340EFF31081F7
:1035B00082F31088026812B10268013A0260006862
:1035C00038B940F614500022C4F240000270802244
:1035D000027081F31088002006B070BDD4D4D4D41A
:1035E00004200023C4F24000CFF6FF7340EAD1006C
:1035F000C9B220F01B00006843EA104020FA01F134
:10360000002001F0010111707047D4D4D4D4D4D477
:1036100010B56FF00100CBB200EAD11001210C24EB
:1036200001FA03FE0101C4F2400444EA001C4FF415
:103630008030012A625800FA03F004D122EA000027
:1036400040EA0E0203E022EA0E0141EA00020020F5
:10365000CCF8002010BDD4D46FF03F00CBB200EA0C
:10366000910040F6000100EB8300C4F24001415894
:103670000020C1F3400111707047D4D4D4D4D4D405
:1036800010B5CBB2012098406FF0010E84B20EEA63
:10369000D110002A40F208024FF4803C4FEA00119A
:1036A000C4F240024FF0000008BF0CFA03F454507B
:1036B00010BDD4D4D4D4D4D480B56FF0010040F27E
:1036C000000C00EAD110C4F2400C010103EA020E22
:1036D00062EA03025CF801004EEA000E002002EAF2
:1036E0000E024CF8012080BD6FF0010000EAD110FD
:1036F00004210001C4F2400109580020090C118086
:103700007047D4D4D4D4D4D46FF0010003EA020CAF
:1037100000EAD11023EA02010C230201C4F24003A3
:1037200000204CEA014199507047D4D4D4D4D4D469
:103730006FF00100042300EAD110C4F2400301013C
:1037400000205958118070476FF0010003EA020C05
:1037500000EAD11023EA020108230201C4F2400367
:1037600000204CEA014199507047D4D4D4D4D4D429
:1037700070B5044600F064F840F6504CEFF3108149
:10378000C2F2002C012080F31088DCF8000038B968
:1037900040F614500022C4F2400002704022027031
:1037A000DCF800000130CCF8000081F3108820889C
:1037B00030B340F6000E0021C4F2400E08E000BF16
:1037C0000EEB8010013140F822302088814217D260
:1037D000606800EBC10250F831309288D8034FEA9C
:1037E0001220D2B2ECD50EEB801555F8226026F4EB
:1037F000803645F8226023F4803645F82260DFE702
:103800000120EFF3108180F31088DCF8000020B174
:10381000DCF800000138CCF80000DCF8000010B142
:1038200081F3108870BD40F614500022C4F24000AD
:1038300002708022027081F3108870BDD4D4D4D479
:103840002DE9F04F81B004460088002867D04EF67D
:103850004C4B0025C4F2010B4FF0010A04E000BFFD
:103860002088013585425AD24AF63C3642F2400859
:103870000027C0F20026C4F220080CE000BF00BF01
:1038800088F80000C820012101F056FD013708F139
:103890000208032FE4D0606836F8021B00EBC50075
:1038A00082888A42F2D100689BF8001000F0B8507C
:1038B0000AFA07F9B0F1807F09EA010018D158B976
:1038C000012001F0EDFD9BF8000040EA09008BF8B3
:1038D0000000012001F0B8FD98F900000028D5D4BF
:1038E00098F8000040F08000CAE700BF00BF00BFAA
:1038F00058B1012001F0D4FD9BF8000020EA090036
:103900008BF80000012001F09FFD98F90000B0F154
:10391000FF3FBBDC98F8000000F07F00B0E701B08B
:10392000BDE8F08FD4D4D4D470B50D4609784EF2EA
:1039300000020446C4F2250202EB0120206125604A
:10394000A8686060287B2072E8696063286AE06389
:103950000020A063C4E90500C4E9070084F8290039
:1039600084F82A0084F82B0084F82C000120EFF35F
:10397000108680F310882978C1F10901884043F24C
:103980000401C4F220010A6822EA00000860086805
:103990001E20012101F0D0FC86F310882046294624
:1039A00000F0C2F844F643110020C5F24921E1605D
:1039B00070BDD4D4D4D4D4D49C46012380F82AC07A
:1039C00000F0AAB9D4D4D4D49C46002380F82AC0ED
:1039D00000F0A2B9D4D4D4D4B0B50446006900250F
:1039E000C5712046216800F09FF894F826002169EF
:1039F00084F82800A069C4E90750002084F82C50FE
:103A000084F82A50B322CA71B0BDD4D4D4D4D4D44B
:103A10000346002059601A727047D4D4D4D4D4D449
:103A2000844641630020CCE90E327047D4D4D4D40C
:103A300044F64312C068C5F2492290425FEA1F92E1
:103A400000200A707047D4D4B0B504460069002540
:103A5000C5712046216800F067F894F82600A16936
:103A600084F828002069C4E90751B32184F82C5058
:103A700084F82A50C1714EF280112069CEF2000103
:103A8000C571E560206890F91100430900F01F023C
:103A9000012000FA02F241F82320BFF34F8FBFF359
:103AA0006F8F226892F90E20530902F01F0200FA6C
:103AB00002F241F82320BFF34F8FBFF36F8F2268CC
:103AC00092F91020530902F01F0200FA02F241F8A5
:103AD0002320BFF34F8FBFF36F8F226892F90F201F
:103AE000530902F01F0200FA02F241F8232043F2C8
:103AF0000402BFF34F8FBFF36F8FEFF3108580F396
:103B000010882168C4F2200209781368C1F1090104
:103B1000884001211843106010681E2001F00CFC41
:103B200085F310880020B0BDF0B502690023137042
:103B3000402302691370026913785B06FCD5C02329
:103B400013700268036908254EF6185C526ACEF2BB
:103B5000000C127942F0E0021A7402680369526A9A
:103B6000D27842F0E0025A7402680369526A92788D
:103B700062F306159D7002680569526A13785278DF
:103B8000012B5FEA1F9343EA420242F00402EA700B
:103B9000026844F24025C0F20F0503695268AA4248
:103BA0004FF0770208BF6FF008025A7100230269D4
:103BB0009371B3230269D3714EF2001291F911404F
:103BC0004B7BCEF20002002C4FEA031303D41519ED
:103BD00085F8003304E004F00F05654405F8043C63
:103BE00040F6544E4CF20033C2F2002EC4F20003F1
:103BF00001274EF8240053F8245025F4803543F86B
:103C0000245053F82450650904F01F04BFF35F8F5C
:103C100002EB850607FA04F4C6F8804142F8254015
:103C200091F90F404D7B002C4FEA051503D416196E
:103C300086F8005304E004F00F06664406F8045CBE
:103C40004EF8240053F8245025F4803543F82450CE
:103C500053F82450650904F01F04BFF35F8F02EB93
:103C6000850607FA04F4C6F8804142F8254091F928
:103C700010404D7B002C4FEA051503D4161986F829
:103C8000005304E004F00F06664406F8045C4EF8A6
:103C9000240053F8245025F4803543F8245053F879
:103CA0002450650904F01F04BFF35F8F02EB850603
:103CB00007FA04F4C6F8804142F8254091F90E4015
:103CC000497B002C4FEA011103D4171987F8001320
:103CD00005E004F00F0505EB0C0707F8041C4EF88F
:103CE000240004F01F0753F82410012621F480312A
:103CF00043F8241053F82410610906FA07F7BFF3BC
:103D00005F8F02EB8103C3F8807142F821709F211D
:103D100000690170F0BDD4D490F808C0C0E9051264
:103D2000BCF1010F09D190F804C04FF48071A0F8E4
:103D3000251043EA4C0180F8241010B581B04EF2F2
:103D4000200180F82930C4F201010968009100992E
:103D500001F00F210091DDF800E0DDF800C00169FD
:103D60000B7C90F82C40BCB9CEF30322A2EB1C6272
:103D700003FA02F2042A09D3920800BF00BF00BF71
:103D800091F90130002B04D5013AF9D1082001B096
:103D900010BD0022CA7182690021C0E9072190F894
:103DA000262080F8281080F8272080F82B1080F833
:103DB0002D1080F82E1080F82F1080F83010016838
:103DC000496A0A784B7891F805C08C79012A5FEA34
:103DD0001F9242EA4302036942EA0C1242EAC41209
:103DE00042F00402DA700269137943F01003137190
:103DF0000269137903F0F70313710269137903F071
:103E0000EF0313710269C979137903F07F0343EA61
:103E1000C111117101694A7942F001024A710168C8
:103E200091F90F1000290BD401F01F02012303FAAE
:103E300002F24EF200134909CEF2000343F82120AA
:103E400001694A7A02F0F3024A720169BF22CA711B
:103E500090F82C1019B1002180F82C1002E00069B4
:103E600002214170002001B010BDD4D4D4D4D4D4E8
:103E700010B582B04FF07041EFF3038001EB0060AA
:103E80004CF200328015C4F20002835823F48033D0
:103E900083508058EFF3038001EB006040F65441FB
:103EA0008015C2F200210C5894F82D0078B1E06919
:103EB000002800F0C8802168496AC97901293FD1EA
:103EC000A06B58B3D0E90012CDE9001227E0A06939
:103ED000022804D82069017941F040010171E069AC
:103EE00001280ED12069017941F01001017120698A
:103EF000017941F0080101712069017901F0EF01B8
:103F000001712068406AC07901287CD1A06B00282B
:103F100068D0D0E90012CDE9001264E06846E16B98
:103F2000016005210171616B8847A06B00281CBFEF
:103F3000DDE90012C0E90012002084F82B00E069DE
:103F4000012819D0022807D003286FD120690179F0
:103F500041F04001017169E02069017941F01001EF
:103F600001712069017941F008010171206901792D
:103F700001F0EF01017159E094F82A0001284DD1B8
:103F800020684EF28013CEF2000390F90F00420930
:103F900000F01F01012000FA01F143F82210BFF3E5
:103FA0004F8FBFF36F8F2169CA7942F08002CA71C7
:103FB00021690A7942F010020A7121690A7902F036
:103FC000F7020A7121690A7902F0EF020A71216988
:103FD00004224A7021694A7902F0FE024A7184F88B
:103FE0002C0023E06846E16B016005210171616BE3
:103FF0008847A06B00281CBFDDE90012C0E9001251
:10400000002084F82B002069C07C8DF800009DF80A
:104010000000012084F82D0002B010BD2069417A13
:1040200001F0F7014172206908214170D4E90401CF
:10403000C07C226A8854D4E90701013801F10101EA
:10404000C4E9070101D002B010BD2069017901F077
:10405000BF01017102B010BDB0B582B04FF0704128
:10406000EFF3038001EB00604CF200358015C4F2E1
:104070000005425922F4803242514059EFF3038047
:1040800001EB006040F654418015C2F200210C584B
:1040900094F82700D8B194F82600032807D194F8A3
:1040A0002800022803D194F83000002843D020696A
:1040B00094F82410817494F8280094F827100130A3
:1040C00084F82800481E84F8270002B0B0BD94F898
:1040D000290080BB2068406AC07901281CD194F86F
:1040E0002B00C8B9206AB8B1A06B20B1D0E900128A
:1040F000CDE9001200E06846E16B01600521017125
:10410000616B8847A06B00281CBFDDE90012C0E985
:104110000012002084F82B00E06970B1D4E904019A
:10412000226A895C8174D4E90701013801F1010137
:10413000C4E9070101D002B0B0BD2069C17901F026
:104140007F01C17120696FF0BE0100BF00BF00BFD9
:1041500090F90720B2F1FF3F03DC002901F10101D2
:10416000F6D1206890F9100055F8201021F4803124
:1041700045F8201055F82000206890F9100000281C
:104180000BD44EF2802300F01F014009CEF2000351
:10419000012202FA01F143F820102069C17941F0AF
:1041A0004001C17102B0B0BD10B582B04FF0704196
:1041B000EFF3038001EB006040F654418015C2F23A
:1041C00000210C582068406AC079012817D1A06BE3
:1041D00020B1D0E90012CDE9001200E06846E16BA1
:1041E000016005210171616B8847A06B00281CBF2D
:1041F000DDE90012C0E90012002084F82B0094F8D9
:104200002900012806D194F82700012802D194F84A
:10421000300080B3E06970BB94F82A00012822D1F5
:1042200020684EF28013CEF20003012290F90F00B5
:1042300000F01F01400902FA01F143F82010BFF31A
:104240004F8FBFF36F8F2069C17941F08001C17139
:104250002069042141702069417901F0FE0141711A
:1042600084F82C2007E02069417A01F0F7014172BF
:104270002069082141702069C17901F0BF01C17135
:1042800020696FF0BE0100BFC279520603D5002934
:1042900001F10101F8D14FF07041EFF3038001EB20
:1042A00000604CF200318015C4F20001425822F443
:1042B00080324250405802B010BDD4D4D4D4D4D4AB
:1042C00070B582B04FF07041EFF3038001EB0060F6
:1042D00040F654418015C2F200210C5821694A7AF7
:1042E0004B7A02F01F0002F003020F2803F0E003F4
:1042F0004B7201D83AB92DE021694B785B0658BF63
:1043000042F001021AB3012584F82B5020690026DF
:10431000C67120462168FFF707FC94F82600A169C2
:1043200084F828002069C4E90761B32184F82C606F
:1043300084F82A60C171A06B20B1D0E90012CDE9E8
:10434000001200E06846E16B0160057158E04A78B0
:10435000520611D4010706D494F82C20012A31D139
:1043600010F004022ED0E06910B994F82B00A8B325
:10437000002919D4012138E0012084F82B000820FD
:10438000487020682369406A41790278807942EA5E
:10439000011141EAC01040F00200D8702069417953
:1043A00041F00101417137E00020A169C4E9070132
:1043B00094F8261084F82810012184F82C0084F841
:1043C0002A000FE0400727D52068406AC0790128FD
:1043D00022D10421204600F033F81DE094F8290092
:1043E00080F003012069B322C271A06B20B1D0E933
:1043F0000023CDE9002300E06846E26B0260017112
:10440000616B8847A06B00281CBFDDE90012C0E982
:104410000012002084F82B004FF07041EFF303806E
:1044200001EB00604CF200318015C4F200014258EB
:1044300022F480324250405802B070BDD4D4D4D45B
:1044400010B582B00446806B20B1D0E90023CDE9DD
:10445000002300E06846E26B02600171616B8847EF
:10446000A06B00281CBFDDE90012C0E9001200208B
:1044700084F82B0002B010BD2DE9F0470D46097CF1
:10448000044601220D295FEA9F9002FA01F1E160E2
:1044900065602074287C42F20001C4F2320144F2CB
:1044A0000209C4F232094FF0000801EB0020A060BD
:1044B00068696061A869E061C4F818804FF0004A3B
:1044C000EE6949F8F22CEFF3108782F31088287C0C
:1044D000011F2AFA00F006296FF0006151EA30A0AE
:1044E00043F21001C4F220010A6810400860086815
:1044F0001E20012100F020FF87F31088207B000799
:104500000DD00120EFF3108180F31088A089B9F855
:10451000002022EA0000A9F8000081F31088A068BA
:104520004FF425410160A068C0F82C80A068C0F855
:104530003C80A068C0F84880287A2978A268C00525
:104540000329696808BF00F58030D0620139A0688E
:10455000C0F810A0A068C0F814A0A068C0F818A007
:10456000A068C0F82480A068C0F82880A068B2695C
:10457000C261A068F2690262A0688166A0684166B3
:104580002978D6F85090012906D041B969684FF0D2
:10459000FF3202EB51010BE04FF0FF312FE0A26838
:1045A000E968936E03F1010329B1994203D20139FD
:1045B0004FF0000823E0526B676899425FEA3F9C26
:1045C00000295FEA1F913F7812F0100F02F00C02F1
:1045D0005FEA1F93042A5FEA1F92032F53EA828245
:1045E00040F20008002A5CEA1181C0F20338002979
:1045F0004FF0FF311CBF40F20008C0F20228A26851
:104600005165A26891652A78042A03D3A268D1650E
:10461000A2681166316DA9BB3178012915D12A78BC
:104620007178022A03D0032A03D1032205E009226C
:1046300003E00922002908BF06220B0143EA811189
:10464000114441EA090040F48079B178012919D177
:104650002A78F178022A04D0032A05D14FF4403297
:1046600008E04FF4102205E04FF41022002908BFA3
:104670004FF4C0220B0543EA8151114441EA09007D
:1046800040F0807961684FF0060E0023C969F64654
:1046900001F1300206E000BF01330432BEF1010E29
:1046A00000D112E091F84870DF40FF07F4D01F46B8
:1046B000042B08BF0327032B08BF0427A06800EBC7
:1046C00087001768013FC764E6E7287C0D2802D8F9
:1046D000A06800214164A06800218163A068C0F83F
:1046E0008810306D40B996F8200096F821104003EC
:1046F00040EA417049EA000996F84800A16800289C
:104700004FF4A00008BF4FF4AA00086428780128DD
:1047100004D1A0680021C164A0680165A06840F6CA
:10472000544CC2F2002CC0F8349096F8540096F81D
:104730005510A2684901D36A41EA001048F003010C
:104740001843D062A068016348F00101A0680163CA
:10475000D4E90201C1604EF2001095F912304CF21A
:104760000031CEF20000C4F20001002B1BD46F7C9C
:10477000C51801223F0185F800734CF8234051F819
:10478000237027F4803741F8237051F823705F09B4
:1047900003F01F03BFF35F8F00EB87059A40C5F856
:1047A000802140F8272096F92830002B1DD496F858
:1047B0002220C7180125120187F800234CF8234056
:1047C00051F8232022F4803241F8232051F823208D
:1047D0005A0903F01F03BFF35F8F00EB820705FA4E
:1047E00003F3C7F8803140F8223096F92930002BC6
:1047F0001DD496F82320C7180125120187F800233D
:104800004CF8234051F8232022F4803241F8232031
:1048100051F823205A0903F01F03BFF35F8F00EB09
:10482000820705FA03F3C7F8803140F8223096F981
:104830002A30002B1DD496F82420C7180125120118
:1048400087F800234CF8234051F8232022F48032CB
:1048500041F8232051F823205A0903F01F03BFF326
:104860005F8F00EB820705FA03F3C7F8803140F849
:10487000223096F92B30002B1DD496F82520C7182E
:104880000125120187F800234CF8234051F823201A
:1048900022F4803241F8232051F823205A0903F0F2
:1048A0001F03BFF35F8F00EB820705FA03F3C7F81E
:1048B000803140F8223096F92C30002B1DD496F828
:1048C0002620C7180125120187F800234CF8234041
:1048D00051F8232022F4803241F8232051F823207C
:1048E0005A0903F01F03BFF35F8F00EB820705FA3D
:1048F00003F3C7F8803140F8223096F92D30002BB1
:104900001DD496F82720C718120187F800234CF809
:104910002340012751F8232022F4803241F823203C
:1049200051F82310590903F01F03BFF35F8F00EB09
:10493000810207FA03F3C2F8803140F8213045F2D2
:1049400054010020C0F247012160BDE8F087D4D4B3
:10495000D0E9021200204A607047D4D4D4D4D4D411
:10496000D0E9021200208A607047D4D4D4D4D4D4C1
:10497000D0E902120020CA607047D4D4D4D4D4D471
:1049800080B5D0E9011EC969D1E901C3CA6843F005
:104990000043CEF8143042F0004283689A614CF034
:1049A00000438268136182680B6953628268002049
:1049B0004969916280BDD4D481684FF000420A6198
:1049C00081684A6181688A61002281684A628168DF
:1049D00000208A627047D4D483684A1E9A6643686E
:1049E0001B784BB9D0F808C04FF0FF3303EB5101EF
:1049F000CCF85410836899658168CB6ADB0707D1CE
:104A00004A664FF4AA0281680A64D0E90201C160D3
:104A100000207047D4D4D4D4F0B5846802F0030CDD
:104A2000A36E03F1010389B199420FD204254B1EF5
:104A3000170758BF02259707D4F830E004F14C045B
:104A40002AD445EA0C0544F825302BE099424FF072
:104A50001003656B03EA0213466825FA03F35FEA65
:104A60003F9E00295FEA1F97357813F0100F03F07F
:104A70000C035FEA1F96042B5FEA1F93032D56EA8F
:104A80008383002B5EEA1783D4F830E0002B4FF0CD
:104A9000020353EA139306E044F82530846804EBDC
:104AA0008504236500235406846827D4022A2AD16A
:104AB0004BB3A26E02F1010209B1914223D3656B9F
:104AC000406891425FEA3F9200295FEA1F910078B7
:104AD00015F4801F05F440255FEA1F96B5F5802F79
:104AE0005FEA1F95032856EA8580002852EA118064
:104AF00000284FF0020050EA109105E0216C41F4CB
:104B000080012164846819462EF44030BCF1010F05
:104B100040EA03425EEA0280BCF1000F20F04073DD
:104B20004FF0000018BF43EA01622263F0BDD4D405
:104B30001346042A08BF0323032AA1F1010108BF79
:104B40000423806800EB83020020D1647047D4D432
:104B50008268526E01328A608068D0F82CC04EF2B2
:104B60002000C4F201000368808843EA000200F0DC
:104B70000F00120703F00F0208D440F6A043C2F260
:104B800000231B6803FA00F0D0401EE070B500F06F
:104B9000070E032540F6A04605FA0EF44FF0010E6D
:104BA000C2F20026082838BF0EFA00F403F007000E
:104BB0001B0705FA00F0356805FB04F358BF0EFA31
:104BC00002F0B3FBF0F0BDE87040CCF3C352D0402C
:104BD0004860002001220A707047D4D4D4D4D4D4C1
:104BE0008268D26A02F001020A7182680020926C27
:104BF0000A607047D4D4D4D4844641610020CCE903
:104C000006327047D4D4D4D4B0B543684EF2801E77
:104C100040F6544CCEF2000E93F91210DB69C2F24A
:104C2000002C00290ED44A0901F01F04012505FAC1
:104C300004F44EF82240BFF34F8FBFF36F8F002272
:104C40004CF8212093F9281000290ED44A0901F0CC
:104C50001F04012505FA04F44EF82240BFF34F8FDC
:104C6000BFF36F8F00224CF8212093F929100029FF
:104C70000ED44A0901F01F04012505FA04F44EF888
:104C80002240BFF34F8FBFF36F8F00224CF82120DB
:104C900093F92A1000290ED44A0901F01F040125B6
:104CA00005FA04F44EF82240BFF34F8FBFF36F8F25
:104CB00000224CF8212093F92B1000290ED44A0928
:104CC00001F01F04012505FA04F44EF82240BFF359
:104CD0004F8FBFF36F8F00224CF8212093F92C10D7
:104CE00000290ED44A0901F01F04012505FA04F435
:104CF0004EF82240BFF34F8FBFF36F8F00224CF866
:104D0000212093F92D1000290ED44A0901F01F0328
:104D1000012404FA03F34EF82230BFF34F8FBFF3A0
:104D20006F8F00224CF82120D0E90212002303608B
:104D30008A60816800204B63B0BDD4D4D4D4D4D46D
:104D40004EF22401C4F201018878098801F00F02B3
:104D5000A2F1080103293BD8DFE801F0022C101E64
:104D600040F2A041C2F2002151F820004AF6AB21E6
:104D7000CAF6AA21A0FB0101480830E040F2A04198
:104D8000C2F2002151F820004AF6AB21CAF6AA214E
:104D9000A0FB0101C80822E040F2A041C2F20021BC
:104DA00051F820004AF6AB21CAF6AA21A0FB010166
:104DB000080914E040F2A041C2F2002151F820009D
:104DC0004AF6AB21CAF6AA21A0FB0101880806E039
:104DD00040F2A041C2F2002151F82000D04040F63C
:104DE000A041C2F2002108607047D4D4D4D4D4D4F6
:104DF0002DE9F0470FF278404EF2FA3840F2A04623
:104E0000C4F201084AF2015190ED001FC2F20026DF
:104E10000FF26C40CFF6FF714EF255050231A8F843
:104E2000001086ED001F06F12003C4F2010590ED8D
:104E3000001F44F2553040F2AA21C1F2DE3043F6A1
:104E4000000286ED041FC0F6E571C1F69C4207C35F
:104E500015F82F0C35F8311C01F00F02A2F10801F2
:104E600003292BD8DFE801F002200C164AF6AB210B
:104E700056F82000CAF6AA21A0FB0101480820E04C
:104E80004AF6AB2156F82000CAF6AA21A0FB010180
:104E9000C80816E04AF6AB2156F82000CAF6AA2147
:104EA000A0FB010108090CE04AF6AB2156F82000EE
:104EB000CAF6AA21A0FB0101880802E056F82000EA
:104EC000D04040F6A04A4EF60044C2F2002AC4F296
:104ED00001040A214EF60147CAF800004FF650605F
:104EE000CFF6FF70C4F201072154092085F84D0068
:104EF000207818B93878800700F0B081207850B950
:104F000001202070C820012100F016FA00BF00BF68
:104F100020780128FCD10020387020704AF2015915
:104F2000002005F8230C00BF15F8190C0007FBD56D
:104F300042F602314EF61450C0F20101C5F873106A
:104F400040F2834125F8071C002205F80B2C4FF690
:104F50000211C5F8571040F2415125F8091CCEF254
:104F600000004EF20001BFF34F8FBFF36F8F036855
:104F7000CEF2010123F400330360C0F83C22BFF3FA
:104F80004F8FBFF36F8F0A6822F440520A60BFF35D
:104F90004F8FBFF36F8F15F8412C02F0F8020132EA
:104FA00005F8412C00BF00BF15F8412CD206FBD4F8
:104FB0000A6842F440520A60BFF34F8FBFF36F8F0D
:104FC0000168890312D4BFF34F8FBFF36F8F0021A5
:104FD000C0F83C12BFF34F8FBFF36F8F016841F4ED
:104FE00000310160BFF34F8FBFF36F8F002005F8D2
:104FF0002B0C00BF00BF00BF15F8190C8006FBD5B5
:105000004CF200040020C4F21304207020782078B1
:1050100020786068FA2807D0FA20C1F6006000BF47
:1050200060606168FA29FBD1A0687D2808D07D20E6
:10503000CEF2001000BF00BFA060A1687D29FBD1A7
:1050400043F23240C3F2232045F8350C42F22010DF
:1050500025F8310C052005F82F0C15F82F0C35F824
:10506000311C01F00F02A2F1080103292BD8DFE85F
:1050700001F002200C164AF6AB2156F82000CAF6C1
:10508000AA21A0FB0101480820E04AF6AB2156F80E
:105090002000CAF6AA21A0FB0101C80816E04AF6C2
:1050A000AB2156F82000CAF6AA21A0FB010108098D
:1050B0000CE04AF6AB2156F82000CAF6AA21A0FB64
:1050C0000101880802E056F82000D040CAF800002C
:1050D0001E200121012700F02FF960686FF39F2047
:1050E000652828BF277015F82F0C35F8311C01F002
:1050F0000F02A2F1080103292BD8DFE801F00220FA
:105100000C164AF6AB2156F82000CAF6AA21A0FBDD
:105110000101480820E04AF6AB2156F82000CAF603
:10512000AA21A0FB0101C80816E04AF6AB2156F8F7
:105130002000CAF6AA21A0FB010108090CE04AF6EA
:10514000AB2156F82000CAF6AA21A0FB010188086D
:1051500002E056F82000D04042F20001CAF80000F8
:10516000C4F200010120A1F80090BFF35F8F087224
:105170004FF42540BFF35F8F088095F8850040F01D
:10518000400085F8850000BF95F98500B0F1FF3F2C
:10519000FADC052085F87F00C72085F8850095F8A2
:1051A000850000F0BF0085F8850000BF00BF00BF8C
:1051B00095F985000028FBD4012005F8020CE87F52
:1051C00040F04000E87700BF95F91F00B0F1FF3FC5
:1051D000FADC0720E8754A20E8770A20E87700BF64
:1051E00095F91F000028FBD4287840F04000287073
:1051F00095F90000B0F1FF3FFADC022005F8010C40
:10520000CA202870287800F0BF00287000BF00BFB7
:1052100095F900000028FBD495F8220040F04000EA
:1052200085F8220000BF00BF95F92200B0F1FF3FD2
:10523000FADC0420A876CA2085F8220095F822001E
:1052400000F0BF0085F8220095F922000028FBD469
:105250004FF42540A8F80000BDE8F0874FF47A70BD
:1052600000F016F85AE600BF00BF00BF00BF00BF45
:10527000006CDC0200127A000080000000366E0133
:105280000080000000CA9A3B0046C3230084D71761
:105290007047D4D4D4D4D4D440F2A041C2F2002177
:1052A00051F820007047D4D4B0B542F22404C8208D
:1052B000C4F2200401210025257100F03DF825707D
:1052C000207808B12FF005C0207840F0020020704F
:1052D00020788007FCD4002004F8020C00BF00BF37
:1052E00014F8020C08B12FF005C84FF0030E00208F
:1052F00004F11C0100BF00BF11F8102002F07F0272
:1053000001F8102000BF00BF11F91020002AFBD4C3
:1053100001300FF00FC8012000F0C2F84EF64C41EA
:105320000120C4F2010100220A70BDE8B04000F083
:105330008BB8D4D4D4D4D4D440F6A04241F20023C4
:10534000C2F20022C0F27A03484312689A420FD395
:1053500044F23F21C0F20F0111444DF68362C4F2C2
:105360001B32A1FB0212910CA0FB0101C9B11DE08F
:105370004CF60021C3F69A31B1FBF2F148F638122F
:10538000C0F24102904205D24FF47A725043B0FB12
:10539000F1F006E0B0FBF1F0904207D24FF47A71E1
:1053A0004843002808BF704700F006B84FF0FF30B0
:1053B00000F002B8D4D4D4D401380028FCD170470E
:1053C000F0B581B04CF2201540F6FC37C4F2000570
:1053D0000024C2F2002755F8200C296801EA0006D3
:1053E00006E000BF00BF00BF01340437152C09D010
:1053F00026FA04F0C007F7D039680029F4D0204617
:105400008847F1E745F8106C28683042FCD101B0BC
:10541000F0BDD4D4D4D4D4D480B54FF0100E4CF217
:1054200000304AF66021C4F20000C0F2002100BF43
:1054300031F8022B002A18BF026004300FF009C0B7
:1054400080BDD4D4D4D4D4D4EFF31081012282F31C
:10545000108840F69442C2F2002232F8103023B194
:1054600032F81030013B22F8103032F8102012B11F
:1054700081F3108870474EF2FA324AF6E45CC4F2C7
:105480000102C0F2002C13883CF8100043F42543BD
:1054900023EA0000108081F310887047D4D4D4D45C
:1054A00010B5EFF31081012282F3108840F6944288
:1054B000C2F2002232F8103083B94EF2FA3E4AF6B8
:1054C000E45CC4F2010EC0F2002CBEF800403CF8CF
:1054D0001030234343F42543AEF8003032F8103047
:1054E000013322F8103081F3108810BDD4D4D4D405
:1054F000F0B581B043F650450446C4F2000500BF44
:10550000287808B12FF005C04FF000064FF0870053
:1055100025F82C0C05F8506C8CB10020FFF7C0FF6B
:105520004EF253000127C4F2010007700020FFF77C
:105530008BFF05F8307C00BF28780007FCD40120E1
:1055400005F84E0C05F84F6C287808B12FF005C00F
:1055500042F20350C0F20500BCB14FF40C7125F8C3
:10556000081C00BF00BF00BF2978C907FCD145F85F
:105570000C0C012005F8100C47F2A83125F83C1C52
:1055800005F83A0CA5F1500014E045F80C0C012088
:1055900005F8100C47F2A83125F83C1C05F83A0C28
:1055A00015F8500CC007FBD1287808B12FF009C0BE
:1055B000A5F140000121017001B0F0BDD4D4D4D4D4
:1055C00000F00AF8FCF79CFBFEE7D4D4D4D4D4D482
:1055D00000BE7047D4D4D4D42DE9F04381B04EF648
:1055E000085840F20120CEF20008C0F20E004EF240
:1055F0000004C8F80C00CEF20104BFF34F8FBFF3D4
:105600006F8F58F8081CC1F3035001285FEA1F92FE
:1056100011F00F0F5FEA0F911142216811D102289A
:105620000FD241F0040020604EF20800BFF34F8F0C
:10563000CEF20000BFF36F8F016841F4803101604A
:1056400002E021F004002060BFF34F8FBFF36F8FA3
:105650004FF4700040F20001C8F880000020C0F252
:105660000021C8F80010FCF78BF8FFF7C1FB4EF2E1
:10567000FA304AF20251C4F20100022201804EF6D1
:10568000B021C4F201010A704FF4254101800120CC
:10569000FCF776F840F2A000C2F2002080F30A88FE
:1056A0002068800724D5D8F80000B0F1007F1FD112
:1056B00020694FF40071C0F3C300626901FA00F37E
:1056C000C2F3C30081400020DA08CB080146074638
:1056D00042F007C000BF00BFE7E802010FF005C0BD
:1056E0004FF0005243F005C0E2E802010FF005C0A0
:1056F0004AF6B834C0F20024276897B160683E4685
:10570000051D05E000BF00BF013E05F10C0508D0F6
:1057100068790028F8D155E90101091A00F06CFAFE
:10572000F2E7D4F80890B9F1000F13D0E0684E46C4
:1057300000F1080504E000BF013E05F1100509D0A5
:1057400068790028F8D155E902022968121A00F098
:1057500057FAF1E7FFF7F4FAFFF7A6FD0320FFF78A
:105760009FFE4FF00E0E40F63050C4F24000002174
:1057700020F8041B0FF005C04EF210150320C4F2F0
:105780000105FFF761FE0320FFF78AFE44F20400E3
:105790000021C4F22000016041608160C1600320EB
:1057A000FFF752FED5F8C802800714D42878A0B1BC
:1057B0000120FFF775FE00BF95F9000010F1410FC1
:1057C000FADC0020287000BF28783F28FCD8012090
:1057D000FFF73AFE01E0D5F8C802D5F8C802400745
:1057E00015D42879A8B10120FFF75AFE00BF00BFE9
:1057F00095F9040010F1410FFADC0020287100BF78
:1058000028793F28FCD80120FFF71EFE01E0D5F8DB
:10581000C8020220FBF7B4FFA7B160684FF480769E
:10582000051D05E000BF00BF013F05F10C0509D0D3
:105830006879B6EB002FF7D155E90101091A00F09C
:10584000DBF9F1E7B9F1000F16D0E0684FF480758D
:1058500000F1080405E000BFB9F1010904F11004EA
:105860000AD06079B5EB002FF6D154E90202216825
:10587000121A00F0C5F9EFE740F6A844C2F200247E
:10588000204600F080FA204600F095FABFF34F8FD3
:10589000BFF36F8F0020C8F848024BF210304BF274
:1058A0001431C0F20020C0F20021BFF34F8F081A5C
:1058B000BFF36F8F8410012C0BDB4BF21035C0F25D
:1058C000002500BF00BF00BF55F8040B8047013C16
:1058D000FAD1FFF7A1FD002001B0BDE8F04300F0D0
:1058E00003B8D4D4D4D4D4D47047D4D440B584B07D
:1058F00002AE009600F004F8029A039B04B040BD8B
:10590000B0B584B00D4602A980EAE57000911C464E
:1059100082EAE37285EAE571B0EBE57061EBE5716F
:1059200083EAE373B2EBE47263EBE47300F017F81D
:10593000DDE90223DDF820C083EAE57382EAE5723F
:10594000B2EBE57263EBE573CCE90023E21782EA80
:10595000E57250405140801A914104B0B0BD2DE92C
:10596000F04F099D844681B1C2B14BB3B1FA81F7C2
:10597000B3FA83F6F71B202F4FD3002D18BFC5E9CC
:1059800000C100200021BDE8F08FCBB30021002D25
:1059900064D00020C5E900C1BDE8F08F002B60D0C5
:1059A000002861D05F1E3B4200F08580B1FA81F78C
:1059B000B3FA83F6F71B1F2FDFD207F1010C3CE08F
:1059C000571E3A425DD0B1FA81F7B2FA82F6F71B60
:1059D00007F1210CBCF1200F24D0BCF11F0F79D8A6
:1059E000CCF1200620FA0CF721FA0CF901FA06F5A1
:1059F000B0403D434FF0000ABCF1010F2CD07CE0D9
:105A0000B0FBF2FC002D1EBF0CFB12000021C5E90B
:105A1000000100216046BDE8F08F07F1010CBCF1E8
:105A2000200F0AD14FF000094FF0200C0D464FF027
:105A3000000ABCF1010F0FD05FE0C7F11F0720FA89
:105A40000CF621FA0CF901FA07F5B84035434FF08E
:105A5000000ABCF1010F50D100248FE00020BDE806
:105A6000F08F6046BDE8F08FB1FBF3FC002D1EBF48
:105A70000CFB13100021C5E9001000216046BDE8B1
:105A8000F08F002D1EBF00230740C5E90073012AD7
:105A90000ED092FAA2F24F00B2FA82F202F01F0385
:105AA000D140D8401F23934307FA03F343EA000C85
:105AB0006046BDE8F08F002D1CBF07EA0100C5E974
:105AC00000C093FAA3F0B0FA80F021FA00F00021B0
:105AD000BDE8F08FACF12007CCF140044FF0000995
:105AE00020FA07F601FA04F52E4300FA04FA21FA27
:105AF00007F53046BCF1010FAED02CF001070126AE
:105B0000023F4FF0000B06EB570E4FEA490444EA00
:105B1000D5746D0045EAD0754000E743E943891824
:105B200043EB0708AF1A64EB0306B8F1000F56EA1F
:105B3000448457EA4585640044EAD5746D0045EA1B
:105B4000D07540EADA70AE1A6FEA050164EB03071C
:105B500089184FEA40006FEA0401594157EA448925
:105B600056EA4585CC0F4BEA4A010027A34640EA96
:105B7000D170490041EAD87A0FF039C85FEACC7198
:105B80001ED06F004FEA490147EAD07741EAD5714C
:105B9000B7EB020C4FEA400061EB030EFD435219D4
:105BA0006FEA010653EB060240EADA705EEA4189C9
:105BB0005CEA4785D10F44EA4A0200270C46924628
:105BC0004FEADA7141EA400009994FEA4A02002996
:105BD00018BFC1E9005940EA070122F00100204343
:105BE000BDE8F08F40B584B002AE0096FFF7B7FE77
:105BF000029A039B04B040BD0A46002100F076B82B
:105C0000844641EA000313F0030349D1403A23D309
:105C10000B6803604B6843608B688360CB68C3602C
:105C20000B6903614B6943618B698361CB69C36114
:105C30000B6A03624B6A43628B6A8362CB6AC362FC
:105C40000B6B03634B6B43638B6B8363CB6BC363E4
:105C500040304031403ADBD230320BD30B68036026
:105C60004B6843608B688360CB68C3601030103131
:105C7000103AF3D20C3205D351F8043B40F8043B00
:105C8000043AF9D2043208D0D2071CBF11F8013B04
:105C900000F8013B01D30B8803806046704700BFCA
:105CA000082A13D38B07B1D010F00303AED0C3F191
:105CB0000403D21ADB071CBF11F8013B00F8013BBB
:105CC000A4D331F8023B20F8023B9FE7043AD9D332
:105CD000013A11F8013B00F8013BF9D20B7803704F
:105CE0004B7843708B7883706046704770B484073C
:105CF00046D0541E002A41D0CDB2034602E0621EB7
:105D0000E4B3144603F8015B9A07F8D1032C2ED9AB
:105D1000CDB245EA05250F2C45EA054519D9264699
:105D200003F11002103E0F2E42F8105C42F80C5C9A
:105D300042F8085C42F8045C02F11002F2D8A4F1C7
:105D4000100222F00F0204F00F041032032C13444F
:105D50000DD91E462246121F032A46F8045BFAD8C4
:105D6000221F22F00302121D134404F003042CB17D
:105D7000C9B21C4403F8011BA342FBD170BC70479D
:105D800014460346C2E710B540F2980140F2000203
:105D9000C0F20021C0F200020446FFF731FF40F2DA
:105DA000000040F20001C0F20000C0F200012044F7
:105DB000FFF722FF10BD40F20801C0F20001401AB7
:105DC00040F6A441C2F20021086070478178CA07FA
:105DD00001BF41F0040181704FF0FF30704710B5F2
:105DE0000022D0E85F1FC0E8532F0BB12FF007C887
:105DF00011B1481EC0B210BD816804468847B0F199
:105E0000FF3F01DDC0B210BDA2780821013008BFFC
:105E1000042142EA0100A0704FF0FF3010BDB0B580
:105E20008A7892070DD5C4B24A6820460D4690473D
:105E3000B0F1FF3F01DD2046B0BDA87840F004007E
:105E4000A8704FF0FF342046B0BD83B080B581B05C
:105E5000844603A80EC049F63C70C0F200200068DA
:105E600003AA6146009200F03DF801B0BDE8804011
:105E700003B0704770B5054649F63C70C0F200208B
:105E80000468A078800714D56668287828B1214670
:105E9000B04701350028F8D507E00A202146B04771
:105EA000B0F1FF3FC4BF002070BDA07840F00400F7
:105EB000A0704FF0FF3070BD83B080B581B08446D4
:105EC00003A80EC049F63870C0F20020006803AA8B
:105ED0006146009201F070F901B0BDE8804003B066
:105EE0007047D4D42DE9F04F99B08146807818924C
:105EF000800740F1B58518980027D9F804808A46B4
:105F0000179011A8821D0C92421E053010920E901F
:105F10000D91514611F8010B252803D08A4638B956
:105F200000F0A0BD9AF801500AF1020A252D06D111
:105F30004946C04701370028EBD500F08BBD002251
:105F400000244FF0000C4FF0000B04E01AF8015B46
:105F5000002D00F02D811FFA8BF61F2E20D8A5F101
:105F6000200010281ED8DFE810F015001D001D00CD
:105F700018001D001D001D0014001D001D001D0047
:105F800011001D00CC001D001D00C9004BF0020BCC
:105F900000E0DBE74BF0040BD8E74BF0100BD5E744
:105FA0007F2E0DD8A5F13000092840D8402E80F072
:105FB000A0800CEB8C014BF0200B00EB410CC5E7F3
:105FC000A5F14C002E2800F2F480DFE810F08F00DD
:105FD000F200F200F200F200F200F200F200F20031
:105FE000F200F200F200F200F200F200F200F20021
:105FF000F200F200F200F200F200F200F200F20011
:10600000F200F200F200A400F2008F00F2009D0006
:10601000F200F200F200F200F200F200F2002F00B3
:10602000F200F200F200F200F2002F008EE7A5F17C
:106030002400562800F2BD80DFE810F08600BB0087
:10604000BB00BB00BB00BB007400BB00BB00BB00BF
:10605000A400BB00BB00BB00BB00BB00BB00BB007F
:10606000BB00BB00BB00BB00BB00BB00BB00BB0058
:10607000BB00BB00BB00BB00BB00BB00BB00BB0048
:10608000BB00BB00BB00BB00BB00BB005800BB009B
:10609000BB00BB00BB00BB00BB00BB00BB00BB0028
:1060A000BB00BB00BB00BB00BB00BB00BB00BB0018
:1060B000BB00BB00BB00BB00BB00BB00BB00BB0008
:1060C000BB00BB006D00BB005800BB006600BB00FE
:1060D000BB00BB00BB00BB00BB00BB005700BB004C
:1060E000BB00BB00BB00BB0057002FE74BF4207B7D
:1060F0002CE704EB840100EB410427E74BF0010B94
:1061000024E74BF0080B21E70BF080004BEA8000FE
:1061100040F0800B1AE70BF480704BEA400040F42B
:10612000807B13E7002A7FF411AF17983F2E00F110
:1061300004011791006832D8B0F1FF3F32DD4BF017
:10614000200B0022844601E712B31898402E1790C6
:1061500017A90D986546CDF83C90C14690465CEA7B
:10616000348200F083FC1798402E4246C84600F166
:10617000040117910068DDF83C9050EA358C54EA30
:106180003084E3E63F2E00F26D844BF0400BDDE6F9
:10619000624600244FF0000C4FF0000BD6E60022C0
:1061A0000446D3E64BF0280BC0F1000C0022CDE6EC
:1061B0000025CDF83CC03AB1189817A917900D9852
:1061C00000F054FCDDF83CC0002C24EAE47E45F0ED
:1061D000200048BF2BF0400B61281CBFA0F16501D7
:1061E000022925D81799612801F1070121F007013B
:1061F00001F108021792A0EB050291ED000B0A9243
:1062000044D15FEA4B6058BF4FF0FF3E11A8D2B2B5
:106210007146764600F0C8FD451C4BF4C05B4FF05C
:10622000700C4FF0010EE8B28642D8BF461E5CE00B
:10623000A5F16301122900F20A8108230026DFE894
:1062400011F03501130006010601060106011300D5
:106250000601060106010601060161015D01060154
:1062600006010D0106012E011FFA8BF15FEA0B609A
:1062700000F10C811798021D17920068CA0540F1C1
:106280000C81890554BF00B240B206E15FEA4B6160
:1062900058BF4FF0060E662809D065280FD14BF481
:1062A000805B76460EF101010023652411E04BF47A
:1062B000005B012266241121764673460AE05FEAFC
:1062C0000E61A0F10204714676464FF0000308BF4C
:1062D0000121002211A8C9B2112928BF112102F001
:1062E00019FA05464FF0020EA446119B9DF848008E
:1062F000A3F10A0111F1130F38BF4FF0020EA3F101
:106300006401089111F1C70F38BF4FF0030E0F9CC5
:10631000C1074FD15FEA8B716FD41FFA8BF1202236
:1063200002EAC10211F0040F5FEA1F9110F00C0F96
:1063300045D11BF4405F0493CDE9062140F02B8248
:10634000012E4FF0010056EA80801FFA8BF12A06D9
:1063500000F06D810E9BEAB2134413F8013C302B20
:1063600040F006826B1E1A0621D02E460E9DDAB230
:10637000154415F8015C302D40F0F981B31E1A0662
:1063800015D00E9DDAB2154415F8015C302D40F0A1
:10639000EE81F31E1A060AD00E9DDAB2154415F8E6
:1063A000015C302D40F0E381351F2A06D2D1002553
:1063B0000022DDE12D22002110F00C0FB9D00029C0
:1063C0004FF0030050EA1090844212DD0A9E0D4601
:1063D0005FEA0B7117D4041B934620204946C0473F
:1063E000002800F1378301370134F6D300245A46E0
:1063F0000AE000240A9E49B10FE02B22002110F090
:106400000C0FDCD195E7241A294631B910464946CC
:10641000C047002800F11E8301379DF8480049F667
:106420009351C0F20021000749F63110C0F200205C
:1064300050EA51852878002800F0F982801B4946EF
:10644000C0B2C047013701350028F3D502E37828F0
:1064500040F09880C5F188032E4653E01798011D3F
:106460001791006849F61E71C0F20021002851EA18
:1064700000855FEA4B6058BF4FF0FF3E28467146EB
:1064800000F06AFEDDF83CC0064617E01798890563
:1064900000F18680011D17910068C11788E04FF652
:1064A000EF700BEA000B0A2375262BE017980126E4
:1064B00011AD011D179100688DF844005FEA0B7063
:1064C0000ED4B4450CD9202049466446C047002864
:1064D00000F1C082A4F1010C0137B445F3D8B446F1
:1064E0003744ACEB0604002E00F0A18215F8010B36
:1064F0004946C047013E0028F5D5ABE24BF0100BF2
:10650000102378264FF6F9700BEA00025FEA0B6061
:106510000B960AD41798011D17910668D1050AD564
:10652000900554BFB6B2F6B205E0179891050AD4AB
:10653000011D17910668002156EA010008BF2BF0E3
:10654000160278D10FE00730154620F0070002460A
:10655000416852F8086B17922A4656EA010008BFB4
:106560002BF0160267D100265FEA4B6062D500214E
:10657000012C60DA4FF6E9700BEA00010B9D48062A
:1065800037D467E025204946C047002800F16282E1
:1065900028464946C047023700287FF5BAAC59E281
:1065A000073020F007010A46496852F8080B179295
:1065B00000295A46CDF82CE048BF42F4806250EAE8
:1065C000010322D080EAE17081EAE173B0EBE1706F
:1065D00063EBE17111AC22F010060A23224600F0B1
:1065E0006DFB3146061BDDF83CC0DDF82CE04806AB
:1065F00030D54FF6FE70764500EA01002BDA002D0B
:1066000008BF21F01100714626E05FEA4B604FF0B1
:10661000000040F19E810021012CDBDA4FF6EE7084
:10662000DDF83CC000EA0B00DDF82CE014E00025AA
:1066300000229EE0002111AC3046164675462246E7
:1066400000F03CFB3146AE46DDF83CC0061B0B9D1E
:106650004806CED4084631461FFA80FBC0060AD44D
:1066600040F206401BEA000F5FEA0F9044185FEA11
:106670000B7009D526E0002D4FF0010050EA009084
:1066800044185FEA0B701DD45FEACB7008D0B646A1
:10669000644505DA06EB0C00A0EB040E644611E03D
:1066A00064450FDACDF82CE020204946C047002889
:1066B00000F1D0810F9801340137A042F4D1DDF808
:1066C0002CE004465FEACB601BD440F206401BEA94
:1066D000000F26D05FEA8B7075464FF02B0058BF35
:1066E00020205FEA4B51494648BF2D20C047002873
:1066F00000F1B0810137AE46F3467546B64514DC6D
:106700001CE030204946F346C047002800F1A28132
:1067100035B328464946C047002800F19B8102371F
:10672000DE46F3467546B64508DD30204946C0478B
:10673000002800F18F81013DB542F6DC0F985E45DF
:10674000A0EB040456EACB800744002E00F06F81D2
:1067500010984946805DC047013E0028F5D579E193
:106760000137DE46F3467546B645DEDCE6E71D46F4
:10677000049BC90652EA508113F1040F08DB8342DF
:1067800006DA4BF4005B8B4204DAD8430E1802E0C1
:106790004E1E00E00026A3F57A711FFA8BF40994CF
:1067A00024055FEA8B400395CDE9011C05940CD4C8
:1067B00011F5FA6F70464FF0050198BF0420002CC8
:1067C00058BF032101EB000C03E023EAE37000F162
:1067D000010CDDF824B0002E079A4FF000050B964F
:1067E000CBF3001182F0010251EA06900F99831851
:1067F0006344CB1A53EAC5841BF0090F11D10A9EDA
:1068000084B1604475461044441A20204946C0476C
:10681000002800F11F8101370134F6D30024AE4671
:1068200000E00A9E0798CDF800E00028069805D100
:106830004946C047002800F10D810137059800281E
:106840000ED530204946C047002800F10381C6F12B
:1068500078004946C0B2C047002800F1FB800237EB
:10686000099800070AD44CB1274430204946C04754
:10687000002800F1EF80013CF7D100240998800442
:1068800027D49DF849004946C047002800F1E2801E
:106890000B98012857DB2E204946C047002800F1FD
:1068A000D9800B98384400F1020B0398C5B2002040
:1068B000471CAF4202D20C99085C00E030204946E8
:1068C000C047002800F1C6800B98B8423846EFD187
:1068D00048E0049820EAE076851B0B98C0F1000B95
:1068E0000398C0B20F90701C06D12E204946C047B5
:1068F000002800F1AF8001373020002D04D40F991B
:106900008D42BCBF0E98405D49465E4506DDC047DE
:1069100001350137013E0028E5D59BE0C04700283E
:1069200000F198800999781CC90640F19180002EE9
:1069300040F08C802E204946C047B0F1FF3F40F325
:106940008980023773E00998C00604D407F1010B6F
:1069500008E000213EE62E204946C047002879D4B1
:1069600007F1020B02984946801BC0B2C0470028BD
:1069700070D4049E2B204946002E48BF2D20C047CE
:10698000002E48BF7642002864D4019810F5FA6FB3
:1069900015D844F6D3504946C1F26200A6FB000563
:1069A000302000EB9510C0B2C047002852D4A8098F
:1069B0004FF47A7100FB11620BF1030506E00898B1
:1069C0000BF10205324610F1C80F3BD848F21F50B8
:1069D0004946C5F2EB101746A2FB0006302000EB3B
:1069E0005610C0B2C047002834D47009642100FB9F
:1069F000117201354CF6CD404946CCF6CC401746D5
:106A0000A2FB0006302000EBD600C0B2C047002831
:106A100020D4F008013500EB8000A7EB400202F122
:106A200030004946C0B2C047002813D46F1C012C67
:106A3000FFF66FAA20204946C0470137013C0028D5
:106A4000F5D507E000980228D4D2E8E70746EEE73C
:106A50000746ECE799F8020040F0040089F80200CC
:106A60004FF0FF37384619B0BDE8F08F022AB8BFA3
:106A700070472DE9F04F42F689084FF0010CC0F243
:106A8000010804464FF0010E03E05F789C1C252F9F
:106A900029D1234613F8015B252D01D025B90AE140
:106AA0006778A31C252F1DD11C4614F8015B252DEA
:106AB00001D025B9FFE05F789C1C252F13D1234618
:106AC00013F8015B252D01D025B9F4E06778A31CEC
:106AD000252F07D11C4614F8015B252DD5D0002D9C
:106AE000D7D1E8E01C464FF0000A4FF0000900261D
:106AF00004E014F8017B002F00F0A980B346BAF13E
:106B00001F0F0AD8A7F12005102D09D80CFA05F59A
:106B100015EA080F40F07C8002E0BAF17F0F0AD836
:106B2000A7F13005092D3ED80BEB8B034AF0200A64
:106B300005EB4306DDE7A7F14C052E2D00F288801A
:106B40005E46DFE815F0670085008500850085005A
:106B5000850085008500850085008500850085000D
:106B600085008500850085008500850085008500FD
:106B700085008500850085008500850085007700FB
:106B80008500670085007000850085008500850010
:106B90008500850085002F00850085008500850023
:106BA00085002F00A5E7A7F12405562D00F250809F
:106BB0000026DFE805F0334D4D4D4D4D324D4D4D26
:106BC000324D4D4D4D4D4D4D4D4D4D4D4D4D4D4D10
:106BD0004D4D4D4D4D4D4D4D4D4D4D4D4D4D2F4D03
:106BE0004D4D4D4D4D4D4D4D4D4D4D4D4D4D4D4DD5
:106BF0004D4D4D4D4D4D4D4D4D4D3F4D2F4D384D06
:106C00004D4D4D4D4D4D2C4D4D4D4D4D2C00FFE7F7
:106C10005E466EE74AF4207AFAE76AE7B9F1000FB8
:106C20000FD1D94665E70AF080034AEA830343F0AF
:106C3000800AEDE70AF480734AEA430343F4807A5A
:106C4000E6E7F3457FF455AF6327F14600E0002700
:106C5000B9F1000F2FD0F14524D147F02003612B6B
:106C60001CBF653B022B05D80B68073323F00703D5
:106C7000083313E0A7F16303102B0AD8DFE803F011
:106C80000C09090909090909090909090909090971
:106C90000C005FEA0A6309D40B6804330EF1010E9D
:106CA00004460B609645FFF6F4AE04E00B685FEA1D
:106CB0008A54DAD4F1E7BDE8F04F70472DE9F04788
:106CC00003F01F06984691468A46054628465146D7
:106CD00032460023FEF786FF044600FB16500F469F
:106CE000A0EB0801092888BF01F13700303089F88E
:106CF0000000A81B7AF1000049D3204639463246ED
:106D00000023FEF76FFF054600FB16408A46A0EB06
:106D10000801092888BF01F13700303089F80100E7
:106D2000A01B77F1000036D3284651463246002397
:106D3000FEF758FF044600FB16500F46A0EB080173
:106D4000092888BF01F13700303089F80200A81BFC
:106D50007AF1000023D32046394632460023FEF75D
:106D600041FF054600FB16408A46A0EB08010928B2
:106D700088BF01F13700303089F8030009F10409B8
:106D8000A01B77F10000A1D24846BDE8F08709F1C9
:106D90000100BDE8F08709F10200BDE8F08709F1C4
:106DA00003094846BDE8F0872DE9F04F85B05AEC5D
:106DB000103B4FEADA77CAF30A566FF31F5A07718E
:106DC00053EA0A0408BF002E0ED040F2FF75AE420F
:106DD0003CD10421002C18BF082139440171002145
:106DE000084605B0BDE8F08F002700234FF0000AE9
:106DF0000029076037D40D2937D3190F00F1050B8F
:106E000041EA0A110491190E4FEA1A5441EA0A2183
:106E10000391190D4FEA1A4641EA0A310291190C01
:106E20004FEA1A3841EA0A410191190B41EA0A5C1A
:106E3000190A41EA0A6E190941EA0A794FEA1A1158
:106E400003F00F034FEA1A27009180E04FF6024744
:106E5000002ECFF6FF771CBFA6F2FF370AF5801A87
:106E600000290760C7D5002146E03326A6EB81053F
:106E7000C5F1200613274FF0020CA7EB81072CFA6F
:106E800006F401264FF0000E002F58BF0CFA07F44D
:106E900058BF06FA07FE06FA05F60CFA05F558BFC4
:106EA000002658BF0025D5F100094FF0000868EB17
:106EB000040C013D64F100041D4004EA0A04751B42
:106EC0007EEB040411D38C00C4F13405D4F1140416
:106ED00023FA05F7C5F120050AFA05F545EA070585
:106EE00058BF2AFA04F5EC0702D09B194AEB0E0AA8
:106EF00003EA09030AEA0C0A1F0947EA0A791F0F85
:106F00001D0B47EA0A1704971F0E45EA0A5C47EA79
:106F10000A2703971F0D1D0A47EA0A3702971F0C1D
:106F200045EA0A6E47EA0A4700F1050B13F00F0322
:106F300001974FEA1A174FEA1A544FEA1A464FEAD6
:106F40001A384FEA1A25009700F0B4802F46991A94
:106F5000092B88BF01F1270303F13001817409F087
:106F60000F030D219D1A092B88BF05F127030C295A
:106F700003F13003437498BF0C210EF00F039D1AE8
:106F8000092B88BF05F127030B2903F13003037494
:106F900098BF0B210CF00F039D1A092B88BF05F138
:106FA00027030A2903F13003C37398BF0A21019B09
:106FB0003D4603F00F039F1A092B88BF07F12703F3
:106FC000092903F13003837398BF0921029B03F061
:106FD0000F039F1A092B88BF07F12703082903F124
:106FE0003003437398BF0821039B03F00F039F1ADC
:106FF000092B88BF07F12703072903F13003037327
:1070000098BF0721049B03F00F039F1A092B88BF29
:1070100007F12703062903F13003C37298BF062145
:107020000AF00F039F1A092B88BF07F127030529D0
:1070300003F13003837298BF0521009B03F00F0317
:107040009F1A092B88BF07F12703042903F1300396
:10705000437298BF042105F00F039F1A092B88BFC4
:1070600007F12703032903F13003037298BF0321BB
:1070700008F00F039F1A092B88BF07F12703022985
:1070800003F13003C37106F00F0398BF02219A1A6F
:10709000092B88BF02F1270303F130028271012915
:1070A00098BF012104F130008BF80000084605B0BC
:1070B000BDE8F08F19F00F0348D10C2946D21EF01D
:1070C0000F0345D10B2943D21CF00F0342D10A29EB
:1070D00040D2019B13F00F037FF46DAF0929BFF479
:1070E0006AAF029B13F00F037FF473AF0829BFF45C
:1070F00070AF039B13F00F037FF479AF0729BFF440
:1071000076AF049B13F00F037FF47FAF0629BFF423
:107110007CAF1AF00F037FF485AF0529BFF482AF6F
:1071200017F00F038CD104298AD215F00F0394D1E4
:10713000032992D218F00F039CD102299AD206F0AB
:107140000F0353EA0107A2D10021ABE72F4609E75D
:107150002F4614E72F461FE7844639B370B500EB7E
:10716000010C4B1EA1F1020ECC1E0022855C85B1E4
:10717000934219D085186E7876B1964514D0AE78C2
:107180006EB1944210D0EE7866B104329142EDD1E6
:107190000AE000EB020C07E005F1010C04E005F148
:1071A000020C01E005F1030CBDE87040ACEB0000FF
:1071B0007047D4D4D4D4D4D42DE9F04F81B02DED80
:1071C000088B8EB00C780B90002C0D920C9200F076
:1071D000B4874AF6F1509FEDB89BC0F200209FEDB6
:1071E000B8AB03309FEDB8BB08900E4647F6FD796B
:1071F00000200022CDE9090206E00A988BF8000081
:107200003478002C00F0AF874AF6F950751CC0F2B4
:107210000020204490F88000000700F11381252C05
:1072200040F02D8270782A2806D00236252800F0FA
:1072300025824FF0000803E0B07803364FF00108D4
:10724000A0F130014FF0000ACAB2092A31D80AEB86
:107250008A023078C9B201EB420AA0F13001C9B20A
:1072600009291FD80AEB8A02707801EB420AA0F1C3
:107270003001C9B2092917D80AEB8A02B07801EBAC
:10728000420AA0F13001C9B209290FD80AEB8A02DB
:10729000F078043601EB420AA0F13001CAB20A2AA2
:1072A000D5D304E0013602E0023600E0033648F0B0
:1072B00002085FEA887111D5C1B2242910D10D9856
:1072C000BAF1020F0C9008EA0908A1BF0C9800EB74
:1072D0008A0004380C9016F8010BB1E74FF0FF3A22
:1072E000C1B24C392E2900F24180DFE801F0203F85
:1072F0003F3F3F3F3F3F3F3F3F3F3F3F3F3F3F3F9E
:107300003F3F3F3F3F3F3F3F3F3F253F1B3F2F3FDB
:107310003F3F3F3F3F3F183F3F3F3F3F180016F87A
:10732000010B23E016F8010B48F008081EE016F8E0
:10733000010B48F00C0819E0314611F8010B6828E0
:107340000ED17078023648F030080FE0314611F85F
:10735000010B6C2807D17078023648F00C0805E064
:1073600048F0200801E048F004080E46010600F04D
:10737000FA86C7B249F63510C0F200203946142209
:1073800000F0F9FE002800F0EE8618F0010507D1A4
:107390000C98011D0C91D0F800B06E2F04D021E0A4
:1073A0004FF0000B6E2F1DD1BBF1000F3FF428AF43
:1073B0005FEAC8603FF521AF5FEA087009D45FEA71
:1073C000487002D45FEA886008D40A98CBF80000BD
:1073D00016E700200A99CBE9001011E70A98ABF8EC
:1073E00000000DE75B2F45D0632F40F0B2805FEACD
:1073F000887058BF4FF0010A0A9850440A9004E080
:107400004FF0000BBAF1010A1AD00B98FEF7DEFC20
:10741000002800F19986BBF1000FF1D05FEA4871B6
:1074200007D48BF8000001208344BAF1010AECD1A3
:1074300006E0CBF8000004208344BAF1010AE4D14D
:107440000A9A5AE3DDE90A1630460C46FEF7BEFCFE
:1074500000280DD44AF6F951C0F20021014491F8F8
:107460008010090704F10101EED4314600F023FF3A
:10747000224610E13046079510F8011B06915E295F
:1074800050EA06875FEA48704FF00008059000F167
:10749000A3800B98FEF79AFC3B78B0F1FF3F0A9966
:1074A00051EAD191002B0A9100F049860021002574
:1074B0003E461EE000BF00BF000000000000F87F55
:1074C000000000000000F07F00000000000000004D
:1074D0005D2B26461A461D4622D0904233785FEA3D
:1074E000BF92A8425FEAC282002B41EA020100F08B
:1074F0002686741CBE420DD02D2BE9D12378002B9B
:1075000000F01D860236BC4207D05D2B2A461D4680
:10751000E3D105E01A46264600E02A461D46DCE790
:10752000002800F1CB82069A01F001015E2A5FEA91
:107530001F928A4200F0C682BBF1000F14BF0BF805
:10754000010B4FF0000BBAF1010A4FF00108A0D176
:10755000C2E20A98441E0B98FEF738FC002800F19E
:10756000F3854AF6F9510134C0F20021014491F843
:1075700080100907EFD40B9900F09DFEA7F1580089
:107580000795202800F2468100220A23DFE810F048
:1075900021004201420142014201420142014201F5
:1075A00042014201420142018B004201420142017B
:1075B00042018F00420142014201420142018D001D
:1075C000210042014201150142018B0042014201AA
:1075D0002100102310226AE00B98FEF7F7FB3B789E
:1075E000B0F1FF3F0A9951EAD191002B0A9100F0C6
:1075F000A685002100253A4610E01C4632461D466D
:107600005D2B23D0A04213785FEABF96A8425FEAC1
:10761000C686002B41EA060100F09185561CBA424D
:107620000ED02D2BE9D13378002B00F08885023263
:10763000BE4208D02C461D4616465D2BE2D105E021
:107640001C46324600E02C461D46DBE7002800F1D0
:107650003582069A5E2A5FEA1F925140C90700F000
:107660003182BBF1000F14BF4BF8040B4FF0000B3D
:10767000BAF1010A4FF00108AED12DE235460B9860
:10768000FEF7A4FB002800F15F85C1B28C4240F0F8
:1076900067850A9A01322E4609983478002C7FF4C7
:1076A000A9AD00F061BD0A2201E0082308220B9871
:1076B000CDE90523FEF78AFBC7432B2803D02D28ED
:1076C0002DD148F04008BAF1010A00F038850B9836
:1076D000FEF77CFB002800F13285F90F21444F1C96
:1076E000302820D1BAF1010462D00B98FEF76EFB6E
:1076F00000285DD4059D48F08008791C0A9115F09A
:107700000A0F01BF4FF6DF71C7F6FF71014058291C
:1077100000F0C88015F0120F08BF082506E004EB42
:10772000D7773028DED00A975446069D411E024680
:1077300041F02001392888BFA1F12602A2F13001D1
:10774000A94227D2A4F1010A0A9800240027504434
:1077500006906F43BAF1000FE4FB05170C4671D099
:107760000B98FEF733FB002870D4411E024641F00F
:107770002001392888BFA1F12602A2F130010A9A1E
:10778000AAF1010AA94202F101020A92E1D348F0EA
:10779000800805E0002400274FF0000A002803D4E9
:1077A0000A99BA4601390A910B9900F084FD50E01C
:1077B00000240A974FF0000A4FE00AEB0405CAF1D3
:1077C000000A002705E04FF0000B013FBA4500F02A
:1077D0008A800B98FEF7FAFA002800F183804AF6B7
:1077E000F951C0F20021014491F88010090776D4C4
:1077F000BBF1000FE7D05FEA487103D48BF80000BB
:10780000012002E0CBF8000004208344013FBA4588
:10781000DFD168E00B98FEF7D9FAC7432B2803D0D5
:107820002D284DD148F04008BAF1010A00F08784B4
:107830000B98FEF7CBFA002800F18184F90F214460
:107840004D1C3FE00698BA460A9006E048F08008D2
:10785000BA465FEA086040F1728460424FF000016E
:1078600061EB0A0118F0400F54EA00805AEA0181E6
:10787000BBF1000F00F03F815FEAC8620CD45FEA01
:1078800008720CD45FEA487103D45FEA886100F1A2
:107890001281CBF800002EE18BF800002BE1CBE940
:1078A000000128E1BAF1020400F001810B98FEF713
:1078B0008DFA002800F1FB80B91C0A91102535E7EC
:1078C00004EBD77540F0200169291AD06E2947D101
:1078D0004AF6EE54B0EE498BC0F2002417E00B9943
:1078E00000F0E9FCE51BBBF1000F08D05FEA48702F
:1078F0004FF0000054BF8BF80000CBF800002A4680
:10790000FAE0B0EE4A8B4AF6F154C0F2002404EBE0
:107910000A000490AAF10100CDE905502844002591
:107920000A90675D002F00F0F1800698A84200F0F1
:10793000F4800B98FEF74AFA002800F1F0802A46FE
:10794000013540F02001B942EBD00B99174600F009
:10795000B2FC0598611928443D4601380A90E3E0DD
:10796000AAF10107002479190A910A210691002140
:10797000CDE90111CDE904115FEA085109D540F0C4
:10798000200101F19F0202F0FE02062A01D2A92283
:1079900001E0D02201461144069ACBB2D2B2934202
:1079A00029D2AC4648F08005A6460397EC052AD4B8
:1079B00015F00C0F4FF010044FF00F0708BF08240C
:1079C00008BF07270A2A54EA0787019CBC421ADD30
:1079D000029F48F4C07874460A2A66D16546052B92
:1079E00041D3053B51EA138102230293039F5FEACF
:1079F000C8533DD40EE05FEA88511FD4FE2B1DD141
:107A000048F4007840E0A84674466546039F5FEA64
:107A1000C8532DD4049BC9B25343E4FB0213059C05
:107A20004FEA885204EBE274CDE9043451EA0302D0
:107A3000019A0C4652EA0292019225E020F02001C0
:107A4000582940F0A8805FEA086140F1A4800499B9
:107A5000214340F0A080102148F4006800240691E2
:107A60000021049110E00297039F5FEAC853D1D52B
:107A70000906029918BF41F0010102910121059AFE
:107A800021EA58210A440592002F00F080800B98CB
:107A9000FEF79CF900287DD4AAF1010A013F0135C7
:107AA0005FEA08513FF56BAF73E70297ADE700243B
:107AB0004FF0000AD1E6ABF800001CE05FEAC870A6
:107AC0000AD13CE30B9900F0F6FB5FEAC87000F0C6
:107AD00036830A9801380A90BBF1000F0BD0059845
:107AE0000A9A0028079D4FF0000054BF8BF8000051
:107AF000CBF8000001E00A9A079D099985F0010082
:107B000008443478002C7FF475AB2DE329460598A2
:107B1000AAEB050508440A900DE0049904E00598D5
:107B200028440A906019411C0898814240F007835C
:107B3000E84300EB0A05B0EE480B01F07CFD00289D
:107B40005ED06C1E5CD00B9D2846FEF73FF92828BE
:107B500053D10A9801300A90013C00F0F0820B9852
:107B6000FEF734F9002805D40A99292801F101010A
:107B70000A9145D05F28EFD04AF6F951C0F20021B2
:107B8000084490F8800010F00700E5D1D7E24FF0EC
:107B9000000A01E0BA460A95029F5FEA086140F1D7
:107BA000CE8218F40061059A4FEA912102FA01F1A0
:107BB00040F0200203914FF0700108BF65218A4216
:107BC00014D1BAF101071DD005900B98FEF7FEF80D
:107BD0000A99B0F1FF3F51EAD1912B280A9116D0B2
:107BE000079D2D2827D148F4806811E0079DBAF140
:107BF000000FDDF810A077D17EE0294600F05BFB96
:107C0000079D42E2079D029FDDF810A074E0079DEA
:107C1000BAF1020700F02D8106942C4605460B9818
:107C2000FEF7D4F80A99B0F1FF3F2A46254651EAFB
:107C3000D1910A9102E006944FF0FF324AF6F951D1
:107C4000C0F20021014491F8801049071AD42C4653
:107C50000B9D82461746294600F02DFB3846BAF1A7
:107C6000FF3F0A9FC8BF013F411C03D0294600F0D7
:107C700022FB013F0A9725460598029F069CDDF8E6
:107C800010A031E0791E029F00248A4604EB840193
:107C900040F2D442944200EB4101B8BFA1F130045C
:107CA000BAF1000F13D00B98FEF790F84AF6F9518D
:107CB0000A9AC0F20021B0F1FF3F014452EAD29289
:107CC0000A9291F880104907AAF10101DDD45FEA18
:107CD0004851039A54EA54B1069C0A440392BAF1FB
:107CE000000FDDF810A007D0002802D40A9901394E
:107CF0000A910B9900F0DFFA54EA0A004BD05FEAD0
:107D000008501AD4019803990A1804F00100384366
:107D1000013014EB90004AF1000118F00C0F37D03D
:107D200012F5A27F37DDB2F59B7F80F2A081039A26
:107D300000F00AFBB0EE408BA7E1352318F00C0FE2
:107D400008BF1823C3F11F0003F101010AFA00F074
:107D500024FA01F240EA02004FF60242CFF6FF7227
:107D600008BF6FF07D020592B3F11F0258BF2AFAD7
:107D700002F02AFA01F258BF0022104303F1020078
:107D80000690CDE9013709D0039801EB000E8DE094
:107D900012F12D0F71DAB0EE4B8B76E10398D646D7
:107DA000184404906200A2464FEA4E0444EADA7591
:107DB000C1F1200422FA01F725FA01FC05FA04F0CA
:107DC0003843B1F1200758BF25FA07F058BF4FF0EC
:107DD000000C50EA0C0059D14FEA8E054FEA8A0296
:107DE00045EA9A7522FA01F0002F05FA04F340EAF9
:107DF000030058BF25FA07F025FA01F358BF002306
:107E0000184348D14FEACA024FEACE0343EA5A75F3
:107E100022FA01F0002F05FA04F340EA030058BFEC
:107E200025FA07F025FA01F358BF0023184337D18C
:107E30004FEA0E1343EA1A7E4FEA0A12002F22FA83
:107E400001F00EFA04F340EA03002EFA01F358BFE2
:107E50002EFA07F058BF0023184314460498A0F1E7
:107E6000040004909ED004981446F24601308646E1
:107E70001CE0029FDDF810A038E7272A00F3F78006
:107E8000039900F08DFBB7EEC08AFEE01446AA46C7
:107E9000DDF810E00AE0DDF810E0AEF1010E03E0DD
:107EA000DDF810E0AEF1020E1446AA460698A4468C
:107EB00024FA00F1C0F120042AFA00F50AFA04F2CB
:107EC0000A43B0F1200158BF2AFA01F258BF002539
:107ED0002A4304D105985746864580F282805FEA9E
:107EE0005A070CF001034FEA3C02069D1A4307FAB9
:107EF00004F0002922FA05F340EA030058BF27FAEC
:107F000001F027FA05F358BF0023184304D10EF1FE
:107F100001050598854262DA4FEA9C0302F00102EE
:107F200043EA8A73069D1A434FEA9A0707FA04F058
:107F3000002922FA05F340EA030058BF27FA01F0AE
:107F400027FA05F358BF0023184304D10EF10205A8
:107F50000598854243DA4FEADC0302F0010243EA66
:107F60004A73069D1A434FEADA0707FA04F000291C
:107F700022FA05F340EA030058BF27FA01F027FA76
:107F800005F358BF0023184304D10EF103050598EB
:107F9000854224DA4FEA1C1302F0010243EA0A7315
:107FA0004FEA1A171A43069B07FA04F00EF1040E63
:107FB0009446002922FA03F240EA020058BF27FA49
:107FC00001F027FA03F2BA4658BF002210437FF4AB
:107FD00086AF0598BA468645FFF681AF01E0944624
:107FE000AE4602984CEA0001C84380071CBF01F06E
:107FF0000600062815D10A1D6FF0030047F10003A3
:10800000081A079D4FF6FF70019CC0F27F0077EBC6
:10801000000009D35FEA53070EF1010E4FEA320167
:1080200004E0079D019C01E011461F468908C4F148
:10803000350041EA8771C0F12003BA0821FA03F341
:1080400082401343D4F1150258BF01FA02F301FA3A
:1080500000F158BF002118F00C0F04BF0020B0EB56
:10806000135F2AD01A467746B7F5806F02DBB0EE71
:108070004A8B0AE007F2FF3022F48013B2F5801F2A
:1080800028BF43EA005242EC181BB1EE480B5FEAEE
:10809000486058BFB0EE480BBBF1000F3FF4D0A9C9
:1080A00018F00C0F03D08BED000BFFF7C9B9B7EE3A
:1080B000C00B0A9A8BED000A1FE51EF57F7FD1DB0E
:1080C0000020B0EBD34F23D11EF57F7F20DDB0EB36
:1080D000934F24D14FF60640CFF6FF7086451EDB46
:1080E0000020B0EB534F21D16FF47E7086451DDB2D
:1080F000180140EA1172AEF1040709010020B0EB4B
:10810000134FB1D11EF57E7FBE461346D8DAABE7DA
:10811000580040EAD172AEF101074900A4E7980087
:1081200040EA91728900AEF102079DE7D80040EA6B
:108130005172C900AEF1030796E7002014E00B98D6
:10814000807810F00C0F0ED00998C0B2002808BF3C
:108150004FF0FF300EB0BDEC088B01B0BDE8F08FE2
:108160000B9900F0A8F80998C0B20EB0BDEC088BCE
:1081700001B0BDE8F08F70B5830708D0002A00F089
:10818000908003785FFA81FE73453FD170BD16463B
:10819000042E65D3CAB24FF001335A4340F2001C9B
:1081A000C0F2011C03685340ACEB03052B43DB43D7
:1081B00013F0803F58D1331F042B47D345685540F7
:1081C000ACEB05042543ED4315F0803F40D1A6F10B
:1081D0000803042B3ED385685540ACEB05042543CA
:1081E000ED4315F0803F37D1A6F10C03042B35D3B6
:1081F000C5685540ACEB05042543ED4315F0803FC1
:1082000030D1103E1030032ECCD829E08446013006
:10821000561E8307BCD0002E43D003787345B5D0DB
:108220000CF10200961E8307B2D0D6B303787345D3
:10823000ACD00CF10300D61E8307A9D08EB303780F
:108240007345A3D0161F0CF10400A1E7043006E02B
:10825000043008E0083002E0083004E00C301E462C
:1082600016B91EE00C301E46721EA6F1020CA6F1D5
:10827000030ECCB20021435CA34214D08A4210D03A
:1082800045186B78A34210D08C450AD0AB78A34236
:108290000DD08E4505D0EB78A3420AD004318E4232
:1082A000E9D1002070BD084470BD681C70BDA81CD9
:1082B00070BDE81C70BD024601304FF0FF301CBF9E
:1082C0008B7813F0010300D17047D0B2421CD1E883
:1082D000DF3F4BB9C1E8D32F0BB12FF009C08A782B
:1082E00002F0F7028A7070474FF0FF30BFF32F8F14
:1082F0007047B0B588B00C4648F23931C0F2002161
:10830000002501914FF4003100910119CDE9065586
:10831000002C0490CDE9025518BF481E48BF00202C
:108320000590114668461A46FDF7DCFD002C1CBF7F
:1083300004990D7008B0B0BDD1E904239A421EBF64
:10834000531C0B61107070472DE9F04F8DB08046C3
:10835000B0FA80F000F1200B002916460C4618BF39
:10836000B1FA81FB02F10A00002A039040D43046A2
:1083700000F097FF8246304600F09AFF04A981463C
:10838000304601F006F8DDE906230AA800904046D1
:10839000214601F00BF9DDE90423054608A80F4644
:1083A00000904046214601F001F9DDE90801002274
:1083B0004019794142F10007039A012FA2EB0B0209
:1083C00002EB0A0BDDE90A23ABEB060504D101320F
:1083D0000A9243F100030B93A5EB09073D37009781
:1083E00001F002F982460F46B34549DA01205CE00C
:1083F000C6F10009484600F05BFF8246484600F09F
:1084000057FF04A90290484601F046F8DDE906232B
:108410000AA800904046214601F0C8F8DDE904238F
:10842000054608A80F4600904046214601F0BEF8D8
:10843000DDE90801002240190AEB0B057941039F91
:1084400042F1000CDDE90A23A7EB050BBCF1010F9B
:1084500004D101320A9243F100030B93ABEB060700
:10846000029E37443C37009701F0BEF882460F4623
:108470004046214600F02EFF48455FEA3F9014E059
:108480003F2D11DC4FF0FF30B5F1200200FA05F16D
:1084900058BF002158BF904028EA010124EA00009B
:1084A00008435FEA1F9000E00020BAFA8AF1002F2B
:1084B00001F1200118BFB7FA87F1ABEB010101F21E
:1084C0003E4240F2FE718A4204DD9FED330B0DB057
:1084D000BDE8F08F22EAE271012AD8BF012240F202
:1084E0005443A2EB0B029B1A07FA03F6A2F23443A1
:1084F0002AFA03F52E43A2F25445A2F23342002D8C
:1085000058BF27FA05F6F60722D04FF0FF3680F065
:10851000010006FA03F5203B58BF002558BF9E40D6
:108520002AEA050527EA06032B435FEA0F9318435F
:1085300010D1C2F120032AFA02F007FA03F318431C
:10854000B2F1200358BF27FA03F000F0010002E067
:10855000002000E00120C2F120062AFA02F307FA07
:1085600006F63343B2F1200658BF27FA06F327FA7E
:1085700002F258BF00221B1842F100026FF31F5293
:1085800053EA02075FEA1080084442EA005040ECD8
:10859000103B0DB0BDE8F08F000000000000F07F40
:1085A0002DE9F041B0FA80F50E460446002914D4B6
:1085B0003046751B00F075FE2844C71D3046BD1BB4
:1085C00000F076FE281A314600F13D02204600F008
:1085D00039FEB74248DA012160E0C6F100084046A2
:1085E00000F066FE2844311AC0F107054046CF1D51
:1085F00000F05EFE2844414600F13C02204600F0B7
:10860000FDFDB7423ADA4CF6CD4248F21F5E44F621
:10861000D35C41F259750021CCF6CC42C5F2EB1E79
:10862000C1F2620CCDF2B715A4FB02639E0806EB03
:108630008603E31A2FD106FB02F3B3F1333F27D8A9
:10864000A4FB0E36F3085343B3F1333F22D8A4FB07
:108650000C360431A4FB0534F3085343640A13F1C8
:10866000CC3FE1D3013916E01F2D0FDC4FF0FF3175
:10867000A940C9430C425FEA1F910FE01F2D05DCA2
:108680004FF0FF31A940C9430C42BCD0002105E0A6
:10869000013100E0023141455FEA3F91B0FA80F2DA
:1086A000BA1A02F19E03FE2B03DD9FED190ABDE805
:1086B000F08123EAE372012BD8BF0123DF1BA7F16E
:1086C0009603973F20FA07F6F60711D04FF0FF36D2
:1086D00081F0010106FA07F7FF4338425FEA0F977E
:1086E000394306BF20FA03F101F00101012100E046
:1086F0000021D84008446FF3DF5000285FEA118161
:10870000114440EAC15000EE100ABDE8F08100BFFC
:108710000000807F2DE9F04FA1B056EC108BB246DF
:10872000C6F30A546FF31F5AF50F58EA0A0708BF39
:10873000002C0ED040F2FF76B44215D10821002F54
:1087400008BF0421002429440171204621B0BDE85E
:10875000F08FA91C017130210124417100210160B9
:10876000204621B0BDE8F08FA4F23549002CCDE9B8
:10877000062308F001060495CDE9081006BF4FF660
:10878000CC39CFF6FF790AF5801A4FEA8A0242EA1D
:108790009870002F15905FEA0F90022C5FEA2F91DE
:1087A000B9F1000F40EA01074FEA880014900596DE
:1087B000139749D4484600F066FD0546B9F1030F0A
:1087C00088BF013D284600F07CFD0DF1580B0446A2
:1087D0002846594600F060FE1AA81CA95A4602977E
:1087E000CDE90010A5EB09002044514600F17C03BF
:1087F0004046AB4600F031FC8246152D5FD8149FF1
:108800004CF6CD46159D1EA8CCF6CC460C460090E5
:108810003846294632464FF0CC3300F0C7FEDDE93A
:108820001E01820842EA817120F0030008444042A0
:10883000F8426AD13846294600F04CFD58455FEAB7
:108840003F901290002087E0C9F1000B584600F0DD
:1088500021FD044619F1010018BF013CABEB040BEC
:10886000584600F02EFD16A9054658468B4600F0E6
:1088700090FD1AA81CA95A460297CDE90010601B6A
:1088800000F17D034046514600F0E7FB04EB090B85
:108890008246012C1BD8089B002E069D4CF6CD4627
:1088A000CCF6CC4608D0DDE91C0201381C9062F100
:1088B00000001D90002013900120129050E04CF613
:1088C000CD460020CDE91200CCF6CC4646E0089B10
:1088D0004CF6CD46069DCCF6CC463E2C25D84FF026
:1088E000FF30B4F1200200FA04F758BF0027149CAF
:1088F00058BF9040159A24EA070722EA000038433F
:108900005FEA1F901290002011E0059888B9139833
:10891000C043C01965F1000100F0DCFC58455FEA76
:108920003F9013900020129017E0002012901390B7
:1089300016E047F00200294600F0CCFCDDE91C12ED
:108940004B1E62F10005584553EA21801C9055EA00
:1089500022801D900020129013902146089B069DB6
:10896000002D0C934AD0BAF10A0071F1000001D237
:10897000012037E000274FF00A0C02204FF0640975
:108980004FF47A7842F2107E0A22A2FB0C4507EBE4
:10899000870305EB4303BAEB040471EB030320D315
:1089A000A2FB093407FB0944BAEB030371EB040390
:1089B00014D3A2FB083407FB0844BAEB030371EBA2
:1089C00004030DD3A2FB0E23043007FB0E37BAEBD2
:1089D000020371EB0703D8D2013802E0013000E056
:1089E0000230089B079A0BEB02073844B0EBD27FAA
:1089F000B8BFD00F834253EAB0800C90CDF80CB0D2
:108A00000DF1680B1D9C16AD9BE8000B0020159125
:108A1000149011900B902FE01599504632464FF06C
:108A2000CC3316AD4FEADB04009500F0BFFD14987F
:108A3000BB46129910F0FF0FDDE916235FEA1F9085
:108A4000014008EB88001291404210994942B1EB75
:108A5000400F13995FEA1F9001401391D00840EA3C
:108A6000437101EB8000AAEB4000149011988A46F4
:108A700001301190D80815905846214632464FF0E3
:108A8000CC330095CDF834B00E9400F08FFD404605
:108A9000494632464FF0CC33DDE9164B0095CDE91F
:108AA0000F9800F083FDDDE91601E20842EA4B77FA
:108AB0004FEAD109C00840EA4178B8EB070079EBEA
:108AC000DB00A9D31599BAF10A0071F1000001D2B7
:108AD00001203BE00A9700250A2202204FF00A0CF1
:108AE00064274FF47A7EA2FB0C3605EB850406EB77
:108AF0004406BAEB030371EB060322D3A2FB07364D
:108B000005FB0766BAEB030371EB060316D3A2FB62
:108B10000E3605FB0E66BAEB030371EB06030FD3AB
:108B200042F210740430A2FB042305FB0435BAEBB7
:108B3000020371EB0503D6D2013802E0013000E0F8
:108B400002300A9F4CF6CD46CCF6CC460C9A4AEA47
:108B5000010313435FEA1F93904203DD13B9012021
:108B60000B905AE71398C00771D0DDF84080324669
:108B70000F994FF0CC3316AD0095404600F016FD2E
:108B8000DDE91610C8F10003DDF848B0CA0842EA72
:108B9000407404EB82025242B3EB420F5FD1C20831
:108BA000DDF84490DDF850C0DDE90D019046324615
:108BB0004FF0CC33CDF850C0009500F0F7FC15997C
:108BC000324616984FF0CC3312905046179F0095BE
:108BD00000F0ECFC4CF6CD4216A800902046414631
:108BE000CCF6CC424FF0CC33DDE91665CDF83C80B5
:108BF00000F0DCFCF10841EA457E14980EEB81019F
:108C0000A046ED0810F0FF0FAAEB410C5FEA1F90A1
:108C1000DDE916120BEA000B12984CF6CD461595BD
:108C2000CB0843EA4274C00804EB830340EA477070
:108C30005B4209F1010916ADF908C8F10007CCF64D
:108C4000CC46D208F246B7EB430FAFD00CE00DF1A3
:108C5000400BD646DDF850C09BE8000B04E0D6463A
:108C6000DDF84490DDF850C0159A8EEA08010F989F
:108C70001346424011430B9A5FEA0F911143CA0712
:108C8000059900295FEA1F91002A04BF139A11EA8F
:108C900002010ED05FFA8CF105295FEA0F920429D8
:108CA00062EA0B025FEA9F9142EA0E0202EA010CBD
:108CB00001E04FF0010C039809EB00051EEB0C00DE
:108CC00043F10001B0F10A0271F1000201D2012367
:108CD00038E0AE4600264FF00A0802234FF0640B3E
:108CE0004FF47A7A42F210790A25A5FB087206EB56
:108CF000860402EB4402C41B71EB02021DD3A5FBE8
:108D00000B2406FB0B44821A71EB040212D3A5FB61
:108D10000A2406FB0A44821A71EB04020CD3A5FB59
:108D20000952043306FB0926421B71EB0602DCD212
:108D3000013B02E0013300E002334CF6CD467546BC
:108D4000CCF6CC460C9A93425FEADC82012A079A61
:108D50003AD1069F4FB12A441A44012AD8BF0122B2
:108D6000089F974257EAB2820C920C9A93422BDDED
:108D700005304CF6CD4741F10001CCF6CC47400818
:108D8000013B40EAC170013510EB51024FEA51013D
:108D900042F10002A2FB077626F0030707EB9607D5
:108DA0004FF0CC36D21B821A4CF6CD40CCF6CC40DC
:108DB00061F10001A2FB000702FB06724CF6CD46F2
:108DC000CCF6CC4601FB06210C9A934253EAB282C0
:108DD0002BB214B22344A3F10108012CC0F2348158
:108DE00002F00303099ACDF84880042C02F105092A
:108DF0001193149402D24FF0000AA9E0E31A22441E
:108E0000149C02F104084FF0000A1393642200231B
:108E100083460F46FCF7E6FE420800F0010042EAF6
:108E2000C17212EB510141F10001A1FB062323F0B5
:108E3000030202EB93020023891A4FF47A7240EA8C
:108E40004100394640F0300015905846FCF7CAFE04
:108E500042084CF6CD4642EAC172CCF6CC4612EB43
:108E6000510100F0010041F100024FEA5B0141EACB
:108E7000C77111EB570343F10003A3FB066525F00F
:108E8000030606EB95069B1B6FF00206CB1A4CF609
:108E9000CD41CCF6CC41A3FB011C01EB8105ABEB32
:108EA000450545F0300508F804598AEA0605159E7F
:108EB000254409F805604CF6CD46CCF6CC46A2FB1D
:108EC000065626F0030505EB9606A2EB06024CF6C5
:108ED000CD46CCF6CC4640EA42006FF0030282EA6F
:108EE0000A0240F03000224409F802004FF0CC3072
:108EF0004FEA570203FB00C062F1000202FB0600CA
:108F00004A0801F0010142EAC07212EB500040F140
:108F10000000A0FB062323F0030202EB93020023D0
:108F2000801A42F2107241EA40006FF0010181EABA
:108F30000A0140F03000214409F801005846394642
:108F4000FCF750FE0AF1040A139A52457FF45EAF13
:108F5000DDF844E0DDF84880149CBEF1000F73D0CA
:108F600042084CF6CD4742EAC172CCF6CC4712EB30
:108F700051036FEA0A0543F100032544A3FB07767A
:108F800026F0030707EB96074E08DB1BD31A4CF6B7
:108F9000CD42CCF6CC4266F1000CA3FB0227BEF119
:108FA000010F02EB8206A0EB460646F0300609F8F8
:108FB000056049D04FF0CC364CF6CD4503FB067327
:108FC0004CF6CD47CCF6CC47CCF6CC450CFB073362
:108FD000570802F0010247EAC37717EB53034CF638
:108FE000CD4743F10003CCF6CC47BEF1020FA3FB03
:108FF000077626F0030707EB9607A3EB070342EA81
:109000004302A4EB0A0303EB090642F0300206F820
:10901000022C19D064220023FCF7E4FD420800F082
:10902000010042EAC17212EB510141F10001A1FBC2
:10903000052323F0030202EB9302891A40EA410060
:1090400040F0300006F8030C099804990171C0F84B
:109050000080204621B0BDE8F08F2DE9F04F8BB0A5
:10906000490041EAD07405931646D2E90023450031
:109070002846214608AF009700F098FAD6E9022367
:10908000834606A88946009028462146DDE9087AED
:1090900000F08CFA10EB0708DDE906234AEB010A21
:1090A000DDE90801571C059C43F10005B8EB000001
:1090B0007AEB0100A4F1410455EA338357EA328286
:1090C00096E8830017EB0807F568049445EB0A055A
:1090D00010EB0B0059EB0100009457F10000CDE9B3
:1090E000062345F10001571C43F10005B0EB0804CD
:1090F00071EB0A04CDF80CB055EA338357EA32829B
:10910000CDF8089000F070FADDE91429169BC2E949
:10911000000143B3D6E900C1D6E902560398B8EB83
:109120000505DDE906236AEB06066C1E66F10007FD
:10913000B0EB0C000298DDF810B08841CDF800B01B
:1091400054EA358057EA3681571E63F10006B8EBC2
:1091500000057AEB010557EA328256EA338300F0C4
:1091600043FA5F463EE0DDE906204FEA4804D6E9CF
:1091700000EC01900598D6E90276A0F1400502982E
:1091800000954FEA4A05039945EAD87544EAD07438
:109190004300E71B65EB0606B7F1010B43EAD17309
:1091A00066F10000DEEB410173EB0C0150EA368101
:1091B0005BEA3780B4EB0803019F75EB0A035FEAB3
:1091C0002F937F0043EA420347EAD2775A1E67F1A2
:1091D0000006241A8D4152EA338256EA378300F0A2
:1091E00003FA049FDDE90623C9E900014046514620
:1091F000009700F0F9F90BB0BDE8F08FB0B584B07E
:1092000014460A4605466946104600F045F9DDE970
:109210000202013042F10002402CA0FB05014FF098
:109220000000E2FB051004DBA4F14001C84004B0DB
:10923000B0BDA4F12002D140C4F1400290400843E7
:1092400004B0B0BDB0B584B014460A4605466946C0
:10925000104600F09EF8DDE90202402CA0FB05015B
:109260004FF00000E2FB051004DBA4F14001C84010
:1092700004B0B0BDA4F12002D140C4F1400290403E
:10928000084304B0B0BD43F24141C0F2010148437C
:10929000800C704742F6FB61C0F20B014843000DA1
:1092A000704749F24F31C0F212014843C00C704779
:1092B00049F24F31C0F212014843012101EBD04085
:1092C000704749F24F31C0F212014843012101EBCE
:1092D000D04070472DE9F04F4CF6CD4E45F629446D
:1092E00042F6F50A47F6D50847F6916943F2343B52
:1092F00002460020CCF6CC4E4FF03333CCF28F2414
:10930000C8F65C7AC2F2E968C3F6FB29C3F2333BC4
:10931000A2FB0E5C4FF0CC3702FB07C7D5F133350B
:1093200001FB0E7773EB07072ED3A2FB047502FB3C
:109330000A55D7F1333701FB045573EB050722D3E8
:10934000A2FB087540F63106C1F6AC4602FB065595
:10935000D7F1333701FB085573EB050716D3A2FB92
:1093600009754CF67066CDF28826043002FB065271
:1093700001FB0921B7EB0B0271F133323A46C7D337
:109380000138BDE8F08F0130BDE8F08F0230BDE854
:10939000F08F2DE9F04F87B005464EF64F40C4F6EA
:1093A000C4608B46A5FB0001C8081A2100FB01F62A
:1093B0004AF68071C0F2002101EB0010B54209D1DC
:1093C00090E80E00C0688BE80E00CBF80C0007B0E8
:1093D000BDE8F08FD0E900924BF25001C0F20021BD
:1093E0000192D0E90223A81B51F8307001EBC000B4
:1093F000446804A800903846214600F0D7F8019B45
:10940000824602A888460090384621464A4600F027
:10941000CDF881460191DDE90201002210EB0A0737
:1094200058EB010842F10000012806D1DDE90401F2
:109430000130049041F1000005902846FFF741FFFC
:1094400004463046FFF73DFF0199241A48463A4644
:109450004346009400F0C8F86FF003024BF220136B
:1094600002EA9502C0F200239A581E2303EA45033C
:10947000DA4002F003068019DDE9042341F100011E
:10948000CBE9000138464146009400F0ADF8CBE945
:10949000020107B0BDE8F08F2DE9F04F87B08B4691
:1094A0004EF64F4105461930C4F6C461A0FB0101D8
:1094B000C8081A2100FB01F64BF27811C0F2002116
:1094C00001EB0010AE4209D190E80E00C0688BE8B5
:1094D0000E00CBF80C0007B0BDE8F08FD0E900A279
:1094E0004BF25001C0F200210192D0E90223701B1F
:1094F00051F8307001EBC000446804A80090384671
:10950000214600F053F8804602A80090BAF101020B
:1095100001988946214660F10003384600F046F87C
:1095200004468A46DDE90201002210EB080751EBF0
:10953000090842F10000012806D1DDE904010130EB
:10954000049041F1000005903046FFF7BAFE064650
:109550002846FFF7B6FE361A204651463A4643469D
:10956000009600F041F86FF003024BF2682302EA24
:109570009502C0F200239A581E2303EA4503DA40FD
:1095800002F003054019DDE9042341F10001013037
:1095900041F10001CBE9000138464146009600F058
:1095A00023F8CBE9020107B0BDE8F08FF0B5A2FBCC
:1095B00001CEA2FB0075A3FB011415EB0C05DDF831
:1095C00014C051EB0E06294644F100043246E3FB79
:1095D0000012A3FB0003401956EB030044F1000006
:1095E000CCE900203846F0BD10B5DDF808C0CCF15C
:1095F000400ECEF1200420FA0CF003FA0EF322FA0A
:1096000004F42343DCF1200458BF02FA04F302FA05
:109610000EF201FA04F440EA040058BF0022BCF143
:10962000200458BF21FA04F021FA0CF158BF0021A0
:109630001043194310BD51EC100B002821F00041DC
:1096400040F2000018BF41F00101C7F6F0708142FE
:109650005FEA9F907047496E707574203320746F75
:109660002073657420766F6C756D650D0050444DE8
:109670005F496E69740052696768742053746F7033
:10968000206661696C65643A2025750052323A2083
:109690002030782530385800525F4949435F4D41AA
:1096A000535445525F5772697465206661696C65F1
:1096B000643A203078255800506C617920646F6ED0
:1096C00065005053503A20202020307825303858FB
:1096D0000052656164205245475F4750494F3A2028
:1096E00030782558004949435F526561644D656D86
:1096F0006F72790050444D5F53746F702829206653
:1097000061696C65643A20257500436865636B6523
:1097100064204572726F723A20496E737472756379
:1097200074696F6E20427573204572726F720056B5
:10973000657273696F6E3A2030782558004556453A
:109740004E545F4552524F523A20307825580049C6
:109750004E464F202000496E707574203420746F7F
:1097600020657869740D005343422D3E484653529C
:109770003A20307825303858005269676874204F95
:1097800070656E206661696C65643A2025750054C9
:10979000696D656F7574207768656E20776169748F
:1097A00020545800444542554720005053523A2017
:1097B000307825303858000D0A3D3D3D3D3D3D3D5A
:1097C0003D204F74686572205265676973746572D5
:1097D000203D3D3D3D3D3D3D3D005245475F535998
:1097E0005354454D5F30453A203078255800525F3C
:1097F0005353495F57726974652829206661696C03
:1098000065643A2025750052333A2020307825309F
:109810003858000D0A3D3D3D3D3D3D3D3D3D205309
:109820004342205265676973746572203D3D3D3D3A
:109830003D3D3D3D3D004949435F577269746500B8
:109840005365636F6E642072656164205245475FA3
:1098500052455345543A2030782558004E6F2072B7
:1098600065636F7264696E670D005343422D3E431A
:109870005346523A20307825303858005053504CD7
:10988000494D3A203078253038580049445F30310E
:109890003A20307825580041626F727420776865ED
:1098A0006E2077616974205458004C656674204FAF
:1098B00070656E206661696C65643A20257500529A
:1098C0006561642049445F3032206661696C65647B
:1098D000004556454E545F534F554E445F444554E2
:1098E000454354494F4E005B25642E253033645D5B
:1098F00020005772697465205245475F434C4B5FA7
:109900004D414E414745525F3031206661696C657B
:10991000640052656164205245475F434C4B5F4D84
:10992000414E414745525F3031206661696C656444
:1099300000696E66006364696E6F70737578585B5A
:109940006165666741454647005741524E202000F9
:1099500052303A2020307825303858005231323A8F
:1099600020307825303858004C523A202030782565
:109970003038580050433A2020307825303858008D
:10998000524138503120736574206173204D6173EA
:1099900074657200556E737570706F7274206D65AA
:1099A0006D5F616464723A202575000D0A00525F94
:1099B0004949435F4D41535445525F5265616420AC
:1099C0006661696C65643A20307825580050444DD2
:1099D0005F53746172740050444D5F53746F700034
:1099E0005245475F434C4B5F4D414E414745525FA7
:1099F00030312077726974655B307825585D20219D
:109A00003D20726561645B307825585D001B5B32D8
:109A10004A1B5B4800506C61796261636B206D6F1B
:109A200064653A2025730D0A00496E707574203103
:109A300020746F207265636F72642061626F757449
:109A4000202575207365636F6E64730D0A00496E7F
:109A5000707574203220746F20706C61790D005223
:109A60006561642049445F3031206661696C6564DA
:109A700000486172644661756C74206F636375722F
:109A800072656420627920444542554700486172FE
:109A9000644661756C74206F6363757272656420CF
:109AA0006279206F74686572206578636570746987
:109AB0006F6E20666F72636564003D3D3D3D3D3DC8
:109AC0003D3D3D3D204D535020537461636B20203C
:109AD0003D3D3D3D3D3D3D3D3D3D00495053523AAC
:109AE0002030782530385800436865636B65642002
:109AF0004572726F723A20446976696465204279D2
:109B0000205A65726F00436865636B656420457217
:109B1000726F723A20496E76616C69642053746189
:109B20007465005245475F52455345543A2030789A
:109B3000255800436865636B6564204572726F72D7
:109B40003A204E6F20436F70726F636573736F724C
:109B50000050444D5F52494748545F43616C6C620A
:109B600061636B004552524F522000436865636B3E
:109B70006564204572726F723A20556E616C696738
:109B80006E65642041636365737300494943204FE8
:109B900070656E3A20257500506C6179696E672E8C
:109BA0002E2E00256400496E707574206E65772036
:109BB000766F6C756D65205B302C203130305D3AEE
:109BC000200D005465726D696E616C0043686563B9
:109BD0006B6564204572726F723A20556E646566DB
:109BE000696E656420496E737472756374696F6E13
:109BF00000526967687420537461727420666169E9
:109C00006C65643A202575003D3D3E200050444D72
:109C1000207265636F7264696E672061626F72742F
:109C2000656420627920686172647761726520657D
:109C300072726F720053657420566F6C756D6E3A58
:109C40002025750D0A0052313A2020307825303811
:109C5000580052413850312073657420617320538D
:109C60006C617665004C6566742053746F70206675
:109C700061696C65643A2025750050444D5F4C4520
:109C800046545F43616C6C6261636B0050444D20CD
:109C90007265636F726420646F6E653A202575206B
:109CA0006672616D65732C20706C61796261636BA3
:109CB000206D6F64653A202573004D53503A202083
:109CC000202030782530385800436865636B656420
:109CD000204572726F723A20507265636973652015
:109CE0006461746120627573206572726F720042E4
:109CF0004641522069732076616C69643A2030785D
:109D0000253038580D0A0049445F30323A20307807
:109D10002558001B5B306D004553383331315F549B
:109D200072616E736D69742829206661696C65645F
:109D30003A202575005343422D3E494353523A2061
:109D400030782530385800436865636B656420457A
:109D500072726F723A20537461636B204F76657232
:109D6000666C6F77004553383331315F5472616EE2
:109D7000736D6974004949435F496E6974005469A1
:109D80006D656F7574207768656E207761697420E2
:109D90005258006E616E00556E61626C6520746F82
:109DA00020636F6E6669677572652073616D706C94
:109DB000652072617465205B25755D20487A207787
:109DC000697468204D434C4B205B25755D20487AB3
:109DD0000050444D5F537461727428292066616994
:109DE0006C65643A2025750050444D204D69632010
:109DF0005265636F7264202F204553383331312010
:109E0000506C61796261636B20546573740D004D11
:109E100053504C494D3A203078253038580052651F
:109E200061642076657273696F6E206661696C6526
:109E30006400456E61626C65206661696C65643AB8
:109E4000202575004C65667420726F6C6C626163CE
:109E50006B2053746F70206661696C65643A2025CD
:109E600075004556454E545F444154410073746536
:109E700072656F0050444D207265636F7264207389
:109E800074617274000D0A3D3D3D3D3D3D3D3D3DDB
:109E90003D3D3D3D3D3D20496E2048617264466137
:109EA000756C74203D3D3D3D3D3D3D3D3D3D3D3D61
:109EB0003D3D3D00436865636B6564204572726F8C
:109EC000723A20496E76616C6964205043004553B4
:109ED000383331315F496E69740041626F727420AA
:109EE0007768656E2077616974205258004C65660A
:109EF00074205374617274206661696C65643A20E1
:109F00002575005465737450444D00556E7375701B
:109F1000706F7274656420696E7075740D00286EC0
:109F2000756C6C290000000000000054545220524F
:109F3000454747455300D4D40400002204000022C2
:109F40000080BB00401F0000060101010000FF046B
:109F50001010000000401901401F0000030203031D
:109F60000005FF18101000000000FA00401F00005C
:109F7000080101010000FF041010000000007D0036
:109F8000401F0000040101010000FF041010000048
:109F900000C05D00401F0000030101010000FF043C
:109FA0001010000000803E00401F0000020101016F
:109FB0000000FF041010000000E02E00401F000011
:109FC000010101010000FF041010000000401F000B
:109FD000401F0000010101010000FF0410100000FB
:109FE00000701700401F0000030401010000FF047F
:109FF0001010000000A00F00401F0000010201012E
:10A000000000FF04101000000044AC00112B000001
:10A01000040101010000FF0410100000002256009E
:10A02000112B0000020101010000FF0410100000CC
:10A0300000112B00112B0000010101010000FF04A1
:10A040001010000080881500112B00000102010192
:10A050000000FF04101000000080BB00E02E000094
:10A06000040101010000FF041010000000C05D00A9
:10A07000E02E0000020101010000FF0410100000AA
:10A0800000E02E00E02E0000010101010000FF04AD
:10A090001010000000701700E02E00000102010106
:10A0A0000000FF04101000000080BB00803E000094
:10A0B000030101010000FF0410100000004019011D
:10A0C000803E0000030203030002FF0C101000009A
:10A0D0000000FA00803E0000040101010000FF04BE
:10A0E0001010000000007D00803E00000201010110
:10A0F0000000FF041010000000C05D00803E000062
:10A10000030201010000FF041010000000803E0067
:10A11000803E0000010101010000FF04101000005A
:10A1200000E02E00803E0000030401010000FF0457
:10A130001010000000401F00803E000001020101DD
:10A140000000FF041010000000701700803E0000A7
:10A15000030801010000FF041010000000A00F0020
:10A16000803E0000010401010000FF041010000007
:10A170000044AC0022560000020101010000FF046F
:10A1800010100000002256002256000001010101BB
:10A190000000FF041010000000112B0022560000E8
:10A1A000010201010000FF0410100000808815006A
:10A1B00022560000010401010000FF0410100000FD
:10A1C0000080BB00C05D0000020101010000FF042F
:10A1D0001010000000401901C05D000003010101E2
:10A1E0000000FF041010000000C05D00C05D000012
:10A1F000010101010000FF041010000000E02E002A
:10A20000C05D0000010201010000FF041010000009
:10A2100000701700C05D0000010401010000FF0490
:10A22000101000000080BB00007D0000030201014F
:10A230000000FF041010000000401901007D000024
:10A24000030403030002FF0C101000000000FA00DA
:10A25000007D0000020101010000FF041010000059
:10A2600000007D00007D0000010101010000FF04ED
:10A270001010000000C05D00007D0000030401011B
:10A280000000FF041010000000803E00007D000070
:10A29000010201010000FF041010000000E02E0088
:10A2A000007D0000030801010000FF041010000001
:10A2B00000401F00007D0000010401010000FF04B8
:10A2C0001010000000701700007D0000030801015D
:10A2D00001007F021010000000A00F00007D0000B0
:10A2E000010801010000FF04101000000044AC0050
:10A2F00044AC0000010101010000FF041010000047
:10A300000022560044AC0000010201010000FF04DD
:10A310001010000000112B0044AC000001040101EA
:10A320000000FF04101000008088150044AC0000FD
:10A33000010801010000FF04101000000080BB00B4
:10A3400080BB0000010101010000FF0410100000AB
:10A350000040190180BB0000030201010000FF045E
:10A360001010000000C05D0080BB00000102010170
:10A370000000FF041010000000E02E0080BB000071
:10A38000010401010000FF0410100000007017001C
:10A3900080BB0000010801010000FF041010000054
:10A3A0000080BB0000FA0000030401010000FF046C
:10A3B000101000000040190100FA0000030403031C
:10A3C00001017F06101000000000FA0000FA0000F2
:10A3D000010101010000FF041010000000007D00D9
:10A3E00000FA0000010201010000FF04101000004B
:10A3F00000C05D0000FA00000104030301017F06B4
:10A400001010000000803E0000FA0000010401016D
:10A410000000FF041010000000E02E0000FA000011
:10A420000108030301017F061010000000401F0017
:10A4300000FA0000010801010000FF0410100000F4
:10A440000070170000FA0000010801010100BF03BD
:10A450001818000000A00F0000FA00000108010118
:10A4600001007F02101000000044AC008858010079
:10A47000010201010000FF0410100000002256003C
:10A4800088580100010401010000FF0410100000C1
:10A4900000112B0088580100010801010000FF0491
:10A4A0001010000080881500885801000108010183
:10A4B00001007F02101000000080BB000077010047
:10A4C000010201010000FF0410100000004019010A
:10A4D00000770100030401010000FF0410100000D8
:10A4E00000C05D0000770100010401010000FF04CD
:10A4F0001010000000E02E000077010001080101AB
:10A500000000FF0410100000007017000077010029
:10A510000108010101007F02101000000800100076
:10A52000000018D4DC0A002254AA000208AB000282
:10A53000000000000000000000000000000000001B
:10A540000000000800000000040B2C00613FC13E29
:10A55000004000C0E81F39003C00561EDC01E10647
:10A56000DC01561E3C003900E81F0004F81F0A00F9
:10A57000F01F1800DC1F3400B31F76002E1F890265
:10A5800089022E1F7600B31F3400DC1F1800F01F55
:10A590000A00F81F03000000000000000000000097
:10A5A00000000000000000000200000000010000A8
:10A5B00000000000811C00020000000030A5000225
:10A5C0000C0C0C0E0D0F0000E40A0022A4A50002E2
:10A5D000E4AA0002000000000000000000000000EB
:10A5E000000000000000000800000000040B2C0028
:10A5F000613FC13E004000C0E81F39003C00561ECC
:10A60000DC01E106DC01561E3C003900E81F0004B5
:10A61000F81F0A00F01F1800DC1F3400B31F76007B
:10A620002E1F890289022E1F7600B31F3400DC1F03
:10A630001800F01F0A00F81F0300000000000000CF
:10A640000000000000000000000000000100000009
:10A650000000000000000000011C000200000000DB
:10A66000D4A500020CFF0C0B0D0C0000100B0022F7
:10A6700048A60002E4AA0002010000000000000059
:10A6800000000000000000000000000000000000CA
:10A6900000000000000000000000FFFFFFFFFFFFC0
:10A6A000DFDFDFDFDFDF0000000000000000000070
:10A6B000000000000000000000000000000000009A
:10A6C000000000000000000000000000000000008A
:10A6D0000000000016000000000000000B00000059
:10A6E00002FFDF00000000000000000078A600026A
:10A6F0003C0B0022D0A6000264AB00020103D4D4BC
:10A700000000000001010001000000000000000046
:10A710007116000200000000FCA600020E0E0E08DA
:10A72000090A00005C0B002200A7000280AA0002B8
:10A730000100020F0F00000000000000801A060058
:10A7400000000000010C04050607000000000000E6
:10A7500000000000F91900020000000030A700020C
:10A76000880B002238A7000244AB00020001000061
:10A77000140000220F00FFFF000000010100000094
:10A78000090200000C000C010C020C030000000088
:10A7900000000000B90D0002000000006CA70002DC
:10A7A000C80B002280A70002A4AA00020400000037
:10A7B0000C000000040000000D000000104000002C
:10A7C00008010000040C00000A010000000C011543
:10A7D0000B010000000C010B0C010000000C010B30
:10A7E0000D010000000C010B0E010000000C010B1C
:10A7F0000F010000004000000002000010400000B7
:10A80000010200000000010508020000000401052B
:10A8100009020000000801000A020000000801000F
:10A820000B020000000001000C020000000001000B
:10A830000D020000000001000E02000000000100F7
:10A840000F020000000C010B00030000000C010BC4
:10A8500001030000000C010B020300001040000087
:10A8600003030000000001140704000000000114AD
:10A870000804000040040107090400004004010727
:10A880000A0400000000011F0B040000104000003B
:10A890000C040000000C010B03050000000C010B70
:10A8A00004050000000C010B05050000000C010B65
:10A8B00006050000000C010B07050000000C010B51
:10A8C00008050000000C010B09050000000C010B3D
:10A8D0000A050000000C011C02060000000C011C0F
:10A8E00003060000000C011C04060000000C011C03
:10A8F00005060000000C011C06060000000C011CEF
:10A9000007060000000C010B08060000000C010BFC
:10A9100009060000000C010B0A060000000C010BE8
:10A920000B060000000C010B0C060000000C010BD4
:10A930000D060000000C010B0E06000005040000CF
:10A940000F060000000C010B0D08000000000113B1
:10A950000E080000000001130F080000000C010B9E
:10A96000000A0000000C010B010A0000000C010BA2
:10A97000020A0000000C010B030A0000000C010B8E
:10A98000040A0000000C010B050A0000000C010B7A
:10A99000060A0000000C010B080A0000000C010B65
:10A9A000090A0000000C010B0A0A0000000C010B50
:10A9B0000B0A0000000C010B0C0A0000000C010B3C
:10A9C0000D0A0000000C010B0E0A00000008010B2C
:10A9D0000F0A0000000C011C000C0000000C011C00
:10A9E000010C0000000C011C020C0000000C011CFA
:10A9F000030C0000000C011C040C00000004011CEE
:10AA0000050C00000004011C060C00000004011CE1
:10AA1000070C00000004011C080C0000000C010BD6
:10AA2000000D0000000C0115010D0000000C0115C7
:10AA3000020D0000000C0115030D0000000C0115B3
:10AA4000040D000000080115050D0000100001159F
:10AA5000070D000055000000ACA700020000000038
:10AA600003030403050306039C009D009E009F0052
:10AA7000B300B400B600C000C400C200C100C500ED
:10AA8000111D0002E91E0002211F0002391F0002F1
:10AA9000A11F000209200002892000029920000263
:10AAA0004921000229240002112800022128000265
:10AAB00071280002092900021929000259290002FF
:10AAC00069290002592A0002692A0002712A00023B
:10AAD0000600000008000000030000000500000060
:10AAE0000A000000692D0002A12E0002F12F0002D1
:10AAF0005130000281310002E9310002F1310002DF
:10AB00002132000219330002F1340002093500023B
:10AB10001935000229350002E13500021136000224
:10AB20005936000281360002B9360002E9360002C9
:10AB300009370002313700024937000202040304DA
:10AB40000404D4D429390002B9390002C9390002F9
:10AB5000D9390002113A0002213A0002313A0002CA
:10AB6000493A000279440002514900026149000259
:10AB70007149000281490002B9490002D949000225
:10AB8000194A0002314B0002514B0002E14B000216
:10AB9000F94B0002094C0002000000680000006848
:10ABA00000000080000000800000007000000070C5
:10ABB00020000022A00000220B000000D0AB000209
:10ABC0001900000054AC00020400000098AB000221
:10ABD00000000068000000680001000D80D53568A5
:10ABE00080D535680001000D000000800000008065
:10ABF0000001000800000080000000800001000843
:10AC000000000070000000700001000A00000070E9
:10AC1000000000700001000A0000000000000000B9
:10AC200001000005000000200000002001000004D9
:10AC3000A0000022A000002200000003D004002297
:10AC4000A80C002200000003A80C0022A80C00227F
:10AC50000000000300000068000000680000009091
:10AC60000001090D00000068000000680000007885
:10AC700000010B0D000000680000006800000027C4
:10AC80000001020D00000068000000688000000262
:10AC90000001010D00000080000000800000009015
:10ACA000000109080000008000000080000000781A
:10ACB00000010B0800000080000000800000002759
:10ACC00000010208000000800000008080000002F7
:10ACD00000010108000000700000007000000090FA
:10ACE0000001090A000000700000007000000078F8
:10ACF00000010B0A00000070000000700000002737
:10AD00000001020A000000700000007080000002D4
:10AD10000001010A00000000000000000000009097
:10AD2000010109050000000000000000000000789B
:10AD300001010B05000000000000000000000027DA
:10AD40000100020500000000000000008000000279
:10AD5000010001050000002000000020000000901C
:10AD6000010109040000002000000020000000781C
:10AD700001010B040000002000000020000000275B
:10AD800001000204000000200000002080000002FA
:10AD900001000104000000220000002200000090D9
:10ADA00000010903000000220000002200000078DA
:10ADB00000010B0300000022000000220000002719
:10ADC00000000203000000221800002280000002A0
:10ADD00000000103A80C0022A80C00229800000229
:10ADE0000000010301000200080010002000616E55
:10ADF000006E66696E697479000000000000000052
:10AE00000000000000000000000000000000000042
:10AE10000000000000000000000000000000000032
:10AE20000000000000000000000000000000000022
:10AE30000000000000000000000000000000000012
:10AE40000000000000000000000000000000000002
:10AE500000000000000000000000000000000000F2
:10AE600000000000000000000000000000000000E2
:10AE700000000000000000000020202020202020F2
:10AE8000202028282828282020202020202020209A
:10AE900020202020202020202088101010101010AA
:10AEA00010101010101010101004040404040404F6
:10AEB0000404041010101010101041414141414190
:10AEC0000101010101010101010101010101010172
:10AED0000101010110101010101042424242424282
:10AEE0000202020202020202020202020202020242
:10AEF00002020202101010102000000000000000EA
:10AF00000000000000000000000000000000000041
:10AF10000000000000000000000000000000000031
:10AF20000000000000000000000000000000000021
:10AF30000000000000000000000000000000000011
:10AF40000000000000000000000000000000000001
:10AF500000000000000000000000000000000000F1
:10AF600000000000000000000000000000000000E1
:10AF7000000000000000000000D4D4D4D4D4D4D405
:10AF800000000000000000000000000000000010B1
:10AF90000000000000000000B9340332B7F4AD1423
:10AFA00010DB1AB30892540E0D307D951447BA1A6F
:10AFB00066088F4D26ADC66DF598BF85E2B7451181
:10AFC000CA96853D92BD1DEBFCA11860DCEF5216C0
:10AFD0003C92AE220BB8C1B4839D2D5B0562DA1C96
:10AFE000304C7E8F4E8BB25B16F4529F8B56A5125F
:10AFF000FBD4827643ED8AF08FE7F9311565191895
:10B0000050F19BD94A13EEB4284CF0A686C1251FF7
:10B01000035FC270CB9E4916E642889C44EB201425
:10B02000B0650836AD6EA58585F0CA14E2FD031A39
:10B030000B899979D5B13D09D8DA973A35EBCF101C
:10B04000AC363F5E73BB38CF3E6752FA44AFBA1599
:10B0500001000000000000000500000000000000EA
:10B0600019000000000000007D000000000000004A
:10B070007102000000000000350C0000000000001C
:10B08000093D0000000000002D310100000000001B
:10B09000E1F505000000000065CD1D000000000086
:10B0A000F902950000000000DD0EE902000000003A
:10B0B000514A8D0E000000009573C2480000000048
:10B0C000E941CC6B010000008D49FD1A070000002A
:10B0D000C16FF28623000000C52EBCA2B1000000A3
:10B0E000D9E9AC2D780300003D9160E458110000CF
:10B0F00031D6E275BC560000F52E6E4DAEB10100A2
:10B10000C9EA268367780800ED95C28F055A2A00A0
:10B11000A1EDCCCE1BC2D30025A4000A8BCA220409
:10B12000000000000000000000000000000000001F
:10B1300000000040955969595555545515555556B7
:10B14000040515411054554045515544404550445F
:10B1500050555545004000404004449665555655AD
:10B16000454045545141154055915555555540510F
:10B1700005010000D4D4D4D4010000000000000078
:10B180000000000000000020345065C05FC9A652D6
:10B19000BB13CBAEC440C21806C8DF7100D5A87C73
:10B1A000F56F0FDA58FC27136E4756357D2420655E
:10B1B00002C7E768E48CA41DE9E60268D7CD3961CF
:10B1C0007977FCC2405BEF16798CDE43FFA751F91B
:10B1D00091F3B278F5BDBE11E857E9D6E8BEE87B39
:10B1E000B054AC8F848D751BEA23A499E9F9D38BF5
:10B1F000B7A3714061DA3E15CEE33ECB73F9480840
:10B200008C97B427D51B7010A2BFEFB9EB85321510
:10B210004DB44DB49BBB6F1996B6076CF8E7EEAD15
:10B2200036D9B4F59135AE13222218AF4E6A684D67
:10B2300091DAAA3D4F40741E9FBD9EE006A1C098C2
:10B2400057C2A7FDA40E90170E7D497173E3208F9E
:10B25000B220D87605143B12853D7434811343B077
:10B26000AD297A5F27F4351C5445545445550504DF
:10B270000010041014044000000001405555154111
:10B28000540400004400010000000040410000445C
:10B2900050444550540055555455655100400040A8
:10B2A000010000010005010011545151545555058C
:10B2B000001541500000044010010405000000008A
:10B2C00000000406362E342E30004275696C74205E
:10B2D000776974682052656E657361732041647686
:10B2E000616E63656420466C657869626C652053A5
:10B2F0006F667477617265205061636B616765206A
:0EB3000076657273696F6E20362E342E300023
:04B310009909000295
:0200000402C92F
:04F04000FFFFFFFFD0
:04F04400EFFFFFFFDC
:04F0C000FFFFFFFD52
:04F0C400FFFFFFFF4C
:04F1200000000000EB
:04F1240000000000E7
:04000005020055C1DF
:00000001FF
