:020000040200F8
:100000002007002231A5000201A40002410E0002D7
:1000100041A5000241A5000241A5000241A5000240
:1000200000000000000000000000000041A50002E8
:10003000E10700020000000041A5000241A5000206
:10004000517E0002817D0002297F0002B17F000203
:10005000713D0002A93D0002D93D0002013E0002AF
:10006000293E0002613E0002893E0002399D0002E5
:10007000399D0002E180000271800002618100026E
:10008000E1810002B997000279890002618B0002C8
:0C009000B18C0002C98D0002D990000262
:10009C000100000000000300711200029112000226
:1000AC000000000012010002020000405B0402008C
:1000BC000002010206010A060002000000400100D5
:1000CC0009004300020100C00509040000010202FE
:1000DC00010005240010010424020205240600017D
:1000EC000524010301070583031000100904010016
:1000FC00020A000000070581024000000705020209
:10010C004000000009004300020100C00509040082
:10011C000001020201000524001001042402020562
:10012C0024060001052401030107058303100010B8
:10013C0009040100020A0000000705810200020008
:10014C000705020200020000040309041003520018
:10015C0045004E0045005300410053002C03430062
:10016C00440043002000550053004200200044008E
:10017C0065006D006F006E0073007400720061000A
:10018C00740069006F006E002E0343006F006D0059
:10019C006D0075006E0069006300610074006900F9
:1001AC006F006E007300200044006500760069004B
:1001BC006300650073001603460075006C006C004C
:1001CC002D005300700065006500640012034800A8
:1001DC0069002D00530070006500650064001C036D
:1001EC003000300030003000300030003000300083
:1001FC00300030003000300031000000B800002228
:10020C00BC000022CC000022F800002226010022B3
:10021C003C0100224E010022000018A0000000004A
:10022C000000000000000000000000A8000000001A
:10023C000000000000000000400900000000000069
:10024C001400254014002540000000001800254033
:10025C0018002540000000001C0025401C00254013
:10026C001410354016103540171035401810354015
:10027C001A1035401B1035401C1035401E103540EF
:10028C001F103540311B0002991B000200000000BA
:10029C00991B0002311B0002991B00020000000098
:1002AC00991B00020000000000000000000000008C
:1002BC000000000000000000000000000000000032
:1002CC000000000000000000000000000000000022
:1002DC000000000000000000000000000000000012
:1002EC000000000000000000000000000000000002
:1002FC0000000000000000000000000000000000F2
:10030C0000000000000000000000000000000000E1
:10031C00000000000000000000000000A120000010
:06032C00000002000000C9
:1003400083B0B0B581B0044605A840F25075C2F242
:1003500000250EC005AB4FF480712846224600935D
:100360000BF023FF287878B14DF23C610135C0F2E3
:1003700000210C6800BF00BF21460AF061FD15F89E
:10038000010B08B12FF009C001B0BDE8B04003B0C7
:100390007047D4D4D4D4D4D401460078002808BF00
:1003A0007047B0B54DF23C624D1CC0F2002214689B
:1003B00021460AF045FD15F8010B08B12FF009C0E0
:1003C000BDE8B0407047D4D483B070B581B0044666
:1003D00005A840F25075C2F200250EC005AB4FF4DF
:1003E00080712846224600930BF0DFFE4DF23C61FF
:1003F0002878C0F200210C6850B1013500BF00BF61
:1004000021460AF01DFD15F8010B08B12FF009C0B7
:100410004DF2E7200226C0F20020451C0D2000BF4F
:1004200021460AF00DFD15F8010B013EF8D101B08F
:10043000BDE8704003B0704782B080B582B08C4692
:100440000146CDE9042304AB00206246019300F08D
:1004500007F802B0BDE8804002B07047D4D4D4D4CD
:100460002DE9F04383B00F46054602A801A998463E
:10047000914601F0D1F94DF27020DDE90121C0F281
:100480000020FFF75DFF4DF23C60C0F200200468E1
:10049000DFE805F0023212224DF283100626C0F288
:1004A0000020451C442000BF21460AF0C9FC15F875
:1004B000010B013EF8D12EE04DF27F200626C0F25E
:1004C0000020451C572000BF21460AF0B9FC15F852
:1004D000010B013EF8D11EE04DF20A400626C0F2A3
:1004E0000020451C452000BF21460AF0A9FC15F854
:1004F000010B013EF8D10EE04DF255100626C0F278
:100500000020451C492000BF21460AF099FC15F83F
:10051000010B013EF8D17FB1387848B17D1C00BF96
:1005200021460AF08DFC15F8010B08B12FF009C027
:10053000202021460AF084FC4DF2C3400426C0F27C
:100540000020451C3D2000BF21460AF079FC15F82B
:10055000010B013EF8D140F250774FF48071C2F2A6
:1005600000274A46384643460BF01FFE40F2000083
:10057000C2F2002001783878D1B148B17D1C00BFAB
:1005800021460AF05DFC15F8010B08B12FF009C0F7
:100590004DF2E7200226C0F20020451C0D2000BFCE
:1005A00021460AF04DFC15F8010B013EF8D10BE095
:1005B00050B17D1C00BF00BF21460AF041FC15F878
:1005C000010B08B12FF009C003B0BDE8F083D4D40B
:1005D00082B080B582B08C460146CDE9042304ABDD
:1005E000032062460193FFF73BFF02B0BDE8804065
:1005F00002B07047D4D4D4D480B500F01DFA40F6D0
:10060000580CEFF3118EC2F2002C002383F31288F2
:10061000DCE90032C0185141013041F10001CCE960
:1006200000018EF3118880BD7047D4D4D4D4D4D4C3
:100630002DE9F0410020EFF3118880F3128800F0DB
:10064000FFF940F658070446C2F200270D463A7EED
:10065000012A0ED100F03CF958B300F0F1F904463C
:100660000D4600F0E9F900196941441C41F100050B
:100670001FE0EFF3108672B600F02AF9B8B100F06F
:100680002FF900F0D9F90022EFF3118382F31288D9
:10069000D7E9002580186941013041F10001C7E91F
:1006A000000183F3118800F0CBF904460D4686F370
:1006B0001088D7E900010019D7E902236941821A9D
:1006C00071EB030205DAD7E9020188F31188BDE86E
:1006D000F081C7E9020188F31188BDE8F081D4D424
:1006E0002DE9F04381B040F65807EFF31185C2F2CF
:1006F00000274FF0000989F31288387600F0F8F8E7
:10070000804600F0EDF885F3118800F095F900F0CF
:100710008BF944F2402100EE100AC0F20F01B8EE4E
:10072000400A9FED241A40F6500688425FEA2F9156
:10073000797680EE012A797E81EE000A9FED1E1AFD
:10074000C2F20026002944F6D351C1F2620102FE32
:10075000000AA0FB0101B6EE002AA0EE012A8809DA
:10076000BDEEC20A87ED040A7861EFF3118489F3C4
:100770001288C6F80090FFF75BFFBFF34F8FBFF3FF
:100780006F8F00BFBFF34F8FBFF36F8F0546FFF72B
:100790004FFF31682944401A306084F31188C7E95B
:1007A0000099C7E90299FFF73FFF404601B0BDE855
:1007B000F08300BF0024744900008047D4D4D4D40F
:1007C0000120FFF78DBFD4D480B540F65802002336
:1007D000C2F2002252690AF0BDF880BDD4D4D4D44C
:1007E00000F002B8D4D4D4D410B54EF63050CEF2C6
:1007F00000000068800631D543F68044CEF2000444
:10080000206CB0F1FF3F04DC4FF000402060FFF7A8
:10081000F3FED4F88001C0B202281FD321688907F3
:100820000AD50221216040F67801C2F20021D1E907
:1008300000230133C1E9002304280FD321680907ED
:100840000AD50821216040F67801C2F20021D1E9E1
:1008500002230133C1E90223062800D210BD21681A
:1008600089060AD52021216040F67801C2F20021D4
:10087000D1E904230133C1E90423062808BF10BDD0
:1008800008284FF0010C5CEA3C9E40F67801C2F269
:1008900000210622F646183108E000BF00BF00BF65
:1008A00001320831BEF1010E00D1D7E70CFA02F394
:1008B000206C1842F4D02360D1E9000310F5803099
:1008C00043F10003C1E90003EAE7D4D4D4D4D4D47B
:1008D00043F6C040CEF200000068C00F7047D4D489
:1008E00043F680404FF00041CEF2000001607047B7
:1008F00043F60041CEF20001D1F80002420440F17B
:100900008E80F0B543F60463EFF3108CCEF2000353
:1009100072B64FF000461A6822F001021A600E62A9
:100920000E661A6842F004021A60C1F880601A6804
:1009300042F002021A60D1F80022D2B2022A54D345
:100940004FF600054FF60404CFF6FF75CFF6FF749F
:100950004FF0080E042A41F805E04FF01E050D5136
:100960004FF00304C1F880404FF002070F640C60A1
:100970003BD34FF608041327CFF6FF74062A0F5116
:100980004FF60C04CFF6FF740D514FF00C04C1F874
:100990008040C1F840E00C6027D34FF610070325D4
:1009A000CFF6FF77062ACD514FF61407CFF6FF7723
:1009B0004FF01E05CD514FF03007C1F880704FF059
:1009C00020050D640F6010D0082A4FF0010252EA92
:1009D000329E062400BF00BF02FA04F50134C1F8BC
:1009E00080500D640D600FF009C84EF6FC52CEF237
:1009F0000002176847F0807747F4441717600E64C9
:100A00000E601968002241F00101196041F20001F5
:100A1000CEF200010A608CF31088BDE8F040C0F30C
:100A200080307047D4D4D4D441F63020C2F20020B4
:100A300000687047D4D4D4D44FF0FF300021704701
:100A400043F27C000021CEF2000000687047D4D44D
:100A5000B0B584B005460DF10B03312011210822F9
:100A60000524009400F030FF9DF80E0048B147F6D1
:100A70001470ADF807000DF107013120022200F0DB
:100A8000DBFF9DF80F0048B147F61570ADF8070081
:100A90000DF107013120022200F0CEFF9DF80E106B
:100AA0009DF80B008907296800F13B8010F00102D6
:100AB00000F0378040F6A0029DF80D30C2F200220F
:100AC00021F00301013B12783F2B62F3410101F158
:100AD0000101296000F236800022DFE803F03E20A9
:100AE00033393333333B333333333333333D3333BE
:100AF00033333333333333333333333333353333C4
:100B000033333333333333333333333333333333B5
:100B100033333333333333333333333333370122E4
:100B20001BE0042321F0070103EA500040F6A00374
:100B3000C2F2002340F20722AA800022AA711A7092
:100B400001442DE0072208E0052206E0062204E029
:100B5000022202E0032200E004222A71C0F3011203
:100B60008DF8062002249DF80620C0F20104D3006F
:100B7000032A4FF0030238BF24FA03F26A71C0F36C
:100B800041028DF806209DF80620042A28BF002285
:100B90000007AA7102D421F0040101E041F0040130
:100BA0000020296004B0B0BDF0B585B041F6C41690
:100BB000EFF31080C2F20026012181F3108840F685
:100BC000BC153168C4F2400529B9002185F85813D5
:100BD000402185F85813316843F6FA7701313160C6
:100BE00080F31088CFF6FE7728684FF47A7138408A
:100BF00004302860642009F0BFFB0DF106033120AA
:100C00000121082202240094012400F05DFE9DF8D9
:100C10000600102840F0D1809DF80700032840F01E
:100C2000CB8028684FF47A71384040F00500286086
:100C30000A2009F0A1FB28684FF47A71384040F08F
:100C400004002860642009F097FB0121EFF3108075
:100C500081F31088316811B1316801393160316830
:100C600029B9002185F85813802185F8581380F39D
:100C700010880DF10A033120052108220125009575
:100C8000052400F021FE9DF80A00010718D440F069
:100C900008008DF807000DF10601312002228DF8C1
:100CA000064000F0C9FE0A204FF47A7109F064FB97
:100CB0000DF10A03312005210822009500F004FE01
:100CC00044F60340ADF806000DF106013120022282
:100CD00000F0B2FE0DF10A04312003210822234660
:100CE000009500F0F1FD31200421082223460095F3
:100CF000042500F0E9FD9DF80A00C10714D140F079
:100D000001008DF807000DF10601312002228DF857
:100D1000065000F091FE0DF10A0331200421082253
:100D20000127009700F0D0FD96204FF47A7109F06A
:100D300023FB03A8FFF78CFE9DF81000042805D1C3
:100D400040F6A0000121C2F2002001700DF1060161
:100D50003120032247F61474ADF8064000F06CFE13
:100D60000DF10A03312004210822012500950426F3
:100D700000F0AAFD9DF80A00C10713D000F0FE00A4
:100D80008DF807000DF10601312002228DF8066072
:100D900000F052FE0DF10A033120042108220095D3
:100DA00000F092FD0DF1060131200322ADF806405E
:100DB00000F042FE002400E00124204605B0F0BD12
:100DC00010B540F6A404A821C2F20024204609F080
:100DD0004CFF0320206160614DF26B4040F64C11E6
:100DE000C0F20020A061C2F20021E1614FF48061F5
:100DF00021620021A1626162E16240F64C522066EC
:100E00004FF0100E4DF22860C2F200226266C4F864
:100E100068E02167E1666167BFF35F8FC0F2002081
:100E20000F3000BF00BF00BF10F8011904F8011B0C
:100E30000FF007C0BFF35F8F10BDD4D4D4D4D4D487
:100E400070B54DF2C55072B64EF62856C0F200206D
:100E5000CEF20006FFF7A0FA4DF2E720C0F2002024
:100E6000FFF79AFA7068002807D47068400010D520
:100E70004DF24430C0F2002003E04DF22830C0F2C1
:100E80000020FFF789FA4DF2E720C0F20020FFF7BB
:100E900083FA4DF27130EFF30884C0F20020FFF7BF
:100EA0007BFA4DF2E725C0F200252846FFF774FAD9
:100EB0004DF286202168C0F20020FFF785FA4DF23E
:100EC000C8406168C0F20020FFF77EFA4DF284004E
:100ED000A168C0F20020FFF777FA4DF2B910E1687F
:100EE000C0F20020FFF770FA4DF292202169C0F2A3
:100EF0000020FFF769FA4DF29E206169C0F20020E0
:100F0000FFF762FA4DF2AA20A169C0F20020FFF7B4
:100F10005BFA4DF28A10E169C0F20020FFF754FA43
:100F20004DF2C510C0F20020FFF736FA2846FFF751
:100F300033FA4DF23C203168C0F20020FFF744FA4A
:100F40004DF2525056F8241CC0F20020FFF73CFA34
:100F50004DF25C107168C0F20020FFF735FA4DF2D7
:100F60009610C0F20020FFF717FA2846FFF714FA90
:100F70004DF29230EFF30581C0F20020FFF724FA22
:100F8000306880010BD54DF29F30C0F20020FFF792
:100F900003FA4DF2E720C0F20020FFF7FDF93068B8
:100FA000C0010BD54DF21140C0F20020FFF7F4F95B
:100FB0004DF2E720C0F20020FFF7EEF93068C002E2
:100FC0002AD54DF26450C0F20020FFF7E5F94DF24A
:100FD000E720C0F20020FFF7DFF94DF2EC40214698
:100FE000C0F20020FFF7F0F94DF2A450EFF30A81B0
:100FF000C0F20020FFF7E8F94DF2CD00EFF30981D0
:10100000C0F20020FFF7E0F94DF24E20EFF30B8124
:10101000C0F20020FFF7D8F9306800030BD54DF27D
:10102000DA30C0F20020FFF7B7F94DF2E720C0F246
:101030000020FFF7B1F9306840030BD54DF2F450B2
:10104000C0F20020FFF7A8F94DF2E720C0F200201F
:10105000FFF7A2F9306880030BD54DF2BD30C0F226
:101060000020FFF799F94DF2E720C0F20020FFF7CA
:1010700093F93068C0030BD54DF27440C0F20020E4
:10108000FFF78AF94DF2E720C0F20020FFF784F95C
:101090003068800515D54DF2FB40C0F20020FFF707
:1010A0007BF94DF2E720C0F20020FFF775F93068B8
:1010B000000406D54DF221503169C0F20020FFF73F
:1010C00083F93068C0050BD54DF23010C0F2002016
:1010D000FFF762F94DF2E720C0F20020FFF75CF95C
:1010E00000BE70BDD4D4D4D440F65C5040F66051FC
:1010F000C2F20020C2F200210068096888425FEA5B
:101100000F907047D4D4D4D480B540F2A020802171
:10111000C2F2002009F0A9FD40F65C5C4DF6040027
:1011200040F66052C2F2002CC0F20020C2F200224F
:101130000023CCF80030D0E900011360BDE8804006
:1011400006F0F6BAD4D4D4D42DE9F04140F65C567A
:1011500040F66057C2F20026C2F2002732683B68B0
:101160009A4216D23A683368D21A8A4252EA3184D5
:1011700040F2A0223168C2F200221144224609F056
:1011800079FD002530682044306028462044BDE8C1
:10119000F08132683B689A4204D100200024204448
:1011A000BDE8F08132683B689A1A336880328A421F
:1011B00052EA3184C3F1800140F2A0233268C2F2C6
:1011C00000238C4203EB02011BD932688046C2F136
:1011D000800209F04FFD30683168204400228038D9
:1011E0003260C1F180053968814251EA308440F2B1
:1011F000A02108EB0500C2F20021224609F03AFDC9
:10120000C0E7224609F036FD3068002520443060F2
:10121000306880284FF00000B6D0B7E7D4D4D4D4DB
:101220000179042923D140F6605140F2A023C2F293
:1012300000218068C2F200230A68985408680130CF
:1012400008600868802801D10020086040F65C50E2
:101250000968C2F200200268914208D10168013198
:1012600001600168802918BF704700210160704744
:101270004DF60401C0F2002109684A6A1071486AFB
:10128000816C8900FCD500207047D4D4D4D4D4D448
:101290002DE9F04182B040F65C5640F66057C2F24C
:1012A0000026C2F2002700BF30683968884201D1A9
:1012B00000BFF9E730683968884213D2386831686E
:1012C000884240F2A0213068C2F200215FEA0F9408
:1012D00001440DF10700224609F0CCFC306820449F
:1012E000306003E030683968884204D19DF8070017
:1012F00002B0BDE8F08130683968081A40F2A022D7
:1013000010F1800530685FEA0F94C0F18000316809
:10131000C2F200221144A0421DD230680DF107082C
:10132000C0F18002404609F0A5FC002D6FF07F005F
:1013300050EA0090316800220844316832603A680F
:10134000824252EA3084A8EB010040F2A0218030B2
:10135000C2F20021BFE70DF10700224609F08AFC26
:1013600030682044306030688028BFD10020B7E763
:101370009AB000200025FFF7B3F9FFF721FDFFF732
:10138000C3FE4DF20930C0F2002009F084FD4DF299
:101390003F50C0F2002009F07EFD4DF2F8304DF2D2
:1013A0003951C0F20020C0F2002109F05FFD00F0C9
:1013B00073FAFFF7F9FB4DF27060C0F20020D0E93C
:1013C0000041204607F0DCFD20462C4607F020FEB9
:1013D0004DF23070C0F20020D0E90051284607F0ED
:1013E000BFFE2846039508F087F84DF21E20C0F294
:1013F000002009F050FD10A8FFF72AFB9DF84400DB
:1014000040F6645A40F67859C2F2002A0428C2F223
:10141000002940F0D9814DF2B620C0F2002009F039
:101420003AFD4DF2C470CAF80040C0F20020D0E985
:101430000061304605F0F8FC4DF2DC00C0F20020FF
:1014400009F029FD40F668550DF1400BC2F2002568
:101450000DF167079FEDE08A9FEDE09A9FEDE0AA0E
:1014600010E000BF00BF00BF4DF2B620C0F2002068
:1014700009F011FD4DF2DC00CAF80040C0F2002076
:1014800009F009FD05A80DF1130105F091FF9DF884
:10149000130007281CD19DF821000002B0F5085F59
:1014A00011D0B0F5045F08D0B0F5005F10D107226D
:1014B0003046294606F010F80AE007223046294651
:1014C00006F042F804E00021304606F075F800BF4F
:1014D000FFF70AFE002800F02E8140F67054082124
:1014E000C2F200242046FFF72FFE2078322863D076
:1014F000312840F0DD804DF2D440C0F2002009F0E8
:10150000CAFC4DF2B3504FF48011C0F2002009F034
:10151000ADFC039807F0F8FF40F67C544FF4FF71E0
:10152000C2F200247422204609F09AFB40F60D20F6
:10153000A4F8FE01FFF77CF8FFF746F981468846DC
:10154000002400BF00BF00BF40F67C514FF4007282
:1015500080233046C2F2002105F07AFD00BF00BFB3
:101560005846394605F024FF0120012108F004FF08
:101570009DF867000A28F3D10134B4F5006FE3D178
:10158000FFF756F8FFF720F981EA080280EA09031D
:101590001A4300F08380B0EB090461EB0808204691
:1015A000414609F05BF900EE100A4DF2314088EE39
:1015B000000AC0F2002092E04DF21130C0F200208B
:1015C00009F069FC4DF2B3504FF48011C0F20020D5
:1015D00009F04CFC039807F097FF4DF299404FF447
:1015E0008011C0F2002009F041FC4FF0000A4FF0DA
:1015F000000908E000BF00BF12984FF001098244C3
:10160000BAF5801F40D240F67C514FF4007280231F
:101610003046C2F2002105F0CFFC03E000BF00BF5E
:10162000092825D05846394605F0C2FE9DF86700C6
:101630000728F5D19DF84D000002B0F5085F11D0E4
:10164000B0F5045F08D0B0F5005FEBD1072230465B
:10165000294605F041FFE5E707223046294605F017
:1016600073FFDFE70021304605F0A6FFDAE700BF91
:101670005FEAC970C0D1FEF7DBFFFFF7A5F80446AB
:101680008846B9E700BF00BFFEF7D2FFFFF79CF81E
:1016900081EA080280EA04031A4311D14DF2900056
:1016A000C0F2002009F0F7FB25E000BF00BF00BF3B
:1016B0004DF27800C0F2002009F0EDFB002428E094
:1016C000041B61EB08082046414609F0C7F800EE0C
:1016D000100A4DF2F21088EE000AC0F2002020EE4F
:1016E000090A20EE0A0AB7EEC00A8DED000B224669
:1016F000434609F0BBFB40F6645A0024C2F2002ABC
:1017000040F67859C2F20029CAF80040039807F061
:10171000F3FEFFF7E9FC40F67058C2F2002840B132
:1017200008214046FFF710FDFFF7DEFC08B12FF05F
:1017300009C8C8E9004443F69921DAF80000884254
:1017400007D34DF2DC00CAF80040C0F2002009F0D7
:10175000A2FB99F8000008B92FF06DC10EA8FFF7A1
:1017600077F99DF83800C0077FF48CAE4DF24450F5
:10177000C0F2002009F08FFB4DF21E20C0F20020C5
:1017800009F089FB5846FFF763F900BF00BF00BFAF
:101790009DF8440004283FF467AE99F8000020B19A
:1017A000584689F80040FFF753F941F28931DAF8D9
:1017B00000008842ECD34DF21E20CAF80040C0F26F
:1017C000002009F068FBE3E74DF21E2741F289365D
:1017D000C0F2002710AD0CE0000080490000803A04
:1017E00000007A4400BF00BF9DF8440004283FF485
:1017F00012AE99F8000020B1284689F80040FFF7A2
:1018000027F9DAF80000B042EED33846CAF80040B3
:1018100009F041FBE8E7D4D4F0B581B00C460546A9
:10182000FEF706FFFEF7D0FF4FF47A72002306465C
:101830004FF47A7709F08EF800FB17612860216079
:1018400001B0F0BDD4D4D4D44068182818BF704774
:1018500040F678500121C2F2002001707047D4D4C4
:101860000079002818BF704740F66450C2F200208B
:101870000168013101607047022818BF704740F6C7
:1018800090704DF6B821C2F20020C0F2002106F09F
:10189000E7BCD4D4D4D4D4D410B54DF2AC60C0F2EB
:1018A0000020D0E9000106F0C3FD04464DF282504D
:1018B0004DF25E41C0F20020C0F200212246FEF748
:1018C000BBFD204610BDD4D42DE9F04381B098462D
:1018D0000D460146082A18BF102A59D140F69870C3
:1018E0004DF2AC64C2F20020C0F20024406888428D
:1018F00005D020681646012206F00EFE324640F65C
:101900007C77082AC2F200274FF00000387001D11E
:10191000012204E0280A8DF8035002220546D4F87B
:1019200000900DF10201012348468DF8025006F0A7
:10193000CFFD60B105464DF221104DF2AD01C0F270
:101940000020C0F200212A46FEF742FE5BE04FF283
:10195000C026089DCFF6FC76344600BF00BF00BF0E
:101960003878400721D43878C0073FD101200121C1
:1019700008F002FD0134F3D34DF221104DF26E1147
:10198000C0F20020C0F20021FEF722FE14253AE04A
:101990004DF221104DF2D021C0F20020C0F2002102
:1019A0002A46FEF715FE06252DE00020387000239C
:1019B000484641462A4606F083FD90B105464DF261
:1019C00021104DF2EA21C0F20020C0F20021BAE756
:1019D0003878C0071BD10120012108F0CDFC013669
:1019E0001ED238788007F3D500250CE04DF2211087
:1019F0004DF25D21C0F20020C0F20021FEF7E8FDAB
:101A0000387800F00105284601B0BDE8F0834DF2BA
:101A100021104DF20E61C0F20020C0F20021EDE76E
:101A20004DF221104DF28B51C0F20020C0F2002186
:101A3000AAE7D4D4D4D4D4D470B540F6987603466B
:101A4000C2F20026706898424DF2AC60C0F20020ED
:101A5000046808D01546012220460E46194606F0B5
:101A60005BFD31462A4640F67C750020C2F2002517
:101A700001232870204606F02BFD68B104464DF284
:101A8000E8104DF2AD01C0F20020C0F20021224664
:101A9000FEF79EFD204670BD4FF2C024CFF6FC74C9
:101AA0002878400714D42878C00713D101200121D9
:101AB00008F062FC0134F3D34DF2E8104DF26E11E0
:101AC000C0F20020C0F20021FEF782FD142070BD9C
:101AD000002070BD4DF2E8104DF25D21C0F20020F3
:101AE000C0F20021FEF774FD287800F0010070BDFF
:101AF00000790138C1B2022988BF704740F67C7274
:101B0000C00040F20121C2F20022C0B2C0F20401C2
:101B100021FA00F01178084310707047D4D4D4D45F
:101B200080B5FFF725FC002080BDD4D4D4D4D4D414
:101B300041F23C51C2F200210988012918BF7047C7
:101B400080B58AB0838CD0E90312891A0391D91E1B
:101B5000827F89B28DF8062002294FF080028DF82D
:101B6000072006D84DF6F222C0F2002232F81110FA
:101B700001E040F2DC5190F82000ADF808108DF83B
:101B8000040001A9092002F0F7FE0AB0BDE8804078
:101B90007047D4D4D4D4D4D441F23C51C2F2002101
:101BA0000988012918BF704780B58AB090F82010C5
:101BB00041F29C53C2F20023827F808C8DF8062074
:101BC0005B5C93426FF07F0252EA029201388DF81B
:101BD000072018BF40F2DC50ADF808008DF8041063
:101BE00001A90A2002F0C8FE0AB0BDE88040704793
:101BF00010B5044661B100F0B7FF204600F0CCFFFD
:101C0000C0050FD4204601F01FF86FF3DF2010BD90
:101C100000F03EFFC0050ED4204600F069FF00F042
:101C20007F0010BD204600F0FBFF6FF03F0101EA8E
:101C30001010403010BD4FF4807010BDD4D4D4D4F7
:101C4000F0B581B0044690F8206041F2B0500D46E6
:101C5000C2F20020002730F8160002280FD141F20E
:101C600090102946C2F2002040F82570204603F06B
:101C70007FFC013894F8206002285FEA2F97204605
:101C8000294600F0ADFD2046294600F0E5FD20463E
:101C9000294600F029FE2046294602F04DFE204646
:101CA000294600F061FF41F2B8106421C2F2002021
:101CB00016FB010005EB850100EB410232F8021F23
:101CC00017B141F48061118005EB850200EB4207FA
:101CD000204600F079FF012E03D1B988204600F09C
:101CE0008BFFF988204600F0C7FF3989204600F0B5
:101CF000DBFF0021204600F037FF2046294601F097
:101D000077F82046294602F0FFFD2046294601F0DB
:101D10000FF82046294600F013FE2046294600F021
:101D20002FFE2046294601B0BDE8F04000F048BE35
:101D3000B0B5044690F8200041F2B0520D46C2F210
:101D4000002232F81000022806D141F29010002142
:101D5000C2F2002040F825102046294602F0ECFD92
:101D60002046294600F03CFD2046294600F074FD3F
:101D70002046294600F0B8FD00214FF4004248F209
:101D80002F03204600F0B0FA0021204600F070FA40
:101D900010F02F0FF8D12046294600F0E5FE002173
:101DA000204600F011FF0021204600F025FF002111
:101DB000204600F061FF0021204600F075FF002161
:101DC000204600F0D1FE2046294601F011F82046B9
:101DD000294602F099FD2046294600F0A9FF204639
:101DE000294601F095F82046294601F0B1F8204631
:101DF000294600F0A5FD2046294600F0C1FD2046F9
:101E00002946BDE8B04000F0DBBDD4D4D4D4D4D44E
:101E100070B51546013A022A0E4604460DD22046F8
:101E20002946324600F0A8FB2046294600F020FA59
:101E300000F00F00B042F7D116E0002D18BF70BDC2
:101E400043EA0605002145F4004248F22F032046EC
:101E500000F04AFA00BF00BF0021204600F008FA57
:101E600000F02F00A842F7D170BDD4D4D4D4D4D47C
:101E7000B0B50C46054601F04BF828462146BDE8B2
:101E8000B04001F065B8D4D4F0B581B001220C4661
:101E9000054600F0FDFF00264FF6FF7700BF00BFAC
:101EA0002846214600F018FF800602D50136BE42C2
:101EB000F6D101B0F0BDD4D470B51446013A022A6F
:101EC0000E4605460DD228462146324600F054FB08
:101ED0002846214600F0CCF900F00F00B042F7D1BF
:101EE00012E08CB91E43002146F4004248F22F0351
:101EF000284600F0F9F900BF0021284600F0B8F9A3
:101F000000F02F00B042F7D1002600BF00BF00BF95
:101F10002846214600F098FB81040DD4284600F0A5
:101F200023F8284600F0A4F80A2001F011FF632EE0
:101F300006F10106ECD3FF2070BDD4D4D4D4D4D4A0
:101F400070B514460D46064601F002F830462946A3
:101F5000224601F01DF830462946BDE8704000F0E9
:101F6000B7BFD4D4D4D4D4D490F8200041F2B05127
:101F7000C2F2002131F8101002290AD1002841F2E2
:101F80000000C4F2350004BF0020C4F22500008820
:101F9000704700207047D4D4012818BF704741F221
:101FA0000000C4F23500018841F48071018070475F
:101FB00090F8201041F2B050C2F20020012930F810
:101FC000110008BF022800D0704741F20000C4F29F
:101FD0003500018821F4807101807047D4D4D4D4B5
:101FE00090F8201041F2B050C2F20020012930F8E0
:101FF000110008BF022800D0704741F20000C4F26F
:102000003500018841F0800101807047D4D4D4D4D8
:1020100090F8202041F2B050C2F20020012A30F89E
:10202000120008BF022800D0704741F24010C4F2ED
:1020300035000288114301807047D4D4D4D4D4D45D
:1020400090F8202041F2B050C2F20020012A30F86E
:10205000120008BF022800D0704741F24010C4F2BD
:102060003500028822EA010101807047D4D4D4D41B
:1020700090F8200041F2B051C2F2002131F8101066
:1020800002290AD1002841F20400C4F2350004BF3D
:102090000420C4F225000088704700207047D4D483
:1020A00090F8200041F2B051C2F2002131F8101036
:1020B00002290AD1002841F20800C4F2350004BF09
:1020C0000820C4F225000088704700207047D4D44F
:1020D00090F8202041F2B050C2F2002030F81200F7
:1020E00032B1022802BF41F20C00C4F23500018077
:1020F0007047D4D4D4D4D4D490F8200041F2B05254
:10210000C2F20022012832F810204FF0000008BF70
:10211000002900D07047022A02BF41F21400C4F225
:10212000350000687047D4D490F8203041F2B050A8
:10213000C2F20020012B30F8130008BF002900D0A4
:102140007047022802BF41F21400C4F23500026059
:102150007047D4D4D4D4D4D490F8202041F2B050D5
:10216000C2F20020002930F812304FF0000008BF02
:10217000022B00D07047012A05D141F21600C4F2AB
:102180003500008870471420C4F22500008870478D
:1021900090F8203041F2B050C2F20020012B30F80C
:1021A000130008BF022809D002291FD0012912D02C
:1021B00029BB1420C4F2250002807047022919D0DF
:1021C00001290DD0002918BF704741F21600C4F252
:1021D0003500028070471420C4F2250082807047C9
:1021E00041F21600C4F23500828070471420C4F218
:1021F000250003E041F21600C4F235000281704769
:1022000090F8203041F2B050C2F20020012B30F89B
:10221000130008BF022809D002291FD0012912D0BB
:1022200029BB1420C4F2250002707047022919D07E
:1022300001290DD0002918BF704741F21700C4F2E0
:102240003500027070471420C4F2250002717047F7
:1022500041F21700C4F23500027170471420C4F235
:10226000250003E041F21700C4F235000272704706
:1022700090F8202041F2B050C2F2002030F8120055
:1022800002280FD102291ED001290ED051B92020D9
:10229000012AC4F2250004BF41F22000C4F2350037
:1022A00000887047002000887047202041F22001FC
:1022B000C4F22500C4F235010830012A08BF01F13B
:1022C000080000887047202041F22001C4F2250058
:1022D000C4F235010C30012A08BF01F10C0000885E
:1022E0007047D4D4D4D4D4D490F820C041F2B050A4
:1022F000C2F2002030F81C0002280FD1022922D09F
:10230000012912D051B92020BCF1010FC4F22500DF
:1023100004BF41F22000C4F2350000E00020018833
:102320001A409943114401807047202041F2200156
:10233000C4F22500C4F235010830BCF1010F08BF1A
:1023400001F10800EBE7202041F22001C4F2250052
:10235000C4F235010C30BCF1010F08BF01F10C00D3
:10236000DDE7D4D4D4D4D4D490F8202041F2B050B6
:10237000C2F2002030F8120002280ED102291FD02C
:10238000012910D049B92020012AC4F2250004BF38
:1023900041F22000C4F2350000E00020018821F461
:1023A000005101807047202041F22001C4F2250035
:1023B000C4F235010830012A08BF01F10800EDE739
:1023C000202041F22001C4F22500C4F235010C3076
:1023D000012A08BF01F10C00E0E7D4D4D4D4D4D44E
:1023E00010B590F8202041F2B053C2F2002333F828
:1023F0001230022B0ED1022930D0012920D049B948
:102400002024012AC4F2250404BF41F22004C4F2AE
:10241000350400E0002401F0A3FC218840B14EF611
:10242000F0700840208000BF20880007FCD102E047
:1024300021F480502080208840F48050208010BDFE
:102440002021012AC4F2250101F1080441F22001F2
:10245000C4F2350108BF01F10804DCE72021012A9C
:10246000C4F2250101F10C0441F22001C4F235014E
:1024700008BF01F10C04CEE790F8202041F2B050E3
:10248000C2F2002030F8120002280ED102291FD01B
:10249000012910D049B92020012AC4F2250004BF27
:1024A00041F22000C4F2350000E00020018821F450
:1024B000805101807047202041F22001C4F22500A4
:1024C000C4F235010830012A08BF01F10800EDE728
:1024D000202041F22001C4F22500C4F235010C3065
:1024E000012A08BF01F10C00E0E7D4D4D4D4D4D43D
:1024F00090F8200041F2B05CC2F2002C3CF81030A1
:10250000022B0ED1022929D001291AD049B9202144
:102510000128C4F2250104BF41F22001C4F23501B3
:1025200000E000213CF81000022809D10888002AA8
:1025300020F44060088008BF704708881043088076
:102540007047202141F22003C4F22501C4F2350373
:102550000831012808BF03F10801E3E7202141F217
:102560002003C4F22501C4F235030C31012808BF51
:1025700003F10C01D6E7D4D4B0B582B090F8203086
:1025800041F2B055C2F20025144635F81350022D21
:102590000ED1022922D0012912D0B9BB2025012B4E
:1025A000C4F2250504BF41F22005C4F235052EE032
:1025B0000025013901292A88ADF806201ED929E015
:1025C0002021012BC4F2250101F1080541F220016F
:1025D000C4F2350108BF01F108050CE02021012BF0
:1025E000C4F2250101F10C0541F22001C4F23501CC
:1025F00008BF01F10C052988ADF8061001F0B0FB09
:1026000040B9BDF8060020F4805001E0002528887C
:10261000ADF80600BDF8060020F00F00ADF806008A
:10262000BDF80600288000BF28880007FCD1BDF84F
:1026300006002043ADF80600BDF80600288002B071
:10264000B0BDD4D4D4D4D4D490F8202041F2B0502A
:10265000C2F2002030F8120002280FD102291ED049
:1026600001290ED051B92220012AC4F2250004BF4D
:1026700041F22200C4F23500008870470020008833
:102680007047222041F22201C4F22500C4F2350134
:102690000830012A08BF01F1080000887047222095
:1026A00041F22201C4F22500C4F235010C30012AA6
:1026B00008BF01F10C0000887047D4D4D4D4D4D41E
:1026C00090F8202041F2B050C2F2002030F8120001
:1026D00002280ED102291FD0012910D049B9222089
:1026E000012AC4F2250004BF41F22200C4F23500E1
:1026F00000E00020018841F4004101807047222061
:1027000041F22201C4F22500C4F235010830012A49
:1027100008BF01F10800EDE7222041F22201C4F2D6
:102720002500C4F235010C30012A08BF01F10C006C
:10273000E0E7D4D4D4D4D4D490F8202041F2B050DF
:10274000C2F2002030F8120002280ED102291ED059
:1027500001290FD049B92220012AC4F2250004BF63
:1027600041F22200C4F2350000E000204FF4804125
:1027700001807047222041F22201C4F22500C4F2F8
:1027800035010830012A08BF01F10800EEE72220D8
:1027900041F22201C4F22500C4F235010C30012AB5
:1027A00008BF01F10C00E1E790F8200041F2B052BF
:1027B000C2F2002232F81020022A18BF7047002807
:1027C00041F23600C4F235004FF0010204BF36205A
:1027D000C4F2250002FA01F102881143018070471A
:1027E00090F8200041F2B052C2F2002232F81020DC
:1027F000022A18BF7047002841F23600C4F23500A3
:102800004FF0010204BF3620C4F2250002FA01F1A4
:10281000028822EA010101807047D4D4D4D4D4D4F0
:1028200090F8200041F2B052C2F2002232F810209B
:10283000022A18BF7047002841F23800C4F2350060
:102840004FF0010204BF3820C4F2250002FA01F162
:10285000028811430180704790F8200041F2B05285
:10286000C2F2002232F81020022A18BF7047002856
:1028700041F23800C4F235004FF0010204BF3820A5
:10288000C4F2250002FA01F1028822EA0101018066
:102890007047D4D4D4D4D4D490F8200041F2B052AC
:1028A000C2F2002232F81020022A18BF704741F20B
:1028B00080220028C2F2002241F23A0018BF1432EE
:1028C000C4F235004FF0010C04BF3A20C4F22500D9
:1028D000002322F811300CFA01F102881143018023
:1028E0007047D4D4D4D4D4D490F8200041F2B0525C
:1028F000C2F2002232F81020022A18BF70470028C6
:1029000041F23A00C4F235004FF0010204BF3A2010
:10291000C4F2250002FA01F1028822EA01010180D5
:102920007047D4D4D4D4D4D4002841F24000C4F2A7
:10293000350004BF4020C4F2250000887047D4D47D
:1029400090F8200041F2B052C2F2002232F810207A
:10295000022A18BF70470122002841F2460002FAFD
:1029600001F1C4F2350040F2FF3204BF4620C4F248
:10297000250022EA010101807047D4D4D4D4D4D4F4
:1029800090F8200041F2B052C2F2002232F810203A
:10299000022A18BF70470122002841F2480002FABB
:1029A00001F1C4F2350040F2FF3204BF4820C4F206
:1029B000250022EA010101807047D4D4D4D4D4D4B4
:1029C00090F8200041F2B052C2F2002232F81020FA
:1029D000022A18BF70470122002841F24A0002FA79
:1029E00001F1C4F2350040F2FF3204BF4A20C4F2C4
:1029F000250022EA010101807047D4D4D4D4D4D474
:102A000090F8200041F2B051C2F2002131F81010CC
:102A100002290AD1002841F24C00C4F2350004BF5B
:102A20004C20C4F225000088704700207047D4D4A1
:102A3000002841F25400C4F2350004BF5420C4F20F
:102A4000250000887047D4D4002841F25600C4F213
:102A5000350004BF5620C4F2250000887047D4D446
:102A6000002841F25800C4F2350004BF5820C4F2D7
:102A7000250000887047D4D4002841F25A00C4F2DF
:102A8000350004BF5A20C4F2250000887047D4D412
:102A900090F8200041F2B051C2F2002131F810103C
:102AA00002290AD1002841F25C00C4F2350004BFBB
:102AB0005C20C4F225000088704700207047D4D401
:102AC00090F8200041F2B052C2F2002232F81020F9
:102AD000022A18BF7047002841F25C00C4F235009A
:102AE00004BF5C20C4F2250001807047D4D4D4D444
:102AF00090F8200041F2B051C2F2002131F81010DC
:102B000002290AD1002841F25E00C4F2350004BF58
:102B10005E20C4F225000088704700207047D4D49E
:102B200090F8200041F2B052C2F2002232F8102098
:102B3000022A18BF7047002841F25E00C4F2350037
:102B400004BF5E20C4F2250001807047D4D4D4D4E1
:102B5000002841F26000C4F2350004BF6020C4F2D6
:102B6000250000887047D4D490F8200041F2B0527C
:102B7000C2F2002232F81020022A18BF7047002843
:102B800041F26400C4F2350004BF6420C4F22500A1
:102B900001807047D4D4D4D490F8200041F2B051D1
:102BA000C2F2002131F8101002290AD1002841F2A6
:102BB0006800C4F2350004BF6820C4F22500008814
:102BC000704700207047D4D490F8200041F2B052F2
:102BD000C2F2002232F81020022A18BF70470028E3
:102BE00041F26800C4F2350004BF6820C4F2250039
:102BF00001807047D4D4D4D490F8202041F2B05052
:102C0000C2F20020012A30F8120001BF022841F26E
:102C10006A00C4F2350001807047D4D4D4D4D4D42F
:102C200090F8200041F2B051C2F20021002831F8A2
:102C300010104FF0000006D0022902BF41F26A00D6
:102C4000C4F235000088704790F8200041F2B0517E
:102C5000C2F2002131F8101002290AD1002841F2F5
:102C60006C00C4F2350004BF6C20C4F2250000885B
:102C7000704700207047D4D490F8200041F2B05241
:102C8000C2F2002232F81020022A18BF7047002832
:102C900041F26C00C4F2350004BF6C20C4F2250080
:102CA00001807047D4D4D4D490F8200041F2B052BF
:102CB000C2F2002232F81020022A18BF7047002802
:102CC00041F26E00C4F2350004BF6E20C4F225004C
:102CD00001807047D4D4D4D481B00022ADF8022052
:102CE00090F8200041F2B052C2F2002232F81020D7
:102CF000022A18D141F2600340F2600CC4F235039D
:102D0000C4F2250C03F11002002802BF0CF11002DE
:102D10006023C4F2250302EB4100002918BF831E83
:102D20001888ADF80200BDF8020001B07047D4D495
:102D300090F8200041F2B052C2F2002232F8102086
:102D4000022A18BF7047002841F27000C4F2350013
:102D500004BF7020C4F2250000EB410030F8021CD3
:102D600041F4005120F8021C7047D4D4D4D4D4D4F8
:102D700090F8200041F2B052C2F2002232F8102046
:102D8000022A18BF7047002841F27000C4F23500D3
:102D900004BF7020C4F2250000EB410030F8021C93
:102DA00041F4007120F8021C7047D4D4D4D4D4D498
:102DB00090F8200041F2B052C2F2002232F8102006
:102DC000022A18BF7047002841F27000C4F2350093
:102DD00004BF7020C4F2250000EB410030F8021C53
:102DE00021F4007120F8021C7047D4D4D4D4D4D478
:102DF00090F8200041F2B052C2F2002232F81020C6
:102E0000022A18BF704758B141F26000C4F2350081
:102E100059B100EB4100C18941F48071C181704713
:102E200060200029C4F22500F3D1018841F48071AB
:102E300001807047D4D4D4D490F8200041F2B0532C
:102E4000C2F2002333F81030022B18BF704780B550
:102E500041F2600340F2600CC4F23503C4F2250C69
:102E600003F1100E002802BF0CF1100E6023C4F213
:102E700025030EEB4100002918BF831E188820F09F
:102E800003001880188810431880BDE88040704700
:102E900090F8200041F2B053C2F2002333F8103012
:102EA000022B18BF704758B141F26000C4F23500E0
:102EB00011B100EB41000E30018891430180704751
:102EC00060200029C4F22500F3D1F5E7D4D4D4D48E
:102ED00090F8200041F2B052C2F2002232F81020E5
:102EE000022A18BF7047002841F29000C4F2350052
:102EF00004BF9020C4F2250000EB810030F8041CD0
:102F000041F4007120F8041C7047D4D4D4D4D4D434
:102F100090F8200041F2B052C2F2002232F81020A4
:102F2000022A18BF7047002841F29000C4F2350011
:102F300004BF9020C4F2250000EB810030F8041C8F
:102F400021F4007120F8041C7047D4D4D4D4D4D414
:102F500090F8200041F2B052C2F2002232F8102064
:102F6000022A18BF7047002841F29000C4F23500D1
:102F700004BF9020C4F2250000EB810030F8041C4F
:102F800041F4807120F8041C7047D4D4D4D4D4D434
:102F900090F8200041F2B053C2F2002333F8103011
:102FA000022B18BF7047002841F29200C4F235008E
:102FB00004BF9220C4F2250000EB810020F8042C0D
:102FC0007047D4D4D4D4D4D490F8200041F2B05176
:102FD000C2F20021012831F810104FF0000001BFAB
:102FE000022941F24010C4F2350000887047D4D461
:102FF000012818BF704741F20210C4F23500018861
:1030000041F4804101807047012818BF704741F2A8
:103010000210C4F23500018821F48041018070471C
:103020002DE9F04F81B090F8207041F2B05CC2F20F
:10303000002C044692463CF81730012B02D14FF089
:10304000000B05E041F26810C2F2002050F821B0F8
:103050002C20BAF1010F08BF302020586FF0030276
:10306000002F40684068057841F28000C2F20020DD
:1030700000EB071050F8253008BF6FF0010213EA8B
:10308000020619D0009100EB85094CF21838204651
:103090005146C4F20008FFF7EFF994F82000B8B1E8
:1030A000BAF1010F20D1D8F80C0020F48030C8F814
:1030B0000C00D8F80C0028E03CF81700012871D06B
:1030C00008465146224601B0BDE8F04F01F0C8BFA6
:1030D000BAF1010F11D1D8F8000020F48030C8F8FF
:1030E0000000D8F8000010E0D8F8100020F480307C
:1030F000C8F81000D8F8100007E0D8F8040020F451
:103100008030C8F80400D8F8040041F2A000DDF8CF
:103110000080C2F2002000EBC70030F815008642A4
:103120000BD241F2B002D9F80000C2F200224FB136
:1031300002EB870200F0030006E0B6FBF0F202FBB0
:1031400000F60CE000F00100505541F2B800C2F268
:1031500000200BEB060200EB071040F8252020466C
:10316000594652463346C9F8006000F031F820460F
:1031700000F0F6FD28B90023204641465246FEF7EE
:1031800047FE20465146FFF72BF9204600F0E8FDA8
:1031900040B1002320464146524601B0BDE8F04F01
:1031A000FEF736BE01B0BDE8F08FD4D4D4D4D4D469
:1031B00048B101294FF02C0108BF30214058406828
:1031C0004068007870470A207047D4D4D4D4D4D44F
:1031D000002808BF70472DE9F0432C26012A08BFBC
:1031E0003026865990F82080D0F82CE07568DEF8FB
:1031F00004606D68D6F800C02C7841F2A005C2F2D8
:10320000002505EBC80535F8147005EB4404BB42F6
:1032100053EA37899F0708BFB8F1010F12D0B8F100
:10322000000F5FEA0F9540F2AC1602EB4202C2F2C9
:10323000002645EAC50506EB850505EB8202161D4D
:1032400001220AE002EB420240F2AC15C2F2002574
:1032500005EB820202F1240602223568CCF8085000
:10326000C06A4AF20007C4F20007D0E90050406883
:10327000067829FA02F007EB8612AA60002500BF43
:10328000967F0135360625EAE675AEB2642EF7D391
:10329000CCF80410ACF80E002088591EB1FBF0F0F9
:1032A0000130ACF80C00DEF80810DEF800004A68C7
:1032B0006146BDE8F04310472DE9F04381B0044674
:1032C00090F8200041F2B0531646C2F200230D469A
:1032D00033F81030012B02D14FF0000805E041F225
:1032E0006811C2F2002151F825802C21012E08BF5F
:1032F0003021615841F28002C2F20022496802EB9B
:1033000000104968097850F82120A2B100EB81092A
:103310004CF2183720463146C4F20007FFF7ACF8EC
:1033200094F8200050B1012E10D1F86820F48030BC
:10333000F860F86815E001B0BDE8F083012E0BD10C
:10334000386820F48030386038680AE0386920F442
:1033500080303861386904E0786820F48030786023
:103360007868D9F8003020464146324600F03CF8F3
:10337000204600F0F5FC28B90023204629463246B5
:10338000FEF746FD2046294601F08AFAD9F80010DA
:103390000139B1FBF0F02946013082B22046FEF738
:1033A000CFFD20462946FFF7FFF92046294601F0C8
:1033B00063FA20463146FEF7D7FF20463146FFF735
:1033C0000FF8204600F0CCFC28B100232046294607
:1033D0003246FEF71DFD2046294601B0BDE8F04308
:1033E00001F0A2BAD4D4D4D4002808BF70472DE984
:1033F000F0412C26056B012A4AF2000708BF30264F
:10340000D5E90045C4F20007865990F820806D6820
:1034100076682D78766896F800E007EB8515A5604C
:10342000002400BF00BF00BFAF7F661C3F0626EA36
:10343000E774A7B2642FF7D3056B90F8200040F231
:10344000AC1600285FEA0F946F6841F2A000B8F153
:10345000010FC2F20020D7F800C004EBC404C2F28E
:1034600000260FD106EB840402EB420200EB4E066D
:1034700054F82220CCF804203289013A02EB9272EF
:10348000921010E002EB420206EB840404EB82028D
:1034900000EBC8045268CCF8042034F81E20013A2E
:1034A00002EBD272521000EBC8000132CCF80810C7
:1034B000ACF80E2030F81E00591EB1FBF0F00130C0
:1034C000ACF80C00A96828684A686146BDE8F0417C
:1034D0001047D4D4D4D4D4D480B590F8203041F25D
:1034E000B05CC2F2002C002B5FEA0F923CF813E0B4
:1034F000BEF1020F52EA038201294FF02C0108BFEE
:103500003021405841F2D801C2F20021406801EB5D
:10351000C2014068007831F810103CF81330022BDB
:1035200018BF80BD41F28003C2F2002303EB0212F8
:1035300041F24013C2F2002352F8200053F8212038
:10354000101A43F8210080BDB0B58EB041F2E805F5
:10355000C2F2002595F8410095F84010814252D002
:1035600005EBC10135F830208DF820204B68D4B22E
:10357000596A0B919A6A41F2B053C2F200230C923D
:1035800033F81430012B39D005EBC00040880128F6
:103590004AF20000C4F2000013D1D2E900125268CE
:1035A000127800EB82108860002100BF00BF00BFCE
:1035B000827F0131120621EAE2718AB2642AF7D3CE
:1035C00012E0D1E900125268127800EB8210886094
:1035D000002100BF00BF00BF827F0131120621EA37
:1035E000E2718AB2642AF7D395F8410005EBC00076
:1035F0004188684600F03CF895F84100013000F041
:10360000070085F841000EB0B0BDD4D4D4D4D4D4D2
:1036100001294AF20001C4F2000112D1006BD0E985
:1036200000204068007801EB80100021906000BF0E
:10363000827F0131120621EAE2718AB2642AF7D34D
:1036400012E0C06AD0E900204068007801EB8010E9
:103650000021906000BF00BF827F0131120621EA85
:10366000E2718AB2642AF7D37047D4D4D4D4D4D4C4
:103670002DE9F0472C22012908BF3022825890F80A
:10368000207041F2B0585268C2F200285268157892
:1036900041F2D802C2F2002202EBC70212F8154032
:1036A00038F81720012A00F0A58041F2A00241F26B
:1036B000401AC2F20022C2F2002A02EBC70241F213
:1036C000681CC2F2002C32F815305AF824209A42B5
:1036D00012D241F2B002C2F2002202EB8702525D26
:1036E000002A64D10E4621460546FFF769F92846AF
:1036F0003146FEF7E5FF25E041F280035CF82490B7
:10370000C2F2002303EB071656F82530D21A4AF806
:1037100024201DD121460646FFF752F930462146A6
:103720003546FFF7D9FA40040CD438F817000128C1
:1037300008BFBDE8F087012120462A46BDE8F047D2
:1037400002F052B928462146BDE8F047FFF7A4B879
:1037500006EB850E9944CEF800205FB141F2B0032C
:1037600002F00306C2F2002303EB87035E554FF617
:10377000FC7308E041F2B00602F00103C2F2002639
:1037800073554FF6FE7341F2B8061A40C2F2002696
:1037900002EB090306EB071646F8253007D0CEF8F2
:1037A000002049462346BDE8F04700F025B838F828
:1037B0001720012A16D041F2B00241F2B803C2F23A
:1037C0000022C2F2002302EB870203EB0713525DD3
:1037D0004AF8242053F825204CF82420024620469D
:1037E00001F03EFC41F2B0000021C2F2002000EBEB
:1037F00087004155BDE8F0872DE9F0478946194615
:103800009A4690460546FFF7AFF92846FFF7C4F9F8
:10381000074610F0100F4FF0010050EA00962846BE
:1038200000F09EFA28B90023284651463246FEF79A
:10383000EFFA4CF2183428463146C4F20004FEF781
:103840001BFE95F8200038B1F8060DD4E06820F48E
:103850008030E060E06812E0F8060BD4206820F4C5
:103860008030206020680AE0206920F480302061E8
:10387000206904E0606820F4803060606068284659
:10388000494632464346FFF7A3FC28463146FEF739
:10389000A7FD284600F064FA002808BFBDE8F087BD
:1038A0000023284651463246BDE8F047FEF7B0BA3D
:1038B00010B58EB041F2E8000122C2F2002041F6BC
:1038C000C81CC2F2002C4FF0020E90F840108DF888
:1038D000202020F8312090F840104B1C03F0070303
:1038E00000EBC10180F8403000EBC30441F2B0505E
:1038F000C2F20020A1F802E0DCF8281061604088E4
:10390000012803D068460221FEF7B6FD0EB010BDB7
:1039100080B584B0006B81680068CA6969469047C9
:10392000BDF8040004B080BD10B543F204010028C6
:10393000C4F22001086813D0C00413D50120EFF3AE
:10394000108480F31088086820F4805008600868AC
:103950001E20012106F010FD84F31088002010BD08
:10396000000502D440F2DD5010BD0120EFF31084B9
:1039700080F31088086820F40060086008681E2042
:10398000012106F0F9FC84F31088002010BDD4D486
:10399000C8B341F200000021C4F235008022018149
:1039A000A0F86020A0F87010A0F87210A0F87410B1
:1039B000A0F87610A0F87810A0F87A10A0F87C1083
:1039C000A0F87E10A0F88010C1860187418701868B
:1039D0004186A0F84610A0F84810A0F84A100288C6
:1039E00022F010020280028822F020020280028867
:1039F00022F040020280028822F001020280A0F838
:103A000002110020704700200021C4F2250080220E
:103A10000181A0F86020A0F87010A0F87210A0F842
:103A20007410A0F87610A0F87810A0F87A10A0F81A
:103A30007C10A0F87E10A0F88010C1860187418715
:103A400001864186A0F84610A0F84810A0F84A1058
:103A5000018821F010010180018821F020010180FE
:103A6000018821F040010180018821F001010180DD
:103A700000207047D4D4D4D410B50446FFF788FF93
:103A8000012C1DD0002C3AD143F20400C4F22000D6
:103A90000168090530D40168090533D40121EFF329
:103AA000108481F31088016841F4006101600068AE
:103AB0001E20012106F060FC84F31088002010BD58
:103AC00043F20400C4F220000168C90414D4016860
:103AD000C90417D40121EFF3108481F31088016821
:103AE00041F48051016000681E20012106F044FC71
:103AF00084F31088002010BD40F2DC5010BD40F26D
:103B0000E25010BD4FF4BC6010BDD4D4D4D4D4D492
:103B1000B0B5012800F0A180002840F0188140F2E3
:103B200000404EF2001EC4F2250041F6C81CCEF241
:103B3000000EC2F2002C026822F01002026091F91D
:103B40000E304CF20032C4F20002002B1DD4487D2E
:103B50000EEB03040125000184F800034CF8231048
:103B600052F8230020F4803042F8230052F823005A
:103B7000580903F01F03BFF35F8F0EEB800405FAB3
:103B800003F3C4F880314EF8203091F90F30002B48
:103B90001DD4887D0EEB03040125000184F8000389
:103BA0004CF8231052F8230020F4803042F8230010
:103BB00052F82300580903F01F03BFF35F8F0EEB89
:103BC000800405FA03F3C4F880314EF8203091F9EF
:103BD0000D30002B1DD4087D0EEB030401250001E0
:103BE00084F800034CF8231052F8230020F48030AE
:103BF00042F8230052F82300580903F01F03BFF3D3
:103C00005F8F0EEB800405FA03F3C4F880314EF8A1
:103C1000203091F90C30002B00F19980C87C0EEB1C
:103C20000304000184F800034CF8231052F8230029
:103C300020F4803042F8230052F82300580903F0A2
:103C40001F0201230EEB800103FA02F2BFF35F8F24
:103C5000C1F880214EF82020B0BD91F911304EF20C
:103C6000001E4CF20032CEF2000E002BC4F2000215
:103C700020D441F6C81C0D7E0EEB0304C2F2002CCA
:103C80002D01012084F800534CF8231052F82350E2
:103C900025F4803542F8235052F823505D0903F093
:103CA0001F03BFF35F8F0EEB85049840C4F88001BB
:103CB0004EF8250091F91230002B21D441F6C8149A
:103CC000487E0EEB0305C2F20024000185F80003D4
:103CD00044F8231052F82300012420F4803042F8E5
:103CE000230052F82300580903F01F03BFF35F8F2E
:103CF0000EEB800504FA03F3C5F880314EF820304E
:103D000091F91030002B48BFB0BD41F6C814C87DF2
:103D10000EEB0305C2F20024000185F8000344F80D
:103D2000231052F8230020F4803042F8230052F888
:103D30002300580903F01F0201230EEB800103FA50
:103D400002F2BFF35F8FC1F880214EF82020B0BD92
:103D5000012106F011BBD4D44FF47A7106F00CBBEC
:103D600090F8200001285FEA1F907047D4D4D4D483
:103D70004FF07041EFF3038001EB00604CF2003133
:103D80008015C4F20001425822F48032425040585B
:103D900041F2B051C2F200210888012808BF7047E3
:103DA00001F096BBD4D4D4D44FF07041EFF303802C
:103DB00001EB00604CF200318015C4F20001425862
:103DC00022F48032425041F6C8124158C2F2002219
:103DD0001058807800F080BB4FF07041EFF3038003
:103DE00001EB00604CF200318015C4F20001425832
:103DF00022F48032425040587047D4D4D4D4D4D422
:103E00004FF07041EFF3038001EB00604CF20031A2
:103E10008015C4F20001425822F4803242504058CA
:103E20007047D4D4D4D4D4D44FF07041EFF303808E
:103E300001EB00604CF200318015C4F200014258E1
:103E400022F480324250405841F2B051C2F2002177
:103E50004888012808BF704701F03ABBD4D4D4D4B5
:103E60004FF07041EFF3038001EB00604CF2003142
:103E70008015C4F20001425822F48032425040586A
:103E80007047D4D4D4D4D4D44FF07041EFF303802E
:103E900001EB00604CF200318015C4F20001425881
:103EA00022F48032425040587047D4D4D4D4D4D471
:103EB0002DE9F04F81B040F24009012AC4F22509F2
:103EC0004B4604BF41F24003C4F235031F88DD882E
:103ED000B3F808E0B3F80AB033F8106C33F80A4CC2
:103EE00033F808AC33F806CCB7F5807F4FF0000309
:103EF00003800B8002D201B0BDE8F08F3E4041F25A
:103F000040087304C4F235081DD433B2B3F1FF3F47
:103F100021DDB6F5005F26D2B6F5805F30D204EA27
:103F20000503F5059FB239D517F0010336D0012AF4
:103F300058EA098240F2FE33D380012202800A80CF
:103F400001B0BDE8F08F012A58EA09816FF4804280
:103F50000A80122110E0012A58EA098147F6FF720F
:103F60000A80112108E0012A58EA09816FF4804291
:103F700002F500520A801321018001B0BDE8F08FE4
:103F8000012A58EA09826FF4804303F540531380F5
:103F9000142202800F8001B0BDE8F08F0CEA0B0301
:103FA0005FEA465B9BB20AD513F0010407D0012AF1
:103FB00058EA098240F2FE335381022210E00AEAF5
:103FC0000E045FEA865E1FFA84FC0FD51CF0010424
:103FD0000CD0012A58EA098240F2FE3313810322F1
:103FE00002800120088001B0BDE8F08FB6F5006FB7
:103FF00017D2002D35D4BBF1000F3BD4BEF1000F1A
:104000007FF579AF012A58EA098240F2FF3323EAAB
:104010000C03138103220280A1F800C001B0BDE8A7
:10402000F08F044610460D461646FEF77DFC012E25
:1040300058EA098728806FF4804000F56050388086
:1040400015202080288800F0070006287FF453AF51
:10405000304600F051FA00202080288001B0BDE8F1
:10406000F08F012A58EA098240F2FF33BB43D38024
:1040700001228EE7012A58EA098240F2FF379F4366
:104080005781022202800B8001B0BDE8F08FD4D4AA
:1040900010B5044600F030FA2046FEF7C9FC41F2A4
:1040A0004251C2F2002108802046FEF7CDFC41F2C9
:1040B0004451C2F2002108802046FEF7D1FC41F2B3
:1040C0004651C2F2002108802046FEF7D5FC41F29D
:1040D0004851C2F20021088010BDD4D4D4D4D4D425
:1040E00080B590F82000FEF71FFC00F0700030282B
:1040F0005FEA1F9080BDD4D4B0B541F2AC2141F24B
:104100003E55C2F20021C2F200250446FF20098874
:10411000288001290FD1204600F0CEF92046FEF775
:1041200003FC410408D4400658BFB0BD204600F04F
:10413000A3F900202880B0BDD52028802046BDE806
:10414000B04000F0C9B9D4D4B0B541F24055002216
:10415000C2F200252988A1F58071B2EB912F18BF1A
:10416000B0BD00210446FDF7B3FF69782046BDE8E5
:10417000B040FDF7ADBFD4D410B5044690F8200090
:1041800000F0AAF994F82000BDE8104000F094B9BE
:104190000346022208461946FEF74EBED4D4D4D4B4
:1041A00000210222FEF748BE2DE9F0411D4693F89A
:1041B000203014460E4680465BB35FEA980708D06D
:1041C00054F8042B28463146FDF7AEFF013F380472
:1041D000F6D15FEA88700BD54FF4806228463146ED
:1041E000FEF786F934F8022B28463146FDF7D0FF5A
:1041F0005FEAC8700AD0002228463146FEF778F9F7
:1042000014F8012B28463146FDF7FAFF4FF40062FF
:104210001BE05FEA580708D034F8022B28463146E5
:10422000FDF7B6FF013F3804F6D15FEAC87010D041
:10423000002228463146FEF75BF914F8012B284688
:104240003146FDF7DDFF4FF4806228463146FEF728
:104250004FF92046BDE8F0812DE9F0411D4693F865
:10426000203014460E46804613B35FEA980708D004
:1042700028463146FDF740FF013F44F8040B38045F
:10428000F6D118F0030010D00138012111FA80F79F
:1042900028463146FDF730FF47F001E000BF00BF80
:1042A00004F8010B000A0FF005C82046BDE8F081B4
:1042B0005FEA580709D000BF28463146FDF74CFF9A
:1042C000013F24F8020B3804F6D15FEAC870ECD045
:1042D00028463146FDF740FF04F8010B2046BDE8B3
:1042E000F081D4D4D4D4D4D4F0B581B004460E46F1
:1042F000104621461546FDF7C7FD28462146FEF724
:104300006FFA28462146FEF7A7FA28462146FEF70F
:10431000EBFA28462146FDF7ABFD00212846FDF7C4
:10432000A7FF00F00F00A04205D1002100220023CA
:104330002846FDF76DFD01212846FDF799FF00F0A5
:104340000F00A04209D10021012200232846FDF7D9
:104350005FFD01212846FEF78FF802212846FDF770
:1043600087FF00F00F00A04209D1002102220023A4
:104370002846FDF74DFD02212846FEF77DF8284628
:10438000214600F0C1FA28462146FEF7D1FC41F251
:104390009017C2F2002757F82400D0B141F2401123
:1043A000C2F2002151F82410016157F8240021467F
:1043B00086842846FEF790FC57F82410C88457F8E6
:1043C0002400436813B1002100229847002047F8D9
:1043D000240001B0F0BDD4D410B541F22C14C2F2C7
:1043E00000242188002908BF10BDFEF701FE6420CB
:1043F000FFF7AEFC0020208010BDD4D4D4D4D4D498
:1044000010B541F22C14C2F200242188002908BF03
:1044100010BDFEF7EDFD6420FFF79AFC0020208020
:1044200010BDD4D4D4D4D4D441F22C110122C2F280
:1044300000210A80FEF7E8BD002841F20000C4F226
:10444000350004BF0020C4F22500018841F01001AE
:1044500001807047D4D4D4D4002841F20000C4F2C3
:10446000350004BF0020C4F22500018821F01001AE
:1044700001807047D4D4D4D4002841F20800C4F29B
:10448000350004BF0820C4F22500018841F4807182
:1044900001807047D4D4D4D4002841F23000C4F253
:1044A000350004BF3020C4F22500018841F480416A
:1044B00001807047D4D4D4D4002841F23000C4F233
:1044C000350004BF3020C4F22500018821F480416A
:1044D00001807047D4D4D4D4002841F24000C4F203
:1044E00035004BF6FF7104BF4020C4F22500018067
:1044F0007047D4D4D4D4D4D4002841F24000C4F2BC
:1045000035004FF6F77104BF4020C4F2250001804A
:104510007047D4D4D4D4D4D4002841F26000C4F27B
:10452000350004BF6020C4F22500018841F0040179
:1045300001807047D4D4D4D410B5002845D041F2BE
:104540003E04C4F23504208840F0310020802088E9
:104550006FF3DF3020800120FFF7FAFB208820F086
:10456000010020800120FFF7F7FB208820F00200E7
:10457000208034F83E0C20F0200024F83E0C34F863
:104580003E0C40F0010024F83E0CB4F8C40040F4A6
:104590008040A4F8C40000BF34F8380CC007FBD03A
:1045A00040F6077024F83C0C208840F4807020808E
:1045B0004FF4006024F81E0C24F8160C24F8120C9A
:1045C00000206080A4F10E0017E00020C4F2250056
:1045D000018841F48061018001884905FCD501888A
:1045E00021F020010180018841F0010101804FF498
:1045F000806101840185818530304FF41D41018047
:1046000010BDD4D4D4D4D4D420B141F20000C4F22B
:10461000350002E00020C4F225000288012914BF01
:1046200022F0100142F0100101807047D4D4D4D49C
:1046300020B141F26000C4F2350002E06020C4F213
:1046400025000288002922F003020280028814BF9C
:1046500042F0020142F0010101807047D4D4D4D469
:10466000007841F2B053C2F2002333F81030022B2D
:1046700008D141F24A53C2F200231B88012B03D117
:10468000D52070470020704780B58EB08DF820008F
:1046900041F24C50C2F20020012303806B461046C9
:1046A0001A4600F095FA00200EB080BDD4D4D4D4C0
:1046B00010B598B0037841F2B054C2F200248DF8DE
:1046C000243034F81330022B1FD1002908BF002AF0
:1046D00009D041F24A50C2F200200088012809D1D5
:1046E000D52018B010BD0446808888B101A8FFF716
:1046F00057FD11E041F24C500123C2F2002003802B
:1047000001AB10461A4600F027FA002018B010BD81
:1047100001A8002100F008F9D4E90301CDE9120154
:1047200020780FA98DF83C0093208DF83F000820D9
:1047300000241194ADF8404000F01EF9204618B056
:1047400010BDD4D4D4D4D4D490F803C0BCF1090F94
:1047500001D90020704780B541F22E13C2F2002328
:1047600013F81CC041F24073C2F20023CCEBCC0E14
:1047700003EBCE0ECEF80C200378AEF81EC08EF8F8
:104780002030CEF80810CEF8102040F2F412C17894
:10479000C2F2002252F83110CEF80410C169CEF8EE
:1047A0002C10006ACEF830007046BDE8804000F062
:1047B00087BCD4D4D4D4D4D490F803C0BCF1090FAE
:1047C00001D90020704710B541F22E1390F800E097
:1047D000C2F2002341F2407403EB4C0C41F2A053AF
:1047E000C2F20023C2F200249CF801C013F80E307C
:1047F000CCEBCC0E634504EBCE0309D140F28C2404
:104800000A78C2F2002422720A2249786172214693
:1048100099601A610178A3F81EC083F8201040F255
:10482000F412C178C2F2002202EBC101496859605A
:10483000C169D962006A18631846BDE8104000F0EB
:104840003FBCD4D4D4D4D4D4C278092A12D801EB32
:10485000420141F22E12C9B2C2F20022515C49B1AA
:1048600080B58EB000788DF82000684600F064FCBA
:104870000EB080BDFF207047092988BF7047FDF743
:10488000CFBFD4D4D4D4D4D4092901D900207047BF
:1048900080B5FEF721FA00F0030080BDD4D4D4D453
:1048A000092901D90020704710B541B10446FEF72F
:1048B0005BF92046FEF7C8F96FF3DF2010BDFEF765
:1048C00017F96FF3DF2010BD092901D900207047C7
:1048D00010B50446FEF748F92046FEF75DF900F0F2
:1048E000100010BDD4D4D4D4092901D900207047B8
:1048F00010B50446FEF738F92046FEF74DF900F4EE
:10490000404010BDD4D4D4D4092988BF7047B0B575
:1049100004460D46FEF72CFA20462946BDE8B04075
:10492000FEF746BAD4D4D4D4092988BF70470122EF
:10493000FEF782BAD4D4D4D4092988BF7047B0B561
:1049400004460D46FDF7A0FA022220462946BDE89E
:10495000B040FEF79DBAD4D480B5FDF7A1FB00F0BE
:104960000700402101380022032838BF01EB8012E4
:1049700090B280BDD4D4D4D42DE9F04389B041F2B3
:10498000B45C0C46C2F2002C9CF800800CEB080EC4
:1049900008F1010508EBC8028EF802000CEB820E4C
:1049A0000EF10C095FFA85FEE8CCA9E8E800BEF13B
:1049B000090F4FF0000353EA889E94E8EC0089E861
:1049C000EC008CF800E041F2287C0B78C2F2002C5D
:1049D0005CF82370F7B1887141F2A850C2F2002050
:1049E000EE4650F8230040B1074674CFAEE874009D
:1049F00097E87C008EE87C0000E070468E46034617
:104A0000BEE8F000F0C39EE8F400F4C309785CF857
:104A10002110884709B0BDE8F083D4D4D4D4D4D4CD
:104A200000F03EB9D4D4D4D441F2AC21C2F200217A
:104A30000988012910D180B545F211220346C0F240
:104A4000002240F25510002100F08AFB41F23E5056
:104A5000C2F20020008880BDFF207047D4D4D4D497
:104A6000B0B58AB0044600F043F806212046FDF7B1
:104A7000CFFA2A20FFF770F92046FEF7A5FA05467F
:104A800006212046FDF7DCFA1620FFF765F9E80558
:104A900007D441F2A8200021C2F2002001800AB010
:104AA000B0BD18212046FDF7B3FA2A20FFF754F9CC
:104AB0002046FEF789FA054618212046FDF7C0FA80
:104AC00041F2A82115F4007FC2F200214FF001004D
:104AD00050EA009094F82020088001A90B208DF85E
:104AE0000420FFF749FF0AB0B0BDD4D4D4D4D4D445
:104AF00070B5044690F82000FDF74EFA01212046DB
:104B0000FDF786FA0520FFF727F9002540F2572622
:104B10000AE000BF00BF00BF0B350120FFF71CF902
:104B2000B54205F101050ED22046FDF7A1FA800736
:104B3000F3D10B20FFF710F92046FDF799FA800713
:104B4000EAD1012500E0002501212046FDF778FA91
:104B5000284670BDD4D4D4D4B0B5144641F24A52DC
:104B6000C2F200220123138041F2401241F2681385
:104B7000C2F20022C2F2002310600022196000215C
:104B800020232046FDF744F900212046FDF7D4FDFF
:104B900000212046FDF714FF00200021224600F0EE
:104BA0008FFD0546022802D0012D04D05DB90021F9
:104BB0002046FDF771FE00212046FFF75DFE002133
:104BC0002046FFF7B1FE2846B0BDD4D4D4D4D4D407
:104BD00010B5144641F24A52C2F20022012313805A
:104BE00041F2401241F26813C2F20022C2F20023E5
:104BF000106000221960002100232046FDF708F90B
:104C000000212046FDF798FD00212046FDF7CCFD50
:104C100000212046FFF730FE00212046BDE810406D
:104C2000FFF782BED4D4D4D4B0B5054641F24A5081
:104C3000C2F2002041F24C520C46C2F20022002186
:104C4000018020461180FDF74FFE00212046FDF730
:104C5000C7FD00212046FDF7FFFD94F820004FF42A
:104C6000806200210128204608BF4FF40062FDF752
:104C70003FFC25F00200052804D12046BDE8B040E5
:104C8000FFF78EBA082D05D100212046BDE8B040BF
:104C9000FDF7FAB894F82000BDE8B040FFF73CBC3F
:104CA00070B58EB041F25856C2F2002696F8410017
:104CB00096F84010814200F0A58006EBC00136F85E
:104CC00030004A68498801389578936A0C93142813
:104CD0008DF82050526A0B9200F28D80DFE800F0D0
:104CE0000B1B2C8B8B8B8B8B8B8B8B8B8B8B8B8B63
:104CF000303C8B0F1F00684600F086FB7BE0C1F361
:104D00000210012101FA00F010F0F00F32D06846D5
:104D100001F066FA6FE0684600F0B2FB6BE011F05C
:104D2000070432D001F00500012818BF052C36D148
:104D30002846FFF7ADF932E0684600F099FB5AE0EB
:104D40002846FDF729F9284601F086FA402818D1AF
:104D5000684601F0F1F94EE041F2F040C2F2002065
:104D6000436A1BB168460021002298476846FFF756
:104D700003FA40E010F00D0F3DD1684601F0B8F99C
:104D800039E0684601F0E8F935E041F2AE20C2F2C0
:104D900000200088012802D16846FFF7D5F941F2CA
:104DA0004250C2F20020008810F0600F2ED041F275
:104DB0004E5141F24452C2F20021C2F2002241F2AD
:104DC00048550880108841F2F042488041F2465030
:104DD000C2F20022C2F20020C2F20025D36A00888B
:104DE0002A888880CA8033B141F24E506A46C2F2A6
:104DF00000202146984796F84100013000F0070056
:104E000086F84100FEF7A0FB0EB070BDDFE804F0AD
:104E100015240D110928040469460720FFF704FF33
:104E2000E9E7684601F00CFFE5E7684601F0B8FEE7
:104E3000E1E7684601F0CCFCDDE741F24A5041F27F
:104E40004C52C2F20020C2F20022002101806846CA
:104E5000118001F0B5FACEE7684601F0FDFACAE725
:104E6000684601F0B9FCC6E780B541F2AA2041F2DC
:104E7000AC22C2F20020C2F200220021018041F2E5
:104E8000B0201180C2F200204FF4FF7105F0EDFE5A
:104E900080BDD4D4D4D4D4D480B541F2AA21C2F2F6
:104EA0000021088041F2B020C2F200204FF4FF71CF
:104EB00005F0DBFE80BDD4D480B54FF0020E41F288
:104EC000AE40C2F20020203087FF5F0800BF00BF65
:104ED00000ED901EA0EC881E0FF007C080BDD4D45A
:104EE00041F2F040C2F20020806800797047D4D4CB
:104EF00080B541F2F041C2F200218B681A78B3F814
:104F000002E0964513D913444FF0000C06E000BFB1
:104F100019780A440B4492B272450AD2597804298E
:104F2000F6D19978884208BF93F803C0F0E74FF0B4
:104F3000000C1FFA8CF080BD2DE9F04741F2F042E1
:104F4000C2F2002293681F785A88BA4298BFBDE81F
:104F5000F08741F2AE483B444FF0000C4FF0200E7A
:104F6000C2F200284FF000094FF0000A3C4605E06D
:104F70001D787C19A7B22B44974227D25D78052D66
:104F80000AD0042DF4D19D78A84219D1DD78A94228
:104F900016D193F804C015E01FFA8CF41FFA8AF5B5
:104FA000A542E5D29C7809EB0A060AF1010AF6B29D
:104FB00004F00F050EEA9404444424F81560D7E782
:104FC0001D79A9441D782C44E4B2D3E7BDE8F087ED
:104FD00041F2AA20C2F20020008840B141F2F04024
:104FE000C2F200208068C079C0F3401070470020F2
:104FF0007047D4D4D4D4D4D441F2F040C2F20020CB
:105000008068C079C0F380107047D4D4D4D4D4D48D
:10501000B0B5092888BFB0BD0446154600F068FC4D
:10502000032805D8DFE800F002120A0B03210EE086
:10503000FF2801D1152103E0072101E0B0BD0521C2
:1050400020462A46BDE8B040FFF74EB9042120466D
:105050002A46BDE8B04000F0C7BCD4D4D4D4D4D4E0
:1050600070B5092888BF70BD044610460E4621461B
:105070001546FDF7B5FB204631462A4600F020FBD9
:10508000022808D3FF2810D0022810D12846214634
:10509000FDF78AFB03E028462146FDF7FDFB284685
:1050A0002146BDE87040FFF7E7BB152100E007216E
:1050B00020462A46BDE87040FFF716B9D4D4D4D4B0
:1050C000C18B29B370B541F290160446C2F2002696
:1050D00056F8210028B12046FFF706FCB0F5404FF6
:1050E0001AD12046FEF7FCFF012813D1E58B20469C
:1050F00046F82540FEF7F4FF01280FD12046294647
:10510000FFF7E2FB88B1284600F05AFA002070BD94
:10511000FF207047FF2070BDD52070BD07212846B5
:105120002246FFF7E1F8002070BD284600F050FB52
:10513000002070BDD4D4D4D409290ED8024641F23F
:105140009010C2F2002050F8210030B180B508461E
:105150000821FFF7C9F8002080BDFF207047D4D494
:10516000B0B5A0F2551CBCF10F0F34D80FF20400FB
:10517000DFE80CF00831191331313131313131317F
:105180003131311F93F820001C46FFF739F994F8AC
:105190002000BDE8B040FEF7AFBF93F82000BDE8A7
:1051A000B040FFF759B993F82000BDE8B040FFF7D1
:1051B00043B908460C4619461546FEF7E9FF41F289
:1051C000245041F23852C2F20020C2F200220121E2
:1051D00020F814101560B0BD41F2F04045F21122E4
:1051E000C2F200200021C0F20022C0E90011C0E993
:1051F0000211C0E9041245F21921C0F20021C0E9F0
:105200000622C0E90822C0E90A217047D4D4D4D4C8
:105210007047D4D4D4D4D4D47047D4D4D4D4D4D430
:10522000F0B5486841F2F044C2F2002445F29925F5
:10523000D0E900C2C0F20025002AD0F810E0D0E981
:10524000023153EA0282C4E900C104F1080145F2C7
:10525000693645F2993781E80C4004F11401007D6C
:10526000C0F20026C0F20027E0C145F2C93104F1C6
:10527000200CC0F2002145F2E13245F2014346F62E
:10528000D947C0F20022C0F20023C0F2002784F800
:1052900030008CE88E00F0BD2DE9F04393B041F270
:1052A0003C520D46C2F200228046D0E90B01CDE906
:1052B00008011388012B09D198F8201000201080D4
:1052C0008DF828100AA90620FFF756FBC02D0DD136
:1052D00041F2F041C2F20021D1E90226304612B17A
:1052E00007205070C86870B102210BE041F2F04015
:1052F000C2F200208668002E1CBF02217170C068B7
:1053000008B1072141705EB198F82000778800F05D
:105310004FFE3478A7421BD94FF000090FE000BFC1
:10532000FEE700BF00BF00BF5FFA89F22846414692
:1053300000F046FD2878204484B2BC4208D23519DA
:1053400068780528F0D00428F4D195F80590F1E7A5
:1053500098F8200001A98DF804000120FFF70CFB4C
:1053600013B0BDE8F083D4D480B58AB041F23C518B
:105370000122C2F200210A8090F820108DF804105A
:10538000D0E90B10CDE9081001A90320FFF7F4FACA
:105390000AB080BDD4D4D4D441F23C51C2F2002131
:1053A0000A88012A18BF704780B58AB090F820009B
:1053B00000220A808DF8040001A90620FFF7DCFA1C
:1053C0000AB0BDE88040704780B58AB090F82000F0
:1053D00001A98DF804000420FFF7CEFA0AB080BDC1
:1053E00080B58AB090F820108DF80410D0E90B1029
:1053F000CDE9081001A90520FFF7BEFA0AB080BD6B
:105400007047D4D4D4D4D4D410B5CA07044604D138
:105410002046BDE8104000F063BB0020002122467A
:1054200000F066FA022806DC0CD200212046BDE816
:105430001040FDF7D5B903280CD0FF2818BF10BDC8
:1054400007200CE002280FD100212046BDE81040C3
:10545000FFF76ABA00212046FDF76EF905202146C4
:10546000BDE81040FFF7E0BB10BDD4D4D4D4D4D4F1
:10547000CA0718BF704700F007BCD4D4D4D4D4D422
:1054800010B5CA07044604D12046BDE8104000F01C
:105490002BBC00200021224600F012F9022809D37B
:1054A0000ED0FF2818BF10BD07202146BDE81040D0
:1054B000FFF7BABB00212046BDE81040FDF714BA43
:1054C00000212046BDE81040FFF72EBAD4D4D4D432
:1054D000B0B54FF07041EFF3038001EB006041F68F
:1054E000C8118015C2F200210C58A078FEF774FF95
:1054F00041F25855C2F2002595F8400005EBC00076
:10550000811C4460A278FEF7D3FC95F8400001307E
:1055100000F0070085F84000B0BDD4D4D4D4D4D472
:1055200091F8201041F2B8126423C2F2002211FB5C
:105530000322102101EAD00100F00F0001440C32D7
:10554000012005E000BF00BF01300A320A280AD05E
:1055500032F8023C012BF7D1138803F01F03994264
:10556000F2D180B27047FF2080B27047D4D4D4D437
:10557000092903D8C26A22B1052909D90022104697
:10558000704705294FF00002F9D8036B002BF6D0C5
:1055900010B50446FDF7E8FA2046FDF7FDFA10F0D5
:1055A000100F4FF0010050EA009010BDD4D4D4D4B5
:1055B00080B5FCF7D9FCC0F3C01080BDD4D4D4D4DE
:1055C000092888BF70472DE9F04381B0044641F2B5
:1055D0009010C2F20020214650F8245028462E692F
:1055E000FCF752FC41F2401841F26810C2F2002868
:1055F000C2F2002048F82460A96840F82410284628
:105600002146FDF7DDF928462146FDF799F9E86ABC
:1056100010B1052C05D944E0052C42D8286B002890
:105620003FD028462146FDF79FFA2846FDF7B4FAF9
:1056300010F0100F95F820004FF0010151EA019988
:105640000028284649465FEA0F96FDF7B1FD41F272
:10565000D8010746C2F2002101EBC60121F8104033
:1056600028462146FCF7C4FA41F2A001C2F200210B
:1056700001EBC60258F82410814222F8170002D329
:10568000B1FBF0F1414341F280004A46C2F20020F2
:1056900000EB061040F8271028462146FDF7C0FC15
:1056A00004E0002120462A46FFF7DAFC284621467E
:1056B00001B0BDE8F043FFF737B9D4D4D4D4D4D483
:1056C000092801D9FF2070472DE9F04F81B0044629
:1056D00015460E46084304D000232846214632468C
:1056E00003E00022202328462146FCF7E5FBFF28A3
:1056F00003D1FF2001B0BDE8F08F28462146FCF71A
:1057000077FA814628462146FFF7CAF841F2401B46
:10571000C2F2002B5BF82410494503D90220009007
:105720004F4615E04FF001024FF0000771B11FFA2C
:1057300081FC002C08BF0227BCFBF0F303FB10C068
:10574000002857EA02820F46009201E001200090F3
:1057500028462146FFF798F8804628462146FCF760
:1057600093FB41F2681ABFB2C2F2002A38463146B2
:105770002B465AF82420FEF717FD5BF824104AF850
:10578000240049450ED200204BF82400284631461B
:10579000FCF75AFF00B2002807D428463146FCF730
:1057A0008FFF02E0C81B4BF8240028462146FDF776
:1057B00007F908F00300012803D128462146FFF726
:1057C000B3F8009801B0BDE8F08FD4D4D4D4D4D4C9
:1057D0002DE9F04381B0092802D901B0BDE8F0837A
:1057E000044641F29010C2F20020214650F82450A5
:1057F00028462E69FCF748FB41F2401841F2681038
:10580000C2F20028C2F2002048F82460A96840F8DB
:105810002410E86A10B1052C04D940E0052C3ED8CC
:10582000286BE0B328462146FDF79EF92846FDF790
:10583000B3F995F8201000295FEA0F9610F0100FC9
:105840004FF0010050EA009928464946FDF7B0FCA8
:1058500041F2D8010746C2F2002101EBC60121F84E
:10586000104028462146FCF7C3F941F2A00141F25D
:105870008002C2F20021C2F2002201EBC60102EB5B
:10588000061221F8170058F8240042F8270028468D
:1058900021464A4601B0BDE8F043FDF70DBD0022A8
:1058A000002328462146FCF7B3FA28462146FEF796
:1058B000F7FF5EB1B6FBF0F101FB1060002851EA82
:1058C0000190214682B22846FCF73AFB2846214641
:1058D000FFF72AF828462146FCF766FF28462146AE
:1058E00001B0BDE8F043FEF7C7BFD4D4D4D4D4D4BC
:1058F000092801D9FF2070472DE9F04F81B00446F7
:105900000E4615460023104621463246FCF7D4FACF
:10591000FF2803D1FF2001B0BDE8F08F07462846DD
:1059200021466FF31F37FEF7BBFF41F24018C2F26A
:10593000002858F82410B9420CD228462146FCF71A
:10594000A3FA58F8249048F824704FF0030AD7B30C
:105950004F4625E00CD124B9B7FBF0F101FB1070E4
:1059600060B328462146FCF78FFA4FF0000A27E083
:1059700017B14FF0020A07E0814628462146FCF79E
:1059800083FA48464FF0010AB7FBF0F101FB1070B3
:10599000B0B128462146FCF777FA4FF0010AB94624
:1059A00041F2681BB8B2C2F2002B31462B465BF8BD
:1059B0002420FEF751FC4BF8240008E04FF0020AC7
:1059C000B946002FC4D128463146FCF7B5FE1FFA70
:1059D00089F058F82410081A48F82400504601B0FD
:1059E000BDE8F08FD4D4D4D4092888BF70472DE9FE
:1059F000F04104460E4692F8208010462146154696
:105A0000FCF742FAE86A18B1052C07D9002712E022
:105A1000052C4FF000070ED8286B60B128462146B0
:105A2000FDF7A2F82846FDF7B7F810F0100F4FF079
:105A3000010050EA009728462146FCF7D1FE28468F
:105A40002146FCF709FF28462146FCF74DFF284672
:105A50002146FCF70DFA022F0CD0012F17D101219E
:105A60002846FCF781FC0121B8F1000F0AD04FF461
:105A7000006209E002212846FCF776FC0221B8F119
:105A8000000FF4D14FF480622846FCF731FD41F25B
:105A90009017C2F2002757F82400E0B141F24011FC
:105AA000C2F2002151F82410016157F82400214668
:105AB00086842846FDF710F957F8241000220025A7
:105AC000C884002157F82400C48357F82400436891
:105AD000984747F82450BDE8F0417047D4D4D4D457
:105AE0002DE9F04F83B0834641F24010C2F200200E
:105AF00041F2901441F280080F46051DC2F20024C5
:105B0000C2F20028012601912BE0101A029A50439C
:105B100001EB840108609BF82000296808EB001065
:105B200050F8240088424FF0040050EA9094584600
:105B3000494608BF0324FDF7CFFC304621465A46AC
:105B4000FFF752FF58464946FCF7F6FD41F2901424
:105B5000C2F2002400BF00BF013604350A2E00F057
:105B60008E8027FA06F0C007F6D058463146FCF77B
:105B700027FF54F826000028EED0DBF82C0010B1E7
:105B8000052E06D96AE0052E68D8DBF8300000281B
:105B900064D058463146FCF7E7FF5846FCF7FCFF57
:105BA00010F0100F4FF0010050EA00995846494696
:105BB000FDF7FEFA9BF8201041F2A007C2F2002781
:105BC000044607EBC10131F81000494602905846DF
:105BD000FCF752FC58464946FDF71AFD002358468B
:105BE00031464A46FCF768F99BF8201041F2D8028A
:105BF000C2F2002241F24013C2F2002302EBC102C2
:105C000007EBC101074632F81420584631F814104A
:105C100053F82220013AB2FBF1F101F1010AFDF73C
:105C200077FE9BF820101FFA8AF282426FF31F372B
:105C300008EB011141F82470019F7FF66CAF9BF8CF
:105C4000201008EB011151F82430002B3FF45DAF18
:105C5000C0431044029A00FB023059E758463146CF
:105C6000FEF732FE0021102804D130465A46FFF7D5
:105C7000F7F971E730465A46FFF7CAF96CE703B007
:105C8000BDE8F08FD4D4D4D4F0B581B041F29017F0
:105C90000C4605460126C2F2002704E000BF00BF03
:105CA00001360A2E1CD024FA06F0C007F8D057F8A7
:105CB00026000028F4D028463146FEF715FEB0F540
:105CC000404FEDD12846FCF79BFE00B20521B0F114
:105CD000FF3F30462A46C8BF0721FEF705FBDFE736
:105CE00001B0F0BDD4D4D4D42DE9F04381B0054641
:105CF00041F28020C2F2002041F290180C46871C2D
:105D00004FF00109C2F20028012609E006213046C1
:105D10002A46FEF7E9FA00BF01360237062E2CD0DC
:105D200024FA06F0C007F7D058F826000028F3D070
:105D300095F8200000EB800037F820000128EBD018
:105D400028463146FEF7A0FD8007DFD428463146BD
:105D5000FCF7C2FF40040BD495F8200001212A462D
:105D600000EB800027F820903046FFF73DFED3E798
:105D700028463146FCF790FDCEE7062607E00121D4
:105D800030462A46FFF730FE01360A2E13D024FA99
:105D900006F0C007F8D058F826000028F4D02846AE
:105DA0003146FEF771FD8007E9D5062130462A46C7
:105DB000FEF79AFAE8E701B0BDE8F083D4D4D4D472
:105DC0002DE9F0414378052B04D1C37803F0030398
:105DD000022B03D20023D8B2BDE8F081032B33D1CC
:105DE000022A4FF0000340F0DE8090F90220B2F169
:105DF000FF3F00F3D88091F8203041F2B8126426BA
:105E0000C2F2002213FB062241F2A05548F2100C08
:105E1000C2F2002502F13C04062204E000BF00BFEC
:105E200001320A2A6AD034F80A6B002EF8D1EE5CEF
:105E3000002EF5D1EA5491F82030EE5C41F22E1597
:105E4000C2F20025EE7061E090F90230B3F1FF3F3D
:105E500028DD0A2ABED191F8203041F2B81264261A
:105E6000C2F2002213FB062241F29E55C2F2002527
:105E700002F10A04012202E00132062A40D034F87D
:105E80000A6B002EF8D1EE5C002EF5D1EA544FF4E7
:105E9000854C91F82030EE5C41F22E15C2F20025BF
:105EA0002E7033E00A2A95D191F8203041F2B812D1
:105EB0006426C2F2002213FB062241F29C55C2F274
:105EC000002502F10A04012205E000BF00BF00BF67
:105ED0000132062A17D034F80A6B002EF8D1EE5C96
:105EE000002EF5D1EA5444F2102C91F82030EE5CEB
:105EF00041F22E15C2F200256E7007E00A2205E07D
:105F00004FF4854C01E044F2102C062241F2B81EF9
:105F10006425C2F2002E13FB05E602EB820436F87C
:105F20001430012B4FF000033DD006EB4406877878
:105F3000B0F804800120308007F00F0691F82000AF
:105F40004CEA060710FB05E000EB4400478091F89F
:105F5000200010FB05E000EB4400A0F8068091F85B
:105F6000200010FB05E000EB4400038191F82000C5
:105F7000012817D141F29E5041F29C51C2F20020FB
:105F8000C2F200210EEB44034078497882424FF080
:105F9000000008BF47F648408A4208BF47F608405D
:105FA000A3F868001346D8B2BDE8F081D4D4D4D4A5
:105FB00080B541F2B8116422C2F2002110FB021137
:105FC0004FF0090E0022F6460A3106E000BF00BF7E
:105FD0000A31BEF1010E00D109E00B88012BF7D187
:105FE00001280A6008BF8A80C1F80620F0E741F264
:105FF0009C510022C2F2002141F2A053C2F20023C0
:106000000A5441F29E51C2F200211A540A5480BD32
:106010002DE9F04141F2B8110446C2F200210125F8
:1060200001F10A064FF064080AE000BF00BF00BF9C
:1060300020462946FBF704FE01350A360A2D32D0E8
:1060400094F8200000FB08F0305A0128F4D1002118
:106050002046FCF70DF9AFB200F00F00B84205D1B1
:106060000021002200232046FBF7D2FE012120461A
:10607000FCF7FEF800F00F00B84205D10021012224
:1060800000232046FBF7C4FE02212046FCF7F0F86F
:1060900000F00F00B842CBD100210222002320469D
:1060A000FBF7B6FEC4E7BDE8F081D4D4D4D4D4D491
:1060B000F0B581B041F2B8110446C2F200210125C9
:1060C00001F10A06642703E001350A360A2D0AD0D9
:1060D00094F820007843305A0128F5D1204629460B
:1060E000FBF726FEF0E701B0F0BDD4D4D4D4D4D46D
:1060F000B0B5044600F0D4F8FEF7B6FE2046FEF731
:106100002BFC41F2F045C2F200256B693BB1014620
:1061100041F2A820C2F200200288204698470021C0
:106120002046FCF7CDFC2868C1792046BDE8B04088
:10613000FCF7F6BCD4D4D4D410B504460A20FDF73D
:106140000BFE2046FEF78CFC94F82000BDE81040C2
:10615000FEF772B9D4D4D4D4F0B581B00446FBF7BD
:1061600027FF94F82000FEF777F941F2AA200021DA
:10617000C2F2002041F2B812C2F2002201250180D1
:1061800041F2AC20C2F2002002F10A06642701802D
:1061900006E000BF00BF00BF01350A360A2D0FD050
:1061A00094F820007843305A0128F5D10821284678
:1061B0002246FEF799F820462946FBF7B9FDEBE7A2
:1061C00041F2F040C2F20020C36933B11E21002227
:1061D000204601B0BDE8F040184701B0F0BDD4D46E
:1061E000B0B5044690F82000FEF756F994F8200068
:1061F000FCF79AFB05462046FBF73AFF94F820107F
:106200006A061AD500F00300012816D10846FEF7E9
:106210000BF900F049F841F2F040C2F20020036AA5
:10622000002B08BFB0BD41F2AC200022C2F200201A
:1062300001882046BDE8B04018470846FEF74CF9F3
:1062400094F82000BDE8B040FEF736B9D4D4D4D4D9
:10625000FDF7A6BFD4D4D4D470B5044600BF00BFA8
:106260002046FCF761FB05460A20FDF771FD20463C
:10627000FCF75AFB06460A20FDF76AFD2046FCF7AC
:1062800053FB06F0800205F080019142E8D100F056
:1062900080008242E4D14020002908BF432070BD25
:1062A0007047D4D4D4D4D4D47047D4D4D4D4D4D490
:1062B00070B5054641F2AE400C46C2F200204021C6
:1062C00004F0D3FC41F2B0204FF4FF71C2F2002081
:1062D00004F0CBFC41F240500026C2F2002041F213
:1062E0003851C2F20021068041F24250C2F2002031
:1062F0000E603421068041F24450C2F20020068034
:1063000041F24650C2F20020068041F24850C2F2EB
:106310000020068041F24A50C2F20020068041F27D
:106320004C50C2F20020068041F23C50C2F20020E4
:10633000068041F24E50C2F200204660066041F2F3
:10634000F040C2F2002004F090FC41F268102821D5
:10635000C2F2002004F089FC41F240102821C2F270
:10636000002004F082FC41F2B45041F22452C2F207
:10637000002040F60E61C2F2002241814FF00E3142
:10638000C0F80610C0F8021041F290102821C2F2A5
:106390000020166056609660D660166104F065FCB9
:1063A00041F2AA2041F2AC21C2F20020C2F2002147
:1063B00006800E8028462146BDE87040FEF730BFBB
:1063C000F0B581B041F242516FF0FF02C2F20021FC
:1063D0000023497802EB012141F24C524FEA71212E
:1063E000C2F20022052913801BD004292FD141F2CB
:1063F000445641F2AA24C2F20026C2F20024054605
:10640000318827880846FEF747FD3188B9421ED0FB
:1064100041F2F041C2F200218B69C3B121882846C4
:1064200010E041F2F041C2F200218B6A7BB141F2EF
:10643000465141F2B022C2F20021C2F20022098884
:1064400032F81110002201B0BDE8F040184701B049
:10645000F0BDD4D4D4D4D4D470B541F24251C2F2F8
:106460000021098821F0FF024FEA7222062A00F279
:106470008481DFE812F007008201820140007A0087
:106480009E00820141F24452C2F200221288002A88
:1064900040F0738141F24852C2F200221288022A6F
:1064A00040F06B8141F2A25501F01F01C2F20025BC
:1064B00002294FF000022A8000F0E280012900F05A
:1064C000CF80002940F0598141F24651C2F20021AB
:1064D0000988002940F051810446FEF78DFD41F204
:1064E000AC212870C2F200210988012940F0E8801F
:1064F00040F00200E3E001F01F02012A00F0878073
:10650000002A40F03A8141F244514FF0FF32C2F28A
:106510000021098802EB1122072A00F22E81CDB258
:10652000DFE812F00800D80012012B012B012F0127
:10653000ED002B0141F24651C2F2002109882943A6
:1065400040F01B81024641F2F040C2F2002041F2CD
:106550004853C2F2002301681B880878834238BF81
:106560001846BDE87040FEF7F7BAC90640F005814D
:1065700041F24451C2F200210988002901BF41F2D1
:106580004651C2F200210988002940F0F68041F20C
:106590004851C2F200210988012940F0EE8041F201
:1065A000AA21C2F200210B7841F2A451C2F20021CB
:1065B00026E001F01F01012940F0DF8041F2445143
:1065C000C2F200210988002940F0D78041F24851E9
:1065D000C2F200210988012940F0CF8041F24651E2
:1065E000C2F200210988FE2900F2C78041F2B022E0
:1065F000C2F2002212F8113041F2A651C2F200217B
:10660000024601200B70BDE87040FEF7A5BA41F2CA
:106610004E5241F24453C2F20022C2F2002341F230
:1066200048561180198841F2F043518041F2465199
:10663000C2F20023C2F20021C2F20026DB6A0988FE
:106640003688002B9180D68008BF70BD41F24E562F
:106650000021C2F2002602463046BDE870401847CD
:106660000446FDF73DFD012840F0988041F2465078
:10667000C2F200200588FEF733FC854220D38DE06E
:1066800041F246560446C2F20026318809070FD06F
:10669000FDF726FD012840F0818030882146FEF775
:1066A0003FFFFF287AD001462046FEF7EDF803E0D1
:1066B00090F82000FCF74CFA800701D501202870E3
:1066C00041F2A2510220C2F200212246BDE87040F0
:1066D000FEF742BA41F24651C2F20021098829432D
:1066E0004BD10446FEF738F941F2F041C028C2F21E
:1066F000002101F1080208BF01F10C0219E0044673
:10670000FEF756FF012801BF41F24650C2F20020B9
:10671000008850EA050041D12046FEF71DF941F2FC
:10672000F041C028C2F2002101F10C0208BF01F1C2
:10673000080241F248501168C2F200204A880088DD
:106740008242C2D81046C0E741F2F041C2F20021B5
:1067500091F83020954210D20246086941F2485320
:1067600050F82510C2F2002308781B88834229D2F2
:106770001846BDE87040FEF7EFB9BDE87040FDF780
:106780000FBD0446FEF714FF012801BF41F2465039
:10679000C2F20020008850EA050004D02046BDE87F
:1067A0007040FDF7FDBC41F2F04041F24852C2F2A8
:1067B0000020C2F20022416812880878824238BF65
:1067C000104682E7BDE87040FEF7C6B9D4D4D4D4F1
:1067D000FDF7E6BCD4D4D4D42DE9F0418AB041F21F
:1067E00042560446C2F20026318821F0FF02A2F58B
:1067F00080724FEA7222052A00F26D81DFE812F002
:106800000600530035006B018500D00041F248506E
:10681000C2F200200088002840F05D8101F01F00D6
:10682000022800F0FD80012800F05581002840F08A
:10683000528141F24450C2F200200088012840F009
:106840004A8141F24650C2F200200088002840F000
:106850004281FEF7BDFB012840F03D8141F2AC20B2
:106860000021C2F20020018019E0C80640F0338107
:1068700041F2485041F24651C2F20020C2F20021DA
:106880000088098880B2084340F0258141F24450D5
:10689000C2F2002000887F2800F21D8100212046DE
:1068A000FEF742F81AE141F24850C2F20020008897
:1068B000002840F0108101F01F00022800F0D9806C
:1068C000012800F00881002840F0058141F2445081
:1068D000C2F200200088022800F0E280012840F087
:1068E000338141F24650C2F200200088002840F077
:1068F000F280FEF76DFB012840F0ED8041F2AC2004
:106900000121C2F200200180C8E7C80640F0E38000
:1069100041F2F04041F24455C2F20020C2F200259B
:1069200080682988407900295FEA0F9281425FEAF6
:106930000F90024240F0CF8041F24650C2F2002058
:106940000088002840F0C78041F24850C2F2002081
:106950000088002840F0BF8000212046FDF7E4FFBA
:106960002888002800F0BA8041F2AA21C2F2002152
:106970000988884200F0B280FEF79EFAFEF7B0FA6E
:1069800050B10546002700BFB8B20021FEF7D4FA87
:106990000137B8B2A842F7D32046FFF789FB3BE0A6
:1069A0002046FDF79DFB012840F09580308800F0DF
:1069B0001F00012840F08F8041F24655C2F20025A9
:1069C0002F88FEF78DFA874200F2858041F2485009
:1069D000C2F20020008800287DD141F24458288866
:1069E000C2F20028B8F80070FEF782FA874272D827
:1069F000288841F2B027C2F2002798F8001027F843
:106A0000101000212046FDF78FFFFEF755FA288869
:106A100037F81010FEF790FA2046FFF7F9FA5DE01C
:106A200041F24450C2F200200088002853D141F2C4
:106A30004650C2F200200088010700F089802146FC
:106A4000FEF76EFDFF2846D0054620462946FDF795
:106A50001BFF012840F0818020462946FBF714FAED
:106A600020462946FCF7C4F920462946FDF75CFF7D
:106A70007BE041F24450C2F20020008858BB41F252
:106A80004650C2F20020008801073FF407AF2146BC
:106A9000FEF746FDFF281ED02146FDF779FBFDE6F7
:106AA0002046FDF759FFC02815D141F24650C2F2E9
:106AB0000020008800F5804109B200290BD441F282
:106AC000AE2141F24053C2F20021C2F20023012262
:106AD0000A801880E2E62046FDF762FB41F24C5541
:106AE000C2F200252888012827D141F2445130887C
:106AF000C2F20021ADF8100000260396088841F28A
:106B00004851ADF8120041F24650C2F20020C2F2E4
:106B10000021ADF808600088ADF814000888ADF8D1
:106B2000160093208DF8070094F820008DF80400DB
:106B300001A90820FDF720FF2E8000202146FEF746
:106B400073F80AB0BDE8F0812046FFF781FBC5E786
:106B500000212046FDF7F0FEA0E620462946FDF77D
:106B6000EBFE20462946FCF743F90021204600278A
:106B7000FDF7DAFE41F22450C2F2002030F8151081
:106B80000129ABD141F2385120F81570C2F2002131
:106B9000002220460B68002198479FE7D4D4D4D424
:106BA00070B58AB041F242550446C2F200256978B8
:106BB00009024FEA712106293ED8DFE801F0043DC1
:106BC0003D040404040000212046FDF7ADFE41F21F
:106BD0004C56C2F200263088012827D141F2445198
:106BE0002888C2F20021ADF810000025039508881E
:106BF00041F24851ADF8120041F24650C2F2002075
:106C0000C2F20021ADF808500088ADF814000888E1
:106C1000ADF8160093208DF8070094F820008DF849
:106C2000040001A90820FDF7A7FE358000202146B9
:106C3000FDF7FAFF0AB070BD2046FDF7B1FAC6E7CE
:106C400070B58AB041F242564FF4E062C2F20026BB
:106C500004467178B2EB012F04D100212046FDF7E4
:106C600063FE02E02046FDF79BFA41F24C55C2F26A
:106C700000252888012827D141F244513088C2F2EA
:106C80000021ADF8100000260396088841F2485113
:106C9000ADF8120041F24650C2F20020C2F20021CB
:106CA000ADF808600088ADF814000888ADF816004B
:106CB00093208DF8070094F820008DF8040001A9B6
:106CC0000820FDF759FE2E8000202146FDF7ACFF7D
:106CD0000AB070BDD4D4D4D470B58AB0038803F0A0
:106CE0006003402B18BF202B17D106292AD8DFE8D4
:106CF00001F04E0430045B80290092F820108DF8DA
:106D00000410016840680590049100200390ADF8DC
:106D1000080093208DF807000EE093218DF80710EE
:106D200001684068CDE9041092F820008DF8040055
:106D300000200390ADF8080001A90720FDF71CFE14
:106D40000AB070BD072011460AB0BDE87040FDF7DB
:106D50006BBF01684068CDE9041000211046002592
:106D60001446FDF7E1FD94F8200001A98DF8040018
:106D700093208DF8070008200395ADF80850FDF723
:106D8000FBFD41F24C50C2F20020058045E041F28B
:106D90004A5041F24C52C2F20020C2F200220021BD
:106DA000018011800AB070BD01684568CDE9041505
:106DB0000021104600261446FDF7B6FD41F24010B2
:106DC00094F82010C2F200208DF8041001A9ADF84B
:106DD00008600068C0EB1540039093208DF8070011
:106DE0000820FDF7C9FD41F24C50C2F20020068098
:106DF00013E001684068CDE9041092F820008DF896
:106E0000040000200390ADF8080093208DF80700DF
:106E100001A907201446FDF7AFFD00202146FDF72C
:106E200003FF0AB070BDD4D4F0B58FB00D46897899
:106E300001700446E87841F23076C2F2002600F094
:106E40007F00E070286AA06141F22870EA69C2F20E
:106E5000002040F8212020786A6AE261A96A216254
:106E6000305C012802D140F2DD5676E022B192E892
:106E70000B001A689047216A11B107C91268904740
:106E80002878012807D0207841F2B051C2F20021C1
:106E9000022221F8102070783178C0B2084307D15F
:106EA00041F2B4504FF4BA71C2F2002003F0DDFE9B
:106EB000207841F23477C2F20027012131540026B4
:106EC00047F8206041F23C712078C2F2002121F89D
:106ED000106041F24070C2F200204FF40C7103F0D8
:106EE000C4FE2878012838D02078FCF71DFD06461E
:106EF00098BB20462946FFF7DBF920782946FCF7A6
:106F000007FE6878022805D120788DF8240001A8B2
:106F1000FBF766F82078FDF70FFB2078FFF79CF968
:106F2000402808D12078FBF737F80A20FCF714FF37
:106F30002078FDF781FA287801280DD0207857F8BD
:106F4000201041F0010147F82010207857F8201058
:106F500041F0020147F82010002630460FB0F0BD86
:106F600070B504460078FCF787FD00281CBF4FF47D
:106F7000BC6070BD217841F23072C2F2002241F251
:106F8000B055C2F200250020505435F81120012AD6
:106F900007D00646FEF720F92078FFF709F8217898
:106FA000304641F23472C2F2002242F821002178C8
:106FB00025F8110070BDD4D4F0B58FB006782EB18D
:106FC0008D0705D040F2E2500FB0F0BDCD07F9D1EA
:106FD00041F2B055C2F2002535F81640022C02D11C
:106FE00003F07F03C37041F23473C2F2002353F8FD
:106FF00026303BB135F816308DF8246035F8163060
:10700000012B03D140F2DC500FB0F0BD0D4601A9B9
:10701000074608461446FDF79FFC38783E46FBF7C6
:1070200083FC00F07000302840F2DC500BD10746A2
:10703000304629462246FDF787FBD52857EA1791A7
:10704000002851EA10800FB0F0BDD4D4D4D4D4D4E9
:10705000F0B58FB006782EB18D0705D040F2E25022
:107060000FB0F0BDCD07F9D141F2B055C2F2002505
:1070700035F81640022C02D103F07F03C37041F2B1
:107080003473C2F2002353F826303BB135F8163082
:107090008DF8246035F81630012B03D140F2DC5016
:1070A0000FB0F0BD0D4601A9074608461446FDF78E
:1070B00053FC38783E46FBF737FC00F07000302870
:1070C00040F2DC500BD10746304629462246FDF7F8
:1070D00073FBD52857EA1791002851EA10800FB0AA
:1070E000F0BDD4D4D4D4D4D470B58EB004460078D6
:1070F00041F2B053C2F2002333F81050022D02D1F6
:1071000002F07F02E27041F23472C2F2002252F8C1
:1071100020203AB133F810208DF8200033F8100009
:10712000012803D140F2DC500EB070BD68460D4618
:10713000FDF712FC2078FBF7F7FB00F07000302819
:1071400040F2DC500AD1064620462946FDF77CFB7A
:10715000D52856EA1691002851EA10800EB070BD6D
:1071600040F2DC507047D4D440F2DC507047D4D4A5
:1071700040F2DC507047D4D4027841F23473C2F24A
:10718000002353F82230CBB370B58EB041F2B05328
:10719000C2F2002333F8122006228A7002788DF89A
:1071A000202033F81220012A4FF0000221D06B4634
:1071B000054618460A7014460E46FDF7CDFB002121
:1071C000C02808BF0221802808BF012171702878DB
:1071D000FBF7AAFB4DF67C3141F2A823C0F3021065
:1071E000C0F20021C2F200232246085C1978B07078
:1071F000F1700EB0BDE870401046704740F2DC50B0
:107200007047D4D4D4D4D4D440F2DC507047D4D412
:1072100040F2DC507047D4D440F2DC507047D4D4F4
:1072200070B58EB00446007841F2B05541F2347228
:10723000C2F20025C2F2002235F8103052F82020A8
:10724000F2B135F810208DF8200035F81000012833
:1072500016D068460E46FDF77FFB2078FBF764FBEF
:1072600000F0700030280BD14FF0010CA6F800C0E0
:10727000207835F81000012806D100200EB070BD2E
:1072800040F2DC500EB070BD41F2B8104FF0090E64
:10729000C2F20020F646324600F10A0364210125BD
:1072A000012608E000BF00BF0A3301360020BEF10E
:1072B000010E00D1E6E720784843185A0128F3D19F
:1072C0000CFA06F005431580EEE7D4D4D4D4D4D418
:1072D00070B59CB00446007841F2B0568DF820009D
:1072E000A27041F23472C2F20026C2F2002236F8D5
:1072F000103052F82020002A47D036F810208DF8A0
:10730000580036F8100001283FD00EA80D46FDF7B2
:1073100023FB2078FBF708FB00F07000302834D105
:10732000207836F81010012902D101201CB070BD60
:10733000A17841F2B81C6426C2F2002C10FB06C0F2
:1073400001EB810100EB4100408800F00F022A7040
:10735000A178237813FB06C301EB810603EB4603F8
:107360005B88DB0603D502F180012970A1786846AD
:10737000FDF7BAFAB0F5404F0DD0B0F5004F08D088
:10738000B0F5804F01D1002006E040F2DC501CB087
:1073900070BD012000E0022068706846A178FDF70A
:1073A0007FFA688000201CB070BDD4D4D4D4D4D46B
:1073B0002DE9F041884605460E200870FDF730FBA8
:1073C00041F2B450C2F20020417802788A4217D0CC
:1073D00001EBC10100EB81010C315CC95CC591E896
:1073E000DC00DCC541780144897888F800104178D8
:1073F0004A1CD2B2092A4FF0000252EA8191417030
:107400000020BDE8F081D4D441F228720146C2F2D6
:1074100000220020C2E900117047D4D4D4D4D4D4BF
:10742000007841F2B052C2F2002232F81020012A54
:1074300002D140F2DC50704780B5FDF7E5F800203E
:1074400080BDD4D4D4D4D4D4F0B58FB00446007861
:1074500041F23477C2F2002757F8207047B341F267
:10746000B057C2F2002737F810608DF8240037F8C3
:10747000100001280BD001A815460E461F46FDF747
:107480006BFA2078FBF750FA3B4631462A46637088
:107490000888A0814B880006E38120468B882382E0
:1074A000CB88114663821A4606D4FDF701F905E040
:1074B00040F2DC500FB0F0BDFDF7D2F80146FF28D6
:1074C0004FF0000008BF40F2DC50D52908BF40F261
:1074D000DD500FB0F0BDD4D470B58EB00446007846
:1074E00041F23473C2F2002353F820302BB341F23F
:1074F000B053C2F2002333F810608DF8200033F847
:107500001000012809D0684615460E46FDF724FAFA
:107510002078FBF709FA31462A462046FDF7A0F805
:107520000146FF284FF0000008BF40F2DC50D5298B
:1075300008BF40F2DD500EB070BD40F2DC500EB01E
:1075400070BDD4D4D4D4D4D470B58EB004460078F1
:1075500041F23473C2F2002353F820302BB341F2CE
:10756000B053C2F2002333F810608DF8200033F8D6
:107570001000012809D0684615460E46FDF7ECF9C3
:107580002078FBF7D1F931462A462046FDF790F8DE
:107590000146FF284FF0000008BF40F2DC50D5291B
:1075A00008BF40F2DD500EB070BD40F2DC500EB0AE
:1075B00070BDD4D4D4D4D4D4B0B58EB00446007841
:1075C00041F23472C2F2002252F82020D2B141F2CC
:1075D000B052C2F2002232F810308DF8200032F89A
:1075E0001020012A08D068460D46FDF7B5F920782D
:1075F000FBF79AF920782946A180FDF719F80020B9
:107600000EB0B0BD40F2DC500EB0B0BDD4D4D4D476
:1076100080B58EB000788DF820006846FDF704FA3A
:1076200040F2DC51D52808BF40F2E151002851EA70
:1076300010800EB080BDD4D4007841F2B051C2F2B7
:10764000002131F81000022804D180B5FDF7E8F9D7
:10765000002080BD40F2DC507047D4D4D4D4D4D4C0
:10766000007841F2B052C2F2002232F81020022A11
:1076700007D141F2A852C2F2002242F820100020A5
:10768000704740F2DC507047027800200A70704763
:10769000C278002042F080020A707047D4D4D4D45B
:1076A000427800200A707047827800200A70704784
:1076B000007841F2B052C2F2002232F81020012AC2
:1076C0000ED010B50C46FBF72FF94DF68431C0F300
:1076D0000210C0F2002131F810002080BDE81040F7
:1076E00000207047D4D4D4D40246002092680A60A7
:1076F0007047D4D4D4D4D4D4D0E9032300204B6031
:107700000A607047D4D4D4D4002940F2DC5108BFB9
:107710000121002808BF012108467047D4D4D4D4E1
:10772000002840F2DC5008BF01207047D4D4D4D4E4
:107730002DE9F0470D46097848F200020446C4F2EC
:10774000350202EB01206062002020702562A278E1
:107750006969A162A969C4E90B0122F00300D5F8A7
:107760001C80411CA170697811B940F00200A07022
:1077700095F90B204EF20019CEF2000901265009AE
:1077800002F01F034CF2003AA97A09EB800006FAD6
:1077900003F3C4F2000A4EF6185CC0F88030CEF253
:1077A000000CBFF34F8FBFF36F8F5AF82230002ABF
:1077B00023F480334AF822304FEA01115AF822307C
:1077C00004D409EB020383F8001304E002F00F0372
:1077D000634403F8041C41F6C8110120C2F20021E1
:1077E00041F8224095F90520530902F01F06B040E8
:1077F0002E7909EB8303002AC3F880004FEA0613B1
:10780000BFF34F8FBFF36F8F5AF8220020F4803000
:107810004AF822005AF8220004D409EB020080F84A
:10782000003304E002F00F00604400F8043C41F82B
:107830002240012695F90720500902F01F0306FA9D
:1078400003F3AE7909EB8000002AC0F880304FEADC
:107850000613BFF34F8FBFF36F8F5AF8220020F447
:1078600080304AF822005AF8220004D409EB0200C2
:1078700080F8003304E002F00F00604400F8043C9C
:1078800041F82240012695F90920500902F01F0312
:1078900006FA03F32E7A09EB8000002AC0F8803044
:1078A0004FEA0613BFF34F8FBFF36F8F5AF82200D2
:1078B00020F480304AF822005AF8220004D409EB60
:1078C000020080F8003304E002F00F00604400F88A
:1078D000043C41F822400120EFF3108680F3108829
:1078E00028784FF0004121FA00F043F20401C4F27D
:1078F00020010A6822EA0000086008681E200121B1
:1079000002F03AFD86F310884FF48061606A4FF40C
:1079100080428160E869E9786E78437802EA8131D3
:10792000077866F30921DA03437B92B207F0030775
:1079300003F00103114441EA4352636A42EA0762D9
:10794000416802F580525A61027802F0FE03022B70
:1079500007D14FF60471022ACFF6007108BF20311B
:1079600000E00968626A11610C22017BAB788778BC
:1079700062F39F014FF44072022B08BF4FF48072F4
:10798000002B07F00103676A18BF114341EA037136
:10799000F960626A002191612A78092A04D8626A32
:1079A0000023C1F61F735362B0F80F20807B636A17
:1079B00040EA022041F60172C0F21F021040186333
:1079C000206AC4E90411C4E90611C569A160687C94
:1079D00050B34EF25400C4F20100017801F00F01DF
:1079E000022901D801220BE0CA1E052A06D24DF653
:1079F000C031C0F2002151F8226003E008391022A2
:107A000002FA01F6407800F00F0002F065FC41F642
:107A10003022697CC2F20022B0FBF6F012685143BA
:107A2000B1FBF0F00130A060606AB8F80A101022D3
:107A3000A181C9F607528266206A90F905104A09A9
:107A400001F01F035AF8210020F480304AF8210089
:107A50005AF8210009F5C0700121BFF35F8F01FAC8
:107A600003F340F8223049F82230226A92F90B20C1
:107A70005AF8223023F480334AF822305AF8223060
:107A8000530902F01F02BFF35F8F01FA02F240F8C0
:107A9000232049F82320226A92F907205AF822303D
:107AA00023F480334AF822305AF82230530902F086
:107AB0001F02BFF35F8F01FA02F240F8232049F85A
:107AC0002320226A92F909205AF8223023F48033C5
:107AD0004AF822305AF82230530902F01F02BFF34D
:107AE0005F8F914040F8231049F8231040F2114174
:107AF000606AC0F201018160606A00BF00BF00BF20
:107B0000017FC907FCD044F642110020C5F2433181
:107B10006160BDE8F087D4D403460020C3E90612B3
:107B20007047D4D4D4D4D4D4D0F824C0DCF80830EE
:107B300023F44013CCF80830D0F824C000BF00BFB5
:107B4000DCF848305B00FBD5DCF8083023F010038C
:107B5000CCF80830D0F824C09CF81C30DB06FBD4ED
:107B6000C0E904120020DCF8081041F01011CCF834
:107B700008107047D4D4D4D42DE9F0410446406AAB
:107B80004FF6EE7288468668CFF6CE72324082603B
:107B9000206A00222261C769A260787C50B34EF24D
:107BA0005400C4F20100017801F00F01022901D84C
:107BB00001220BE0CA1E052A06D24DF6C031C0F2E2
:107BC000002151F8225003E00839102202FA01F591
:107BD000407800F00F0002F07FFB41F63022797C04
:107BE000C2F20022B0FBF5F012685143B1FBF0F095
:107BF0000130A060606AD8F8001026F440120161DC
:107C00000020616A8A60BDE8F081D4D4D4D4D4D491
:107C100000204FF0FF32C1E900227047D4D4D4D401
:107C20008A0703D40622C90715D116E0426A936871
:107C300023F440139360426A936C5B00FCD5936815
:107C400023F010039360426A137FDB06FCD400220A
:107C50004261C90701D00022C26110467047D4D4E6
:107C6000844681620020CCE90B327047D4D4D4D44E
:107C700044F642124168C5F2433291426DD1B0B52B
:107C8000416A8A6822F440128A60416A8A6822F056
:107C900010028A60416A00BF0A7FD206FCD4016AE2
:107CA0004EF2801CCEF2000C054691F907104A09ED
:107CB00001F01F03012101FA03F34CF82230BFF356
:107CC0004F8FBFF36F8F026A92F90920530902F0B8
:107CD0001F0201FA02F24CF82320BFF34F8FBFF3CB
:107CE0006F8F426A936823F480339360026A92F93B
:107CF0000520530902F01F0201FA02F24CF823207A
:107D0000BFF34F8FBFF36F8F026A92F90B205309B5
:107D100002F01F0201FA02F24CF8232043F204029F
:107D2000BFF34F8FBFF36F8FEFF3108481F3108891
:107D3000016AC4F220024FF0004C1E20097813683B
:107D40002CFA01F1194311601168012102F014FBB2
:107D500084F3108800206860B0BD07207047D4D439
:107D60000246C069086000200021D1617047D4D468
:107D700006207047D4D4D4D406207047D4D4D4D4A9
:107D8000B0B584B04FF07041EFF3038001EB0060B9
:107D90004CF200318015C4F20001425822F48032C6
:107DA000425041F6C8124158C2F200221458206ACB
:107DB00000690028606902D0E0B104B0B0BDC8B16C
:107DC000A07800F003000228206905D10088616ACC
:107DD00020F4DC40486002E0616A00780871A07815
:107DE000226900F003016069401A60611144216159
:107DF0000028E2D1616A02228D68A06862F31555FD
:107E000010B102F0F9FA616A8D60A06A00284FF0A3
:107E100000002061D1D0E06A20B190E82E008DE80A
:107E20002E0000E06846216A097801600021816027
:107E300080210171216BC160A16A8847E06A002836
:107E40001CBF9DE82E002EC004B0B0BDD4D4D4D445
:107E500010B586B04FF07041EFF3038001EB006086
:107E60004CF200318015C4F20001425822F48032F5
:107E7000425041F6C8124158C2F200221458A0786C
:107E800000F00302606A022A03D101686FF35F21E8
:107E900000E00178E0690191D0B1A06901A902F088
:107EA000E9FEA078D4E9061200F003000144101A9C
:107EB000C4E9061034D1A06A90B3E06AE0B1D0E919
:107EC00000C2D0E90231CDE90431CDE902C214E0AB
:107ED000A06A28B3E06A40B1D0E900CED0E902231D
:107EE000CDE90423CDE902CE00E002A8226A12788F
:107EF00081600260042106E002A8216A097801601D
:107F00000021816001210171216BC160A16A884754
:107F1000E06A28B102AC1ECC016042608360C4609C
:107F200006B010BDD4D4D4D4B0B584B04FF07041F5
:107F3000EFF3038001EB006041F6C8128115C2F235
:107F400000224FF6EF7304165558CFF6CF73696AC7
:107F50008A681A408A60A96AE1B1E86A40B1D0E94A
:107F600000C2D0E90231CDE90231CDE900C200E022
:107F70006846296A09780160002181600221017147
:107F8000296BC160A96A8847E86A00281CBF9DE880
:107F90002E002EC04CF20030C4F2000050F8241025
:107FA00021F4803140F8241050F8240004B0B0BD12
:107FB00070B584B04FF07041EFF3038001EB0060C7
:107FC00041F6C8128115C2F200225458A178636AA2
:107FD00001F00301022904D1D3F800C06FF35F2C34
:107FE00001E093F800C09A6C2025082105EAD245EB
:107FF0004FF0100E01EA12611EEA126229440A448F
:1080000003D0996C090458BF4032996E051641F0AF
:10801000C8519966A16AD9B1E06A40B1D0E900E3DC
:10802000D0E90216CDE90216CDE900E300E068468A
:10803000216A0978C0F808C001600271216BC16033
:10804000A16A8847E06A00281CBF9DE84E004EC028
:108050004CF20030C4F2000050F8251021F48031B9
:1080600040F8251050F8250004B070BDD4D4D4D405
:108070004FF07041EFF3038001EB00604CF20031F0
:108080008015C4F20001425822F48032425041F679
:10809000C8124158C2F200221058C2694169914287
:1080A00002D3914210D07047C2681AB1515C61F09E
:1080B000FF0101E06FF0FF01826851604169C26910
:1080C000013141619142EED10169002918BF704729
:1080D00080680222816862F3155181607047D4D4B0
:1080E0004FF07041EFF3038001EB00604CF2003180
:1080F0008015C4F20001425822F48032425041F609
:10810000C8124158C2F200221058C16942698A421D
:108110000DD2C16819B1895C61F0FF0101E06FF017
:10812000FF01826851604269C1690132426182691E
:108130008A4209D28168D1F800C00369511C81616B
:1081400003F802C0D0E906218A4218BF7047806850
:10815000816821F4441101F5001181607047D4D485
:10816000B0B584B04FF07041EFF3038001EB0061D4
:1081700041F6C8128815C2F200224FF6EE73145869
:10818000CFF6CF73A06882681A408260606A30B10F
:108190000DF1040C90E82C008CE82C0000E001A804
:1081A00062680D161278026001220271A26A826072
:1081B000216A8847606A10B101AB0ECB0EC04CF249
:1081C0000030C4F2000050F8251021F4803140F84E
:1081D000251050F8250004B0B0BDD4D4D4D4D4D4E4
:1081E000B0B584B04FF07041EFF3038001EB006154
:1081F00041F6C8128815C2F200221458A06882689D
:1082000022F444128260A0684FF080728266606A35
:1082100030B10DF1040C90E82C008CE82C0000E04B
:1082200001A862680D161278026004220271A26A27
:108230008260216A8847606A10B101AB0ECB0EC024
:108240004CF20030C4F2000050F8251021F48031C7
:1082500040F8251050F8250004B0B0BDD4D4D4D4D3
:1082600080B545F25422C5F24F020260084600F084
:1082700003F8002080BDD4D470B5044600F064F843
:1082800041F6C41CEFF31081C2F2002C012080F3F0
:108290001088DCF8000038B940F614500022C4F20F
:1082A0004000027040220270DCF800000130CCF87F
:1082B000000081F31088208830B340F6000E0021C2
:1082C000C4F2400E08E000BF0EEB8010013140F810
:1082D00022302088814217D2606800EBC10250F83A
:1082E00031309288D8034FEA1220D2B2ECD50EEB8F
:1082F000801555F8226026F4803645F8226023F474
:10830000803645F82260DFE70120EFF3108180F32B
:108310001088DCF8000020B1DCF800000138CCF84F
:108320000000DCF8000010B181F3108870BD40F649
:1083300014500022C4F2400002708022027081F3C7
:10834000108870BDD4D4D4D42DE9F04F81B0044648
:108350000088002867D04EF64C4B0025C4F2010B74
:108360004FF0010A04E000BF2088013585425AD24F
:108370004DF6D43642F240080027C0F20026C4F27F
:1083800020080CE000BF00BF88F80000C8200121D1
:1083900001F0F2FF013708F10208032FE4D0606812
:1083A00036F8021B00EBC50082888A42F2D10068D1
:1083B0009BF8001000F0B8500AFA07F9B0F1807F7E
:1083C00009EA010018D158B9012002F089F89BF898
:1083D000000040EA09008BF80000012002F054F888
:1083E00098F900000028D5D498F8000040F08000EB
:1083F000CAE700BF00BF00BF58B1012002F070F80B
:108400009BF8000020EA09008BF80000012002F030
:108410003BF898F90000B0F1FF3FBBDC98F8000092
:1084200000F07F00B0E701B0BDE8F08FD4D4D4D421
:1084300070B50D4609784EF200020446C4F22502DA
:1084400002EB012020612560A8686060287B207213
:10845000E8696063286AE0630020A063C4E905005E
:10846000C4E9070084F8290084F82A0084F82B0066
:1084700084F82C000120EFF3108680F3108829780F
:10848000C1F10901884043F20401C4F220010A68E5
:1084900022EA0000086008681E20012101F06CFF3C
:1084A00086F310882046294600F0C2F844F64311AE
:1084B0000020C5F24921E16070BDD4D4D4D4D4D415
:1084C0009C46012380F82AC000F0AAB9D4D4D4D4A1
:1084D0009C46002380F82AC000F0A2B9D4D4D4D49A
:1084E000B0B5044600690025C5712046216800F03A
:1084F0009FF894F82600216984F82800A069C4E94F
:108500000750002084F82C5084F82A50B322CA71F6
:10851000B0BDD4D4D4D4D4D40346002059601A7248
:108520007047D4D4D4D4D4D4844641630020CCE959
:108530000E327047D4D4D4D444F64312C068C5F286
:10854000492290425FEA1F9200200A707047D4D4FB
:10855000B0B5044600690025C5712046216800F0C9
:1085600067F894F82600A16984F828002069C4E916
:108570000751B32184F82C5084F82A50C1714EF26F
:1085800080112069CEF20001C571E560206890F984
:108590001100430900F01F02012000FA02F241F825
:1085A0002320BFF34F8FBFF36F8F226892F90E2005
:1085B000530902F01F0200FA02F241F82320BFF330
:1085C0004F8FBFF36F8F226892F91020530902F08A
:1085D0001F0200FA02F241F82320BFF34F8FBFF3CE
:1085E0006F8F226892F90F20530902F01F0200FAE0
:1085F00002F241F8232043F20402BFF34F8FBFF38E
:108600006F8FEFF3108580F310882168C4F2200289
:1086100009781368C1F109018840012118431060ED
:1086200010681E2001F0A8FE85F310880020B0BD60
:10863000F0B50269002313704023026913700269C8
:1086400013785B06FCD5C023137002680369082504
:108650004EF6185C526ACEF2000C127942F0E0023B
:108660001A7402680369526AD27842F0E0025A74BE
:1086700002680369526A927862F306159D70026877
:108680000569526A13785278012B5FEA1F9343EA17
:10869000420242F00402EA70026844F24025C0F24D
:1086A0000F0503695268AA424FF0770208BF6FF0C6
:1086B00008025A71002302699371B3230269D371CE
:1086C0004EF2001291F911404B7BCEF20002002CC9
:1086D0004FEA031303D4151985F8003304E004F0BE
:1086E0000F05654405F8043C41F6C81E4CF2003302
:1086F000C2F2002EC4F2000301274EF8240053F802
:10870000245025F4803543F8245053F8245065094B
:1087100004F01F04BFF35F8F02EB850607FA04F431
:10872000C6F8804142F8254091F90F404D7B002C5E
:108730004FEA051503D4161986F8005304E004F037
:108740000F06664406F8045C4EF8240053F82450E3
:1087500025F4803543F8245053F82450650904F07B
:108760001F04BFF35F8F02EB850607FA04F4C6F817
:10877000804142F8254091F910404D7B002C4FEA92
:10878000051503D4161986F8005304E004F00F060B
:10879000664406F8045C4EF8240053F8245025F48F
:1087A000803543F8245053F82450650904F01F0421
:1087B000BFF35F8F02EB850607FA04F4C6F8804129
:1087C00042F8254091F90E40497B002C4FEA0111F7
:1087D00003D4171987F8001305E004F00F0505EB23
:1087E0000C0707F8041C4EF8240004F01F0753F888
:1087F0002410012621F4803143F8241053F824106A
:10880000610906FA07F7BFF35F8F02EB8103C3F834
:10881000807142F821709F2100690170F0BDD4D4AD
:1088200090F808C0C0E90512BCF1010F09D190F819
:1088300004C04FF48071A0F8251043EA4C0180F881
:10884000241010B581B04EF2200180F82930C4F216
:10885000010109680091009901F00F210091DDF8F4
:1088600000E0DDF800C001690B7C90F82C40BCB939
:10887000CEF30322A2EB1C6203FA02F2042A09D30C
:10888000920800BF00BF00BF91F90130002B04D552
:10889000013AF9D1082001B010BD0022CA718269E5
:1088A0000021C0E9072190F8262080F8281080F8E0
:1088B000272080F82B1080F82D1080F82E1080F8DB
:1088C0002F1080F830100168496A0A784B7891F8C7
:1088D00005C08C79012A5FEA1F9242EA43020369CC
:1088E00042EA0C1242EAC41242F00402DA7002694F
:1088F000137943F0100313710269137903F0F7033E
:1089000013710269137903F0EF0313710269C979D6
:10891000137903F07F0343EAC111117101694A79A8
:1089200042F001024A71016891F90F1000290BD43D
:1089300001F01F02012303FA02F24EF2001349096B
:10894000CEF2000343F8212001694A7A02F0F302D3
:108950004A720169BF22CA7190F82C1019B1002126
:1089600080F82C1002E0006902214170002001B063
:1089700010BDD4D4D4D4D4D410B582B04FF070414B
:10898000EFF3038001EB00604CF200328015C4F27B
:108990000002835823F4803383508058EFF3038020
:1089A00001EB006041F6C8118015C2F200210C589D
:1089B00094F82D0078B1E069002800F0C8802168A3
:1089C000496AC97901293FD1A06B58B3D0E9001297
:1089D000CDE9001227E0A069022804D820690179B6
:1089E00041F040010171E06901280ED1206901794F
:1089F00041F0100101712069017941F00801017114
:108A00002069017901F0EF0101712068406AC079A5
:108A100001287CD1A06B002868D0D0E90012CDE9F4
:108A2000001264E06846E16B016005210171616B31
:108A30008847A06B00281CBFDDE90012C0E90012C6
:108A4000002084F82B00E069012819D0022807D003
:108A500003286FD12069017941F04001017169E07B
:108A60002069017941F0100101712069017941F01B
:108A7000080101712069017901F0EF01017159E0EC
:108A800094F82A0001284DD120684EF28013CEF2CE
:108A9000000390F90F00420900F01F01012000FAC5
:108AA00001F143F82210BFF34F8FBFF36F8F21699D
:108AB000CA7942F08002CA7121690A7942F0100233
:108AC0000A7121690A7902F0F7020A7121690A79AB
:108AD00002F0EF020A71216904224A7021694A7981
:108AE00002F0FE024A7184F82C0023E06846E16B34
:108AF000016005210171616B8847A06B00281CBFD4
:108B0000DDE90012C0E90012002084F82B00206982
:108B1000C07C8DF800009DF80000012084F82D0035
:108B200002B010BD2069417A01F0F701417220695D
:108B300008214170D4E90401C07C226A8854D4E938
:108B40000701013801F10101C4E9070101D002B0B8
:108B500010BD2069017901F0BF01017102B010BDA3
:108B6000B0B582B04FF07041EFF3038001EB0060CD
:108B70004CF200358015C4F20005425922F48032CF
:108B800042514059EFF3038001EB006041F6C811F8
:108B90008015C2F200210C5894F82700D8B194F83F
:108BA0002600032807D194F82800022803D194F85E
:108BB0003000002843D0206994F82410817494F880
:108BC000280094F82710013084F82800481E84F803
:108BD000270002B0B0BD94F8290080BB2068406A2D
:108BE000C07901281CD194F82B00C8B9206AB8B10B
:108BF000A06B20B1D0E90012CDE9001200E0684678
:108C0000E16B016005210171616B8847A06B002851
:108C10001CBFDDE90012C0E90012002084F82B001F
:108C2000E06970B1D4E90401226A895C8174D4E9F5
:108C30000701013801F10101C4E9070101D002B0C7
:108C4000B0BD2069C17901F07F01C17120696FF069
:108C5000BE0100BF00BF00BF90F90720B2F1FF3F87
:108C600003DC002901F10101F6D1206890F9100020
:108C700055F8201021F4803145F8201055F82000D7
:108C8000206890F9100000280BD44EF2802300F0E9
:108C90001F014009CEF20003012202FA01F143F85C
:108CA00020102069C17941F04001C17102B0B0BD0E
:108CB00010B582B04FF07041EFF3038001EB00601C
:108CC00041F6C8118015C2F200210C582068406A94
:108CD000C079012817D1A06B20B1D0E90012CDE9ED
:108CE000001200E06846E16B016005210171616BD3
:108CF0008847A06B00281CBFDDE90012C0E9001204
:108D0000002084F82B0094F82900012806D194F85B
:108D10002700012802D194F8300080B3E06970BBCD
:108D200094F82A00012822D120684EF28013CEF256
:108D30000003012290F90F0000F01F01400902FA20
:108D400001F143F82010BFF34F8FBFF36F8F2069FD
:108D5000C17941F08001C17120690421417020690D
:108D6000417901F0FE01417184F82C2007E020696F
:108D7000417A01F0F70141722069082141702069B0
:108D8000C17901F0BF01C17120696FF0BE0100BF60
:108D9000C279520603D5002901F10101F8D14FF043
:108DA0007041EFF3038001EB00604CF2003180155D
:108DB000C4F20001425822F480324250405802B0BE
:108DC00010BDD4D4D4D4D4D470B582B04FF0704197
:108DD000EFF3038001EB006041F6C8118015C2F289
:108DE00000210C5821694A7A4B7A02F01F0002F0E8
:108DF00003020F2803F0E0034B7201D83AB92DE0CB
:108E000021694B785B0658BF42F001021AB3012575
:108E100084F82B5020690026C67120462168FFF790
:108E200007FC94F82600A16984F828002069C4E9A9
:108E30000761B32184F82C6084F82A60C171A06BAB
:108E400020B1D0E90012CDE9001200E06846E16BE4
:108E50000160057158E04A78520611D4010706D422
:108E600094F82C20012A31D110F004022ED0E069B0
:108E700010B994F82B00A8B3002919D4012138E0C7
:108E8000012084F82B000820487020682369406A7C
:108E900041790278807942EA011141EAC01040F03C
:108EA0000200D8702069417941F00101417137E039
:108EB0000020A169C4E9070194F8261084F828105D
:108EC000012184F82C0084F82A000FE0400727D500
:108ED0002068406AC079012822D10421204600F090
:108EE00033F81DE094F8290080F003012069B322D3
:108EF000C271A06B20B1D0E90023CDE9002300E0CE
:108F00006846E26B02600171616B8847A06B0028C4
:108F10001CBFDDE90012C0E90012002084F82B001C
:108F20004FF07041EFF3038001EB00604CF2003131
:108F30008015C4F20001425822F480324250405859
:108F400002B070BDD4D4D4D410B582B00446806BC6
:108F500020B1D0E90023CDE9002300E06846E26BB0
:108F600002600171616B8847A06B00281CBFDDE9BE
:108F70000012C0E90012002084F82B0002B010BDDE
:108F8000F0B591F902304CF2003CC4F2000C0371D0
:108F90004FF0000E3C245CF823704CF823E08B6803
:108FA0008360CB68C3600B78C325C0F24005437172
:108FB00004EA930402461C4465F31F2449F6005555
:108FC000CFF6FF7504F805E00B794879CE78C0013B
:108FD00040EA03103043605592F904004CF82070C9
:108FE00092F9040000280CD44EF2004341F6C81751
:108FF0004978CEF20003C2F200270901C15447F8B4
:10900000202044F255310020C0F249011160F0BD2A
:1090100090F904004CF20031C4F200014EF2001C41
:10902000CEF2000C51F8202022F4803241F82020AA
:1090300051F82010410900F01F0001220CEB8103C0
:1090400002FA00F0BFF35F8FC3F880014CF82100F3
:1090500000207047D4D4D4D490F904004EF2801389
:10906000CEF20003012200F01F01400902FA01F1D3
:1090700043F820100020BFF34F8FBFF36F8F70476E
:1090800003460020C3E902127047D4D4D4D4D4D408
:10909000014690F90400002818D44EF2801C00F01C
:1090A0001F024009CEF2000C012303FA02F24CF831
:1090B0002020BFF34F8FBFF36F8F91F9040041F66B
:1090C000C812C2F20022002342F820300020002201
:1090D0000A607047D4D4D4D470B582B04FF07041D8
:1090E000EFF3038001EB006141F6C8128815C2F26C
:1090F00000223C234CF200341058C4F200040D1638
:10910000427903EA92031A44C323C0F2400363F393
:109110001F2249F60053CFF6FF73D25C02F003061C
:10912000032E07D054F8251021F4803144F825107F
:1091300054F82510816829B14279C06800906846CA
:1091400001928847032E07D154F8250020F480307F
:1091500044F8250054F8250002B070BDD4D4D4D40E
:109160002DE9F04381B00D46097C044601220D290A
:109170005FEA9F9002FA01F1E16065602074287C4B
:1091800042F20001C4F2320100274FF0004801EB27
:109190000020A06068696061A869E06143F6107012
:1091A000A761C4F23200EE690260EFF3108982F326
:1091B0001088287C011F28FA00F006296FF0006152
:1091C00051EA30A043F21001C4F220010A681040B5
:1091D000086008681E20012101F0CEF889F310888C
:1091E0004FF42541A0684FF0060E0160A068C762E9
:1091F000A068C763A0688764287A2978A268C00538
:109200000329696808BF00F58030D0620139A06881
:10921000C0F81080A068C0F81480A068C0F818805A
:10922000A0684762A0688762A068B269C261A0684E
:10923000F2690262A0688166A06841666168D6F83A
:1092400050C0C969F64601F1300207E000BF00BF17
:1092500001370432BEF1010E00D112E091F848301E
:10926000FB40DB07F4D03B46042F08BF0323032F4A
:1092700008BF0423A06800EB83001368013BC364AC
:10928000E6E7287C0D2802D8A06800214164A06888
:1092900000218163A068C0F88810306D40B996F84D
:1092A000200096F82110400340EA41704CEA000C7F
:1092B00096F84800A16800284FF4A00008BF4FF4BA
:1092C000AA000864A068C0F834C041F6C81C96F82B
:1092D000540096F85510A268C2F2002C4901D36AD6
:1092E00041EA001003211843D062A0680123016302
:1092F000A0680363D4E90201C1604EF2001095F941
:1093000012704CF20031CEF20000C4F20001002FC6
:109310001AD46D7CC2192D0182F800534CF82740F5
:1093200051F8272022F4803241F8272051F82720D5
:109330007A0907F01F07BFF35F8F00EB8205BB4080
:10934000C5F8803140F8223096F92830002B1DD422
:1093500096F82220C7180125120187F800234CF83F
:10936000234051F8232022F4803241F8232051F881
:1093700023205A0903F01F03BFF35F8F00EB82071E
:1093800005FA03F3C7F8803140F8223096F9293006
:10939000002B1DD496F82320C7180125120187F849
:1093A00000234CF8234051F8232022F4803241F866
:1093B000232051F823205A0903F01F03BFF35F8FC6
:1093C00000EB820705FA03F3C7F8803140F822303A
:1093D00096F92A30002B1DD496F82420C7180125B1
:1093E000120187F800234CF8234051F8232022F47F
:1093F000803241F8232051F823205A0903F01F033B
:10940000BFF35F8F00EB820705FA03F3C7F88031E3
:1094100040F8223096F92B30002B1DD496F82520E9
:10942000C7180125120187F800234CF8234051F892
:10943000232022F4803241F8232051F823205A09B6
:1094400003F01F03BFF35F8F00EB820705FA03F3FE
:10945000C7F8803140F8223096F92C30002B1DD40B
:1094600096F82620C7180125120187F800234CF82A
:10947000234051F8232022F4803241F8232051F870
:1094800023205A0903F01F03BFF35F8F00EB82070D
:1094900005FA03F3C7F8803140F8223096F92D30F1
:1094A000002B1DD496F82720C718120187F8002337
:1094B0004CF82340012751F8232022F4803241F850
:1094C000232051F82310590903F01F03BFF35F8FC6
:1094D00000EB810207FA03F3C2F8803140F8213033
:1094E00045F254010020C0F24701216001B0BDE8FF
:1094F000F083D4D4D4D4D4D4D0E9021200204A606A
:109500007047D4D4D4D4D4D4D0E9021200208A60D5
:109510007047D4D4D4D4D4D4D0E902120020CA6085
:109520007047D4D4D4D4D4D480B5D0E9011EC9694D
:10953000D1E901C3CA6843F00043CEF8143042F0C9
:10954000004283689A614CF000438268136182682C
:109550000B695362826800204969916280BDD4D44E
:1095600081684FF000420A6181684A6181688A61BE
:10957000002281684A62816800208A627047D4D4E0
:109580008268013991668268D36ADB0703D151662C
:10959000D0E90201C16000207047D4D4D4D4D4D41F
:1095A00006207047D4D4D4D41346042A08BF03231A
:1095B000032AA1F1010108BF0423806800EB8302A4
:1095C0000020D1647047D4D48268526E01328A6020
:1095D0008068D0F82CC04EF22000C4F2010003686D
:1095E000808843EA000200F00F00120703F00F0228
:1095F00008D441F63023C2F200231B6803FA00F0BE
:10960000D0401EE070B500F0070E032541F630266D
:1096100005FA0EF44FF0010EC2F20026082838BFFA
:109620000EFA00F403F007001B0705FA00F0356896
:1096300005FB04F358BF0EFA02F0B3FBF0F0BDE8EF
:109640007040CCF3C352D0404860002001220A7021
:109650007047D4D4D4D4D4D48268D26A02F0010240
:109660000A7182680020926C0A607047D4D4D4D406
:10967000844641610020CCE906327047D4D4D4D46A
:10968000B0B543684EF2801E41F6C81CCEF2000E03
:1096900093F91210DB69C2F2002C00290ED44A099A
:1096A00001F01F04012505FA04F44EF82240BFF32F
:1096B0004F8FBFF36F8F00224CF8212093F92810B1
:1096C00000290ED44A0901F01F04012505FA04F40B
:1096D0004EF82240BFF34F8FBFF36F8F00224CF83C
:1096E000212093F9291000290ED44A0901F01F0402
:1096F000012505FA04F44EF82240BFF34F8FBFF363
:109700006F8F00224CF8212093F92A1000290ED4E3
:109710004A0901F01F04012505FA04F44EF822401D
:10972000BFF34F8FBFF36F8F00224CF8212093F9C6
:109730002B1000290ED44A0901F01F04012505FA57
:1097400004F44EF82240BFF34F8FBFF36F8F002217
:109750004CF8212093F92C1000290ED44A0901F06D
:109760001F04012505FA04F44EF82240BFF34F8F81
:10977000BFF36F8F00224CF8212093F92D100029A0
:109780000ED44A0901F01F03012404FA03F34EF832
:109790002230BFF34F8FBFF36F8F00224CF8212090
:1097A000D0E90212002303608A60816800204B63C5
:1097B000B0BDD4D4D4D4D4D410B584B04FF070415B
:1097C000EFF3038001EB00614CF2003E8A15C4F216
:1097D000000E41F6C81452F80E30C2F2002423F4F1
:1097E000803342F80E3052F80E30A4586268137875
:1097F000012B40F0AE80D4E902300916D2694EF256
:10980000802C98600023A068CEF2000C8364A068CE
:10981000C364A068036501235EF8210020F4803052
:109820004EF821005EF82100480901F01F01BFF346
:109830005F8F03FA01F14CF8201092F84830D807F6
:1098400017D092F92810002913D45EF821000123C3
:1098500020F480304EF821005EF82100480901F024
:109860001F01BFF35F8F03FA01F14CF8201092F84B
:109870004830980715D592F92910002911D45EF8BF
:109880002100012320F480304EF821005EF82100F1
:10989000BFF35F8F480901F01F0103FA01F14CF893
:1098A000201092F92A10002911D45EF8210001231A
:1098B00020F480304EF821005EF82100BFF35F8F66
:1098C000480901F01F0103FA01F14CF8201092F948
:1098D0002B10002911D45EF82100012320F48030E0
:1098E0004EF821005EF82100BFF35F8F480901F0B8
:1098F0001F0103FA01F14CF8201092F92C100029F5
:1099000011D45EF82100012320F480304EF82100AC
:109910005EF82100BFF35F8F480901F01F0103FAD1
:1099200001F14CF8201092F92D10002911D45EF8A5
:109930002100012220F480304EF821005EF8210041
:10994000BFF35F8F480901F01F0102FA01F14CF8E3
:1099500020106069A8B1A06930B10DF1040C90E845
:109960000E008CE80E0000E001A80021017181606A
:10997000E169016061698847A06910B101AB0ECB54
:109980000EC004B010BDD4D42DE9F04381B00D4613
:1099900049684560044608784AF20006C4F20006A9
:1099A0004FF000084FF0010906EB8010A060C86876
:1099B000E0604869606143F20000C4F81080C4F2BE
:1099C0002000EFF3108789F31088016821F48001EB
:1099D000016000681E20012100F0CEFC87F3108892
:1099E00086F8009886F810882046296800F0CCF8A0
:1099F00044F243110020C4F24D41216001B0BDE8A2
:109A0000F083D4D4D4D4D4D410B5044600F0BCF838
:109A1000A168002001220A7710BDD4D4D4D4D4D4B4
:109A200080B582B00191009241684CF2802CC4F262
:109A3000000C4FF0000E49680A784CF822E082686A
:109A400082F81CE00A7849894CF82210816881F874
:109A50001DE0019911B1019982681160009911B15D
:109A600000998268516081680A8AB2F5804F4FF090
:109A70000C0238BF08228B500122816800200A772F
:109A800002B080BDD4D4D4D48168002001220A77EA
:109A90007047D4D4D4D4D4D441684CF2802CC4F2CE
:109AA000000C002349680A784CF82230826813774A
:109AB0000A7849894CF82210816800204B7770475A
:109AC000826809010020013151777047D4D4D4D481
:109AD0008168002000224A777047D4D4D4D4D4D4EB
:109AE0004FF480628A604FF480320A608268138A81
:109AF000D2684A6000228068B2EB933F806880B2EF
:109B0000C86002D14FF6FF70886000207047D4D43F
:109B1000014640684CF2802C00224068C4F2000CE0
:109B200003784CF823208B681A77C368EBB1B0B583
:109B300090F901304EF28015CEF200054FF0010E83
:109B400003F01F0C5B090EFA0CF445F8234041F6B4
:109B5000C813BFF34F8FBFF36F8F90F90100C2F2AC
:109B6000002343F82020BDE8B04000200A60704781
:109B700006207047D4D4D4D403460020D9605A615B
:109B80007047D4D4D4D4D4D42DE9F04F81B04268F6
:109B90004CF28029C4F20009002752684CF2C0043C
:109BA000137849F8237083681F771378568949F82A
:109BB00023604FF0FF3683685F774FF440730D6882
:109BC0004FF4404703EA1553B1F80EC007EA1547B2
:109BD00006EB95763B44022E0DD84CEA0C47B1F8C3
:109BE0000CE0022E27F0FC2C09D04FF4805606EA38
:109BF0001526334303E043F400534FF0000EC668CC
:109C0000578904EA153B0097D6B14FF01C08AF0FF7
:109C1000AC024EF2001A58BF4FF0100892F90150F2
:109C2000022F9778CEF2000A88BF4FF01008002D5F
:109C30004FEA07170CD40AEB050686F8007311E00B
:109C40004FF00008B5F1404F2ED2002500274EE01E
:109C500074464EF6145E05F00F06CEF2000E06F8BE
:109C60000E70A64641F6C81709EB8506C2F200271A
:109C7000012447F82500D6F8807027F48037C6F80D
:109C80008070D6F880706F0905F01F05BFF35F8FF5
:109C90000AEB870604FA05F5C6F880514AF8275002
:109CA0000D68B5F1404FD0D3B1F80C9005F0406687
:109CB000CF89B6F1806F03D14BF4005BCA4601E057
:109CC000B2F808A005F44026B6F5802F08BF01279A
:109CD0004E68856807FB09F72E624AEA0A458E68D6
:109CE0008468C7EA074708BF4BF0200B66628668A6
:109CF000B5628668F7628768A7F814B08768009C29
:109D0000002C18BF43F001033B824B6887683B601F
:109D10008968836859608168C1F808C08168C1F8A2
:109D20000CE0816852688A61806880F8138001B015
:109D3000BDE8F08FD4D4D4D410B582B04FF07041C8
:109D4000EFF3038001EB00604CF200318015C4F2A8
:109D50000001425822F48032425041F6C812415864
:109D6000C2F200221458E1686069019001A8884796
:109D7000A068C16800291CBF0121017702B010BD95
:109D80004EF22401C4F201018878098801F00F0223
:109D9000A2F1080103293BD8DFE801F0022C101ED4
:109DA00040F22071C2F2002151F820004AF6AB21A6
:109DB000CAF6AA21A0FB0101480830E040F2207158
:109DC000C2F2002151F820004AF6AB21CAF6AA21BE
:109DD000A0FB0101C80822E040F22071C2F200217C
:109DE00051F820004AF6AB21CAF6AA21A0FB0101D6
:109DF000080914E040F22071C2F2002151F820005D
:109E00004AF6AB21CAF6AA21A0FB0101880806E0A8
:109E100040F22071C2F2002151F82000D04041F6FA
:109E20003021C2F2002108607047D4D4D4D4D4D4F5
:109E30002DE9F0470FF278404EF2FA3840F22076E2
:109E4000C4F201084AF2015190ED001FC2F200264F
:109E50000FF26C40CFF6FF714EF255050231A8F8B3
:109E6000001086ED001F06F12003C4F2010590EDFD
:109E7000001F44F2553040F2AA21C1F2DE3043F611
:109E8000000286ED041FC0F6E571C1F69C4207C3CF
:109E900015F82F0C35F8311C01F00F02A2F1080162
:109EA00003292BD8DFE801F002200C164AF6AB217B
:109EB00056F82000CAF6AA21A0FB0101480820E0BC
:109EC0004AF6AB2156F82000CAF6AA21A0FB0101F0
:109ED000C80816E04AF6AB2156F82000CAF6AA21B7
:109EE000A0FB010108090CE04AF6AB2156F820005E
:109EF000CAF6AA21A0FB0101880802E056F820005A
:109F0000D04041F6302A4EF60044C2F2002AC4F294
:109F100001040A214EF60147CAF800004FF65060CE
:109F2000CFF6FF70C4F201072154092085F84D00D7
:109F3000207818B93878800700F0B081207850B9BF
:109F400001202070C820012100F016FA00BF00BFD8
:109F500020780128FCD10020387020704AF2015985
:109F6000002005F8230C00BF15F8190C0007FBD5DD
:109F700042F602314EF61450C0F20101C5F87310DA
:109F800040F2834125F8071C002205F80B2C4FF600
:109F90000211C5F8571040F2415125F8091CCEF2C4
:109FA00000004EF20001BFF34F8FBFF36F8F0368C5
:109FB000CEF2010123F400330360C0F83C22BFF36A
:109FC0004F8FBFF36F8F0A6822F440520A60BFF3CD
:109FD0004F8FBFF36F8F15F8412C02F0F80201325A
:109FE00005F8412C00BF00BF15F8412CD206FBD468
:109FF0000A6842F440520A60BFF34F8FBFF36F8F7D
:10A000000168890312D4BFF34F8FBFF36F8F002114
:10A01000C0F83C12BFF34F8FBFF36F8F016841F45C
:10A0200000310160BFF34F8FBFF36F8F002005F841
:10A030002B0C00BF00BF00BF15F8190C8006FBD524
:10A040004CF200040020C4F2130420702078207821
:10A0500020786068FA2807D0FA20C1F6006000BFB7
:10A0600060606168FA29FBD1A0687D2808D07D2056
:10A07000CEF2001000BF00BFA060A1687D29FBD117
:10A0800043F23240C3F2232045F8350C42F220104F
:10A0900025F8310C052005F82F0C15F82F0C35F894
:10A0A000311C01F00F02A2F1080103292BD8DFE8CF
:10A0B00001F002200C164AF6AB2156F82000CAF631
:10A0C000AA21A0FB0101480820E04AF6AB2156F87E
:10A0D0002000CAF6AA21A0FB0101C80816E04AF632
:10A0E000AB2156F82000CAF6AA21A0FB01010809FD
:10A0F0000CE04AF6AB2156F82000CAF6AA21A0FBD4
:10A100000101880802E056F82000D040CAF800009B
:10A110001E200121012700F02FF960686FF39F20B6
:10A12000652828BF277015F82F0C35F8311C01F071
:10A130000F02A2F1080103292BD8DFE801F0022069
:10A140000C164AF6AB2156F82000CAF6AA21A0FB4D
:10A150000101480820E04AF6AB2156F82000CAF673
:10A16000AA21A0FB0101C80816E04AF6AB2156F867
:10A170002000CAF6AA21A0FB010108090CE04AF65A
:10A18000AB2156F82000CAF6AA21A0FB01018808DD
:10A1900002E056F82000D04042F20001CAF8000068
:10A1A000C4F200010120A1F80090BFF35F8F087294
:10A1B0004FF42540BFF35F8F088095F8850040F08D
:10A1C000400085F8850000BF95F98500B0F1FF3F9C
:10A1D000FADC052085F87F00C72085F8850095F812
:10A1E000850000F0BF0085F8850000BF00BF00BFFC
:10A1F00095F985000028FBD4012005F8020CE87FC2
:10A2000040F04000E87700BF95F91F00B0F1FF3F34
:10A21000FADC0720E8754A20E8770A20E87700BFD3
:10A2200095F91F000028FBD4287840F040002870E2
:10A2300095F90000B0F1FF3FFADC022005F8010CAF
:10A24000CA202870287800F0BF00287000BF00BF27
:10A2500095F900000028FBD495F8220040F040005A
:10A2600085F8220000BF00BF95F92200B0F1FF3F42
:10A27000FADC0420A876CA2085F8220095F822008E
:10A2800000F0BF0085F8220095F922000028FBD4D9
:10A290004FF42540A8F80000BDE8F0874FF47A702D
:10A2A00000F016F85AE600BF00BF00BF00BF00BFB5
:10A2B000006CDC0200127A000080000000366E01A3
:10A2C0000080000000CA9A3B0046C3230084D717D1
:10A2D0007047D4D4D4D4D4D440F22071C2F2002137
:10A2E00051F820007047D4D4B0B542F22404C820FD
:10A2F000C4F2200401210025257100F03DF82570ED
:10A30000207808B12FF005C0207840F002002070BE
:10A3100020788007FCD4002004F8020C00BF00BFA6
:10A3200014F8020C08B12FF005C84FF0030E0020FE
:10A3300004F11C0100BF00BF11F8102002F07F02E1
:10A3400001F8102000BF00BF11F91020002AFBD433
:10A3500001300FF00FC8012000F0C2F84EF64C415A
:10A360000120C4F2010100220A70BDE8B04000F0F3
:10A370008BB8D4D4D4D4D4D441F6302241F20023C3
:10A38000C2F20022C0F27A03484312689A420FD305
:10A3900044F23F21C0F20F0111444DF68362C4F232
:10A3A0001B32A1FB0212910CA0FB0101C9B11DE0FF
:10A3B0004CF60021C3F69A31B1FBF2F148F638129F
:10A3C000C0F24102904205D24FF47A725043B0FB82
:10A3D000F1F006E0B0FBF1F0904207D24FF47A7151
:10A3E0004843002808BF704700F006B84FF0FF3020
:10A3F00000F002B8D4D4D4D401380028FCD170477E
:10A40000F0B581B04CF2201541F67017C4F200058A
:10A410000024C2F2002755F8200C296801EA000642
:10A4200006E000BF00BF00BF01340437152C09D07F
:10A4300026FA04F0C007F7D039680029F4D0204686
:10A440008847F1E745F8106C28683042FCD101B02C
:10A45000F0BDD4D4D4D4D4D480B54FF0170E4CF280
:10A4600000304DF6C421C4F20000C0F2002100BF4C
:10A4700031F8022B002A18BF026004300FF009C027
:10A4800080BDD4D4D4D4D4D4EFF31081012282F38C
:10A49000108841F62422C2F2002232F8103023B193
:10A4A00032F81030013B22F8103032F8102012B18F
:10A4B00081F3108870474EF2FA324DF6BC6CC4F24C
:10A4C0000102C0F2002C13883CF8100043F425432D
:10A4D00023EA0000108081F310887047D4D4D4D4CC
:10A4E00010B5EFF31081012282F3108841F6242287
:10A4F000C2F2002232F8103083B94EF2FA3E4DF625
:10A50000BC6CC4F2010EC0F2002CBEF800403CF856
:10A510001030234343F42543AEF8003032F81030B6
:10A52000013322F8103081F3108810BDD4D4D4D474
:10A5300000F00AF8F7F7F4FAFEE7D4D4D4D4D4D470
:10A5400000BE7047D4D4D4D42DE9F04381B04EF688
:10A55000085840F20120CEF20008C0F20E004EF280
:10A560000004C8F80C00CEF20104BFF34F8FBFF314
:10A570006F8F58F8081CC1F3035001285FEA1F923F
:10A5800011F00F0F5FEA0F911142216811D10228DB
:10A590000FD241F0040020604EF20800BFF34F8F4D
:10A5A000CEF20000BFF36F8F016841F4803101608B
:10A5B00002E021F004002060BFF34F8FBFF36F8FE4
:10A5C0004FF4700040F20001C8F880000020C0F293
:10A5D0000021C8F80010F7F74FF9FFF729FC4EF2F9
:10A5E000FA304AF20251C4F20100022201804EF612
:10A5F000B021C4F201010A704FF42541018001200D
:10A60000F7F73AF940F22030C2F2002080F30A88CE
:10A610002068800724D5D8F80000B0F1007F1FD152
:10A6200020694FF40071C0F3C300626901FA00F3BE
:10A63000C2F3C30081400020DA08CB080146074678
:10A6400042F007C000BF00BFE7E802010FF005C0FD
:10A650004FF0005243F005C0E2E802010FF005C0E0
:10A660004DF69044C0F20024276897B160683E46DA
:10A67000051D05E000BF00BF013E05F10C0508D037
:10A6800068790028F8D155E90101091A00F0EDFABE
:10A69000F2E7D4F80890B9F1000F13D0E0684E4605
:10A6A00000F1080504E000BF013E05F1100509D0E6
:10A6B00068790028F8D155E902022968121A00F0D9
:10A6C000D9FAF1E7FFF75CFBFFF70EFE0320FFF777
:10A6D00007FF4FF00E0E40F63050C4F2400000214C
:10A6E00020F8041B0FF005C04EF210150320C4F231
:10A6F0000105FFF7C9FE0320FFF7F2FE44F2040054
:10A700000021C4F22000016041608160C16003202B
:10A71000FFF7BAFED5F8C802800714D42878A0B194
:10A720000120FFF7DDFE00BF95F9000010F1410F99
:10A73000FADC0020287000BF28783F28FCD80120D0
:10A74000FFF7A2FE01E0D5F8C802D5F8C80240071D
:10A7500015D42879A8B10120FFF7C2FE00BF00BFC1
:10A7600095F9040010F1410FFADC0020287100BFB8
:10A7700028793F28FCD80120FFF786FE01E0D5F8B4
:10A78000C8020220F7F778F8A7B160684FF4807626
:10A79000051D05E000BF00BF013F05F10C0509D014
:10A7A0006879B6EB002FF7D155E90101091A00F0DD
:10A7B0005CFAF1E7B9F1000F16D0E0684FF480754C
:10A7C00000F1080405E000BFB9F1010904F110042B
:10A7D0000AD06079B5EB002FF6D154E90202216866
:10A7E000121A00F047FAEFE741F63824C2F20024CB
:10A7F000204600F002FB204600F017FBBFF34F8F0E
:10A80000BFF36F8F0020C8F848024EF258204EF276
:10A810005C21C0F20020C0F20021BFF34F8F081A64
:10A82000BFF36F8F8410012C0BDB4EF25825C0F262
:10A83000002500BF00BF00BF55F8040B8047013C56
:10A84000FAD1FFF709FE002001B0BDE8F04300F0A7
:10A8500003B8D4D4D4D4D4D47047D4D450EA0102A9
:10A8600002BF9FED3B0A10EE100A704780EAE170CC
:10A8700081EAE172B0EBE17362EBE172B3FA83F06B
:10A880002030002A4FEAE17118BFB2FA82F027287F
:10A8900009D870B5262838D027280DD1520042EAB1
:10A8A000D3725B0031E0A0F1280203FA02F2B0F1AA
:10A8B000480358BF002235E0C0F1060600F11A0C2B
:10A8C000841F23FA06F502FA0CFE45EA0E0558BF6E
:10A8D00003FA04F503FA0CF458BF00242543C0F131
:10A8E00026045FEA0F9CC4F12005002E23FA04F32E
:10A8F00002FA05F543EA050358BF22FA06F322FAE5
:10A9000004F243EA0C0358BF0022C3F3800633432A
:10A91000013342F100025E01BDE8704004D49B089F
:10A9200043EA82723F2303E0DB0843EA427240239A
:10A93000181A6FF3DF5201F00041114441EAC05090
:10A9400000F17E5000EE100A10EE100A704700BFB2
:10A950000000000040B584B002AE009600F004F89C
:10A96000029A039B04B040BDB0B584B00D4602A965
:10A9700080EAE57000911C4682EAE37285EAE5719F
:10A98000B0EBE57061EBE57183EAE373B2EBE4727F
:10A9900063EBE47300F017F8DDE90223DDF820C073
:10A9A00083EAE57382EAE572B2EBE57263EBE57385
:10A9B000CCE90023E21782EAE57250405140801A48
:10A9C000914104B0B0BD2DE9F04F099D844681B19D
:10A9D000C2B14BB3B1FA81F7B3FA83F6F71B202F5C
:10A9E0004FD3002D18BFC5E900C100200021BDE8EC
:10A9F000F08FCBB30021002D64D00020C5E900C149
:10AA0000BDE8F08F002B60D0002861D05F1E3B4274
:10AA100000F08580B1FA81F7B3FA83F6F71B1F2F98
:10AA2000DFD207F1010C3CE0571E3A425DD0B1FA8B
:10AA300081F7B2FA82F6F71B07F1210CBCF1200F67
:10AA400024D0BCF11F0F79D8CCF1200620FA0CF7E6
:10AA500021FA0CF901FA06F5B0403D434FF0000A27
:10AA6000BCF1010F2CD07CE0B0FBF2FC002D1EBF2E
:10AA70000CFB12000021C5E9000100216046BDE881
:10AA8000F08F07F1010CBCF1200F0AD14FF0000943
:10AA90004FF0200C0D464FF0000ABCF1010F0FD013
:10AAA0005FE0C7F11F0720FA0CF621FA0CF901FA52
:10AAB00007F5B84035434FF0000ABCF1010F50D103
:10AAC00000248FE00020BDE8F08F6046BDE8F08FE5
:10AAD000B1FBF3FC002D1EBF0CFB13100021C5E9D8
:10AAE000001000216046BDE8F08F002D1EBF00233E
:10AAF0000740C5E90073012A0ED092FAA2F24F0076
:10AB0000B2FA82F202F01F03D140D8401F239343D0
:10AB100007FA03F343EA000C6046BDE8F08F002D0E
:10AB20001CBF07EA0100C5E900C093FAA3F0B0FA20
:10AB300080F021FA00F00021BDE8F08FACF1200791
:10AB4000CCF140044FF0000920FA07F601FA04F5B1
:10AB50002E4300FA04FA21FA07F53046BCF1010F42
:10AB6000AED02CF001070126023F4FF0000B06EBA0
:10AB7000570E4FEA490444EAD5746D0045EAD07592
:10AB80004000E743E943891843EB0708AF1A64EB39
:10AB90000306B8F1000F56EA448457EA458564007D
:10ABA00044EAD5746D0045EAD07540EADA70AE1A11
:10ABB0006FEA050164EB030789184FEA40006FEA6A
:10ABC0000401594157EA448956EA4585CC0F4BEABE
:10ABD0004A010027A34640EAD170490041EAD87AE9
:10ABE0000FF039C85FEACC711ED06F004FEA4901FF
:10ABF00047EAD07741EAD571B7EB020C4FEA400043
:10AC000061EB030EFD4352196FEA010653EB060296
:10AC100040EADA705EEA41895CEA4785D10F44EA8E
:10AC20004A0200270C4692464FEADA7141EA400098
:10AC300009994FEA4A02002918BFC1E9005940EAC0
:10AC4000070122F001002043BDE8F08F40B584B039
:10AC500002AE0096FFF7B7FE029A039B04B040BD18
:10AC60000B4611461A4600F07BB80A46002100F058
:10AC700077B8D4D4844641EA000313F0030349D1E2
:10AC8000403A23D30B6803604B6843608B68836052
:10AC9000CB68C3600B6903614B6943618B69836156
:10ACA000CB69C3610B6A03624B6A43628B6A83623E
:10ACB000CB6AC3620B6B03634B6B43638B6B836326
:10ACC000CB6BC36340304031403ADBD230320BD3E0
:10ACD0000B6803604B6843608B688360CB68C3601C
:10ACE00010301031103AF3D20C3205D351F8043B36
:10ACF00040F8043B043AF9D2043208D0D2071CBF12
:10AD000011F8013B00F8013B01D30B88038060463A
:10AD1000704700BF082A13D38B07B1D010F003038C
:10AD2000AED0C3F10403D21ADB071CBF11F8013BFC
:10AD300000F8013BA4D331F8023B20F8023B9FE727
:10AD4000043AD9D3013A11F8013B00F8013BF9D29A
:10AD50000B7803704B7843708B7883706046704734
:10AD600070B4840746D0541E002A41D0CDB20346A9
:10AD700002E0621EE4B3144603F8015B9A07F8D1BF
:10AD8000032C2ED9CDB245EA05250F2C45EA054501
:10AD900019D9264603F11002103E0F2E42F8105C1E
:10ADA00042F80C5C42F8085C42F8045C02F11002C4
:10ADB000F2D8A4F1100222F00F0204F00F041032B6
:10ADC000032C13440DD91E462246121F032A46F8AF
:10ADD000045BFAD8221F22F00302121D134404F070
:10ADE00003042CB1C9B21C4403F8011BA342FBD1DC
:10ADF00070BC704714460346C2E710B540F23231CA
:10AE000040F20002C0F20021C0F200020446FFF747
:10AE100031FF40F2000040F20001C0F20000C0F239
:10AE200000012044FFF721FF10BD40F20801C0F2ED
:10AE30000001401A41F63421C2F200210860704737
:10AE4000B0B58A7892070DD5C4B24A6820460D463F
:10AE50009047B0F1FF3F01DD2046B0BDA87840F03B
:10AE60000400A8704FF0FF342046B0BD83B080B519
:10AE700081B0844603A80EC04DF23C60C0F20020B1
:10AE8000006803AA6146009200F028F801B0BDE80E
:10AE9000804003B0704770B505464DF23C60C0F28B
:10AEA00000200468A078800714D56668287828B147
:10AEB0002146B04701350028F8D507E00A20214691
:10AEC000B047B0F1FF3FC4BF002070BDA07840F094
:10AED0000400A0704FF0FF3070BDD4D42DE9F04FC6
:10AEE00099B0814680781892800740F1B58518980E
:10AEF0000027D9F804808A46179011A8821D0C9269
:10AF0000421E053010920E900D91514611F8010B22
:10AF1000252803D08A4638B900F0A0BD9AF8015020
:10AF20000AF1020A252D06D14946C04701370028FB
:10AF3000EBD500F08BBD002200244FF0000C4FF049
:10AF4000000B04E01AF8015B002D00F02D811FFAC0
:10AF50008BF61F2E20D8A5F1200010281ED8DFE880
:10AF600010F015001D001D0018001D001D001D0023
:10AF700014001D001D001D0011001D00CC001D004F
:10AF80001D00C9004BF0020B00E0DBE74BF0040BA7
:10AF9000D8E74BF0100BD5E77F2E0DD8A5F1300088
:10AFA000092840D8402E80F0A0800CEB8C014BF09B
:10AFB000200B00EB410CC5E7A5F14C002E2800F258
:10AFC000F480DFE810F08F00F200F200F200F200EF
:10AFD000F200F200F200F200F200F200F200F200E1
:10AFE000F200F200F200F200F200F200F200F200D1
:10AFF000F200F200F200F200F200F200F200A4000F
:10B00000F2008F00F2009D00F200F200F200F20068
:10B01000F200F200F2002F00F200F200F200F20063
:10B02000F2002F008EE7A5F12400562800F2BD8023
:10B03000DFE810F08600BB00BB00BB00BB00BB001C
:10B040007400BB00BB00BB00A400BB00BB00BB0086
:10B05000BB00BB00BB00BB00BB00BB00BB00BB0018
:10B06000BB00BB00BB00BB00BB00BB00BB00BB0008
:10B07000BB00BB00BB00BB00BB00BB00BB00BB00F8
:10B08000BB00BB005800BB00BB00BB00BB00BB004B
:10B09000BB00BB00BB00BB00BB00BB00BB00BB00D8
:10B0A000BB00BB00BB00BB00BB00BB00BB00BB00C8
:10B0B000BB00BB00BB00BB00BB00BB006D00BB0006
:10B0C0005800BB006600BB00BB00BB00BB00BB0060
:10B0D000BB00BB005700BB00BB00BB00BB00BB00FC
:10B0E00057002FE74BF4207B2CE704EB840100EBA7
:10B0F000410427E74BF0010B24E74BF0080B21E755
:10B100000BF080004BEA800040F0800B1AE70BF454
:10B1100080704BEA400040F4807B13E7002A7FF404
:10B1200011AF17983F2E00F104011791006832D833
:10B13000B0F1FF3F32DD4BF0200B0022844601E7E7
:10B1400012B31898402E179017A90D986546CDF8A0
:10B150003C90C14690465CEA348200F083FC17982C
:10B16000402E4246C84600F1040117910068DDF800
:10B170003C9050EA358C54EA3084E3E63F2E00F2EE
:10B180006D844BF0400BDDE6624600244FF0000C6E
:10B190004FF0000BD6E600220446D3E64BF0280B16
:10B1A000C0F1000C0022CDE60025CDF83CC03AB13C
:10B1B000189817A917900D9800F054FCDDF83CC0C2
:10B1C000002C24EAE47E45F0200048BF2BF0400B21
:10B1D00061281CBFA0F16501022925D817996128B3
:10B1E00001F1070121F0070101F108021792A0EB1C
:10B1F000050291ED000B0A9244D15FEA4B6058BF03
:10B200004FF0FF3E11A8D2B27146764600F0C8FD5D
:10B21000451C4BF4C05B4FF0700C4FF0010EE8B2D0
:10B220008642D8BF461E5CE0A5F16301122900F2F8
:10B230000A8108230026DFE811F03501130006011A
:10B2400006010601060113000601060106010601BA
:10B25000060161015D01060106010D0106012E01D5
:10B260001FFA8BF15FEA0B6000F10C811798021D49
:10B2700017920068CA0540F10C81890554BF00B2DD
:10B2800040B206E15FEA4B6158BF4FF0060E6628F8
:10B2900009D065280FD14BF4805B76460EF1010191
:10B2A0000023652411E04BF4005B01226624112188
:10B2B000764673460AE05FEA0E61A0F10204714629
:10B2C00076464FF0000308BF0121002211A8C9B241
:10B2D000112928BF112100F093FF05464FF0020EFF
:10B2E000A446119B9DF84800A3F10A0111F1130F28
:10B2F00038BF4FF0020EA3F16401089111F1C70F9E
:10B3000038BF4FF0030E0F9CC1074FD15FEA8B711E
:10B310006FD41FFA8BF1202202EAC10211F0040F50
:10B320005FEA1F9110F00C0F45D11BF4405F0493AE
:10B33000CDE9062140F02B82012E4FF0010056EAA4
:10B3400080801FFA8BF12A0600F06D810E9BEAB215
:10B35000134413F8013C302B40F006826B1E1A0692
:10B3600021D02E460E9DDAB2154415F8015C302D21
:10B3700040F0F981B31E1A0615D00E9DDAB21544BD
:10B3800015F8015C302D40F0EE81F31E1A060AD04C
:10B390000E9DDAB2154415F8015C302D40F0E381C2
:10B3A000351F2A06D2D100250022DDE12D22002101
:10B3B00010F00C0FB9D000294FF0030050EA1090A4
:10B3C000844212DD0A9E0D465FEA0B7117D4041BFE
:10B3D000934620204946C047002800F137830137B3
:10B3E0000134F6D300245A460AE000240A9E49B1EB
:10B3F0000FE02B22002110F00C0FDCD195E7241A6E
:10B40000294631B910464946C047002800F11E833D
:10B4100001379DF848004DF2A051C0F2002100070D
:10B420004DF27B20C0F2002050EA51852878002898
:10B4300000F0F982801B4946C0B2C0470137013590
:10B440000028F3D502E3782840F09880C5F18803FE
:10B450002E4653E01798011D179100684DF22161A7
:10B46000C0F20021002851EA00855FEA4B6058BF16
:10B470004FF0FF3E2846714600F06AFEDDF83CC002
:10B48000064617E01798890500F18680011D17917F
:10B490000068C11788E04FF6EF700BEA000B0A2333
:10B4A00075262BE01798012611AD011D1791006834
:10B4B0008DF844005FEA0B700ED4B4450CD92020FF
:10B4C00049466446C047002800F1C082A4F1010C3F
:10B4D0000137B445F3D8B4463744ACEB0604002E2C
:10B4E00000F0A18215F8010B4946C047013E002833
:10B4F000F5D5ABE24BF0100B102378264FF6F97020
:10B500000BEA00025FEA0B600B960AD41798011D44
:10B5100017910668D1050AD5900554BFB6B2F6B2A8
:10B5200005E0179891050AD4011D179106680021BE
:10B5300056EA010008BF2BF0160278D10FE0073061
:10B54000154620F007000246416852F8086B179232
:10B550002A4656EA010008BF2BF0160267D10026E2
:10B560005FEA4B6062D50021012C60DA4FF6E9708A
:10B570000BEA00010B9D480637D467E025204946B9
:10B58000C047002800F1628228464946C04702377A
:10B5900000287FF5BAAC59E2073020F007010A46CF
:10B5A000496852F8080B179200295A46CDF82CE04A
:10B5B00048BF42F4806250EA010322D080EAE17081
:10B5C00081EAE173B0EBE17063EBE17111AC22F061
:10B5D00010060A23224600F06DFB3146061BDDF8FB
:10B5E0003CC0DDF82CE0480630D54FF6FE707645BD
:10B5F00000EA01002BDA002D08BF21F0110071468E
:10B6000026E05FEA4B604FF0000040F19E81002190
:10B61000012CDBDA4FF6EE70DDF83CC000EA0B00DF
:10B62000DDF82CE014E0002500229EE0002111ACA2
:10B63000304616467546224600F03CFB3146AE4683
:10B64000DDF83CC0061B0B9D4806CED408463146AB
:10B650001FFA80FBC0060AD440F206401BEA000F26
:10B660005FEA0F9044185FEA0B7009D526E0002DC1
:10B670004FF0010050EA009044185FEA0B701DD4AF
:10B680005FEACB7008D0B646644505DA06EB0C00DD
:10B69000A0EB040E644611E064450FDACDF82CE00F
:10B6A00020204946C047002800F1D0810F9801347E
:10B6B0000137A042F4D1DDF82CE004465FEACB600C
:10B6C0001BD440F206401BEA000F26D05FEA8B70C5
:10B6D00075464FF02B0058BF20205FEA4B5149467A
:10B6E00048BF2D20C047002800F1B0810137AE4689
:10B6F000F3467546B64514DC1CE030204946F34657
:10B70000C047002800F1A28135B328464946C0470A
:10B71000002800F19B810237DE46F3467546B645A8
:10B7200008DD30204946C047002800F18F81013DE7
:10B73000B542F6DC0F985E45A0EB040456EACB80D8
:10B740000744002E00F06F8110984946805DC04785
:10B75000013E0028F5D579E10137DE46F34675460E
:10B76000B645DEDCE6E71D46049BC90652EA508179
:10B7700013F1040F08DB834206DA4BF4005B8B42C3
:10B7800004DAD8430E1802E04E1E00E00026A3F5AE
:10B790007A711FFA8BF4099424055FEA8B400395B4
:10B7A000CDE9011C05940CD411F5FA6F70464FF0E9
:10B7B000050198BF0420002C58BF032101EB000CA9
:10B7C00003E023EAE37000F1010CDDF824B0002E61
:10B7D000079A4FF000050B96CBF3001182F001029F
:10B7E00051EA06900F9983186344CB1A53EAC58433
:10B7F0001BF0090F11D10A9E84B1604475461044B4
:10B80000441A20204946C047002800F11F81013713
:10B810000134F6D30024AE4600E00A9E0798CDF826
:10B8200000E00028069805D14946C047002800F1ED
:10B830000D810137059800280ED530204946C047B4
:10B84000002800F10381C6F178004946C0B2C04724
:10B85000002800F1FB800237099800070AD44CB198
:10B86000274430204946C047002800F1EF80013CC2
:10B87000F7D100240998800427D49DF8490049464F
:10B88000C047002800F1E2800B98012857DB2E20EA
:10B890004946C047002800F1D9800B98384400F190
:10B8A000020B0398C5B20020471CAF4202D20C998C
:10B8B000085C00E030204946C047002800F1C680FF
:10B8C0000B98B8423846EFD148E0049820EAE07679
:10B8D000851B0B98C0F1000B0398C0B20F90701C31
:10B8E00006D12E204946C047002800F1AF8001371D
:10B8F0003020002D04D40F998D42BCBF0E98405DBE
:10B9000049465E4506DDC04701350137013E002846
:10B91000E5D59BE0C047002800F198800999781C84
:10B92000C90640F19180002E40F08C802E204946BF
:10B93000C047B0F1FF3F40F38980023773E00998B8
:10B94000C00604D407F1010B08E000213EE62E20DA
:10B950004946C047002879D407F1020B02984946AE
:10B96000801BC0B2C047002870D4049E2B204946DB
:10B97000002E48BF2D20C047002E48BF7642002829
:10B9800064D4019810F5FA6F15D844F6D35049469F
:10B99000C1F26200A6FB0005302000EB9510C0B29A
:10B9A000C047002852D4A8094FF47A7100FB1162F5
:10B9B0000BF1030506E008980BF10205324610F181
:10B9C000C80F3BD848F21F504946C5F2EB10174646
:10B9D000A2FB0006302000EB5610C0B2C047002882
:10B9E00034D47009642100FB117201354CF6CD404E
:10B9F0004946CCF6CC401746A2FB0006302000EBAF
:10BA0000D600C0B2C047002820D4F008013500EBB2
:10BA10008000A7EB400202F130004946C0B2C047A7
:10BA2000002813D46F1C012CFFF66FAA2020494672
:10BA3000C0470137013C0028F5D507E000980228EF
:10BA4000D4D2E8E70746EEE70746ECE799F80200AC
:10BA500040F0040089F802004FF0FF37384619B073
:10BA6000BDE8F08F022AB8BF70472DE9F04F42F6CB
:10BA700089084FF0010CC0F2010804464FF0010E96
:10BA800003E05F789C1C252F29D1234613F8015B26
:10BA9000252D01D025B90AE16778A31C252F1DD1DA
:10BAA0001C4614F8015B252D01D025B9FFE05F7815
:10BAB0009C1C252F13D1234613F8015B252D01D0A3
:10BAC00025B9F4E06778A31C252F07D11C4614F88C
:10BAD000015B252DD5D0002DD7D1E8E01C464FF0D5
:10BAE000000A4FF00009002604E014F8017B002F43
:10BAF00000F0A980B346BAF11F0F0AD8A7F12005BC
:10BB0000102D09D80CFA05F515EA080F40F07C80D5
:10BB100002E0BAF17F0F0AD8A7F13005092D3ED80F
:10BB20000BEB8B034AF0200A05EB4306DDE7A7F198
:10BB30004C052E2D00F288805E46DFE815F0670088
:10BB400085008500850085008500850085008500CD
:10BB500085008500850085008500850085008500BD
:10BB600085008500850085008500850085008500AD
:10BB700085008500850077008500670085007000DE
:10BB800085008500850085008500850085002F00E3
:10BB9000850085008500850085002F00A5E7A7F1B9
:10BBA0002405562D00F250800026DFE805F0334DC5
:10BBB0004D4D4D4D324D4D4D324D4D4D4D4D4D4DEB
:10BBC0004D4D4D4D4D4D4D4D4D4D4D4D4D4D4D4DA5
:10BBD0004D4D4D4D4D4D2F4D4D4D4D4D4D4D4D4DB3
:10BBE0004D4D4D4D4D4D4D4D4D4D4D4D4D4D4D4D85
:10BBF0004D4D3F4D2F4D384D4D4D4D4D4D4D2C4DD7
:10BC00004D4D4D4D2C00FFE75E466EE74AF4207A1D
:10BC1000FAE76AE7B9F1000F0FD1D94665E70AF0F4
:10BC200080034AEA830343F0800AEDE70AF4807355
:10BC30004AEA430343F4807AE6E7F3457FF455AFDD
:10BC40006327F14600E00027B9F1000F2FD0F1453E
:10BC500024D147F02003612B1CBF653B022B05D884
:10BC60000B68073323F00703083313E0A7F16303DE
:10BC7000102B0AD8DFE803F00C09090909090909A2
:10BC800009090909090909090C005FEA0A6309D4CD
:10BC90000B6804330EF1010E04460B609645FFF667
:10BCA000F4AE04E00B685FEA8A54DAD4F1E7BDE849
:10BCB000F04F70472DE9F04703F01F069846914674
:10BCC0008A4605462846514632460023FEF7BEFF07
:10BCD000044600FB16500F46A0EB0801092888BF58
:10BCE00001F13700303089F80000A81B7AF100001C
:10BCF00049D32046394632460023FEF7A7FF0546C2
:10BD000000FB16408A46A0EB0801092888BF01F114
:10BD10003700303089F80100A01B77F1000036D3DE
:10BD20002846514632460023FEF790FF044600FBAA
:10BD300016500F46A0EB0801092888BF01F1370013
:10BD4000303089F80200A81B7AF1000023D3204686
:10BD5000394632460023FEF779FF054600FB1640C0
:10BD60008A46A0EB0801092888BF01F1370030306E
:10BD700089F8030009F10409A01B77F10000A1D2A2
:10BD80004846BDE8F08709F10100BDE8F08709F1F8
:10BD90000200BDE8F08709F103094846BDE8F087D5
:10BDA0002DE9F04F85B05AEC103B4FEADA77CAF331
:10BDB0000A566FF31F5A077153EA0A0408BF002E90
:10BDC0000ED040F2FF75AE423CD10421002C18BFCA
:10BDD0000821394401710021084605B0BDE8F08F03
:10BDE000002700234FF0000A0029076037D40D29EF
:10BDF00037D3190F00F1050B41EA0A110491190E0E
:10BE00004FEA1A5441EA0A210391190D4FEA1A46E2
:10BE100041EA0A310291190C4FEA1A3841EA0A4103
:10BE20000191190B41EA0A5C190A41EA0A6E1909E3
:10BE300041EA0A794FEA1A1103F00F034FEA1A2771
:10BE4000009180E04FF60247002ECFF6FF771CBF2F
:10BE5000A6F2FF370AF5801A00290760C7D500212E
:10BE600046E03326A6EB8105C5F1200613274FF0E7
:10BE7000020CA7EB81072CFA06F401264FF0000E06
:10BE8000002F58BF0CFA07F458BF06FA07FE06FA4F
:10BE900005F60CFA05F558BF002658BF0025D5F168
:10BEA00000094FF0000868EB040C013D64F1000448
:10BEB0001D4004EA0A04751B7EEB040411D38C00B8
:10BEC000C4F13405D4F1140423FA05F7C5F12005B3
:10BED0000AFA05F545EA070558BF2AFA04F5EC0702
:10BEE00002D09B194AEB0E0A03EA09030AEA0C0A7C
:10BEF0001F0947EA0A791F0F1D0B47EA0A17049723
:10BF00001F0E45EA0A5C47EA0A2703971F0D1D0A20
:10BF100047EA0A3702971F0C45EA0A6E47EA0A47C2
:10BF200000F1050B13F00F0301974FEA1A174FEAC0
:10BF30001A544FEA1A464FEA1A384FEA1A25009760
:10BF400000F0B4802F46991A092B88BF01F127030E
:10BF500003F13001817409F00F030D219D1A092BA3
:10BF600088BF05F127030C2903F13003437498BF00
:10BF70000C210EF00F039D1A092B88BF05F1270332
:10BF80000B2903F13003037498BF0B210CF00F034E
:10BF90009D1A092B88BF05F127030A2903F13003F5
:10BFA000C37398BF0A21019B3D4603F00F039F1AFC
:10BFB000092B88BF07F12703092903F13003837395
:10BFC00098BF0921029B03F00F039F1A092B88BF1A
:10BFD00007F12703082903F13003437398BF0821B1
:10BFE000039B03F00F039F1A092B88BF07F1270358
:10BFF000072903F13003037398BF0721049B03F063
:10C000000F039F1A092B88BF07F12703062903F1A5
:10C010003003C37298BF06210AF00F039F1A092B41
:10C0200088BF07F12703052903F13003837298BF06
:10C030000521009B03F00F039F1A092B88BF07F10E
:10C040002703042903F13003437298BF042105F04C
:10C050000F039F1A092B88BF07F12703032903F158
:10C060003003037298BF032108F00F039F1A092BB6
:10C0700088BF07F12703022903F13003C37106F0DB
:10C080000F0398BF02219A1A092B88BF02F12703D8
:10C0900003F130028271012998BF012104F13000BF
:10C0A0008BF80000084605B0BDE8F08F19F00F03CB
:10C0B00048D10C2946D21EF00F0345D10B2943D29B
:10C0C0001CF00F0342D10A2940D2019B13F00F0349
:10C0D0007FF46DAF0929BFF46AAF029B13F00F0321
:10C0E0007FF473AF0829BFF470AF039B13F00F0305
:10C0F0007FF479AF0729BFF476AF049B13F00F03E9
:10C100007FF47FAF0629BFF47CAF1AF00F037FF4F2
:10C1100085AF0529BFF482AF17F00F038CD1042936
:10C120008AD215F00F0394D1032992D218F00F038D
:10C130009CD102299AD206F00F0353EA0107A2D13B
:10C140000021ABE72F4609E72F4614E72F461FE7EC
:10C15000844639B370B500EB010C4B1EA1F1020E01
:10C16000CC1E0022855C85B1934219D085186E786B
:10C1700076B1964514D0AE786EB1944210D0EE7878
:10C1800066B104329142EDD10AE000EB020C07E007
:10C1900005F1010C04E005F1020C01E005F1030CCE
:10C1A000BDE87040ACEB00007047B0B588B00C46FD
:10C1B0004CF2F111C0F20021002501914FF4003141
:10C1C00000910119CDE90655002C0490CDE90255E6
:10C1D00018BF481E48BF00200590114668461A4601
:10C1E000FEF77CFE002C1CBF04990D7008B0B0BD9A
:10C1F000D1E904239A421EBF531C0B611070704793
:10C200002DE9F04FA1B056EC108BB246C6F30A549C
:10C210006FF31F5AF50F58EA0A0708BF002C0ED01B
:10C2200040F2FF76B44215D10821002F08BF042147
:10C23000002429440171204621B0BDE8F08FA91CDB
:10C24000017130210124417100210160204621B09B
:10C25000BDE8F08FA4F23549002CCDE9062308F0A3
:10C2600001060495CDE9081006BF4FF6CC39CFF68C
:10C27000FF790AF5801A4FEA8A0242EA9870002F85
:10C2800015905FEA0F90022C5FEA2F91B9F1000F31
:10C2900040EA01074FEA880014900596139749D4A5
:10C2A000484600F021FD0546B9F1030F88BF013D66
:10C2B000284600F027FD0DF1580B04462846594644
:10C2C00000F00BFE1AA81CA95A460297CDE90010EF
:10C2D000A5EB09002044514600F17C034046AB46E3
:10C2E00000F031FC8246152D5FD8149F4CF6CD46E8
:10C2F000159D1EA8CCF6CC460C4600903846294623
:10C3000032464FF0CC3300F072FEDDE91E018208A8
:10C3100042EA817120F0030008444042F8426AD1A9
:10C320003846294600F0F7FC58455FEA3F901290E6
:10C33000002087E0C9F1000B584600F0DCFC044601
:10C3400019F1010018BF013CABEB040B584600F09B
:10C35000D9FC16A9054658468B4600F03BFD1AA8A5
:10C360001CA95A460297CDE90010601B00F17D031D
:10C370004046514600F0E7FB04EB090B8246012CD6
:10C380001BD8089B002E069D4CF6CD46CCF6CC461D
:10C3900008D0DDE91C0201381C9062F100001D90FC
:10C3A000002013900120129050E04CF6CD46002062
:10C3B000CDE91200CCF6CC4646E0089B4CF6CD46C3
:10C3C000069DCCF6CC463E2C25D84FF0FF30B4F17C
:10C3D000200200FA04F758BF0027149C58BF904071
:10C3E000159A24EA070722EA000038435FEA1F9003
:10C3F0001290002011E0059888B91398C043C01925
:10C4000065F1000100F087FC58455FEA3F9013900A
:10C410000020129017E000201290139016E047F0D1
:10C420000200294600F077FCDDE91C124B1E62F188
:10C430000005584553EA21801C9055EA22801D9042
:10C440000020129013902146089B069D002D0C930E
:10C450004AD0BAF10A0071F1000001D2012037E0A0
:10C4600000274FF00A0C02204FF064094FF47A784D
:10C4700042F2107E0A22A2FB0C4507EB870305EB74
:10C480004303BAEB040471EB030320D3A2FB09348A
:10C4900007FB0944BAEB030371EB040314D3A2FBBB
:10C4A000083407FB0844BAEB030371EB04030DD314
:10C4B000A2FB0E23043007FB0E37BAEB020371EB2D
:10C4C0000703D8D2013802E0013000E00230089BB7
:10C4D000079A0BEB02073844B0EBD27FB8BFD00FFE
:10C4E000834253EAB0800C90CDF80CB00DF1680B8C
:10C4F0001D9C16AD9BE8000B002015911490119027
:10C500000B902FE01599504632464FF0CC3316ADC4
:10C510004FEADB04009500F06AFD1498BB461299BF
:10C5200010F0FF0FDDE916235FEA1F90014008EBD2
:10C5300088001291404210994942B1EB400F139983
:10C540005FEA1F9001401391D00840EA437101EB6C
:10C550008000AAEB4000149011988A460130119097
:10C56000D80815905846214632464FF0CC330095F6
:10C57000CDF834B00E9400F03AFD404649463246BC
:10C580004FF0CC33DDE9164B0095CDE90F9800F064
:10C590002EFDDDE91601E20842EA4B774FEAD109A8
:10C5A000C00840EA4178B8EB070079EBDB00A9D37B
:10C5B0001599BAF10A0071F1000001D201203BE0A7
:10C5C0000A9700250A2202204FF00A0C64274FF434
:10C5D0007A7EA2FB0C3605EB850406EB4406BAEB2B
:10C5E000030371EB060322D3A2FB073605FB0766A4
:10C5F000BAEB030371EB060316D3A2FB0E3605FB61
:10C600000E66BAEB030371EB06030FD342F210740C
:10C610000430A2FB042305FB0435BAEB020371EBE3
:10C620000503D6D2013802E0013000E002300A9F53
:10C630004CF6CD46CCF6CC460C9A4AEA010313439D
:10C640005FEA1F93904203DD13B901200B905AE774
:10C650001398C00771D0DDF8408032460F994FF033
:10C66000CC3316AD0095404600F0C1FCDDE9161054
:10C67000C8F10003DDF848B0CA0842EA407404EB90
:10C6800082025242B3EB420F5FD1C208DDF8449000
:10C69000DDF850C0DDE90D01904632464FF0CC3355
:10C6A000CDF850C0009500F0A2FC159932461698BE
:10C6B0004FF0CC3312905046179F009500F097FC36
:10C6C0004CF6CD4216A8009020464146CCF6CC420E
:10C6D0004FF0CC33DDE91665CDF83C8000F087FCE7
:10C6E000F10841EA457E14980EEB8101A046ED0861
:10C6F00010F0FF0FAAEB410C5FEA1F90DDE9161264
:10C700000BEA000B12984CF6CD461595CB0843EA80
:10C710004274C00804EB830340EA47705B4209F1AE
:10C72000010916ADF908C8F10007CCF6CC46D208CD
:10C73000F246B7EB430FAFD00CE00DF1400BD646FD
:10C74000DDF850C09BE8000B04E0D646DDF84490CD
:10C75000DDF850C0159A8EEA08010F981346424042
:10C7600011430B9A5FEA0F911143CA0705990029FB
:10C770005FEA1F91002A04BF139A11EA02010ED04A
:10C780005FFA8CF105295FEA0F92042962EA0B0235
:10C790005FEA9F9142EA0E0202EA010C01E04FF0CB
:10C7A000010C039809EB00051EEB0C0043F100019E
:10C7B000B0F10A0271F1000201D2012338E0AE4665
:10C7C00000264FF00A0802234FF0640B4FF47A7AE8
:10C7D00042F210790A25A5FB087206EB860402EBEB
:10C7E0004402C41B71EB02021DD3A5FB0B2406FB04
:10C7F0000B44821A71EB040212D3A5FB0A2406FB38
:10C800000A44821A71EB04020CD3A5FB09520433CB
:10C8100006FB0926421B71EB0602DCD2013B02E05B
:10C82000013300E002334CF6CD467546CCF6CC46DB
:10C830000C9A93425FEADC82012A079A3AD1069F5A
:10C840004FB12A441A44012AD8BF0122089F9742B7
:10C8500057EAB2820C920C9A93422BDD05304CF6CB
:10C86000CD4741F10001CCF6CC474008013B40EAFE
:10C87000C170013510EB51024FEA510142F1000243
:10C88000A2FB077626F0030707EB96074FF0CC369E
:10C89000D21B821A4CF6CD40CCF6CC4061F100019F
:10C8A000A2FB000702FB06724CF6CD46CCF6CC4646
:10C8B00001FB06210C9A934253EAB2822BB214B2C6
:10C8C0002344A3F10108012CC0F2348102F00303D8
:10C8D000099ACDF84880042C02F1050911931494AB
:10C8E00002D24FF0000AA9E0E31A2244149C02F19C
:10C8F00004084FF0000A13936422002383460F4676
:10C90000FEF7A4F9420800F0010042EAC17212EBFE
:10C91000510141F10001A1FB062323F0030202EBC8
:10C9200093020023891A4FF47A7240EA4100394693
:10C9300040F0300015905846FEF788F942084CF652
:10C94000CD4642EAC172CCF6CC4612EB510100F062
:10C95000010041F100024FEA5B0141EAC77111EBAE
:10C96000570343F10003A3FB066525F0030606EB1E
:10C9700095069B1B6FF00206CB1A4CF6CD41CCF608
:10C98000CC41A3FB011C01EB8105ABEB450545F058
:10C99000300508F804598AEA0605159E254409F869
:10C9A00005604CF6CD46CCF6CC46A2FB065626F0EA
:10C9B000030505EB9606A2EB06024CF6CD46CCF637
:10C9C000CC4640EA42006FF0030282EA0A0240F0DD
:10C9D0003000224409F802004FF0CC304FEA5702F1
:10C9E00003FB00C062F1000202FB06004A0801F0EE
:10C9F000010142EAC07212EB500040F10000A0FBBE
:10CA0000062323F0030202EB93020023801A42F272
:10CA1000107241EA40006FF0010181EA0A0140F022
:10CA20003000214409F8010058463946FEF70EF956
:10CA30000AF1040A139A52457FF45EAFDDF844E030
:10CA4000DDF84880149CBEF1000F73D042084CF60C
:10CA5000CD4742EAC172CCF6CC4712EB51036FEAE4
:10CA60000A0543F100032544A3FB077626F00307DC
:10CA700007EB96074E08DB1BD31A4CF6CD42CCF6DB
:10CA8000CC4266F1000CA3FB0227BEF1010F02EBC2
:10CA90008206A0EB460646F0300609F8056049D04C
:10CAA0004FF0CC364CF6CD4503FB06734CF6CD4724
:10CAB000CCF6CC47CCF6CC450CFB0733570802F03C
:10CAC000010247EAC37717EB53034CF6CD4743F116
:10CAD0000003CCF6CC47BEF1020FA3FB077626F08D
:10CAE000030707EB9607A3EB070342EA4302A4EB15
:10CAF0000A0303EB090642F0300206F8022C19D0B3
:10CB000064220023FEF7A2F8420800F0010042EA86
:10CB1000C17212EB510141F10001A1FB052323F089
:10CB2000030202EB9302891A40EA410040F0300010
:10CB300006F8030C099804990171C0F8008020469A
:10CB400021B0BDE8F08F2DE9F04F8BB0490041EAEC
:10CB5000D07405931646D2E90023450028462146A5
:10CB600008AF009700F043FAD6E90223834606A8EF
:10CB70008946009028462146DDE9087A00F037FA18
:10CB800010EB0708DDE906234AEB010ADDE908019D
:10CB9000571C059C43F10005B8EB00007AEB01003F
:10CBA000A4F1410455EA338357EA328296E88300C0
:10CBB00017EB0807F568049445EB0A0510EB0B002A
:10CBC00059EB0100009457F10000CDE9062345F12F
:10CBD0000001571C43F10005B0EB080471EB0A0497
:10CBE000CDF80CB055EA338357EA3282CDF808907D
:10CBF00000F01BFADDE91429169BC2E9000143B3DA
:10CC0000D6E900C1D6E902560398B8EB0505DDE97F
:10CC100006236AEB06066C1E66F10007B0EB0C00FB
:10CC20000298DDF810B08841CDF800B054EA3580A4
:10CC300057EA3681571E63F10006B8EB00057AEB20
:10CC4000010557EA328256EA338300F0EEF95F4677
:10CC50003EE0DDE906204FEA4804D6E900EC019009
:10CC60000598D6E90276A0F14005029800954FEAB2
:10CC70004A05039945EAD87544EAD0744300E71B96
:10CC800065EB0606B7F1010B43EAD17366F10000CC
:10CC9000DEEB410173EB0C0150EA36815BEA378031
:10CCA000B4EB0803019F75EB0A035FEA2F937F0043
:10CCB00043EA420347EAD2775A1E67F10006241A74
:10CCC0008D4152EA338256EA378300F0AEF9049F71
:10CCD000DDE90623C9E9000140465146009700F00E
:10CCE000A4F90BB0BDE8F08F43F24141C0F201015D
:10CCF0004843800C704742F6FB61C0F20B01484389
:10CD0000000D704749F24F31C0F212014843012132
:10CD100001EBD04070472DE9F04F4CF6CD4E45F673
:10CD2000294442F6F50A47F6D50847F6916943F2D9
:10CD3000343B02460020CCF6CC4E4FF03333CCF2DD
:10CD40008F24C8F65C7AC2F2E968C3F6FB29C3F205
:10CD5000333BA2FB0E5C4FF0CC3702FB07C7D5F18B
:10CD6000333501FB0E7773EB07072ED3A2FB047557
:10CD700002FB0A55D7F1333701FB045573EB050766
:10CD800022D3A2FB087540F63106C1F6AC4602FB81
:10CD90000655D7F1333701FB085573EB050716D35A
:10CDA000A2FB09754CF67066CDF28826043002FBB2
:10CDB000065201FB0921B7EB0B0271F133323A46FF
:10CDC000C7D30138BDE8F08F0130BDE8F08F0230E5
:10CDD000BDE8F08F2DE9F04F87B005464EF64F4085
:10CDE000C4F6C4608B46A5FB0001C8081A2100FBED
:10CDF00001F64DF6C861C0F2002101EB0010B5420A
:10CE000009D190E80E00C0688BE80E00CBF80C004A
:10CE100007B0BDE8F08FD0E900924DF69871C0F2EE
:10CE200000210192D0E90223A81B51F8307001EBD8
:10CE3000C000446804A800903846214600F0D7F8A6
:10CE4000019B824602A888460090384621464A4601
:10CE500000F0CDF881460191DDE90201002210EBDE
:10CE60000A0758EB010842F10000012806D1DDE96C
:10CE700004010130049041F1000005902846FFF7BD
:10CE800041FF04463046FFF73DFF0199241A48460A
:10CE90003A464346009400F0C8F86FF003024EF2A1
:10CEA000680302EA9502C0F200239A581E2303EA9F
:10CEB0004503DA4002F003068019DDE9042341F15D
:10CEC0000001CBE9000138464146009400F0ADF87E
:10CED000CBE9020107B0BDE8F08F2DE9F04F87B034
:10CEE0008B464EF64F4105461930C4F6C461A0FB8F
:10CEF0000101C8081A2100FB01F64EF2C001C0F280
:10CF0000002101EB0010AE4209D190E80E00C0688C
:10CF10008BE80E00CBF80C0007B0BDE8F08FD0E92D
:10CF200000A24DF69871C0F200210192D0E90223CF
:10CF3000701B51F8307001EBC000446804A80090E9
:10CF40003846214600F053F8804602A80090BAF116
:10CF5000010201988946214660F10003384600F03D
:10CF600046F804468A46DDE90201002210EB080774
:10CF700051EB090842F10000012806D1DDE9040166
:10CF80000130049041F1000005903046FFF7BAFEF1
:10CF900006462846FFF7B6FE361A204651463A4660
:10CFA0004346009600F041F86FF003024EF2B013D2
:10CFB00002EA9502C0F200239A581E2303EA4503B1
:10CFC000DA4002F003054019DDE9042341F10001D4
:10CFD000013041F10001CBE900013846414600969D
:10CFE00000F023F8CBE9020107B0BDE8F08FF0B5FF
:10CFF000A2FB01CEA2FB0075A3FB011415EB0C05EF
:10D00000DDF814C051EB0E06294644F10004324607
:10D01000E3FB0012A3FB0003401956EB030044F1AD
:10D020000000CCE900203846F0BD10B5DDF808C09E
:10D03000CCF1400ECEF1200420FA0CF003FA0EF3EE
:10D0400022FA04F42343DCF1200458BF02FA04F36B
:10D0500002FA0EF201FA04F440EA040058BF00227A
:10D06000BCF1200458BF21FA04F021FA0CF158BF9A
:10D0700000211043194310BD426164206F70746930
:10D080006F6E0D0052323A2020307825303858002B
:10D090005553425F544553545F4259544553206998
:10D0A0007320746F6F20736D616C6C0D00525F495B
:10D0B00049435F4D41535445525F5772697465202F
:10D0C0006661696C65643A20307825580050535089
:10D0D0003A2020202030782530385800496E70756D
:10D0E00074203120746F20737461727420777269B8
:10D0F000746520737065656420746573740D0A49E6
:10D100006E707574203220746F2073746172742095
:10D110007265616420737065656420746573740D55
:10D12000004949435F526561644D656D6F727900D6
:10D13000436865636B6564204572726F723A20497B
:10D140006E737472756374696F6E204275732045D7
:10D1500072726F7200494E464F2020005343422D99
:10D160003E484653523A20307825303858005469AA
:10D170006D656F7574207768656E207761697420BE
:10D18000545800444542554720005053523A2030ED
:10D190007825303858000D0A3D3D3D3D3D3D3D3D33
:10D1A000204F7468657220526567697374657220D8
:10D1B0003D3D3D3D3D3D3D3D0052333A20203078E0
:10D1C00025303858000D0A3D3D3D3D3D3D3D3D3D3E
:10D1D00020534342205265676973746572203D3D58
:10D1E0003D3D3D3D3D3D3D004949435F57726974BA
:10D1F000650052656164207573696E672074696D9E
:10D20000653A20256C6C646D732C207370656564C1
:10D210003A20252E3266204B422F730D0A005761AB
:10D22000697420555342206174746163682061738E
:10D2300020612073696E6B2E2E2E0D005343422DFC
:10D240003E435346523A20307825303858005053E8
:10D25000504C494D3A203078253038580041626FA3
:10D260007274207768656E20776169742054580065
:10D270005B25642E253033645D2000696E6600579F
:10D2800041524E20200052303A202030782530384C
:10D2900058005231323A20307825303858004C52FC
:10D2A0003A20203078253038580050433A2020303A
:10D2B0007825303858005553422061747461636892
:10D2C00020616E6420617320612073696E6B0D00B4
:10D2D000556E737570706F7274206D656D5F6164EB
:10D2E00064723A202575000D0A00525F4949435F78
:10D2F0004D41535445525F52656164206661696CCB
:10D3000065643A2030782558001B5B324A1B5B4825
:10D310000053746172742072656164207370656576
:10D320006420746573740D00486172644661756CA5
:10D3300074206F636375727265642062792044455E
:10D3400042554700486172644661756C74206F6392
:10D35000637572726564206279206F7468657220EB
:10D36000657863657074696F6E20666F726365645B
:10D37000003D3D3D3D3D3D3D3D3D3D204D5350201B
:10D38000537461636B20203D3D3D3D3D3D3D3D3D42
:10D390003D00495053523A203078253038580043E8
:10D3A0006865636B6564204572726F723A204469E8
:10D3B00076696465204279205A65726F004368651A
:10D3C000636B6564204572726F723A20496E7661B4
:10D3D0006C696420537461746500436865636B65B0
:10D3E00064204572726F723A204E6F20436F7072E4
:10D3F0006F636573736F7200465350205665727386
:10D40000696F6E3A2025730D0A004552524F522023
:10D4100000436865636B6564204572726F723A20E1
:10D42000556E616C69676E656420416363657373F3
:10D43000005772697465207573696E672074696D31
:10D44000653A20256C6C646D732C2073706565647F
:10D450003A20252E3266204B422F730D0A0049498F
:10D4600043204F70656E3A202575005465726D69D2
:10D470006E616C00436865636B6564204572726F12
:10D48000723A20556E646566696E656420496E73F4
:10D490007472756374696F6E00506C65617365209A
:10D4A000696E7075742025752062797465732066C5
:10D4B000726F6D20555342207465726D696E616C98
:10D4C0000D0A003D3D3E200052313A2020307825A3
:10D4D0003038580053746172742077726974652013
:10D4E000737065656420746573740D004D53503A14
:10D4F0002020202030782530385800436865636B41
:10D500006564204572726F723A2050726563697368
:10D5100065206461746120627573206572726F7238
:10D5200000424641522069732076616C69643A205A
:10D530003078253038580D0A00362E342E30001B36
:10D540005B306D0055534220756E61747461636881
:10D550000D005343422D3E494353523A2030782523
:10D5600030385800436865636B6564204572726F9C
:10D57000723A20537461636B204F766572666C6FEC
:10D5800077004949435F496E69740054696D656F5E
:10D590007574207768656E20776169742052580031
:10D5A0006E616E004D53504C494D3A203078253015
:10D5B000385800546F74616C2062797465733A2036
:10D5C00025750D0A000D0A3D3D3D3D3D3D3D3D3D6E
:10D5D0003D3D3D3D3D3D20496E20486172644661C0
:10D5E000756C74203D3D3D3D3D3D3D3D3D3D3D3DEA
:10D5F0003D3D3D00436865636B6564204572726F15
:10D60000723A20496E76616C696420504300416231
:10D610006F7274207768656E207761697420525844
:10D6200000286E756C6C2900000000000000545446
:10D63000522052454747455300D4D4D40400002219
:10D640001400002230000022740000222600002274
:10D650006C0100220700000000D4D4D4180E16007C
:10D6600002010000491800020000000058D6000224
:10D67000800F00225CD60002FCDB00020100020FDA
:10D680000F00000000000000801A060000000000EB
:10D69000010C12131415000000000000000000002F
:10D6A000F11A0002000000007CD60002980F002250
:10D6B00084D60002DCDB0002000000000000000055
:10D6C000000000000000000000000000000000005A
:10D6D00000000000000000000000FFFFFFFFFFFF50
:10D6E000DFDFDFDFDFDF0000000000000000000000
:10D6F000000000000000000000000000000000002A
:10D700000000000000000000000000000000000019
:10D710000000000090D003000000000048E8010075
:10D72000000F11006118000200000000B8D60002CE
:10D73000D80F002210D7000210DC0002010C0300F9
:10D74000000000000100C102000000000000000015
:10D7500000000000880100223CD70002F80F0022E0
:10D7600054D7000244DC0002000B0300000000005C
:10D770000100C202B13800020000000000000000F9
:10D780009801002268D700021010002280D7000202
:10D7900044DC00020202018040D6000200000000CA
:10D7A0000405060708090A0C0C0C0C0C0C0C0000F4
:10D7B000000000000000000088D700025CD70002D3
:10D7C000000000002810002294D70002F8DA0002BE
:10D7D00000010000A80100220F00FFFF000000016F
:10D7E00001000000090200000C000C010C020C03F7
:10D7F00000000000000000002112000200000000F4
:10D80000D0D700024C100022E4D7000294DB0002C3
:10D81000040000000C000000040000000D000000E7
:10D820001040000008010000040C00000A01000084
:10D83000000C01150B010000000C010B0C01000095
:10D84000000C010B0D010000000C010B0E0100008B
:10D85000000C010B0F01000000400000000200005E
:10D860001040000001020000000001050802000055
:10D870000004010509020000000801000A0200007E
:10D88000000801000B020000000001000C02000073
:10D89000000001000D020000000001000E02000067
:10D8A000000001000F020000000C010B000300004B
:10D8B000000C010B01030000000C010B020300002F
:10D8C00010400000030300000000011407040000E2
:10D8D00000000114080400004004010709040000CE
:10D8E000400401070A0400000000011F0B040000AF
:10D8F000104000000C040000000C010B03050000A8
:10D90000000C010B04050000000C010B05050000D4
:10D91000000C010B06050000000C010B07050000C0
:10D92000000C010B08050000000C010B09050000AC
:10D93000000C010B0A050000000C011C020600008F
:10D94000000C011C03060000000C011C0406000072
:10D95000000C011C05060000000C011C060600005E
:10D96000000C011C07060000000C010B080600005B
:10D97000000C010B09060000000C010B0A06000058
:10D98000000C010B0B060000000C010B0C06000044
:10D99000000C010B0D060000000C010B0E06000030
:10D9A000050400000F060000000C010B0D0800002C
:10D9B000000001130E080000000001130F08000012
:10D9C000000C010B000A0000000C010B010A000012
:10D9D000000C010B020A0000000C010B030A0000FE
:10D9E000000C010B040A0000000C010B050A0000EA
:10D9F000000C010B060A0000000C010B080A0000D5
:10DA0000000C010B090A0000000C010B0A0A0000BF
:10DA1000000C010B0B0A0000000C010B0C0A0000AB
:10DA2000000C010B0D0A0000000C010B0E0A000097
:10DA30000008010B0F0A0000000C011C000C000084
:10DA4000000C011C010C0000000C011C020C000069
:10DA5000000C011C030C0000000C011C040C000055
:10DA60000004011C050C00000004011C060C000051
:10DA70000004011C070C00000004011C080C00003D
:10DA8000000C010B000D0000000C0115010D000041
:10DA9000000C0115020D0000000C0115030D000023
:10DAA000000C0115040D000000080115050D000013
:10DAB00010000115070D00005500000010D80002ED
:10DAC0000000000003030403050306039A009B0003
:10DAD00098009900C302C102C20240004100C40282
:10DAE000C502C602C70287019C009D009E009F00E0
:10DAF00019000000DE05DF05296E0002616F0002DB
:10DB0000B96F000251700002E970000261710002F9
:10DB100069710002717100027971000209720002DC
:10DB2000117200021972000221720002D172000209
:10DB3000B1730002097400022174000249740002EA
:10DB4000D974000249750002B9750002117600020D
:10DB50003976000261760002897600029176000231
:10DB6000A1760002A9760002B1760002E9760002F1
:10DB7000F97600020977000221770002060102030C
:10DB80000404040406000100020003000400040071
:10DB90000400040031770002197B0002297B000297
:10DBA000797B0002117C0002217C0002617C000272
:10DBB000717C0002617D0002717D0002797D0002AE
:10DBC000060000000800000003000000050000003F
:10DBD0000A000000020403040404D4D431840002C7
:10DBE000C1840002D1840002E18400021985000290
:10DBF000298500023985000251850002818F0002CB
:10DC00001190000259900002819000029190000250
:10DC100061910002F9940002099500021995000231
:10DC2000299500026195000281950002A1950002EC
:10DC3000A9950002C995000259960002719600024A
:10DC40008196000289990002099A0002219A000235
:10DC5000899A0002999A0002C19A0002D19A0002A0
:10DC6000E19A0002119B0002719B0002799B000265
:10DC700000000068000000680000008000000080D4
:10DC80000000007000000070A002002220030022AB
:10DC90000B000000A8DC0002190000002CDD0002CF
:10DCA0000400000070DC0002000000680000006852
:10DCB0000001000D00000068000000680001000D78
:10DCC00000000080000000800001000800000080CB
:10DCD00000000080000100080000007000000070DB
:10DCE0000001000A00000070000000700001000A3E
:10DCF00000000000000000000100000500000020FE
:10DD00000000002001000004200300222003002264
:10DD10000000000350070022381A00220000000310
:10DD2000381A0022381A00220000000300000068A0
:10DD300000000068000000900001090D000000686C
:10DD4000000000680000007800010B0D0000006872
:10DD500000000068000000270001020D00000068BC
:10DD6000000000689C0000020001010D000000801E
:10DD70000000008000000090000109080000008001
:10DD8000000000800000007800010B080000008007
:10DD90000000008000000027000102080000008051
:10DDA000000000809C0000020001010800000070DB
:10DDB00000000070000000900001090A00000070DF
:10DDC000000000700000007800010B0A00000070E5
:10DDD00000000070000000270001020A000000702F
:10DDE000000000709C0000020001010A0000000019
:10DDF0000000000000000090010109050000000083
:10DE0000000000000000007801010B050000000088
:10DE100000000000000000270100020500000000D3
:10DE2000000000009C00000201000105000000202D
:10DE30000000002000000090010109040000002003
:10DE4000000000200000007801010B040000002009
:10DE50000000002000000027010002040000002054
:10DE6000000000209C0000020100010400000022CC
:10DE700000000022000000900001090300000022C1
:10DE8000000000220000007800010B0300000022C7
:10DE90000000002200000027000002030000002212
:10DEA000960200229C00000200000103381A0022A2
:10DEB000381A0022320300020000010301000200B0
:10DEC000080010002000D4D4000000000000000072
:10DED0000000000000000010000000000000000032
:10DEE000B9340332B7F4AD1410DB1AB30892540EF0
:10DEF0000D307D951447BA1A66088F4D26ADC66D54
:10DF0000F598BF85E2B74511CA96853D92BD1DEBD8
:10DF1000FCA11860DCEF52163C92AE220BB8C1B4E3
:10DF2000839D2D5B0562DA1C304C7E8F4E8BB25B7D
:10DF300016F4529F8B56A512FBD4827643ED8AF0DD
:10DF40008FE7F9311565191850F19BD94A13EEB4D2
:10DF5000284CF0A686C1251F035FC270CB9E4916D0
:10DF6000E642889C44EB2014B0650836AD6EA5856A
:10DF700085F0CA14E2FD031A0B899979D5B13D09E0
:10DF8000D8DA973A35EBCF10AC363F5E73BB38CF5B
:10DF90003E6752FA44AFBA150100000000000000CD
:10DFA0000500000000000000190000000000000053
:10DFB0007D00000000000000710200000000000071
:10DFC000350C000000000000093D000000000000CA
:10DFD0002D31010000000000E1F505000000000007
:10DFE00065CD1D0000000000F90295000000000052
:10DFF000DD0EE90200000000514A8D0E0000000015
:10E000009573C24800000000E941CC6B010000009C
:10E010008D49FD1A07000000C16FF2862300000041
:10E02000C52EBCA2B1000000D9E9AC2D78030000D8
:10E030003D9160E45811000031D6E275BC560000F5
:10E04000F52E6E4DAEB10100C9EA2683677808004F
:10E05000ED95C28F055A2A00A1EDCCCE1BC2D3008C
:10E0600025A4000A8BCA2204000000000000000062
:10E0700000000000000000000000004095596959B0
:10E0800055555455155555560405154110545540D0
:10E090004551554440455044505555450040004079
:10E0A00040044496655556554540455451411540E8
:10E0B000559155555555405105010000D4D4D4D43F
:10E0C000010000000000000000000000000000202F
:10E0D000345065C05FC9A652BB13CBAEC440C21852
:10E0E00006C8DF7100D5A87CF56F0FDA58FC27133E
:10E0F0006E4756357D24206502C7E768E48CA41D71
:10E10000E9E60268D7CD39617977FCC2405BEF164A
:10E11000798CDE43FFA751F991F3B278F5BDBE11BA
:10E12000E857E9D6E8BEE87BB054AC8F848D751B08
:10E13000EA23A499E9F9D38BB7A3714061DA3E15BC
:10E14000CEE33ECB73F948088C97B427D51B7010EB
:10E15000A2BFEFB9EB8532154DB44DB49BBB6F191F
:10E1600096B6076CF8E7EEAD36D9B4F59135AE1337
:10E17000222218AF4E6A684D91DAAA3D4F40741EB4
:10E180009FBD9EE006A1C09857C2A7FDA40E9017A0
:10E190000E7D497173E3208FB220D87605143B12AF
:10E1A000853D7434811343B0AD297A5F27F4351C63
:10E1B00054455454455505040010041014044000FF
:10E1C0000000014055551541540400004400010071
:10E1D0000000004041000044504445505400555553
:10E1E0005455655100400040010000010005010048
:10E1F000115451515455550500154150000004402B
:10E20000100104050000000000000406362E342E24
:10E2100030004275696C7420776974682052656EAD
:10E220006573617320416476616E63656420466C3A
:10E23000657869626C6520536F66747761726520DA
:10E240005061636B6167652076657273696F6E20DC
:06E25000362E342E3000D2
:04E25800C1070002F8
:0200000402C92F
:04F04000FFFFFFFFD0
:04F04400EFFFFFFFDC
:04F0C000FFFFFFFD52
:04F0C400FFFFFFFF4C
:04F1200000000000EB
:04F1240000000000E7
:040000050200A5311F
:00000001FF
